subject,file,lineno,NOC,NOFF,NOO,experience-based,statistics-based,tuning machine
zulip,C:\Users\Zhifei Chen\Desktop\pysmell\subjects_for_metrics\zulip\analytics\views.py,40,62,2,15,0,0,0
zulip,C:\Users\Zhifei Chen\Desktop\pysmell\subjects_for_metrics\zulip\analytics\views.py,40,20,1,5,0,0,0
zulip,C:\Users\Zhifei Chen\Desktop\pysmell\subjects_for_metrics\zulip\analytics\views.py,80,43,1,11,0,0,0
zulip,C:\Users\Zhifei Chen\Desktop\pysmell\subjects_for_metrics\zulip\analytics\views.py,823,29,1,4,0,0,0
zulip,C:\Users\Zhifei Chen\Desktop\pysmell\subjects_for_metrics\zulip\analytics\management\commands\realm_stats.py,26,202,1,12,1,0,0
zulip,C:\Users\Zhifei Chen\Desktop\pysmell\subjects_for_metrics\zulip\analytics\management\commands\realm_stats.py,98,60,1,7,0,0,0
zulip,C:\Users\Zhifei Chen\Desktop\pysmell\subjects_for_metrics\zulip\analytics\management\commands\realm_stats.py,128,30,1,5,0,0,0
zulip,C:\Users\Zhifei Chen\Desktop\pysmell\subjects_for_metrics\zulip\analytics\management\commands\realm_stats.py,137,35,1,5,0,0,0
zulip,C:\Users\Zhifei Chen\Desktop\pysmell\subjects_for_metrics\zulip\analytics\management\commands\realm_stats.py,144,37,1,5,0,0,0
zulip,C:\Users\Zhifei Chen\Desktop\pysmell\subjects_for_metrics\zulip\analytics\management\commands\realm_stats.py,150,35,1,5,0,0,0
zulip,C:\Users\Zhifei Chen\Desktop\pysmell\subjects_for_metrics\zulip\api\setup.py,19,33,1,8,0,0,0
zulip,C:\Users\Zhifei Chen\Desktop\pysmell\subjects_for_metrics\zulip\api\integrations\hg\zulip-changegroup.py,81,37,1,3,0,0,0
zulip,C:\Users\Zhifei Chen\Desktop\pysmell\subjects_for_metrics\zulip\api\integrations\hg\zulip-changegroup.py,130,52,1,10,0,0,0
zulip,C:\Users\Zhifei Chen\Desktop\pysmell\subjects_for_metrics\zulip\api\integrations\hg\zulip-changegroup.py,137,52,1,10,0,0,0
zulip,C:\Users\Zhifei Chen\Desktop\pysmell\subjects_for_metrics\zulip\api\integrations\perforce\git_p4.py,362,29,1,5,0,0,0
zulip,C:\Users\Zhifei Chen\Desktop\pysmell\subjects_for_metrics\zulip\api\integrations\perforce\git_p4.py,766,43,2,9,0,0,0
zulip,C:\Users\Zhifei Chen\Desktop\pysmell\subjects_for_metrics\zulip\api\integrations\perforce\git_p4.py,940,44,1,7,0,0,0
zulip,C:\Users\Zhifei Chen\Desktop\pysmell\subjects_for_metrics\zulip\api\integrations\perforce\git_p4.py,1553,69,1,8,0,0,0
zulip,C:\Users\Zhifei Chen\Desktop\pysmell\subjects_for_metrics\zulip\api\integrations\perforce\git_p4.py,1842,67,2,11,0,0,0
zulip,C:\Users\Zhifei Chen\Desktop\pysmell\subjects_for_metrics\zulip\api\integrations\perforce\git_p4.py,1938,56,1,9,0,0,0
zulip,C:\Users\Zhifei Chen\Desktop\pysmell\subjects_for_metrics\zulip\api\integrations\perforce\git_p4.py,1945,52,2,8,0,0,0
zulip,C:\Users\Zhifei Chen\Desktop\pysmell\subjects_for_metrics\zulip\api\integrations\perforce\git_p4.py,1949,50,2,8,0,0,0
zulip,C:\Users\Zhifei Chen\Desktop\pysmell\subjects_for_metrics\zulip\api\integrations\perforce\git_p4.py,2008,50,2,8,0,0,0
zulip,C:\Users\Zhifei Chen\Desktop\pysmell\subjects_for_metrics\zulip\api\integrations\perforce\git_p4.py,2193,49,1,11,0,0,0
zulip,C:\Users\Zhifei Chen\Desktop\pysmell\subjects_for_metrics\zulip\api\integrations\perforce\git_p4.py,2252,59,2,10,0,0,0
zulip,C:\Users\Zhifei Chen\Desktop\pysmell\subjects_for_metrics\zulip\api\integrations\perforce\git_p4.py,2295,50,1,8,0,0,0
zulip,C:\Users\Zhifei Chen\Desktop\pysmell\subjects_for_metrics\zulip\api\integrations\perforce\git_p4.py,2323,34,1,6,0,0,0
zulip,C:\Users\Zhifei Chen\Desktop\pysmell\subjects_for_metrics\zulip\api\integrations\perforce\git_p4.py,2334,45,1,8,0,0,0
zulip,C:\Users\Zhifei Chen\Desktop\pysmell\subjects_for_metrics\zulip\api\integrations\perforce\git_p4.py,2374,44,1,8,0,0,0
zulip,C:\Users\Zhifei Chen\Desktop\pysmell\subjects_for_metrics\zulip\api\integrations\perforce\git_p4.py,2677,47,1,8,0,0,0
zulip,C:\Users\Zhifei Chen\Desktop\pysmell\subjects_for_metrics\zulip\api\integrations\perforce\git_p4.py,3112,32,1,6,0,0,0
zulip,C:\Users\Zhifei Chen\Desktop\pysmell\subjects_for_metrics\zulip\bots\irc-mirror.py,35,82,2,14,1,0,0
zulip,C:\Users\Zhifei Chen\Desktop\pysmell\subjects_for_metrics\zulip\bots\jabber_mirror_backend.py,252,47,1,9,0,0,0
zulip,C:\Users\Zhifei Chen\Desktop\pysmell\subjects_for_metrics\zulip\bots\jabber_mirror_backend.py,253,37,2,7,0,0,0
zulip,C:\Users\Zhifei Chen\Desktop\pysmell\subjects_for_metrics\zulip\bots\jabber_mirror_backend.py,257,47,1,9,0,0,0
zulip,C:\Users\Zhifei Chen\Desktop\pysmell\subjects_for_metrics\zulip\bots\jabber_mirror_backend.py,258,37,2,7,0,0,0
zulip,C:\Users\Zhifei Chen\Desktop\pysmell\subjects_for_metrics\zulip\bots\jabber_mirror_backend.py,264,41,1,9,0,0,0
zulip,C:\Users\Zhifei Chen\Desktop\pysmell\subjects_for_metrics\zulip\bots\jabber_mirror_backend.py,265,37,2,7,0,0,0
zulip,C:\Users\Zhifei Chen\Desktop\pysmell\subjects_for_metrics\zulip\bots\jabber_mirror_backend.py,269,41,1,9,0,0,0
zulip,C:\Users\Zhifei Chen\Desktop\pysmell\subjects_for_metrics\zulip\bots\jabber_mirror_backend.py,270,37,2,7,0,0,0
zulip,C:\Users\Zhifei Chen\Desktop\pysmell\subjects_for_metrics\zulip\bots\summarize_stream.py,9,40,1,8,0,0,0
zulip,C:\Users\Zhifei Chen\Desktop\pysmell\subjects_for_metrics\zulip\bots\summarize_stream.py,25,22,1,5,0,0,0
zulip,C:\Users\Zhifei Chen\Desktop\pysmell\subjects_for_metrics\zulip\bots\zephyr_mirror_backend.py,374,67,1,17,1,0,0
zulip,C:\Users\Zhifei Chen\Desktop\pysmell\subjects_for_metrics\zulip\bots\zephyr_mirror_backend.py,598,88,1,18,1,0,0
zulip,C:\Users\Zhifei Chen\Desktop\pysmell\subjects_for_metrics\zulip\bots\zephyr_mirror_backend.py,645,102,1,13,1,0,0
zulip,C:\Users\Zhifei Chen\Desktop\pysmell\subjects_for_metrics\zulip\bots\zephyr_mirror_backend.py,719,74,1,12,1,0,0
zulip,C:\Users\Zhifei Chen\Desktop\pysmell\subjects_for_metrics\zulip\bots\zephyr_mirror_backend.py,793,48,1,5,0,0,0
zulip,C:\Users\Zhifei Chen\Desktop\pysmell\subjects_for_metrics\zulip\tools\deprecated\finbot\money.py,108,50,1,9,0,0,0
zulip,C:\Users\Zhifei Chen\Desktop\pysmell\subjects_for_metrics\zulip\tools\emoji_dump\emoji_dump.py,28,24,1,5,0,0,0
zulip,C:\Users\Zhifei Chen\Desktop\pysmell\subjects_for_metrics\zulip\zerver\middleware.py,105,64,1,5,0,0,0
zulip,C:\Users\Zhifei Chen\Desktop\pysmell\subjects_for_metrics\zulip\zerver\middleware.py,164,45,1,9,0,0,0
zulip,C:\Users\Zhifei Chen\Desktop\pysmell\subjects_for_metrics\zulip\zerver\models.py,75,239,1,22,1,0,1
zulip,C:\Users\Zhifei Chen\Desktop\pysmell\subjects_for_metrics\zulip\zerver\models.py,409,36,1,8,0,0,0
zulip,C:\Users\Zhifei Chen\Desktop\pysmell\subjects_for_metrics\zulip\zerver\models.py,630,49,1,5,0,0,0
zulip,C:\Users\Zhifei Chen\Desktop\pysmell\subjects_for_metrics\zulip\zerver\models.py,1032,65,2,12,1,0,0
zulip,C:\Users\Zhifei Chen\Desktop\pysmell\subjects_for_metrics\zulip\zerver\models.py,1101,21,1,5,0,0,0
zulip,C:\Users\Zhifei Chen\Desktop\pysmell\subjects_for_metrics\zulip\zerver\models.py,1118,115,1,8,0,0,0
zulip,C:\Users\Zhifei Chen\Desktop\pysmell\subjects_for_metrics\zulip\zerver\models.py,1192,141,1,17,1,0,0
zulip,C:\Users\Zhifei Chen\Desktop\pysmell\subjects_for_metrics\zulip\zerver\tests.py,375,50,2,10,0,0,0
zulip,C:\Users\Zhifei Chen\Desktop\pysmell\subjects_for_metrics\zulip\zerver\tests.py,430,50,2,10,0,0,0
zulip,C:\Users\Zhifei Chen\Desktop\pysmell\subjects_for_metrics\zulip\zerver\tests.py,491,50,2,10,0,0,0
zulip,C:\Users\Zhifei Chen\Desktop\pysmell\subjects_for_metrics\zulip\zerver\test_events.py,234,40,1,8,0,0,0
zulip,C:\Users\Zhifei Chen\Desktop\pysmell\subjects_for_metrics\zulip\zerver\test_events.py,235,41,1,8,0,0,0
zulip,C:\Users\Zhifei Chen\Desktop\pysmell\subjects_for_metrics\zulip\zerver\test_events.py,236,40,1,8,0,0,0
zulip,C:\Users\Zhifei Chen\Desktop\pysmell\subjects_for_metrics\zulip\zerver\test_events.py,238,39,1,8,0,0,0
zulip,C:\Users\Zhifei Chen\Desktop\pysmell\subjects_for_metrics\zulip\zerver\test_messages.py,390,88,2,9,0,0,0
zulip,C:\Users\Zhifei Chen\Desktop\pysmell\subjects_for_metrics\zulip\zerver\test_messages.py,412,40,1,5,0,0,0
zulip,C:\Users\Zhifei Chen\Desktop\pysmell\subjects_for_metrics\zulip\zerver\test_messages.py,524,53,1,11,0,0,0
zulip,C:\Users\Zhifei Chen\Desktop\pysmell\subjects_for_metrics\zulip\zerver\test_messages.py,813,20,1,5,0,0,0
zulip,C:\Users\Zhifei Chen\Desktop\pysmell\subjects_for_metrics\zulip\zerver\test_messages.py,815,137,2,20,1,0,0
zulip,C:\Users\Zhifei Chen\Desktop\pysmell\subjects_for_metrics\zulip\zerver\test_messages.py,1001,72,1,15,1,0,0
zulip,C:\Users\Zhifei Chen\Desktop\pysmell\subjects_for_metrics\zulip\zerver\test_signup.py,125,33,1,7,0,0,0
zulip,C:\Users\Zhifei Chen\Desktop\pysmell\subjects_for_metrics\zulip\zerver\test_signup.py,247,43,1,7,0,0,0
zulip,C:\Users\Zhifei Chen\Desktop\pysmell\subjects_for_metrics\zulip\zerver\test_signup.py,276,39,1,7,0,0,0
zulip,C:\Users\Zhifei Chen\Desktop\pysmell\subjects_for_metrics\zulip\zerver\test_subs.py,229,62,2,12,0,0,0
zulip,C:\Users\Zhifei Chen\Desktop\pysmell\subjects_for_metrics\zulip\zerver\test_subs.py,257,55,1,11,0,0,0
zulip,C:\Users\Zhifei Chen\Desktop\pysmell\subjects_for_metrics\zulip\zerver\test_subs.py,416,21,1,4,0,0,0
zulip,C:\Users\Zhifei Chen\Desktop\pysmell\subjects_for_metrics\zulip\zerver\test_subs.py,642,63,1,9,0,0,0
zulip,C:\Users\Zhifei Chen\Desktop\pysmell\subjects_for_metrics\zulip\zerver\test_subs.py,667,48,1,7,0,0,0
zulip,C:\Users\Zhifei Chen\Desktop\pysmell\subjects_for_metrics\zulip\zerver\test_subs.py,964,33,1,7,0,0,0
zulip,C:\Users\Zhifei Chen\Desktop\pysmell\subjects_for_metrics\zulip\zerver\test_subs.py,983,33,1,7,0,0,0
zulip,C:\Users\Zhifei Chen\Desktop\pysmell\subjects_for_metrics\zulip\zerver\test_subs.py,1141,63,1,9,0,0,0
zulip,C:\Users\Zhifei Chen\Desktop\pysmell\subjects_for_metrics\zulip\zerver\test_subs.py,1250,32,1,7,0,0,0
zulip,C:\Users\Zhifei Chen\Desktop\pysmell\subjects_for_metrics\zulip\zerver\test_subs.py,1251,39,1,7,0,0,0
zulip,C:\Users\Zhifei Chen\Desktop\pysmell\subjects_for_metrics\zulip\zerver\test_subs.py,1259,91,1,11,0,0,0
zulip,C:\Users\Zhifei Chen\Desktop\pysmell\subjects_for_metrics\zulip\zerver\test_subs.py,1261,32,1,7,0,0,0
zulip,C:\Users\Zhifei Chen\Desktop\pysmell\subjects_for_metrics\zulip\zerver\test_subs.py,1375,88,1,8,0,0,0
zulip,C:\Users\Zhifei Chen\Desktop\pysmell\subjects_for_metrics\zulip\zerver\test_subs.py,1404,33,1,7,0,0,0
zulip,C:\Users\Zhifei Chen\Desktop\pysmell\subjects_for_metrics\zulip\zerver\lib\actions.py,90,66,1,7,0,0,0
zulip,C:\Users\Zhifei Chen\Desktop\pysmell\subjects_for_metrics\zulip\zerver\lib\actions.py,98,71,1,8,0,0,0
zulip,C:\Users\Zhifei Chen\Desktop\pysmell\subjects_for_metrics\zulip\zerver\lib\actions.py,111,61,2,7,0,0,0
zulip,C:\Users\Zhifei Chen\Desktop\pysmell\subjects_for_metrics\zulip\zerver\lib\actions.py,172,29,1,4,0,0,0
zulip,C:\Users\Zhifei Chen\Desktop\pysmell\subjects_for_metrics\zulip\zerver\lib\actions.py,175,105,1,9,0,0,0
zulip,C:\Users\Zhifei Chen\Desktop\pysmell\subjects_for_metrics\zulip\zerver\lib\actions.py,283,70,2,12,1,0,0
zulip,C:\Users\Zhifei Chen\Desktop\pysmell\subjects_for_metrics\zulip\zerver\lib\actions.py,295,73,1,8,0,0,0
zulip,C:\Users\Zhifei Chen\Desktop\pysmell\subjects_for_metrics\zulip\zerver\lib\actions.py,516,49,2,6,0,0,0
zulip,C:\Users\Zhifei Chen\Desktop\pysmell\subjects_for_metrics\zulip\zerver\lib\actions.py,564,27,1,4,0,0,0
zulip,C:\Users\Zhifei Chen\Desktop\pysmell\subjects_for_metrics\zulip\zerver\lib\actions.py,577,40,1,5,0,0,0
zulip,C:\Users\Zhifei Chen\Desktop\pysmell\subjects_for_metrics\zulip\zerver\lib\actions.py,580,112,1,10,0,0,0
zulip,C:\Users\Zhifei Chen\Desktop\pysmell\subjects_for_metrics\zulip\zerver\lib\actions.py,625,134,1,19,1,0,0
zulip,C:\Users\Zhifei Chen\Desktop\pysmell\subjects_for_metrics\zulip\zerver\lib\actions.py,649,38,1,6,0,0,0
zulip,C:\Users\Zhifei Chen\Desktop\pysmell\subjects_for_metrics\zulip\zerver\lib\actions.py,660,43,1,6,0,0,0
zulip,C:\Users\Zhifei Chen\Desktop\pysmell\subjects_for_metrics\zulip\zerver\lib\actions.py,714,44,1,6,0,0,0
zulip,C:\Users\Zhifei Chen\Desktop\pysmell\subjects_for_metrics\zulip\zerver\lib\actions.py,775,43,1,5,0,0,0
zulip,C:\Users\Zhifei Chen\Desktop\pysmell\subjects_for_metrics\zulip\zerver\lib\actions.py,776,46,2,4,0,0,0
zulip,C:\Users\Zhifei Chen\Desktop\pysmell\subjects_for_metrics\zulip\zerver\lib\actions.py,973,35,2,6,0,0,0
zulip,C:\Users\Zhifei Chen\Desktop\pysmell\subjects_for_metrics\zulip\zerver\lib\actions.py,1032,44,1,5,0,0,0
zulip,C:\Users\Zhifei Chen\Desktop\pysmell\subjects_for_metrics\zulip\zerver\lib\actions.py,1036,42,1,7,0,0,0
zulip,C:\Users\Zhifei Chen\Desktop\pysmell\subjects_for_metrics\zulip\zerver\lib\actions.py,1064,57,1,4,0,0,0
zulip,C:\Users\Zhifei Chen\Desktop\pysmell\subjects_for_metrics\zulip\zerver\lib\actions.py,1069,67,1,5,0,0,0
zulip,C:\Users\Zhifei Chen\Desktop\pysmell\subjects_for_metrics\zulip\zerver\lib\actions.py,1078,36,1,5,0,0,0
zulip,C:\Users\Zhifei Chen\Desktop\pysmell\subjects_for_metrics\zulip\zerver\lib\actions.py,1127,39,1,6,0,0,0
zulip,C:\Users\Zhifei Chen\Desktop\pysmell\subjects_for_metrics\zulip\zerver\lib\actions.py,1131,396,1,28,1,1,1
zulip,C:\Users\Zhifei Chen\Desktop\pysmell\subjects_for_metrics\zulip\zerver\lib\actions.py,1147,29,1,4,0,0,0
zulip,C:\Users\Zhifei Chen\Desktop\pysmell\subjects_for_metrics\zulip\zerver\lib\actions.py,1148,51,1,6,0,0,0
zulip,C:\Users\Zhifei Chen\Desktop\pysmell\subjects_for_metrics\zulip\zerver\lib\actions.py,1193,33,1,5,0,0,0
zulip,C:\Users\Zhifei Chen\Desktop\pysmell\subjects_for_metrics\zulip\zerver\lib\actions.py,1194,46,1,6,0,0,0
zulip,C:\Users\Zhifei Chen\Desktop\pysmell\subjects_for_metrics\zulip\zerver\lib\actions.py,1197,102,2,12,1,0,0
zulip,C:\Users\Zhifei Chen\Desktop\pysmell\subjects_for_metrics\zulip\zerver\lib\actions.py,1202,49,1,5,0,0,0
zulip,C:\Users\Zhifei Chen\Desktop\pysmell\subjects_for_metrics\zulip\zerver\lib\actions.py,1212,29,1,4,0,0,0
zulip,C:\Users\Zhifei Chen\Desktop\pysmell\subjects_for_metrics\zulip\zerver\lib\actions.py,1243,56,2,10,0,0,0
zulip,C:\Users\Zhifei Chen\Desktop\pysmell\subjects_for_metrics\zulip\zerver\lib\actions.py,1244,27,1,4,0,0,0
zulip,C:\Users\Zhifei Chen\Desktop\pysmell\subjects_for_metrics\zulip\zerver\lib\actions.py,1245,47,1,7,0,0,0
zulip,C:\Users\Zhifei Chen\Desktop\pysmell\subjects_for_metrics\zulip\zerver\lib\actions.py,1254,80,1,8,0,0,0
zulip,C:\Users\Zhifei Chen\Desktop\pysmell\subjects_for_metrics\zulip\zerver\lib\actions.py,1255,70,1,8,0,0,0
zulip,C:\Users\Zhifei Chen\Desktop\pysmell\subjects_for_metrics\zulip\zerver\lib\actions.py,1297,31,1,4,0,0,0
zulip,C:\Users\Zhifei Chen\Desktop\pysmell\subjects_for_metrics\zulip\zerver\lib\actions.py,1300,62,1,8,0,0,0
zulip,C:\Users\Zhifei Chen\Desktop\pysmell\subjects_for_metrics\zulip\zerver\lib\actions.py,1317,37,1,4,0,0,0
zulip,C:\Users\Zhifei Chen\Desktop\pysmell\subjects_for_metrics\zulip\zerver\lib\actions.py,1325,29,1,4,0,0,0
zulip,C:\Users\Zhifei Chen\Desktop\pysmell\subjects_for_metrics\zulip\zerver\lib\actions.py,1330,44,1,6,0,0,0
zulip,C:\Users\Zhifei Chen\Desktop\pysmell\subjects_for_metrics\zulip\zerver\lib\actions.py,1339,51,1,6,0,0,0
zulip,C:\Users\Zhifei Chen\Desktop\pysmell\subjects_for_metrics\zulip\zerver\lib\actions.py,1350,48,1,6,0,0,0
zulip,C:\Users\Zhifei Chen\Desktop\pysmell\subjects_for_metrics\zulip\zerver\lib\actions.py,1354,102,2,12,1,0,0
zulip,C:\Users\Zhifei Chen\Desktop\pysmell\subjects_for_metrics\zulip\zerver\lib\actions.py,1359,47,1,5,0,0,0
zulip,C:\Users\Zhifei Chen\Desktop\pysmell\subjects_for_metrics\zulip\zerver\lib\actions.py,1372,62,1,8,0,0,0
zulip,C:\Users\Zhifei Chen\Desktop\pysmell\subjects_for_metrics\zulip\zerver\lib\actions.py,1651,51,1,6,0,0,0
zulip,C:\Users\Zhifei Chen\Desktop\pysmell\subjects_for_metrics\zulip\zerver\lib\actions.py,1653,59,1,7,0,0,0
zulip,C:\Users\Zhifei Chen\Desktop\pysmell\subjects_for_metrics\zulip\zerver\lib\actions.py,1655,60,1,7,0,0,0
zulip,C:\Users\Zhifei Chen\Desktop\pysmell\subjects_for_metrics\zulip\zerver\lib\actions.py,1880,110,1,12,1,0,0
zulip,C:\Users\Zhifei Chen\Desktop\pysmell\subjects_for_metrics\zulip\zerver\lib\actions.py,2296,68,1,10,0,0,0
zulip,C:\Users\Zhifei Chen\Desktop\pysmell\subjects_for_metrics\zulip\zerver\lib\actions.py,2334,44,1,5,0,0,0
zulip,C:\Users\Zhifei Chen\Desktop\pysmell\subjects_for_metrics\zulip\zerver\lib\actions.py,2347,99,2,12,1,0,0
zulip,C:\Users\Zhifei Chen\Desktop\pysmell\subjects_for_metrics\zulip\zerver\lib\actions.py,2349,60,1,9,0,0,0
zulip,C:\Users\Zhifei Chen\Desktop\pysmell\subjects_for_metrics\zulip\zerver\lib\actions.py,2395,51,1,7,0,0,0
zulip,C:\Users\Zhifei Chen\Desktop\pysmell\subjects_for_metrics\zulip\zerver\lib\actions.py,2411,199,1,24,1,1,1
zulip,C:\Users\Zhifei Chen\Desktop\pysmell\subjects_for_metrics\zulip\zerver\lib\actions.py,2418,471,1,43,1,1,1
zulip,C:\Users\Zhifei Chen\Desktop\pysmell\subjects_for_metrics\zulip\zerver\lib\actions.py,2535,49,2,10,0,0,0
zulip,C:\Users\Zhifei Chen\Desktop\pysmell\subjects_for_metrics\zulip\zerver\lib\actions.py,2558,38,1,7,0,0,0
zulip,C:\Users\Zhifei Chen\Desktop\pysmell\subjects_for_metrics\zulip\zerver\lib\actions.py,2569,66,1,8,0,0,0
zulip,C:\Users\Zhifei Chen\Desktop\pysmell\subjects_for_metrics\zulip\zerver\lib\actions.py,2869,66,1,7,0,0,0
zulip,C:\Users\Zhifei Chen\Desktop\pysmell\subjects_for_metrics\zulip\zerver\lib\actions.py,2904,66,1,7,0,0,0
zulip,C:\Users\Zhifei Chen\Desktop\pysmell\subjects_for_metrics\zulip\zerver\lib\actions.py,2926,50,1,7,0,0,0
zulip,C:\Users\Zhifei Chen\Desktop\pysmell\subjects_for_metrics\zulip\zerver\lib\actions.py,2953,40,1,5,0,0,0
zulip,C:\Users\Zhifei Chen\Desktop\pysmell\subjects_for_metrics\zulip\zerver\lib\actions.py,2975,29,1,5,0,0,0
zulip,C:\Users\Zhifei Chen\Desktop\pysmell\subjects_for_metrics\zulip\zerver\lib\alert_words.py,10,61,1,12,0,0,0
zulip,C:\Users\Zhifei Chen\Desktop\pysmell\subjects_for_metrics\zulip\zerver\lib\alert_words.py,11,63,2,12,0,0,0
zulip,C:\Users\Zhifei Chen\Desktop\pysmell\subjects_for_metrics\zulip\zerver\lib\alert_words.py,20,37,2,7,0,0,0
zulip,C:\Users\Zhifei Chen\Desktop\pysmell\subjects_for_metrics\zulip\zerver\lib\alert_words.py,29,37,2,7,0,0,0
zulip,C:\Users\Zhifei Chen\Desktop\pysmell\subjects_for_metrics\zulip\zerver\lib\bulk_create.py,9,52,1,9,0,0,0
zulip,C:\Users\Zhifei Chen\Desktop\pysmell\subjects_for_metrics\zulip\zerver\lib\bulk_create.py,24,40,1,7,0,0,0
zulip,C:\Users\Zhifei Chen\Desktop\pysmell\subjects_for_metrics\zulip\zerver\lib\bulk_create.py,65,91,1,15,1,0,0
zulip,C:\Users\Zhifei Chen\Desktop\pysmell\subjects_for_metrics\zulip\zerver\lib\bulk_create.py,81,61,1,9,0,0,0
zulip,C:\Users\Zhifei Chen\Desktop\pysmell\subjects_for_metrics\zulip\zerver\lib\bulk_create.py,98,39,1,6,0,0,0
zulip,C:\Users\Zhifei Chen\Desktop\pysmell\subjects_for_metrics\zulip\zerver\lib\cache.py,138,30,1,5,0,0,0
zulip,C:\Users\Zhifei Chen\Desktop\pysmell\subjects_for_metrics\zulip\zerver\lib\cache.py,142,58,1,14,0,0,0
zulip,C:\Users\Zhifei Chen\Desktop\pysmell\subjects_for_metrics\zulip\zerver\lib\cache.py,162,33,1,5,0,0,0
zulip,C:\Users\Zhifei Chen\Desktop\pysmell\subjects_for_metrics\zulip\zerver\lib\cache.py,187,47,1,5,0,0,0
zulip,C:\Users\Zhifei Chen\Desktop\pysmell\subjects_for_metrics\zulip\zerver\lib\cache.py,191,79,2,8,0,0,0
zulip,C:\Users\Zhifei Chen\Desktop\pysmell\subjects_for_metrics\zulip\zerver\lib\cache.py,203,116,2,14,1,0,0
zulip,C:\Users\Zhifei Chen\Desktop\pysmell\subjects_for_metrics\zulip\zerver\lib\ccache.py,113,54,1,9,0,0,0
zulip,C:\Users\Zhifei Chen\Desktop\pysmell\subjects_for_metrics\zulip\zerver\lib\ccache.py,135,72,1,10,0,0,0
zulip,C:\Users\Zhifei Chen\Desktop\pysmell\subjects_for_metrics\zulip\zerver\lib\create_user.py,13,48,1,14,0,0,0
zulip,C:\Users\Zhifei Chen\Desktop\pysmell\subjects_for_metrics\zulip\zerver\lib\digest.py,64,34,1,8,0,0,0
zulip,C:\Users\Zhifei Chen\Desktop\pysmell\subjects_for_metrics\zulip\zerver\lib\digest.py,76,44,1,9,0,0,0
zulip,C:\Users\Zhifei Chen\Desktop\pysmell\subjects_for_metrics\zulip\zerver\lib\digest.py,85,129,1,11,0,0,0
zulip,C:\Users\Zhifei Chen\Desktop\pysmell\subjects_for_metrics\zulip\zerver\lib\digest.py,107,34,1,4,0,0,0
zulip,C:\Users\Zhifei Chen\Desktop\pysmell\subjects_for_metrics\zulip\zerver\lib\digest.py,178,34,1,7,0,0,0
zulip,C:\Users\Zhifei Chen\Desktop\pysmell\subjects_for_metrics\zulip\zerver\lib\digest.py,181,107,1,10,0,0,0
zulip,C:\Users\Zhifei Chen\Desktop\pysmell\subjects_for_metrics\zulip\zerver\lib\email_mirror.py,117,30,1,5,0,0,0
zulip,C:\Users\Zhifei Chen\Desktop\pysmell\subjects_for_metrics\zulip\zerver\lib\email_mirror.py,128,41,1,5,0,0,0
zulip,C:\Users\Zhifei Chen\Desktop\pysmell\subjects_for_metrics\zulip\zerver\lib\email_mirror.py,245,68,1,10,0,0,0
zulip,C:\Users\Zhifei Chen\Desktop\pysmell\subjects_for_metrics\zulip\zerver\lib\event_queue.py,367,60,1,11,0,0,0
zulip,C:\Users\Zhifei Chen\Desktop\pysmell\subjects_for_metrics\zulip\zerver\lib\event_queue.py,533,68,2,6,0,0,0
zulip,C:\Users\Zhifei Chen\Desktop\pysmell\subjects_for_metrics\zulip\zerver\lib\event_queue.py,564,55,1,12,0,0,0
zulip,C:\Users\Zhifei Chen\Desktop\pysmell\subjects_for_metrics\zulip\zerver\lib\migrate.py,52,39,1,7,0,0,0
zulip,C:\Users\Zhifei Chen\Desktop\pysmell\subjects_for_metrics\zulip\zerver\lib\migrate.py,56,47,1,7,0,0,0
zulip,C:\Users\Zhifei Chen\Desktop\pysmell\subjects_for_metrics\zulip\zerver\lib\migrate.py,66,42,1,6,0,0,0
zulip,C:\Users\Zhifei Chen\Desktop\pysmell\subjects_for_metrics\zulip\zerver\lib\notifications.py,125,70,2,11,0,0,0
zulip,C:\Users\Zhifei Chen\Desktop\pysmell\subjects_for_metrics\zulip\zerver\lib\notifications.py,128,66,2,11,0,0,0
zulip,C:\Users\Zhifei Chen\Desktop\pysmell\subjects_for_metrics\zulip\zerver\lib\notifications.py,209,55,1,7,0,0,0
zulip,C:\Users\Zhifei Chen\Desktop\pysmell\subjects_for_metrics\zulip\zerver\lib\notifications.py,232,41,1,5,0,0,0
zulip,C:\Users\Zhifei Chen\Desktop\pysmell\subjects_for_metrics\zulip\zerver\lib\notifications.py,262,41,1,5,0,0,0
zulip,C:\Users\Zhifei Chen\Desktop\pysmell\subjects_for_metrics\zulip\zerver\lib\notifications.py,272,84,1,11,0,0,0
zulip,C:\Users\Zhifei Chen\Desktop\pysmell\subjects_for_metrics\zulip\zerver\lib\notifications.py,276,149,3,20,1,1,1
zulip,C:\Users\Zhifei Chen\Desktop\pysmell\subjects_for_metrics\zulip\zerver\lib\notifications.py,276,113,2,14,1,0,0
zulip,C:\Users\Zhifei Chen\Desktop\pysmell\subjects_for_metrics\zulip\zerver\lib\notifications.py,280,63,1,8,0,0,0
zulip,C:\Users\Zhifei Chen\Desktop\pysmell\subjects_for_metrics\zulip\zerver\lib\notifications.py,314,54,1,6,0,0,0
zulip,C:\Users\Zhifei Chen\Desktop\pysmell\subjects_for_metrics\zulip\zerver\lib\notifications.py,320,132,1,13,1,0,0
zulip,C:\Users\Zhifei Chen\Desktop\pysmell\subjects_for_metrics\zulip\zerver\lib\notifications.py,331,95,1,10,0,0,0
zulip,C:\Users\Zhifei Chen\Desktop\pysmell\subjects_for_metrics\zulip\zerver\lib\notifications.py,343,22,1,5,0,0,0
zulip,C:\Users\Zhifei Chen\Desktop\pysmell\subjects_for_metrics\zulip\zerver\lib\notifications.py,351,74,2,7,0,0,0
zulip,C:\Users\Zhifei Chen\Desktop\pysmell\subjects_for_metrics\zulip\zerver\lib\notifications.py,355,26,1,5,0,0,0
zulip,C:\Users\Zhifei Chen\Desktop\pysmell\subjects_for_metrics\zulip\zerver\lib\notifications.py,455,70,2,10,0,0,0
zulip,C:\Users\Zhifei Chen\Desktop\pysmell\subjects_for_metrics\zulip\zerver\lib\push_notifications.py,84,77,1,11,0,0,0
zulip,C:\Users\Zhifei Chen\Desktop\pysmell\subjects_for_metrics\zulip\zerver\lib\push_notifications.py,87,72,2,13,1,0,0
zulip,C:\Users\Zhifei Chen\Desktop\pysmell\subjects_for_metrics\zulip\zerver\lib\push_notifications.py,89,66,2,12,1,0,0
zulip,C:\Users\Zhifei Chen\Desktop\pysmell\subjects_for_metrics\zulip\zerver\lib\push_notifications.py,120,91,1,10,0,0,0
zulip,C:\Users\Zhifei Chen\Desktop\pysmell\subjects_for_metrics\zulip\zerver\lib\rate_limiter.py,19,69,2,15,1,0,0
zulip,C:\Users\Zhifei Chen\Desktop\pysmell\subjects_for_metrics\zulip\zerver\lib\rate_limiter.py,19,30,1,8,0,0,0
zulip,C:\Users\Zhifei Chen\Desktop\pysmell\subjects_for_metrics\zulip\zerver\lib\rate_limiter.py,24,98,1,15,1,0,0
zulip,C:\Users\Zhifei Chen\Desktop\pysmell\subjects_for_metrics\zulip\zerver\lib\statistics.py,34,34,1,5,0,0,0
zulip,C:\Users\Zhifei Chen\Desktop\pysmell\subjects_for_metrics\zulip\zerver\lib\statistics.py,37,64,1,8,0,0,0
zulip,C:\Users\Zhifei Chen\Desktop\pysmell\subjects_for_metrics\zulip\zerver\lib\statistics.py,41,40,2,8,0,0,0
zulip,C:\Users\Zhifei Chen\Desktop\pysmell\subjects_for_metrics\zulip\zerver\lib\statistics.py,45,40,2,8,0,0,0
zulip,C:\Users\Zhifei Chen\Desktop\pysmell\subjects_for_metrics\zulip\zerver\lib\statistics.py,64,84,1,9,0,0,0
zulip,C:\Users\Zhifei Chen\Desktop\pysmell\subjects_for_metrics\zulip\zerver\lib\statistics.py,79,48,2,8,0,0,0
zulip,C:\Users\Zhifei Chen\Desktop\pysmell\subjects_for_metrics\zulip\zerver\lib\statistics.py,85,20,2,6,0,0,0
zulip,C:\Users\Zhifei Chen\Desktop\pysmell\subjects_for_metrics\zulip\zerver\lib\statistics.py,87,20,2,6,0,0,0
zulip,C:\Users\Zhifei Chen\Desktop\pysmell\subjects_for_metrics\zulip\zerver\lib\statistics.py,116,101,1,12,1,0,0
zulip,C:\Users\Zhifei Chen\Desktop\pysmell\subjects_for_metrics\zulip\zerver\lib\test_helpers.py,124,45,1,7,0,0,0
zulip,C:\Users\Zhifei Chen\Desktop\pysmell\subjects_for_metrics\zulip\zerver\lib\test_helpers.py,148,24,1,4,0,0,0
zulip,C:\Users\Zhifei Chen\Desktop\pysmell\subjects_for_metrics\zulip\zerver\lib\test_helpers.py,250,50,1,6,0,0,0
zulip,C:\Users\Zhifei Chen\Desktop\pysmell\subjects_for_metrics\zulip\zerver\lib\test_helpers.py,281,57,1,4,0,0,0
zulip,C:\Users\Zhifei Chen\Desktop\pysmell\subjects_for_metrics\zulip\zerver\lib\test_helpers.py,333,35,1,5,0,0,0
zulip,C:\Users\Zhifei Chen\Desktop\pysmell\subjects_for_metrics\zulip\zerver\lib\tornado_ioloop_logging.py,69,28,1,8,0,0,0
zulip,C:\Users\Zhifei Chen\Desktop\pysmell\subjects_for_metrics\zulip\zerver\lib\bugdown\fenced_code.py,258,38,2,8,0,0,0
zulip,C:\Users\Zhifei Chen\Desktop\pysmell\subjects_for_metrics\zulip\zerver\lib\bugdown\__init__.py,48,103,2,22,1,0,1
zulip,C:\Users\Zhifei Chen\Desktop\pysmell\subjects_for_metrics\zulip\zerver\lib\bugdown\__init__.py,540,74,1,16,1,0,0
zulip,C:\Users\Zhifei Chen\Desktop\pysmell\subjects_for_metrics\zulip\zerver\lib\bugdown\__init__.py,1073,54,1,9,0,0,0
zulip,C:\Users\Zhifei Chen\Desktop\pysmell\subjects_for_metrics\zulip\zerver\lib\bugdown\__init__.py,1074,55,1,9,0,0,0
zulip,C:\Users\Zhifei Chen\Desktop\pysmell\subjects_for_metrics\zulip\zerver\management\commands\add_users_to_streams.py,39,56,1,10,0,0,0
zulip,C:\Users\Zhifei Chen\Desktop\pysmell\subjects_for_metrics\zulip\zerver\management\commands\add_users_to_streams.py,45,52,1,10,0,0,0
zulip,C:\Users\Zhifei Chen\Desktop\pysmell\subjects_for_metrics\zulip\zerver\management\commands\dump_messages.py,29,29,1,4,0,0,0
zulip,C:\Users\Zhifei Chen\Desktop\pysmell\subjects_for_metrics\zulip\zerver\management\commands\email-mirror.py,97,40,1,7,0,0,0
zulip,C:\Users\Zhifei Chen\Desktop\pysmell\subjects_for_metrics\zulip\zerver\management\commands\enqueue_digest_emails.py,29,78,1,8,0,0,0
zulip,C:\Users\Zhifei Chen\Desktop\pysmell\subjects_for_metrics\zulip\zerver\management\commands\enqueue_digest_emails.py,67,39,1,7,0,0,0
zulip,C:\Users\Zhifei Chen\Desktop\pysmell\subjects_for_metrics\zulip\zerver\management\commands\import_dump.py,82,93,2,11,0,0,0
zulip,C:\Users\Zhifei Chen\Desktop\pysmell\subjects_for_metrics\zulip\zerver\management\commands\initialize_voyager_db.py,47,101,1,14,1,0,0
zulip,C:\Users\Zhifei Chen\Desktop\pysmell\subjects_for_metrics\zulip\zerver\management\commands\initialize_voyager_db.py,51,39,1,5,0,0,0
zulip,C:\Users\Zhifei Chen\Desktop\pysmell\subjects_for_metrics\zulip\zerver\management\commands\rate_limit.py,53,75,1,8,0,0,0
zulip,C:\Users\Zhifei Chen\Desktop\pysmell\subjects_for_metrics\zulip\zerver\management\commands\remove_users_from_stream.py,47,52,1,10,0,0,0
zulip,C:\Users\Zhifei Chen\Desktop\pysmell\subjects_for_metrics\zulip\zerver\management\commands\set_default_streams.py,43,56,1,10,0,0,0
zulip,C:\Users\Zhifei Chen\Desktop\pysmell\subjects_for_metrics\zulip\zerver\management\commands\set_message_flags.py,57,48,1,11,0,0,0
zulip,C:\Users\Zhifei Chen\Desktop\pysmell\subjects_for_metrics\zulip\zerver\management\commands\set_message_flags.py,58,86,1,12,1,0,0
zulip,C:\Users\Zhifei Chen\Desktop\pysmell\subjects_for_metrics\zulip\zerver\management\commands\turn_off_digests.py,33,52,1,10,0,0,0
zulip,C:\Users\Zhifei Chen\Desktop\pysmell\subjects_for_metrics\zulip\zerver\templatetags\app_filters.py,30,40,1,9,0,0,0
zulip,C:\Users\Zhifei Chen\Desktop\pysmell\subjects_for_metrics\zulip\zerver\templatetags\app_filters.py,35,49,1,9,0,0,0
zulip,C:\Users\Zhifei Chen\Desktop\pysmell\subjects_for_metrics\zulip\zerver\templatetags\minified_js.py,18,51,1,6,0,0,0
zulip,C:\Users\Zhifei Chen\Desktop\pysmell\subjects_for_metrics\zulip\zerver\templatetags\minified_js.py,19,91,1,5,0,0,0
zulip,C:\Users\Zhifei Chen\Desktop\pysmell\subjects_for_metrics\zulip\zerver\views\messages.py,186,56,1,4,0,0,0
zulip,C:\Users\Zhifei Chen\Desktop\pysmell\subjects_for_metrics\zulip\zerver\views\messages.py,188,38,1,4,0,0,0
zulip,C:\Users\Zhifei Chen\Desktop\pysmell\subjects_for_metrics\zulip\zerver\views\messages.py,328,65,1,13,1,0,0
zulip,C:\Users\Zhifei Chen\Desktop\pysmell\subjects_for_metrics\zulip\zerver\views\messages.py,413,50,2,10,0,0,0
zulip,C:\Users\Zhifei Chen\Desktop\pysmell\subjects_for_metrics\zulip\zerver\views\messages.py,418,32,1,5,0,0,0
zulip,C:\Users\Zhifei Chen\Desktop\pysmell\subjects_for_metrics\zulip\zerver\views\messages.py,420,48,1,6,0,0,0
zulip,C:\Users\Zhifei Chen\Desktop\pysmell\subjects_for_metrics\zulip\zerver\views\messages.py,421,76,1,14,1,0,0
zulip,C:\Users\Zhifei Chen\Desktop\pysmell\subjects_for_metrics\zulip\zerver\views\messages.py,424,52,2,10,0,0,0
zulip,C:\Users\Zhifei Chen\Desktop\pysmell\subjects_for_metrics\zulip\zerver\views\messages.py,555,28,1,5,0,0,0
zulip,C:\Users\Zhifei Chen\Desktop\pysmell\subjects_for_metrics\zulip\zerver\views\messages.py,558,151,1,13,1,0,0
zulip,C:\Users\Zhifei Chen\Desktop\pysmell\subjects_for_metrics\zulip\zerver\views\webhooks.py,682,178,1,26,1,1,1
zulip,C:\Users\Zhifei Chen\Desktop\pysmell\subjects_for_metrics\zulip\zerver\views\webhooks.py,734,54,1,11,0,0,0
zulip,C:\Users\Zhifei Chen\Desktop\pysmell\subjects_for_metrics\zulip\zerver\views\__init__.py,119,48,1,5,0,0,0
zulip,C:\Users\Zhifei Chen\Desktop\pysmell\subjects_for_metrics\zulip\zerver\views\__init__.py,629,34,2,7,0,0,0
zulip,C:\Users\Zhifei Chen\Desktop\pysmell\subjects_for_metrics\zulip\zerver\views\__init__.py,630,39,2,8,0,0,0
zulip,C:\Users\Zhifei Chen\Desktop\pysmell\subjects_for_metrics\zulip\zerver\views\__init__.py,761,99,1,10,0,0,0
zulip,C:\Users\Zhifei Chen\Desktop\pysmell\subjects_for_metrics\zulip\zerver\views\__init__.py,942,55,1,10,0,0,0
zulip,C:\Users\Zhifei Chen\Desktop\pysmell\subjects_for_metrics\zulip\zerver\views\__init__.py,1033,87,1,13,1,0,0
zulip,C:\Users\Zhifei Chen\Desktop\pysmell\subjects_for_metrics\zulip\zerver\views\__init__.py,1036,124,1,15,1,0,0
zulip,C:\Users\Zhifei Chen\Desktop\pysmell\subjects_for_metrics\zulip\zerver\views\__init__.py,1039,65,1,7,0,0,0
zulip,C:\Users\Zhifei Chen\Desktop\pysmell\subjects_for_metrics\zulip\zerver\views\__init__.py,1041,130,1,15,1,0,0
zulip,C:\Users\Zhifei Chen\Desktop\pysmell\subjects_for_metrics\zulip\zerver\views\__init__.py,1044,40,1,7,0,0,0
zulip,C:\Users\Zhifei Chen\Desktop\pysmell\subjects_for_metrics\zulip\zerver\views\__init__.py,1046,98,2,12,1,0,0
zulip,C:\Users\Zhifei Chen\Desktop\pysmell\subjects_for_metrics\zulip\zerver\views\__init__.py,1049,103,2,15,1,0,0
zulip,C:\Users\Zhifei Chen\Desktop\pysmell\subjects_for_metrics\zulip\zerver\views\__init__.py,1053,98,2,15,1,0,0
zulip,C:\Users\Zhifei Chen\Desktop\pysmell\subjects_for_metrics\zulip\zerver\views\__init__.py,1057,32,1,5,0,0,0
zulip,C:\Users\Zhifei Chen\Desktop\pysmell\subjects_for_metrics\zulip\zerver\views\__init__.py,1060,142,2,17,1,0,0
zulip,C:\Users\Zhifei Chen\Desktop\pysmell\subjects_for_metrics\zulip\zerver\views\__init__.py,1064,53,1,7,0,0,0
zulip,C:\Users\Zhifei Chen\Desktop\pysmell\subjects_for_metrics\zulip\zerver\views\__init__.py,1066,114,2,15,1,0,0
zulip,C:\Users\Zhifei Chen\Desktop\pysmell\subjects_for_metrics\zulip\zerver\views\__init__.py,1070,37,1,5,0,0,0
zulip,C:\Users\Zhifei Chen\Desktop\pysmell\subjects_for_metrics\zulip\zerver\views\__init__.py,1074,75,2,12,1,0,0
zulip,C:\Users\Zhifei Chen\Desktop\pysmell\subjects_for_metrics\zulip\zerver\views\__init__.py,1078,43,1,7,0,0,0
zulip,C:\Users\Zhifei Chen\Desktop\pysmell\subjects_for_metrics\zulip\zerver\views\__init__.py,1079,124,2,17,1,0,0
zulip,C:\Users\Zhifei Chen\Desktop\pysmell\subjects_for_metrics\zulip\zerver\views\__init__.py,1087,93,1,13,1,0,0
zulip,C:\Users\Zhifei Chen\Desktop\pysmell\subjects_for_metrics\zulip\zerver\views\__init__.py,1264,75,1,6,0,0,0
zulip,C:\Users\Zhifei Chen\Desktop\pysmell\subjects_for_metrics\zulip\zerver\views\__init__.py,1285,29,1,4,0,0,0
zulip,C:\Users\Zhifei Chen\Desktop\pysmell\subjects_for_metrics\zulip\zerver\views\__init__.py,1303,91,3,13,1,1,1
zulip,C:\Users\Zhifei Chen\Desktop\pysmell\subjects_for_metrics\zulip\zerver\views\__init__.py,1304,42,1,4,0,0,0
zulip,C:\Users\Zhifei Chen\Desktop\pysmell\subjects_for_metrics\zulip\zerver\views\__init__.py,1347,38,1,4,0,0,0
zulip,C:\Users\Zhifei Chen\Desktop\pysmell\subjects_for_metrics\zulip\zerver\views\__init__.py,1349,75,1,6,0,0,0
zulip,C:\Users\Zhifei Chen\Desktop\pysmell\subjects_for_metrics\zulip\zerver\views\__init__.py,1361,52,1,7,0,0,0
zulip,C:\Users\Zhifei Chen\Desktop\pysmell\subjects_for_metrics\zulip\zerver\views\__init__.py,1362,64,1,7,0,0,0
zulip,C:\Users\Zhifei Chen\Desktop\pysmell\subjects_for_metrics\zulip\zerver\views\__init__.py,1394,47,2,7,0,0,0
zulip,C:\Users\Zhifei Chen\Desktop\pysmell\subjects_for_metrics\zulip\zerver\views\__init__.py,1404,41,1,7,0,0,0
zulip,C:\Users\Zhifei Chen\Desktop\pysmell\subjects_for_metrics\zulip\zerver\views\__init__.py,1408,44,1,6,0,0,0
zulip,C:\Users\Zhifei Chen\Desktop\pysmell\subjects_for_metrics\zulip\zerver\views\__init__.py,1433,44,1,4,0,0,0
zulip,C:\Users\Zhifei Chen\Desktop\pysmell\subjects_for_metrics\zulip\zilencer\management\commands\populate_db.py,136,72,1,9,0,0,0
zulip,C:\Users\Zhifei Chen\Desktop\pysmell\subjects_for_metrics\zulip\zilencer\management\commands\populate_db.py,151,72,1,9,0,0,0
zulip,C:\Users\Zhifei Chen\Desktop\pysmell\subjects_for_metrics\zulip\zilencer\management\commands\populate_db.py,155,59,1,7,0,0,0
zulip,C:\Users\Zhifei Chen\Desktop\pysmell\subjects_for_metrics\zulip\zilencer\management\commands\populate_db.py,162,70,1,11,0,0,0
zulip,C:\Users\Zhifei Chen\Desktop\pysmell\subjects_for_metrics\zulip\zilencer\management\commands\populate_db.py,195,101,1,14,1,0,0
zulip,C:\Users\Zhifei Chen\Desktop\pysmell\subjects_for_metrics\zulip\zilencer\management\commands\populate_db.py,257,40,1,7,0,0,0
zulip,C:\Users\Zhifei Chen\Desktop\pysmell\subjects_for_metrics\zulip\zilencer\management\commands\populate_db.py,364,42,1,7,0,0,0
zulip,C:\Users\Zhifei Chen\Desktop\pysmell\subjects_for_metrics\zulip\zilencer\management\commands\populate_db.py,478,52,1,10,0,0,0
zulip,C:\Users\Zhifei Chen\Desktop\pysmell\subjects_for_metrics\zulip\zilencer\management\commands\populate_db.py,703,67,1,9,0,0,0
zulip,C:\Users\Zhifei Chen\Desktop\pysmell\subjects_for_metrics\zulip\zilencer\management\commands\populate_db.py,705,59,1,9,0,0,0
zulip,C:\Users\Zhifei Chen\Desktop\pysmell\subjects_for_metrics\zulip\zilencer\management\commands\populate_db.py,709,68,1,9,0,0,0
zulip,C:\Users\Zhifei Chen\Desktop\pysmell\subjects_for_metrics\zulip\zilencer\management\commands\populate_db.py,720,46,1,11,0,0,0
