subject,file,lineno,CLOC,experience-based,statistics-based,tuning machine
zulip,C:\Users\Zhifei Chen\Desktop\pysmell\subjects_for_metrics\zulip\analytics\management\commands\active_user_stats.py,11,4,0,0,0
zulip,C:\Users\Zhifei Chen\Desktop\pysmell\subjects_for_metrics\zulip\analytics\management\commands\active_user_stats_by_day.py,10,5,0,0,0
zulip,C:\Users\Zhifei Chen\Desktop\pysmell\subjects_for_metrics\zulip\analytics\management\commands\analyze_mit.py,71,5,0,0,0
zulip,C:\Users\Zhifei Chen\Desktop\pysmell\subjects_for_metrics\zulip\analytics\management\commands\analyze_user_activity.py,34,8,0,0,0
zulip,C:\Users\Zhifei Chen\Desktop\pysmell\subjects_for_metrics\zulip\analytics\management\commands\client_activity.py,11,6,0,0,0
zulip,C:\Users\Zhifei Chen\Desktop\pysmell\subjects_for_metrics\zulip\analytics\management\commands\realm_stats.py,16,13,0,0,0
zulip,C:\Users\Zhifei Chen\Desktop\pysmell\subjects_for_metrics\zulip\analytics\management\commands\stream_stats.py,7,4,0,0,0
zulip,C:\Users\Zhifei Chen\Desktop\pysmell\subjects_for_metrics\zulip\analytics\management\commands\user_stats.py,9,5,0,0,0
zulip,C:\Users\Zhifei Chen\Desktop\pysmell\subjects_for_metrics\zulip\api\integrations\perforce\git_p4.py,822,1,0,0,0
zulip,C:\Users\Zhifei Chen\Desktop\pysmell\subjects_for_metrics\zulip\api\integrations\perforce\git_p4.py,828,6,0,0,0
zulip,C:\Users\Zhifei Chen\Desktop\pysmell\subjects_for_metrics\zulip\api\integrations\perforce\git_p4.py,889,3,0,0,0
zulip,C:\Users\Zhifei Chen\Desktop\pysmell\subjects_for_metrics\zulip\api\integrations\perforce\git_p4.py,904,3,0,0,0
zulip,C:\Users\Zhifei Chen\Desktop\pysmell\subjects_for_metrics\zulip\api\integrations\perforce\git_p4.py,963,17,0,0,0
zulip,C:\Users\Zhifei Chen\Desktop\pysmell\subjects_for_metrics\zulip\api\integrations\perforce\git_p4.py,1777,6,0,0,0
zulip,C:\Users\Zhifei Chen\Desktop\pysmell\subjects_for_metrics\zulip\api\integrations\perforce\git_p4.py,1875,28,1,0,0
zulip,C:\Users\Zhifei Chen\Desktop\pysmell\subjects_for_metrics\zulip\api\integrations\perforce\git_p4.py,3028,4,0,0,0
zulip,C:\Users\Zhifei Chen\Desktop\pysmell\subjects_for_metrics\zulip\api\integrations\perforce\git_p4.py,3064,5,0,0,0
zulip,C:\Users\Zhifei Chen\Desktop\pysmell\subjects_for_metrics\zulip\api\integrations\perforce\git_p4.py,3152,3,0,0,0
zulip,C:\Users\Zhifei Chen\Desktop\pysmell\subjects_for_metrics\zulip\api\integrations\perforce\git_p4.py,3180,3,0,0,0
zulip,C:\Users\Zhifei Chen\Desktop\pysmell\subjects_for_metrics\zulip\api\integrations\trac\zulip_trac.py,77,4,0,0,0
zulip,C:\Users\Zhifei Chen\Desktop\pysmell\subjects_for_metrics\zulip\api\zulip\__init__.py,52,6,0,0,0
zulip,C:\Users\Zhifei Chen\Desktop\pysmell\subjects_for_metrics\zulip\api\zulip\__init__.py,79,2,0,0,0
zulip,C:\Users\Zhifei Chen\Desktop\pysmell\subjects_for_metrics\zulip\api\zulip\__init__.py,138,7,0,0,0
zulip,C:\Users\Zhifei Chen\Desktop\pysmell\subjects_for_metrics\zulip\api\zulip\__init__.py,393,4,0,0,0
zulip,C:\Users\Zhifei Chen\Desktop\pysmell\subjects_for_metrics\zulip\bots\irc-mirror.py,21,8,0,0,0
zulip,C:\Users\Zhifei Chen\Desktop\pysmell\subjects_for_metrics\zulip\bots\jabber_mirror_backend.py,73,10,0,0,0
zulip,C:\Users\Zhifei Chen\Desktop\pysmell\subjects_for_metrics\zulip\bots\jabber_mirror_backend.py,195,8,0,0,0
zulip,C:\Users\Zhifei Chen\Desktop\pysmell\subjects_for_metrics\zulip\bots\zephyr_mirror_backend.py,44,1,0,0,0
zulip,C:\Users\Zhifei Chen\Desktop\pysmell\subjects_for_metrics\zulip\confirmation\models.py,43,4,0,0,0
zulip,C:\Users\Zhifei Chen\Desktop\pysmell\subjects_for_metrics\zulip\confirmation\models.py,99,9,0,0,0
zulip,C:\Users\Zhifei Chen\Desktop\pysmell\subjects_for_metrics\zulip\confirmation\models.py,108,2,0,0,0
zulip,C:\Users\Zhifei Chen\Desktop\pysmell\subjects_for_metrics\zulip\confirmation\management\commands\cleanupconfirmation.py,13,3,0,0,0
zulip,C:\Users\Zhifei Chen\Desktop\pysmell\subjects_for_metrics\zulip\confirmation\migrations\0001_initial.py,7,5,0,0,0
zulip,C:\Users\Zhifei Chen\Desktop\pysmell\subjects_for_metrics\zulip\tools\run-dev.py,89,2,0,0,0
zulip,C:\Users\Zhifei Chen\Desktop\pysmell\subjects_for_metrics\zulip\tools\deprecated\finbot\money.py,11,7,0,0,0
zulip,C:\Users\Zhifei Chen\Desktop\pysmell\subjects_for_metrics\zulip\tools\deprecated\finbot\money.py,51,2,0,0,0
zulip,C:\Users\Zhifei Chen\Desktop\pysmell\subjects_for_metrics\zulip\tools\deprecated\finbot\money.py,55,3,0,0,0
zulip,C:\Users\Zhifei Chen\Desktop\pysmell\subjects_for_metrics\zulip\tools\deprecated\finbot\money.py,63,3,0,0,0
zulip,C:\Users\Zhifei Chen\Desktop\pysmell\subjects_for_metrics\zulip\tools\deprecated\finbot\money.py,71,3,0,0,0
zulip,C:\Users\Zhifei Chen\Desktop\pysmell\subjects_for_metrics\zulip\tools\deprecated\finbot\money.py,87,3,0,0,0
zulip,C:\Users\Zhifei Chen\Desktop\pysmell\subjects_for_metrics\zulip\tools\deprecated\finbot\money.py,102,3,0,0,0
zulip,C:\Users\Zhifei Chen\Desktop\pysmell\subjects_for_metrics\zulip\tools\deprecated\finbot\money.py,110,2,0,0,0
zulip,C:\Users\Zhifei Chen\Desktop\pysmell\subjects_for_metrics\zulip\tools\deprecated\finbot\money.py,119,3,0,0,0
zulip,C:\Users\Zhifei Chen\Desktop\pysmell\subjects_for_metrics\zulip\tools\deprecated\finbot\money.py,126,3,0,0,0
zulip,C:\Users\Zhifei Chen\Desktop\pysmell\subjects_for_metrics\zulip\tools\deprecated\finbot\money.py,135,3,0,0,0
zulip,C:\Users\Zhifei Chen\Desktop\pysmell\subjects_for_metrics\zulip\tools\deprecated\finbot\money.py,148,3,0,0,0
zulip,C:\Users\Zhifei Chen\Desktop\pysmell\subjects_for_metrics\zulip\tools\deprecated\finbot\money.py,158,3,0,0,0
zulip,C:\Users\Zhifei Chen\Desktop\pysmell\subjects_for_metrics\zulip\tools\deprecated\finbot\monthdelta.py,10,26,1,0,0
zulip,C:\Users\Zhifei Chen\Desktop\pysmell\subjects_for_metrics\zulip\tools\emoji_dump\emoji_dump.py,10,2,0,0,0
zulip,C:\Users\Zhifei Chen\Desktop\pysmell\subjects_for_metrics\zulip\zerver\decorator.py,37,2,0,0,0
zulip,C:\Users\Zhifei Chen\Desktop\pysmell\subjects_for_metrics\zulip\zerver\decorator.py,334,4,0,0,0
zulip,C:\Users\Zhifei Chen\Desktop\pysmell\subjects_for_metrics\zulip\zerver\decorator.py,344,3,0,0,0
zulip,C:\Users\Zhifei Chen\Desktop\pysmell\subjects_for_metrics\zulip\zerver\decorator.py,351,3,0,0,0
zulip,C:\Users\Zhifei Chen\Desktop\pysmell\subjects_for_metrics\zulip\zerver\decorator.py,360,4,0,0,0
zulip,C:\Users\Zhifei Chen\Desktop\pysmell\subjects_for_metrics\zulip\zerver\decorator.py,364,2,0,0,0
zulip,C:\Users\Zhifei Chen\Desktop\pysmell\subjects_for_metrics\zulip\zerver\exceptions.py,5,2,0,0,0
zulip,C:\Users\Zhifei Chen\Desktop\pysmell\subjects_for_metrics\zulip\zerver\filters.py,6,3,0,0,0
zulip,C:\Users\Zhifei Chen\Desktop\pysmell\subjects_for_metrics\zulip\zerver\finders.py,6,2,0,0,0
zulip,C:\Users\Zhifei Chen\Desktop\pysmell\subjects_for_metrics\zulip\zerver\finders.py,25,2,0,0,0
zulip,C:\Users\Zhifei Chen\Desktop\pysmell\subjects_for_metrics\zulip\zerver\forms.py,44,5,0,0,0
zulip,C:\Users\Zhifei Chen\Desktop\pysmell\subjects_for_metrics\zulip\zerver\forms.py,54,3,0,0,0
zulip,C:\Users\Zhifei Chen\Desktop\pysmell\subjects_for_metrics\zulip\zerver\forms.py,58,4,0,0,0
zulip,C:\Users\Zhifei Chen\Desktop\pysmell\subjects_for_metrics\zulip\zerver\forms.py,76,2,0,0,0
zulip,C:\Users\Zhifei Chen\Desktop\pysmell\subjects_for_metrics\zulip\zerver\forms.py,82,3,0,0,0
zulip,C:\Users\Zhifei Chen\Desktop\pysmell\subjects_for_metrics\zulip\zerver\forms.py,86,2,0,0,0
zulip,C:\Users\Zhifei Chen\Desktop\pysmell\subjects_for_metrics\zulip\zerver\handlers.py,15,3,0,0,0
zulip,C:\Users\Zhifei Chen\Desktop\pysmell\subjects_for_metrics\zulip\zerver\middleware.py,203,4,0,0,0
zulip,C:\Users\Zhifei Chen\Desktop\pysmell\subjects_for_metrics\zulip\zerver\middleware.py,253,2,0,0,0
zulip,C:\Users\Zhifei Chen\Desktop\pysmell\subjects_for_metrics\zulip\zerver\middleware.py,262,3,0,0,0
zulip,C:\Users\Zhifei Chen\Desktop\pysmell\subjects_for_metrics\zulip\zerver\middleware.py,277,3,0,0,0
zulip,C:\Users\Zhifei Chen\Desktop\pysmell\subjects_for_metrics\zulip\zerver\middleware.py,298,2,0,0,0
zulip,C:\Users\Zhifei Chen\Desktop\pysmell\subjects_for_metrics\zulip\zerver\middleware.py,305,2,0,0,0
zulip,C:\Users\Zhifei Chen\Desktop\pysmell\subjects_for_metrics\zulip\zerver\models.py,109,21,0,0,0
zulip,C:\Users\Zhifei Chen\Desktop\pysmell\subjects_for_metrics\zulip\zerver\models.py,157,3,0,0,0
zulip,C:\Users\Zhifei Chen\Desktop\pysmell\subjects_for_metrics\zulip\zerver\models.py,165,3,0,0,0
zulip,C:\Users\Zhifei Chen\Desktop\pysmell\subjects_for_metrics\zulip\zerver\models.py,202,6,0,0,0
zulip,C:\Users\Zhifei Chen\Desktop\pysmell\subjects_for_metrics\zulip\zerver\models.py,207,1,0,0,0
zulip,C:\Users\Zhifei Chen\Desktop\pysmell\subjects_for_metrics\zulip\zerver\models.py,228,6,0,0,0
zulip,C:\Users\Zhifei Chen\Desktop\pysmell\subjects_for_metrics\zulip\zerver\models.py,233,1,0,0,0
zulip,C:\Users\Zhifei Chen\Desktop\pysmell\subjects_for_metrics\zulip\zerver\models.py,276,64,1,1,1
zulip,C:\Users\Zhifei Chen\Desktop\pysmell\subjects_for_metrics\zulip\zerver\models.py,426,7,0,0,0
zulip,C:\Users\Zhifei Chen\Desktop\pysmell\subjects_for_metrics\zulip\zerver\models.py,440,4,0,0,0
zulip,C:\Users\Zhifei Chen\Desktop\pysmell\subjects_for_metrics\zulip\zerver\models.py,450,11,0,0,0
zulip,C:\Users\Zhifei Chen\Desktop\pysmell\subjects_for_metrics\zulip\zerver\models.py,474,3,0,0,0
zulip,C:\Users\Zhifei Chen\Desktop\pysmell\subjects_for_metrics\zulip\zerver\models.py,483,16,0,0,0
zulip,C:\Users\Zhifei Chen\Desktop\pysmell\subjects_for_metrics\zulip\zerver\models.py,507,1,0,0,0
zulip,C:\Users\Zhifei Chen\Desktop\pysmell\subjects_for_metrics\zulip\zerver\models.py,540,13,0,0,0
zulip,C:\Users\Zhifei Chen\Desktop\pysmell\subjects_for_metrics\zulip\zerver\models.py,548,1,0,0,0
zulip,C:\Users\Zhifei Chen\Desktop\pysmell\subjects_for_metrics\zulip\zerver\models.py,565,2,0,0,0
zulip,C:\Users\Zhifei Chen\Desktop\pysmell\subjects_for_metrics\zulip\zerver\models.py,665,35,1,0,0
zulip,C:\Users\Zhifei Chen\Desktop\pysmell\subjects_for_metrics\zulip\zerver\models.py,1013,10,0,0,0
zulip,C:\Users\Zhifei Chen\Desktop\pysmell\subjects_for_metrics\zulip\zerver\models.py,1024,1,0,0,0
zulip,C:\Users\Zhifei Chen\Desktop\pysmell\subjects_for_metrics\zulip\zerver\models.py,1043,13,0,0,0
zulip,C:\Users\Zhifei Chen\Desktop\pysmell\subjects_for_metrics\zulip\zerver\models.py,1059,1,0,0,0
zulip,C:\Users\Zhifei Chen\Desktop\pysmell\subjects_for_metrics\zulip\zerver\models.py,1094,2,0,0,0
zulip,C:\Users\Zhifei Chen\Desktop\pysmell\subjects_for_metrics\zulip\zerver\models.py,1140,7,0,0,0
zulip,C:\Users\Zhifei Chen\Desktop\pysmell\subjects_for_metrics\zulip\zerver\models.py,1148,1,0,0,0
zulip,C:\Users\Zhifei Chen\Desktop\pysmell\subjects_for_metrics\zulip\zerver\models.py,1151,4,0,0,0
zulip,C:\Users\Zhifei Chen\Desktop\pysmell\subjects_for_metrics\zulip\zerver\models.py,1156,13,0,0,0
zulip,C:\Users\Zhifei Chen\Desktop\pysmell\subjects_for_metrics\zulip\zerver\models.py,1242,1,0,0,0
zulip,C:\Users\Zhifei Chen\Desktop\pysmell\subjects_for_metrics\zulip\zerver\models.py,1245,4,0,0,0
zulip,C:\Users\Zhifei Chen\Desktop\pysmell\subjects_for_metrics\zulip\zerver\models.py,1249,1,0,0,0
zulip,C:\Users\Zhifei Chen\Desktop\pysmell\subjects_for_metrics\zulip\zerver\models.py,1259,4,0,0,0
zulip,C:\Users\Zhifei Chen\Desktop\pysmell\subjects_for_metrics\zulip\zerver\models.py,1265,4,0,0,0
zulip,C:\Users\Zhifei Chen\Desktop\pysmell\subjects_for_metrics\zulip\zerver\models.py,1273,7,0,0,0
zulip,C:\Users\Zhifei Chen\Desktop\pysmell\subjects_for_metrics\zulip\zerver\storage.py,7,2,0,0,0
zulip,C:\Users\Zhifei Chen\Desktop\pysmell\subjects_for_metrics\zulip\zerver\storage.py,53,3,0,0,0
zulip,C:\Users\Zhifei Chen\Desktop\pysmell\subjects_for_metrics\zulip\zerver\tests.py,64,2,0,0,0
zulip,C:\Users\Zhifei Chen\Desktop\pysmell\subjects_for_metrics\zulip\zerver\tests.py,77,7,0,0,0
zulip,C:\Users\Zhifei Chen\Desktop\pysmell\subjects_for_metrics\zulip\zerver\tests.py,144,3,0,0,0
zulip,C:\Users\Zhifei Chen\Desktop\pysmell\subjects_for_metrics\zulip\zerver\tests.py,200,4,0,0,0
zulip,C:\Users\Zhifei Chen\Desktop\pysmell\subjects_for_metrics\zulip\zerver\tests.py,201,3,0,0,0
zulip,C:\Users\Zhifei Chen\Desktop\pysmell\subjects_for_metrics\zulip\zerver\tests.py,245,4,0,0,0
zulip,C:\Users\Zhifei Chen\Desktop\pysmell\subjects_for_metrics\zulip\zerver\tests.py,275,2,0,0,0
zulip,C:\Users\Zhifei Chen\Desktop\pysmell\subjects_for_metrics\zulip\zerver\tests.py,295,2,0,0,0
zulip,C:\Users\Zhifei Chen\Desktop\pysmell\subjects_for_metrics\zulip\zerver\tests.py,303,2,0,0,0
zulip,C:\Users\Zhifei Chen\Desktop\pysmell\subjects_for_metrics\zulip\zerver\tests.py,316,3,0,0,0
zulip,C:\Users\Zhifei Chen\Desktop\pysmell\subjects_for_metrics\zulip\zerver\tests.py,346,35,1,0,0
zulip,C:\Users\Zhifei Chen\Desktop\pysmell\subjects_for_metrics\zulip\zerver\tests.py,928,9,0,0,0
zulip,C:\Users\Zhifei Chen\Desktop\pysmell\subjects_for_metrics\zulip\zerver\tests.py,1023,7,0,0,0
zulip,C:\Users\Zhifei Chen\Desktop\pysmell\subjects_for_metrics\zulip\zerver\tests.py,1098,6,0,0,0
zulip,C:\Users\Zhifei Chen\Desktop\pysmell\subjects_for_metrics\zulip\zerver\tests.py,1190,13,0,0,0
zulip,C:\Users\Zhifei Chen\Desktop\pysmell\subjects_for_metrics\zulip\zerver\tests.py,1358,2,0,0,0
zulip,C:\Users\Zhifei Chen\Desktop\pysmell\subjects_for_metrics\zulip\zerver\tests.py,1379,2,0,0,0
zulip,C:\Users\Zhifei Chen\Desktop\pysmell\subjects_for_metrics\zulip\zerver\tests.py,1402,2,0,0,0
zulip,C:\Users\Zhifei Chen\Desktop\pysmell\subjects_for_metrics\zulip\zerver\tests.py,1431,2,0,0,0
zulip,C:\Users\Zhifei Chen\Desktop\pysmell\subjects_for_metrics\zulip\zerver\test_bugdown.py,21,5,0,0,0
zulip,C:\Users\Zhifei Chen\Desktop\pysmell\subjects_for_metrics\zulip\zerver\test_bugdown.py,131,17,0,0,0
zulip,C:\Users\Zhifei Chen\Desktop\pysmell\subjects_for_metrics\zulip\zerver\test_decorators.py,13,3,0,0,0
zulip,C:\Users\Zhifei Chen\Desktop\pysmell\subjects_for_metrics\zulip\zerver\test_decorators.py,28,1,0,0,0
zulip,C:\Users\Zhifei Chen\Desktop\pysmell\subjects_for_metrics\zulip\zerver\test_decorators.py,57,1,0,0,0
zulip,C:\Users\Zhifei Chen\Desktop\pysmell\subjects_for_metrics\zulip\zerver\test_decorators.py,80,7,0,0,0
zulip,C:\Users\Zhifei Chen\Desktop\pysmell\subjects_for_metrics\zulip\zerver\test_events.py,57,4,0,0,0
zulip,C:\Users\Zhifei Chen\Desktop\pysmell\subjects_for_metrics\zulip\zerver\test_events.py,192,34,1,0,0
zulip,C:\Users\Zhifei Chen\Desktop\pysmell\subjects_for_metrics\zulip\zerver\test_events.py,679,6,0,0,0
zulip,C:\Users\Zhifei Chen\Desktop\pysmell\subjects_for_metrics\zulip\zerver\test_events.py,808,8,0,0,0
zulip,C:\Users\Zhifei Chen\Desktop\pysmell\subjects_for_metrics\zulip\zerver\test_events.py,849,6,0,0,0
zulip,C:\Users\Zhifei Chen\Desktop\pysmell\subjects_for_metrics\zulip\zerver\test_external.py,30,5,0,0,0
zulip,C:\Users\Zhifei Chen\Desktop\pysmell\subjects_for_metrics\zulip\zerver\test_external.py,44,7,0,0,0
zulip,C:\Users\Zhifei Chen\Desktop\pysmell\subjects_for_metrics\zulip\zerver\test_external.py,111,7,0,0,0
zulip,C:\Users\Zhifei Chen\Desktop\pysmell\subjects_for_metrics\zulip\zerver\test_external.py,179,3,0,0,0
zulip,C:\Users\Zhifei Chen\Desktop\pysmell\subjects_for_metrics\zulip\zerver\test_external.py,198,4,0,0,0
zulip,C:\Users\Zhifei Chen\Desktop\pysmell\subjects_for_metrics\zulip\zerver\test_hooks.py,8,18,0,0,0
zulip,C:\Users\Zhifei Chen\Desktop\pysmell\subjects_for_metrics\zulip\zerver\test_hooks.py,151,6,0,0,0
zulip,C:\Users\Zhifei Chen\Desktop\pysmell\subjects_for_metrics\zulip\zerver\test_hooks.py,193,18,0,0,0
zulip,C:\Users\Zhifei Chen\Desktop\pysmell\subjects_for_metrics\zulip\zerver\test_hooks.py,309,18,0,0,0
zulip,C:\Users\Zhifei Chen\Desktop\pysmell\subjects_for_metrics\zulip\zerver\test_hooks.py,425,12,0,0,0
zulip,C:\Users\Zhifei Chen\Desktop\pysmell\subjects_for_metrics\zulip\zerver\test_hooks.py,497,12,0,0,0
zulip,C:\Users\Zhifei Chen\Desktop\pysmell\subjects_for_metrics\zulip\zerver\test_hooks.py,582,4,0,0,0
zulip,C:\Users\Zhifei Chen\Desktop\pysmell\subjects_for_metrics\zulip\zerver\test_hooks.py,604,2,0,0,0
zulip,C:\Users\Zhifei Chen\Desktop\pysmell\subjects_for_metrics\zulip\zerver\test_hooks.py,625,9,0,0,0
zulip,C:\Users\Zhifei Chen\Desktop\pysmell\subjects_for_metrics\zulip\zerver\test_hooks.py,702,5,0,0,0
zulip,C:\Users\Zhifei Chen\Desktop\pysmell\subjects_for_metrics\zulip\zerver\test_hooks.py,738,11,0,0,0
zulip,C:\Users\Zhifei Chen\Desktop\pysmell\subjects_for_metrics\zulip\zerver\test_messages.py,65,2,0,0,0
zulip,C:\Users\Zhifei Chen\Desktop\pysmell\subjects_for_metrics\zulip\zerver\test_messages.py,114,2,0,0,0
zulip,C:\Users\Zhifei Chen\Desktop\pysmell\subjects_for_metrics\zulip\zerver\test_messages.py,158,9,0,0,0
zulip,C:\Users\Zhifei Chen\Desktop\pysmell\subjects_for_metrics\zulip\zerver\test_messages.py,284,6,0,0,0
zulip,C:\Users\Zhifei Chen\Desktop\pysmell\subjects_for_metrics\zulip\zerver\test_messages.py,378,7,0,0,0
zulip,C:\Users\Zhifei Chen\Desktop\pysmell\subjects_for_metrics\zulip\zerver\test_messages.py,499,3,0,0,0
zulip,C:\Users\Zhifei Chen\Desktop\pysmell\subjects_for_metrics\zulip\zerver\test_messages.py,568,14,0,0,0
zulip,C:\Users\Zhifei Chen\Desktop\pysmell\subjects_for_metrics\zulip\zerver\test_messages.py,752,28,1,0,0
zulip,C:\Users\Zhifei Chen\Desktop\pysmell\subjects_for_metrics\zulip\zerver\test_messages.py,1274,5,0,0,0
zulip,C:\Users\Zhifei Chen\Desktop\pysmell\subjects_for_metrics\zulip\zerver\test_messages.py,1361,4,0,0,0
zulip,C:\Users\Zhifei Chen\Desktop\pysmell\subjects_for_metrics\zulip\zerver\test_messages.py,1412,2,0,0,0
zulip,C:\Users\Zhifei Chen\Desktop\pysmell\subjects_for_metrics\zulip\zerver\test_messages.py,1437,3,0,0,0
zulip,C:\Users\Zhifei Chen\Desktop\pysmell\subjects_for_metrics\zulip\zerver\test_signup.py,30,5,0,0,0
zulip,C:\Users\Zhifei Chen\Desktop\pysmell\subjects_for_metrics\zulip\zerver\test_signup.py,105,10,0,0,0
zulip,C:\Users\Zhifei Chen\Desktop\pysmell\subjects_for_metrics\zulip\zerver\test_signup.py,257,13,0,0,0
zulip,C:\Users\Zhifei Chen\Desktop\pysmell\subjects_for_metrics\zulip\zerver\test_signup.py,434,4,0,0,0
zulip,C:\Users\Zhifei Chen\Desktop\pysmell\subjects_for_metrics\zulip\zerver\test_subs.py,35,21,0,0,0
zulip,C:\Users\Zhifei Chen\Desktop\pysmell\subjects_for_metrics\zulip\zerver\test_subs.py,413,5,0,0,0
zulip,C:\Users\Zhifei Chen\Desktop\pysmell\subjects_for_metrics\zulip\zerver\test_subs.py,459,5,0,0,0
zulip,C:\Users\Zhifei Chen\Desktop\pysmell\subjects_for_metrics\zulip\zerver\test_subs.py,543,5,0,0,0
zulip,C:\Users\Zhifei Chen\Desktop\pysmell\subjects_for_metrics\zulip\zerver\test_subs.py,622,33,1,0,0
zulip,C:\Users\Zhifei Chen\Desktop\pysmell\subjects_for_metrics\zulip\zerver\test_subs.py,1212,3,0,0,0
zulip,C:\Users\Zhifei Chen\Desktop\pysmell\subjects_for_metrics\zulip\zerver\test_subs.py,1269,4,0,0,0
zulip,C:\Users\Zhifei Chen\Desktop\pysmell\subjects_for_metrics\zulip\zerver\test_subs.py,1357,11,0,0,0
zulip,C:\Users\Zhifei Chen\Desktop\pysmell\subjects_for_metrics\zulip\zerver\test_unread.py,11,6,0,0,0
zulip,C:\Users\Zhifei Chen\Desktop\pysmell\subjects_for_metrics\zulip\zerver\test_unread.py,70,5,0,0,0
zulip,C:\Users\Zhifei Chen\Desktop\pysmell\subjects_for_metrics\zulip\zerver\lib\db.py,19,3,0,0,0
zulip,C:\Users\Zhifei Chen\Desktop\pysmell\subjects_for_metrics\zulip\zerver\lib\db.py,28,3,0,0,0
zulip,C:\Users\Zhifei Chen\Desktop\pysmell\subjects_for_metrics\zulip\zerver\lib\email_mirror.py,146,2,0,0,0
zulip,C:\Users\Zhifei Chen\Desktop\pysmell\subjects_for_metrics\zulip\zerver\lib\event_queue.py,48,13,0,0,0
zulip,C:\Users\Zhifei Chen\Desktop\pysmell\subjects_for_metrics\zulip\zerver\lib\event_queue.py,191,9,0,0,0
zulip,C:\Users\Zhifei Chen\Desktop\pysmell\subjects_for_metrics\zulip\zerver\lib\logging_util.py,8,3,0,0,0
zulip,C:\Users\Zhifei Chen\Desktop\pysmell\subjects_for_metrics\zulip\zerver\lib\logging_util.py,39,2,0,0,0
zulip,C:\Users\Zhifei Chen\Desktop\pysmell\subjects_for_metrics\zulip\zerver\lib\logging_util.py,42,2,0,0,0
zulip,C:\Users\Zhifei Chen\Desktop\pysmell\subjects_for_metrics\zulip\zerver\lib\logging_util.py,45,2,0,0,0
zulip,C:\Users\Zhifei Chen\Desktop\pysmell\subjects_for_metrics\zulip\zerver\lib\logging_util.py,49,2,0,0,0
zulip,C:\Users\Zhifei Chen\Desktop\pysmell\subjects_for_metrics\zulip\zerver\lib\queue.py,19,18,0,0,0
zulip,C:\Users\Zhifei Chen\Desktop\pysmell\subjects_for_metrics\zulip\zerver\lib\queue.py,143,2,0,0,0
zulip,C:\Users\Zhifei Chen\Desktop\pysmell\subjects_for_metrics\zulip\zerver\lib\queue.py,154,9,0,0,0
zulip,C:\Users\Zhifei Chen\Desktop\pysmell\subjects_for_metrics\zulip\zerver\lib\response.py,6,3,0,0,0
zulip,C:\Users\Zhifei Chen\Desktop\pysmell\subjects_for_metrics\zulip\zerver\lib\socket.py,64,2,0,0,0
zulip,C:\Users\Zhifei Chen\Desktop\pysmell\subjects_for_metrics\zulip\zerver\lib\socket.py,68,2,0,0,0
zulip,C:\Users\Zhifei Chen\Desktop\pysmell\subjects_for_metrics\zulip\zerver\lib\socket.py,73,5,0,0,0
zulip,C:\Users\Zhifei Chen\Desktop\pysmell\subjects_for_metrics\zulip\zerver\lib\test_helpers.py,150,1,0,0,0
zulip,C:\Users\Zhifei Chen\Desktop\pysmell\subjects_for_metrics\zulip\zerver\lib\test_helpers.py,153,1,0,0,0
zulip,C:\Users\Zhifei Chen\Desktop\pysmell\subjects_for_metrics\zulip\zerver\lib\test_helpers.py,158,5,0,0,0
zulip,C:\Users\Zhifei Chen\Desktop\pysmell\subjects_for_metrics\zulip\zerver\lib\test_helpers.py,176,2,0,0,0
zulip,C:\Users\Zhifei Chen\Desktop\pysmell\subjects_for_metrics\zulip\zerver\lib\test_helpers.py,179,1,0,0,0
zulip,C:\Users\Zhifei Chen\Desktop\pysmell\subjects_for_metrics\zulip\zerver\lib\test_helpers.py,183,3,0,0,0
zulip,C:\Users\Zhifei Chen\Desktop\pysmell\subjects_for_metrics\zulip\zerver\lib\test_helpers.py,195,22,0,0,0
zulip,C:\Users\Zhifei Chen\Desktop\pysmell\subjects_for_metrics\zulip\zerver\lib\test_runner.py,85,4,0,0,0
zulip,C:\Users\Zhifei Chen\Desktop\pysmell\subjects_for_metrics\zulip\zerver\lib\timeout.py,10,2,0,0,0
zulip,C:\Users\Zhifei Chen\Desktop\pysmell\subjects_for_metrics\zulip\zerver\lib\timeout.py,31,4,0,0,0
zulip,C:\Users\Zhifei Chen\Desktop\pysmell\subjects_for_metrics\zulip\zerver\lib\tornado_ioloop_logging.py,36,4,0,0,0
zulip,C:\Users\Zhifei Chen\Desktop\pysmell\subjects_for_metrics\zulip\zerver\lib\unminify.py,8,4,0,0,0
zulip,C:\Users\Zhifei Chen\Desktop\pysmell\subjects_for_metrics\zulip\zerver\lib\utils.py,23,3,0,0,0
zulip,C:\Users\Zhifei Chen\Desktop\pysmell\subjects_for_metrics\zulip\zerver\lib\bugdown\codehilite.py,31,3,0,0,0
zulip,C:\Users\Zhifei Chen\Desktop\pysmell\subjects_for_metrics\zulip\zerver\lib\bugdown\codehilite.py,167,2,0,0,0
zulip,C:\Users\Zhifei Chen\Desktop\pysmell\subjects_for_metrics\zulip\zerver\lib\bugdown\codehilite.py,193,3,0,0,0
zulip,C:\Users\Zhifei Chen\Desktop\pysmell\subjects_for_metrics\zulip\zerver\lib\bugdown\fenced_code.py,94,2,0,0,0
zulip,C:\Users\Zhifei Chen\Desktop\pysmell\subjects_for_metrics\zulip\zerver\lib\bugdown\fenced_code.py,111,7,0,0,0
zulip,C:\Users\Zhifei Chen\Desktop\pysmell\subjects_for_metrics\zulip\zerver\lib\bugdown\fenced_code.py,124,1,0,0,0
zulip,C:\Users\Zhifei Chen\Desktop\pysmell\subjects_for_metrics\zulip\zerver\lib\bugdown\fenced_code.py,136,3,0,0,0
zulip,C:\Users\Zhifei Chen\Desktop\pysmell\subjects_for_metrics\zulip\zerver\lib\bugdown\fenced_code.py,162,3,0,0,0
zulip,C:\Users\Zhifei Chen\Desktop\pysmell\subjects_for_metrics\zulip\zerver\lib\bugdown\fenced_code.py,183,3,0,0,0
zulip,C:\Users\Zhifei Chen\Desktop\pysmell\subjects_for_metrics\zulip\zerver\lib\bugdown\__init__.py,234,2,0,0,0
zulip,C:\Users\Zhifei Chen\Desktop\pysmell\subjects_for_metrics\zulip\zerver\lib\bugdown\__init__.py,247,10,0,0,0
zulip,C:\Users\Zhifei Chen\Desktop\pysmell\subjects_for_metrics\zulip\zerver\lib\bugdown\__init__.py,522,2,0,0,0
zulip,C:\Users\Zhifei Chen\Desktop\pysmell\subjects_for_metrics\zulip\zerver\lib\bugdown\__init__.py,551,2,0,0,0
zulip,C:\Users\Zhifei Chen\Desktop\pysmell\subjects_for_metrics\zulip\zerver\lib\bugdown\__init__.py,568,2,0,0,0
zulip,C:\Users\Zhifei Chen\Desktop\pysmell\subjects_for_metrics\zulip\zerver\lib\bugdown\__init__.py,588,2,0,0,0
zulip,C:\Users\Zhifei Chen\Desktop\pysmell\subjects_for_metrics\zulip\zerver\lib\bugdown\__init__.py,689,3,0,0,0
zulip,C:\Users\Zhifei Chen\Desktop\pysmell\subjects_for_metrics\zulip\zerver\lib\bugdown\__init__.py,704,3,0,0,0
zulip,C:\Users\Zhifei Chen\Desktop\pysmell\subjects_for_metrics\zulip\zerver\lib\bugdown\__init__.py,713,4,0,0,0
zulip,C:\Users\Zhifei Chen\Desktop\pysmell\subjects_for_metrics\zulip\zerver\lib\bugdown\__init__.py,746,2,0,0,0
zulip,C:\Users\Zhifei Chen\Desktop\pysmell\subjects_for_metrics\zulip\zerver\lib\bugdown\__init__.py,773,3,0,0,0
zulip,C:\Users\Zhifei Chen\Desktop\pysmell\subjects_for_metrics\zulip\zerver\lib\bugdown\__init__.py,784,3,0,0,0
zulip,C:\Users\Zhifei Chen\Desktop\pysmell\subjects_for_metrics\zulip\zerver\lib\bugdown\__init__.py,821,2,0,0,0
zulip,C:\Users\Zhifei Chen\Desktop\pysmell\subjects_for_metrics\zulip\zerver\lib\bugdown\__init__.py,847,2,0,0,0
zulip,C:\Users\Zhifei Chen\Desktop\pysmell\subjects_for_metrics\zulip\zerver\lib\bugdown\__init__.py,856,2,0,0,0
zulip,C:\Users\Zhifei Chen\Desktop\pysmell\subjects_for_metrics\zulip\zerver\management\commands\add_users_to_streams.py,10,8,0,0,0
zulip,C:\Users\Zhifei Chen\Desktop\pysmell\subjects_for_metrics\zulip\zerver\management\commands\bankrupt_users.py,8,4,0,0,0
zulip,C:\Users\Zhifei Chen\Desktop\pysmell\subjects_for_metrics\zulip\zerver\management\commands\bulk_change_user_name.py,8,4,0,0,0
zulip,C:\Users\Zhifei Chen\Desktop\pysmell\subjects_for_metrics\zulip\zerver\management\commands\change_user_email.py,8,4,0,0,0
zulip,C:\Users\Zhifei Chen\Desktop\pysmell\subjects_for_metrics\zulip\zerver\management\commands\checkconfig.py,9,4,0,0,0
zulip,C:\Users\Zhifei Chen\Desktop\pysmell\subjects_for_metrics\zulip\zerver\management\commands\check_apns_tokens.py,6,4,0,0,0
zulip,C:\Users\Zhifei Chen\Desktop\pysmell\subjects_for_metrics\zulip\zerver\management\commands\check_redis.py,12,7,0,0,0
zulip,C:\Users\Zhifei Chen\Desktop\pysmell\subjects_for_metrics\zulip\zerver\management\commands\create_realm.py,15,10,0,0,0
zulip,C:\Users\Zhifei Chen\Desktop\pysmell\subjects_for_metrics\zulip\zerver\management\commands\create_stream.py,10,5,0,0,0
zulip,C:\Users\Zhifei Chen\Desktop\pysmell\subjects_for_metrics\zulip\zerver\management\commands\create_user.py,16,5,0,0,0
zulip,C:\Users\Zhifei Chen\Desktop\pysmell\subjects_for_metrics\zulip\zerver\management\commands\deactivate_realm.py,8,4,0,0,0
zulip,C:\Users\Zhifei Chen\Desktop\pysmell\subjects_for_metrics\zulip\zerver\management\commands\deactivate_user.py,10,4,0,0,0
zulip,C:\Users\Zhifei Chen\Desktop\pysmell\subjects_for_metrics\zulip\zerver\management\commands\deliver_email.py,63,4,0,0,0
zulip,C:\Users\Zhifei Chen\Desktop\pysmell\subjects_for_metrics\zulip\zerver\management\commands\dump_messages.py,10,6,0,0,0
zulip,C:\Users\Zhifei Chen\Desktop\pysmell\subjects_for_metrics\zulip\zerver\management\commands\email-mirror.py,134,4,0,0,0
zulip,C:\Users\Zhifei Chen\Desktop\pysmell\subjects_for_metrics\zulip\zerver\management\commands\enqueue_digest_emails.py,83,4,0,0,0
zulip,C:\Users\Zhifei Chen\Desktop\pysmell\subjects_for_metrics\zulip\zerver\management\commands\enqueue_file.py,13,5,0,0,0
zulip,C:\Users\Zhifei Chen\Desktop\pysmell\subjects_for_metrics\zulip\zerver\management\commands\expunge_db.py,7,4,0,0,0
zulip,C:\Users\Zhifei Chen\Desktop\pysmell\subjects_for_metrics\zulip\zerver\management\commands\expunge_logs.py,53,5,0,0,0
zulip,C:\Users\Zhifei Chen\Desktop\pysmell\subjects_for_metrics\zulip\zerver\management\commands\fill_memcached_caches.py,7,5,0,0,0
zulip,C:\Users\Zhifei Chen\Desktop\pysmell\subjects_for_metrics\zulip\zerver\management\commands\generate_invite_links.py,8,4,0,0,0
zulip,C:\Users\Zhifei Chen\Desktop\pysmell\subjects_for_metrics\zulip\zerver\management\commands\gravatar_to_user_avatar.py,10,5,0,0,0
zulip,C:\Users\Zhifei Chen\Desktop\pysmell\subjects_for_metrics\zulip\zerver\management\commands\import_dump.py,17,13,0,0,0
zulip,C:\Users\Zhifei Chen\Desktop\pysmell\subjects_for_metrics\zulip\zerver\management\commands\initialize_voyager_db.py,27,8,0,0,0
zulip,C:\Users\Zhifei Chen\Desktop\pysmell\subjects_for_metrics\zulip\zerver\management\commands\knight.py,10,5,0,0,0
zulip,C:\Users\Zhifei Chen\Desktop\pysmell\subjects_for_metrics\zulip\zerver\management\commands\logout_all_users.py,11,5,0,0,0
zulip,C:\Users\Zhifei Chen\Desktop\pysmell\subjects_for_metrics\zulip\zerver\management\commands\print_email_delivery_backlog.py,16,4,0,0,0
zulip,C:\Users\Zhifei Chen\Desktop\pysmell\subjects_for_metrics\zulip\zerver\management\commands\process_queue.py,11,4,0,0,0
zulip,C:\Users\Zhifei Chen\Desktop\pysmell\subjects_for_metrics\zulip\zerver\management\commands\purge_queue.py,7,4,0,0,0
zulip,C:\Users\Zhifei Chen\Desktop\pysmell\subjects_for_metrics\zulip\zerver\management\commands\query_ldap.py,24,3,0,0,0
zulip,C:\Users\Zhifei Chen\Desktop\pysmell\subjects_for_metrics\zulip\zerver\management\commands\rate_limit.py,9,4,0,0,0
zulip,C:\Users\Zhifei Chen\Desktop\pysmell\subjects_for_metrics\zulip\zerver\management\commands\realm_alias.py,8,4,0,0,0
zulip,C:\Users\Zhifei Chen\Desktop\pysmell\subjects_for_metrics\zulip\zerver\management\commands\realm_emoji.py,8,5,0,0,0
zulip,C:\Users\Zhifei Chen\Desktop\pysmell\subjects_for_metrics\zulip\zerver\management\commands\realm_filters.py,9,5,0,0,0
zulip,C:\Users\Zhifei Chen\Desktop\pysmell\subjects_for_metrics\zulip\zerver\management\commands\remove_users_from_stream.py,11,8,0,0,0
zulip,C:\Users\Zhifei Chen\Desktop\pysmell\subjects_for_metrics\zulip\zerver\management\commands\rename_stream.py,10,4,0,0,0
zulip,C:\Users\Zhifei Chen\Desktop\pysmell\subjects_for_metrics\zulip\zerver\management\commands\runtornado.py,31,7,0,0,0
zulip,C:\Users\Zhifei Chen\Desktop\pysmell\subjects_for_metrics\zulip\zerver\management\commands\runtornado.py,128,11,0,0,0
zulip,C:\Users\Zhifei Chen\Desktop\pysmell\subjects_for_metrics\zulip\zerver\management\commands\send_stats.py,6,4,0,0,0
zulip,C:\Users\Zhifei Chen\Desktop\pysmell\subjects_for_metrics\zulip\zerver\management\commands\set_default_streams.py,11,7,0,0,0
zulip,C:\Users\Zhifei Chen\Desktop\pysmell\subjects_for_metrics\zulip\zerver\management\commands\set_message_flags.py,14,10,0,0,0
zulip,C:\Users\Zhifei Chen\Desktop\pysmell\subjects_for_metrics\zulip\zerver\management\commands\show_admins.py,7,4,0,0,0
zulip,C:\Users\Zhifei Chen\Desktop\pysmell\subjects_for_metrics\zulip\zerver\management\commands\sync_ldap_user_data.py,41,2,0,0,0
zulip,C:\Users\Zhifei Chen\Desktop\pysmell\subjects_for_metrics\zulip\zerver\management\commands\turn_off_digests.py,10,6,0,0,0
zulip,C:\Users\Zhifei Chen\Desktop\pysmell\subjects_for_metrics\zulip\zerver\management\commands\update_permissions.py,7,3,0,0,0
zulip,C:\Users\Zhifei Chen\Desktop\pysmell\subjects_for_metrics\zulip\zerver\migrations\0001_initial.py,12,57,1,0,1
zulip,C:\Users\Zhifei Chen\Desktop\pysmell\subjects_for_metrics\zulip\zerver\migrations\0002_django_1_8.py,8,14,0,0,0
zulip,C:\Users\Zhifei Chen\Desktop\pysmell\subjects_for_metrics\zulip\zerver\migrations\0003_custom_indexes.py,7,6,0,0,0
zulip,C:\Users\Zhifei Chen\Desktop\pysmell\subjects_for_metrics\zulip\zerver\migrations\0004_userprofile_left_side_userlist.py,7,5,0,0,0
zulip,C:\Users\Zhifei Chen\Desktop\pysmell\subjects_for_metrics\zulip\zerver\migrations\0005_auto_20150920_1340.py,7,5,0,0,0
zulip,C:\Users\Zhifei Chen\Desktop\pysmell\subjects_for_metrics\zulip\zerver\templatetags\minified_js.py,9,3,0,0,0
zulip,C:\Users\Zhifei Chen\Desktop\pysmell\subjects_for_metrics\zulip\zerver\views\messages.py,45,4,0,0,0
zulip,C:\Users\Zhifei Chen\Desktop\pysmell\subjects_for_metrics\zulip\zerver\views\messages.py,80,3,0,0,0
zulip,C:\Users\Zhifei Chen\Desktop\pysmell\subjects_for_metrics\zulip\zerver\views\messages.py,88,16,0,0,0
zulip,C:\Users\Zhifei Chen\Desktop\pysmell\subjects_for_metrics\zulip\zerver\views\webhooks.py,741,2,0,0,0
zulip,C:\Users\Zhifei Chen\Desktop\pysmell\subjects_for_metrics\zulip\zerver\views\__init__.py,149,3,0,0,0
zulip,C:\Users\Zhifei Chen\Desktop\pysmell\subjects_for_metrics\zulip\zerver\worker\queue_processors.py,55,6,0,0,0
zulip,C:\Users\Zhifei Chen\Desktop\pysmell\subjects_for_metrics\zulip\zerver\worker\queue_processors.py,88,4,0,0,0
zulip,C:\Users\Zhifei Chen\Desktop\pysmell\subjects_for_metrics\zulip\zerver\worker\queue_processors.py,117,3,0,0,0
zulip,C:\Users\Zhifei Chen\Desktop\pysmell\subjects_for_metrics\zulip\zerver\worker\queue_processors.py,137,3,0,0,0
zulip,C:\Users\Zhifei Chen\Desktop\pysmell\subjects_for_metrics\zulip\zerver\worker\queue_processors.py,146,3,0,0,0
zulip,C:\Users\Zhifei Chen\Desktop\pysmell\subjects_for_metrics\zulip\zerver\worker\queue_processors.py,153,3,0,0,0
zulip,C:\Users\Zhifei Chen\Desktop\pysmell\subjects_for_metrics\zulip\zerver\worker\queue_processors.py,163,3,0,0,0
zulip,C:\Users\Zhifei Chen\Desktop\pysmell\subjects_for_metrics\zulip\zerver\worker\queue_processors.py,182,3,0,0,0
zulip,C:\Users\Zhifei Chen\Desktop\pysmell\subjects_for_metrics\zulip\zerver\worker\queue_processors.py,198,4,0,0,0
zulip,C:\Users\Zhifei Chen\Desktop\pysmell\subjects_for_metrics\zulip\zerver\worker\queue_processors.py,225,4,0,0,0
zulip,C:\Users\Zhifei Chen\Desktop\pysmell\subjects_for_metrics\zulip\zerver\worker\queue_processors.py,243,4,0,0,0
zulip,C:\Users\Zhifei Chen\Desktop\pysmell\subjects_for_metrics\zulip\zerver\worker\queue_processors.py,268,4,0,0,0
zulip,C:\Users\Zhifei Chen\Desktop\pysmell\subjects_for_metrics\zulip\zerver\worker\queue_processors.py,315,3,0,0,0
zulip,C:\Users\Zhifei Chen\Desktop\pysmell\subjects_for_metrics\zulip\zerver\worker\queue_processors.py,323,3,0,0,0
zulip,C:\Users\Zhifei Chen\Desktop\pysmell\subjects_for_metrics\zulip\zerver\worker\queue_processors.py,331,3,0,0,0
zulip,C:\Users\Zhifei Chen\Desktop\pysmell\subjects_for_metrics\zulip\zilencer\forms.py,3,4,0,0,0
zulip,C:\Users\Zhifei Chen\Desktop\pysmell\subjects_for_metrics\zulip\zilencer\models.py,7,8,0,0,0
zulip,C:\Users\Zhifei Chen\Desktop\pysmell\subjects_for_metrics\zulip\zilencer\tests.py,8,3,0,0,0
zulip,C:\Users\Zhifei Chen\Desktop\pysmell\subjects_for_metrics\zulip\zilencer\management\commands\create_deployment.py,13,7,0,0,0
zulip,C:\Users\Zhifei Chen\Desktop\pysmell\subjects_for_metrics\zulip\zilencer\management\commands\grant_invites.py,8,4,0,0,0
zulip,C:\Users\Zhifei Chen\Desktop\pysmell\subjects_for_metrics\zulip\zilencer\management\commands\migrate_stream_notifications.py,6,3,0,0,0
zulip,C:\Users\Zhifei Chen\Desktop\pysmell\subjects_for_metrics\zulip\zilencer\management\commands\populate_db.py,46,15,0,0,0
zulip,C:\Users\Zhifei Chen\Desktop\pysmell\subjects_for_metrics\zulip\zilencer\management\commands\print_initial_password.py,7,5,0,0,0
zulip,C:\Users\Zhifei Chen\Desktop\pysmell\subjects_for_metrics\zulip\zilencer\management\commands\profile_request.py,13,2,0,0,0
zulip,C:\Users\Zhifei Chen\Desktop\pysmell\subjects_for_metrics\zulip\zilencer\management\commands\profile_request.py,17,3,0,0,0
zulip,C:\Users\Zhifei Chen\Desktop\pysmell\subjects_for_metrics\zulip\zilencer\management\commands\profile_request.py,44,4,0,0,0
zulip,C:\Users\Zhifei Chen\Desktop\pysmell\subjects_for_metrics\zulip\zilencer\management\commands\render_old_messages.py,9,4,0,0,0
zulip,C:\Users\Zhifei Chen\Desktop\pysmell\subjects_for_metrics\zulip\zilencer\management\commands\sync_api_key.py,8,3,0,0,0
zulip,C:\Users\Zhifei Chen\Desktop\pysmell\subjects_for_metrics\zulip\zilencer\migrations\0001_initial.py,7,5,0,0,0
zulip,C:\Users\Zhifei Chen\Desktop\pysmell\subjects_for_metrics\zulip\zproject\backends.py,43,2,0,0,0
zulip,C:\Users\Zhifei Chen\Desktop\pysmell\subjects_for_metrics\zulip\zproject\backends.py,51,2,0,0,0
zulip,C:\Users\Zhifei Chen\Desktop\pysmell\subjects_for_metrics\zulip\zproject\backends.py,63,2,0,0,0
zulip,C:\Users\Zhifei Chen\Desktop\pysmell\subjects_for_metrics\zulip\zproject\backends.py,88,2,0,0,0
zulip,C:\Users\Zhifei Chen\Desktop\pysmell\subjects_for_metrics\zulip\zproject\backends.py,113,3,0,0,0
zulip,C:\Users\Zhifei Chen\Desktop\pysmell\subjects_for_metrics\zulip\zproject\backends.py,133,2,0,0,0
zulip,C:\Users\Zhifei Chen\Desktop\pysmell\subjects_for_metrics\zulip\zproject\backends.py,136,7,0,0,0
zulip,C:\Users\Zhifei Chen\Desktop\pysmell\subjects_for_metrics\zulip\zproject\backends.py,158,3,0,0,0
zulip,C:\Users\Zhifei Chen\Desktop\pysmell\subjects_for_metrics\zulip\zproject\backends.py,185,2,0,0,0
zulip,C:\Users\Zhifei Chen\Desktop\pysmell\subjects_for_metrics\zulip\zproject\backends.py,189,2,0,0,0
