subject,file,lineno,NBC,experience-based,statistics-based,tuning machine
zulip,C:\Users\Zhifei Chen\Desktop\pysmell\subjects_for_metrics\zulip\analytics\management\commands\active_user_stats.py,11,1,0,0,0
zulip,C:\Users\Zhifei Chen\Desktop\pysmell\subjects_for_metrics\zulip\analytics\management\commands\active_user_stats_by_day.py,10,1,0,0,0
zulip,C:\Users\Zhifei Chen\Desktop\pysmell\subjects_for_metrics\zulip\analytics\management\commands\analyze_mit.py,71,1,0,0,0
zulip,C:\Users\Zhifei Chen\Desktop\pysmell\subjects_for_metrics\zulip\analytics\management\commands\analyze_user_activity.py,34,1,0,0,0
zulip,C:\Users\Zhifei Chen\Desktop\pysmell\subjects_for_metrics\zulip\analytics\management\commands\client_activity.py,11,1,0,0,0
zulip,C:\Users\Zhifei Chen\Desktop\pysmell\subjects_for_metrics\zulip\analytics\management\commands\realm_stats.py,16,1,0,0,0
zulip,C:\Users\Zhifei Chen\Desktop\pysmell\subjects_for_metrics\zulip\analytics\management\commands\stream_stats.py,7,1,0,0,0
zulip,C:\Users\Zhifei Chen\Desktop\pysmell\subjects_for_metrics\zulip\analytics\management\commands\user_stats.py,9,1,0,0,0
zulip,C:\Users\Zhifei Chen\Desktop\pysmell\subjects_for_metrics\zulip\api\integrations\perforce\git_p4.py,889,1,0,0,0
zulip,C:\Users\Zhifei Chen\Desktop\pysmell\subjects_for_metrics\zulip\api\integrations\perforce\git_p4.py,904,1,0,0,0
zulip,C:\Users\Zhifei Chen\Desktop\pysmell\subjects_for_metrics\zulip\api\integrations\perforce\git_p4.py,963,2,0,1,0
zulip,C:\Users\Zhifei Chen\Desktop\pysmell\subjects_for_metrics\zulip\api\integrations\perforce\git_p4.py,1777,1,0,0,0
zulip,C:\Users\Zhifei Chen\Desktop\pysmell\subjects_for_metrics\zulip\api\integrations\perforce\git_p4.py,1875,2,0,1,0
zulip,C:\Users\Zhifei Chen\Desktop\pysmell\subjects_for_metrics\zulip\api\integrations\perforce\git_p4.py,3028,1,0,0,0
zulip,C:\Users\Zhifei Chen\Desktop\pysmell\subjects_for_metrics\zulip\api\integrations\perforce\git_p4.py,3064,1,0,0,0
zulip,C:\Users\Zhifei Chen\Desktop\pysmell\subjects_for_metrics\zulip\api\integrations\perforce\git_p4.py,3152,1,0,0,0
zulip,C:\Users\Zhifei Chen\Desktop\pysmell\subjects_for_metrics\zulip\api\integrations\perforce\git_p4.py,3180,1,0,0,0
zulip,C:\Users\Zhifei Chen\Desktop\pysmell\subjects_for_metrics\zulip\api\integrations\trac\zulip_trac.py,77,1,0,0,0
zulip,C:\Users\Zhifei Chen\Desktop\pysmell\subjects_for_metrics\zulip\api\zulip\__init__.py,52,1,0,0,0
zulip,C:\Users\Zhifei Chen\Desktop\pysmell\subjects_for_metrics\zulip\api\zulip\__init__.py,79,1,0,0,0
zulip,C:\Users\Zhifei Chen\Desktop\pysmell\subjects_for_metrics\zulip\api\zulip\__init__.py,138,1,0,0,0
zulip,C:\Users\Zhifei Chen\Desktop\pysmell\subjects_for_metrics\zulip\api\zulip\__init__.py,393,1,0,0,0
zulip,C:\Users\Zhifei Chen\Desktop\pysmell\subjects_for_metrics\zulip\bots\irc-mirror.py,21,1,0,0,0
zulip,C:\Users\Zhifei Chen\Desktop\pysmell\subjects_for_metrics\zulip\bots\jabber_mirror_backend.py,73,1,0,0,0
zulip,C:\Users\Zhifei Chen\Desktop\pysmell\subjects_for_metrics\zulip\bots\jabber_mirror_backend.py,195,1,0,0,0
zulip,C:\Users\Zhifei Chen\Desktop\pysmell\subjects_for_metrics\zulip\confirmation\models.py,43,1,0,0,0
zulip,C:\Users\Zhifei Chen\Desktop\pysmell\subjects_for_metrics\zulip\confirmation\models.py,99,1,0,0,0
zulip,C:\Users\Zhifei Chen\Desktop\pysmell\subjects_for_metrics\zulip\confirmation\management\commands\cleanupconfirmation.py,13,1,0,0,0
zulip,C:\Users\Zhifei Chen\Desktop\pysmell\subjects_for_metrics\zulip\confirmation\migrations\0001_initial.py,7,1,0,0,0
zulip,C:\Users\Zhifei Chen\Desktop\pysmell\subjects_for_metrics\zulip\tools\run-dev.py,89,1,0,0,0
zulip,C:\Users\Zhifei Chen\Desktop\pysmell\subjects_for_metrics\zulip\tools\deprecated\finbot\money.py,11,1,0,0,0
zulip,C:\Users\Zhifei Chen\Desktop\pysmell\subjects_for_metrics\zulip\tools\deprecated\finbot\money.py,51,1,0,0,0
zulip,C:\Users\Zhifei Chen\Desktop\pysmell\subjects_for_metrics\zulip\tools\deprecated\finbot\money.py,55,1,0,0,0
zulip,C:\Users\Zhifei Chen\Desktop\pysmell\subjects_for_metrics\zulip\tools\deprecated\finbot\money.py,63,1,0,0,0
zulip,C:\Users\Zhifei Chen\Desktop\pysmell\subjects_for_metrics\zulip\tools\deprecated\finbot\money.py,71,1,0,0,0
zulip,C:\Users\Zhifei Chen\Desktop\pysmell\subjects_for_metrics\zulip\tools\deprecated\finbot\money.py,87,1,0,0,0
zulip,C:\Users\Zhifei Chen\Desktop\pysmell\subjects_for_metrics\zulip\tools\deprecated\finbot\money.py,102,1,0,0,0
zulip,C:\Users\Zhifei Chen\Desktop\pysmell\subjects_for_metrics\zulip\tools\deprecated\finbot\money.py,110,1,0,0,0
zulip,C:\Users\Zhifei Chen\Desktop\pysmell\subjects_for_metrics\zulip\tools\deprecated\finbot\money.py,119,1,0,0,0
zulip,C:\Users\Zhifei Chen\Desktop\pysmell\subjects_for_metrics\zulip\tools\deprecated\finbot\money.py,126,1,0,0,0
zulip,C:\Users\Zhifei Chen\Desktop\pysmell\subjects_for_metrics\zulip\tools\deprecated\finbot\money.py,135,1,0,0,0
zulip,C:\Users\Zhifei Chen\Desktop\pysmell\subjects_for_metrics\zulip\tools\deprecated\finbot\money.py,148,1,0,0,0
zulip,C:\Users\Zhifei Chen\Desktop\pysmell\subjects_for_metrics\zulip\tools\deprecated\finbot\money.py,158,1,0,0,0
zulip,C:\Users\Zhifei Chen\Desktop\pysmell\subjects_for_metrics\zulip\tools\emoji_dump\emoji_dump.py,10,1,0,0,0
zulip,C:\Users\Zhifei Chen\Desktop\pysmell\subjects_for_metrics\zulip\zerver\decorator.py,37,1,0,0,0
zulip,C:\Users\Zhifei Chen\Desktop\pysmell\subjects_for_metrics\zulip\zerver\decorator.py,334,1,0,0,0
zulip,C:\Users\Zhifei Chen\Desktop\pysmell\subjects_for_metrics\zulip\zerver\decorator.py,344,1,0,0,0
zulip,C:\Users\Zhifei Chen\Desktop\pysmell\subjects_for_metrics\zulip\zerver\decorator.py,351,1,0,0,0
zulip,C:\Users\Zhifei Chen\Desktop\pysmell\subjects_for_metrics\zulip\zerver\decorator.py,360,1,0,0,0
zulip,C:\Users\Zhifei Chen\Desktop\pysmell\subjects_for_metrics\zulip\zerver\decorator.py,364,1,0,0,0
zulip,C:\Users\Zhifei Chen\Desktop\pysmell\subjects_for_metrics\zulip\zerver\exceptions.py,5,1,0,0,0
zulip,C:\Users\Zhifei Chen\Desktop\pysmell\subjects_for_metrics\zulip\zerver\filters.py,6,1,0,0,0
zulip,C:\Users\Zhifei Chen\Desktop\pysmell\subjects_for_metrics\zulip\zerver\finders.py,6,1,0,0,0
zulip,C:\Users\Zhifei Chen\Desktop\pysmell\subjects_for_metrics\zulip\zerver\finders.py,25,2,0,1,0
zulip,C:\Users\Zhifei Chen\Desktop\pysmell\subjects_for_metrics\zulip\zerver\forms.py,44,1,0,0,0
zulip,C:\Users\Zhifei Chen\Desktop\pysmell\subjects_for_metrics\zulip\zerver\forms.py,54,1,0,0,0
zulip,C:\Users\Zhifei Chen\Desktop\pysmell\subjects_for_metrics\zulip\zerver\forms.py,58,1,0,0,0
zulip,C:\Users\Zhifei Chen\Desktop\pysmell\subjects_for_metrics\zulip\zerver\forms.py,76,1,0,0,0
zulip,C:\Users\Zhifei Chen\Desktop\pysmell\subjects_for_metrics\zulip\zerver\forms.py,82,1,0,0,0
zulip,C:\Users\Zhifei Chen\Desktop\pysmell\subjects_for_metrics\zulip\zerver\forms.py,86,1,0,0,0
zulip,C:\Users\Zhifei Chen\Desktop\pysmell\subjects_for_metrics\zulip\zerver\handlers.py,15,1,0,0,0
zulip,C:\Users\Zhifei Chen\Desktop\pysmell\subjects_for_metrics\zulip\zerver\middleware.py,203,1,0,0,0
zulip,C:\Users\Zhifei Chen\Desktop\pysmell\subjects_for_metrics\zulip\zerver\middleware.py,253,1,0,0,0
zulip,C:\Users\Zhifei Chen\Desktop\pysmell\subjects_for_metrics\zulip\zerver\middleware.py,262,1,0,0,0
zulip,C:\Users\Zhifei Chen\Desktop\pysmell\subjects_for_metrics\zulip\zerver\middleware.py,277,1,0,0,0
zulip,C:\Users\Zhifei Chen\Desktop\pysmell\subjects_for_metrics\zulip\zerver\middleware.py,298,1,0,0,0
zulip,C:\Users\Zhifei Chen\Desktop\pysmell\subjects_for_metrics\zulip\zerver\middleware.py,305,1,0,0,0
zulip,C:\Users\Zhifei Chen\Desktop\pysmell\subjects_for_metrics\zulip\zerver\models.py,109,1,0,0,0
zulip,C:\Users\Zhifei Chen\Desktop\pysmell\subjects_for_metrics\zulip\zerver\models.py,165,1,0,0,0
zulip,C:\Users\Zhifei Chen\Desktop\pysmell\subjects_for_metrics\zulip\zerver\models.py,202,1,0,0,0
zulip,C:\Users\Zhifei Chen\Desktop\pysmell\subjects_for_metrics\zulip\zerver\models.py,228,1,0,0,0
zulip,C:\Users\Zhifei Chen\Desktop\pysmell\subjects_for_metrics\zulip\zerver\models.py,276,2,0,1,0
zulip,C:\Users\Zhifei Chen\Desktop\pysmell\subjects_for_metrics\zulip\zerver\models.py,426,1,0,0,0
zulip,C:\Users\Zhifei Chen\Desktop\pysmell\subjects_for_metrics\zulip\zerver\models.py,440,1,0,0,0
zulip,C:\Users\Zhifei Chen\Desktop\pysmell\subjects_for_metrics\zulip\zerver\models.py,450,1,0,0,0
zulip,C:\Users\Zhifei Chen\Desktop\pysmell\subjects_for_metrics\zulip\zerver\models.py,474,1,0,0,0
zulip,C:\Users\Zhifei Chen\Desktop\pysmell\subjects_for_metrics\zulip\zerver\models.py,483,1,0,0,0
zulip,C:\Users\Zhifei Chen\Desktop\pysmell\subjects_for_metrics\zulip\zerver\models.py,540,1,0,0,0
zulip,C:\Users\Zhifei Chen\Desktop\pysmell\subjects_for_metrics\zulip\zerver\models.py,565,1,0,0,0
zulip,C:\Users\Zhifei Chen\Desktop\pysmell\subjects_for_metrics\zulip\zerver\models.py,665,1,0,0,0
zulip,C:\Users\Zhifei Chen\Desktop\pysmell\subjects_for_metrics\zulip\zerver\models.py,1013,1,0,0,0
zulip,C:\Users\Zhifei Chen\Desktop\pysmell\subjects_for_metrics\zulip\zerver\models.py,1043,1,0,0,0
zulip,C:\Users\Zhifei Chen\Desktop\pysmell\subjects_for_metrics\zulip\zerver\models.py,1094,1,0,0,0
zulip,C:\Users\Zhifei Chen\Desktop\pysmell\subjects_for_metrics\zulip\zerver\models.py,1140,1,0,0,0
zulip,C:\Users\Zhifei Chen\Desktop\pysmell\subjects_for_metrics\zulip\zerver\models.py,1151,1,0,0,0
zulip,C:\Users\Zhifei Chen\Desktop\pysmell\subjects_for_metrics\zulip\zerver\models.py,1156,1,0,0,0
zulip,C:\Users\Zhifei Chen\Desktop\pysmell\subjects_for_metrics\zulip\zerver\models.py,1245,1,0,0,0
zulip,C:\Users\Zhifei Chen\Desktop\pysmell\subjects_for_metrics\zulip\zerver\models.py,1259,1,0,0,0
zulip,C:\Users\Zhifei Chen\Desktop\pysmell\subjects_for_metrics\zulip\zerver\models.py,1265,1,0,0,0
zulip,C:\Users\Zhifei Chen\Desktop\pysmell\subjects_for_metrics\zulip\zerver\models.py,1273,1,0,0,0
zulip,C:\Users\Zhifei Chen\Desktop\pysmell\subjects_for_metrics\zulip\zerver\storage.py,7,1,0,0,0
zulip,C:\Users\Zhifei Chen\Desktop\pysmell\subjects_for_metrics\zulip\zerver\storage.py,53,4,1,1,1
zulip,C:\Users\Zhifei Chen\Desktop\pysmell\subjects_for_metrics\zulip\zerver\tests.py,64,1,0,0,0
zulip,C:\Users\Zhifei Chen\Desktop\pysmell\subjects_for_metrics\zulip\zerver\tests.py,77,1,0,0,0
zulip,C:\Users\Zhifei Chen\Desktop\pysmell\subjects_for_metrics\zulip\zerver\tests.py,144,1,0,0,0
zulip,C:\Users\Zhifei Chen\Desktop\pysmell\subjects_for_metrics\zulip\zerver\tests.py,200,1,0,0,0
zulip,C:\Users\Zhifei Chen\Desktop\pysmell\subjects_for_metrics\zulip\zerver\tests.py,245,1,0,0,0
zulip,C:\Users\Zhifei Chen\Desktop\pysmell\subjects_for_metrics\zulip\zerver\tests.py,275,1,0,0,0
zulip,C:\Users\Zhifei Chen\Desktop\pysmell\subjects_for_metrics\zulip\zerver\tests.py,295,1,0,0,0
zulip,C:\Users\Zhifei Chen\Desktop\pysmell\subjects_for_metrics\zulip\zerver\tests.py,303,1,0,0,0
zulip,C:\Users\Zhifei Chen\Desktop\pysmell\subjects_for_metrics\zulip\zerver\tests.py,316,1,0,0,0
zulip,C:\Users\Zhifei Chen\Desktop\pysmell\subjects_for_metrics\zulip\zerver\tests.py,346,1,0,0,0
zulip,C:\Users\Zhifei Chen\Desktop\pysmell\subjects_for_metrics\zulip\zerver\tests.py,928,1,0,0,0
zulip,C:\Users\Zhifei Chen\Desktop\pysmell\subjects_for_metrics\zulip\zerver\tests.py,1023,1,0,0,0
zulip,C:\Users\Zhifei Chen\Desktop\pysmell\subjects_for_metrics\zulip\zerver\tests.py,1098,1,0,0,0
zulip,C:\Users\Zhifei Chen\Desktop\pysmell\subjects_for_metrics\zulip\zerver\tests.py,1190,1,0,0,0
zulip,C:\Users\Zhifei Chen\Desktop\pysmell\subjects_for_metrics\zulip\zerver\tests.py,1358,1,0,0,0
zulip,C:\Users\Zhifei Chen\Desktop\pysmell\subjects_for_metrics\zulip\zerver\tests.py,1379,1,0,0,0
zulip,C:\Users\Zhifei Chen\Desktop\pysmell\subjects_for_metrics\zulip\zerver\tests.py,1402,1,0,0,0
zulip,C:\Users\Zhifei Chen\Desktop\pysmell\subjects_for_metrics\zulip\zerver\tests.py,1431,1,0,0,0
zulip,C:\Users\Zhifei Chen\Desktop\pysmell\subjects_for_metrics\zulip\zerver\test_bugdown.py,21,1,0,0,0
zulip,C:\Users\Zhifei Chen\Desktop\pysmell\subjects_for_metrics\zulip\zerver\test_bugdown.py,131,1,0,0,0
zulip,C:\Users\Zhifei Chen\Desktop\pysmell\subjects_for_metrics\zulip\zerver\test_decorators.py,13,1,0,0,0
zulip,C:\Users\Zhifei Chen\Desktop\pysmell\subjects_for_metrics\zulip\zerver\test_decorators.py,80,1,0,0,0
zulip,C:\Users\Zhifei Chen\Desktop\pysmell\subjects_for_metrics\zulip\zerver\test_events.py,57,1,0,0,0
zulip,C:\Users\Zhifei Chen\Desktop\pysmell\subjects_for_metrics\zulip\zerver\test_events.py,192,1,0,0,0
zulip,C:\Users\Zhifei Chen\Desktop\pysmell\subjects_for_metrics\zulip\zerver\test_events.py,679,1,0,0,0
zulip,C:\Users\Zhifei Chen\Desktop\pysmell\subjects_for_metrics\zulip\zerver\test_events.py,808,1,0,0,0
zulip,C:\Users\Zhifei Chen\Desktop\pysmell\subjects_for_metrics\zulip\zerver\test_events.py,849,1,0,0,0
zulip,C:\Users\Zhifei Chen\Desktop\pysmell\subjects_for_metrics\zulip\zerver\test_external.py,30,1,0,0,0
zulip,C:\Users\Zhifei Chen\Desktop\pysmell\subjects_for_metrics\zulip\zerver\test_external.py,44,1,0,0,0
zulip,C:\Users\Zhifei Chen\Desktop\pysmell\subjects_for_metrics\zulip\zerver\test_external.py,111,1,0,0,0
zulip,C:\Users\Zhifei Chen\Desktop\pysmell\subjects_for_metrics\zulip\zerver\test_external.py,179,1,0,0,0
zulip,C:\Users\Zhifei Chen\Desktop\pysmell\subjects_for_metrics\zulip\zerver\test_external.py,198,1,0,0,0
zulip,C:\Users\Zhifei Chen\Desktop\pysmell\subjects_for_metrics\zulip\zerver\test_hooks.py,8,1,0,0,0
zulip,C:\Users\Zhifei Chen\Desktop\pysmell\subjects_for_metrics\zulip\zerver\test_hooks.py,151,1,0,0,0
zulip,C:\Users\Zhifei Chen\Desktop\pysmell\subjects_for_metrics\zulip\zerver\test_hooks.py,193,1,0,0,0
zulip,C:\Users\Zhifei Chen\Desktop\pysmell\subjects_for_metrics\zulip\zerver\test_hooks.py,309,1,0,0,0
zulip,C:\Users\Zhifei Chen\Desktop\pysmell\subjects_for_metrics\zulip\zerver\test_hooks.py,425,1,0,0,0
zulip,C:\Users\Zhifei Chen\Desktop\pysmell\subjects_for_metrics\zulip\zerver\test_hooks.py,497,1,0,0,0
zulip,C:\Users\Zhifei Chen\Desktop\pysmell\subjects_for_metrics\zulip\zerver\test_hooks.py,582,1,0,0,0
zulip,C:\Users\Zhifei Chen\Desktop\pysmell\subjects_for_metrics\zulip\zerver\test_hooks.py,604,1,0,0,0
zulip,C:\Users\Zhifei Chen\Desktop\pysmell\subjects_for_metrics\zulip\zerver\test_hooks.py,625,1,0,0,0
zulip,C:\Users\Zhifei Chen\Desktop\pysmell\subjects_for_metrics\zulip\zerver\test_hooks.py,702,1,0,0,0
zulip,C:\Users\Zhifei Chen\Desktop\pysmell\subjects_for_metrics\zulip\zerver\test_hooks.py,738,1,0,0,0
zulip,C:\Users\Zhifei Chen\Desktop\pysmell\subjects_for_metrics\zulip\zerver\test_messages.py,65,1,0,0,0
zulip,C:\Users\Zhifei Chen\Desktop\pysmell\subjects_for_metrics\zulip\zerver\test_messages.py,114,1,0,0,0
zulip,C:\Users\Zhifei Chen\Desktop\pysmell\subjects_for_metrics\zulip\zerver\test_messages.py,158,1,0,0,0
zulip,C:\Users\Zhifei Chen\Desktop\pysmell\subjects_for_metrics\zulip\zerver\test_messages.py,284,1,0,0,0
zulip,C:\Users\Zhifei Chen\Desktop\pysmell\subjects_for_metrics\zulip\zerver\test_messages.py,378,1,0,0,0
zulip,C:\Users\Zhifei Chen\Desktop\pysmell\subjects_for_metrics\zulip\zerver\test_messages.py,499,1,0,0,0
zulip,C:\Users\Zhifei Chen\Desktop\pysmell\subjects_for_metrics\zulip\zerver\test_messages.py,568,1,0,0,0
zulip,C:\Users\Zhifei Chen\Desktop\pysmell\subjects_for_metrics\zulip\zerver\test_messages.py,752,1,0,0,0
zulip,C:\Users\Zhifei Chen\Desktop\pysmell\subjects_for_metrics\zulip\zerver\test_messages.py,1274,1,0,0,0
zulip,C:\Users\Zhifei Chen\Desktop\pysmell\subjects_for_metrics\zulip\zerver\test_messages.py,1361,1,0,0,0
zulip,C:\Users\Zhifei Chen\Desktop\pysmell\subjects_for_metrics\zulip\zerver\test_messages.py,1412,1,0,0,0
zulip,C:\Users\Zhifei Chen\Desktop\pysmell\subjects_for_metrics\zulip\zerver\test_messages.py,1437,1,0,0,0
zulip,C:\Users\Zhifei Chen\Desktop\pysmell\subjects_for_metrics\zulip\zerver\test_signup.py,30,1,0,0,0
zulip,C:\Users\Zhifei Chen\Desktop\pysmell\subjects_for_metrics\zulip\zerver\test_signup.py,105,1,0,0,0
zulip,C:\Users\Zhifei Chen\Desktop\pysmell\subjects_for_metrics\zulip\zerver\test_signup.py,257,1,0,0,0
zulip,C:\Users\Zhifei Chen\Desktop\pysmell\subjects_for_metrics\zulip\zerver\test_signup.py,434,1,0,0,0
zulip,C:\Users\Zhifei Chen\Desktop\pysmell\subjects_for_metrics\zulip\zerver\test_subs.py,35,1,0,0,0
zulip,C:\Users\Zhifei Chen\Desktop\pysmell\subjects_for_metrics\zulip\zerver\test_subs.py,413,1,0,0,0
zulip,C:\Users\Zhifei Chen\Desktop\pysmell\subjects_for_metrics\zulip\zerver\test_subs.py,459,1,0,0,0
zulip,C:\Users\Zhifei Chen\Desktop\pysmell\subjects_for_metrics\zulip\zerver\test_subs.py,543,1,0,0,0
zulip,C:\Users\Zhifei Chen\Desktop\pysmell\subjects_for_metrics\zulip\zerver\test_subs.py,622,1,0,0,0
zulip,C:\Users\Zhifei Chen\Desktop\pysmell\subjects_for_metrics\zulip\zerver\test_subs.py,1212,1,0,0,0
zulip,C:\Users\Zhifei Chen\Desktop\pysmell\subjects_for_metrics\zulip\zerver\test_subs.py,1269,1,0,0,0
zulip,C:\Users\Zhifei Chen\Desktop\pysmell\subjects_for_metrics\zulip\zerver\test_subs.py,1357,1,0,0,0
zulip,C:\Users\Zhifei Chen\Desktop\pysmell\subjects_for_metrics\zulip\zerver\test_unread.py,11,1,0,0,0
zulip,C:\Users\Zhifei Chen\Desktop\pysmell\subjects_for_metrics\zulip\zerver\test_unread.py,70,1,0,0,0
zulip,C:\Users\Zhifei Chen\Desktop\pysmell\subjects_for_metrics\zulip\zerver\lib\db.py,19,1,0,0,0
zulip,C:\Users\Zhifei Chen\Desktop\pysmell\subjects_for_metrics\zulip\zerver\lib\db.py,28,1,0,0,0
zulip,C:\Users\Zhifei Chen\Desktop\pysmell\subjects_for_metrics\zulip\zerver\lib\email_mirror.py,146,1,0,0,0
zulip,C:\Users\Zhifei Chen\Desktop\pysmell\subjects_for_metrics\zulip\zerver\lib\event_queue.py,48,1,0,0,0
zulip,C:\Users\Zhifei Chen\Desktop\pysmell\subjects_for_metrics\zulip\zerver\lib\event_queue.py,191,1,0,0,0
zulip,C:\Users\Zhifei Chen\Desktop\pysmell\subjects_for_metrics\zulip\zerver\lib\logging_util.py,8,1,0,0,0
zulip,C:\Users\Zhifei Chen\Desktop\pysmell\subjects_for_metrics\zulip\zerver\lib\logging_util.py,39,1,0,0,0
zulip,C:\Users\Zhifei Chen\Desktop\pysmell\subjects_for_metrics\zulip\zerver\lib\logging_util.py,42,1,0,0,0
zulip,C:\Users\Zhifei Chen\Desktop\pysmell\subjects_for_metrics\zulip\zerver\lib\logging_util.py,45,1,0,0,0
zulip,C:\Users\Zhifei Chen\Desktop\pysmell\subjects_for_metrics\zulip\zerver\lib\logging_util.py,49,1,0,0,0
zulip,C:\Users\Zhifei Chen\Desktop\pysmell\subjects_for_metrics\zulip\zerver\lib\queue.py,19,1,0,0,0
zulip,C:\Users\Zhifei Chen\Desktop\pysmell\subjects_for_metrics\zulip\zerver\lib\queue.py,143,1,0,0,0
zulip,C:\Users\Zhifei Chen\Desktop\pysmell\subjects_for_metrics\zulip\zerver\lib\queue.py,154,1,0,0,0
zulip,C:\Users\Zhifei Chen\Desktop\pysmell\subjects_for_metrics\zulip\zerver\lib\response.py,6,1,0,0,0
zulip,C:\Users\Zhifei Chen\Desktop\pysmell\subjects_for_metrics\zulip\zerver\lib\socket.py,64,1,0,0,0
zulip,C:\Users\Zhifei Chen\Desktop\pysmell\subjects_for_metrics\zulip\zerver\lib\socket.py,68,1,0,0,0
zulip,C:\Users\Zhifei Chen\Desktop\pysmell\subjects_for_metrics\zulip\zerver\lib\socket.py,73,1,0,0,0
zulip,C:\Users\Zhifei Chen\Desktop\pysmell\subjects_for_metrics\zulip\zerver\lib\test_helpers.py,158,1,0,0,0
zulip,C:\Users\Zhifei Chen\Desktop\pysmell\subjects_for_metrics\zulip\zerver\lib\test_helpers.py,176,1,0,0,0
zulip,C:\Users\Zhifei Chen\Desktop\pysmell\subjects_for_metrics\zulip\zerver\lib\test_helpers.py,183,1,0,0,0
zulip,C:\Users\Zhifei Chen\Desktop\pysmell\subjects_for_metrics\zulip\zerver\lib\test_helpers.py,195,1,0,0,0
zulip,C:\Users\Zhifei Chen\Desktop\pysmell\subjects_for_metrics\zulip\zerver\lib\test_runner.py,85,1,0,0,0
zulip,C:\Users\Zhifei Chen\Desktop\pysmell\subjects_for_metrics\zulip\zerver\lib\timeout.py,10,1,0,0,0
zulip,C:\Users\Zhifei Chen\Desktop\pysmell\subjects_for_metrics\zulip\zerver\lib\timeout.py,31,1,0,0,0
zulip,C:\Users\Zhifei Chen\Desktop\pysmell\subjects_for_metrics\zulip\zerver\lib\tornado_ioloop_logging.py,36,1,0,0,0
zulip,C:\Users\Zhifei Chen\Desktop\pysmell\subjects_for_metrics\zulip\zerver\lib\unminify.py,8,1,0,0,0
zulip,C:\Users\Zhifei Chen\Desktop\pysmell\subjects_for_metrics\zulip\zerver\lib\utils.py,23,1,0,0,0
zulip,C:\Users\Zhifei Chen\Desktop\pysmell\subjects_for_metrics\zulip\zerver\lib\bugdown\codehilite.py,167,1,0,0,0
zulip,C:\Users\Zhifei Chen\Desktop\pysmell\subjects_for_metrics\zulip\zerver\lib\bugdown\codehilite.py,193,1,0,0,0
zulip,C:\Users\Zhifei Chen\Desktop\pysmell\subjects_for_metrics\zulip\zerver\lib\bugdown\fenced_code.py,94,1,0,0,0
zulip,C:\Users\Zhifei Chen\Desktop\pysmell\subjects_for_metrics\zulip\zerver\lib\bugdown\fenced_code.py,111,1,0,0,0
zulip,C:\Users\Zhifei Chen\Desktop\pysmell\subjects_for_metrics\zulip\zerver\lib\bugdown\__init__.py,234,1,0,0,0
zulip,C:\Users\Zhifei Chen\Desktop\pysmell\subjects_for_metrics\zulip\zerver\lib\bugdown\__init__.py,247,1,0,0,0
zulip,C:\Users\Zhifei Chen\Desktop\pysmell\subjects_for_metrics\zulip\zerver\lib\bugdown\__init__.py,522,1,0,0,0
zulip,C:\Users\Zhifei Chen\Desktop\pysmell\subjects_for_metrics\zulip\zerver\lib\bugdown\__init__.py,551,1,0,0,0
zulip,C:\Users\Zhifei Chen\Desktop\pysmell\subjects_for_metrics\zulip\zerver\lib\bugdown\__init__.py,568,1,0,0,0
zulip,C:\Users\Zhifei Chen\Desktop\pysmell\subjects_for_metrics\zulip\zerver\lib\bugdown\__init__.py,588,1,0,0,0
zulip,C:\Users\Zhifei Chen\Desktop\pysmell\subjects_for_metrics\zulip\zerver\lib\bugdown\__init__.py,689,1,0,0,0
zulip,C:\Users\Zhifei Chen\Desktop\pysmell\subjects_for_metrics\zulip\zerver\lib\bugdown\__init__.py,704,1,0,0,0
zulip,C:\Users\Zhifei Chen\Desktop\pysmell\subjects_for_metrics\zulip\zerver\lib\bugdown\__init__.py,713,1,0,0,0
zulip,C:\Users\Zhifei Chen\Desktop\pysmell\subjects_for_metrics\zulip\zerver\lib\bugdown\__init__.py,746,1,0,0,0
zulip,C:\Users\Zhifei Chen\Desktop\pysmell\subjects_for_metrics\zulip\zerver\lib\bugdown\__init__.py,773,1,0,0,0
zulip,C:\Users\Zhifei Chen\Desktop\pysmell\subjects_for_metrics\zulip\zerver\lib\bugdown\__init__.py,784,1,0,0,0
zulip,C:\Users\Zhifei Chen\Desktop\pysmell\subjects_for_metrics\zulip\zerver\lib\bugdown\__init__.py,821,1,0,0,0
zulip,C:\Users\Zhifei Chen\Desktop\pysmell\subjects_for_metrics\zulip\zerver\lib\bugdown\__init__.py,847,1,0,0,0
zulip,C:\Users\Zhifei Chen\Desktop\pysmell\subjects_for_metrics\zulip\zerver\lib\bugdown\__init__.py,856,1,0,0,0
zulip,C:\Users\Zhifei Chen\Desktop\pysmell\subjects_for_metrics\zulip\zerver\management\commands\add_users_to_streams.py,10,1,0,0,0
zulip,C:\Users\Zhifei Chen\Desktop\pysmell\subjects_for_metrics\zulip\zerver\management\commands\bankrupt_users.py,8,1,0,0,0
zulip,C:\Users\Zhifei Chen\Desktop\pysmell\subjects_for_metrics\zulip\zerver\management\commands\bulk_change_user_name.py,8,1,0,0,0
zulip,C:\Users\Zhifei Chen\Desktop\pysmell\subjects_for_metrics\zulip\zerver\management\commands\change_user_email.py,8,1,0,0,0
zulip,C:\Users\Zhifei Chen\Desktop\pysmell\subjects_for_metrics\zulip\zerver\management\commands\checkconfig.py,9,1,0,0,0
zulip,C:\Users\Zhifei Chen\Desktop\pysmell\subjects_for_metrics\zulip\zerver\management\commands\check_apns_tokens.py,6,1,0,0,0
zulip,C:\Users\Zhifei Chen\Desktop\pysmell\subjects_for_metrics\zulip\zerver\management\commands\check_redis.py,12,1,0,0,0
zulip,C:\Users\Zhifei Chen\Desktop\pysmell\subjects_for_metrics\zulip\zerver\management\commands\create_realm.py,15,1,0,0,0
zulip,C:\Users\Zhifei Chen\Desktop\pysmell\subjects_for_metrics\zulip\zerver\management\commands\create_stream.py,10,1,0,0,0
zulip,C:\Users\Zhifei Chen\Desktop\pysmell\subjects_for_metrics\zulip\zerver\management\commands\create_user.py,16,1,0,0,0
zulip,C:\Users\Zhifei Chen\Desktop\pysmell\subjects_for_metrics\zulip\zerver\management\commands\deactivate_realm.py,8,1,0,0,0
zulip,C:\Users\Zhifei Chen\Desktop\pysmell\subjects_for_metrics\zulip\zerver\management\commands\deactivate_user.py,10,1,0,0,0
zulip,C:\Users\Zhifei Chen\Desktop\pysmell\subjects_for_metrics\zulip\zerver\management\commands\deliver_email.py,63,1,0,0,0
zulip,C:\Users\Zhifei Chen\Desktop\pysmell\subjects_for_metrics\zulip\zerver\management\commands\dump_messages.py,10,1,0,0,0
zulip,C:\Users\Zhifei Chen\Desktop\pysmell\subjects_for_metrics\zulip\zerver\management\commands\email-mirror.py,134,1,0,0,0
zulip,C:\Users\Zhifei Chen\Desktop\pysmell\subjects_for_metrics\zulip\zerver\management\commands\enqueue_digest_emails.py,83,1,0,0,0
zulip,C:\Users\Zhifei Chen\Desktop\pysmell\subjects_for_metrics\zulip\zerver\management\commands\enqueue_file.py,13,1,0,0,0
zulip,C:\Users\Zhifei Chen\Desktop\pysmell\subjects_for_metrics\zulip\zerver\management\commands\expunge_db.py,7,1,0,0,0
zulip,C:\Users\Zhifei Chen\Desktop\pysmell\subjects_for_metrics\zulip\zerver\management\commands\expunge_logs.py,53,1,0,0,0
zulip,C:\Users\Zhifei Chen\Desktop\pysmell\subjects_for_metrics\zulip\zerver\management\commands\fill_memcached_caches.py,7,1,0,0,0
zulip,C:\Users\Zhifei Chen\Desktop\pysmell\subjects_for_metrics\zulip\zerver\management\commands\generate_invite_links.py,8,1,0,0,0
zulip,C:\Users\Zhifei Chen\Desktop\pysmell\subjects_for_metrics\zulip\zerver\management\commands\gravatar_to_user_avatar.py,10,1,0,0,0
zulip,C:\Users\Zhifei Chen\Desktop\pysmell\subjects_for_metrics\zulip\zerver\management\commands\import_dump.py,17,1,0,0,0
zulip,C:\Users\Zhifei Chen\Desktop\pysmell\subjects_for_metrics\zulip\zerver\management\commands\initialize_voyager_db.py,27,1,0,0,0
zulip,C:\Users\Zhifei Chen\Desktop\pysmell\subjects_for_metrics\zulip\zerver\management\commands\knight.py,10,1,0,0,0
zulip,C:\Users\Zhifei Chen\Desktop\pysmell\subjects_for_metrics\zulip\zerver\management\commands\logout_all_users.py,11,1,0,0,0
zulip,C:\Users\Zhifei Chen\Desktop\pysmell\subjects_for_metrics\zulip\zerver\management\commands\print_email_delivery_backlog.py,16,1,0,0,0
zulip,C:\Users\Zhifei Chen\Desktop\pysmell\subjects_for_metrics\zulip\zerver\management\commands\process_queue.py,11,1,0,0,0
zulip,C:\Users\Zhifei Chen\Desktop\pysmell\subjects_for_metrics\zulip\zerver\management\commands\purge_queue.py,7,1,0,0,0
zulip,C:\Users\Zhifei Chen\Desktop\pysmell\subjects_for_metrics\zulip\zerver\management\commands\query_ldap.py,24,1,0,0,0
zulip,C:\Users\Zhifei Chen\Desktop\pysmell\subjects_for_metrics\zulip\zerver\management\commands\rate_limit.py,9,1,0,0,0
zulip,C:\Users\Zhifei Chen\Desktop\pysmell\subjects_for_metrics\zulip\zerver\management\commands\realm_alias.py,8,1,0,0,0
zulip,C:\Users\Zhifei Chen\Desktop\pysmell\subjects_for_metrics\zulip\zerver\management\commands\realm_emoji.py,8,1,0,0,0
zulip,C:\Users\Zhifei Chen\Desktop\pysmell\subjects_for_metrics\zulip\zerver\management\commands\realm_filters.py,9,1,0,0,0
zulip,C:\Users\Zhifei Chen\Desktop\pysmell\subjects_for_metrics\zulip\zerver\management\commands\remove_users_from_stream.py,11,1,0,0,0
zulip,C:\Users\Zhifei Chen\Desktop\pysmell\subjects_for_metrics\zulip\zerver\management\commands\rename_stream.py,10,1,0,0,0
zulip,C:\Users\Zhifei Chen\Desktop\pysmell\subjects_for_metrics\zulip\zerver\management\commands\runtornado.py,31,1,0,0,0
zulip,C:\Users\Zhifei Chen\Desktop\pysmell\subjects_for_metrics\zulip\zerver\management\commands\runtornado.py,128,2,0,1,0
zulip,C:\Users\Zhifei Chen\Desktop\pysmell\subjects_for_metrics\zulip\zerver\management\commands\send_stats.py,6,1,0,0,0
zulip,C:\Users\Zhifei Chen\Desktop\pysmell\subjects_for_metrics\zulip\zerver\management\commands\set_default_streams.py,11,1,0,0,0
zulip,C:\Users\Zhifei Chen\Desktop\pysmell\subjects_for_metrics\zulip\zerver\management\commands\set_message_flags.py,14,1,0,0,0
zulip,C:\Users\Zhifei Chen\Desktop\pysmell\subjects_for_metrics\zulip\zerver\management\commands\show_admins.py,7,1,0,0,0
zulip,C:\Users\Zhifei Chen\Desktop\pysmell\subjects_for_metrics\zulip\zerver\management\commands\sync_ldap_user_data.py,41,1,0,0,0
zulip,C:\Users\Zhifei Chen\Desktop\pysmell\subjects_for_metrics\zulip\zerver\management\commands\turn_off_digests.py,10,1,0,0,0
zulip,C:\Users\Zhifei Chen\Desktop\pysmell\subjects_for_metrics\zulip\zerver\management\commands\update_permissions.py,7,1,0,0,0
zulip,C:\Users\Zhifei Chen\Desktop\pysmell\subjects_for_metrics\zulip\zerver\migrations\0001_initial.py,12,1,0,0,0
zulip,C:\Users\Zhifei Chen\Desktop\pysmell\subjects_for_metrics\zulip\zerver\migrations\0002_django_1_8.py,8,1,0,0,0
zulip,C:\Users\Zhifei Chen\Desktop\pysmell\subjects_for_metrics\zulip\zerver\migrations\0003_custom_indexes.py,7,1,0,0,0
zulip,C:\Users\Zhifei Chen\Desktop\pysmell\subjects_for_metrics\zulip\zerver\migrations\0004_userprofile_left_side_userlist.py,7,1,0,0,0
zulip,C:\Users\Zhifei Chen\Desktop\pysmell\subjects_for_metrics\zulip\zerver\migrations\0005_auto_20150920_1340.py,7,1,0,0,0
zulip,C:\Users\Zhifei Chen\Desktop\pysmell\subjects_for_metrics\zulip\zerver\templatetags\minified_js.py,9,1,0,0,0
zulip,C:\Users\Zhifei Chen\Desktop\pysmell\subjects_for_metrics\zulip\zerver\views\messages.py,45,1,0,0,0
zulip,C:\Users\Zhifei Chen\Desktop\pysmell\subjects_for_metrics\zulip\zerver\views\messages.py,80,1,0,0,0
zulip,C:\Users\Zhifei Chen\Desktop\pysmell\subjects_for_metrics\zulip\zerver\views\messages.py,88,1,0,0,0
zulip,C:\Users\Zhifei Chen\Desktop\pysmell\subjects_for_metrics\zulip\zerver\views\webhooks.py,741,1,0,0,0
zulip,C:\Users\Zhifei Chen\Desktop\pysmell\subjects_for_metrics\zulip\zerver\views\__init__.py,149,1,0,0,0
zulip,C:\Users\Zhifei Chen\Desktop\pysmell\subjects_for_metrics\zulip\zerver\worker\queue_processors.py,55,1,0,0,0
zulip,C:\Users\Zhifei Chen\Desktop\pysmell\subjects_for_metrics\zulip\zerver\worker\queue_processors.py,88,1,0,0,0
zulip,C:\Users\Zhifei Chen\Desktop\pysmell\subjects_for_metrics\zulip\zerver\worker\queue_processors.py,117,1,0,0,0
zulip,C:\Users\Zhifei Chen\Desktop\pysmell\subjects_for_metrics\zulip\zerver\worker\queue_processors.py,137,1,0,0,0
zulip,C:\Users\Zhifei Chen\Desktop\pysmell\subjects_for_metrics\zulip\zerver\worker\queue_processors.py,146,1,0,0,0
zulip,C:\Users\Zhifei Chen\Desktop\pysmell\subjects_for_metrics\zulip\zerver\worker\queue_processors.py,153,1,0,0,0
zulip,C:\Users\Zhifei Chen\Desktop\pysmell\subjects_for_metrics\zulip\zerver\worker\queue_processors.py,163,1,0,0,0
zulip,C:\Users\Zhifei Chen\Desktop\pysmell\subjects_for_metrics\zulip\zerver\worker\queue_processors.py,182,1,0,0,0
zulip,C:\Users\Zhifei Chen\Desktop\pysmell\subjects_for_metrics\zulip\zerver\worker\queue_processors.py,198,1,0,0,0
zulip,C:\Users\Zhifei Chen\Desktop\pysmell\subjects_for_metrics\zulip\zerver\worker\queue_processors.py,225,1,0,0,0
zulip,C:\Users\Zhifei Chen\Desktop\pysmell\subjects_for_metrics\zulip\zerver\worker\queue_processors.py,243,1,0,0,0
zulip,C:\Users\Zhifei Chen\Desktop\pysmell\subjects_for_metrics\zulip\zerver\worker\queue_processors.py,268,1,0,0,0
zulip,C:\Users\Zhifei Chen\Desktop\pysmell\subjects_for_metrics\zulip\zerver\worker\queue_processors.py,315,1,0,0,0
zulip,C:\Users\Zhifei Chen\Desktop\pysmell\subjects_for_metrics\zulip\zerver\worker\queue_processors.py,323,1,0,0,0
zulip,C:\Users\Zhifei Chen\Desktop\pysmell\subjects_for_metrics\zulip\zerver\worker\queue_processors.py,331,1,0,0,0
zulip,C:\Users\Zhifei Chen\Desktop\pysmell\subjects_for_metrics\zulip\zilencer\forms.py,3,1,0,0,0
zulip,C:\Users\Zhifei Chen\Desktop\pysmell\subjects_for_metrics\zulip\zilencer\models.py,7,1,0,0,0
zulip,C:\Users\Zhifei Chen\Desktop\pysmell\subjects_for_metrics\zulip\zilencer\tests.py,8,1,0,0,0
zulip,C:\Users\Zhifei Chen\Desktop\pysmell\subjects_for_metrics\zulip\zilencer\management\commands\create_deployment.py,13,1,0,0,0
zulip,C:\Users\Zhifei Chen\Desktop\pysmell\subjects_for_metrics\zulip\zilencer\management\commands\grant_invites.py,8,1,0,0,0
zulip,C:\Users\Zhifei Chen\Desktop\pysmell\subjects_for_metrics\zulip\zilencer\management\commands\migrate_stream_notifications.py,6,1,0,0,0
zulip,C:\Users\Zhifei Chen\Desktop\pysmell\subjects_for_metrics\zulip\zilencer\management\commands\populate_db.py,46,1,0,0,0
zulip,C:\Users\Zhifei Chen\Desktop\pysmell\subjects_for_metrics\zulip\zilencer\management\commands\print_initial_password.py,7,1,0,0,0
zulip,C:\Users\Zhifei Chen\Desktop\pysmell\subjects_for_metrics\zulip\zilencer\management\commands\profile_request.py,13,1,0,0,0
zulip,C:\Users\Zhifei Chen\Desktop\pysmell\subjects_for_metrics\zulip\zilencer\management\commands\profile_request.py,17,1,0,0,0
zulip,C:\Users\Zhifei Chen\Desktop\pysmell\subjects_for_metrics\zulip\zilencer\management\commands\profile_request.py,44,1,0,0,0
zulip,C:\Users\Zhifei Chen\Desktop\pysmell\subjects_for_metrics\zulip\zilencer\management\commands\render_old_messages.py,9,1,0,0,0
zulip,C:\Users\Zhifei Chen\Desktop\pysmell\subjects_for_metrics\zulip\zilencer\management\commands\sync_api_key.py,8,1,0,0,0
zulip,C:\Users\Zhifei Chen\Desktop\pysmell\subjects_for_metrics\zulip\zilencer\migrations\0001_initial.py,7,1,0,0,0
zulip,C:\Users\Zhifei Chen\Desktop\pysmell\subjects_for_metrics\zulip\zproject\backends.py,43,1,0,0,0
zulip,C:\Users\Zhifei Chen\Desktop\pysmell\subjects_for_metrics\zulip\zproject\backends.py,51,1,0,0,0
zulip,C:\Users\Zhifei Chen\Desktop\pysmell\subjects_for_metrics\zulip\zproject\backends.py,63,1,0,0,0
zulip,C:\Users\Zhifei Chen\Desktop\pysmell\subjects_for_metrics\zulip\zproject\backends.py,88,1,0,0,0
zulip,C:\Users\Zhifei Chen\Desktop\pysmell\subjects_for_metrics\zulip\zproject\backends.py,113,1,0,0,0
zulip,C:\Users\Zhifei Chen\Desktop\pysmell\subjects_for_metrics\zulip\zproject\backends.py,133,1,0,0,0
zulip,C:\Users\Zhifei Chen\Desktop\pysmell\subjects_for_metrics\zulip\zproject\backends.py,136,2,0,1,0
zulip,C:\Users\Zhifei Chen\Desktop\pysmell\subjects_for_metrics\zulip\zproject\backends.py,158,1,0,0,0
zulip,C:\Users\Zhifei Chen\Desktop\pysmell\subjects_for_metrics\zulip\zproject\backends.py,185,1,0,0,0
zulip,C:\Users\Zhifei Chen\Desktop\pysmell\subjects_for_metrics\zulip\zproject\backends.py,189,1,0,0,0
