subject,file,lineno,NOC,PAR,NOO,experience-based,statistics-based,tuning machine
zulip,C:\Users\Zhifei Chen\Desktop\pysmell\subjects_for_metrics\zulip\analytics\views.py,279,39,1,4,0,0,0
zulip,C:\Users\Zhifei Chen\Desktop\pysmell\subjects_for_metrics\zulip\analytics\views.py,280,32,1,3,0,0,0
zulip,C:\Users\Zhifei Chen\Desktop\pysmell\subjects_for_metrics\zulip\analytics\views.py,707,12,1,3,0,0,0
zulip,C:\Users\Zhifei Chen\Desktop\pysmell\subjects_for_metrics\zulip\analytics\views.py,736,12,1,3,0,0,0
zulip,C:\Users\Zhifei Chen\Desktop\pysmell\subjects_for_metrics\zulip\analytics\views.py,843,34,1,5,0,0,0
zulip,C:\Users\Zhifei Chen\Desktop\pysmell\subjects_for_metrics\zulip\analytics\management\commands\analyze_mit.py,50,31,1,4,0,0,0
zulip,C:\Users\Zhifei Chen\Desktop\pysmell\subjects_for_metrics\zulip\analytics\management\commands\realm_stats.py,108,46,1,4,0,0,0
zulip,C:\Users\Zhifei Chen\Desktop\pysmell\subjects_for_metrics\zulip\analytics\management\commands\realm_stats.py,113,21,1,2,0,0,0
zulip,C:\Users\Zhifei Chen\Desktop\pysmell\subjects_for_metrics\zulip\api\setup.py,12,40,1,5,0,0,0
zulip,C:\Users\Zhifei Chen\Desktop\pysmell\subjects_for_metrics\zulip\api\zulip\__init__.py,303,24,1,1,0,0,0
zulip,C:\Users\Zhifei Chen\Desktop\pysmell\subjects_for_metrics\zulip\api\zulip\__init__.py,414,21,1,1,0,0,0
zulip,C:\Users\Zhifei Chen\Desktop\pysmell\subjects_for_metrics\zulip\api\zulip\__init__.py,415,21,1,1,0,0,0
zulip,C:\Users\Zhifei Chen\Desktop\pysmell\subjects_for_metrics\zulip\api\zulip\__init__.py,417,21,0,1,0,0,0
zulip,C:\Users\Zhifei Chen\Desktop\pysmell\subjects_for_metrics\zulip\api\zulip\__init__.py,428,79,1,10,1,0,0
zulip,C:\Users\Zhifei Chen\Desktop\pysmell\subjects_for_metrics\zulip\bots\irc-mirror.py,33,45,1,7,0,0,0
zulip,C:\Users\Zhifei Chen\Desktop\pysmell\subjects_for_metrics\zulip\bots\irc-mirror.py,38,34,1,7,0,0,0
zulip,C:\Users\Zhifei Chen\Desktop\pysmell\subjects_for_metrics\zulip\bots\irc-mirror.py,40,36,1,5,0,0,0
zulip,C:\Users\Zhifei Chen\Desktop\pysmell\subjects_for_metrics\zulip\bots\summarize_stream.py,67,27,1,5,0,0,0
zulip,C:\Users\Zhifei Chen\Desktop\pysmell\subjects_for_metrics\zulip\bots\summarize_stream.py,68,19,1,5,0,0,0
zulip,C:\Users\Zhifei Chen\Desktop\pysmell\subjects_for_metrics\zulip\bots\summarize_stream.py,69,21,1,3,0,0,0
zulip,C:\Users\Zhifei Chen\Desktop\pysmell\subjects_for_metrics\zulip\bots\summarize_stream.py,75,22,1,3,0,0,0
zulip,C:\Users\Zhifei Chen\Desktop\pysmell\subjects_for_metrics\zulip\tools\deprecated\generate-activity-metrics.py,60,41,1,11,0,0,0
zulip,C:\Users\Zhifei Chen\Desktop\pysmell\subjects_for_metrics\zulip\tools\deprecated\generate-activity-metrics.py,64,14,1,3,0,0,0
zulip,C:\Users\Zhifei Chen\Desktop\pysmell\subjects_for_metrics\zulip\tools\deprecated\generate-activity-metrics.py,108,12,1,3,0,0,0
zulip,C:\Users\Zhifei Chen\Desktop\pysmell\subjects_for_metrics\zulip\zerver\decorator.py,69,16,1,1,0,0,0
zulip,C:\Users\Zhifei Chen\Desktop\pysmell\subjects_for_metrics\zulip\zerver\middleware.py,189,12,1,1,0,0,0
zulip,C:\Users\Zhifei Chen\Desktop\pysmell\subjects_for_metrics\zulip\zerver\models.py,59,48,0,5,0,0,0
zulip,C:\Users\Zhifei Chen\Desktop\pysmell\subjects_for_metrics\zulip\zerver\models.py,628,57,1,4,0,0,0
zulip,C:\Users\Zhifei Chen\Desktop\pysmell\subjects_for_metrics\zulip\zerver\models.py,631,32,1,4,0,0,0
zulip,C:\Users\Zhifei Chen\Desktop\pysmell\subjects_for_metrics\zulip\zerver\models.py,647,33,1,2,0,0,0
zulip,C:\Users\Zhifei Chen\Desktop\pysmell\subjects_for_metrics\zulip\zerver\models.py,1111,60,2,3,0,0,0
zulip,C:\Users\Zhifei Chen\Desktop\pysmell\subjects_for_metrics\zulip\zerver\tests.py,232,18,0,1,0,0,0
zulip,C:\Users\Zhifei Chen\Desktop\pysmell\subjects_for_metrics\zulip\zerver\tests.py,266,18,0,1,0,0,0
zulip,C:\Users\Zhifei Chen\Desktop\pysmell\subjects_for_metrics\zulip\zerver\test_bugdown.py,72,33,2,5,0,0,0
zulip,C:\Users\Zhifei Chen\Desktop\pysmell\subjects_for_metrics\zulip\zerver\test_bugdown.py,73,35,1,8,0,0,0
zulip,C:\Users\Zhifei Chen\Desktop\pysmell\subjects_for_metrics\zulip\zerver\test_bugdown.py,104,33,2,5,0,0,0
zulip,C:\Users\Zhifei Chen\Desktop\pysmell\subjects_for_metrics\zulip\zerver\test_bugdown.py,105,35,1,8,0,0,0
zulip,C:\Users\Zhifei Chen\Desktop\pysmell\subjects_for_metrics\zulip\zerver\test_events.py,267,78,0,8,1,0,0
zulip,C:\Users\Zhifei Chen\Desktop\pysmell\subjects_for_metrics\zulip\zerver\test_events.py,296,83,0,8,1,0,0
zulip,C:\Users\Zhifei Chen\Desktop\pysmell\subjects_for_metrics\zulip\zerver\test_events.py,305,48,0,5,0,0,0
zulip,C:\Users\Zhifei Chen\Desktop\pysmell\subjects_for_metrics\zulip\zerver\test_events.py,331,37,0,5,0,0,0
zulip,C:\Users\Zhifei Chen\Desktop\pysmell\subjects_for_metrics\zulip\zerver\test_events.py,343,59,0,6,0,0,0
zulip,C:\Users\Zhifei Chen\Desktop\pysmell\subjects_for_metrics\zulip\zerver\test_events.py,347,62,0,6,0,0,0
zulip,C:\Users\Zhifei Chen\Desktop\pysmell\subjects_for_metrics\zulip\zerver\test_events.py,356,67,0,8,1,0,0
zulip,C:\Users\Zhifei Chen\Desktop\pysmell\subjects_for_metrics\zulip\zerver\test_events.py,370,57,0,5,0,0,0
zulip,C:\Users\Zhifei Chen\Desktop\pysmell\subjects_for_metrics\zulip\zerver\test_events.py,381,64,0,6,0,0,0
zulip,C:\Users\Zhifei Chen\Desktop\pysmell\subjects_for_metrics\zulip\zerver\test_events.py,394,86,0,6,0,0,0
zulip,C:\Users\Zhifei Chen\Desktop\pysmell\subjects_for_metrics\zulip\zerver\test_events.py,407,76,0,6,0,0,0
zulip,C:\Users\Zhifei Chen\Desktop\pysmell\subjects_for_metrics\zulip\zerver\test_events.py,420,88,0,6,0,0,0
zulip,C:\Users\Zhifei Chen\Desktop\pysmell\subjects_for_metrics\zulip\zerver\test_events.py,435,53,0,5,0,0,0
zulip,C:\Users\Zhifei Chen\Desktop\pysmell\subjects_for_metrics\zulip\zerver\test_events.py,448,71,0,5,0,0,0
zulip,C:\Users\Zhifei Chen\Desktop\pysmell\subjects_for_metrics\zulip\zerver\test_events.py,461,68,0,5,0,0,0
zulip,C:\Users\Zhifei Chen\Desktop\pysmell\subjects_for_metrics\zulip\zerver\test_events.py,471,89,0,7,1,0,0
zulip,C:\Users\Zhifei Chen\Desktop\pysmell\subjects_for_metrics\zulip\zerver\test_events.py,476,63,0,6,0,0,0
zulip,C:\Users\Zhifei Chen\Desktop\pysmell\subjects_for_metrics\zulip\zerver\test_events.py,485,102,0,7,1,0,0
zulip,C:\Users\Zhifei Chen\Desktop\pysmell\subjects_for_metrics\zulip\zerver\test_events.py,490,62,0,6,0,0,0
zulip,C:\Users\Zhifei Chen\Desktop\pysmell\subjects_for_metrics\zulip\zerver\test_events.py,509,44,0,4,0,0,0
zulip,C:\Users\Zhifei Chen\Desktop\pysmell\subjects_for_metrics\zulip\zerver\test_events.py,515,49,0,5,0,0,0
zulip,C:\Users\Zhifei Chen\Desktop\pysmell\subjects_for_metrics\zulip\zerver\test_events.py,521,38,0,4,0,0,0
zulip,C:\Users\Zhifei Chen\Desktop\pysmell\subjects_for_metrics\zulip\zerver\test_events.py,527,66,0,7,1,0,0
zulip,C:\Users\Zhifei Chen\Desktop\pysmell\subjects_for_metrics\zulip\zerver\test_events.py,533,58,0,5,0,0,0
zulip,C:\Users\Zhifei Chen\Desktop\pysmell\subjects_for_metrics\zulip\zerver\test_events.py,540,56,0,5,0,0,0
zulip,C:\Users\Zhifei Chen\Desktop\pysmell\subjects_for_metrics\zulip\zerver\test_events.py,547,64,0,5,0,0,0
zulip,C:\Users\Zhifei Chen\Desktop\pysmell\subjects_for_metrics\zulip\zerver\test_events.py,562,30,0,3,0,0,0
zulip,C:\Users\Zhifei Chen\Desktop\pysmell\subjects_for_metrics\zulip\zerver\test_events.py,573,51,0,6,0,0,0
zulip,C:\Users\Zhifei Chen\Desktop\pysmell\subjects_for_metrics\zulip\zerver\test_events.py,646,65,0,5,0,0,0
zulip,C:\Users\Zhifei Chen\Desktop\pysmell\subjects_for_metrics\zulip\zerver\test_events.py,651,66,0,5,0,0,0
zulip,C:\Users\Zhifei Chen\Desktop\pysmell\subjects_for_metrics\zulip\zerver\test_events.py,658,84,0,6,0,0,0
zulip,C:\Users\Zhifei Chen\Desktop\pysmell\subjects_for_metrics\zulip\zerver\test_events.py,663,83,0,6,0,0,0
zulip,C:\Users\Zhifei Chen\Desktop\pysmell\subjects_for_metrics\zulip\zerver\test_events.py,668,65,0,5,0,0,0
zulip,C:\Users\Zhifei Chen\Desktop\pysmell\subjects_for_metrics\zulip\zerver\test_events.py,673,91,0,7,1,0,0
zulip,C:\Users\Zhifei Chen\Desktop\pysmell\subjects_for_metrics\zulip\zerver\test_messages.py,847,48,1,6,0,0,0
zulip,C:\Users\Zhifei Chen\Desktop\pysmell\subjects_for_metrics\zulip\zerver\test_messages.py,886,48,1,6,0,0,0
zulip,C:\Users\Zhifei Chen\Desktop\pysmell\subjects_for_metrics\zulip\zerver\test_messages.py,919,48,1,6,0,0,0
zulip,C:\Users\Zhifei Chen\Desktop\pysmell\subjects_for_metrics\zulip\zerver\test_messages.py,1128,53,1,6,0,0,0
zulip,C:\Users\Zhifei Chen\Desktop\pysmell\subjects_for_metrics\zulip\zerver\test_signup.py,353,64,0,5,0,0,0
zulip,C:\Users\Zhifei Chen\Desktop\pysmell\subjects_for_metrics\zulip\zerver\test_signup.py,376,51,0,5,0,0,0
zulip,C:\Users\Zhifei Chen\Desktop\pysmell\subjects_for_metrics\zulip\zerver\test_subs.py,826,15,1,1,0,0,0
zulip,C:\Users\Zhifei Chen\Desktop\pysmell\subjects_for_metrics\zulip\zerver\test_subs.py,830,16,1,1,0,0,0
zulip,C:\Users\Zhifei Chen\Desktop\pysmell\subjects_for_metrics\zulip\zerver\test_subs.py,898,53,1,9,1,0,0
zulip,C:\Users\Zhifei Chen\Desktop\pysmell\subjects_for_metrics\zulip\zerver\tornadoviews.py,20,77,1,7,1,0,0
zulip,C:\Users\Zhifei Chen\Desktop\pysmell\subjects_for_metrics\zulip\zerver\lib\actions.py,217,16,1,1,0,0,0
zulip,C:\Users\Zhifei Chen\Desktop\pysmell\subjects_for_metrics\zulip\zerver\lib\actions.py,483,58,3,3,1,0,0
zulip,C:\Users\Zhifei Chen\Desktop\pysmell\subjects_for_metrics\zulip\zerver\lib\actions.py,569,41,1,2,0,0,0
zulip,C:\Users\Zhifei Chen\Desktop\pysmell\subjects_for_metrics\zulip\zerver\lib\actions.py,653,12,1,1,0,0,0
zulip,C:\Users\Zhifei Chen\Desktop\pysmell\subjects_for_metrics\zulip\zerver\lib\actions.py,974,27,1,3,0,0,0
zulip,C:\Users\Zhifei Chen\Desktop\pysmell\subjects_for_metrics\zulip\zerver\lib\actions.py,1002,48,0,4,0,0,0
zulip,C:\Users\Zhifei Chen\Desktop\pysmell\subjects_for_metrics\zulip\zerver\lib\actions.py,1083,30,1,3,0,0,0
zulip,C:\Users\Zhifei Chen\Desktop\pysmell\subjects_for_metrics\zulip\zerver\lib\actions.py,1283,40,1,4,0,0,0
zulip,C:\Users\Zhifei Chen\Desktop\pysmell\subjects_for_metrics\zulip\zerver\lib\actions.py,1993,63,1,4,0,0,0
zulip,C:\Users\Zhifei Chen\Desktop\pysmell\subjects_for_metrics\zulip\zerver\lib\actions.py,2003,68,1,6,0,0,0
zulip,C:\Users\Zhifei Chen\Desktop\pysmell\subjects_for_metrics\zulip\zerver\lib\actions.py,2291,43,1,13,0,0,0
zulip,C:\Users\Zhifei Chen\Desktop\pysmell\subjects_for_metrics\zulip\zerver\lib\actions.py,2320,35,1,11,0,0,0
zulip,C:\Users\Zhifei Chen\Desktop\pysmell\subjects_for_metrics\zulip\zerver\lib\actions.py,2410,17,1,2,0,0,0
zulip,C:\Users\Zhifei Chen\Desktop\pysmell\subjects_for_metrics\zulip\zerver\lib\actions.py,2437,19,1,1,0,0,0
zulip,C:\Users\Zhifei Chen\Desktop\pysmell\subjects_for_metrics\zulip\zerver\lib\actions.py,2559,39,1,5,0,0,0
zulip,C:\Users\Zhifei Chen\Desktop\pysmell\subjects_for_metrics\zulip\zerver\lib\actions.py,2576,30,1,5,0,0,0
zulip,C:\Users\Zhifei Chen\Desktop\pysmell\subjects_for_metrics\zulip\zerver\lib\actions.py,2586,32,1,5,0,0,0
zulip,C:\Users\Zhifei Chen\Desktop\pysmell\subjects_for_metrics\zulip\zerver\lib\actions.py,2593,30,1,4,0,0,0
zulip,C:\Users\Zhifei Chen\Desktop\pysmell\subjects_for_metrics\zulip\zerver\lib\actions.py,2833,57,1,4,0,0,0
zulip,C:\Users\Zhifei Chen\Desktop\pysmell\subjects_for_metrics\zulip\zerver\lib\actions.py,2976,21,1,3,0,0,0
zulip,C:\Users\Zhifei Chen\Desktop\pysmell\subjects_for_metrics\zulip\zerver\lib\cache.py,180,13,1,1,0,0,0
zulip,C:\Users\Zhifei Chen\Desktop\pysmell\subjects_for_metrics\zulip\zerver\lib\cache.py,181,13,1,1,0,0,0
zulip,C:\Users\Zhifei Chen\Desktop\pysmell\subjects_for_metrics\zulip\zerver\lib\cache.py,182,16,1,2,0,0,0
zulip,C:\Users\Zhifei Chen\Desktop\pysmell\subjects_for_metrics\zulip\zerver\lib\cache.py,183,13,1,1,0,0,0
zulip,C:\Users\Zhifei Chen\Desktop\pysmell\subjects_for_metrics\zulip\zerver\lib\cache_helpers.py,66,49,0,6,0,0,0
zulip,C:\Users\Zhifei Chen\Desktop\pysmell\subjects_for_metrics\zulip\zerver\lib\cache_helpers.py,67,44,0,6,0,0,0
zulip,C:\Users\Zhifei Chen\Desktop\pysmell\subjects_for_metrics\zulip\zerver\lib\cache_helpers.py,68,47,0,6,0,0,0
zulip,C:\Users\Zhifei Chen\Desktop\pysmell\subjects_for_metrics\zulip\zerver\lib\cache_helpers.py,69,44,0,6,0,0,0
zulip,C:\Users\Zhifei Chen\Desktop\pysmell\subjects_for_metrics\zulip\zerver\lib\cache_helpers.py,71,44,0,6,0,0,0
zulip,C:\Users\Zhifei Chen\Desktop\pysmell\subjects_for_metrics\zulip\zerver\lib\cache_helpers.py,72,28,0,4,0,0,0
zulip,C:\Users\Zhifei Chen\Desktop\pysmell\subjects_for_metrics\zulip\zerver\lib\debug.py,27,44,2,4,0,0,0
zulip,C:\Users\Zhifei Chen\Desktop\pysmell\subjects_for_metrics\zulip\zerver\lib\digest.py,57,25,1,5,0,0,0
zulip,C:\Users\Zhifei Chen\Desktop\pysmell\subjects_for_metrics\zulip\zerver\lib\digest.py,60,20,1,3,0,0,0
zulip,C:\Users\Zhifei Chen\Desktop\pysmell\subjects_for_metrics\zulip\zerver\lib\email_mirror.py,191,40,1,6,0,0,0
zulip,C:\Users\Zhifei Chen\Desktop\pysmell\subjects_for_metrics\zulip\zerver\lib\event_queue.py,325,40,1,5,0,0,0
zulip,C:\Users\Zhifei Chen\Desktop\pysmell\subjects_for_metrics\zulip\zerver\lib\event_queue.py,416,30,2,4,0,0,0
zulip,C:\Users\Zhifei Chen\Desktop\pysmell\subjects_for_metrics\zulip\zerver\lib\event_queue.py,519,17,1,1,0,0,0
zulip,C:\Users\Zhifei Chen\Desktop\pysmell\subjects_for_metrics\zulip\zerver\lib\event_queue.py,521,17,1,1,0,0,0
zulip,C:\Users\Zhifei Chen\Desktop\pysmell\subjects_for_metrics\zulip\zerver\lib\event_queue.py,609,17,1,1,0,0,0
zulip,C:\Users\Zhifei Chen\Desktop\pysmell\subjects_for_metrics\zulip\zerver\lib\event_queue.py,615,17,1,1,0,0,0
zulip,C:\Users\Zhifei Chen\Desktop\pysmell\subjects_for_metrics\zulip\zerver\lib\notifications.py,166,30,1,2,0,0,0
zulip,C:\Users\Zhifei Chen\Desktop\pysmell\subjects_for_metrics\zulip\zerver\lib\notifications.py,336,22,1,2,0,0,0
zulip,C:\Users\Zhifei Chen\Desktop\pysmell\subjects_for_metrics\zulip\zerver\lib\queue.py,49,95,0,10,1,0,0
zulip,C:\Users\Zhifei Chen\Desktop\pysmell\subjects_for_metrics\zulip\zerver\lib\queue.py,108,113,0,10,1,0,0
zulip,C:\Users\Zhifei Chen\Desktop\pysmell\subjects_for_metrics\zulip\zerver\lib\queue.py,212,45,0,5,0,0,0
zulip,C:\Users\Zhifei Chen\Desktop\pysmell\subjects_for_metrics\zulip\zerver\lib\queue.py,230,113,0,10,1,0,0
zulip,C:\Users\Zhifei Chen\Desktop\pysmell\subjects_for_metrics\zulip\zerver\lib\queue.py,247,27,0,3,0,0,0
zulip,C:\Users\Zhifei Chen\Desktop\pysmell\subjects_for_metrics\zulip\zerver\lib\rate_limiter.py,39,21,2,7,0,0,0
zulip,C:\Users\Zhifei Chen\Desktop\pysmell\subjects_for_metrics\zulip\zerver\lib\rate_limiter.py,43,54,1,11,1,0,0
zulip,C:\Users\Zhifei Chen\Desktop\pysmell\subjects_for_metrics\zulip\zerver\lib\utils.py,50,25,0,1,0,0,0
zulip,C:\Users\Zhifei Chen\Desktop\pysmell\subjects_for_metrics\zulip\zerver\lib\bugdown\__init__.py,94,23,1,1,0,0,0
zulip,C:\Users\Zhifei Chen\Desktop\pysmell\subjects_for_metrics\zulip\zerver\lib\bugdown\__init__.py,237,35,1,7,0,0,0
zulip,C:\Users\Zhifei Chen\Desktop\pysmell\subjects_for_metrics\zulip\zerver\lib\bugdown\__init__.py,389,18,1,3,0,0,0
zulip,C:\Users\Zhifei Chen\Desktop\pysmell\subjects_for_metrics\zulip\zerver\lib\bugdown\__init__.py,480,45,1,10,0,0,0
zulip,C:\Users\Zhifei Chen\Desktop\pysmell\subjects_for_metrics\zulip\zerver\management\commands\check_redis.py,59,29,0,4,0,0,0
zulip,C:\Users\Zhifei Chen\Desktop\pysmell\subjects_for_metrics\zulip\zerver\management\commands\check_redis.py,60,53,2,8,1,0,0
zulip,C:\Users\Zhifei Chen\Desktop\pysmell\subjects_for_metrics\zulip\zerver\management\commands\check_redis.py,69,32,0,6,0,0,0
zulip,C:\Users\Zhifei Chen\Desktop\pysmell\subjects_for_metrics\zulip\zerver\management\commands\check_redis.py,70,24,2,1,0,0,0
zulip,C:\Users\Zhifei Chen\Desktop\pysmell\subjects_for_metrics\zulip\zerver\management\commands\email-mirror.py,109,50,1,6,0,0,0
zulip,C:\Users\Zhifei Chen\Desktop\pysmell\subjects_for_metrics\zulip\zerver\management\commands\email-mirror.py,172,12,1,1,0,0,0
zulip,C:\Users\Zhifei Chen\Desktop\pysmell\subjects_for_metrics\zulip\zerver\management\commands\enqueue_digest_emails.py,53,16,1,1,0,0,0
zulip,C:\Users\Zhifei Chen\Desktop\pysmell\subjects_for_metrics\zulip\zerver\management\commands\purge_queue.py,16,11,0,1,0,0,0
zulip,C:\Users\Zhifei Chen\Desktop\pysmell\subjects_for_metrics\zulip\zerver\views\messages.py,41,77,1,7,1,0,0
zulip,C:\Users\Zhifei Chen\Desktop\pysmell\subjects_for_metrics\zulip\zerver\views\messages.py,110,15,1,1,0,0,0
zulip,C:\Users\Zhifei Chen\Desktop\pysmell\subjects_for_metrics\zulip\zerver\views\messages.py,406,29,1,3,0,0,0
zulip,C:\Users\Zhifei Chen\Desktop\pysmell\subjects_for_metrics\zulip\zerver\views\messages.py,582,64,1,5,0,0,0
zulip,C:\Users\Zhifei Chen\Desktop\pysmell\subjects_for_metrics\zulip\zerver\views\messages.py,583,19,1,3,0,0,0
zulip,C:\Users\Zhifei Chen\Desktop\pysmell\subjects_for_metrics\zulip\zerver\views\messages.py,585,64,1,4,0,0,0
zulip,C:\Users\Zhifei Chen\Desktop\pysmell\subjects_for_metrics\zulip\zerver\views\messages.py,715,17,1,3,0,0,0
zulip,C:\Users\Zhifei Chen\Desktop\pysmell\subjects_for_metrics\zulip\zerver\views\__init__.py,98,77,1,7,1,0,0
zulip,C:\Users\Zhifei Chen\Desktop\pysmell\subjects_for_metrics\zulip\zerver\views\__init__.py,1901,12,1,1,0,0,0
zulip,C:\Users\Zhifei Chen\Desktop\pysmell\subjects_for_metrics\zulip\zerver\worker\queue_processors.py,207,51,1,6,0,0,0
zulip,C:\Users\Zhifei Chen\Desktop\pysmell\subjects_for_metrics\zulip\zerver\worker\queue_processors.py,234,65,2,8,1,0,0
zulip,C:\Users\Zhifei Chen\Desktop\pysmell\subjects_for_metrics\zulip\zerver\worker\queue_processors.py,313,12,1,1,0,0,0
zulip,C:\Users\Zhifei Chen\Desktop\pysmell\subjects_for_metrics\zulip\zilencer\error_notify.py,25,11,0,1,0,0,0
zulip,C:\Users\Zhifei Chen\Desktop\pysmell\subjects_for_metrics\zulip\zilencer\error_notify.py,64,11,0,1,0,0,0
zulip,C:\Users\Zhifei Chen\Desktop\pysmell\subjects_for_metrics\zulip\zilencer\views.py,18,77,1,7,1,0,0
