subject,file,lineno,DOC,experience-based,statistics-based,tuning machine
zulip,C:\Users\Zhifei Chen\Desktop\pysmell\subjects_for_metrics\zulip\analytics\views.py,99,2,0,0,0
zulip,C:\Users\Zhifei Chen\Desktop\pysmell\subjects_for_metrics\zulip\analytics\views.py,373,3,1,0,0
zulip,C:\Users\Zhifei Chen\Desktop\pysmell\subjects_for_metrics\zulip\analytics\views.py,596,2,0,0,0
zulip,C:\Users\Zhifei Chen\Desktop\pysmell\subjects_for_metrics\zulip\analytics\views.py,616,2,0,0,0
zulip,C:\Users\Zhifei Chen\Desktop\pysmell\subjects_for_metrics\zulip\analytics\views.py,747,2,0,0,0
zulip,C:\Users\Zhifei Chen\Desktop\pysmell\subjects_for_metrics\zulip\api\zulip\__init__.py,202,2,0,0,0
zulip,C:\Users\Zhifei Chen\Desktop\pysmell\subjects_for_metrics\zulip\api\zulip\__init__.py,302,2,0,0,0
zulip,C:\Users\Zhifei Chen\Desktop\pysmell\subjects_for_metrics\zulip\api\zulip\__init__.py,317,2,0,0,0
zulip,C:\Users\Zhifei Chen\Desktop\pysmell\subjects_for_metrics\zulip\api\zulip\__init__.py,367,2,0,0,0
zulip,C:\Users\Zhifei Chen\Desktop\pysmell\subjects_for_metrics\zulip\bots\irc-mirror.py,29,2,0,0,0
zulip,C:\Users\Zhifei Chen\Desktop\pysmell\subjects_for_metrics\zulip\bots\jabber_mirror_backend.py,274,2,0,0,0
zulip,C:\Users\Zhifei Chen\Desktop\pysmell\subjects_for_metrics\zulip\scripts\setup\generate_secrets.py,33,2,0,0,0
zulip,C:\Users\Zhifei Chen\Desktop\pysmell\subjects_for_metrics\zulip\tools\deprecated\generate-activity-metrics.py,79,2,0,0,0
zulip,C:\Users\Zhifei Chen\Desktop\pysmell\subjects_for_metrics\zulip\zerver\decorator.py,46,2,0,0,0
zulip,C:\Users\Zhifei Chen\Desktop\pysmell\subjects_for_metrics\zulip\zerver\decorator.py,72,2,0,0,0
zulip,C:\Users\Zhifei Chen\Desktop\pysmell\subjects_for_metrics\zulip\zerver\decorator.py,88,2,0,0,0
zulip,C:\Users\Zhifei Chen\Desktop\pysmell\subjects_for_metrics\zulip\zerver\decorator.py,164,2,0,0,0
zulip,C:\Users\Zhifei Chen\Desktop\pysmell\subjects_for_metrics\zulip\zerver\decorator.py,183,2,0,0,0
zulip,C:\Users\Zhifei Chen\Desktop\pysmell\subjects_for_metrics\zulip\zerver\decorator.py,200,2,0,0,0
zulip,C:\Users\Zhifei Chen\Desktop\pysmell\subjects_for_metrics\zulip\zerver\decorator.py,223,2,0,0,0
zulip,C:\Users\Zhifei Chen\Desktop\pysmell\subjects_for_metrics\zulip\zerver\decorator.py,258,2,0,0,0
zulip,C:\Users\Zhifei Chen\Desktop\pysmell\subjects_for_metrics\zulip\zerver\decorator.py,295,2,0,0,0
zulip,C:\Users\Zhifei Chen\Desktop\pysmell\subjects_for_metrics\zulip\zerver\decorator.py,304,2,0,0,0
zulip,C:\Users\Zhifei Chen\Desktop\pysmell\subjects_for_metrics\zulip\zerver\decorator.py,318,2,0,0,0
zulip,C:\Users\Zhifei Chen\Desktop\pysmell\subjects_for_metrics\zulip\zerver\decorator.py,411,2,0,0,0
zulip,C:\Users\Zhifei Chen\Desktop\pysmell\subjects_for_metrics\zulip\zerver\decorator.py,498,3,1,0,0
zulip,C:\Users\Zhifei Chen\Desktop\pysmell\subjects_for_metrics\zulip\zerver\decorator.py,532,3,1,0,0
zulip,C:\Users\Zhifei Chen\Desktop\pysmell\subjects_for_metrics\zulip\zerver\decorator.py,571,2,0,0,0
zulip,C:\Users\Zhifei Chen\Desktop\pysmell\subjects_for_metrics\zulip\zerver\decorator.py,597,2,0,0,0
zulip,C:\Users\Zhifei Chen\Desktop\pysmell\subjects_for_metrics\zulip\zerver\models.py,606,2,0,0,0
zulip,C:\Users\Zhifei Chen\Desktop\pysmell\subjects_for_metrics\zulip\zerver\models.py,640,2,0,0,0
zulip,C:\Users\Zhifei Chen\Desktop\pysmell\subjects_for_metrics\zulip\zerver\tests.py,1108,2,0,0,0
zulip,C:\Users\Zhifei Chen\Desktop\pysmell\subjects_for_metrics\zulip\zerver\tests.py,1403,2,0,0,0
zulip,C:\Users\Zhifei Chen\Desktop\pysmell\subjects_for_metrics\zulip\zerver\test_bugdown.py,145,2,0,0,0
zulip,C:\Users\Zhifei Chen\Desktop\pysmell\subjects_for_metrics\zulip\zerver\test_bugdown.py,221,2,0,0,0
zulip,C:\Users\Zhifei Chen\Desktop\pysmell\subjects_for_metrics\zulip\zerver\test_bugdown.py,301,2,0,0,0
zulip,C:\Users\Zhifei Chen\Desktop\pysmell\subjects_for_metrics\zulip\zerver\test_decorators.py,14,2,0,0,0
zulip,C:\Users\Zhifei Chen\Desktop\pysmell\subjects_for_metrics\zulip\zerver\test_decorators.py,51,2,0,0,0
zulip,C:\Users\Zhifei Chen\Desktop\pysmell\subjects_for_metrics\zulip\zerver\test_decorators.py,153,2,0,0,0
zulip,C:\Users\Zhifei Chen\Desktop\pysmell\subjects_for_metrics\zulip\zerver\test_events.py,232,2,0,0,0
zulip,C:\Users\Zhifei Chen\Desktop\pysmell\subjects_for_metrics\zulip\zerver\test_messages.py,66,2,0,0,0
zulip,C:\Users\Zhifei Chen\Desktop\pysmell\subjects_for_metrics\zulip\zerver\test_messages.py,414,2,0,0,0
zulip,C:\Users\Zhifei Chen\Desktop\pysmell\subjects_for_metrics\zulip\zerver\test_messages.py,806,2,0,0,0
zulip,C:\Users\Zhifei Chen\Desktop\pysmell\subjects_for_metrics\zulip\zerver\test_subs.py,574,2,0,0,0
zulip,C:\Users\Zhifei Chen\Desktop\pysmell\subjects_for_metrics\zulip\zerver\lib\actions.py,227,2,0,0,0
zulip,C:\Users\Zhifei Chen\Desktop\pysmell\subjects_for_metrics\zulip\zerver\lib\actions.py,1146,2,0,0,0
zulip,C:\Users\Zhifei Chen\Desktop\pysmell\subjects_for_metrics\zulip\zerver\lib\actions.py,2107,2,0,0,0
zulip,C:\Users\Zhifei Chen\Desktop\pysmell\subjects_for_metrics\zulip\zerver\lib\actions.py,2136,2,0,0,0
zulip,C:\Users\Zhifei Chen\Desktop\pysmell\subjects_for_metrics\zulip\zerver\lib\actions.py,2937,2,0,0,0
zulip,C:\Users\Zhifei Chen\Desktop\pysmell\subjects_for_metrics\zulip\zerver\lib\cache.py,81,3,1,0,0
zulip,C:\Users\Zhifei Chen\Desktop\pysmell\subjects_for_metrics\zulip\zerver\lib\cache.py,206,2,0,0,0
zulip,C:\Users\Zhifei Chen\Desktop\pysmell\subjects_for_metrics\zulip\zerver\lib\event_queue.py,153,2,0,0,0
zulip,C:\Users\Zhifei Chen\Desktop\pysmell\subjects_for_metrics\zulip\zerver\lib\event_queue.py,320,2,0,0,0
zulip,C:\Users\Zhifei Chen\Desktop\pysmell\subjects_for_metrics\zulip\zerver\lib\narrow.py,9,2,0,0,0
zulip,C:\Users\Zhifei Chen\Desktop\pysmell\subjects_for_metrics\zulip\zerver\lib\notifications.py,54,2,0,0,0
zulip,C:\Users\Zhifei Chen\Desktop\pysmell\subjects_for_metrics\zulip\zerver\lib\parallel.py,8,2,0,0,0
zulip,C:\Users\Zhifei Chen\Desktop\pysmell\subjects_for_metrics\zulip\zerver\lib\queue.py,76,2,0,0,0
zulip,C:\Users\Zhifei Chen\Desktop\pysmell\subjects_for_metrics\zulip\zerver\lib\queue.py,97,2,0,0,0
zulip,C:\Users\Zhifei Chen\Desktop\pysmell\subjects_for_metrics\zulip\zerver\lib\queue.py,111,2,0,0,0
zulip,C:\Users\Zhifei Chen\Desktop\pysmell\subjects_for_metrics\zulip\zerver\lib\queue.py,116,2,0,0,0
zulip,C:\Users\Zhifei Chen\Desktop\pysmell\subjects_for_metrics\zulip\zerver\lib\queue.py,188,2,0,0,0
zulip,C:\Users\Zhifei Chen\Desktop\pysmell\subjects_for_metrics\zulip\zerver\lib\queue.py,203,2,0,0,0
zulip,C:\Users\Zhifei Chen\Desktop\pysmell\subjects_for_metrics\zulip\zerver\lib\queue.py,219,2,0,0,0
zulip,C:\Users\Zhifei Chen\Desktop\pysmell\subjects_for_metrics\zulip\zerver\lib\socket.py,74,2,0,0,0
zulip,C:\Users\Zhifei Chen\Desktop\pysmell\subjects_for_metrics\zulip\zerver\lib\test_helpers.py,59,2,0,0,0
zulip,C:\Users\Zhifei Chen\Desktop\pysmell\subjects_for_metrics\zulip\zerver\lib\test_helpers.py,78,2,0,0,0
zulip,C:\Users\Zhifei Chen\Desktop\pysmell\subjects_for_metrics\zulip\zerver\lib\test_runner.py,11,2,0,0,0
zulip,C:\Users\Zhifei Chen\Desktop\pysmell\subjects_for_metrics\zulip\zerver\lib\validator.py,44,2,0,0,0
zulip,C:\Users\Zhifei Chen\Desktop\pysmell\subjects_for_metrics\zulip\zerver\lib\validator.py,52,2,0,0,0
zulip,C:\Users\Zhifei Chen\Desktop\pysmell\subjects_for_metrics\zulip\zerver\lib\validator.py,70,2,0,0,0
zulip,C:\Users\Zhifei Chen\Desktop\pysmell\subjects_for_metrics\zulip\zerver\lib\validator.py,90,2,0,0,0
zulip,C:\Users\Zhifei Chen\Desktop\pysmell\subjects_for_metrics\zulip\zerver\lib\validator.py,105,2,0,0,0
zulip,C:\Users\Zhifei Chen\Desktop\pysmell\subjects_for_metrics\zulip\zerver\lib\bugdown\fenced_code.py,119,2,0,0,0
zulip,C:\Users\Zhifei Chen\Desktop\pysmell\subjects_for_metrics\zulip\zerver\lib\bugdown\__init__.py,326,2,0,0,0
zulip,C:\Users\Zhifei Chen\Desktop\pysmell\subjects_for_metrics\zulip\zerver\management\commands\process_queue.py,19,2,0,0,0
zulip,C:\Users\Zhifei Chen\Desktop\pysmell\subjects_for_metrics\zulip\zerver\management\commands\runtornado.py,43,2,0,0,0
zulip,C:\Users\Zhifei Chen\Desktop\pysmell\subjects_for_metrics\zulip\zerver\management\commands\set_message_flags.py,42,2,0,0,0
zulip,C:\Users\Zhifei Chen\Desktop\pysmell\subjects_for_metrics\zulip\zerver\views\messages.py,315,2,0,0,0
zulip,C:\Users\Zhifei Chen\Desktop\pysmell\subjects_for_metrics\zulip\zerver\views\webhooks.py,325,2,0,0,0
zulip,C:\Users\Zhifei Chen\Desktop\pysmell\subjects_for_metrics\zulip\zerver\views\webhooks.py,426,2,0,0,0
zulip,C:\Users\Zhifei Chen\Desktop\pysmell\subjects_for_metrics\zulip\zerver\views\webhooks.py,478,2,0,0,0
zulip,C:\Users\Zhifei Chen\Desktop\pysmell\subjects_for_metrics\zulip\zerver\views\webhooks.py,590,2,0,0,0
zulip,C:\Users\Zhifei Chen\Desktop\pysmell\subjects_for_metrics\zulip\zerver\views\__init__.py,2181,2,0,0,0
zulip,C:\Users\Zhifei Chen\Desktop\pysmell\subjects_for_metrics\zulip\zerver\worker\queue_processors.py,37,2,0,0,0
zulip,C:\Users\Zhifei Chen\Desktop\pysmell\subjects_for_metrics\zulip\zilencer\management\commands\populate_db.py,251,3,1,0,0
