subject,file,lineno,DOC,experience-based,statistics-based,tuning machine
odoo,C:\Users\Zhifei Chen\Desktop\pysmell\subjects_for_metrics\odoo\addons\account\models\account_bank_statement.py,535,2,0,0,0
odoo,C:\Users\Zhifei Chen\Desktop\pysmell\subjects_for_metrics\odoo\addons\account\models\account_invoice.py,315,2,0,0,0
odoo,C:\Users\Zhifei Chen\Desktop\pysmell\subjects_for_metrics\odoo\addons\account\models\chart_template.py,139,2,0,0,0
odoo,C:\Users\Zhifei Chen\Desktop\pysmell\subjects_for_metrics\odoo\addons\account\tests\test_payment.py,81,2,0,0,0
odoo,C:\Users\Zhifei Chen\Desktop\pysmell\subjects_for_metrics\odoo\addons\account_asset\account_asset.py,471,2,0,0,0
odoo,C:\Users\Zhifei Chen\Desktop\pysmell\subjects_for_metrics\odoo\addons\account_test\report\account_test_report.py,13,2,0,0,0
odoo,C:\Users\Zhifei Chen\Desktop\pysmell\subjects_for_metrics\odoo\addons\auth_oauth\controllers\main.py,24,2,0,0,0
odoo,C:\Users\Zhifei Chen\Desktop\pysmell\subjects_for_metrics\odoo\addons\base_action_rule\base_action_rule.py,174,3,1,0,0
odoo,C:\Users\Zhifei Chen\Desktop\pysmell\subjects_for_metrics\odoo\addons\base_import_module\controllers\main.py,6,2,0,0,0
odoo,C:\Users\Zhifei Chen\Desktop\pysmell\subjects_for_metrics\odoo\addons\base_setup\base_setup.py,42,2,0,0,0
odoo,C:\Users\Zhifei Chen\Desktop\pysmell\subjects_for_metrics\odoo\addons\base_vat\base_vat.py,115,2,0,0,0
odoo,C:\Users\Zhifei Chen\Desktop\pysmell\subjects_for_metrics\odoo\addons\board\board.py,63,2,0,0,0
odoo,C:\Users\Zhifei Chen\Desktop\pysmell\subjects_for_metrics\odoo\addons\calendar\calendar.py,118,2,0,0,0
odoo,C:\Users\Zhifei Chen\Desktop\pysmell\subjects_for_metrics\odoo\addons\calendar\calendar.py,667,2,0,0,0
odoo,C:\Users\Zhifei Chen\Desktop\pysmell\subjects_for_metrics\odoo\addons\calendar\calendar.py,1242,2,0,0,0
odoo,C:\Users\Zhifei Chen\Desktop\pysmell\subjects_for_metrics\odoo\addons\calendar\calendar.py,1560,2,0,0,0
odoo,C:\Users\Zhifei Chen\Desktop\pysmell\subjects_for_metrics\odoo\addons\crm\base_partner_merge.py,216,2,0,0,0
odoo,C:\Users\Zhifei Chen\Desktop\pysmell\subjects_for_metrics\odoo\addons\crm\base_partner_merge.py,268,2,0,0,0
odoo,C:\Users\Zhifei Chen\Desktop\pysmell\subjects_for_metrics\odoo\addons\crm\crm_lead.py,451,2,0,0,0
odoo,C:\Users\Zhifei Chen\Desktop\pysmell\subjects_for_metrics\odoo\addons\crm\crm_lead.py,563,2,0,0,0
odoo,C:\Users\Zhifei Chen\Desktop\pysmell\subjects_for_metrics\odoo\addons\decimal_precision\decimal_precision.py,50,2,0,0,0
odoo,C:\Users\Zhifei Chen\Desktop\pysmell\subjects_for_metrics\odoo\addons\google_calendar\google_calendar.py,30,2,0,0,0
odoo,C:\Users\Zhifei Chen\Desktop\pysmell\subjects_for_metrics\odoo\addons\hr_holidays\tests\test_holidays_flow.py,14,2,0,0,0
odoo,C:\Users\Zhifei Chen\Desktop\pysmell\subjects_for_metrics\odoo\addons\hr_payroll\hr_payroll.py,376,2,0,0,0
odoo,C:\Users\Zhifei Chen\Desktop\pysmell\subjects_for_metrics\odoo\addons\hr_payroll\hr_payroll.py,454,2,0,0,0
odoo,C:\Users\Zhifei Chen\Desktop\pysmell\subjects_for_metrics\odoo\addons\hr_payroll\report\report_payslip_details.py,17,2,0,0,0
odoo,C:\Users\Zhifei Chen\Desktop\pysmell\subjects_for_metrics\odoo\addons\hw_escpos\controllers\main.py,218,2,0,0,0
odoo,C:\Users\Zhifei Chen\Desktop\pysmell\subjects_for_metrics\odoo\addons\hw_escpos\escpos\escpos.py,347,2,0,0,0
odoo,C:\Users\Zhifei Chen\Desktop\pysmell\subjects_for_metrics\odoo\addons\hw_escpos\escpos\escpos.py,528,2,0,0,0
odoo,C:\Users\Zhifei Chen\Desktop\pysmell\subjects_for_metrics\odoo\addons\hw_escpos\escpos\escpos.py,715,2,0,0,0
odoo,C:\Users\Zhifei Chen\Desktop\pysmell\subjects_for_metrics\odoo\addons\im_livechat\models\im_livechat_channel.py,247,2,0,0,0
odoo,C:\Users\Zhifei Chen\Desktop\pysmell\subjects_for_metrics\odoo\addons\l10n_lu\scripts\tax2csv.py,58,2,0,0,0
odoo,C:\Users\Zhifei Chen\Desktop\pysmell\subjects_for_metrics\odoo\addons\mail\models\mail_message.py,601,2,0,0,0
odoo,C:\Users\Zhifei Chen\Desktop\pysmell\subjects_for_metrics\odoo\addons\mail\models\mail_template.py,265,2,0,0,0
odoo,C:\Users\Zhifei Chen\Desktop\pysmell\subjects_for_metrics\odoo\addons\mail\models\mail_thread.py,737,2,0,0,0
odoo,C:\Users\Zhifei Chen\Desktop\pysmell\subjects_for_metrics\odoo\addons\mail\tests\common.py,27,2,0,0,0
odoo,C:\Users\Zhifei Chen\Desktop\pysmell\subjects_for_metrics\odoo\addons\mail\tests\test_message_track.py,8,2,0,0,0
odoo,C:\Users\Zhifei Chen\Desktop\pysmell\subjects_for_metrics\odoo\addons\mass_mailing\models\mail_mail.py,60,2,0,0,0
odoo,C:\Users\Zhifei Chen\Desktop\pysmell\subjects_for_metrics\odoo\addons\mrp\mrp.py,270,2,0,0,0
odoo,C:\Users\Zhifei Chen\Desktop\pysmell\subjects_for_metrics\odoo\addons\mrp\report\bom_structure.py,15,2,0,0,0
odoo,C:\Users\Zhifei Chen\Desktop\pysmell\subjects_for_metrics\odoo\addons\payment_adyen\models\adyen.py,42,2,0,0,0
odoo,C:\Users\Zhifei Chen\Desktop\pysmell\subjects_for_metrics\odoo\addons\payment_buckaroo\models\buckaroo.py,40,2,0,0,0
odoo,C:\Users\Zhifei Chen\Desktop\pysmell\subjects_for_metrics\odoo\addons\payment_ogone\models\ogone.py,60,2,0,0,0
odoo,C:\Users\Zhifei Chen\Desktop\pysmell\subjects_for_metrics\odoo\addons\product\product.py,154,2,0,0,0
odoo,C:\Users\Zhifei Chen\Desktop\pysmell\subjects_for_metrics\odoo\addons\product\product.py,1017,2,0,0,0
odoo,C:\Users\Zhifei Chen\Desktop\pysmell\subjects_for_metrics\odoo\addons\product\tests\test_pricelist.py,72,2,0,0,0
odoo,C:\Users\Zhifei Chen\Desktop\pysmell\subjects_for_metrics\odoo\addons\product_expiry\product_expiry.py,12,2,0,0,0
odoo,C:\Users\Zhifei Chen\Desktop\pysmell\subjects_for_metrics\odoo\addons\product_margin\wizard\product_margin.py,29,2,0,0,0
odoo,C:\Users\Zhifei Chen\Desktop\pysmell\subjects_for_metrics\odoo\addons\project\project.py,521,2,0,0,0
odoo,C:\Users\Zhifei Chen\Desktop\pysmell\subjects_for_metrics\odoo\addons\report_webkit\webkit_report.py,68,2,0,0,0
odoo,C:\Users\Zhifei Chen\Desktop\pysmell\subjects_for_metrics\odoo\addons\sale_mrp\sale_mrp.py,14,2,0,0,0
odoo,C:\Users\Zhifei Chen\Desktop\pysmell\subjects_for_metrics\odoo\addons\sale_mrp\tests\test_sale_mrp_flow.py,32,2,0,0,0
odoo,C:\Users\Zhifei Chen\Desktop\pysmell\subjects_for_metrics\odoo\addons\stock\stock.py,1164,2,0,0,0
odoo,C:\Users\Zhifei Chen\Desktop\pysmell\subjects_for_metrics\odoo\addons\stock\stock.py,1336,2,0,0,0
odoo,C:\Users\Zhifei Chen\Desktop\pysmell\subjects_for_metrics\odoo\addons\survey\tests\test_survey.py,172,2,0,0,0
odoo,C:\Users\Zhifei Chen\Desktop\pysmell\subjects_for_metrics\odoo\addons\survey\wizard\survey_email_compose_message.py,106,2,0,0,0
odoo,C:\Users\Zhifei Chen\Desktop\pysmell\subjects_for_metrics\odoo\addons\web\controllers\main.py,69,2,0,0,0
odoo,C:\Users\Zhifei Chen\Desktop\pysmell\subjects_for_metrics\odoo\addons\web\controllers\main.py,956,2,0,0,0
odoo,C:\Users\Zhifei Chen\Desktop\pysmell\subjects_for_metrics\odoo\addons\website\controllers\main.py,99,2,0,0,0
odoo,C:\Users\Zhifei Chen\Desktop\pysmell\subjects_for_metrics\odoo\addons\website\controllers\main.py,305,2,0,0,0
odoo,C:\Users\Zhifei Chen\Desktop\pysmell\subjects_for_metrics\odoo\addons\website\models\website.py,413,2,0,0,0
odoo,C:\Users\Zhifei Chen\Desktop\pysmell\subjects_for_metrics\odoo\addons\website\models\website.py,598,2,0,0,0
odoo,C:\Users\Zhifei Chen\Desktop\pysmell\subjects_for_metrics\odoo\addons\website\models\website.py,618,2,0,0,0
odoo,C:\Users\Zhifei Chen\Desktop\pysmell\subjects_for_metrics\odoo\addons\website_blog\controllers\main.py,88,2,0,0,0
odoo,C:\Users\Zhifei Chen\Desktop\pysmell\subjects_for_metrics\odoo\addons\website_event\controllers\main.py,17,2,0,0,0
odoo,C:\Users\Zhifei Chen\Desktop\pysmell\subjects_for_metrics\odoo\addons\website_event_track\controllers\event.py,91,2,0,0,0
odoo,C:\Users\Zhifei Chen\Desktop\pysmell\subjects_for_metrics\odoo\addons\website_forum\models\forum.py,325,2,0,0,0
odoo,C:\Users\Zhifei Chen\Desktop\pysmell\subjects_for_metrics\odoo\addons\website_slides\controllers\main.py,254,2,0,0,0
odoo,C:\Users\Zhifei Chen\Desktop\pysmell\subjects_for_metrics\odoo\addons\website_slides\models\slides.py,479,2,0,0,0
odoo,C:\Users\Zhifei Chen\Desktop\pysmell\subjects_for_metrics\odoo\doc\_extensions\github_link.py,27,2,0,0,0
odoo,C:\Users\Zhifei Chen\Desktop\pysmell\subjects_for_metrics\odoo\doc\_extensions\odoo\translator.py,181,2,0,0,0
odoo,C:\Users\Zhifei Chen\Desktop\pysmell\subjects_for_metrics\odoo\openerp\api.py,216,2,0,0,0
odoo,C:\Users\Zhifei Chen\Desktop\pysmell\subjects_for_metrics\odoo\openerp\api.py,278,2,0,0,0
odoo,C:\Users\Zhifei Chen\Desktop\pysmell\subjects_for_metrics\odoo\openerp\api.py,295,2,0,0,0
odoo,C:\Users\Zhifei Chen\Desktop\pysmell\subjects_for_metrics\odoo\openerp\api.py,324,2,0,0,0
odoo,C:\Users\Zhifei Chen\Desktop\pysmell\subjects_for_metrics\odoo\openerp\api.py,351,2,0,0,0
odoo,C:\Users\Zhifei Chen\Desktop\pysmell\subjects_for_metrics\odoo\openerp\api.py,395,2,0,0,0
odoo,C:\Users\Zhifei Chen\Desktop\pysmell\subjects_for_metrics\odoo\openerp\api.py,414,2,0,0,0
odoo,C:\Users\Zhifei Chen\Desktop\pysmell\subjects_for_metrics\odoo\openerp\api.py,427,2,0,0,0
odoo,C:\Users\Zhifei Chen\Desktop\pysmell\subjects_for_metrics\odoo\openerp\api.py,439,2,0,0,0
odoo,C:\Users\Zhifei Chen\Desktop\pysmell\subjects_for_metrics\odoo\openerp\api.py,460,2,0,0,0
odoo,C:\Users\Zhifei Chen\Desktop\pysmell\subjects_for_metrics\odoo\openerp\api.py,475,2,0,0,0
odoo,C:\Users\Zhifei Chen\Desktop\pysmell\subjects_for_metrics\odoo\openerp\api.py,501,2,0,0,0
odoo,C:\Users\Zhifei Chen\Desktop\pysmell\subjects_for_metrics\odoo\openerp\api.py,516,2,0,0,0
odoo,C:\Users\Zhifei Chen\Desktop\pysmell\subjects_for_metrics\odoo\openerp\fields.py,485,2,0,0,0
odoo,C:\Users\Zhifei Chen\Desktop\pysmell\subjects_for_metrics\odoo\openerp\http.py,286,2,0,0,0
odoo,C:\Users\Zhifei Chen\Desktop\pysmell\subjects_for_metrics\odoo\openerp\http.py,416,3,1,0,0
odoo,C:\Users\Zhifei Chen\Desktop\pysmell\subjects_for_metrics\odoo\openerp\http.py,889,3,1,0,0
odoo,C:\Users\Zhifei Chen\Desktop\pysmell\subjects_for_metrics\odoo\openerp\http.py,961,2,0,0,0
odoo,C:\Users\Zhifei Chen\Desktop\pysmell\subjects_for_metrics\odoo\openerp\http.py,977,2,0,0,0
odoo,C:\Users\Zhifei Chen\Desktop\pysmell\subjects_for_metrics\odoo\openerp\http.py,1373,2,0,0,0
odoo,C:\Users\Zhifei Chen\Desktop\pysmell\subjects_for_metrics\odoo\openerp\models.py,484,2,0,0,0
odoo,C:\Users\Zhifei Chen\Desktop\pysmell\subjects_for_metrics\odoo\openerp\models.py,737,2,0,0,0
odoo,C:\Users\Zhifei Chen\Desktop\pysmell\subjects_for_metrics\odoo\openerp\models.py,754,2,0,0,0
odoo,C:\Users\Zhifei Chen\Desktop\pysmell\subjects_for_metrics\odoo\openerp\models.py,939,2,0,0,0
odoo,C:\Users\Zhifei Chen\Desktop\pysmell\subjects_for_metrics\odoo\openerp\models.py,1102,2,0,0,0
odoo,C:\Users\Zhifei Chen\Desktop\pysmell\subjects_for_metrics\odoo\openerp\models.py,1176,2,0,0,0
odoo,C:\Users\Zhifei Chen\Desktop\pysmell\subjects_for_metrics\odoo\openerp\models.py,1433,2,0,0,0
odoo,C:\Users\Zhifei Chen\Desktop\pysmell\subjects_for_metrics\odoo\openerp\models.py,1795,2,0,0,0
odoo,C:\Users\Zhifei Chen\Desktop\pysmell\subjects_for_metrics\odoo\openerp\models.py,2185,2,0,0,0
odoo,C:\Users\Zhifei Chen\Desktop\pysmell\subjects_for_metrics\odoo\openerp\models.py,2808,2,0,0,0
odoo,C:\Users\Zhifei Chen\Desktop\pysmell\subjects_for_metrics\odoo\openerp\models.py,3133,2,0,0,0
odoo,C:\Users\Zhifei Chen\Desktop\pysmell\subjects_for_metrics\odoo\openerp\models.py,3276,2,0,0,0
odoo,C:\Users\Zhifei Chen\Desktop\pysmell\subjects_for_metrics\odoo\openerp\models.py,4519,2,0,0,0
odoo,C:\Users\Zhifei Chen\Desktop\pysmell\subjects_for_metrics\odoo\openerp\models.py,4703,2,0,0,0
odoo,C:\Users\Zhifei Chen\Desktop\pysmell\subjects_for_metrics\odoo\openerp\models.py,4762,2,0,0,0
odoo,C:\Users\Zhifei Chen\Desktop\pysmell\subjects_for_metrics\odoo\openerp\models.py,5803,2,0,0,0
odoo,C:\Users\Zhifei Chen\Desktop\pysmell\subjects_for_metrics\odoo\openerp\netsvc.py,111,2,0,0,0
odoo,C:\Users\Zhifei Chen\Desktop\pysmell\subjects_for_metrics\odoo\openerp\sql_db.py,131,2,0,0,0
odoo,C:\Users\Zhifei Chen\Desktop\pysmell\subjects_for_metrics\odoo\openerp\sql_db.py,251,2,0,0,0
odoo,C:\Users\Zhifei Chen\Desktop\pysmell\subjects_for_metrics\odoo\openerp\sql_db.py,440,2,0,0,0
odoo,C:\Users\Zhifei Chen\Desktop\pysmell\subjects_for_metrics\odoo\openerp\addons\base\ir\ir_actions.py,998,2,0,0,0
odoo,C:\Users\Zhifei Chen\Desktop\pysmell\subjects_for_metrics\odoo\openerp\addons\base\ir\ir_actions.py,1208,2,0,0,0
odoo,C:\Users\Zhifei Chen\Desktop\pysmell\subjects_for_metrics\odoo\openerp\addons\base\ir\ir_fields.py,52,2,0,0,0
odoo,C:\Users\Zhifei Chen\Desktop\pysmell\subjects_for_metrics\odoo\openerp\addons\base\ir\ir_fields.py,409,2,0,0,0
odoo,C:\Users\Zhifei Chen\Desktop\pysmell\subjects_for_metrics\odoo\openerp\addons\base\ir\ir_mail_server.py,120,2,0,0,0
odoo,C:\Users\Zhifei Chen\Desktop\pysmell\subjects_for_metrics\odoo\openerp\addons\base\ir\ir_model.py,1160,2,0,0,0
odoo,C:\Users\Zhifei Chen\Desktop\pysmell\subjects_for_metrics\odoo\openerp\addons\base\ir\ir_qweb.py,1351,2,0,0,0
odoo,C:\Users\Zhifei Chen\Desktop\pysmell\subjects_for_metrics\odoo\openerp\addons\base\ir\ir_qweb.py,1604,2,0,0,0
odoo,C:\Users\Zhifei Chen\Desktop\pysmell\subjects_for_metrics\odoo\openerp\addons\base\ir\ir_qweb.py,1643,2,0,0,0
odoo,C:\Users\Zhifei Chen\Desktop\pysmell\subjects_for_metrics\odoo\openerp\addons\base\ir\ir_sequence.py,190,2,0,0,0
odoo,C:\Users\Zhifei Chen\Desktop\pysmell\subjects_for_metrics\odoo\openerp\addons\base\ir\ir_translation.py,577,2,0,0,0
odoo,C:\Users\Zhifei Chen\Desktop\pysmell\subjects_for_metrics\odoo\openerp\addons\base\ir\ir_ui_view.py,142,2,0,0,0
odoo,C:\Users\Zhifei Chen\Desktop\pysmell\subjects_for_metrics\odoo\openerp\addons\base\ir\ir_ui_view.py,664,2,0,0,0
odoo,C:\Users\Zhifei Chen\Desktop\pysmell\subjects_for_metrics\odoo\openerp\addons\base\ir\ir_ui_view.py,794,2,0,0,0
odoo,C:\Users\Zhifei Chen\Desktop\pysmell\subjects_for_metrics\odoo\openerp\addons\base\ir\ir_ui_view.py,1029,2,0,0,0
odoo,C:\Users\Zhifei Chen\Desktop\pysmell\subjects_for_metrics\odoo\openerp\addons\base\module\module.py,398,2,0,0,0
odoo,C:\Users\Zhifei Chen\Desktop\pysmell\subjects_for_metrics\odoo\openerp\addons\base\res\ir_property.py,191,2,0,0,0
odoo,C:\Users\Zhifei Chen\Desktop\pysmell\subjects_for_metrics\odoo\openerp\addons\base\res\res_company.py,118,2,0,0,0
odoo,C:\Users\Zhifei Chen\Desktop\pysmell\subjects_for_metrics\odoo\openerp\addons\base\res\res_config.py,484,2,0,0,0
odoo,C:\Users\Zhifei Chen\Desktop\pysmell\subjects_for_metrics\odoo\openerp\addons\base\res\res_lang.py,46,2,0,0,0
odoo,C:\Users\Zhifei Chen\Desktop\pysmell\subjects_for_metrics\odoo\openerp\addons\base\res\res_lang.py,286,2,0,0,0
odoo,C:\Users\Zhifei Chen\Desktop\pysmell\subjects_for_metrics\odoo\openerp\addons\base\res\res_partner.py,357,2,0,0,0
odoo,C:\Users\Zhifei Chen\Desktop\pysmell\subjects_for_metrics\odoo\openerp\addons\base\res\res_users.py,291,2,0,0,0
odoo,C:\Users\Zhifei Chen\Desktop\pysmell\subjects_for_metrics\odoo\openerp\addons\base\res\res_users.py,598,2,0,0,0
odoo,C:\Users\Zhifei Chen\Desktop\pysmell\subjects_for_metrics\odoo\openerp\addons\base\res\res_users.py,800,2,0,0,0
odoo,C:\Users\Zhifei Chen\Desktop\pysmell\subjects_for_metrics\odoo\openerp\addons\base\tests\test_acl.py,25,2,0,0,0
odoo,C:\Users\Zhifei Chen\Desktop\pysmell\subjects_for_metrics\odoo\openerp\addons\base\tests\test_expression.py,97,2,0,0,0
odoo,C:\Users\Zhifei Chen\Desktop\pysmell\subjects_for_metrics\odoo\openerp\addons\base\tests\test_func.py,14,2,0,0,0
odoo,C:\Users\Zhifei Chen\Desktop\pysmell\subjects_for_metrics\odoo\openerp\addons\base\tests\test_orm.py,125,2,0,0,0
odoo,C:\Users\Zhifei Chen\Desktop\pysmell\subjects_for_metrics\odoo\openerp\addons\base\tests\test_search.py,120,2,0,0,0
odoo,C:\Users\Zhifei Chen\Desktop\pysmell\subjects_for_metrics\odoo\openerp\addons\base\tests\test_translate.py,9,2,0,0,0
odoo,C:\Users\Zhifei Chen\Desktop\pysmell\subjects_for_metrics\odoo\openerp\addons\base\workflow\workflow_report.py,93,2,0,0,0
odoo,C:\Users\Zhifei Chen\Desktop\pysmell\subjects_for_metrics\odoo\openerp\addons\test_converter\tests\test_html.py,212,2,0,0,0
odoo,C:\Users\Zhifei Chen\Desktop\pysmell\subjects_for_metrics\odoo\openerp\addons\test_new_api\tests\test_new_fields.py,86,2,0,0,0
odoo,C:\Users\Zhifei Chen\Desktop\pysmell\subjects_for_metrics\odoo\openerp\cli\start.py,22,2,0,0,0
odoo,C:\Users\Zhifei Chen\Desktop\pysmell\subjects_for_metrics\odoo\openerp\modules\loading.py,32,2,0,0,0
odoo,C:\Users\Zhifei Chen\Desktop\pysmell\subjects_for_metrics\odoo\openerp\modules\migration.py,67,3,1,0,0
odoo,C:\Users\Zhifei Chen\Desktop\pysmell\subjects_for_metrics\odoo\openerp\modules\module.py,341,3,1,0,0
odoo,C:\Users\Zhifei Chen\Desktop\pysmell\subjects_for_metrics\odoo\openerp\osv\expression.py,230,2,0,0,0
odoo,C:\Users\Zhifei Chen\Desktop\pysmell\subjects_for_metrics\odoo\openerp\osv\expression.py,661,2,0,0,0
odoo,C:\Users\Zhifei Chen\Desktop\pysmell\subjects_for_metrics\odoo\openerp\osv\query.py,140,2,0,0,0
odoo,C:\Users\Zhifei Chen\Desktop\pysmell\subjects_for_metrics\odoo\openerp\report\custom.py,259,2,0,0,0
odoo,C:\Users\Zhifei Chen\Desktop\pysmell\subjects_for_metrics\odoo\openerp\report\custom.py,551,2,0,0,0
odoo,C:\Users\Zhifei Chen\Desktop\pysmell\subjects_for_metrics\odoo\openerp\report\interface.py,131,2,0,0,0
odoo,C:\Users\Zhifei Chen\Desktop\pysmell\subjects_for_metrics\odoo\openerp\report\printscreen\ps_form.py,52,2,0,0,0
odoo,C:\Users\Zhifei Chen\Desktop\pysmell\subjects_for_metrics\odoo\openerp\report\printscreen\ps_list.py,102,2,0,0,0
odoo,C:\Users\Zhifei Chen\Desktop\pysmell\subjects_for_metrics\odoo\openerp\report\render\html2html\html2html.py,20,2,0,0,0
odoo,C:\Users\Zhifei Chen\Desktop\pysmell\subjects_for_metrics\odoo\openerp\report\render\odt2odt\odt2odt.py,13,2,0,0,0
odoo,C:\Users\Zhifei Chen\Desktop\pysmell\subjects_for_metrics\odoo\openerp\report\render\rml2html\rml2html.py,48,2,0,0,0
odoo,C:\Users\Zhifei Chen\Desktop\pysmell\subjects_for_metrics\odoo\openerp\report\render\rml2pdf\trml2pdf.py,886,2,0,0,0
odoo,C:\Users\Zhifei Chen\Desktop\pysmell\subjects_for_metrics\odoo\openerp\service\model.py,41,3,1,0,0
odoo,C:\Users\Zhifei Chen\Desktop\pysmell\subjects_for_metrics\odoo\openerp\service\report.py,76,2,0,0,0
odoo,C:\Users\Zhifei Chen\Desktop\pysmell\subjects_for_metrics\odoo\openerp\service\server.py,243,2,0,0,0
odoo,C:\Users\Zhifei Chen\Desktop\pysmell\subjects_for_metrics\odoo\openerp\service\server.py,653,2,0,0,0
odoo,C:\Users\Zhifei Chen\Desktop\pysmell\subjects_for_metrics\odoo\openerp\tests\common.py,56,2,0,0,0
odoo,C:\Users\Zhifei Chen\Desktop\pysmell\subjects_for_metrics\odoo\openerp\tests\common.py,69,2,0,0,0
odoo,C:\Users\Zhifei Chen\Desktop\pysmell\subjects_for_metrics\odoo\openerp\tests\common.py,141,2,0,0,0
odoo,C:\Users\Zhifei Chen\Desktop\pysmell\subjects_for_metrics\odoo\openerp\tests\common.py,157,2,0,0,0
odoo,C:\Users\Zhifei Chen\Desktop\pysmell\subjects_for_metrics\odoo\openerp\tools\config.py,310,2,0,0,0
odoo,C:\Users\Zhifei Chen\Desktop\pysmell\subjects_for_metrics\odoo\openerp\tools\convert.py,355,2,0,0,0
odoo,C:\Users\Zhifei Chen\Desktop\pysmell\subjects_for_metrics\odoo\openerp\tools\func.py,53,3,1,0,0
odoo,C:\Users\Zhifei Chen\Desktop\pysmell\subjects_for_metrics\odoo\openerp\tools\func.py,85,2,0,0,0
odoo,C:\Users\Zhifei Chen\Desktop\pysmell\subjects_for_metrics\odoo\openerp\tools\mail.py,129,2,0,0,0
odoo,C:\Users\Zhifei Chen\Desktop\pysmell\subjects_for_metrics\odoo\openerp\tools\misc.py,240,2,0,0,0
odoo,C:\Users\Zhifei Chen\Desktop\pysmell\subjects_for_metrics\odoo\openerp\tools\misc.py,290,2,0,0,0
odoo,C:\Users\Zhifei Chen\Desktop\pysmell\subjects_for_metrics\odoo\openerp\tools\misc.py,533,2,0,0,0
odoo,C:\Users\Zhifei Chen\Desktop\pysmell\subjects_for_metrics\odoo\openerp\tools\misc.py,578,2,0,0,0
odoo,C:\Users\Zhifei Chen\Desktop\pysmell\subjects_for_metrics\odoo\openerp\tools\misc.py,603,2,0,0,0
odoo,C:\Users\Zhifei Chen\Desktop\pysmell\subjects_for_metrics\odoo\openerp\tools\misc.py,613,2,0,0,0
odoo,C:\Users\Zhifei Chen\Desktop\pysmell\subjects_for_metrics\odoo\openerp\tools\misc.py,929,2,0,0,0
odoo,C:\Users\Zhifei Chen\Desktop\pysmell\subjects_for_metrics\odoo\openerp\tools\misc.py,969,2,0,0,0
odoo,C:\Users\Zhifei Chen\Desktop\pysmell\subjects_for_metrics\odoo\openerp\tools\misc.py,1016,2,0,0,0
odoo,C:\Users\Zhifei Chen\Desktop\pysmell\subjects_for_metrics\odoo\openerp\tools\osutil.py,122,2,0,0,0
odoo,C:\Users\Zhifei Chen\Desktop\pysmell\subjects_for_metrics\odoo\openerp\tools\test_reports.py,81,2,0,0,0
odoo,C:\Users\Zhifei Chen\Desktop\pysmell\subjects_for_metrics\odoo\openerp\tools\translate.py,599,2,0,0,0
odoo,C:\Users\Zhifei Chen\Desktop\pysmell\subjects_for_metrics\odoo\openerp\tools\translate.py,716,2,0,0,0
odoo,C:\Users\Zhifei Chen\Desktop\pysmell\subjects_for_metrics\odoo\openerp\tools\translate.py,736,2,0,0,0
odoo,C:\Users\Zhifei Chen\Desktop\pysmell\subjects_for_metrics\odoo\openerp\tools\translate.py,1128,2,0,0,0
odoo,C:\Users\Zhifei Chen\Desktop\pysmell\subjects_for_metrics\odoo\openerp\tools\yaml_import.py,339,2,0,0,0
odoo,C:\Users\Zhifei Chen\Desktop\pysmell\subjects_for_metrics\odoo\setup\package.py,76,2,0,0,0
odoo,C:\Users\Zhifei Chen\Desktop\pysmell\subjects_for_metrics\odoo\setup\package.py,341,2,0,0,0
