subject,tag,file,lineno,NOC,NOL
tornado,v4.2.0,E:\my code\pysmell\subject_raw\tornado\tornado\tornado\auth.py,1063,57,1
tornado,v4.2.0,E:\my code\pysmell\subject_raw\tornado\tornado\tornado\escape.py,137,55,1
tornado,v4.2.0,E:\my code\pysmell\subject_raw\tornado\tornado\tornado\escape.py,168,55,2
tornado,v4.2.0,E:\my code\pysmell\subject_raw\tornado\tornado\tornado\locale.py,333,51,2
tornado,v4.2.0,E:\my code\pysmell\subject_raw\tornado\tornado\tornado\locale.py,336,55,2
tornado,v4.2.0,E:\my code\pysmell\subject_raw\tornado\tornado\tornado\locale.py,339,75,2
tornado,v4.2.0,E:\my code\pysmell\subject_raw\tornado\tornado\tornado\locale.py,343,93,2
tornado,v4.2.0,E:\my code\pysmell\subject_raw\tornado\tornado\tornado\locks.py,334,70,2
tornado,v4.2.0,E:\my code\pysmell\subject_raw\tornado\tornado\tornado\options.py,405,57,1
tornado,v4.2.0,E:\my code\pysmell\subject_raw\tornado\tornado\tornado\web.py,2510,54,1
tornado,v4.2.0,E:\my code\pysmell\subject_raw\tornado\tornado\tornado\test\escape_test.py,126,103,1
scipy,v0.16.0b2,E:\my code\pysmell\subject_raw\scipy\scipy\scipy\io\matlab\tests\test_mio.py,362,53,1
scipy,v0.16.0b2,E:\my code\pysmell\subject_raw\scipy\scipy\scipy\optimize\_linprog.py,553,58,1
scipy,v0.16.0b2,E:\my code\pysmell\subject_raw\scipy\scipy\scipy\optimize\_linprog.py,554,58,1
scipy,v0.16.0b2,E:\my code\pysmell\subject_raw\scipy\scipy\scipy\optimize\_linprog.py,555,60,1
scipy,v0.16.0b2,E:\my code\pysmell\subject_raw\scipy\scipy\scipy\optimize\_linprog.py,556,60,1
scipy,v0.16.0b2,E:\my code\pysmell\subject_raw\scipy\scipy\scipy\sparse\csgraph\_laplacian.py,75,58,1
scipy,v0.16.0b2,E:\my code\pysmell\subject_raw\scipy\scipy\scipy\sparse\linalg\eigen\arpack\arpack.py,1762,66,1
scipy,v0.16.0b2,E:\my code\pysmell\subject_raw\scipy\scipy\scipy\sparse\linalg\eigen\arpack\arpack.py,1766,72,1
scipy,v0.16.0b2,E:\my code\pysmell\subject_raw\scipy\scipy\scipy\sparse\linalg\eigen\arpack\arpack.py,1768,69,1
scipy,v0.16.0b2,E:\my code\pysmell\subject_raw\scipy\scipy\scipy\sparse\linalg\eigen\arpack\arpack.py,1769,71,1
scipy,v0.16.0b2,E:\my code\pysmell\subject_raw\scipy\scipy\scipy\sparse\linalg\eigen\arpack\arpack.py,1779,56,1
scipy,v0.16.0b2,E:\my code\pysmell\subject_raw\scipy\scipy\scipy\sparse\linalg\eigen\arpack\arpack.py,1783,62,1
ansible,v1.9.2-0.1.rc1,E:\my code\pysmell\subject_raw\ansible\ansible\plugins\inventory\nova.py,80,73,1
boto,2.38.0,E:\my code\pysmell\subject_raw\boto\boto\boto\beanstalk\response.py,108,57,1
boto,2.38.0,E:\my code\pysmell\subject_raw\boto\boto\boto\beanstalk\response.py,109,55,1
boto,2.38.0,E:\my code\pysmell\subject_raw\boto\boto\boto\beanstalk\response.py,110,55,1
boto,2.38.0,E:\my code\pysmell\subject_raw\boto\boto\boto\cloudformation\connection.py,241,53,2
boto,2.38.0,E:\my code\pysmell\subject_raw\boto\boto\boto\cloudsearch\document.py,142,56,1
boto,2.38.0,E:\my code\pysmell\subject_raw\boto\boto\boto\cloudsearch\search.py,103,89,2
boto,2.38.0,E:\my code\pysmell\subject_raw\boto\boto\boto\cloudsearch2\document.py,155,56,1
boto,2.38.0,E:\my code\pysmell\subject_raw\boto\boto\boto\cloudsearch2\search.py,100,89,2
boto,2.38.0,E:\my code\pysmell\subject_raw\boto\boto\boto\dynamodb\layer2.py,92,62,1
boto,2.38.0,E:\my code\pysmell\subject_raw\boto\boto\boto\dynamodb\table.py,59,58,1
boto,2.38.0,E:\my code\pysmell\subject_raw\boto\boto\boto\rds\__init__.py,412,75,1
boto,2.38.0,E:\my code\pysmell\subject_raw\boto\boto\boto\rds\__init__.py,419,71,3
boto,2.38.0,E:\my code\pysmell\subject_raw\boto\boto\boto\rds\__init__.py,663,71,3
ipython,rel-3.1.0,E:\my code\pysmell\subject_raw\ipython\ipython\IPython\core\inputtransformer.py,210,62,3
ipython,rel-3.1.0,E:\my code\pysmell\subject_raw\ipython\ipython\IPython\core\inputtransformer.py,211,35,2
ipython,rel-3.1.0,E:\my code\pysmell\subject_raw\ipython\ipython\IPython\core\interactiveshell.py,2221,84,2
ipython,rel-3.1.0,E:\my code\pysmell\subject_raw\ipython\ipython\IPython\core\interactiveshell.py,2258,88,2
ipython,rel-3.1.0,E:\my code\pysmell\subject_raw\ipython\ipython\IPython\core\oinspect.py,240,59,1
ipython,rel-3.1.0,E:\my code\pysmell\subject_raw\ipython\ipython\IPython\core\prompts.py,153,70,1
ipython,rel-3.1.0,E:\my code\pysmell\subject_raw\ipython\ipython\IPython\testing\decorators.py,315,60,1
ipython,rel-3.1.0,E:\my code\pysmell\subject_raw\ipython\ipython\IPython\testing\tools.py,55,66,1
ipython,rel-3.1.0,E:\my code\pysmell\subject_raw\ipython\ipython\IPython\utils\path.py,327,53,1
ipython,rel-3.1.0,E:\my code\pysmell\subject_raw\ipython\ipython\IPython\utils\_process_posix.py,72,65,2
ipython,rel-3.1.0,E:\my code\pysmell\subject_raw\ipython\ipython\IPython\utils\_process_posix.py,74,80,3
numpy,v1.9.2,E:\my code\pysmell\subject_raw\numpy\numpy\numpy\distutils\command\build_ext.py,309,77,1
numpy,v1.9.2,E:\my code\pysmell\subject_raw\numpy\numpy\numpy\distutils\command\build_ext.py,310,77,1
nltk,3.0.2,E:\my code\pysmell\subject_raw\nltk\nltk\nltk\grammar.py,402,53,1
nltk,3.0.2,E:\my code\pysmell\subject_raw\nltk\nltk\nltk\internals.py,614,108,2
nltk,3.0.2,E:\my code\pysmell\subject_raw\nltk\nltk\nltk\probability.py,577,60,1
nltk,3.0.2,E:\my code\pysmell\subject_raw\nltk\nltk\nltk\probability.py,1453,54,1
nltk,3.0.2,E:\my code\pysmell\subject_raw\nltk\nltk\nltk\probability.py,1991,58,1
nltk,3.0.2,E:\my code\pysmell\subject_raw\nltk\nltk\nltk\text.py,43,55,1
nltk,3.0.2,E:\my code\pysmell\subject_raw\nltk\nltk\nltk\text.py,568,54,1
nltk,3.0.2,E:\my code\pysmell\subject_raw\nltk\nltk\nltk\treeprettyprinter.py,164,39,2
nltk,3.0.2,E:\my code\pysmell\subject_raw\nltk\nltk\nltk\treeprettyprinter.py,367,70,2
nltk,3.0.2,E:\my code\pysmell\subject_raw\nltk\nltk\nltk\treeprettyprinter.py,429,86,3
nltk,3.0.2,E:\my code\pysmell\subject_raw\nltk\nltk\nltk\treeprettyprinter.py,524,43,2
nltk,3.0.2,E:\my code\pysmell\subject_raw\nltk\nltk\nltk\corpus\reader\lin.py,81,100,1
nltk,3.0.2,E:\my code\pysmell\subject_raw\nltk\nltk\nltk\corpus\reader\lin.py,83,94,2
nltk,3.0.2,E:\my code\pysmell\subject_raw\nltk\nltk\nltk\inference\discourse.py,110,61,1
nltk,3.0.2,E:\my code\pysmell\subject_raw\nltk\nltk\nltk\inference\discourse.py,181,55,1
nltk,3.0.2,E:\my code\pysmell\subject_raw\nltk\nltk\nltk\inference\discourse.py,421,64,1
nltk,3.0.2,E:\my code\pysmell\subject_raw\nltk\nltk\nltk\parse\malt.py,37,57,2
nltk,3.0.2,E:\my code\pysmell\subject_raw\nltk\nltk\nltk\parse\malt.py,39,56,1
nltk,3.0.2,E:\my code\pysmell\subject_raw\nltk\nltk\nltk\parse\pchart.py,483,68,1
nltk,3.0.2,E:\my code\pysmell\subject_raw\nltk\nltk\nltk\parse\viterbi.py,367,68,2
nltk,3.0.2,E:\my code\pysmell\subject_raw\nltk\nltk\nltk\sem\boxer.py,860,62,1
nltk,3.0.2,E:\my code\pysmell\subject_raw\nltk\nltk\nltk\sem\drt.py,387,59,1
nltk,3.0.2,E:\my code\pysmell\subject_raw\nltk\nltk\nltk\sem\drt.py,621,71,1
nltk,3.0.2,E:\my code\pysmell\subject_raw\nltk\nltk\nltk\sem\drt.py,798,76,2
nltk,3.0.2,E:\my code\pysmell\subject_raw\nltk\nltk\nltk\stem\porter.py,355,61,1
nltk,3.0.2,E:\my code\pysmell\subject_raw\nltk\nltk\nltk\stem\porter.py,362,62,1
nltk,3.0.2,E:\my code\pysmell\subject_raw\nltk\nltk\nltk\stem\porter.py,364,62,1
nltk,3.0.2,E:\my code\pysmell\subject_raw\nltk\nltk\nltk\stem\porter.py,374,61,1
nltk,3.0.2,E:\my code\pysmell\subject_raw\nltk\nltk\nltk\stem\porter.py,395,57,1
nltk,3.0.2,E:\my code\pysmell\subject_raw\nltk\nltk\nltk\stem\porter.py,397,57,1
nltk,3.0.2,E:\my code\pysmell\subject_raw\nltk\nltk\nltk\stem\porter.py,399,57,1
nltk,3.0.2,E:\my code\pysmell\subject_raw\nltk\nltk\nltk\stem\porter.py,420,57,1
nltk,3.0.2,E:\my code\pysmell\subject_raw\nltk\nltk\nltk\stem\porter.py,422,57,1
nltk,3.0.2,E:\my code\pysmell\subject_raw\nltk\nltk\nltk\tbl\demo.py,324,54,1
nltk,3.0.2,E:\my code\pysmell\subject_raw\nltk\nltk\nltk\tbl\template.py,274,79,3
nltk,3.0.2,E:\my code\pysmell\subject_raw\nltk\nltk\nltk\tbl\template.py,275,47,2
nltk,3.0.2,E:\my code\pysmell\subject_raw\nltk\nltk\nltk\tokenize\punkt.py,487,67,2
matplotlib,v1.4.3,E:\my code\pysmell\subject_raw\matplotlib\matplotlib\lib\matplotlib\animation.py,697,72,2
matplotlib,v1.4.3,E:\my code\pysmell\subject_raw\matplotlib\matplotlib\lib\matplotlib\backends\backend_pgf.py,60,55,1
matplotlib,v1.4.3,E:\my code\pysmell\subject_raw\matplotlib\matplotlib\lib\mpl_toolkits\mplot3d\art3d.py,359,68,2
matplotlib,v1.4.3,E:\my code\pysmell\subject_raw\matplotlib\matplotlib\lib\mpl_toolkits\mplot3d\art3d.py,364,68,2
matplotlib,v1.4.3,E:\my code\pysmell\subject_raw\matplotlib\matplotlib\lib\mpl_toolkits\mplot3d\art3d.py,427,68,2
matplotlib,v1.4.3,E:\my code\pysmell\subject_raw\matplotlib\matplotlib\lib\mpl_toolkits\mplot3d\art3d.py,432,68,2
matplotlib,v1.4.3,E:\my code\pysmell\subject_raw\matplotlib\matplotlib\lib\mpl_toolkits\mplot3d\axes3d.py,1690,66,2
django,1.8.2,E:\my code\pysmell\subject_raw\django\django\django\contrib\admin\options.py,64,57,1
django,1.8.2,E:\my code\pysmell\subject_raw\django\django\django\contrib\admin\options.py,639,71,1
django,1.8.2,E:\my code\pysmell\subject_raw\django\django\django\contrib\admin\templatetags\admin_list.py,42,54,1
django,1.8.2,E:\my code\pysmell\subject_raw\django\django\django\contrib\admin\templatetags\admin_list.py,172,66,1
django,1.8.2,E:\my code\pysmell\subject_raw\django\django\django\contrib\admin\templatetags\admin_list.py,331,64,1
django,1.8.2,E:\my code\pysmell\subject_raw\django\django\django\contrib\auth\tokens.py,68,81,1
django,1.8.2,E:\my code\pysmell\subject_raw\django\django\django\contrib\gis\measure.py,49,61,1
django,1.8.2,E:\my code\pysmell\subject_raw\django\django\django\contrib\gis\db\backends\oracle\operations.py,231,59,1
django,1.8.2,E:\my code\pysmell\subject_raw\django\django\django\contrib\gis\db\backends\postgis\adapter.py,49,55,1
django,1.8.2,E:\my code\pysmell\subject_raw\django\django\django\contrib\gis\db\backends\spatialite\base.py,74,72,1
django,1.8.2,E:\my code\pysmell\subject_raw\django\django\django\contrib\gis\db\backends\spatialite\introspection.py,32,72,1
django,1.8.2,E:\my code\pysmell\subject_raw\django\django\django\contrib\gis\db\backends\spatialite\operations.py,89,64,1
django,1.8.2,E:\my code\pysmell\subject_raw\django\django\django\contrib\gis\db\backends\spatialite\operations.py,272,59,1
django,1.8.2,E:\my code\pysmell\subject_raw\django\django\django\contrib\gis\db\models\fields.py,175,74,1
django,1.8.2,E:\my code\pysmell\subject_raw\django\django\django\contrib\gis\db\models\functions.py,178,65,1
django,1.8.2,E:\my code\pysmell\subject_raw\django\django\django\contrib\gis\utils\layermapping.py,96,53,1
django,1.8.2,E:\my code\pysmell\subject_raw\django\django\django\contrib\sitemaps\views.py,80,84,2
django,1.8.2,E:\my code\pysmell\subject_raw\django\django\django\contrib\staticfiles\management\commands\collectstatic.py,180,53,1
django,1.8.2,E:\my code\pysmell\subject_raw\django\django\django\contrib\staticfiles\management\commands\collectstatic.py,181,68,1
django,1.8.2,E:\my code\pysmell\subject_raw\django\django\django\core\files\base.py,154,54,1
django,1.8.2,E:\my code\pysmell\subject_raw\django\django\django\core\files\storage.py,193,91,2
django,1.8.2,E:\my code\pysmell\subject_raw\django\django\django\core\files\storage.py,197,111,2
django,1.8.2,E:\my code\pysmell\subject_raw\django\django\django\core\handlers\wsgi.py,222,55,1
django,1.8.2,E:\my code\pysmell\subject_raw\django\django\django\core\handlers\wsgi.py,251,55,1
django,1.8.2,E:\my code\pysmell\subject_raw\django\django\django\core\mail\backends\console.py,21,68,1
django,1.8.2,E:\my code\pysmell\subject_raw\django\django\django\core\mail\backends\smtp.py,23,54,1
django,1.8.2,E:\my code\pysmell\subject_raw\django\django\django\core\mail\backends\smtp.py,24,58,1
django,1.8.2,E:\my code\pysmell\subject_raw\django\django\django\core\mail\backends\smtp.py,28,62,1
django,1.8.2,E:\my code\pysmell\subject_raw\django\django\django\core\mail\backends\smtp.py,29,65,1
django,1.8.2,E:\my code\pysmell\subject_raw\django\django\django\core\management\base.py,449,82,3
django,1.8.2,E:\my code\pysmell\subject_raw\django\django\django\core\management\base.py,463,115,3
django,1.8.2,E:\my code\pysmell\subject_raw\django\django\django\core\management\base.py,464,72,2
django,1.8.2,E:\my code\pysmell\subject_raw\django\django\django\core\management\sql.py,18,63,1
django,1.8.2,E:\my code\pysmell\subject_raw\django\django\django\core\management\commands\inspectdb.py,94,90,1
django,1.8.2,E:\my code\pysmell\subject_raw\django\django\django\core\management\commands\loaddata.py,187,67,1
django,1.8.2,E:\my code\pysmell\subject_raw\django\django\django\core\management\commands\loaddata.py,188,73,1
django,1.8.2,E:\my code\pysmell\subject_raw\django\django\django\core\management\commands\migrate.py,74,54,1
django,1.8.2,E:\my code\pysmell\subject_raw\django\django\django\core\management\commands\migrate.py,210,58,1
django,1.8.2,E:\my code\pysmell\subject_raw\django\django\django\core\management\commands\migrate.py,221,58,1
django,1.8.2,E:\my code\pysmell\subject_raw\django\django\django\core\management\commands\migrate.py,232,58,1
django,1.8.2,E:\my code\pysmell\subject_raw\django\django\django\core\management\commands\runserver.py,109,55,1
django,1.8.2,E:\my code\pysmell\subject_raw\django\django\django\db\backends\postgresql_psycopg2\introspection.py,169,72,1
django,1.8.2,E:\my code\pysmell\subject_raw\django\django\django\db\backends\sqlite3\base.py,423,80,1
django,1.8.2,E:\my code\pysmell\subject_raw\django\django\django\db\migrations\autodetector.py,1067,62,1
django,1.8.2,E:\my code\pysmell\subject_raw\django\django\django\db\migrations\state.py,27,53,1
django,1.8.2,E:\my code\pysmell\subject_raw\django\django\django\db\migrations\state.py,425,54,3
django,1.8.2,E:\my code\pysmell\subject_raw\django\django\django\db\migrations\writer.py,181,53,1
django,1.8.2,E:\my code\pysmell\subject_raw\django\django\django\db\models\base.py,596,78,1
django,1.8.2,E:\my code\pysmell\subject_raw\django\django\django\db\models\base.py,763,54,1
django,1.8.2,E:\my code\pysmell\subject_raw\django\django\django\db\models\base.py,1524,94,1
django,1.8.2,E:\my code\pysmell\subject_raw\django\django\django\db\models\expressions.py,143,98,2
django,1.8.2,E:\my code\pysmell\subject_raw\django\django\django\db\models\expressions.py,144,54,1
django,1.8.2,E:\my code\pysmell\subject_raw\django\django\django\db\models\fields\related.py,141,83,1
django,1.8.2,E:\my code\pysmell\subject_raw\django\django\django\db\models\fields\related.py,1079,86,2
django,1.8.2,E:\my code\pysmell\subject_raw\django\django\django\db\models\fields\related.py,1258,54,1
django,1.8.2,E:\my code\pysmell\subject_raw\django\django\django\db\models\fields\related.py,1681,72,2
django,1.8.2,E:\my code\pysmell\subject_raw\django\django\django\db\models\fields\related.py,1683,113,2
django,1.8.2,E:\my code\pysmell\subject_raw\django\django\django\db\models\fields\related.py,1735,64,1
django,1.8.2,E:\my code\pysmell\subject_raw\django\django\django\db\models\fields\__init__.py,803,56,2
django,1.8.2,E:\my code\pysmell\subject_raw\django\django\django\db\models\fields\__init__.py,2397,61,1
django,1.8.2,E:\my code\pysmell\subject_raw\django\django\django\db\models\sql\compiler.py,393,58,1
django,1.8.2,E:\my code\pysmell\subject_raw\django\django\django\db\models\sql\compiler.py,394,60,1
django,1.8.2,E:\my code\pysmell\subject_raw\django\django\django\db\models\sql\compiler.py,933,62,1
django,1.8.2,E:\my code\pysmell\subject_raw\django\django\django\db\models\sql\datastructures.py,71,66,1
django,1.8.2,E:\my code\pysmell\subject_raw\django\django\django\db\models\sql\datastructures.py,136,66,1
django,1.8.2,E:\my code\pysmell\subject_raw\django\django\django\db\models\sql\query.py,296,62,1
django,1.8.2,E:\my code\pysmell\subject_raw\django\django\django\db\models\sql\query.py,640,53,1
django,1.8.2,E:\my code\pysmell\subject_raw\django\django\django\db\models\sql\query.py,850,53,1
django,1.8.2,E:\my code\pysmell\subject_raw\django\django\django\db\models\sql\where.py,59,78,1
django,1.8.2,E:\my code\pysmell\subject_raw\django\django\django\db\models\sql\where.py,60,76,1
django,1.8.2,E:\my code\pysmell\subject_raw\django\django\django\forms\forms.py,179,62,1
django,1.8.2,E:\my code\pysmell\subject_raw\django\django\django\forms\forms.py,646,85,2
django,1.8.2,E:\my code\pysmell\subject_raw\django\django\django\forms\models.py,800,53,1
django,1.8.2,E:\my code\pysmell\subject_raw\django\django\django\forms\widgets.py,199,66,1
django,1.8.2,E:\my code\pysmell\subject_raw\django\django\django\http\request.py,107,65,1
django,1.8.2,E:\my code\pysmell\subject_raw\django\django\django\http\request.py,108,96,1
django,1.8.2,E:\my code\pysmell\subject_raw\django\django\django\http\request.py,504,55,1
django,1.8.2,E:\my code\pysmell\subject_raw\django\django\django\middleware\common.py,134,58,1
django,1.8.2,E:\my code\pysmell\subject_raw\django\django\django\template\context.py,153,70,1
django,1.8.2,E:\my code\pysmell\subject_raw\django\django\django\template\defaulttags.py,425,56,1
django,1.8.2,E:\my code\pysmell\subject_raw\django\django\django\template\backends\jinja2.py,33,57,1
django,1.8.2,E:\my code\pysmell\subject_raw\django\django\django\templatetags\i18n.py,155,60,1
django,1.8.2,E:\my code\pysmell\subject_raw\django\django\django\test\client.py,200,57,1
django,1.8.2,E:\my code\pysmell\subject_raw\django\django\django\test\html.py,188,75,3
django,1.8.2,E:\my code\pysmell\subject_raw\django\django\django\utils\autoreload.py,213,56,1
django,1.8.2,E:\my code\pysmell\subject_raw\django\django\django\utils\dateformat.py,170,54,1
django,1.8.2,E:\my code\pysmell\subject_raw\django\django\django\utils\http.py,95,65,1
django,1.8.2,E:\my code\pysmell\subject_raw\django\django\django\utils\log.py,111,56,1
django,1.8.2,E:\my code\pysmell\subject_raw\django\django\django\views\debug.py,433,56,1
django,1.8.2,E:\my code\pysmell\subject_raw\django\django\django\views\i18n.py,188,68,2
django,1.8.2,E:\my code\pysmell\subject_raw\django\django\django\views\generic\dates.py,294,59,1
django,1.8.2,E:\my code\pysmell\subject_raw\django\django\django\views\generic\dates.py,356,70,1
django,1.8.2,E:\my code\pysmell\subject_raw\django\django\django\views\generic\dates.py,370,60,1
django,1.8.2,E:\my code\pysmell\subject_raw\django\django\django\views\generic\dates.py,376,53,1
django,1.8.2,E:\my code\pysmell\subject_raw\django\django\tests\cache\tests.py,1031,55,1
django,1.8.2,E:\my code\pysmell\subject_raw\django\django\tests\forms_tests\tests\test_forms.py,1657,69,1
django,1.8.2,E:\my code\pysmell\subject_raw\django\django\tests\gis_tests\distapp\tests.py,461,58,1
django,1.8.2,E:\my code\pysmell\subject_raw\django\django\tests\gis_tests\geoapp\tests.py,286,58,1
django,1.8.2,E:\my code\pysmell\subject_raw\django\django\tests\inspectdb\tests.py,187,70,1
django,1.8.2,E:\my code\pysmell\subject_raw\django\django\tests\introspection\tests.py,78,77,1
django,1.8.2,E:\my code\pysmell\subject_raw\django\django\tests\introspection\tests.py,80,91,1
django,1.8.2,E:\my code\pysmell\subject_raw\django\django\tests\introspection\tests.py,81,79,1
django,1.8.2,E:\my code\pysmell\subject_raw\django\django\tests\introspection\tests.py,82,95,1
django,1.8.2,E:\my code\pysmell\subject_raw\django\django\tests\queries\tests.py,2774,66,1
django,1.8.2,E:\my code\pysmell\subject_raw\django\django\tests\queries\tests.py,3530,65,2
django,1.8.2,E:\my code\pysmell\subject_raw\django\django\tests\schema\tests.py,1438,65,1
django,1.8.2,E:\my code\pysmell\subject_raw\django\django\tests\timezones\tests.py,988,53,1
