subject,file,lineno,NOC,NOFF,NOO,experience-based,statistics-based,tuning machine
django-old,C:\Users\Zhifei Chen\Desktop\pysmell\subjects_for_metrics\django-old\setup.py,60,40,1,8,0,0,0
django-old,C:\Users\Zhifei Chen\Desktop\pysmell\subjects_for_metrics\django-old\django\contrib\admin\filterspecs.py,106,65,2,14,1,0,0
django-old,C:\Users\Zhifei Chen\Desktop\pysmell\subjects_for_metrics\django-old\django\contrib\admin\helpers.py,29,128,2,18,1,0,0
django-old,C:\Users\Zhifei Chen\Desktop\pysmell\subjects_for_metrics\django-old\django\contrib\admin\helpers.py,31,27,1,5,0,0,0
django-old,C:\Users\Zhifei Chen\Desktop\pysmell\subjects_for_metrics\django-old\django\contrib\admin\helpers.py,80,54,1,8,0,0,0
django-old,C:\Users\Zhifei Chen\Desktop\pysmell\subjects_for_metrics\django-old\django\contrib\admin\helpers.py,109,76,2,14,1,0,0
django-old,C:\Users\Zhifei Chen\Desktop\pysmell\subjects_for_metrics\django-old\django\contrib\admin\options.py,280,54,1,8,0,0,0
django-old,C:\Users\Zhifei Chen\Desktop\pysmell\subjects_for_metrics\django-old\django\contrib\admin\options.py,497,49,1,6,0,0,0
django-old,C:\Users\Zhifei Chen\Desktop\pysmell\subjects_for_metrics\django-old\django\contrib\admin\options.py,506,53,1,11,0,0,0
django-old,C:\Users\Zhifei Chen\Desktop\pysmell\subjects_for_metrics\django-old\django\contrib\admin\options.py,1234,54,1,8,0,0,0
django-old,C:\Users\Zhifei Chen\Desktop\pysmell\subjects_for_metrics\django-old\django\contrib\admin\widgets.py,82,45,1,7,0,0,0
django-old,C:\Users\Zhifei Chen\Desktop\pysmell\subjects_for_metrics\django-old\django\contrib\admin\widgets.py,119,41,1,11,0,0,0
django-old,C:\Users\Zhifei Chen\Desktop\pysmell\subjects_for_metrics\django-old\django\contrib\admin\widgets.py,140,15,1,5,0,0,0
django-old,C:\Users\Zhifei Chen\Desktop\pysmell\subjects_for_metrics\django-old\django\contrib\admin\widgets.py,172,19,1,5,0,0,0
django-old,C:\Users\Zhifei Chen\Desktop\pysmell\subjects_for_metrics\django-old\django\contrib\admin\media\js\compress.py,30,86,1,12,1,0,0
django-old,C:\Users\Zhifei Chen\Desktop\pysmell\subjects_for_metrics\django-old\django\contrib\admin\templatetags\admin_list.py,246,158,1,22,1,0,1
django-old,C:\Users\Zhifei Chen\Desktop\pysmell\subjects_for_metrics\django-old\django\contrib\admin\templatetags\admin_list.py,259,146,1,20,1,0,0
django-old,C:\Users\Zhifei Chen\Desktop\pysmell\subjects_for_metrics\django-old\django\contrib\admin\templatetags\admin_list.py,268,81,1,17,1,0,0
django-old,C:\Users\Zhifei Chen\Desktop\pysmell\subjects_for_metrics\django-old\django\contrib\admin\views\main.py,72,71,1,8,0,0,0
django-old,C:\Users\Zhifei Chen\Desktop\pysmell\subjects_for_metrics\django-old\django\contrib\admin\views\main.py,235,86,1,13,1,0,0
django-old,C:\Users\Zhifei Chen\Desktop\pysmell\subjects_for_metrics\django-old\django\contrib\admin\views\template.py,45,30,1,7,0,0,0
django-old,C:\Users\Zhifei Chen\Desktop\pysmell\subjects_for_metrics\django-old\django\contrib\admindocs\utils.py,28,61,2,14,0,0,0
django-old,C:\Users\Zhifei Chen\Desktop\pysmell\subjects_for_metrics\django-old\django\contrib\admindocs\utils.py,29,42,1,11,0,0,0
django-old,C:\Users\Zhifei Chen\Desktop\pysmell\subjects_for_metrics\django-old\django\contrib\admindocs\views.py,121,42,1,6,0,0,0
django-old,C:\Users\Zhifei Chen\Desktop\pysmell\subjects_for_metrics\django-old\django\contrib\admindocs\views.py,175,34,1,6,0,0,0
django-old,C:\Users\Zhifei Chen\Desktop\pysmell\subjects_for_metrics\django-old\django\contrib\admindocs\views.py,315,109,2,27,1,0,1
django-old,C:\Users\Zhifei Chen\Desktop\pysmell\subjects_for_metrics\django-old\django\contrib\auth\backends.py,31,40,1,9,0,0,0
django-old,C:\Users\Zhifei Chen\Desktop\pysmell\subjects_for_metrics\django-old\django\contrib\auth\backends.py,38,98,1,13,1,0,0
django-old,C:\Users\Zhifei Chen\Desktop\pysmell\subjects_for_metrics\django-old\django\contrib\auth\models.py,145,42,1,7,0,0,0
django-old,C:\Users\Zhifei Chen\Desktop\pysmell\subjects_for_metrics\django-old\django\contrib\auth\tests\auth_backends.py,137,39,1,7,0,0,0
django-old,C:\Users\Zhifei Chen\Desktop\pysmell\subjects_for_metrics\django-old\django\contrib\comments\forms.py,171,56,2,9,0,0,0
django-old,C:\Users\Zhifei Chen\Desktop\pysmell\subjects_for_metrics\django-old\django\contrib\comments\forms.py,177,61,1,18,0,0,0
django-old,C:\Users\Zhifei Chen\Desktop\pysmell\subjects_for_metrics\django-old\django\contrib\comments\moderation.py,236,53,1,6,0,0,0
django-old,C:\Users\Zhifei Chen\Desktop\pysmell\subjects_for_metrics\django-old\django\contrib\comments\templatetags\comments.py,89,45,1,7,0,0,0
django-old,C:\Users\Zhifei Chen\Desktop\pysmell\subjects_for_metrics\django-old\django\contrib\contenttypes\generic.py,123,39,1,5,0,0,0
django-old,C:\Users\Zhifei Chen\Desktop\pysmell\subjects_for_metrics\django-old\django\contrib\contenttypes\management.py,31,55,1,9,0,0,0
django-old,C:\Users\Zhifei Chen\Desktop\pysmell\subjects_for_metrics\django-old\django\contrib\databrowse\datastructures.py,57,80,1,14,1,0,0
django-old,C:\Users\Zhifei Chen\Desktop\pysmell\subjects_for_metrics\django-old\django\contrib\databrowse\datastructures.py,130,85,1,14,1,0,0
django-old,C:\Users\Zhifei Chen\Desktop\pysmell\subjects_for_metrics\django-old\django\contrib\databrowse\datastructures.py,190,37,1,7,0,0,0
django-old,C:\Users\Zhifei Chen\Desktop\pysmell\subjects_for_metrics\django-old\django\contrib\databrowse\sites.py,64,77,1,13,1,0,0
django-old,C:\Users\Zhifei Chen\Desktop\pysmell\subjects_for_metrics\django-old\django\contrib\databrowse\sites.py,125,45,1,9,0,0,0
django-old,C:\Users\Zhifei Chen\Desktop\pysmell\subjects_for_metrics\django-old\django\contrib\databrowse\plugins\calendars.py,23,68,2,13,1,0,0
django-old,C:\Users\Zhifei Chen\Desktop\pysmell\subjects_for_metrics\django-old\django\contrib\databrowse\plugins\calendars.py,25,99,2,19,1,0,0
django-old,C:\Users\Zhifei Chen\Desktop\pysmell\subjects_for_metrics\django-old\django\contrib\databrowse\plugins\calendars.py,32,105,1,15,1,0,0
django-old,C:\Users\Zhifei Chen\Desktop\pysmell\subjects_for_metrics\django-old\django\contrib\databrowse\plugins\fieldchoices.py,25,58,2,12,0,0,0
django-old,C:\Users\Zhifei Chen\Desktop\pysmell\subjects_for_metrics\django-old\django\contrib\databrowse\plugins\fieldchoices.py,27,144,2,27,1,1,1
django-old,C:\Users\Zhifei Chen\Desktop\pysmell\subjects_for_metrics\django-old\django\contrib\databrowse\plugins\fieldchoices.py,34,102,1,15,1,0,0
django-old,C:\Users\Zhifei Chen\Desktop\pysmell\subjects_for_metrics\django-old\django\contrib\databrowse\plugins\fieldchoices.py,73,99,1,18,1,0,0
django-old,C:\Users\Zhifei Chen\Desktop\pysmell\subjects_for_metrics\django-old\django\contrib\formtools\wizard.py,93,47,1,10,0,0,0
django-old,C:\Users\Zhifei Chen\Desktop\pysmell\subjects_for_metrics\django-old\django\contrib\formtools\wizard.py,120,31,1,5,0,0,0
django-old,C:\Users\Zhifei Chen\Desktop\pysmell\subjects_for_metrics\django-old\django\contrib\gis\feeds.py,16,47,1,11,0,0,0
django-old,C:\Users\Zhifei Chen\Desktop\pysmell\subjects_for_metrics\django-old\django\contrib\gis\measure.py,161,38,1,11,0,0,0
django-old,C:\Users\Zhifei Chen\Desktop\pysmell\subjects_for_metrics\django-old\django\contrib\gis\measure.py,249,54,1,14,0,0,0
django-old,C:\Users\Zhifei Chen\Desktop\pysmell\subjects_for_metrics\django-old\django\contrib\gis\measure.py,250,49,1,12,0,0,0
django-old,C:\Users\Zhifei Chen\Desktop\pysmell\subjects_for_metrics\django-old\django\contrib\gis\measure.py,251,38,1,11,0,0,0
django-old,C:\Users\Zhifei Chen\Desktop\pysmell\subjects_for_metrics\django-old\django\contrib\gis\db\backends\mysql\operations.py,33,60,1,10,0,0,0
django-old,C:\Users\Zhifei Chen\Desktop\pysmell\subjects_for_metrics\django-old\django\contrib\gis\db\backends\oracle\operations.py,75,34,1,7,0,0,0
django-old,C:\Users\Zhifei Chen\Desktop\pysmell\subjects_for_metrics\django-old\django\contrib\gis\db\backends\oracle\operations.py,131,31,1,5,0,0,0
django-old,C:\Users\Zhifei Chen\Desktop\pysmell\subjects_for_metrics\django-old\django\contrib\gis\db\backends\postgis\operations.py,65,66,1,10,0,0,0
django-old,C:\Users\Zhifei Chen\Desktop\pysmell\subjects_for_metrics\django-old\django\contrib\gis\db\backends\postgis\operations.py,244,31,1,5,0,0,0
django-old,C:\Users\Zhifei Chen\Desktop\pysmell\subjects_for_metrics\django-old\django\contrib\gis\db\backends\spatialite\operations.py,55,34,1,7,0,0,0
django-old,C:\Users\Zhifei Chen\Desktop\pysmell\subjects_for_metrics\django-old\django\contrib\gis\db\backends\spatialite\operations.py,135,31,1,5,0,0,0
django-old,C:\Users\Zhifei Chen\Desktop\pysmell\subjects_for_metrics\django-old\django\contrib\gis\db\models\query.py,309,46,1,9,0,0,0
django-old,C:\Users\Zhifei Chen\Desktop\pysmell\subjects_for_metrics\django-old\django\contrib\gis\db\models\sql\aggregates.py,34,21,1,6,0,0,0
django-old,C:\Users\Zhifei Chen\Desktop\pysmell\subjects_for_metrics\django-old\django\contrib\gis\db\models\sql\compiler.py,26,123,1,22,1,0,1
django-old,C:\Users\Zhifei Chen\Desktop\pysmell\subjects_for_metrics\django-old\django\contrib\gis\db\models\sql\compiler.py,72,221,1,36,1,1,1
django-old,C:\Users\Zhifei Chen\Desktop\pysmell\subjects_for_metrics\django-old\django\contrib\gis\db\models\sql\compiler.py,177,46,1,9,0,0,0
django-old,C:\Users\Zhifei Chen\Desktop\pysmell\subjects_for_metrics\django-old\django\contrib\gis\db\models\sql\compiler.py,189,139,1,25,1,1,1
django-old,C:\Users\Zhifei Chen\Desktop\pysmell\subjects_for_metrics\django-old\django\contrib\gis\db\models\sql\query.py,12,391,1,35,1,1,1
django-old,C:\Users\Zhifei Chen\Desktop\pysmell\subjects_for_metrics\django-old\django\contrib\gis\gdal\feature.py,81,86,1,14,1,0,0
django-old,C:\Users\Zhifei Chen\Desktop\pysmell\subjects_for_metrics\django-old\django\contrib\gis\gdal\field.py,56,23,1,6,0,0,0
django-old,C:\Users\Zhifei Chen\Desktop\pysmell\subjects_for_metrics\django-old\django\contrib\gis\gdal\field.py,178,46,1,9,0,0,0
django-old,C:\Users\Zhifei Chen\Desktop\pysmell\subjects_for_metrics\django-old\django\contrib\gis\gdal\geometries.py,597,32,1,9,0,0,0
django-old,C:\Users\Zhifei Chen\Desktop\pysmell\subjects_for_metrics\django-old\django\contrib\gis\gdal\geometries.py,605,41,1,11,0,0,0
django-old,C:\Users\Zhifei Chen\Desktop\pysmell\subjects_for_metrics\django-old\django\contrib\gis\gdal\geometries.py,654,44,1,9,0,0,0
django-old,C:\Users\Zhifei Chen\Desktop\pysmell\subjects_for_metrics\django-old\django\contrib\gis\gdal\geometries.py,661,50,1,9,0,0,0
django-old,C:\Users\Zhifei Chen\Desktop\pysmell\subjects_for_metrics\django-old\django\contrib\gis\gdal\geometries.py,708,50,1,9,0,0,0
django-old,C:\Users\Zhifei Chen\Desktop\pysmell\subjects_for_metrics\django-old\django\contrib\gis\gdal\geometries.py,713,44,1,9,0,0,0
django-old,C:\Users\Zhifei Chen\Desktop\pysmell\subjects_for_metrics\django-old\django\contrib\gis\gdal\geomtype.py,29,39,1,11,0,0,0
django-old,C:\Users\Zhifei Chen\Desktop\pysmell\subjects_for_metrics\django-old\django\contrib\gis\gdal\layer.py,51,58,1,10,0,0,0
django-old,C:\Users\Zhifei Chen\Desktop\pysmell\subjects_for_metrics\django-old\django\contrib\gis\gdal\layer.py,134,86,1,14,1,0,0
django-old,C:\Users\Zhifei Chen\Desktop\pysmell\subjects_for_metrics\django-old\django\contrib\gis\gdal\layer.py,145,101,1,16,1,0,0
django-old,C:\Users\Zhifei Chen\Desktop\pysmell\subjects_for_metrics\django-old\django\contrib\gis\gdal\layer.py,151,87,1,14,1,0,0
django-old,C:\Users\Zhifei Chen\Desktop\pysmell\subjects_for_metrics\django-old\django\contrib\gis\gdal\layer.py,157,91,1,14,1,0,0
django-old,C:\Users\Zhifei Chen\Desktop\pysmell\subjects_for_metrics\django-old\django\contrib\gis\gdal\layer.py,191,35,1,6,0,0,0
django-old,C:\Users\Zhifei Chen\Desktop\pysmell\subjects_for_metrics\django-old\django\contrib\gis\gdal\layer.py,200,42,1,7,0,0,0
django-old,C:\Users\Zhifei Chen\Desktop\pysmell\subjects_for_metrics\django-old\django\contrib\gis\gdal\layer.py,202,24,1,4,0,0,0
django-old,C:\Users\Zhifei Chen\Desktop\pysmell\subjects_for_metrics\django-old\django\contrib\gis\gdal\libgdal.py,90,56,1,11,0,0,0
django-old,C:\Users\Zhifei Chen\Desktop\pysmell\subjects_for_metrics\django-old\django\contrib\gis\gdal\tests\test_ds.py,24,26,1,8,0,0,0
django-old,C:\Users\Zhifei Chen\Desktop\pysmell\subjects_for_metrics\django-old\django\contrib\gis\gdal\tests\test_ds.py,24,24,1,8,0,0,0
django-old,C:\Users\Zhifei Chen\Desktop\pysmell\subjects_for_metrics\django-old\django\contrib\gis\gdal\tests\test_ds.py,130,34,1,6,0,0,0
django-old,C:\Users\Zhifei Chen\Desktop\pysmell\subjects_for_metrics\django-old\django\contrib\gis\gdal\tests\test_ds.py,209,18,1,3,0,0,0
django-old,C:\Users\Zhifei Chen\Desktop\pysmell\subjects_for_metrics\django-old\django\contrib\gis\gdal\tests\test_ds.py,218,18,1,3,0,0,0
django-old,C:\Users\Zhifei Chen\Desktop\pysmell\subjects_for_metrics\django-old\django\contrib\gis\gdal\tests\test_geom.py,155,28,1,6,0,0,0
django-old,C:\Users\Zhifei Chen\Desktop\pysmell\subjects_for_metrics\django-old\django\contrib\gis\gdal\tests\test_geom.py,156,28,1,6,0,0,0
django-old,C:\Users\Zhifei Chen\Desktop\pysmell\subjects_for_metrics\django-old\django\contrib\gis\geos\collections.py,84,17,1,4,0,0,0
django-old,C:\Users\Zhifei Chen\Desktop\pysmell\subjects_for_metrics\django-old\django\contrib\gis\geos\collections.py,89,19,1,4,0,0,0
django-old,C:\Users\Zhifei Chen\Desktop\pysmell\subjects_for_metrics\django-old\django\contrib\gis\geos\coordseq.py,149,41,1,11,0,0,0
django-old,C:\Users\Zhifei Chen\Desktop\pysmell\subjects_for_metrics\django-old\django\contrib\gis\geos\coordseq.py,156,24,1,7,0,0,0
django-old,C:\Users\Zhifei Chen\Desktop\pysmell\subjects_for_metrics\django-old\django\contrib\gis\geos\libgeos.py,114,101,1,14,1,0,0
django-old,C:\Users\Zhifei Chen\Desktop\pysmell\subjects_for_metrics\django-old\django\contrib\gis\geos\linestring.py,119,32,1,9,0,0,0
django-old,C:\Users\Zhifei Chen\Desktop\pysmell\subjects_for_metrics\django-old\django\contrib\gis\geos\mutable_list.py,75,69,1,13,1,0,0
django-old,C:\Users\Zhifei Chen\Desktop\pysmell\subjects_for_metrics\django-old\django\contrib\gis\geos\mutable_list.py,94,71,2,11,0,0,0
django-old,C:\Users\Zhifei Chen\Desktop\pysmell\subjects_for_metrics\django-old\django\contrib\gis\geos\mutable_list.py,208,22,1,7,0,0,0
django-old,C:\Users\Zhifei Chen\Desktop\pysmell\subjects_for_metrics\django-old\django\contrib\gis\geos\mutable_list.py,210,16,1,5,0,0,0
django-old,C:\Users\Zhifei Chen\Desktop\pysmell\subjects_for_metrics\django-old\django\contrib\gis\geos\mutable_list.py,238,44,1,7,0,0,0
django-old,C:\Users\Zhifei Chen\Desktop\pysmell\subjects_for_metrics\django-old\django\contrib\gis\geos\polygon.py,158,38,1,10,0,0,0
django-old,C:\Users\Zhifei Chen\Desktop\pysmell\subjects_for_metrics\django-old\django\contrib\gis\geos\polygon.py,164,96,1,13,1,0,0
django-old,C:\Users\Zhifei Chen\Desktop\pysmell\subjects_for_metrics\django-old\django\contrib\gis\geos\prototypes\misc.py,16,32,1,5,0,0,0
django-old,C:\Users\Zhifei Chen\Desktop\pysmell\subjects_for_metrics\django-old\django\contrib\gis\geos\tests\test_geos.py,292,19,1,4,0,0,0
django-old,C:\Users\Zhifei Chen\Desktop\pysmell\subjects_for_metrics\django-old\django\contrib\gis\geos\tests\test_geos.py,321,27,1,6,0,0,0
django-old,C:\Users\Zhifei Chen\Desktop\pysmell\subjects_for_metrics\django-old\django\contrib\gis\geos\tests\test_geos.py,322,28,1,6,0,0,0
django-old,C:\Users\Zhifei Chen\Desktop\pysmell\subjects_for_metrics\django-old\django\contrib\gis\geos\tests\test_geos.py,346,19,1,5,0,0,0
django-old,C:\Users\Zhifei Chen\Desktop\pysmell\subjects_for_metrics\django-old\django\contrib\gis\geos\tests\test_geos.py,347,29,1,6,0,0,0
django-old,C:\Users\Zhifei Chen\Desktop\pysmell\subjects_for_metrics\django-old\django\contrib\gis\geos\tests\test_geos.py,362,27,1,6,0,0,0
django-old,C:\Users\Zhifei Chen\Desktop\pysmell\subjects_for_metrics\django-old\django\contrib\gis\geos\tests\test_geos.py,418,13,1,3,0,0,0
django-old,C:\Users\Zhifei Chen\Desktop\pysmell\subjects_for_metrics\django-old\django\contrib\gis\geos\tests\test_geos.py,422,19,1,4,0,0,0
django-old,C:\Users\Zhifei Chen\Desktop\pysmell\subjects_for_metrics\django-old\django\contrib\gis\geos\tests\test_geos.py,426,13,1,3,0,0,0
django-old,C:\Users\Zhifei Chen\Desktop\pysmell\subjects_for_metrics\django-old\django\contrib\gis\geos\tests\test_geos.py,427,31,1,6,0,0,0
django-old,C:\Users\Zhifei Chen\Desktop\pysmell\subjects_for_metrics\django-old\django\contrib\gis\geos\tests\test_geos.py,448,28,1,5,0,0,0
django-old,C:\Users\Zhifei Chen\Desktop\pysmell\subjects_for_metrics\django-old\django\contrib\gis\geos\tests\test_geos.py,794,38,2,6,0,0,0
django-old,C:\Users\Zhifei Chen\Desktop\pysmell\subjects_for_metrics\django-old\django\contrib\gis\geos\tests\test_geos.py,795,33,1,4,0,0,0
django-old,C:\Users\Zhifei Chen\Desktop\pysmell\subjects_for_metrics\django-old\django\contrib\gis\geos\tests\test_geos.py,796,21,1,4,0,0,0
django-old,C:\Users\Zhifei Chen\Desktop\pysmell\subjects_for_metrics\django-old\django\contrib\gis\geos\tests\test_geos.py,797,26,1,4,0,0,0
django-old,C:\Users\Zhifei Chen\Desktop\pysmell\subjects_for_metrics\django-old\django\contrib\gis\geos\tests\test_geos.py,804,12,1,3,0,0,0
django-old,C:\Users\Zhifei Chen\Desktop\pysmell\subjects_for_metrics\django-old\django\contrib\gis\geos\tests\test_geos.py,880,37,1,7,0,0,0
django-old,C:\Users\Zhifei Chen\Desktop\pysmell\subjects_for_metrics\django-old\django\contrib\gis\geos\tests\test_geos_mutation.py,30,91,2,17,1,0,0
django-old,C:\Users\Zhifei Chen\Desktop\pysmell\subjects_for_metrics\django-old\django\contrib\gis\management\commands\ogrinspect.py,26,25,1,6,0,0,0
django-old,C:\Users\Zhifei Chen\Desktop\pysmell\subjects_for_metrics\django-old\django\contrib\gis\management\commands\ogrinspect.py,89,48,2,13,0,0,0
django-old,C:\Users\Zhifei Chen\Desktop\pysmell\subjects_for_metrics\django-old\django\contrib\gis\management\commands\ogrinspect.py,106,45,1,7,0,0,0
django-old,C:\Users\Zhifei Chen\Desktop\pysmell\subjects_for_metrics\django-old\django\contrib\gis\management\commands\ogrinspect.py,117,37,1,9,0,0,0
django-old,C:\Users\Zhifei Chen\Desktop\pysmell\subjects_for_metrics\django-old\django\contrib\gis\management\commands\ogrinspect.py,120,90,1,14,1,0,0
django-old,C:\Users\Zhifei Chen\Desktop\pysmell\subjects_for_metrics\django-old\django\contrib\gis\maps\google\gmap.py,146,49,2,7,0,0,0
django-old,C:\Users\Zhifei Chen\Desktop\pysmell\subjects_for_metrics\django-old\django\contrib\gis\maps\google\gmap.py,179,41,1,10,0,0,0
django-old,C:\Users\Zhifei Chen\Desktop\pysmell\subjects_for_metrics\django-old\django\contrib\gis\maps\google\overlays.py,58,45,1,9,0,0,0
django-old,C:\Users\Zhifei Chen\Desktop\pysmell\subjects_for_metrics\django-old\django\contrib\gis\tests\distapp\tests.py,26,16,1,4,0,0,0
django-old,C:\Users\Zhifei Chen\Desktop\pysmell\subjects_for_metrics\django-old\django\contrib\gis\tests\geo3d\tests.py,28,42,1,7,0,0,0
django-old,C:\Users\Zhifei Chen\Desktop\pysmell\subjects_for_metrics\django-old\django\contrib\gis\tests\geo3d\tests.py,49,52,1,16,0,0,0
django-old,C:\Users\Zhifei Chen\Desktop\pysmell\subjects_for_metrics\django-old\django\contrib\gis\tests\geoapp\tests.py,364,21,1,4,0,0,0
django-old,C:\Users\Zhifei Chen\Desktop\pysmell\subjects_for_metrics\django-old\django\contrib\gis\tests\geoapp\test_feeds.py,12,33,1,5,0,0,0
django-old,C:\Users\Zhifei Chen\Desktop\pysmell\subjects_for_metrics\django-old\django\contrib\gis\tests\geoapp\test_sitemaps.py,12,33,1,5,0,0,0
django-old,C:\Users\Zhifei Chen\Desktop\pysmell\subjects_for_metrics\django-old\django\contrib\gis\tests\relatedapp\tests.py,215,22,1,4,0,0,0
django-old,C:\Users\Zhifei Chen\Desktop\pysmell\subjects_for_metrics\django-old\django\contrib\gis\utils\geoip.py,48,124,2,16,1,0,0
django-old,C:\Users\Zhifei Chen\Desktop\pysmell\subjects_for_metrics\django-old\django\contrib\gis\utils\geoip.py,150,29,1,9,0,0,0
django-old,C:\Users\Zhifei Chen\Desktop\pysmell\subjects_for_metrics\django-old\django\contrib\gis\utils\geoip.py,264,56,1,13,0,0,0
django-old,C:\Users\Zhifei Chen\Desktop\pysmell\subjects_for_metrics\django-old\django\contrib\gis\utils\geoip.py,301,24,1,5,0,0,0
django-old,C:\Users\Zhifei Chen\Desktop\pysmell\subjects_for_metrics\django-old\django\contrib\gis\utils\layermapping.py,319,38,1,8,0,0,0
django-old,C:\Users\Zhifei Chen\Desktop\pysmell\subjects_for_metrics\django-old\django\contrib\gis\utils\ogrinspect.py,117,36,1,6,0,0,0
django-old,C:\Users\Zhifei Chen\Desktop\pysmell\subjects_for_metrics\django-old\django\contrib\gis\utils\ogrinspect.py,143,22,1,5,0,0,0
django-old,C:\Users\Zhifei Chen\Desktop\pysmell\subjects_for_metrics\django-old\django\contrib\gis\utils\ogrinspect.py,145,27,1,5,0,0,0
django-old,C:\Users\Zhifei Chen\Desktop\pysmell\subjects_for_metrics\django-old\django\contrib\gis\utils\wkt.py,31,31,1,8,0,0,0
django-old,C:\Users\Zhifei Chen\Desktop\pysmell\subjects_for_metrics\django-old\django\contrib\gis\utils\wkt.py,34,40,1,7,0,0,0
django-old,C:\Users\Zhifei Chen\Desktop\pysmell\subjects_for_metrics\django-old\django\contrib\gis\utils\wkt.py,48,35,1,7,0,0,0
django-old,C:\Users\Zhifei Chen\Desktop\pysmell\subjects_for_metrics\django-old\django\contrib\gis\utils\wkt.py,50,56,2,11,0,0,0
django-old,C:\Users\Zhifei Chen\Desktop\pysmell\subjects_for_metrics\django-old\django\contrib\gis\utils\wkt.py,50,34,1,5,0,0,0
django-old,C:\Users\Zhifei Chen\Desktop\pysmell\subjects_for_metrics\django-old\django\contrib\gis\utils\wkt.py,55,33,1,5,0,0,0
django-old,C:\Users\Zhifei Chen\Desktop\pysmell\subjects_for_metrics\django-old\django\contrib\localflavor\ar\forms.py,107,48,1,13,0,0,0
django-old,C:\Users\Zhifei Chen\Desktop\pysmell\subjects_for_metrics\django-old\django\contrib\localflavor\br\forms.py,71,47,1,9,0,0,0
django-old,C:\Users\Zhifei Chen\Desktop\pysmell\subjects_for_metrics\django-old\django\contrib\localflavor\br\forms.py,117,60,1,17,0,0,0
django-old,C:\Users\Zhifei Chen\Desktop\pysmell\subjects_for_metrics\django-old\django\contrib\localflavor\br\forms.py,120,60,1,17,0,0,0
django-old,C:\Users\Zhifei Chen\Desktop\pysmell\subjects_for_metrics\django-old\django\contrib\localflavor\br\forms.py,154,77,1,23,1,0,0
django-old,C:\Users\Zhifei Chen\Desktop\pysmell\subjects_for_metrics\django-old\django\contrib\localflavor\br\forms.py,157,77,1,23,1,0,0
django-old,C:\Users\Zhifei Chen\Desktop\pysmell\subjects_for_metrics\django-old\django\contrib\localflavor\es\forms.py,158,65,1,14,1,0,0
django-old,C:\Users\Zhifei Chen\Desktop\pysmell\subjects_for_metrics\django-old\django\contrib\localflavor\es\forms.py,182,59,2,14,0,0,0
django-old,C:\Users\Zhifei Chen\Desktop\pysmell\subjects_for_metrics\django-old\django\contrib\localflavor\es\forms.py,183,98,3,26,1,1,1
django-old,C:\Users\Zhifei Chen\Desktop\pysmell\subjects_for_metrics\django-old\django\contrib\localflavor\es\forms.py,183,39,1,11,0,0,0
django-old,C:\Users\Zhifei Chen\Desktop\pysmell\subjects_for_metrics\django-old\django\contrib\localflavor\id\forms.py,125,50,1,5,0,0,0
django-old,C:\Users\Zhifei Chen\Desktop\pysmell\subjects_for_metrics\django-old\django\contrib\localflavor\is_\forms.py,50,41,1,13,0,0,0
django-old,C:\Users\Zhifei Chen\Desktop\pysmell\subjects_for_metrics\django-old\django\contrib\localflavor\it\util.py,20,26,1,8,0,0,0
django-old,C:\Users\Zhifei Chen\Desktop\pysmell\subjects_for_metrics\django-old\django\contrib\localflavor\no\forms.py,74,31,1,10,0,0,0
django-old,C:\Users\Zhifei Chen\Desktop\pysmell\subjects_for_metrics\django-old\django\contrib\localflavor\pl\forms.py,133,51,2,10,0,0,0
django-old,C:\Users\Zhifei Chen\Desktop\pysmell\subjects_for_metrics\django-old\django\contrib\localflavor\pl\forms.py,136,39,1,12,0,0,0
django-old,C:\Users\Zhifei Chen\Desktop\pysmell\subjects_for_metrics\django-old\django\contrib\localflavor\se\utils.py,14,22,1,7,0,0,0
django-old,C:\Users\Zhifei Chen\Desktop\pysmell\subjects_for_metrics\django-old\django\contrib\messages\storage\cookie.py,35,41,1,6,0,0,0
django-old,C:\Users\Zhifei Chen\Desktop\pysmell\subjects_for_metrics\django-old\django\contrib\messages\storage\cookie.py,37,67,1,12,1,0,0
django-old,C:\Users\Zhifei Chen\Desktop\pysmell\subjects_for_metrics\django-old\django\contrib\messages\storage\fallback.py,14,69,1,7,0,0,0
django-old,C:\Users\Zhifei Chen\Desktop\pysmell\subjects_for_metrics\django-old\django\contrib\messages\tests\base.py,155,37,1,7,0,0,0
django-old,C:\Users\Zhifei Chen\Desktop\pysmell\subjects_for_metrics\django-old\django\contrib\messages\tests\base.py,164,57,1,11,0,0,0
django-old,C:\Users\Zhifei Chen\Desktop\pysmell\subjects_for_metrics\django-old\django\contrib\messages\tests\base.py,177,37,1,7,0,0,0
django-old,C:\Users\Zhifei Chen\Desktop\pysmell\subjects_for_metrics\django-old\django\contrib\messages\tests\base.py,182,57,1,11,0,0,0
django-old,C:\Users\Zhifei Chen\Desktop\pysmell\subjects_for_metrics\django-old\django\contrib\messages\tests\base.py,216,37,1,7,0,0,0
django-old,C:\Users\Zhifei Chen\Desktop\pysmell\subjects_for_metrics\django-old\django\contrib\messages\tests\base.py,250,37,1,7,0,0,0
django-old,C:\Users\Zhifei Chen\Desktop\pysmell\subjects_for_metrics\django-old\django\contrib\messages\tests\base.py,279,37,1,7,0,0,0
django-old,C:\Users\Zhifei Chen\Desktop\pysmell\subjects_for_metrics\django-old\django\contrib\messages\tests\base.py,375,25,1,4,0,0,0
django-old,C:\Users\Zhifei Chen\Desktop\pysmell\subjects_for_metrics\django-old\django\contrib\messages\tests\base.py,396,25,1,4,0,0,0
django-old,C:\Users\Zhifei Chen\Desktop\pysmell\subjects_for_metrics\django-old\django\contrib\messages\tests\cookie.py,97,52,1,9,0,0,0
django-old,C:\Users\Zhifei Chen\Desktop\pysmell\subjects_for_metrics\django-old\django\contrib\messages\tests\fallback.py,47,22,1,7,0,0,0
django-old,C:\Users\Zhifei Chen\Desktop\pysmell\subjects_for_metrics\django-old\django\contrib\messages\tests\fallback.py,75,22,1,7,0,0,0
django-old,C:\Users\Zhifei Chen\Desktop\pysmell\subjects_for_metrics\django-old\django\contrib\messages\tests\fallback.py,90,22,1,7,0,0,0
django-old,C:\Users\Zhifei Chen\Desktop\pysmell\subjects_for_metrics\django-old\django\contrib\webdesign\lorem_ipsum.py,52,85,1,20,1,0,0
django-old,C:\Users\Zhifei Chen\Desktop\pysmell\subjects_for_metrics\django-old\django\contrib\webdesign\lorem_ipsum.py,63,44,1,10,0,0,0
django-old,C:\Users\Zhifei Chen\Desktop\pysmell\subjects_for_metrics\django-old\django\contrib\webdesign\templatetags\webdesign.py,20,28,1,5,0,0,0
django-old,C:\Users\Zhifei Chen\Desktop\pysmell\subjects_for_metrics\django-old\django\core\exceptions.py,51,35,1,5,0,0,0
django-old,C:\Users\Zhifei Chen\Desktop\pysmell\subjects_for_metrics\django-old\django\core\urlresolvers.py,40,22,2,4,0,0,0
django-old,C:\Users\Zhifei Chen\Desktop\pysmell\subjects_for_metrics\django-old\django\core\urlresolvers.py,57,42,2,8,0,0,0
django-old,C:\Users\Zhifei Chen\Desktop\pysmell\subjects_for_metrics\django-old\django\core\urlresolvers.py,211,57,1,11,0,0,0
django-old,C:\Users\Zhifei Chen\Desktop\pysmell\subjects_for_metrics\django-old\django\core\urlresolvers.py,312,32,1,5,0,0,0
django-old,C:\Users\Zhifei Chen\Desktop\pysmell\subjects_for_metrics\django-old\django\core\urlresolvers.py,317,46,1,11,0,0,0
django-old,C:\Users\Zhifei Chen\Desktop\pysmell\subjects_for_metrics\django-old\django\core\cache\backends\filebased.py,126,87,2,19,1,0,0
django-old,C:\Users\Zhifei Chen\Desktop\pysmell\subjects_for_metrics\django-old\django\core\cache\backends\locmem.py,115,66,2,14,1,0,0
django-old,C:\Users\Zhifei Chen\Desktop\pysmell\subjects_for_metrics\django-old\django\core\handlers\wsgi.py,255,43,1,13,0,0,0
django-old,C:\Users\Zhifei Chen\Desktop\pysmell\subjects_for_metrics\django-old\django\core\mail\message.py,151,39,1,6,0,0,0
django-old,C:\Users\Zhifei Chen\Desktop\pysmell\subjects_for_metrics\django-old\django\core\mail\__init__.py,81,96,1,12,1,0,0
django-old,C:\Users\Zhifei Chen\Desktop\pysmell\subjects_for_metrics\django-old\django\core\mail\__init__.py,91,27,1,6,0,0,0
django-old,C:\Users\Zhifei Chen\Desktop\pysmell\subjects_for_metrics\django-old\django\core\mail\__init__.py,100,29,1,6,0,0,0
django-old,C:\Users\Zhifei Chen\Desktop\pysmell\subjects_for_metrics\django-old\django\core\management\sql.py,30,90,2,10,0,0,0
django-old,C:\Users\Zhifei Chen\Desktop\pysmell\subjects_for_metrics\django-old\django\core\management\sql.py,50,98,1,11,0,0,0
django-old,C:\Users\Zhifei Chen\Desktop\pysmell\subjects_for_metrics\django-old\django\core\management\sql.py,152,56,2,8,0,0,0
django-old,C:\Users\Zhifei Chen\Desktop\pysmell\subjects_for_metrics\django-old\django\core\management\__init__.py,96,57,1,9,0,0,0
django-old,C:\Users\Zhifei Chen\Desktop\pysmell\subjects_for_metrics\django-old\django\core\management\__init__.py,161,71,2,12,1,0,0
django-old,C:\Users\Zhifei Chen\Desktop\pysmell\subjects_for_metrics\django-old\django\core\management\__init__.py,311,28,1,5,0,0,0
django-old,C:\Users\Zhifei Chen\Desktop\pysmell\subjects_for_metrics\django-old\django\core\management\__init__.py,324,74,1,9,0,0,0
django-old,C:\Users\Zhifei Chen\Desktop\pysmell\subjects_for_metrics\django-old\django\core\management\__init__.py,327,42,1,14,0,0,0
django-old,C:\Users\Zhifei Chen\Desktop\pysmell\subjects_for_metrics\django-old\django\core\management\__init__.py,331,44,2,11,0,0,0
django-old,C:\Users\Zhifei Chen\Desktop\pysmell\subjects_for_metrics\django-old\django\core\management\commands\diffsettings.py,5,65,2,16,1,0,0
django-old,C:\Users\Zhifei Chen\Desktop\pysmell\subjects_for_metrics\django-old\django\core\management\commands\dumpdata.py,55,55,2,9,0,0,0
django-old,C:\Users\Zhifei Chen\Desktop\pysmell\subjects_for_metrics\django-old\django\core\management\commands\dumpdata.py,134,36,1,8,0,0,0
django-old,C:\Users\Zhifei Chen\Desktop\pysmell\subjects_for_metrics\django-old\django\core\management\commands\dumpdata.py,171,45,1,9,0,0,0
django-old,C:\Users\Zhifei Chen\Desktop\pysmell\subjects_for_metrics\django-old\django\core\management\commands\dumpdata.py,181,123,1,21,1,0,0
django-old,C:\Users\Zhifei Chen\Desktop\pysmell\subjects_for_metrics\django-old\django\core\management\commands\flush.py,72,84,2,12,1,0,0
django-old,C:\Users\Zhifei Chen\Desktop\pysmell\subjects_for_metrics\django-old\django\core\management\commands\inspectdb.py,117,47,1,11,0,0,0
django-old,C:\Users\Zhifei Chen\Desktop\pysmell\subjects_for_metrics\django-old\django\core\management\commands\loaddata.py,93,73,1,12,1,0,0
django-old,C:\Users\Zhifei Chen\Desktop\pysmell\subjects_for_metrics\django-old\django\core\management\commands\loaddata.py,137,61,2,8,0,0,0
django-old,C:\Users\Zhifei Chen\Desktop\pysmell\subjects_for_metrics\django-old\django\core\management\commands\makemessages.py,39,29,2,6,0,0,0
django-old,C:\Users\Zhifei Chen\Desktop\pysmell\subjects_for_metrics\django-old\django\core\management\commands\makemessages.py,165,38,1,7,0,0,0
django-old,C:\Users\Zhifei Chen\Desktop\pysmell\subjects_for_metrics\django-old\django\core\management\commands\startproject.py,36,77,1,7,0,0,0
django-old,C:\Users\Zhifei Chen\Desktop\pysmell\subjects_for_metrics\django-old\django\core\management\commands\syncdb.py,62,143,3,25,1,1,1
django-old,C:\Users\Zhifei Chen\Desktop\pysmell\subjects_for_metrics\django-old\django\core\management\commands\syncdb.py,63,84,2,12,1,0,0
django-old,C:\Users\Zhifei Chen\Desktop\pysmell\subjects_for_metrics\django-old\django\core\management\commands\syncdb.py,74,83,1,10,0,0,0
django-old,C:\Users\Zhifei Chen\Desktop\pysmell\subjects_for_metrics\django-old\django\core\serializers\python.py,67,66,1,11,0,0,0
django-old,C:\Users\Zhifei Chen\Desktop\pysmell\subjects_for_metrics\django-old\django\core\serializers\python.py,105,35,1,5,0,0,0
django-old,C:\Users\Zhifei Chen\Desktop\pysmell\subjects_for_metrics\django-old\django\core\serializers\xml_serializer.py,221,35,1,7,0,0,0
django-old,C:\Users\Zhifei Chen\Desktop\pysmell\subjects_for_metrics\django-old\django\core\serializers\xml_serializer.py,246,35,1,7,0,0,0
django-old,C:\Users\Zhifei Chen\Desktop\pysmell\subjects_for_metrics\django-old\django\core\serializers\xml_serializer.py,254,57,1,8,0,0,0
django-old,C:\Users\Zhifei Chen\Desktop\pysmell\subjects_for_metrics\django-old\django\core\serializers\__init__.py,74,74,2,11,0,0,0
django-old,C:\Users\Zhifei Chen\Desktop\pysmell\subjects_for_metrics\django-old\django\core\servers\basehttp.py,96,47,2,11,0,0,0
django-old,C:\Users\Zhifei Chen\Desktop\pysmell\subjects_for_metrics\django-old\django\core\servers\basehttp.py,124,50,2,13,0,0,0
django-old,C:\Users\Zhifei Chen\Desktop\pysmell\subjects_for_metrics\django-old\django\core\servers\basehttp.py,143,26,1,6,0,0,0
django-old,C:\Users\Zhifei Chen\Desktop\pysmell\subjects_for_metrics\django-old\django\core\servers\basehttp.py,153,26,1,6,0,0,0
django-old,C:\Users\Zhifei Chen\Desktop\pysmell\subjects_for_metrics\django-old\django\core\servers\basehttp.py,171,34,1,6,0,0,0
django-old,C:\Users\Zhifei Chen\Desktop\pysmell\subjects_for_metrics\django-old\django\db\utils.py,100,27,1,5,0,0,0
django-old,C:\Users\Zhifei Chen\Desktop\pysmell\subjects_for_metrics\django-old\django\db\backends\creation.py,73,70,1,12,1,0,0
django-old,C:\Users\Zhifei Chen\Desktop\pysmell\subjects_for_metrics\django-old\django\db\backends\__init__.py,212,31,1,5,0,0,0
django-old,C:\Users\Zhifei Chen\Desktop\pysmell\subjects_for_metrics\django-old\django\db\backends\__init__.py,214,55,1,13,0,0,0
django-old,C:\Users\Zhifei Chen\Desktop\pysmell\subjects_for_metrics\django-old\django\db\backends\__init__.py,517,54,1,7,0,0,0
django-old,C:\Users\Zhifei Chen\Desktop\pysmell\subjects_for_metrics\django-old\django\db\backends\__init__.py,519,67,2,11,0,0,0
django-old,C:\Users\Zhifei Chen\Desktop\pysmell\subjects_for_metrics\django-old\django\db\backends\__init__.py,530,105,2,15,1,0,0
django-old,C:\Users\Zhifei Chen\Desktop\pysmell\subjects_for_metrics\django-old\django\db\backends\mysql\base.py,191,205,1,30,1,1,1
django-old,C:\Users\Zhifei Chen\Desktop\pysmell\subjects_for_metrics\django-old\django\db\backends\mysql\base.py,317,24,1,7,0,0,0
django-old,C:\Users\Zhifei Chen\Desktop\pysmell\subjects_for_metrics\django-old\django\db\backends\mysql\introspection.py,34,33,1,7,0,0,0
django-old,C:\Users\Zhifei Chen\Desktop\pysmell\subjects_for_metrics\django-old\django\db\backends\mysql\introspection.py,46,76,1,15,1,0,0
django-old,C:\Users\Zhifei Chen\Desktop\pysmell\subjects_for_metrics\django-old\django\db\backends\mysql\validation.py,26,28,1,8,0,0,0
django-old,C:\Users\Zhifei Chen\Desktop\pysmell\subjects_for_metrics\django-old\django\db\backends\oracle\base.py,237,125,1,20,1,0,0
django-old,C:\Users\Zhifei Chen\Desktop\pysmell\subjects_for_metrics\django-old\django\db\backends\oracle\base.py,479,38,1,7,0,0,0
django-old,C:\Users\Zhifei Chen\Desktop\pysmell\subjects_for_metrics\django-old\django\db\backends\oracle\base.py,490,25,1,4,0,0,0
django-old,C:\Users\Zhifei Chen\Desktop\pysmell\subjects_for_metrics\django-old\django\db\backends\oracle\base.py,497,38,1,9,0,0,0
django-old,C:\Users\Zhifei Chen\Desktop\pysmell\subjects_for_metrics\django-old\django\db\backends\oracle\base.py,529,36,1,6,0,0,0
django-old,C:\Users\Zhifei Chen\Desktop\pysmell\subjects_for_metrics\django-old\django\db\backends\oracle\base.py,551,61,1,11,0,0,0
django-old,C:\Users\Zhifei Chen\Desktop\pysmell\subjects_for_metrics\django-old\django\db\backends\oracle\base.py,555,56,1,10,0,0,0
django-old,C:\Users\Zhifei Chen\Desktop\pysmell\subjects_for_metrics\django-old\django\db\backends\oracle\compiler.py,14,94,1,14,1,0,0
django-old,C:\Users\Zhifei Chen\Desktop\pysmell\subjects_for_metrics\django-old\django\db\backends\oracle\introspection.py,43,41,1,9,0,0,0
django-old,C:\Users\Zhifei Chen\Desktop\pysmell\subjects_for_metrics\django-old\django\db\backends\oracle\introspection.py,62,76,1,15,1,0,0
django-old,C:\Users\Zhifei Chen\Desktop\pysmell\subjects_for_metrics\django-old\django\db\backends\postgresql\base.py,53,44,1,8,0,0,0
django-old,C:\Users\Zhifei Chen\Desktop\pysmell\subjects_for_metrics\django-old\django\db\backends\postgresql\introspection.py,32,33,1,7,0,0,0
django-old,C:\Users\Zhifei Chen\Desktop\pysmell\subjects_for_metrics\django-old\django\db\backends\postgresql\operations.py,80,40,1,6,0,0,0
django-old,C:\Users\Zhifei Chen\Desktop\pysmell\subjects_for_metrics\django-old\django\db\backends\postgresql\operations.py,85,125,1,20,1,0,0
django-old,C:\Users\Zhifei Chen\Desktop\pysmell\subjects_for_metrics\django-old\django\db\backends\sqlite3\base.py,97,125,1,20,1,0,0
django-old,C:\Users\Zhifei Chen\Desktop\pysmell\subjects_for_metrics\django-old\django\db\backends\sqlite3\introspection.py,52,33,1,7,0,0,0
django-old,C:\Users\Zhifei Chen\Desktop\pysmell\subjects_for_metrics\django-old\django\db\backends\sqlite3\introspection.py,56,109,1,20,1,0,0
django-old,C:\Users\Zhifei Chen\Desktop\pysmell\subjects_for_metrics\django-old\django\db\backends\sqlite3\introspection.py,85,30,1,8,0,0,0
django-old,C:\Users\Zhifei Chen\Desktop\pysmell\subjects_for_metrics\django-old\django\db\backends\sqlite3\introspection.py,121,48,1,11,0,0,0
django-old,C:\Users\Zhifei Chen\Desktop\pysmell\subjects_for_metrics\django-old\django\db\backends\sqlite3\introspection.py,136,100,1,22,1,0,1
django-old,C:\Users\Zhifei Chen\Desktop\pysmell\subjects_for_metrics\django-old\django\db\models\base.py,29,39,2,7,0,0,0
django-old,C:\Users\Zhifei Chen\Desktop\pysmell\subjects_for_metrics\django-old\django\db\models\base.py,56,75,2,13,1,0,0
django-old,C:\Users\Zhifei Chen\Desktop\pysmell\subjects_for_metrics\django-old\django\db\models\base.py,60,86,2,13,1,0,0
django-old,C:\Users\Zhifei Chen\Desktop\pysmell\subjects_for_metrics\django-old\django\db\models\base.py,99,24,1,4,0,0,0
django-old,C:\Users\Zhifei Chen\Desktop\pysmell\subjects_for_metrics\django-old\django\db\models\base.py,104,42,2,7,0,0,0
django-old,C:\Users\Zhifei Chen\Desktop\pysmell\subjects_for_metrics\django-old\django\db\models\base.py,124,77,2,13,1,0,0
django-old,C:\Users\Zhifei Chen\Desktop\pysmell\subjects_for_metrics\django-old\django\db\models\base.py,232,28,1,5,0,0,0
django-old,C:\Users\Zhifei Chen\Desktop\pysmell\subjects_for_metrics\django-old\django\db\models\base.py,487,46,2,7,0,0,0
django-old,C:\Users\Zhifei Chen\Desktop\pysmell\subjects_for_metrics\django-old\django\db\models\base.py,500,81,1,18,1,0,0
django-old,C:\Users\Zhifei Chen\Desktop\pysmell\subjects_for_metrics\django-old\django\db\models\base.py,517,157,2,27,1,1,1
django-old,C:\Users\Zhifei Chen\Desktop\pysmell\subjects_for_metrics\django-old\django\db\models\base.py,520,127,1,22,1,0,1
django-old,C:\Users\Zhifei Chen\Desktop\pysmell\subjects_for_metrics\django-old\django\db\models\base.py,619,50,2,10,0,0,0
django-old,C:\Users\Zhifei Chen\Desktop\pysmell\subjects_for_metrics\django-old\django\db\models\base.py,932,84,1,14,1,0,0
django-old,C:\Users\Zhifei Chen\Desktop\pysmell\subjects_for_metrics\django-old\django\db\models\loading.py,120,39,1,10,0,0,0
django-old,C:\Users\Zhifei Chen\Desktop\pysmell\subjects_for_metrics\django-old\django\db\models\loading.py,122,20,1,5,0,0,0
django-old,C:\Users\Zhifei Chen\Desktop\pysmell\subjects_for_metrics\django-old\django\db\models\loading.py,175,129,2,17,1,0,0
django-old,C:\Users\Zhifei Chen\Desktop\pysmell\subjects_for_metrics\django-old\django\db\models\options.py,231,33,1,6,0,0,0
django-old,C:\Users\Zhifei Chen\Desktop\pysmell\subjects_for_metrics\django-old\django\db\models\options.py,233,18,1,5,0,0,0
django-old,C:\Users\Zhifei Chen\Desktop\pysmell\subjects_for_metrics\django-old\django\db\models\options.py,312,42,2,8,0,0,0
django-old,C:\Users\Zhifei Chen\Desktop\pysmell\subjects_for_metrics\django-old\django\db\models\options.py,348,56,2,10,0,0,0
django-old,C:\Users\Zhifei Chen\Desktop\pysmell\subjects_for_metrics\django-old\django\db\models\options.py,385,34,2,9,0,0,0
django-old,C:\Users\Zhifei Chen\Desktop\pysmell\subjects_for_metrics\django-old\django\db\models\query.py,410,46,1,9,0,0,0
django-old,C:\Users\Zhifei Chen\Desktop\pysmell\subjects_for_metrics\django-old\django\db\models\query.py,792,28,1,5,0,0,0
django-old,C:\Users\Zhifei Chen\Desktop\pysmell\subjects_for_metrics\django-old\django\db\models\query.py,866,40,1,7,0,0,0
django-old,C:\Users\Zhifei Chen\Desktop\pysmell\subjects_for_metrics\django-old\django\db\models\query.py,969,21,1,5,0,0,0
django-old,C:\Users\Zhifei Chen\Desktop\pysmell\subjects_for_metrics\django-old\django\db\models\query.py,1197,41,1,6,0,0,0
django-old,C:\Users\Zhifei Chen\Desktop\pysmell\subjects_for_metrics\django-old\django\db\models\query.py,1199,35,1,6,0,0,0
django-old,C:\Users\Zhifei Chen\Desktop\pysmell\subjects_for_metrics\django-old\django\db\models\query.py,1245,78,2,13,1,0,0
django-old,C:\Users\Zhifei Chen\Desktop\pysmell\subjects_for_metrics\django-old\django\db\models\query.py,1317,27,1,5,0,0,0
django-old,C:\Users\Zhifei Chen\Desktop\pysmell\subjects_for_metrics\django-old\django\db\models\query.py,1334,27,1,5,0,0,0
django-old,C:\Users\Zhifei Chen\Desktop\pysmell\subjects_for_metrics\django-old\django\db\models\query.py,1437,49,1,9,0,0,0
django-old,C:\Users\Zhifei Chen\Desktop\pysmell\subjects_for_metrics\django-old\django\db\models\query_utils.py,116,37,2,6,0,0,0
django-old,C:\Users\Zhifei Chen\Desktop\pysmell\subjects_for_metrics\django-old\django\db\models\query_utils.py,269,52,1,8,0,0,0
django-old,C:\Users\Zhifei Chen\Desktop\pysmell\subjects_for_metrics\django-old\django\db\models\related.py,28,82,2,16,1,0,0
django-old,C:\Users\Zhifei Chen\Desktop\pysmell\subjects_for_metrics\django-old\django\db\models\fields\related.py,136,60,1,8,0,0,0
django-old,C:\Users\Zhifei Chen\Desktop\pysmell\subjects_for_metrics\django-old\django\db\models\fields\related.py,165,103,1,10,0,0,0
django-old,C:\Users\Zhifei Chen\Desktop\pysmell\subjects_for_metrics\django-old\django\db\models\fields\related.py,1062,29,2,6,0,0,0
django-old,C:\Users\Zhifei Chen\Desktop\pysmell\subjects_for_metrics\django-old\django\db\models\fields\related.py,1075,39,1,5,0,0,0
django-old,C:\Users\Zhifei Chen\Desktop\pysmell\subjects_for_metrics\django-old\django\db\models\fields\related.py,1158,30,1,5,0,0,0
django-old,C:\Users\Zhifei Chen\Desktop\pysmell\subjects_for_metrics\django-old\django\db\models\fields\__init__.py,294,35,1,6,0,0,0
django-old,C:\Users\Zhifei Chen\Desktop\pysmell\subjects_for_metrics\django-old\django\db\models\fields\__init__.py,325,78,1,8,0,0,0
django-old,C:\Users\Zhifei Chen\Desktop\pysmell\subjects_for_metrics\django-old\django\db\models\fields\__init__.py,367,142,1,20,1,0,0
django-old,C:\Users\Zhifei Chen\Desktop\pysmell\subjects_for_metrics\django-old\django\db\models\fields\__init__.py,369,110,1,15,1,0,0
django-old,C:\Users\Zhifei Chen\Desktop\pysmell\subjects_for_metrics\django-old\django\db\models\sql\aggregates.py,81,21,1,6,0,0,0
django-old,C:\Users\Zhifei Chen\Desktop\pysmell\subjects_for_metrics\django-old\django\db\models\sql\compiler.py,147,85,1,17,1,0,0
django-old,C:\Users\Zhifei Chen\Desktop\pysmell\subjects_for_metrics\django-old\django\db\models\sql\compiler.py,191,183,1,31,1,1,1
django-old,C:\Users\Zhifei Chen\Desktop\pysmell\subjects_for_metrics\django-old\django\db\models\sql\compiler.py,394,48,1,9,0,0,0
django-old,C:\Users\Zhifei Chen\Desktop\pysmell\subjects_for_metrics\django-old\django\db\models\sql\compiler.py,592,71,2,12,1,0,0
django-old,C:\Users\Zhifei Chen\Desktop\pysmell\subjects_for_metrics\django-old\django\db\models\sql\compiler.py,688,74,2,13,1,0,0
django-old,C:\Users\Zhifei Chen\Desktop\pysmell\subjects_for_metrics\django-old\django\db\models\sql\compiler.py,696,168,1,25,1,1,1
django-old,C:\Users\Zhifei Chen\Desktop\pysmell\subjects_for_metrics\django-old\django\db\models\sql\compiler.py,770,31,1,7,0,0,0
django-old,C:\Users\Zhifei Chen\Desktop\pysmell\subjects_for_metrics\django-old\django\db\models\sql\compiler.py,771,45,1,8,0,0,0
django-old,C:\Users\Zhifei Chen\Desktop\pysmell\subjects_for_metrics\django-old\django\db\models\sql\compiler.py,907,16,1,5,0,0,0
django-old,C:\Users\Zhifei Chen\Desktop\pysmell\subjects_for_metrics\django-old\django\db\models\sql\compiler.py,926,88,1,12,1,0,0
django-old,C:\Users\Zhifei Chen\Desktop\pysmell\subjects_for_metrics\django-old\django\db\models\sql\compiler.py,974,23,1,7,0,0,0
django-old,C:\Users\Zhifei Chen\Desktop\pysmell\subjects_for_metrics\django-old\django\db\models\sql\constants.py,4,209,1,27,1,1,1
django-old,C:\Users\Zhifei Chen\Desktop\pysmell\subjects_for_metrics\django-old\django\db\models\sql\datastructures.py,43,21,1,6,0,0,0
django-old,C:\Users\Zhifei Chen\Desktop\pysmell\subjects_for_metrics\django-old\django\db\models\sql\query.py,62,66,1,9,0,0,0
django-old,C:\Users\Zhifei Chen\Desktop\pysmell\subjects_for_metrics\django-old\django\db\models\sql\query.py,188,64,1,12,0,0,0
django-old,C:\Users\Zhifei Chen\Desktop\pysmell\subjects_for_metrics\django-old\django\db\models\sql\query.py,199,103,1,17,1,0,0
django-old,C:\Users\Zhifei Chen\Desktop\pysmell\subjects_for_metrics\django-old\django\db\models\sql\query.py,368,42,1,6,0,0,0
django-old,C:\Users\Zhifei Chen\Desktop\pysmell\subjects_for_metrics\django-old\django\db\models\sql\query.py,371,147,1,22,1,0,1
django-old,C:\Users\Zhifei Chen\Desktop\pysmell\subjects_for_metrics\django-old\django\db\models\sql\query.py,786,52,2,7,0,0,0
django-old,C:\Users\Zhifei Chen\Desktop\pysmell\subjects_for_metrics\django-old\django\db\models\sql\query.py,922,25,1,5,0,0,0
django-old,C:\Users\Zhifei Chen\Desktop\pysmell\subjects_for_metrics\django-old\django\db\models\sql\query.py,1432,72,2,11,0,0,0
django-old,C:\Users\Zhifei Chen\Desktop\pysmell\subjects_for_metrics\django-old\django\db\models\sql\query.py,1703,20,1,4,0,0,0
django-old,C:\Users\Zhifei Chen\Desktop\pysmell\subjects_for_metrics\django-old\django\db\models\sql\query.py,1735,73,2,14,1,0,0
django-old,C:\Users\Zhifei Chen\Desktop\pysmell\subjects_for_metrics\django-old\django\db\models\sql\query.py,1748,64,2,14,0,0,0
django-old,C:\Users\Zhifei Chen\Desktop\pysmell\subjects_for_metrics\django-old\django\db\models\sql\subqueries.py,173,22,1,5,0,0,0
django-old,C:\Users\Zhifei Chen\Desktop\pysmell\subjects_for_metrics\django-old\django\forms\fields.py,679,33,1,5,0,0,0
django-old,C:\Users\Zhifei Chen\Desktop\pysmell\subjects_for_metrics\django-old\django\forms\fields.py,760,47,2,7,0,0,0
django-old,C:\Users\Zhifei Chen\Desktop\pysmell\subjects_for_metrics\django-old\django\forms\forms.py,37,93,2,16,1,0,0
django-old,C:\Users\Zhifei Chen\Desktop\pysmell\subjects_for_metrics\django-old\django\forms\forms.py,146,46,1,6,0,0,0
django-old,C:\Users\Zhifei Chen\Desktop\pysmell\subjects_for_metrics\django-old\django\forms\forms.py,149,63,1,9,0,0,0
django-old,C:\Users\Zhifei Chen\Desktop\pysmell\subjects_for_metrics\django-old\django\forms\forms.py,371,38,2,5,0,0,0
django-old,C:\Users\Zhifei Chen\Desktop\pysmell\subjects_for_metrics\django-old\django\forms\forms.py,378,43,2,6,0,0,0
django-old,C:\Users\Zhifei Chen\Desktop\pysmell\subjects_for_metrics\django-old\django\forms\formsets.py,152,38,1,5,0,0,0
django-old,C:\Users\Zhifei Chen\Desktop\pysmell\subjects_for_metrics\django-old\django\forms\formsets.py,173,47,1,7,0,0,0
django-old,C:\Users\Zhifei Chen\Desktop\pysmell\subjects_for_metrics\django-old\django\forms\formsets.py,210,38,1,9,0,0,0
django-old,C:\Users\Zhifei Chen\Desktop\pysmell\subjects_for_metrics\django-old\django\forms\formsets.py,326,36,1,6,0,0,0
django-old,C:\Users\Zhifei Chen\Desktop\pysmell\subjects_for_metrics\django-old\django\forms\models.py,110,52,2,10,0,0,0
django-old,C:\Users\Zhifei Chen\Desktop\pysmell\subjects_for_metrics\django-old\django\forms\models.py,148,45,1,7,0,0,0
django-old,C:\Users\Zhifei Chen\Desktop\pysmell\subjects_for_metrics\django-old\django\forms\models.py,186,100,2,20,1,0,0
django-old,C:\Users\Zhifei Chen\Desktop\pysmell\subjects_for_metrics\django-old\django\forms\models.py,433,35,1,8,0,0,0
django-old,C:\Users\Zhifei Chen\Desktop\pysmell\subjects_for_metrics\django-old\django\forms\models.py,514,81,2,14,1,0,0
django-old,C:\Users\Zhifei Chen\Desktop\pysmell\subjects_for_metrics\django-old\django\forms\models.py,516,48,1,6,0,0,0
django-old,C:\Users\Zhifei Chen\Desktop\pysmell\subjects_for_metrics\django-old\django\forms\models.py,768,52,2,8,0,0,0
django-old,C:\Users\Zhifei Chen\Desktop\pysmell\subjects_for_metrics\django-old\django\forms\models.py,784,39,2,8,0,0,0
django-old,C:\Users\Zhifei Chen\Desktop\pysmell\subjects_for_metrics\django-old\django\forms\models.py,796,127,2,23,1,0,1
django-old,C:\Users\Zhifei Chen\Desktop\pysmell\subjects_for_metrics\django-old\django\forms\models.py,897,45,1,9,0,0,0
django-old,C:\Users\Zhifei Chen\Desktop\pysmell\subjects_for_metrics\django-old\django\forms\models.py,1028,29,1,6,0,0,0
django-old,C:\Users\Zhifei Chen\Desktop\pysmell\subjects_for_metrics\django-old\django\forms\util.py,16,63,1,13,0,0,0
django-old,C:\Users\Zhifei Chen\Desktop\pysmell\subjects_for_metrics\django-old\django\forms\util.py,30,63,1,13,0,0,0
django-old,C:\Users\Zhifei Chen\Desktop\pysmell\subjects_for_metrics\django-old\django\forms\util.py,34,87,2,21,1,0,0
django-old,C:\Users\Zhifei Chen\Desktop\pysmell\subjects_for_metrics\django-old\django\forms\util.py,34,34,1,7,0,0,0
django-old,C:\Users\Zhifei Chen\Desktop\pysmell\subjects_for_metrics\django-old\django\forms\util.py,46,65,1,9,0,0,0
django-old,C:\Users\Zhifei Chen\Desktop\pysmell\subjects_for_metrics\django-old\django\forms\util.py,50,37,1,7,0,0,0
django-old,C:\Users\Zhifei Chen\Desktop\pysmell\subjects_for_metrics\django-old\django\forms\util.py,53,28,1,5,0,0,0
django-old,C:\Users\Zhifei Chen\Desktop\pysmell\subjects_for_metrics\django-old\django\forms\widgets.py,51,54,1,9,0,0,0
django-old,C:\Users\Zhifei Chen\Desktop\pysmell\subjects_for_metrics\django-old\django\forms\widgets.py,54,96,1,9,0,0,0
django-old,C:\Users\Zhifei Chen\Desktop\pysmell\subjects_for_metrics\django-old\django\forms\widgets.py,62,142,2,16,1,0,0
django-old,C:\Users\Zhifei Chen\Desktop\pysmell\subjects_for_metrics\django-old\django\forms\widgets.py,62,124,1,13,1,0,0
django-old,C:\Users\Zhifei Chen\Desktop\pysmell\subjects_for_metrics\django-old\django\forms\widgets.py,461,40,1,5,0,0,0
django-old,C:\Users\Zhifei Chen\Desktop\pysmell\subjects_for_metrics\django-old\django\forms\widgets.py,588,45,1,7,0,0,0
django-old,C:\Users\Zhifei Chen\Desktop\pysmell\subjects_for_metrics\django-old\django\forms\widgets.py,629,29,1,5,0,0,0
django-old,C:\Users\Zhifei Chen\Desktop\pysmell\subjects_for_metrics\django-old\django\forms\widgets.py,682,46,1,11,0,0,0
django-old,C:\Users\Zhifei Chen\Desktop\pysmell\subjects_for_metrics\django-old\django\forms\widgets.py,714,95,1,17,1,0,0
django-old,C:\Users\Zhifei Chen\Desktop\pysmell\subjects_for_metrics\django-old\django\forms\widgets.py,718,29,1,8,0,0,0
django-old,C:\Users\Zhifei Chen\Desktop\pysmell\subjects_for_metrics\django-old\django\forms\extras\widgets.py,63,23,1,6,0,0,0
django-old,C:\Users\Zhifei Chen\Desktop\pysmell\subjects_for_metrics\django-old\django\forms\extras\widgets.py,67,24,1,8,0,0,0
django-old,C:\Users\Zhifei Chen\Desktop\pysmell\subjects_for_metrics\django-old\django\http\multipartparser.py,87,49,2,6,0,0,0
django-old,C:\Users\Zhifei Chen\Desktop\pysmell\subjects_for_metrics\django-old\django\http\multipartparser.py,353,83,2,7,0,0,0
django-old,C:\Users\Zhifei Chen\Desktop\pysmell\subjects_for_metrics\django-old\django\http\utils.py,51,108,2,17,1,0,0
django-old,C:\Users\Zhifei Chen\Desktop\pysmell\subjects_for_metrics\django-old\django\http\__init__.py,101,83,1,8,0,0,0
django-old,C:\Users\Zhifei Chen\Desktop\pysmell\subjects_for_metrics\django-old\django\http\__init__.py,196,48,1,7,0,0,0
django-old,C:\Users\Zhifei Chen\Desktop\pysmell\subjects_for_metrics\django-old\django\http\__init__.py,219,41,1,13,0,0,0
django-old,C:\Users\Zhifei Chen\Desktop\pysmell\subjects_for_metrics\django-old\django\http\__init__.py,248,54,1,11,0,0,0
django-old,C:\Users\Zhifei Chen\Desktop\pysmell\subjects_for_metrics\django-old\django\http\__init__.py,330,61,1,12,0,0,0
django-old,C:\Users\Zhifei Chen\Desktop\pysmell\subjects_for_metrics\django-old\django\http\__init__.py,430,37,1,6,0,0,0
django-old,C:\Users\Zhifei Chen\Desktop\pysmell\subjects_for_metrics\django-old\django\template\defaultfilters.py,83,41,1,11,0,0,0
django-old,C:\Users\Zhifei Chen\Desktop\pysmell\subjects_for_metrics\django-old\django\template\defaultfilters.py,441,44,1,7,0,0,0
django-old,C:\Users\Zhifei Chen\Desktop\pysmell\subjects_for_metrics\django-old\django\template\defaultfilters.py,446,36,1,8,0,0,0
django-old,C:\Users\Zhifei Chen\Desktop\pysmell\subjects_for_metrics\django-old\django\template\defaultfilters.py,473,40,1,7,0,0,0
django-old,C:\Users\Zhifei Chen\Desktop\pysmell\subjects_for_metrics\django-old\django\template\defaultfilters.py,475,27,1,5,0,0,0
django-old,C:\Users\Zhifei Chen\Desktop\pysmell\subjects_for_metrics\django-old\django\template\defaultfilters.py,484,40,1,7,0,0,0
django-old,C:\Users\Zhifei Chen\Desktop\pysmell\subjects_for_metrics\django-old\django\template\defaultfilters.py,487,27,1,5,0,0,0
django-old,C:\Users\Zhifei Chen\Desktop\pysmell\subjects_for_metrics\django-old\django\template\defaultfilters.py,504,34,1,5,0,0,0
django-old,C:\Users\Zhifei Chen\Desktop\pysmell\subjects_for_metrics\django-old\django\template\defaulttags.py,72,29,1,5,0,0,0
django-old,C:\Users\Zhifei Chen\Desktop\pysmell\subjects_for_metrics\django-old\django\template\defaulttags.py,269,111,1,23,1,0,1
django-old,C:\Users\Zhifei Chen\Desktop\pysmell\subjects_for_metrics\django-old\django\template\defaulttags.py,356,39,1,7,0,0,0
django-old,C:\Users\Zhifei Chen\Desktop\pysmell\subjects_for_metrics\django-old\django\template\defaulttags.py,357,72,1,16,1,0,0
django-old,C:\Users\Zhifei Chen\Desktop\pysmell\subjects_for_metrics\django-old\django\template\defaulttags.py,498,40,1,10,0,0,0
django-old,C:\Users\Zhifei Chen\Desktop\pysmell\subjects_for_metrics\django-old\django\template\defaulttags.py,511,48,1,10,0,0,0
django-old,C:\Users\Zhifei Chen\Desktop\pysmell\subjects_for_metrics\django-old\django\template\defaulttags.py,517,44,1,9,0,0,0
django-old,C:\Users\Zhifei Chen\Desktop\pysmell\subjects_for_metrics\django-old\django\template\defaulttags.py,602,40,1,6,0,0,0
django-old,C:\Users\Zhifei Chen\Desktop\pysmell\subjects_for_metrics\django-old\django\template\defaulttags.py,869,44,1,9,0,0,0
django-old,C:\Users\Zhifei Chen\Desktop\pysmell\subjects_for_metrics\django-old\django\template\loader_tags.py,82,55,1,9,0,0,0
django-old,C:\Users\Zhifei Chen\Desktop\pysmell\subjects_for_metrics\django-old\django\template\loader_tags.py,118,71,1,10,0,0,0
django-old,C:\Users\Zhifei Chen\Desktop\pysmell\subjects_for_metrics\django-old\django\template\smartif.py,40,60,2,14,0,0,0
django-old,C:\Users\Zhifei Chen\Desktop\pysmell\subjects_for_metrics\django-old\django\template\__init__.py,127,52,1,7,0,0,0
django-old,C:\Users\Zhifei Chen\Desktop\pysmell\subjects_for_metrics\django-old\django\template\__init__.py,333,29,1,5,0,0,0
django-old,C:\Users\Zhifei Chen\Desktop\pysmell\subjects_for_metrics\django-old\django\template\__init__.py,799,28,1,5,0,0,0
django-old,C:\Users\Zhifei Chen\Desktop\pysmell\subjects_for_metrics\django-old\django\template\__init__.py,926,50,1,7,0,0,0
django-old,C:\Users\Zhifei Chen\Desktop\pysmell\subjects_for_metrics\django-old\django\template\__init__.py,948,50,1,7,0,0,0
django-old,C:\Users\Zhifei Chen\Desktop\pysmell\subjects_for_metrics\django-old\django\templatetags\cache.py,27,61,1,9,0,0,0
django-old,C:\Users\Zhifei Chen\Desktop\pysmell\subjects_for_metrics\django-old\django\templatetags\i18n.py,17,57,1,11,0,0,0
django-old,C:\Users\Zhifei Chen\Desktop\pysmell\subjects_for_metrics\django-old\django\templatetags\i18n.py,85,60,1,10,0,0,0
django-old,C:\Users\Zhifei Chen\Desktop\pysmell\subjects_for_metrics\django-old\django\test\simple.py,219,50,1,9,0,0,0
django-old,C:\Users\Zhifei Chen\Desktop\pysmell\subjects_for_metrics\django-old\django\test\testcases.py,104,62,2,10,0,0,0
django-old,C:\Users\Zhifei Chen\Desktop\pysmell\subjects_for_metrics\django-old\django\test\testcases.py,108,60,2,9,0,0,0
django-old,C:\Users\Zhifei Chen\Desktop\pysmell\subjects_for_metrics\django-old\django\test\testcases.py,447,40,1,7,0,0,0
django-old,C:\Users\Zhifei Chen\Desktop\pysmell\subjects_for_metrics\django-old\django\test\testcases.py,463,40,1,7,0,0,0
django-old,C:\Users\Zhifei Chen\Desktop\pysmell\subjects_for_metrics\django-old\django\test\testcases.py,476,71,1,8,0,0,0
django-old,C:\Users\Zhifei Chen\Desktop\pysmell\subjects_for_metrics\django-old\django\test\_doctest.py,590,40,1,9,0,0,0
django-old,C:\Users\Zhifei Chen\Desktop\pysmell\subjects_for_metrics\django-old\django\test\_doctest.py,640,55,2,11,0,0,0
django-old,C:\Users\Zhifei Chen\Desktop\pysmell\subjects_for_metrics\django-old\django\test\_doctest.py,662,36,1,8,0,0,0
django-old,C:\Users\Zhifei Chen\Desktop\pysmell\subjects_for_metrics\django-old\django\test\_doctest.py,673,30,1,6,0,0,0
django-old,C:\Users\Zhifei Chen\Desktop\pysmell\subjects_for_metrics\django-old\django\test\_doctest.py,729,50,1,9,0,0,0
django-old,C:\Users\Zhifei Chen\Desktop\pysmell\subjects_for_metrics\django-old\django\test\_doctest.py,1601,35,1,7,0,0,0
django-old,C:\Users\Zhifei Chen\Desktop\pysmell\subjects_for_metrics\django-old\django\test\_doctest.py,2513,39,1,11,0,0,0
django-old,C:\Users\Zhifei Chen\Desktop\pysmell\subjects_for_metrics\django-old\django\test\_doctest.py,2516,48,1,11,0,0,0
django-old,C:\Users\Zhifei Chen\Desktop\pysmell\subjects_for_metrics\django-old\django\test\_doctest.py,2536,30,2,7,0,0,0
django-old,C:\Users\Zhifei Chen\Desktop\pysmell\subjects_for_metrics\django-old\django\utils\autoreload.py,80,26,1,5,0,0,0
django-old,C:\Users\Zhifei Chen\Desktop\pysmell\subjects_for_metrics\django-old\django\utils\cache.py,60,23,1,5,0,0,0
django-old,C:\Users\Zhifei Chen\Desktop\pysmell\subjects_for_metrics\django-old\django\utils\cache.py,72,32,1,7,0,0,0
django-old,C:\Users\Zhifei Chen\Desktop\pysmell\subjects_for_metrics\django-old\django\utils\cache.py,82,66,1,10,0,0,0
django-old,C:\Users\Zhifei Chen\Desktop\pysmell\subjects_for_metrics\django-old\django\utils\cache.py,132,39,1,5,0,0,0
django-old,C:\Users\Zhifei Chen\Desktop\pysmell\subjects_for_metrics\django-old\django\utils\cache.py,133,77,2,8,0,0,0
django-old,C:\Users\Zhifei Chen\Desktop\pysmell\subjects_for_metrics\django-old\django\utils\cache.py,203,89,1,16,1,0,0
django-old,C:\Users\Zhifei Chen\Desktop\pysmell\subjects_for_metrics\django-old\django\utils\datastructures.py,107,60,1,12,0,0,0
django-old,C:\Users\Zhifei Chen\Desktop\pysmell\subjects_for_metrics\django-old\django\utils\datastructures.py,191,39,1,11,0,0,0
django-old,C:\Users\Zhifei Chen\Desktop\pysmell\subjects_for_metrics\django-old\django\utils\datastructures.py,258,31,1,8,0,0,0
django-old,C:\Users\Zhifei Chen\Desktop\pysmell\subjects_for_metrics\django-old\django\utils\datastructures.py,313,36,1,9,0,0,0
django-old,C:\Users\Zhifei Chen\Desktop\pysmell\subjects_for_metrics\django-old\django\utils\datastructures.py,333,30,1,7,0,0,0
django-old,C:\Users\Zhifei Chen\Desktop\pysmell\subjects_for_metrics\django-old\django\utils\decorators.py,59,43,2,7,0,0,0
django-old,C:\Users\Zhifei Chen\Desktop\pysmell\subjects_for_metrics\django-old\django\utils\feedgenerator.py,77,34,1,5,0,0,0
django-old,C:\Users\Zhifei Chen\Desktop\pysmell\subjects_for_metrics\django-old\django\utils\feedgenerator.py,110,31,1,5,0,0,0
django-old,C:\Users\Zhifei Chen\Desktop\pysmell\subjects_for_metrics\django-old\django\utils\feedgenerator.py,182,55,2,11,0,0,0
django-old,C:\Users\Zhifei Chen\Desktop\pysmell\subjects_for_metrics\django-old\django\utils\html.py,21,39,1,6,0,0,0
django-old,C:\Users\Zhifei Chen\Desktop\pysmell\subjects_for_metrics\django-old\django\utils\html.py,22,40,1,6,0,0,0
django-old,C:\Users\Zhifei Chen\Desktop\pysmell\subjects_for_metrics\django-old\django\utils\html.py,26,24,1,6,0,0,0
django-old,C:\Users\Zhifei Chen\Desktop\pysmell\subjects_for_metrics\django-old\django\utils\html.py,51,59,1,11,0,0,0
django-old,C:\Users\Zhifei Chen\Desktop\pysmell\subjects_for_metrics\django-old\django\utils\html.py,53,51,1,9,0,0,0
django-old,C:\Users\Zhifei Chen\Desktop\pysmell\subjects_for_metrics\django-old\django\utils\http.py,40,100,2,25,1,0,1
django-old,C:\Users\Zhifei Chen\Desktop\pysmell\subjects_for_metrics\django-old\django\utils\http.py,41,21,1,5,0,0,0
django-old,C:\Users\Zhifei Chen\Desktop\pysmell\subjects_for_metrics\django-old\django\utils\http.py,111,38,1,6,0,0,0
django-old,C:\Users\Zhifei Chen\Desktop\pysmell\subjects_for_metrics\django-old\django\utils\itercompat.py,19,31,2,8,0,0,0
django-old,C:\Users\Zhifei Chen\Desktop\pysmell\subjects_for_metrics\django-old\django\utils\termcolors.py,6,42,1,11,0,0,0
django-old,C:\Users\Zhifei Chen\Desktop\pysmell\subjects_for_metrics\django-old\django\utils\termcolors.py,7,42,1,11,0,0,0
django-old,C:\Users\Zhifei Chen\Desktop\pysmell\subjects_for_metrics\django-old\django\utils\termcolors.py,185,37,2,8,0,0,0
django-old,C:\Users\Zhifei Chen\Desktop\pysmell\subjects_for_metrics\django-old\django\utils\text.py,151,29,1,5,0,0,0
django-old,C:\Users\Zhifei Chen\Desktop\pysmell\subjects_for_metrics\django-old\django\utils\tree.py,50,27,1,6,0,0,0
django-old,C:\Users\Zhifei Chen\Desktop\pysmell\subjects_for_metrics\django-old\django\utils\tree.py,52,27,1,6,0,0,0
django-old,C:\Users\Zhifei Chen\Desktop\pysmell\subjects_for_metrics\django-old\django\utils\_os.py,35,29,1,5,0,0,0
django-old,C:\Users\Zhifei Chen\Desktop\pysmell\subjects_for_metrics\django-old\django\utils\translation\trans_real.py,141,41,1,5,0,0,0
django-old,C:\Users\Zhifei Chen\Desktop\pysmell\subjects_for_metrics\django-old\django\utils\translation\__init__.py,103,31,1,5,0,0,0
django-old,C:\Users\Zhifei Chen\Desktop\pysmell\subjects_for_metrics\django-old\django\utils\unittest\case.py,871,27,1,5,0,0,0
django-old,C:\Users\Zhifei Chen\Desktop\pysmell\subjects_for_metrics\django-old\django\utils\unittest\loader.py,148,51,1,7,0,0,0
django-old,C:\Users\Zhifei Chen\Desktop\pysmell\subjects_for_metrics\django-old\django\views\debug.py,203,51,1,7,0,0,0
django-old,C:\Users\Zhifei Chen\Desktop\pysmell\subjects_for_metrics\django-old\django\views\debug.py,208,53,1,10,0,0,0
django-old,C:\Users\Zhifei Chen\Desktop\pysmell\subjects_for_metrics\django-old\django\views\debug.py,210,57,1,12,0,0,0
django-old,C:\Users\Zhifei Chen\Desktop\pysmell\subjects_for_metrics\django-old\django\views\debug.py,260,73,1,15,1,0,0
django-old,C:\Users\Zhifei Chen\Desktop\pysmell\subjects_for_metrics\django-old\django\views\i18n.py,61,51,1,7,0,0,0
django-old,C:\Users\Zhifei Chen\Desktop\pysmell\subjects_for_metrics\django-old\django\views\i18n.py,175,69,2,11,0,0,0
django-old,C:\Users\Zhifei Chen\Desktop\pysmell\subjects_for_metrics\django-old\django\views\i18n.py,235,70,2,14,1,0,0
django-old,C:\Users\Zhifei Chen\Desktop\pysmell\subjects_for_metrics\django-old\docs\_ext\applyxrefs.py,67,28,1,5,0,0,0
django-old,C:\Users\Zhifei Chen\Desktop\pysmell\subjects_for_metrics\django-old\docs\_ext\applyxrefs.py,69,57,2,14,0,0,0
django-old,C:\Users\Zhifei Chen\Desktop\pysmell\subjects_for_metrics\django-old\docs\_ext\djangodocs.py,172,23,1,5,0,0,0
django-old,C:\Users\Zhifei Chen\Desktop\pysmell\subjects_for_metrics\django-old\docs\_ext\literals_to_xrefs.py,65,34,1,7,0,0,0
django-old,C:\Users\Zhifei Chen\Desktop\pysmell\subjects_for_metrics\django-old\docs\_ext\literals_to_xrefs.py,145,42,1,11,0,0,0
django-old,C:\Users\Zhifei Chen\Desktop\pysmell\subjects_for_metrics\django-old\docs\_ext\literals_to_xrefs.py,146,42,1,11,0,0,0
django-old,C:\Users\Zhifei Chen\Desktop\pysmell\subjects_for_metrics\django-old\extras\csrf_migration_helper.py,165,62,2,14,0,0,0
django-old,C:\Users\Zhifei Chen\Desktop\pysmell\subjects_for_metrics\django-old\extras\csrf_migration_helper.py,247,46,2,7,0,0,0
django-old,C:\Users\Zhifei Chen\Desktop\pysmell\subjects_for_metrics\django-old\extras\csrf_migration_helper.py,265,51,2,7,0,0,0
django-old,C:\Users\Zhifei Chen\Desktop\pysmell\subjects_for_metrics\django-old\extras\csrf_migration_helper.py,268,47,1,8,0,0,0
django-old,C:\Users\Zhifei Chen\Desktop\pysmell\subjects_for_metrics\django-old\extras\csrf_migration_helper.py,308,51,2,7,0,0,0
django-old,C:\Users\Zhifei Chen\Desktop\pysmell\subjects_for_metrics\django-old\extras\csrf_migration_helper.py,311,60,2,8,0,0,0
django-old,C:\Users\Zhifei Chen\Desktop\pysmell\subjects_for_metrics\django-old\tests\runtests.py,81,39,2,6,0,0,0
django-old,C:\Users\Zhifei Chen\Desktop\pysmell\subjects_for_metrics\django-old\tests\runtests.py,82,39,2,6,0,0,0
django-old,C:\Users\Zhifei Chen\Desktop\pysmell\subjects_for_metrics\django-old\tests\modeltests\custom_methods\models.py,38,47,1,8,0,0,0
django-old,C:\Users\Zhifei Chen\Desktop\pysmell\subjects_for_metrics\django-old\tests\modeltests\expressions\tests.py,75,47,1,7,0,0,0
django-old,C:\Users\Zhifei Chen\Desktop\pysmell\subjects_for_metrics\django-old\tests\modeltests\field_subclassing\fields.py,48,29,1,5,0,0,0
django-old,C:\Users\Zhifei Chen\Desktop\pysmell\subjects_for_metrics\django-old\tests\modeltests\files\tests.py,103,25,1,6,0,0,0
django-old,C:\Users\Zhifei Chen\Desktop\pysmell\subjects_for_metrics\django-old\tests\modeltests\files\tests.py,106,20,1,4,0,0,0
django-old,C:\Users\Zhifei Chen\Desktop\pysmell\subjects_for_metrics\django-old\tests\modeltests\fixtures\models.py,81,36,1,7,0,0,0
django-old,C:\Users\Zhifei Chen\Desktop\pysmell\subjects_for_metrics\django-old\tests\modeltests\fixtures\models.py,89,32,1,7,0,0,0
django-old,C:\Users\Zhifei Chen\Desktop\pysmell\subjects_for_metrics\django-old\tests\modeltests\raw_query\models.py,14,34,1,6,0,0,0
django-old,C:\Users\Zhifei Chen\Desktop\pysmell\subjects_for_metrics\django-old\tests\modeltests\raw_query\tests.py,218,45,1,8,0,0,0
django-old,C:\Users\Zhifei Chen\Desktop\pysmell\subjects_for_metrics\django-old\tests\modeltests\test_client\views.py,48,51,1,6,0,0,0
django-old,C:\Users\Zhifei Chen\Desktop\pysmell\subjects_for_metrics\django-old\tests\regressiontests\admin_scripts\tests.py,109,24,1,5,0,0,0
django-old,C:\Users\Zhifei Chen\Desktop\pysmell\subjects_for_metrics\django-old\tests\regressiontests\admin_util\tests.py,25,43,1,9,0,0,0
django-old,C:\Users\Zhifei Chen\Desktop\pysmell\subjects_for_metrics\django-old\tests\regressiontests\admin_views\tests.py,1608,46,1,9,0,0,0
django-old,C:\Users\Zhifei Chen\Desktop\pysmell\subjects_for_metrics\django-old\tests\regressiontests\backends\tests.py,47,30,1,7,0,0,0
django-old,C:\Users\Zhifei Chen\Desktop\pysmell\subjects_for_metrics\django-old\tests\regressiontests\bash_completion\tests.py,86,55,1,9,0,0,0
django-old,C:\Users\Zhifei Chen\Desktop\pysmell\subjects_for_metrics\django-old\tests\regressiontests\bash_completion\tests.py,87,50,2,7,0,0,0
django-old,C:\Users\Zhifei Chen\Desktop\pysmell\subjects_for_metrics\django-old\tests\regressiontests\file_uploads\views.py,84,43,1,11,0,0,0
django-old,C:\Users\Zhifei Chen\Desktop\pysmell\subjects_for_metrics\django-old\tests\regressiontests\fixtures_regress\models.py,133,31,1,7,0,0,0
django-old,C:\Users\Zhifei Chen\Desktop\pysmell\subjects_for_metrics\django-old\tests\regressiontests\fixtures_regress\models.py,159,31,1,8,0,0,0
django-old,C:\Users\Zhifei Chen\Desktop\pysmell\subjects_for_metrics\django-old\tests\regressiontests\forms\fields.py,46,24,1,5,0,0,0
django-old,C:\Users\Zhifei Chen\Desktop\pysmell\subjects_for_metrics\django-old\tests\regressiontests\forms\fields.py,777,40,2,10,0,0,0
django-old,C:\Users\Zhifei Chen\Desktop\pysmell\subjects_for_metrics\django-old\tests\regressiontests\forms\models.py,62,47,1,7,0,0,0
django-old,C:\Users\Zhifei Chen\Desktop\pysmell\subjects_for_metrics\django-old\tests\regressiontests\humanize\tests.py,49,25,1,8,0,0,0
django-old,C:\Users\Zhifei Chen\Desktop\pysmell\subjects_for_metrics\django-old\tests\regressiontests\introspection\tests.py,68,16,1,5,0,0,0
django-old,C:\Users\Zhifei Chen\Desktop\pysmell\subjects_for_metrics\django-old\tests\regressiontests\introspection\tests.py,69,37,1,6,0,0,0
django-old,C:\Users\Zhifei Chen\Desktop\pysmell\subjects_for_metrics\django-old\tests\regressiontests\introspection\tests.py,75,28,1,8,0,0,0
django-old,C:\Users\Zhifei Chen\Desktop\pysmell\subjects_for_metrics\django-old\tests\regressiontests\model_forms_regress\tests.py,105,38,1,9,0,0,0
django-old,C:\Users\Zhifei Chen\Desktop\pysmell\subjects_for_metrics\django-old\tests\regressiontests\multiple_database\tests.py,136,19,1,4,0,0,0
django-old,C:\Users\Zhifei Chen\Desktop\pysmell\subjects_for_metrics\django-old\tests\regressiontests\multiple_database\tests.py,138,19,1,4,0,0,0
django-old,C:\Users\Zhifei Chen\Desktop\pysmell\subjects_for_metrics\django-old\tests\regressiontests\multiple_database\tests.py,141,21,1,4,0,0,0
django-old,C:\Users\Zhifei Chen\Desktop\pysmell\subjects_for_metrics\django-old\tests\regressiontests\multiple_database\tests.py,143,21,1,4,0,0,0
django-old,C:\Users\Zhifei Chen\Desktop\pysmell\subjects_for_metrics\django-old\tests\regressiontests\serializers_regress\tests.py,108,42,1,8,0,0,0
django-old,C:\Users\Zhifei Chen\Desktop\pysmell\subjects_for_metrics\django-old\tests\regressiontests\serializers_regress\tests.py,116,44,1,8,0,0,0
django-old,C:\Users\Zhifei Chen\Desktop\pysmell\subjects_for_metrics\django-old\tests\regressiontests\serializers_regress\tests.py,339,126,2,23,1,0,1
django-old,C:\Users\Zhifei Chen\Desktop\pysmell\subjects_for_metrics\django-old\tests\regressiontests\syndication\tests.py,19,33,1,5,0,0,0
django-old,C:\Users\Zhifei Chen\Desktop\pysmell\subjects_for_metrics\django-old\tests\regressiontests\syndication\tests.py,29,71,2,10,0,0,0
django-old,C:\Users\Zhifei Chen\Desktop\pysmell\subjects_for_metrics\django-old\tests\regressiontests\templates\tests.py,133,60,1,11,0,0,0
django-old,C:\Users\Zhifei Chen\Desktop\pysmell\subjects_for_metrics\django-old\tests\regressiontests\templates\tests.py,327,51,2,6,0,0,0
