subject,file,lineno,NOC,PAR,NOO,experience-based,statistics-based,tuning machine
django-old,C:\Users\Zhifei Chen\Desktop\pysmell\subjects_for_metrics\django-old\django\conf\global_settings.py,6,9,1,1,0,0,0
django-old,C:\Users\Zhifei Chen\Desktop\pysmell\subjects_for_metrics\django-old\django\conf\__init__.py,133,25,1,3,0,0,0
django-old,C:\Users\Zhifei Chen\Desktop\pysmell\subjects_for_metrics\django-old\django\contrib\admin\filterspecs.py,81,19,1,4,0,0,0
django-old,C:\Users\Zhifei Chen\Desktop\pysmell\subjects_for_metrics\django-old\django\contrib\admin\filterspecs.py,98,23,1,4,0,0,0
django-old,C:\Users\Zhifei Chen\Desktop\pysmell\subjects_for_metrics\django-old\django\contrib\admin\filterspecs.py,133,38,1,5,0,0,0
django-old,C:\Users\Zhifei Chen\Desktop\pysmell\subjects_for_metrics\django-old\django\contrib\admin\filterspecs.py,156,82,1,11,1,0,0
django-old,C:\Users\Zhifei Chen\Desktop\pysmell\subjects_for_metrics\django-old\django\contrib\admin\filterspecs.py,179,12,1,1,0,0,0
django-old,C:\Users\Zhifei Chen\Desktop\pysmell\subjects_for_metrics\django-old\django\contrib\admin\helpers.py,24,17,1,1,0,0,0
django-old,C:\Users\Zhifei Chen\Desktop\pysmell\subjects_for_metrics\django-old\django\contrib\admin\options.py,29,58,1,9,1,0,0
django-old,C:\Users\Zhifei Chen\Desktop\pysmell\subjects_for_metrics\django-old\django\contrib\admin\options.py,504,20,1,5,0,0,0
django-old,C:\Users\Zhifei Chen\Desktop\pysmell\subjects_for_metrics\django-old\django\contrib\admin\sites.py,72,27,2,1,0,0,0
django-old,C:\Users\Zhifei Chen\Desktop\pysmell\subjects_for_metrics\django-old\django\contrib\admin\sites.py,382,17,1,3,0,0,0
django-old,C:\Users\Zhifei Chen\Desktop\pysmell\subjects_for_metrics\django-old\django\contrib\admin\sites.py,386,17,1,3,0,0,0
django-old,C:\Users\Zhifei Chen\Desktop\pysmell\subjects_for_metrics\django-old\django\contrib\admin\sites.py,446,17,1,3,0,0,0
django-old,C:\Users\Zhifei Chen\Desktop\pysmell\subjects_for_metrics\django-old\django\contrib\admin\templatetags\admin_list.py,226,46,1,6,0,0,0
django-old,C:\Users\Zhifei Chen\Desktop\pysmell\subjects_for_metrics\django-old\django\contrib\admindocs\views.py,290,73,0,13,1,0,0
django-old,C:\Users\Zhifei Chen\Desktop\pysmell\subjects_for_metrics\django-old\django\contrib\admindocs\views.py,374,18,1,4,0,0,0
django-old,C:\Users\Zhifei Chen\Desktop\pysmell\subjects_for_metrics\django-old\django\contrib\auth\context_processors.py,32,30,0,4,0,0,0
django-old,C:\Users\Zhifei Chen\Desktop\pysmell\subjects_for_metrics\django-old\django\contrib\auth\decorators.py,39,28,1,3,0,0,0
django-old,C:\Users\Zhifei Chen\Desktop\pysmell\subjects_for_metrics\django-old\django\contrib\auth\decorators.py,52,24,1,4,0,0,0
django-old,C:\Users\Zhifei Chen\Desktop\pysmell\subjects_for_metrics\django-old\django\contrib\auth\handlers\modpython.py,18,44,1,9,0,0,0
django-old,C:\Users\Zhifei Chen\Desktop\pysmell\subjects_for_metrics\django-old\django\contrib\comments\admin.py,40,40,1,5,0,0,0
django-old,C:\Users\Zhifei Chen\Desktop\pysmell\subjects_for_metrics\django-old\django\contrib\comments\admin.py,45,42,1,5,0,0,0
django-old,C:\Users\Zhifei Chen\Desktop\pysmell\subjects_for_metrics\django-old\django\contrib\comments\admin.py,50,40,1,5,0,0,0
django-old,C:\Users\Zhifei Chen\Desktop\pysmell\subjects_for_metrics\django-old\django\contrib\contenttypes\generic.py,345,21,1,3,0,0,0
django-old,C:\Users\Zhifei Chen\Desktop\pysmell\subjects_for_metrics\django-old\django\contrib\databrowse\plugins\calendars.py,63,22,1,2,0,0,0
django-old,C:\Users\Zhifei Chen\Desktop\pysmell\subjects_for_metrics\django-old\django\contrib\databrowse\plugins\fieldchoices.py,64,22,1,2,0,0,0
django-old,C:\Users\Zhifei Chen\Desktop\pysmell\subjects_for_metrics\django-old\django\contrib\gis\geos\mutable_list.py,209,12,1,3,0,0,0
django-old,C:\Users\Zhifei Chen\Desktop\pysmell\subjects_for_metrics\django-old\django\contrib\gis\geos\tests\test_mutable_list.py,322,20,1,5,0,0,0
django-old,C:\Users\Zhifei Chen\Desktop\pysmell\subjects_for_metrics\django-old\django\contrib\gis\geos\tests\test_mutable_list.py,323,20,1,5,0,0,0
django-old,C:\Users\Zhifei Chen\Desktop\pysmell\subjects_for_metrics\django-old\django\contrib\gis\geos\tests\test_mutable_list.py,332,20,1,5,0,0,0
django-old,C:\Users\Zhifei Chen\Desktop\pysmell\subjects_for_metrics\django-old\django\contrib\gis\geos\tests\test_mutable_list.py,333,20,1,5,0,0,0
django-old,C:\Users\Zhifei Chen\Desktop\pysmell\subjects_for_metrics\django-old\django\contrib\localflavor\es\forms.py,89,37,1,8,0,0,0
django-old,C:\Users\Zhifei Chen\Desktop\pysmell\subjects_for_metrics\django-old\django\contrib\localflavor\es\forms.py,158,129,1,31,1,1,1
django-old,C:\Users\Zhifei Chen\Desktop\pysmell\subjects_for_metrics\django-old\django\contrib\messages\storage\__init__.py,31,60,1,6,0,0,0
django-old,C:\Users\Zhifei Chen\Desktop\pysmell\subjects_for_metrics\django-old\django\core\validators.py,133,24,3,3,0,0,0
django-old,C:\Users\Zhifei Chen\Desktop\pysmell\subjects_for_metrics\django-old\django\core\validators.py,134,14,2,1,0,0,0
django-old,C:\Users\Zhifei Chen\Desktop\pysmell\subjects_for_metrics\django-old\django\core\validators.py,152,20,3,3,0,0,0
django-old,C:\Users\Zhifei Chen\Desktop\pysmell\subjects_for_metrics\django-old\django\core\validators.py,157,20,3,3,0,0,0
django-old,C:\Users\Zhifei Chen\Desktop\pysmell\subjects_for_metrics\django-old\django\core\validators.py,162,20,3,3,0,0,0
django-old,C:\Users\Zhifei Chen\Desktop\pysmell\subjects_for_metrics\django-old\django\core\validators.py,163,19,2,3,0,0,0
django-old,C:\Users\Zhifei Chen\Desktop\pysmell\subjects_for_metrics\django-old\django\core\validators.py,168,20,3,3,0,0,0
django-old,C:\Users\Zhifei Chen\Desktop\pysmell\subjects_for_metrics\django-old\django\core\validators.py,169,19,2,3,0,0,0
django-old,C:\Users\Zhifei Chen\Desktop\pysmell\subjects_for_metrics\django-old\django\core\files\utils.py,11,29,1,3,0,0,0
django-old,C:\Users\Zhifei Chen\Desktop\pysmell\subjects_for_metrics\django-old\django\core\files\utils.py,12,27,1,3,0,0,0
django-old,C:\Users\Zhifei Chen\Desktop\pysmell\subjects_for_metrics\django-old\django\core\files\utils.py,13,26,1,3,0,0,0
django-old,C:\Users\Zhifei Chen\Desktop\pysmell\subjects_for_metrics\django-old\django\core\files\utils.py,14,27,1,3,0,0,0
django-old,C:\Users\Zhifei Chen\Desktop\pysmell\subjects_for_metrics\django-old\django\core\files\utils.py,15,29,1,3,0,0,0
django-old,C:\Users\Zhifei Chen\Desktop\pysmell\subjects_for_metrics\django-old\django\core\files\utils.py,16,25,1,3,0,0,0
django-old,C:\Users\Zhifei Chen\Desktop\pysmell\subjects_for_metrics\django-old\django\core\files\utils.py,17,29,1,3,0,0,0
django-old,C:\Users\Zhifei Chen\Desktop\pysmell\subjects_for_metrics\django-old\django\core\files\utils.py,18,29,1,3,0,0,0
django-old,C:\Users\Zhifei Chen\Desktop\pysmell\subjects_for_metrics\django-old\django\core\files\utils.py,19,30,1,3,0,0,0
django-old,C:\Users\Zhifei Chen\Desktop\pysmell\subjects_for_metrics\django-old\django\core\files\utils.py,20,25,1,3,0,0,0
django-old,C:\Users\Zhifei Chen\Desktop\pysmell\subjects_for_metrics\django-old\django\core\files\utils.py,21,30,1,3,0,0,0
django-old,C:\Users\Zhifei Chen\Desktop\pysmell\subjects_for_metrics\django-old\django\core\files\utils.py,22,25,1,3,0,0,0
django-old,C:\Users\Zhifei Chen\Desktop\pysmell\subjects_for_metrics\django-old\django\core\files\utils.py,23,29,1,3,0,0,0
django-old,C:\Users\Zhifei Chen\Desktop\pysmell\subjects_for_metrics\django-old\django\core\files\utils.py,24,26,1,3,0,0,0
django-old,C:\Users\Zhifei Chen\Desktop\pysmell\subjects_for_metrics\django-old\django\core\files\utils.py,25,31,1,3,0,0,0
django-old,C:\Users\Zhifei Chen\Desktop\pysmell\subjects_for_metrics\django-old\django\core\files\utils.py,26,31,1,3,0,0,0
django-old,C:\Users\Zhifei Chen\Desktop\pysmell\subjects_for_metrics\django-old\django\core\management\color.py,49,9,1,1,0,0,0
django-old,C:\Users\Zhifei Chen\Desktop\pysmell\subjects_for_metrics\django-old\django\core\management\__init__.py,302,26,1,4,0,0,0
django-old,C:\Users\Zhifei Chen\Desktop\pysmell\subjects_for_metrics\django-old\django\core\management\__init__.py,328,29,1,3,0,0,0
django-old,C:\Users\Zhifei Chen\Desktop\pysmell\subjects_for_metrics\django-old\django\core\management\commands\diffsettings.py,3,25,1,4,0,0,0
django-old,C:\Users\Zhifei Chen\Desktop\pysmell\subjects_for_metrics\django-old\django\core\management\commands\dumpdata.py,182,25,1,4,0,0,0
django-old,C:\Users\Zhifei Chen\Desktop\pysmell\subjects_for_metrics\django-old\django\core\management\commands\inspectdb.py,30,82,1,15,1,1,1
django-old,C:\Users\Zhifei Chen\Desktop\pysmell\subjects_for_metrics\django-old\django\core\management\commands\loaddata.py,53,60,1,7,1,0,0
django-old,C:\Users\Zhifei Chen\Desktop\pysmell\subjects_for_metrics\django-old\django\core\serializers\python.py,64,31,1,3,0,0,0
django-old,C:\Users\Zhifei Chen\Desktop\pysmell\subjects_for_metrics\django-old\django\core\serializers\python.py,66,64,1,6,0,0,0
django-old,C:\Users\Zhifei Chen\Desktop\pysmell\subjects_for_metrics\django-old\django\core\serializers\python.py,104,57,1,10,1,0,0
django-old,C:\Users\Zhifei Chen\Desktop\pysmell\subjects_for_metrics\django-old\django\core\serializers\xml_serializer.py,253,61,1,11,1,0,0
django-old,C:\Users\Zhifei Chen\Desktop\pysmell\subjects_for_metrics\django-old\django\db\transaction.py,283,39,1,4,0,0,0
django-old,C:\Users\Zhifei Chen\Desktop\pysmell\subjects_for_metrics\django-old\django\db\transaction.py,324,46,1,4,0,0,0
django-old,C:\Users\Zhifei Chen\Desktop\pysmell\subjects_for_metrics\django-old\django\db\transaction.py,351,44,1,4,0,0,0
django-old,C:\Users\Zhifei Chen\Desktop\pysmell\subjects_for_metrics\django-old\django\db\backends\__init__.py,210,59,1,5,0,0,0
django-old,C:\Users\Zhifei Chen\Desktop\pysmell\subjects_for_metrics\django-old\django\db\backends\sqlite3\base.py,40,21,1,5,0,0,0
django-old,C:\Users\Zhifei Chen\Desktop\pysmell\subjects_for_metrics\django-old\django\db\backends\sqlite3\base.py,54,25,1,4,0,0,0
django-old,C:\Users\Zhifei Chen\Desktop\pysmell\subjects_for_metrics\django-old\django\db\backends\sqlite3\base.py,55,25,1,4,0,0,0
django-old,C:\Users\Zhifei Chen\Desktop\pysmell\subjects_for_metrics\django-old\django\db\models\base.py,844,48,1,7,0,0,0
django-old,C:\Users\Zhifei Chen\Desktop\pysmell\subjects_for_metrics\django-old\django\db\models\options.py,15,98,1,10,1,0,0
django-old,C:\Users\Zhifei Chen\Desktop\pysmell\subjects_for_metrics\django-old\django\db\models\query.py,962,28,1,4,0,0,0
django-old,C:\Users\Zhifei Chen\Desktop\pysmell\subjects_for_metrics\django-old\django\db\models\query.py,1322,56,1,8,1,0,0
django-old,C:\Users\Zhifei Chen\Desktop\pysmell\subjects_for_metrics\django-old\django\db\models\sql\compiler.py,741,48,0,4,0,0,0
django-old,C:\Users\Zhifei Chen\Desktop\pysmell\subjects_for_metrics\django-old\django\db\models\sql\compiler.py,972,48,0,4,0,0,0
django-old,C:\Users\Zhifei Chen\Desktop\pysmell\subjects_for_metrics\django-old\django\forms\fields.py,56,38,0,3,0,0,0
django-old,C:\Users\Zhifei Chen\Desktop\pysmell\subjects_for_metrics\django-old\django\forms\fields.py,57,38,0,3,0,0,0
django-old,C:\Users\Zhifei Chen\Desktop\pysmell\subjects_for_metrics\django-old\django\forms\fields.py,58,42,0,3,0,0,0
django-old,C:\Users\Zhifei Chen\Desktop\pysmell\subjects_for_metrics\django-old\django\forms\fields.py,644,13,1,1,0,0,0
django-old,C:\Users\Zhifei Chen\Desktop\pysmell\subjects_for_metrics\django-old\django\forms\forms.py,38,29,1,4,0,0,0
django-old,C:\Users\Zhifei Chen\Desktop\pysmell\subjects_for_metrics\django-old\django\forms\models.py,153,38,1,4,0,0,0
django-old,C:\Users\Zhifei Chen\Desktop\pysmell\subjects_for_metrics\django-old\django\forms\models.py,202,38,1,4,0,0,0
django-old,C:\Users\Zhifei Chen\Desktop\pysmell\subjects_for_metrics\django-old\django\forms\models.py,379,21,1,3,0,0,0
django-old,C:\Users\Zhifei Chen\Desktop\pysmell\subjects_for_metrics\django-old\django\forms\models.py,661,21,1,3,0,0,0
django-old,C:\Users\Zhifei Chen\Desktop\pysmell\subjects_for_metrics\django-old\django\forms\models.py,816,21,1,3,0,0,0
django-old,C:\Users\Zhifei Chen\Desktop\pysmell\subjects_for_metrics\django-old\django\forms\widgets.py,639,31,1,3,0,0,0
django-old,C:\Users\Zhifei Chen\Desktop\pysmell\subjects_for_metrics\django-old\django\http\__init__.py,213,39,1,5,0,0,0
django-old,C:\Users\Zhifei Chen\Desktop\pysmell\subjects_for_metrics\django-old\django\middleware\csrf.py,68,45,1,5,0,0,0
django-old,C:\Users\Zhifei Chen\Desktop\pysmell\subjects_for_metrics\django-old\django\template\defaultfilters.py,249,26,1,6,0,0,0
django-old,C:\Users\Zhifei Chen\Desktop\pysmell\subjects_for_metrics\django-old\django\template\defaultfilters.py,250,26,1,6,0,0,0
django-old,C:\Users\Zhifei Chen\Desktop\pysmell\subjects_for_metrics\django-old\django\template\defaultfilters.py,588,9,1,1,0,0,0
django-old,C:\Users\Zhifei Chen\Desktop\pysmell\subjects_for_metrics\django-old\django\template\defaulttags.py,271,43,2,4,0,0,0
django-old,C:\Users\Zhifei Chen\Desktop\pysmell\subjects_for_metrics\django-old\django\template\smartif.py,97,52,3,9,1,0,0
django-old,C:\Users\Zhifei Chen\Desktop\pysmell\subjects_for_metrics\django-old\django\template\smartif.py,98,53,3,9,1,0,0
django-old,C:\Users\Zhifei Chen\Desktop\pysmell\subjects_for_metrics\django-old\django\template\smartif.py,99,36,2,5,0,0,0
django-old,C:\Users\Zhifei Chen\Desktop\pysmell\subjects_for_metrics\django-old\django\template\smartif.py,100,52,3,9,1,0,0
django-old,C:\Users\Zhifei Chen\Desktop\pysmell\subjects_for_metrics\django-old\django\template\smartif.py,101,55,3,9,1,0,0
django-old,C:\Users\Zhifei Chen\Desktop\pysmell\subjects_for_metrics\django-old\django\template\smartif.py,102,52,3,9,1,0,0
django-old,C:\Users\Zhifei Chen\Desktop\pysmell\subjects_for_metrics\django-old\django\template\smartif.py,103,52,3,9,1,0,0
django-old,C:\Users\Zhifei Chen\Desktop\pysmell\subjects_for_metrics\django-old\django\template\smartif.py,104,52,3,9,1,0,0
django-old,C:\Users\Zhifei Chen\Desktop\pysmell\subjects_for_metrics\django-old\django\template\smartif.py,105,51,3,9,1,0,0
django-old,C:\Users\Zhifei Chen\Desktop\pysmell\subjects_for_metrics\django-old\django\template\smartif.py,106,52,3,9,1,0,0
django-old,C:\Users\Zhifei Chen\Desktop\pysmell\subjects_for_metrics\django-old\django\template\smartif.py,107,51,3,9,1,0,0
django-old,C:\Users\Zhifei Chen\Desktop\pysmell\subjects_for_metrics\django-old\django\template\smartif.py,108,52,3,9,1,0,0
django-old,C:\Users\Zhifei Chen\Desktop\pysmell\subjects_for_metrics\django-old\django\test\client.py,104,45,1,5,0,0,0
django-old,C:\Users\Zhifei Chen\Desktop\pysmell\subjects_for_metrics\django-old\django\test\client.py,107,58,1,9,1,0,0
django-old,C:\Users\Zhifei Chen\Desktop\pysmell\subjects_for_metrics\django-old\django\test\client.py,141,45,1,5,0,0,0
django-old,C:\Users\Zhifei Chen\Desktop\pysmell\subjects_for_metrics\django-old\django\test\testcases.py,21,52,1,6,0,0,0
django-old,C:\Users\Zhifei Chen\Desktop\pysmell\subjects_for_metrics\django-old\django\test\testcases.py,22,93,1,14,1,1,0
django-old,C:\Users\Zhifei Chen\Desktop\pysmell\subjects_for_metrics\django-old\django\test\testcases.py,22,39,1,7,0,0,0
django-old,C:\Users\Zhifei Chen\Desktop\pysmell\subjects_for_metrics\django-old\django\utils\autoreload.py,53,9,1,1,0,0,0
django-old,C:\Users\Zhifei Chen\Desktop\pysmell\subjects_for_metrics\django-old\django\utils\autoreload.py,53,34,1,5,0,0,0
django-old,C:\Users\Zhifei Chen\Desktop\pysmell\subjects_for_metrics\django-old\django\utils\feedgenerator.py,75,42,1,4,0,0,0
django-old,C:\Users\Zhifei Chen\Desktop\pysmell\subjects_for_metrics\django-old\django\utils\feedgenerator.py,108,42,1,4,0,0,0
django-old,C:\Users\Zhifei Chen\Desktop\pysmell\subjects_for_metrics\django-old\django\utils\functional.py,302,25,1,3,0,0,0
django-old,C:\Users\Zhifei Chen\Desktop\pysmell\subjects_for_metrics\django-old\django\utils\html.py,94,104,2,23,1,1,1
django-old,C:\Users\Zhifei Chen\Desktop\pysmell\subjects_for_metrics\django-old\django\utils\termcolors.py,66,39,1,5,0,0,0
django-old,C:\Users\Zhifei Chen\Desktop\pysmell\subjects_for_metrics\django-old\django\utils\text.py,8,64,1,16,1,0,0
django-old,C:\Users\Zhifei Chen\Desktop\pysmell\subjects_for_metrics\django-old\django\utils\text.py,162,26,1,6,0,0,0
django-old,C:\Users\Zhifei Chen\Desktop\pysmell\subjects_for_metrics\django-old\django\utils\text.py,169,241,1,61,1,1,1
django-old,C:\Users\Zhifei Chen\Desktop\pysmell\subjects_for_metrics\django-old\django\utils\timesince.py,21,35,1,5,0,0,0
django-old,C:\Users\Zhifei Chen\Desktop\pysmell\subjects_for_metrics\django-old\django\utils\timesince.py,22,37,1,5,0,0,0
django-old,C:\Users\Zhifei Chen\Desktop\pysmell\subjects_for_metrics\django-old\django\utils\timesince.py,23,35,1,5,0,0,0
django-old,C:\Users\Zhifei Chen\Desktop\pysmell\subjects_for_metrics\django-old\django\utils\timesince.py,24,33,1,5,0,0,0
django-old,C:\Users\Zhifei Chen\Desktop\pysmell\subjects_for_metrics\django-old\django\utils\timesince.py,25,35,1,5,0,0,0
django-old,C:\Users\Zhifei Chen\Desktop\pysmell\subjects_for_metrics\django-old\django\utils\timesince.py,26,39,1,5,0,0,0
django-old,C:\Users\Zhifei Chen\Desktop\pysmell\subjects_for_metrics\django-old\django\utils\simplejson\encoder.py,343,14,1,3,0,0,0
django-old,C:\Users\Zhifei Chen\Desktop\pysmell\subjects_for_metrics\django-old\django\utils\translation\trans_null.py,18,12,1,1,0,0,0
django-old,C:\Users\Zhifei Chen\Desktop\pysmell\subjects_for_metrics\django-old\django\utils\translation\trans_null.py,19,11,0,1,0,0,0
django-old,C:\Users\Zhifei Chen\Desktop\pysmell\subjects_for_metrics\django-old\django\utils\translation\trans_null.py,20,29,0,2,0,0,0
django-old,C:\Users\Zhifei Chen\Desktop\pysmell\subjects_for_metrics\django-old\django\utils\translation\trans_null.py,21,56,0,5,0,0,0
django-old,C:\Users\Zhifei Chen\Desktop\pysmell\subjects_for_metrics\django-old\django\utils\translation\trans_null.py,22,12,1,1,0,0,0
django-old,C:\Users\Zhifei Chen\Desktop\pysmell\subjects_for_metrics\django-old\django\utils\translation\trans_real.py,140,25,1,7,0,0,0
django-old,C:\Users\Zhifei Chen\Desktop\pysmell\subjects_for_metrics\django-old\django\utils\translation\trans_real.py,499,12,1,3,0,0,0
django-old,C:\Users\Zhifei Chen\Desktop\pysmell\subjects_for_metrics\django-old\tests\modeltests\aggregation\tests.py,87,14,1,2,0,0,0
django-old,C:\Users\Zhifei Chen\Desktop\pysmell\subjects_for_metrics\django-old\tests\modeltests\aggregation\tests.py,107,36,1,5,0,0,0
django-old,C:\Users\Zhifei Chen\Desktop\pysmell\subjects_for_metrics\django-old\tests\modeltests\aggregation\tests.py,120,30,1,5,0,0,0
django-old,C:\Users\Zhifei Chen\Desktop\pysmell\subjects_for_metrics\django-old\tests\modeltests\aggregation\tests.py,134,36,1,5,0,0,0
django-old,C:\Users\Zhifei Chen\Desktop\pysmell\subjects_for_metrics\django-old\tests\modeltests\aggregation\tests.py,150,28,1,5,0,0,0
django-old,C:\Users\Zhifei Chen\Desktop\pysmell\subjects_for_metrics\django-old\tests\modeltests\aggregation\tests.py,164,45,1,5,0,0,0
django-old,C:\Users\Zhifei Chen\Desktop\pysmell\subjects_for_metrics\django-old\tests\modeltests\aggregation\tests.py,176,35,1,5,0,0,0
django-old,C:\Users\Zhifei Chen\Desktop\pysmell\subjects_for_metrics\django-old\tests\modeltests\aggregation\tests.py,276,36,1,5,0,0,0
django-old,C:\Users\Zhifei Chen\Desktop\pysmell\subjects_for_metrics\django-old\tests\modeltests\aggregation\tests.py,380,14,1,2,0,0,0
django-old,C:\Users\Zhifei Chen\Desktop\pysmell\subjects_for_metrics\django-old\tests\modeltests\aggregation\tests.py,392,14,1,2,0,0,0
django-old,C:\Users\Zhifei Chen\Desktop\pysmell\subjects_for_metrics\django-old\tests\modeltests\aggregation\tests.py,402,14,1,2,0,0,0
django-old,C:\Users\Zhifei Chen\Desktop\pysmell\subjects_for_metrics\django-old\tests\modeltests\aggregation\tests.py,410,14,1,2,0,0,0
django-old,C:\Users\Zhifei Chen\Desktop\pysmell\subjects_for_metrics\django-old\tests\modeltests\aggregation\tests.py,422,14,1,2,0,0,0
django-old,C:\Users\Zhifei Chen\Desktop\pysmell\subjects_for_metrics\django-old\tests\modeltests\aggregation\tests.py,433,14,1,2,0,0,0
django-old,C:\Users\Zhifei Chen\Desktop\pysmell\subjects_for_metrics\django-old\tests\modeltests\aggregation\tests.py,443,14,1,2,0,0,0
django-old,C:\Users\Zhifei Chen\Desktop\pysmell\subjects_for_metrics\django-old\tests\modeltests\aggregation\tests.py,459,14,1,2,0,0,0
django-old,C:\Users\Zhifei Chen\Desktop\pysmell\subjects_for_metrics\django-old\tests\modeltests\aggregation\tests.py,467,14,1,2,0,0,0
django-old,C:\Users\Zhifei Chen\Desktop\pysmell\subjects_for_metrics\django-old\tests\modeltests\aggregation\tests.py,476,14,1,2,0,0,0
django-old,C:\Users\Zhifei Chen\Desktop\pysmell\subjects_for_metrics\django-old\tests\modeltests\aggregation\tests.py,484,14,1,2,0,0,0
django-old,C:\Users\Zhifei Chen\Desktop\pysmell\subjects_for_metrics\django-old\tests\modeltests\aggregation\tests.py,492,14,1,2,0,0,0
django-old,C:\Users\Zhifei Chen\Desktop\pysmell\subjects_for_metrics\django-old\tests\modeltests\raw_query\tests.py,209,40,0,7,0,0,0
django-old,C:\Users\Zhifei Chen\Desktop\pysmell\subjects_for_metrics\django-old\tests\regressiontests\admin_util\tests.py,28,17,1,2,0,0,0
django-old,C:\Users\Zhifei Chen\Desktop\pysmell\subjects_for_metrics\django-old\tests\regressiontests\admin_util\tests.py,86,25,1,1,0,0,0
django-old,C:\Users\Zhifei Chen\Desktop\pysmell\subjects_for_metrics\django-old\tests\regressiontests\admin_util\tests.py,175,41,0,4,0,0,0
django-old,C:\Users\Zhifei Chen\Desktop\pysmell\subjects_for_metrics\django-old\tests\regressiontests\admin_util\tests.py,203,17,1,1,0,0,0
django-old,C:\Users\Zhifei Chen\Desktop\pysmell\subjects_for_metrics\django-old\tests\regressiontests\admin_views\models.py,454,57,0,9,1,0,0
django-old,C:\Users\Zhifei Chen\Desktop\pysmell\subjects_for_metrics\django-old\tests\regressiontests\admin_views\models.py,478,15,1,1,0,0,0
django-old,C:\Users\Zhifei Chen\Desktop\pysmell\subjects_for_metrics\django-old\tests\regressiontests\conditional_processing\views.py,9,12,1,1,0,0,0
django-old,C:\Users\Zhifei Chen\Desktop\pysmell\subjects_for_metrics\django-old\tests\regressiontests\conditional_processing\views.py,9,21,1,1,0,0,0
django-old,C:\Users\Zhifei Chen\Desktop\pysmell\subjects_for_metrics\django-old\tests\regressiontests\conditional_processing\views.py,13,21,1,1,0,0,0
django-old,C:\Users\Zhifei Chen\Desktop\pysmell\subjects_for_metrics\django-old\tests\regressiontests\conditional_processing\views.py,17,21,1,1,0,0,0
django-old,C:\Users\Zhifei Chen\Desktop\pysmell\subjects_for_metrics\django-old\tests\regressiontests\conditional_processing\views.py,21,12,1,1,0,0,0
django-old,C:\Users\Zhifei Chen\Desktop\pysmell\subjects_for_metrics\django-old\tests\regressiontests\conditional_processing\views.py,25,12,1,1,0,0,0
django-old,C:\Users\Zhifei Chen\Desktop\pysmell\subjects_for_metrics\django-old\tests\regressiontests\decorators\tests.py,38,12,1,1,0,0,0
django-old,C:\Users\Zhifei Chen\Desktop\pysmell\subjects_for_metrics\django-old\tests\regressiontests\forms\models.py,45,41,0,6,0,0,0
django-old,C:\Users\Zhifei Chen\Desktop\pysmell\subjects_for_metrics\django-old\tests\regressiontests\model_forms_regress\tests.py,116,63,0,10,1,0,0
django-old,C:\Users\Zhifei Chen\Desktop\pysmell\subjects_for_metrics\django-old\tests\regressiontests\multiple_database\tests.py,857,12,1,2,0,0,0
django-old,C:\Users\Zhifei Chen\Desktop\pysmell\subjects_for_metrics\django-old\tests\regressiontests\multiple_database\tests.py,860,12,1,2,0,0,0
django-old,C:\Users\Zhifei Chen\Desktop\pysmell\subjects_for_metrics\django-old\tests\regressiontests\queryset_pickle\models.py,30,13,0,1,0,0,0
django-old,C:\Users\Zhifei Chen\Desktop\pysmell\subjects_for_metrics\django-old\tests\regressiontests\templates\tests.py,135,51,2,7,1,0,0
django-old,C:\Users\Zhifei Chen\Desktop\pysmell\subjects_for_metrics\django-old\tests\regressiontests\templates\tests.py,136,51,2,7,1,0,0
django-old,C:\Users\Zhifei Chen\Desktop\pysmell\subjects_for_metrics\django-old\tests\regressiontests\utils\functional.py,8,22,0,5,0,0,0
django-old,C:\Users\Zhifei Chen\Desktop\pysmell\subjects_for_metrics\django-old\tests\regressiontests\utils\tests.py,184,28,0,3,0,0,0
