subject,file,lineno,NOC,NOFF,NOO,experience-based,statistics-based,tuning machine
letsencrypt,C:\Users\Zhifei Chen\Desktop\pysmell\subjects_for_metrics\letsencrypt\acme\acme\challenges.py,515,38,1,6,0,0,0
letsencrypt,C:\Users\Zhifei Chen\Desktop\pysmell\subjects_for_metrics\letsencrypt\acme\acme\challenges.py,519,38,1,6,0,0,0
letsencrypt,C:\Users\Zhifei Chen\Desktop\pysmell\subjects_for_metrics\letsencrypt\acme\acme\challenges_test.py,149,168,1,26,1,1,1
letsencrypt,C:\Users\Zhifei Chen\Desktop\pysmell\subjects_for_metrics\letsencrypt\acme\acme\challenges_test.py,162,173,1,25,1,1,1
letsencrypt,C:\Users\Zhifei Chen\Desktop\pysmell\subjects_for_metrics\letsencrypt\acme\acme\challenges_test.py,632,89,1,13,1,0,0
letsencrypt,C:\Users\Zhifei Chen\Desktop\pysmell\subjects_for_metrics\letsencrypt\acme\acme\client.py,354,52,1,8,0,0,0
letsencrypt,C:\Users\Zhifei Chen\Desktop\pysmell\subjects_for_metrics\letsencrypt\acme\acme\client.py,357,35,1,5,0,0,0
letsencrypt,C:\Users\Zhifei Chen\Desktop\pysmell\subjects_for_metrics\letsencrypt\acme\acme\client.py,379,35,1,5,0,0,0
letsencrypt,C:\Users\Zhifei Chen\Desktop\pysmell\subjects_for_metrics\letsencrypt\acme\acme\crypto_util.py,173,76,1,10,0,0,0
letsencrypt,C:\Users\Zhifei Chen\Desktop\pysmell\subjects_for_metrics\letsencrypt\acme\acme\crypto_util.py,182,116,2,13,1,0,0
letsencrypt,C:\Users\Zhifei Chen\Desktop\pysmell\subjects_for_metrics\letsencrypt\acme\acme\crypto_util.py,187,94,3,14,1,1,1
letsencrypt,C:\Users\Zhifei Chen\Desktop\pysmell\subjects_for_metrics\letsencrypt\acme\acme\crypto_util.py,223,34,1,7,0,0,0
letsencrypt,C:\Users\Zhifei Chen\Desktop\pysmell\subjects_for_metrics\letsencrypt\acme\acme\messages.py,256,72,2,13,1,0,0
letsencrypt,C:\Users\Zhifei Chen\Desktop\pysmell\subjects_for_metrics\letsencrypt\acme\acme\messages.py,377,47,1,6,0,0,0
letsencrypt,C:\Users\Zhifei Chen\Desktop\pysmell\subjects_for_metrics\letsencrypt\acme\acme\messages.py,382,71,2,12,1,0,0
letsencrypt,C:\Users\Zhifei Chen\Desktop\pysmell\subjects_for_metrics\letsencrypt\acme\acme\messages.py,382,35,1,6,0,0,0
letsencrypt,C:\Users\Zhifei Chen\Desktop\pysmell\subjects_for_metrics\letsencrypt\acme\acme\messages_test.py,300,41,1,6,0,0,0
letsencrypt,C:\Users\Zhifei Chen\Desktop\pysmell\subjects_for_metrics\letsencrypt\acme\acme\util.py,7,54,1,12,0,0,0
letsencrypt,C:\Users\Zhifei Chen\Desktop\pysmell\subjects_for_metrics\letsencrypt\acme\acme\jose\interfaces.py,142,34,1,5,0,0,0
letsencrypt,C:\Users\Zhifei Chen\Desktop\pysmell\subjects_for_metrics\letsencrypt\acme\acme\jose\interfaces.py,146,34,1,5,0,0,0
letsencrypt,C:\Users\Zhifei Chen\Desktop\pysmell\subjects_for_metrics\letsencrypt\acme\acme\jose\interfaces.py,148,71,1,14,1,0,0
letsencrypt,C:\Users\Zhifei Chen\Desktop\pysmell\subjects_for_metrics\letsencrypt\acme\acme\jose\json_util.py,109,49,1,6,0,0,0
letsencrypt,C:\Users\Zhifei Chen\Desktop\pysmell\subjects_for_metrics\letsencrypt\acme\acme\jose\json_util.py,112,91,1,16,1,0,0
letsencrypt,C:\Users\Zhifei Chen\Desktop\pysmell\subjects_for_metrics\letsencrypt\acme\acme\jose\json_util.py,216,65,1,12,1,0,0
letsencrypt,C:\Users\Zhifei Chen\Desktop\pysmell\subjects_for_metrics\letsencrypt\acme\acme\jose\json_util.py,259,47,1,6,0,0,0
letsencrypt,C:\Users\Zhifei Chen\Desktop\pysmell\subjects_for_metrics\letsencrypt\acme\acme\jose\jwk.py,53,66,2,16,1,0,0
letsencrypt,C:\Users\Zhifei Chen\Desktop\pysmell\subjects_for_metrics\letsencrypt\acme\acme\jose\jwk.py,221,43,1,10,0,0,0
letsencrypt,C:\Users\Zhifei Chen\Desktop\pysmell\subjects_for_metrics\letsencrypt\acme\acme\jose\jwk.py,235,43,1,11,0,0,0
letsencrypt,C:\Users\Zhifei Chen\Desktop\pysmell\subjects_for_metrics\letsencrypt\acme\acme\jose\jwk.py,236,42,2,6,0,0,0
letsencrypt,C:\Users\Zhifei Chen\Desktop\pysmell\subjects_for_metrics\letsencrypt\acme\acme\jose\jwk.py,241,38,1,6,0,0,0
letsencrypt,C:\Users\Zhifei Chen\Desktop\pysmell\subjects_for_metrics\letsencrypt\acme\acme\jose\jwk.py,278,70,1,13,1,0,0
letsencrypt,C:\Users\Zhifei Chen\Desktop\pysmell\subjects_for_metrics\letsencrypt\acme\acme\jose\jws.py,83,108,2,22,1,0,1
letsencrypt,C:\Users\Zhifei Chen\Desktop\pysmell\subjects_for_metrics\letsencrypt\acme\acme\jose\jws.py,126,100,1,13,1,0,0
letsencrypt,C:\Users\Zhifei Chen\Desktop\pysmell\subjects_for_metrics\letsencrypt\acme\acme\jose\jws.py,267,53,1,9,0,0,0
letsencrypt,C:\Users\Zhifei Chen\Desktop\pysmell\subjects_for_metrics\letsencrypt\acme\acme\jose\jws.py,345,60,1,9,0,0,0
letsencrypt,C:\Users\Zhifei Chen\Desktop\pysmell\subjects_for_metrics\letsencrypt\acme\acme\jose\util.py,163,43,1,7,0,0,0
letsencrypt,C:\Users\Zhifei Chen\Desktop\pysmell\subjects_for_metrics\letsencrypt\acme\acme\jose\util.py,170,66,1,12,1,0,0
letsencrypt,C:\Users\Zhifei Chen\Desktop\pysmell\subjects_for_metrics\letsencrypt\acme\acme\jose\util.py,201,35,1,8,0,0,0
letsencrypt,C:\Users\Zhifei Chen\Desktop\pysmell\subjects_for_metrics\letsencrypt\acme\acme\jose\util.py,216,67,1,11,0,0,0
letsencrypt,C:\Users\Zhifei Chen\Desktop\pysmell\subjects_for_metrics\letsencrypt\docs\conf.py,26,52,1,8,0,0,0
letsencrypt,C:\Users\Zhifei Chen\Desktop\pysmell\subjects_for_metrics\letsencrypt\letsencrypt\auth_handler.py,89,84,2,12,1,0,0
letsencrypt,C:\Users\Zhifei Chen\Desktop\pysmell\subjects_for_metrics\letsencrypt\letsencrypt\auth_handler.py,200,39,1,5,0,0,0
letsencrypt,C:\Users\Zhifei Chen\Desktop\pysmell\subjects_for_metrics\letsencrypt\letsencrypt\auth_handler.py,274,79,2,9,0,0,0
letsencrypt,C:\Users\Zhifei Chen\Desktop\pysmell\subjects_for_metrics\letsencrypt\letsencrypt\auth_handler.py,276,87,2,9,0,0,0
letsencrypt,C:\Users\Zhifei Chen\Desktop\pysmell\subjects_for_metrics\letsencrypt\letsencrypt\cli.py,596,39,1,7,0,0,0
letsencrypt,C:\Users\Zhifei Chen\Desktop\pysmell\subjects_for_metrics\letsencrypt\letsencrypt\cli.py,722,32,1,6,0,0,0
letsencrypt,C:\Users\Zhifei Chen\Desktop\pysmell\subjects_for_metrics\letsencrypt\letsencrypt\cli.py,724,33,1,6,0,0,0
letsencrypt,C:\Users\Zhifei Chen\Desktop\pysmell\subjects_for_metrics\letsencrypt\letsencrypt\cli.py,726,45,1,8,0,0,0
letsencrypt,C:\Users\Zhifei Chen\Desktop\pysmell\subjects_for_metrics\letsencrypt\letsencrypt\crypto_util.py,118,27,1,5,0,0,0
letsencrypt,C:\Users\Zhifei Chen\Desktop\pysmell\subjects_for_metrics\letsencrypt\letsencrypt\crypto_util.py,123,122,1,14,1,0,0
letsencrypt,C:\Users\Zhifei Chen\Desktop\pysmell\subjects_for_metrics\letsencrypt\letsencrypt\crypto_util.py,219,36,1,5,0,0,0
letsencrypt,C:\Users\Zhifei Chen\Desktop\pysmell\subjects_for_metrics\letsencrypt\letsencrypt\crypto_util.py,279,32,1,5,0,0,0
letsencrypt,C:\Users\Zhifei Chen\Desktop\pysmell\subjects_for_metrics\letsencrypt\letsencrypt\errors.py,46,117,2,16,1,0,0
letsencrypt,C:\Users\Zhifei Chen\Desktop\pysmell\subjects_for_metrics\letsencrypt\letsencrypt\reporter.py,95,43,1,9,0,0,0
letsencrypt,C:\Users\Zhifei Chen\Desktop\pysmell\subjects_for_metrics\letsencrypt\letsencrypt\storage.py,120,39,1,6,0,0,0
letsencrypt,C:\Users\Zhifei Chen\Desktop\pysmell\subjects_for_metrics\letsencrypt\letsencrypt\storage.py,140,79,1,16,1,0,0
letsencrypt,C:\Users\Zhifei Chen\Desktop\pysmell\subjects_for_metrics\letsencrypt\letsencrypt\storage.py,145,80,1,16,1,0,0
letsencrypt,C:\Users\Zhifei Chen\Desktop\pysmell\subjects_for_metrics\letsencrypt\letsencrypt\storage.py,290,29,1,6,0,0,0
letsencrypt,C:\Users\Zhifei Chen\Desktop\pysmell\subjects_for_metrics\letsencrypt\letsencrypt\storage.py,291,36,2,10,0,0,0
letsencrypt,C:\Users\Zhifei Chen\Desktop\pysmell\subjects_for_metrics\letsencrypt\letsencrypt\storage.py,317,42,1,6,0,0,0
letsencrypt,C:\Users\Zhifei Chen\Desktop\pysmell\subjects_for_metrics\letsencrypt\letsencrypt\storage.py,318,53,3,16,1,1,1
letsencrypt,C:\Users\Zhifei Chen\Desktop\pysmell\subjects_for_metrics\letsencrypt\letsencrypt\storage.py,318,26,1,8,0,0,0
letsencrypt,C:\Users\Zhifei Chen\Desktop\pysmell\subjects_for_metrics\letsencrypt\letsencrypt\storage.py,332,48,1,6,0,0,0
letsencrypt,C:\Users\Zhifei Chen\Desktop\pysmell\subjects_for_metrics\letsencrypt\letsencrypt\storage.py,345,39,1,6,0,0,0
letsencrypt,C:\Users\Zhifei Chen\Desktop\pysmell\subjects_for_metrics\letsencrypt\letsencrypt\storage.py,574,62,1,12,0,0,0
letsencrypt,C:\Users\Zhifei Chen\Desktop\pysmell\subjects_for_metrics\letsencrypt\letsencrypt\storage.py,637,87,1,14,1,0,0
letsencrypt,C:\Users\Zhifei Chen\Desktop\pysmell\subjects_for_metrics\letsencrypt\letsencrypt\validator.py,61,42,1,9,0,0,0
letsencrypt,C:\Users\Zhifei Chen\Desktop\pysmell\subjects_for_metrics\letsencrypt\letsencrypt\validator.py,62,38,2,8,0,0,0
letsencrypt,C:\Users\Zhifei Chen\Desktop\pysmell\subjects_for_metrics\letsencrypt\letsencrypt\display\ops.py,28,108,2,10,0,0,0
letsencrypt,C:\Users\Zhifei Chen\Desktop\pysmell\subjects_for_metrics\letsencrypt\letsencrypt\display\ops.py,144,26,1,4,0,0,0
letsencrypt,C:\Users\Zhifei Chen\Desktop\pysmell\subjects_for_metrics\letsencrypt\letsencrypt\display\ops.py,204,19,1,5,0,0,0
letsencrypt,C:\Users\Zhifei Chen\Desktop\pysmell\subjects_for_metrics\letsencrypt\letsencrypt\display\ops.py,262,74,1,5,0,0,0
letsencrypt,C:\Users\Zhifei Chen\Desktop\pysmell\subjects_for_metrics\letsencrypt\letsencrypt\display\ops.py,279,42,1,8,0,0,0
letsencrypt,C:\Users\Zhifei Chen\Desktop\pysmell\subjects_for_metrics\letsencrypt\letsencrypt\display\util.py,97,52,1,12,0,0,0
letsencrypt,C:\Users\Zhifei Chen\Desktop\pysmell\subjects_for_metrics\letsencrypt\letsencrypt\display\util.py,150,37,1,6,0,0,0
letsencrypt,C:\Users\Zhifei Chen\Desktop\pysmell\subjects_for_metrics\letsencrypt\letsencrypt\display\util.py,318,34,1,7,0,0,0
letsencrypt,C:\Users\Zhifei Chen\Desktop\pysmell\subjects_for_metrics\letsencrypt\letsencrypt\display\util.py,331,36,1,11,0,0,0
letsencrypt,C:\Users\Zhifei Chen\Desktop\pysmell\subjects_for_metrics\letsencrypt\letsencrypt\display\util.py,413,41,1,7,0,0,0
letsencrypt,C:\Users\Zhifei Chen\Desktop\pysmell\subjects_for_metrics\letsencrypt\letsencrypt\plugins\disco.py,61,85,2,12,1,0,0
letsencrypt,C:\Users\Zhifei Chen\Desktop\pysmell\subjects_for_metrics\letsencrypt\letsencrypt\plugins\disco.py,61,54,1,7,0,0,0
letsencrypt,C:\Users\Zhifei Chen\Desktop\pysmell\subjects_for_metrics\letsencrypt\letsencrypt\plugins\disco.py,136,71,1,9,0,0,0
letsencrypt,C:\Users\Zhifei Chen\Desktop\pysmell\subjects_for_metrics\letsencrypt\letsencrypt\plugins\disco.py,183,64,1,9,0,0,0
letsencrypt,C:\Users\Zhifei Chen\Desktop\pysmell\subjects_for_metrics\letsencrypt\letsencrypt\plugins\disco.py,188,81,2,13,1,0,0
letsencrypt,C:\Users\Zhifei Chen\Desktop\pysmell\subjects_for_metrics\letsencrypt\letsencrypt\plugins\disco.py,206,61,1,8,0,0,0
letsencrypt,C:\Users\Zhifei Chen\Desktop\pysmell\subjects_for_metrics\letsencrypt\letsencrypt\plugins\disco.py,228,105,2,14,1,0,0
letsencrypt,C:\Users\Zhifei Chen\Desktop\pysmell\subjects_for_metrics\letsencrypt\letsencrypt\plugins\disco.py,239,47,1,8,0,0,0
letsencrypt,C:\Users\Zhifei Chen\Desktop\pysmell\subjects_for_metrics\letsencrypt\letsencrypt\plugins\disco.py,244,46,1,8,0,0,0
letsencrypt,C:\Users\Zhifei Chen\Desktop\pysmell\subjects_for_metrics\letsencrypt\letsencrypt\plugins\manual_test.py,40,83,1,11,0,0,0
letsencrypt,C:\Users\Zhifei Chen\Desktop\pysmell\subjects_for_metrics\letsencrypt\letsencrypt\plugins\standalone.py,107,74,1,12,1,0,0
letsencrypt,C:\Users\Zhifei Chen\Desktop\pysmell\subjects_for_metrics\letsencrypt\letsencrypt\plugins\standalone.py,121,60,2,8,0,0,0
letsencrypt,C:\Users\Zhifei Chen\Desktop\pysmell\subjects_for_metrics\letsencrypt\letsencrypt\plugins\standalone.py,127,41,1,4,0,0,0
letsencrypt,C:\Users\Zhifei Chen\Desktop\pysmell\subjects_for_metrics\letsencrypt\letsencrypt\plugins\standalone.py,176,41,1,4,0,0,0
letsencrypt,C:\Users\Zhifei Chen\Desktop\pysmell\subjects_for_metrics\letsencrypt\letsencrypt\plugins\standalone.py,181,87,1,13,1,0,0
letsencrypt,C:\Users\Zhifei Chen\Desktop\pysmell\subjects_for_metrics\letsencrypt\letsencrypt\plugins\standalone.py,197,92,1,12,1,0,0
letsencrypt,C:\Users\Zhifei Chen\Desktop\pysmell\subjects_for_metrics\letsencrypt\letsencrypt\plugins\util.py,37,119,2,20,1,0,0
letsencrypt,C:\Users\Zhifei Chen\Desktop\pysmell\subjects_for_metrics\letsencrypt\letsencrypt\plugins\webroot.py,69,48,1,6,0,0,0
letsencrypt,C:\Users\Zhifei Chen\Desktop\pysmell\subjects_for_metrics\letsencrypt\letsencrypt\tests\acme_util.py,45,69,2,8,0,0,0
letsencrypt,C:\Users\Zhifei Chen\Desktop\pysmell\subjects_for_metrics\letsencrypt\letsencrypt\tests\acme_util.py,47,77,2,8,0,0,0
letsencrypt,C:\Users\Zhifei Chen\Desktop\pysmell\subjects_for_metrics\letsencrypt\letsencrypt\tests\acme_util.py,63,55,3,14,1,1,1
letsencrypt,C:\Users\Zhifei Chen\Desktop\pysmell\subjects_for_metrics\letsencrypt\letsencrypt\tests\acme_util.py,89,80,2,9,0,0,0
letsencrypt,C:\Users\Zhifei Chen\Desktop\pysmell\subjects_for_metrics\letsencrypt\letsencrypt\tests\acme_util.py,92,88,2,9,0,0,0
letsencrypt,C:\Users\Zhifei Chen\Desktop\pysmell\subjects_for_metrics\letsencrypt\letsencrypt\tests\acme_util.py,109,81,1,12,1,0,0
letsencrypt,C:\Users\Zhifei Chen\Desktop\pysmell\subjects_for_metrics\letsencrypt\letsencrypt\tests\auth_handler_test.py,47,31,1,4,0,0,0
letsencrypt,C:\Users\Zhifei Chen\Desktop\pysmell\subjects_for_metrics\letsencrypt\letsencrypt\tests\auth_handler_test.py,49,29,1,4,0,0,0
letsencrypt,C:\Users\Zhifei Chen\Desktop\pysmell\subjects_for_metrics\letsencrypt\letsencrypt\tests\auth_handler_test.py,55,31,1,4,0,0,0
letsencrypt,C:\Users\Zhifei Chen\Desktop\pysmell\subjects_for_metrics\letsencrypt\letsencrypt\tests\auth_handler_test.py,56,29,1,4,0,0,0
letsencrypt,C:\Users\Zhifei Chen\Desktop\pysmell\subjects_for_metrics\letsencrypt\letsencrypt\tests\auth_handler_test.py,165,44,1,6,0,0,0
letsencrypt,C:\Users\Zhifei Chen\Desktop\pysmell\subjects_for_metrics\letsencrypt\letsencrypt\tests\auth_handler_test.py,199,108,1,16,1,0,0
letsencrypt,C:\Users\Zhifei Chen\Desktop\pysmell\subjects_for_metrics\letsencrypt\letsencrypt\tests\auth_handler_test.py,261,134,2,15,1,0,0
letsencrypt,C:\Users\Zhifei Chen\Desktop\pysmell\subjects_for_metrics\letsencrypt\letsencrypt\tests\auth_handler_test.py,267,65,1,6,0,0,0
letsencrypt,C:\Users\Zhifei Chen\Desktop\pysmell\subjects_for_metrics\letsencrypt\letsencrypt\tests\auth_handler_test.py,476,70,1,10,0,0,0
letsencrypt,C:\Users\Zhifei Chen\Desktop\pysmell\subjects_for_metrics\letsencrypt\letsencrypt\tests\cli_test.py,134,57,1,11,0,0,0
letsencrypt,C:\Users\Zhifei Chen\Desktop\pysmell\subjects_for_metrics\letsencrypt\letsencrypt-apache\letsencrypt_apache\augeas_configurator.py,141,57,2,14,0,0,0
letsencrypt,C:\Users\Zhifei Chen\Desktop\pysmell\subjects_for_metrics\letsencrypt\letsencrypt-apache\letsencrypt_apache\configurator.py,229,31,1,6,0,0,0
letsencrypt,C:\Users\Zhifei Chen\Desktop\pysmell\subjects_for_metrics\letsencrypt\letsencrypt-apache\letsencrypt_apache\configurator.py,280,63,1,10,0,0,0
letsencrypt,C:\Users\Zhifei Chen\Desktop\pysmell\subjects_for_metrics\letsencrypt\letsencrypt-apache\letsencrypt_apache\configurator.py,312,52,1,8,0,0,0
letsencrypt,C:\Users\Zhifei Chen\Desktop\pysmell\subjects_for_metrics\letsencrypt\letsencrypt-apache\letsencrypt_apache\configurator.py,337,83,3,16,1,1,1
letsencrypt,C:\Users\Zhifei Chen\Desktop\pysmell\subjects_for_metrics\letsencrypt\letsencrypt-apache\letsencrypt_apache\configurator.py,338,49,1,8,0,0,0
letsencrypt,C:\Users\Zhifei Chen\Desktop\pysmell\subjects_for_metrics\letsencrypt\letsencrypt-apache\letsencrypt_apache\configurator.py,670,46,1,6,0,0,0
letsencrypt,C:\Users\Zhifei Chen\Desktop\pysmell\subjects_for_metrics\letsencrypt\letsencrypt-apache\letsencrypt_apache\configurator.py,847,55,1,8,0,0,0
letsencrypt,C:\Users\Zhifei Chen\Desktop\pysmell\subjects_for_metrics\letsencrypt\letsencrypt-apache\letsencrypt_apache\configurator.py,880,44,2,7,0,0,0
letsencrypt,C:\Users\Zhifei Chen\Desktop\pysmell\subjects_for_metrics\letsencrypt\letsencrypt-apache\letsencrypt_apache\configurator.py,1103,35,1,10,0,0,0
letsencrypt,C:\Users\Zhifei Chen\Desktop\pysmell\subjects_for_metrics\letsencrypt\letsencrypt-apache\letsencrypt_apache\configurator.py,1112,26,1,6,0,0,0
letsencrypt,C:\Users\Zhifei Chen\Desktop\pysmell\subjects_for_metrics\letsencrypt\letsencrypt-apache\letsencrypt_apache\dvsni.py,157,22,1,5,0,0,0
letsencrypt,C:\Users\Zhifei Chen\Desktop\pysmell\subjects_for_metrics\letsencrypt\letsencrypt-apache\letsencrypt_apache\obj.py,147,30,1,6,0,0,0
letsencrypt,C:\Users\Zhifei Chen\Desktop\pysmell\subjects_for_metrics\letsencrypt\letsencrypt-apache\letsencrypt_apache\obj.py,149,27,1,4,0,0,0
letsencrypt,C:\Users\Zhifei Chen\Desktop\pysmell\subjects_for_metrics\letsencrypt\letsencrypt-apache\letsencrypt_apache\parser.py,426,50,1,6,0,0,0
letsencrypt,C:\Users\Zhifei Chen\Desktop\pysmell\subjects_for_metrics\letsencrypt\letsencrypt-apache\letsencrypt_apache\parser.py,587,78,2,21,1,0,0
letsencrypt,C:\Users\Zhifei Chen\Desktop\pysmell\subjects_for_metrics\letsencrypt\letsencrypt-apache\letsencrypt_apache\tests\configurator_test.py,168,91,2,11,0,0,0
letsencrypt,C:\Users\Zhifei Chen\Desktop\pysmell\subjects_for_metrics\letsencrypt\letsencrypt-compatibility-test\letsencrypt_compatibility_test\configurators\common.py,42,66,1,11,0,0,0
letsencrypt,C:\Users\Zhifei Chen\Desktop\pysmell\subjects_for_metrics\letsencrypt\letsencrypt-compatibility-test\letsencrypt_compatibility_test\configurators\apache\common.py,223,75,2,16,1,0,0
letsencrypt,C:\Users\Zhifei Chen\Desktop\pysmell\subjects_for_metrics\letsencrypt\letsencrypt-compatibility-test\letsencrypt_compatibility_test\configurators\apache\common.py,285,35,1,10,0,0,0
letsencrypt,C:\Users\Zhifei Chen\Desktop\pysmell\subjects_for_metrics\letsencrypt\letsencrypt-nginx\letsencrypt_nginx\configurator.py,167,31,1,6,0,0,0
letsencrypt,C:\Users\Zhifei Chen\Desktop\pysmell\subjects_for_metrics\letsencrypt\letsencrypt-nginx\letsencrypt_nginx\configurator.py,206,35,2,8,0,0,0
letsencrypt,C:\Users\Zhifei Chen\Desktop\pysmell\subjects_for_metrics\letsencrypt\letsencrypt-nginx\letsencrypt_nginx\configurator.py,457,43,1,10,0,0,0
letsencrypt,C:\Users\Zhifei Chen\Desktop\pysmell\subjects_for_metrics\letsencrypt\letsencrypt-nginx\letsencrypt_nginx\configurator.py,473,26,1,6,0,0,0
letsencrypt,C:\Users\Zhifei Chen\Desktop\pysmell\subjects_for_metrics\letsencrypt\letsencrypt-nginx\letsencrypt_nginx\dvsni.py,70,49,1,7,0,0,0
letsencrypt,C:\Users\Zhifei Chen\Desktop\pysmell\subjects_for_metrics\letsencrypt\letsencrypt-nginx\letsencrypt_nginx\dvsni.py,116,88,1,16,1,0,0
letsencrypt,C:\Users\Zhifei Chen\Desktop\pysmell\subjects_for_metrics\letsencrypt\letsencrypt-nginx\letsencrypt_nginx\dvsni.py,141,36,1,7,0,0,0
letsencrypt,C:\Users\Zhifei Chen\Desktop\pysmell\subjects_for_metrics\letsencrypt\letsencrypt-nginx\letsencrypt_nginx\obj.py,121,30,1,6,0,0,0
letsencrypt,C:\Users\Zhifei Chen\Desktop\pysmell\subjects_for_metrics\letsencrypt\letsencrypt-nginx\letsencrypt_nginx\tests\dvsni_test.py,138,54,2,9,0,0,0
letsencrypt,C:\Users\Zhifei Chen\Desktop\pysmell\subjects_for_metrics\letsencrypt\letsencrypt-nginx\letsencrypt_nginx\tests\parser_test.py,47,118,1,11,0,0,0
letsencrypt,C:\Users\Zhifei Chen\Desktop\pysmell\subjects_for_metrics\letsencrypt\letsencrypt-nginx\letsencrypt_nginx\tests\parser_test.py,113,41,2,7,0,0,0
letsencrypt,C:\Users\Zhifei Chen\Desktop\pysmell\subjects_for_metrics\letsencrypt\letsencrypt-nginx\letsencrypt_nginx\tests\parser_test.py,115,37,2,7,0,0,0
letsencrypt,C:\Users\Zhifei Chen\Desktop\pysmell\subjects_for_metrics\letsencrypt\letsencrypt-nginx\letsencrypt_nginx\tests\parser_test.py,117,38,2,7,0,0,0
letsencrypt,C:\Users\Zhifei Chen\Desktop\pysmell\subjects_for_metrics\letsencrypt\letsencrypt-nginx\letsencrypt_nginx\tests\parser_test.py,119,39,2,7,0,0,0
letsencrypt,C:\Users\Zhifei Chen\Desktop\pysmell\subjects_for_metrics\letsencrypt\letsencrypt-nginx\letsencrypt_nginx\tests\parser_test.py,121,38,2,7,0,0,0
letsencrypt,C:\Users\Zhifei Chen\Desktop\pysmell\subjects_for_metrics\letsencrypt\letsencrypt-nginx\letsencrypt_nginx\tests\parser_test.py,159,31,2,9,0,0,0
letsencrypt,C:\Users\Zhifei Chen\Desktop\pysmell\subjects_for_metrics\letsencrypt\letsencrypt-nginx\letsencrypt_nginx\tests\parser_test.py,160,39,2,9,0,0,0
letsencrypt,C:\Users\Zhifei Chen\Desktop\pysmell\subjects_for_metrics\letsencrypt\tests\display.py,13,29,1,5,0,0,0
letsencrypt,C:\Users\Zhifei Chen\Desktop\pysmell\subjects_for_metrics\letsencrypt\tests\display.py,17,29,1,5,0,0,0
