subject,file,lineno,NBC,experience-based,statistics-based,tuning machine
letsencrypt,C:\Users\Zhifei Chen\Desktop\pysmell\subjects_for_metrics\letsencrypt\acme\acme\challenges.py,23,1,0,0,0
letsencrypt,C:\Users\Zhifei Chen\Desktop\pysmell\subjects_for_metrics\letsencrypt\acme\acme\challenges.py,37,1,0,0,0
letsencrypt,C:\Users\Zhifei Chen\Desktop\pysmell\subjects_for_metrics\letsencrypt\acme\acme\challenges.py,41,1,0,0,0
letsencrypt,C:\Users\Zhifei Chen\Desktop\pysmell\subjects_for_metrics\letsencrypt\acme\acme\challenges.py,45,1,0,0,0
letsencrypt,C:\Users\Zhifei Chen\Desktop\pysmell\subjects_for_metrics\letsencrypt\acme\acme\challenges.py,53,1,0,0,0
letsencrypt,C:\Users\Zhifei Chen\Desktop\pysmell\subjects_for_metrics\letsencrypt\acme\acme\challenges.py,79,1,0,0,0
letsencrypt,C:\Users\Zhifei Chen\Desktop\pysmell\subjects_for_metrics\letsencrypt\acme\acme\challenges.py,118,1,0,0,0
letsencrypt,C:\Users\Zhifei Chen\Desktop\pysmell\subjects_for_metrics\letsencrypt\acme\acme\challenges.py,268,1,0,0,0
letsencrypt,C:\Users\Zhifei Chen\Desktop\pysmell\subjects_for_metrics\letsencrypt\acme\acme\challenges.py,277,1,0,0,0
letsencrypt,C:\Users\Zhifei Chen\Desktop\pysmell\subjects_for_metrics\letsencrypt\acme\acme\challenges.py,308,1,0,0,0
letsencrypt,C:\Users\Zhifei Chen\Desktop\pysmell\subjects_for_metrics\letsencrypt\acme\acme\challenges.py,451,1,0,0,0
letsencrypt,C:\Users\Zhifei Chen\Desktop\pysmell\subjects_for_metrics\letsencrypt\acme\acme\challenges.py,467,1,0,0,0
letsencrypt,C:\Users\Zhifei Chen\Desktop\pysmell\subjects_for_metrics\letsencrypt\acme\acme\challenges.py,478,1,0,0,0
letsencrypt,C:\Users\Zhifei Chen\Desktop\pysmell\subjects_for_metrics\letsencrypt\acme\acme\challenges.py,491,1,0,0,0
letsencrypt,C:\Users\Zhifei Chen\Desktop\pysmell\subjects_for_metrics\letsencrypt\acme\acme\challenges.py,528,1,0,0,0
letsencrypt,C:\Users\Zhifei Chen\Desktop\pysmell\subjects_for_metrics\letsencrypt\acme\acme\challenges.py,551,1,0,0,0
letsencrypt,C:\Users\Zhifei Chen\Desktop\pysmell\subjects_for_metrics\letsencrypt\acme\acme\challenges.py,629,1,0,0,0
letsencrypt,C:\Users\Zhifei Chen\Desktop\pysmell\subjects_for_metrics\letsencrypt\acme\acme\challenges_test.py,20,1,0,0,0
letsencrypt,C:\Users\Zhifei Chen\Desktop\pysmell\subjects_for_metrics\letsencrypt\acme\acme\challenges_test.py,30,1,0,0,0
letsencrypt,C:\Users\Zhifei Chen\Desktop\pysmell\subjects_for_metrics\letsencrypt\acme\acme\challenges_test.py,46,1,0,0,0
letsencrypt,C:\Users\Zhifei Chen\Desktop\pysmell\subjects_for_metrics\letsencrypt\acme\acme\challenges_test.py,75,1,0,0,0
letsencrypt,C:\Users\Zhifei Chen\Desktop\pysmell\subjects_for_metrics\letsencrypt\acme\acme\challenges_test.py,211,1,0,0,0
letsencrypt,C:\Users\Zhifei Chen\Desktop\pysmell\subjects_for_metrics\letsencrypt\acme\acme\challenges_test.py,246,1,0,0,0
letsencrypt,C:\Users\Zhifei Chen\Desktop\pysmell\subjects_for_metrics\letsencrypt\acme\acme\challenges_test.py,369,1,0,0,0
letsencrypt,C:\Users\Zhifei Chen\Desktop\pysmell\subjects_for_metrics\letsencrypt\acme\acme\challenges_test.py,409,1,0,0,0
letsencrypt,C:\Users\Zhifei Chen\Desktop\pysmell\subjects_for_metrics\letsencrypt\acme\acme\challenges_test.py,442,1,0,0,0
letsencrypt,C:\Users\Zhifei Chen\Desktop\pysmell\subjects_for_metrics\letsencrypt\acme\acme\challenges_test.py,509,1,0,0,0
letsencrypt,C:\Users\Zhifei Chen\Desktop\pysmell\subjects_for_metrics\letsencrypt\acme\acme\challenges_test.py,547,1,0,0,0
letsencrypt,C:\Users\Zhifei Chen\Desktop\pysmell\subjects_for_metrics\letsencrypt\acme\acme\challenges_test.py,596,1,0,0,0
letsencrypt,C:\Users\Zhifei Chen\Desktop\pysmell\subjects_for_metrics\letsencrypt\acme\acme\challenges_test.py,659,1,0,0,0
letsencrypt,C:\Users\Zhifei Chen\Desktop\pysmell\subjects_for_metrics\letsencrypt\acme\acme\client.py,29,1,0,0,0
letsencrypt,C:\Users\Zhifei Chen\Desktop\pysmell\subjects_for_metrics\letsencrypt\acme\acme\client.py,478,1,0,0,0
letsencrypt,C:\Users\Zhifei Chen\Desktop\pysmell\subjects_for_metrics\letsencrypt\acme\acme\client_test.py,25,1,0,0,0
letsencrypt,C:\Users\Zhifei Chen\Desktop\pysmell\subjects_for_metrics\letsencrypt\acme\acme\client_test.py,390,1,0,0,0
letsencrypt,C:\Users\Zhifei Chen\Desktop\pysmell\subjects_for_metrics\letsencrypt\acme\acme\client_test.py,409,1,0,0,0
letsencrypt,C:\Users\Zhifei Chen\Desktop\pysmell\subjects_for_metrics\letsencrypt\acme\acme\client_test.py,506,1,0,0,0
letsencrypt,C:\Users\Zhifei Chen\Desktop\pysmell\subjects_for_metrics\letsencrypt\acme\acme\crypto_util.py,29,1,0,0,0
letsencrypt,C:\Users\Zhifei Chen\Desktop\pysmell\subjects_for_metrics\letsencrypt\acme\acme\crypto_util.py,70,1,0,0,0
letsencrypt,C:\Users\Zhifei Chen\Desktop\pysmell\subjects_for_metrics\letsencrypt\acme\acme\crypto_util_test.py,14,1,0,0,0
letsencrypt,C:\Users\Zhifei Chen\Desktop\pysmell\subjects_for_metrics\letsencrypt\acme\acme\crypto_util_test.py,25,1,0,0,0
letsencrypt,C:\Users\Zhifei Chen\Desktop\pysmell\subjects_for_metrics\letsencrypt\acme\acme\crypto_util_test.py,63,1,0,0,0
letsencrypt,C:\Users\Zhifei Chen\Desktop\pysmell\subjects_for_metrics\letsencrypt\acme\acme\errors.py,5,1,0,0,0
letsencrypt,C:\Users\Zhifei Chen\Desktop\pysmell\subjects_for_metrics\letsencrypt\acme\acme\errors.py,9,1,0,0,0
letsencrypt,C:\Users\Zhifei Chen\Desktop\pysmell\subjects_for_metrics\letsencrypt\acme\acme\errors.py,13,1,0,0,0
letsencrypt,C:\Users\Zhifei Chen\Desktop\pysmell\subjects_for_metrics\letsencrypt\acme\acme\errors.py,17,1,0,0,0
letsencrypt,C:\Users\Zhifei Chen\Desktop\pysmell\subjects_for_metrics\letsencrypt\acme\acme\errors.py,21,1,0,0,0
letsencrypt,C:\Users\Zhifei Chen\Desktop\pysmell\subjects_for_metrics\letsencrypt\acme\acme\errors.py,25,1,0,0,0
letsencrypt,C:\Users\Zhifei Chen\Desktop\pysmell\subjects_for_metrics\letsencrypt\acme\acme\errors.py,36,1,0,0,0
letsencrypt,C:\Users\Zhifei Chen\Desktop\pysmell\subjects_for_metrics\letsencrypt\acme\acme\errors_test.py,7,1,0,0,0
letsencrypt,C:\Users\Zhifei Chen\Desktop\pysmell\subjects_for_metrics\letsencrypt\acme\acme\errors_test.py,18,1,0,0,0
letsencrypt,C:\Users\Zhifei Chen\Desktop\pysmell\subjects_for_metrics\letsencrypt\acme\acme\fields.py,12,1,0,0,0
letsencrypt,C:\Users\Zhifei Chen\Desktop\pysmell\subjects_for_metrics\letsencrypt\acme\acme\fields.py,32,1,0,0,0
letsencrypt,C:\Users\Zhifei Chen\Desktop\pysmell\subjects_for_metrics\letsencrypt\acme\acme\fields.py,53,1,0,0,0
letsencrypt,C:\Users\Zhifei Chen\Desktop\pysmell\subjects_for_metrics\letsencrypt\acme\acme\fields_test.py,10,1,0,0,0
letsencrypt,C:\Users\Zhifei Chen\Desktop\pysmell\subjects_for_metrics\letsencrypt\acme\acme\fields_test.py,30,1,0,0,0
letsencrypt,C:\Users\Zhifei Chen\Desktop\pysmell\subjects_for_metrics\letsencrypt\acme\acme\fields_test.py,58,1,0,0,0
letsencrypt,C:\Users\Zhifei Chen\Desktop\pysmell\subjects_for_metrics\letsencrypt\acme\acme\jws.py,5,1,0,0,0
letsencrypt,C:\Users\Zhifei Chen\Desktop\pysmell\subjects_for_metrics\letsencrypt\acme\acme\jws.py,22,1,0,0,0
letsencrypt,C:\Users\Zhifei Chen\Desktop\pysmell\subjects_for_metrics\letsencrypt\acme\acme\jws.py,36,1,0,0,0
letsencrypt,C:\Users\Zhifei Chen\Desktop\pysmell\subjects_for_metrics\letsencrypt\acme\acme\jws_test.py,11,1,0,0,0
letsencrypt,C:\Users\Zhifei Chen\Desktop\pysmell\subjects_for_metrics\letsencrypt\acme\acme\jws_test.py,33,1,0,0,0
letsencrypt,C:\Users\Zhifei Chen\Desktop\pysmell\subjects_for_metrics\letsencrypt\acme\acme\messages.py,10,2,0,1,0
letsencrypt,C:\Users\Zhifei Chen\Desktop\pysmell\subjects_for_metrics\letsencrypt\acme\acme\messages.py,71,2,0,1,0
letsencrypt,C:\Users\Zhifei Chen\Desktop\pysmell\subjects_for_metrics\letsencrypt\acme\acme\messages.py,103,1,0,0,0
letsencrypt,C:\Users\Zhifei Chen\Desktop\pysmell\subjects_for_metrics\letsencrypt\acme\acme\messages.py,114,1,0,0,0
letsencrypt,C:\Users\Zhifei Chen\Desktop\pysmell\subjects_for_metrics\letsencrypt\acme\acme\messages.py,120,1,0,0,0
letsencrypt,C:\Users\Zhifei Chen\Desktop\pysmell\subjects_for_metrics\letsencrypt\acme\acme\messages.py,131,1,0,0,0
letsencrypt,C:\Users\Zhifei Chen\Desktop\pysmell\subjects_for_metrics\letsencrypt\acme\acme\messages.py,181,1,0,0,0
letsencrypt,C:\Users\Zhifei Chen\Desktop\pysmell\subjects_for_metrics\letsencrypt\acme\acme\messages.py,190,1,0,0,0
letsencrypt,C:\Users\Zhifei Chen\Desktop\pysmell\subjects_for_metrics\letsencrypt\acme\acme\messages.py,199,1,0,0,0
letsencrypt,C:\Users\Zhifei Chen\Desktop\pysmell\subjects_for_metrics\letsencrypt\acme\acme\messages.py,203,1,0,0,0
letsencrypt,C:\Users\Zhifei Chen\Desktop\pysmell\subjects_for_metrics\letsencrypt\acme\acme\messages.py,224,1,0,0,0
letsencrypt,C:\Users\Zhifei Chen\Desktop\pysmell\subjects_for_metrics\letsencrypt\acme\acme\messages.py,232,1,0,0,0
letsencrypt,C:\Users\Zhifei Chen\Desktop\pysmell\subjects_for_metrics\letsencrypt\acme\acme\messages.py,270,1,0,0,0
letsencrypt,C:\Users\Zhifei Chen\Desktop\pysmell\subjects_for_metrics\letsencrypt\acme\acme\messages.py,277,1,0,0,0
letsencrypt,C:\Users\Zhifei Chen\Desktop\pysmell\subjects_for_metrics\letsencrypt\acme\acme\messages.py,283,1,0,0,0
letsencrypt,C:\Users\Zhifei Chen\Desktop\pysmell\subjects_for_metrics\letsencrypt\acme\acme\messages.py,296,1,0,0,0
letsencrypt,C:\Users\Zhifei Chen\Desktop\pysmell\subjects_for_metrics\letsencrypt\acme\acme\messages.py,336,1,0,0,0
letsencrypt,C:\Users\Zhifei Chen\Desktop\pysmell\subjects_for_metrics\letsencrypt\acme\acme\messages.py,353,1,0,0,0
letsencrypt,C:\Users\Zhifei Chen\Desktop\pysmell\subjects_for_metrics\letsencrypt\acme\acme\messages.py,386,1,0,0,0
letsencrypt,C:\Users\Zhifei Chen\Desktop\pysmell\subjects_for_metrics\letsencrypt\acme\acme\messages.py,393,1,0,0,0
letsencrypt,C:\Users\Zhifei Chen\Desktop\pysmell\subjects_for_metrics\letsencrypt\acme\acme\messages.py,404,1,0,0,0
letsencrypt,C:\Users\Zhifei Chen\Desktop\pysmell\subjects_for_metrics\letsencrypt\acme\acme\messages.py,417,1,0,0,0
letsencrypt,C:\Users\Zhifei Chen\Desktop\pysmell\subjects_for_metrics\letsencrypt\acme\acme\messages.py,430,1,0,0,0
letsencrypt,C:\Users\Zhifei Chen\Desktop\pysmell\subjects_for_metrics\letsencrypt\acme\acme\messages_test.py,16,1,0,0,0
letsencrypt,C:\Users\Zhifei Chen\Desktop\pysmell\subjects_for_metrics\letsencrypt\acme\acme\messages_test.py,58,1,0,0,0
letsencrypt,C:\Users\Zhifei Chen\Desktop\pysmell\subjects_for_metrics\letsencrypt\acme\acme\messages_test.py,64,1,0,0,0
letsencrypt,C:\Users\Zhifei Chen\Desktop\pysmell\subjects_for_metrics\letsencrypt\acme\acme\messages_test.py,96,1,0,0,0
letsencrypt,C:\Users\Zhifei Chen\Desktop\pysmell\subjects_for_metrics\letsencrypt\acme\acme\messages_test.py,135,1,0,0,0
letsencrypt,C:\Users\Zhifei Chen\Desktop\pysmell\subjects_for_metrics\letsencrypt\acme\acme\messages_test.py,185,1,0,0,0
letsencrypt,C:\Users\Zhifei Chen\Desktop\pysmell\subjects_for_metrics\letsencrypt\acme\acme\messages_test.py,196,1,0,0,0
letsencrypt,C:\Users\Zhifei Chen\Desktop\pysmell\subjects_for_metrics\letsencrypt\acme\acme\messages_test.py,215,1,0,0,0
letsencrypt,C:\Users\Zhifei Chen\Desktop\pysmell\subjects_for_metrics\letsencrypt\acme\acme\messages_test.py,224,1,0,0,0
letsencrypt,C:\Users\Zhifei Chen\Desktop\pysmell\subjects_for_metrics\letsencrypt\acme\acme\messages_test.py,271,1,0,0,0
letsencrypt,C:\Users\Zhifei Chen\Desktop\pysmell\subjects_for_metrics\letsencrypt\acme\acme\messages_test.py,319,1,0,0,0
letsencrypt,C:\Users\Zhifei Chen\Desktop\pysmell\subjects_for_metrics\letsencrypt\acme\acme\messages_test.py,332,1,0,0,0
letsencrypt,C:\Users\Zhifei Chen\Desktop\pysmell\subjects_for_metrics\letsencrypt\acme\acme\messages_test.py,346,1,0,0,0
letsencrypt,C:\Users\Zhifei Chen\Desktop\pysmell\subjects_for_metrics\letsencrypt\acme\acme\messages_test.py,362,1,0,0,0
letsencrypt,C:\Users\Zhifei Chen\Desktop\pysmell\subjects_for_metrics\letsencrypt\acme\acme\other.py,12,1,0,0,0
letsencrypt,C:\Users\Zhifei Chen\Desktop\pysmell\subjects_for_metrics\letsencrypt\acme\acme\other_test.py,11,1,0,0,0
letsencrypt,C:\Users\Zhifei Chen\Desktop\pysmell\subjects_for_metrics\letsencrypt\acme\acme\standalone.py,27,1,0,0,0
letsencrypt,C:\Users\Zhifei Chen\Desktop\pysmell\subjects_for_metrics\letsencrypt\acme\acme\standalone.py,79,2,0,1,0
letsencrypt,C:\Users\Zhifei Chen\Desktop\pysmell\subjects_for_metrics\letsencrypt\acme\acme\standalone.py,88,2,0,1,0
letsencrypt,C:\Users\Zhifei Chen\Desktop\pysmell\subjects_for_metrics\letsencrypt\acme\acme\standalone.py,98,1,0,0,0
letsencrypt,C:\Users\Zhifei Chen\Desktop\pysmell\subjects_for_metrics\letsencrypt\acme\acme\standalone_test.py,22,1,0,0,0
letsencrypt,C:\Users\Zhifei Chen\Desktop\pysmell\subjects_for_metrics\letsencrypt\acme\acme\standalone_test.py,32,1,0,0,0
letsencrypt,C:\Users\Zhifei Chen\Desktop\pysmell\subjects_for_metrics\letsencrypt\acme\acme\standalone_test.py,38,1,0,0,0
letsencrypt,C:\Users\Zhifei Chen\Desktop\pysmell\subjects_for_metrics\letsencrypt\acme\acme\standalone_test.py,44,2,0,1,0
letsencrypt,C:\Users\Zhifei Chen\Desktop\pysmell\subjects_for_metrics\letsencrypt\acme\acme\standalone_test.py,80,1,0,0,0
letsencrypt,C:\Users\Zhifei Chen\Desktop\pysmell\subjects_for_metrics\letsencrypt\acme\acme\standalone_test.py,110,1,0,0,0
letsencrypt,C:\Users\Zhifei Chen\Desktop\pysmell\subjects_for_metrics\letsencrypt\acme\acme\standalone_test.py,163,1,0,0,0
letsencrypt,C:\Users\Zhifei Chen\Desktop\pysmell\subjects_for_metrics\letsencrypt\acme\acme\util_test.py,5,1,0,0,0
letsencrypt,C:\Users\Zhifei Chen\Desktop\pysmell\subjects_for_metrics\letsencrypt\acme\acme\jose\b64_test.py,23,1,0,0,0
letsencrypt,C:\Users\Zhifei Chen\Desktop\pysmell\subjects_for_metrics\letsencrypt\acme\acme\jose\b64_test.py,46,1,0,0,0
letsencrypt,C:\Users\Zhifei Chen\Desktop\pysmell\subjects_for_metrics\letsencrypt\acme\acme\jose\errors.py,4,1,0,0,0
letsencrypt,C:\Users\Zhifei Chen\Desktop\pysmell\subjects_for_metrics\letsencrypt\acme\acme\jose\errors.py,8,1,0,0,0
letsencrypt,C:\Users\Zhifei Chen\Desktop\pysmell\subjects_for_metrics\letsencrypt\acme\acme\jose\errors.py,16,1,0,0,0
letsencrypt,C:\Users\Zhifei Chen\Desktop\pysmell\subjects_for_metrics\letsencrypt\acme\acme\jose\errors.py,20,1,0,0,0
letsencrypt,C:\Users\Zhifei Chen\Desktop\pysmell\subjects_for_metrics\letsencrypt\acme\acme\jose\errors_test.py,5,1,0,0,0
letsencrypt,C:\Users\Zhifei Chen\Desktop\pysmell\subjects_for_metrics\letsencrypt\acme\acme\jose\interfaces.py,15,1,0,0,0
letsencrypt,C:\Users\Zhifei Chen\Desktop\pysmell\subjects_for_metrics\letsencrypt\acme\acme\jose\interfaces_test.py,7,1,0,0,0
letsencrypt,C:\Users\Zhifei Chen\Desktop\pysmell\subjects_for_metrics\letsencrypt\acme\acme\jose\interfaces_test.py,15,1,0,0,0
letsencrypt,C:\Users\Zhifei Chen\Desktop\pysmell\subjects_for_metrics\letsencrypt\acme\acme\jose\interfaces_test.py,26,1,0,0,0
letsencrypt,C:\Users\Zhifei Chen\Desktop\pysmell\subjects_for_metrics\letsencrypt\acme\acme\jose\interfaces_test.py,39,1,0,0,0
letsencrypt,C:\Users\Zhifei Chen\Desktop\pysmell\subjects_for_metrics\letsencrypt\acme\acme\jose\json_util.py,25,1,0,0,0
letsencrypt,C:\Users\Zhifei Chen\Desktop\pysmell\subjects_for_metrics\letsencrypt\acme\acme\jose\json_util.py,125,1,0,0,0
letsencrypt,C:\Users\Zhifei Chen\Desktop\pysmell\subjects_for_metrics\letsencrypt\acme\acme\jose\json_util.py,184,2,0,1,0
letsencrypt,C:\Users\Zhifei Chen\Desktop\pysmell\subjects_for_metrics\letsencrypt\acme\acme\jose\json_util.py,418,1,0,0,0
letsencrypt,C:\Users\Zhifei Chen\Desktop\pysmell\subjects_for_metrics\letsencrypt\acme\acme\jose\json_util_test.py,19,1,0,0,0
letsencrypt,C:\Users\Zhifei Chen\Desktop\pysmell\subjects_for_metrics\letsencrypt\acme\acme\jose\json_util_test.py,51,1,0,0,0
letsencrypt,C:\Users\Zhifei Chen\Desktop\pysmell\subjects_for_metrics\letsencrypt\acme\acme\jose\json_util_test.py,87,1,0,0,0
letsencrypt,C:\Users\Zhifei Chen\Desktop\pysmell\subjects_for_metrics\letsencrypt\acme\acme\jose\json_util_test.py,98,1,0,0,0
letsencrypt,C:\Users\Zhifei Chen\Desktop\pysmell\subjects_for_metrics\letsencrypt\acme\acme\jose\json_util_test.py,103,1,0,0,0
letsencrypt,C:\Users\Zhifei Chen\Desktop\pysmell\subjects_for_metrics\letsencrypt\acme\acme\jose\json_util_test.py,106,1,0,0,0
letsencrypt,C:\Users\Zhifei Chen\Desktop\pysmell\subjects_for_metrics\letsencrypt\acme\acme\jose\json_util_test.py,132,1,0,0,0
letsencrypt,C:\Users\Zhifei Chen\Desktop\pysmell\subjects_for_metrics\letsencrypt\acme\acme\jose\json_util_test.py,140,1,0,0,0
letsencrypt,C:\Users\Zhifei Chen\Desktop\pysmell\subjects_for_metrics\letsencrypt\acme\acme\jose\json_util_test.py,225,1,0,0,0
letsencrypt,C:\Users\Zhifei Chen\Desktop\pysmell\subjects_for_metrics\letsencrypt\acme\acme\jose\json_util_test.py,328,1,0,0,0
letsencrypt,C:\Users\Zhifei Chen\Desktop\pysmell\subjects_for_metrics\letsencrypt\acme\acme\jose\json_util_test.py,336,1,0,0,0
letsencrypt,C:\Users\Zhifei Chen\Desktop\pysmell\subjects_for_metrics\letsencrypt\acme\acme\jose\json_util_test.py,340,1,0,0,0
letsencrypt,C:\Users\Zhifei Chen\Desktop\pysmell\subjects_for_metrics\letsencrypt\acme\acme\jose\jwa.py,24,1,0,0,0
letsencrypt,C:\Users\Zhifei Chen\Desktop\pysmell\subjects_for_metrics\letsencrypt\acme\acme\jose\jwa.py,31,2,0,1,0
letsencrypt,C:\Users\Zhifei Chen\Desktop\pysmell\subjects_for_metrics\letsencrypt\acme\acme\jose\jwa.py,76,1,0,0,0
letsencrypt,C:\Users\Zhifei Chen\Desktop\pysmell\subjects_for_metrics\letsencrypt\acme\acme\jose\jwa.py,101,1,0,0,0
letsencrypt,C:\Users\Zhifei Chen\Desktop\pysmell\subjects_for_metrics\letsencrypt\acme\acme\jose\jwa.py,137,2,0,1,0
letsencrypt,C:\Users\Zhifei Chen\Desktop\pysmell\subjects_for_metrics\letsencrypt\acme\acme\jose\jwa.py,145,2,0,1,0
letsencrypt,C:\Users\Zhifei Chen\Desktop\pysmell\subjects_for_metrics\letsencrypt\acme\acme\jose\jwa.py,155,1,0,0,0
letsencrypt,C:\Users\Zhifei Chen\Desktop\pysmell\subjects_for_metrics\letsencrypt\acme\acme\jose\jwa_test.py,14,1,0,0,0
letsencrypt,C:\Users\Zhifei Chen\Desktop\pysmell\subjects_for_metrics\letsencrypt\acme\acme\jose\jwa_test.py,20,1,0,0,0
letsencrypt,C:\Users\Zhifei Chen\Desktop\pysmell\subjects_for_metrics\letsencrypt\acme\acme\jose\jwa_test.py,56,1,0,0,0
letsencrypt,C:\Users\Zhifei Chen\Desktop\pysmell\subjects_for_metrics\letsencrypt\acme\acme\jose\jwa_test.py,69,1,0,0,0
letsencrypt,C:\Users\Zhifei Chen\Desktop\pysmell\subjects_for_metrics\letsencrypt\acme\acme\jose\jwk.py,24,1,0,0,0
letsencrypt,C:\Users\Zhifei Chen\Desktop\pysmell\subjects_for_metrics\letsencrypt\acme\acme\jose\jwk.py,125,1,0,0,0
letsencrypt,C:\Users\Zhifei Chen\Desktop\pysmell\subjects_for_metrics\letsencrypt\acme\acme\jose\jwk.py,149,1,0,0,0
letsencrypt,C:\Users\Zhifei Chen\Desktop\pysmell\subjects_for_metrics\letsencrypt\acme\acme\jose\jwk.py,171,1,0,0,0
letsencrypt,C:\Users\Zhifei Chen\Desktop\pysmell\subjects_for_metrics\letsencrypt\acme\acme\jose\jwk_test.py,16,1,0,0,0
letsencrypt,C:\Users\Zhifei Chen\Desktop\pysmell\subjects_for_metrics\letsencrypt\acme\acme\jose\jwk_test.py,28,1,0,0,0
letsencrypt,C:\Users\Zhifei Chen\Desktop\pysmell\subjects_for_metrics\letsencrypt\acme\acme\jose\jwk_test.py,40,2,0,1,0
letsencrypt,C:\Users\Zhifei Chen\Desktop\pysmell\subjects_for_metrics\letsencrypt\acme\acme\jose\jwk_test.py,70,2,0,1,0
letsencrypt,C:\Users\Zhifei Chen\Desktop\pysmell\subjects_for_metrics\letsencrypt\acme\acme\jose\jws.py,17,1,0,0,0
letsencrypt,C:\Users\Zhifei Chen\Desktop\pysmell\subjects_for_metrics\letsencrypt\acme\acme\jose\jws.py,43,1,0,0,0
letsencrypt,C:\Users\Zhifei Chen\Desktop\pysmell\subjects_for_metrics\letsencrypt\acme\acme\jose\jws.py,139,1,0,0,0
letsencrypt,C:\Users\Zhifei Chen\Desktop\pysmell\subjects_for_metrics\letsencrypt\acme\acme\jose\jws.py,254,1,0,0,0
letsencrypt,C:\Users\Zhifei Chen\Desktop\pysmell\subjects_for_metrics\letsencrypt\acme\acme\jose\jws.py,349,1,0,0,0
letsencrypt,C:\Users\Zhifei Chen\Desktop\pysmell\subjects_for_metrics\letsencrypt\acme\acme\jose\jws_test.py,20,1,0,0,0
letsencrypt,C:\Users\Zhifei Chen\Desktop\pysmell\subjects_for_metrics\letsencrypt\acme\acme\jose\jws_test.py,37,1,0,0,0
letsencrypt,C:\Users\Zhifei Chen\Desktop\pysmell\subjects_for_metrics\letsencrypt\acme\acme\jose\jws_test.py,86,1,0,0,0
letsencrypt,C:\Users\Zhifei Chen\Desktop\pysmell\subjects_for_metrics\letsencrypt\acme\acme\jose\jws_test.py,103,1,0,0,0
letsencrypt,C:\Users\Zhifei Chen\Desktop\pysmell\subjects_for_metrics\letsencrypt\acme\acme\jose\jws_test.py,203,1,0,0,0
letsencrypt,C:\Users\Zhifei Chen\Desktop\pysmell\subjects_for_metrics\letsencrypt\acme\acme\jose\util.py,9,1,0,0,0
letsencrypt,C:\Users\Zhifei Chen\Desktop\pysmell\subjects_for_metrics\letsencrypt\acme\acme\jose\util.py,29,1,0,0,0
letsencrypt,C:\Users\Zhifei Chen\Desktop\pysmell\subjects_for_metrics\letsencrypt\acme\acme\jose\util.py,69,1,0,0,0
letsencrypt,C:\Users\Zhifei Chen\Desktop\pysmell\subjects_for_metrics\letsencrypt\acme\acme\jose\util.py,106,1,0,0,0
letsencrypt,C:\Users\Zhifei Chen\Desktop\pysmell\subjects_for_metrics\letsencrypt\acme\acme\jose\util.py,128,2,0,1,0
letsencrypt,C:\Users\Zhifei Chen\Desktop\pysmell\subjects_for_metrics\letsencrypt\acme\acme\jose\util.py,174,2,0,1,0
letsencrypt,C:\Users\Zhifei Chen\Desktop\pysmell\subjects_for_metrics\letsencrypt\acme\acme\jose\util_test.py,10,1,0,0,0
letsencrypt,C:\Users\Zhifei Chen\Desktop\pysmell\subjects_for_metrics\letsencrypt\acme\acme\jose\util_test.py,48,1,0,0,0
letsencrypt,C:\Users\Zhifei Chen\Desktop\pysmell\subjects_for_metrics\letsencrypt\acme\acme\jose\util_test.py,91,1,0,0,0
letsencrypt,C:\Users\Zhifei Chen\Desktop\pysmell\subjects_for_metrics\letsencrypt\acme\acme\jose\util_test.py,99,1,0,0,0
letsencrypt,C:\Users\Zhifei Chen\Desktop\pysmell\subjects_for_metrics\letsencrypt\acme\acme\jose\util_test.py,102,1,0,0,0
letsencrypt,C:\Users\Zhifei Chen\Desktop\pysmell\subjects_for_metrics\letsencrypt\acme\acme\jose\util_test.py,159,1,0,0,0
letsencrypt,C:\Users\Zhifei Chen\Desktop\pysmell\subjects_for_metrics\letsencrypt\examples\plugins\letsencrypt_example_plugins.py,12,1,0,0,0
letsencrypt,C:\Users\Zhifei Chen\Desktop\pysmell\subjects_for_metrics\letsencrypt\examples\plugins\letsencrypt_example_plugins.py,23,1,0,0,0
letsencrypt,C:\Users\Zhifei Chen\Desktop\pysmell\subjects_for_metrics\letsencrypt\letsencrypt\account.py,25,1,0,0,0
letsencrypt,C:\Users\Zhifei Chen\Desktop\pysmell\subjects_for_metrics\letsencrypt\letsencrypt\account.py,35,1,0,0,0
letsencrypt,C:\Users\Zhifei Chen\Desktop\pysmell\subjects_for_metrics\letsencrypt\letsencrypt\account.py,104,1,0,0,0
letsencrypt,C:\Users\Zhifei Chen\Desktop\pysmell\subjects_for_metrics\letsencrypt\letsencrypt\account.py,125,1,0,0,0
letsencrypt,C:\Users\Zhifei Chen\Desktop\pysmell\subjects_for_metrics\letsencrypt\letsencrypt\achallenges.py,32,1,0,0,0
letsencrypt,C:\Users\Zhifei Chen\Desktop\pysmell\subjects_for_metrics\letsencrypt\letsencrypt\achallenges.py,48,1,0,0,0
letsencrypt,C:\Users\Zhifei Chen\Desktop\pysmell\subjects_for_metrics\letsencrypt\letsencrypt\achallenges.py,79,1,0,0,0
letsencrypt,C:\Users\Zhifei Chen\Desktop\pysmell\subjects_for_metrics\letsencrypt\letsencrypt\achallenges.py,104,1,0,0,0
letsencrypt,C:\Users\Zhifei Chen\Desktop\pysmell\subjects_for_metrics\letsencrypt\letsencrypt\achallenges.py,110,1,0,0,0
letsencrypt,C:\Users\Zhifei Chen\Desktop\pysmell\subjects_for_metrics\letsencrypt\letsencrypt\achallenges.py,116,1,0,0,0
letsencrypt,C:\Users\Zhifei Chen\Desktop\pysmell\subjects_for_metrics\letsencrypt\letsencrypt\auth_handler.py,21,1,0,0,0
letsencrypt,C:\Users\Zhifei Chen\Desktop\pysmell\subjects_for_metrics\letsencrypt\letsencrypt\cli.py,570,1,0,0,0
letsencrypt,C:\Users\Zhifei Chen\Desktop\pysmell\subjects_for_metrics\letsencrypt\letsencrypt\cli.py,587,1,0,0,0
letsencrypt,C:\Users\Zhifei Chen\Desktop\pysmell\subjects_for_metrics\letsencrypt\letsencrypt\client.py,104,1,0,0,0
letsencrypt,C:\Users\Zhifei Chen\Desktop\pysmell\subjects_for_metrics\letsencrypt\letsencrypt\colored_logging.py,8,1,0,0,0
letsencrypt,C:\Users\Zhifei Chen\Desktop\pysmell\subjects_for_metrics\letsencrypt\letsencrypt\configuration.py,14,1,0,0,0
letsencrypt,C:\Users\Zhifei Chen\Desktop\pysmell\subjects_for_metrics\letsencrypt\letsencrypt\configuration.py,88,1,0,0,0
letsencrypt,C:\Users\Zhifei Chen\Desktop\pysmell\subjects_for_metrics\letsencrypt\letsencrypt\continuity_auth.py,12,1,0,0,0
letsencrypt,C:\Users\Zhifei Chen\Desktop\pysmell\subjects_for_metrics\letsencrypt\letsencrypt\errors.py,4,1,0,0,0
letsencrypt,C:\Users\Zhifei Chen\Desktop\pysmell\subjects_for_metrics\letsencrypt\letsencrypt\errors.py,8,1,0,0,0
letsencrypt,C:\Users\Zhifei Chen\Desktop\pysmell\subjects_for_metrics\letsencrypt\letsencrypt\errors.py,12,1,0,0,0
letsencrypt,C:\Users\Zhifei Chen\Desktop\pysmell\subjects_for_metrics\letsencrypt\letsencrypt\errors.py,16,1,0,0,0
letsencrypt,C:\Users\Zhifei Chen\Desktop\pysmell\subjects_for_metrics\letsencrypt\letsencrypt\errors.py,20,1,0,0,0
letsencrypt,C:\Users\Zhifei Chen\Desktop\pysmell\subjects_for_metrics\letsencrypt\letsencrypt\errors.py,24,1,0,0,0
letsencrypt,C:\Users\Zhifei Chen\Desktop\pysmell\subjects_for_metrics\letsencrypt\letsencrypt\errors.py,28,1,0,0,0
letsencrypt,C:\Users\Zhifei Chen\Desktop\pysmell\subjects_for_metrics\letsencrypt\letsencrypt\errors.py,32,1,0,0,0
letsencrypt,C:\Users\Zhifei Chen\Desktop\pysmell\subjects_for_metrics\letsencrypt\letsencrypt\errors.py,50,1,0,0,0
letsencrypt,C:\Users\Zhifei Chen\Desktop\pysmell\subjects_for_metrics\letsencrypt\letsencrypt\errors.py,54,1,0,0,0
letsencrypt,C:\Users\Zhifei Chen\Desktop\pysmell\subjects_for_metrics\letsencrypt\letsencrypt\errors.py,59,1,0,0,0
letsencrypt,C:\Users\Zhifei Chen\Desktop\pysmell\subjects_for_metrics\letsencrypt\letsencrypt\errors.py,64,1,0,0,0
letsencrypt,C:\Users\Zhifei Chen\Desktop\pysmell\subjects_for_metrics\letsencrypt\letsencrypt\errors.py,67,1,0,0,0
letsencrypt,C:\Users\Zhifei Chen\Desktop\pysmell\subjects_for_metrics\letsencrypt\letsencrypt\errors.py,70,1,0,0,0
letsencrypt,C:\Users\Zhifei Chen\Desktop\pysmell\subjects_for_metrics\letsencrypt\letsencrypt\errors.py,74,1,0,0,0
letsencrypt,C:\Users\Zhifei Chen\Desktop\pysmell\subjects_for_metrics\letsencrypt\letsencrypt\errors.py,78,1,0,0,0
letsencrypt,C:\Users\Zhifei Chen\Desktop\pysmell\subjects_for_metrics\letsencrypt\letsencrypt\errors.py,82,1,0,0,0
letsencrypt,C:\Users\Zhifei Chen\Desktop\pysmell\subjects_for_metrics\letsencrypt\letsencrypt\errors.py,86,1,0,0,0
letsencrypt,C:\Users\Zhifei Chen\Desktop\pysmell\subjects_for_metrics\letsencrypt\letsencrypt\error_handler.py,21,1,0,0,0
letsencrypt,C:\Users\Zhifei Chen\Desktop\pysmell\subjects_for_metrics\letsencrypt\letsencrypt\interfaces.py,9,1,0,0,0
letsencrypt,C:\Users\Zhifei Chen\Desktop\pysmell\subjects_for_metrics\letsencrypt\letsencrypt\interfaces.py,44,1,0,0,0
letsencrypt,C:\Users\Zhifei Chen\Desktop\pysmell\subjects_for_metrics\letsencrypt\letsencrypt\interfaces.py,99,1,0,0,0
letsencrypt,C:\Users\Zhifei Chen\Desktop\pysmell\subjects_for_metrics\letsencrypt\letsencrypt\interfaces.py,132,1,0,0,0
letsencrypt,C:\Users\Zhifei Chen\Desktop\pysmell\subjects_for_metrics\letsencrypt\letsencrypt\interfaces.py,190,1,0,0,0
letsencrypt,C:\Users\Zhifei Chen\Desktop\pysmell\subjects_for_metrics\letsencrypt\letsencrypt\interfaces.py,230,1,0,0,0
letsencrypt,C:\Users\Zhifei Chen\Desktop\pysmell\subjects_for_metrics\letsencrypt\letsencrypt\interfaces.py,354,1,0,0,0
letsencrypt,C:\Users\Zhifei Chen\Desktop\pysmell\subjects_for_metrics\letsencrypt\letsencrypt\interfaces.py,421,1,0,0,0
letsencrypt,C:\Users\Zhifei Chen\Desktop\pysmell\subjects_for_metrics\letsencrypt\letsencrypt\interfaces.py,471,1,0,0,0
letsencrypt,C:\Users\Zhifei Chen\Desktop\pysmell\subjects_for_metrics\letsencrypt\letsencrypt\log.py,9,1,0,0,0
letsencrypt,C:\Users\Zhifei Chen\Desktop\pysmell\subjects_for_metrics\letsencrypt\letsencrypt\proof_of_possession.py,20,1,0,0,0
letsencrypt,C:\Users\Zhifei Chen\Desktop\pysmell\subjects_for_metrics\letsencrypt\letsencrypt\renewer.py,38,1,0,0,0
letsencrypt,C:\Users\Zhifei Chen\Desktop\pysmell\subjects_for_metrics\letsencrypt\letsencrypt\reporter.py,18,1,0,0,0
letsencrypt,C:\Users\Zhifei Chen\Desktop\pysmell\subjects_for_metrics\letsencrypt\letsencrypt\reverter.py,21,1,0,0,0
letsencrypt,C:\Users\Zhifei Chen\Desktop\pysmell\subjects_for_metrics\letsencrypt\letsencrypt\storage.py,46,1,0,0,0
letsencrypt,C:\Users\Zhifei Chen\Desktop\pysmell\subjects_for_metrics\letsencrypt\letsencrypt\validator.py,15,1,0,0,0
letsencrypt,C:\Users\Zhifei Chen\Desktop\pysmell\subjects_for_metrics\letsencrypt\letsencrypt\display\util.py,25,1,0,0,0
letsencrypt,C:\Users\Zhifei Chen\Desktop\pysmell\subjects_for_metrics\letsencrypt\letsencrypt\display\util.py,155,1,0,0,0
letsencrypt,C:\Users\Zhifei Chen\Desktop\pysmell\subjects_for_metrics\letsencrypt\letsencrypt\plugins\common.py,34,1,0,0,0
letsencrypt,C:\Users\Zhifei Chen\Desktop\pysmell\subjects_for_metrics\letsencrypt\letsencrypt\plugins\common.py,96,1,0,0,0
letsencrypt,C:\Users\Zhifei Chen\Desktop\pysmell\subjects_for_metrics\letsencrypt\letsencrypt\plugins\common.py,138,1,0,0,0
letsencrypt,C:\Users\Zhifei Chen\Desktop\pysmell\subjects_for_metrics\letsencrypt\letsencrypt\plugins\common_test.py,16,1,0,0,0
letsencrypt,C:\Users\Zhifei Chen\Desktop\pysmell\subjects_for_metrics\letsencrypt\letsencrypt\plugins\common_test.py,32,1,0,0,0
letsencrypt,C:\Users\Zhifei Chen\Desktop\pysmell\subjects_for_metrics\letsencrypt\letsencrypt\plugins\common_test.py,38,1,0,0,0
letsencrypt,C:\Users\Zhifei Chen\Desktop\pysmell\subjects_for_metrics\letsencrypt\letsencrypt\plugins\common_test.py,76,1,0,0,0
letsencrypt,C:\Users\Zhifei Chen\Desktop\pysmell\subjects_for_metrics\letsencrypt\letsencrypt\plugins\common_test.py,118,1,0,0,0
letsencrypt,C:\Users\Zhifei Chen\Desktop\pysmell\subjects_for_metrics\letsencrypt\letsencrypt\plugins\disco.py,16,1,0,0,0
letsencrypt,C:\Users\Zhifei Chen\Desktop\pysmell\subjects_for_metrics\letsencrypt\letsencrypt\plugins\disco.py,149,1,0,0,0
letsencrypt,C:\Users\Zhifei Chen\Desktop\pysmell\subjects_for_metrics\letsencrypt\letsencrypt\plugins\disco_test.py,19,1,0,0,0
letsencrypt,C:\Users\Zhifei Chen\Desktop\pysmell\subjects_for_metrics\letsencrypt\letsencrypt\plugins\disco_test.py,161,1,0,0,0
letsencrypt,C:\Users\Zhifei Chen\Desktop\pysmell\subjects_for_metrics\letsencrypt\letsencrypt\plugins\manual.py,26,1,0,0,0
letsencrypt,C:\Users\Zhifei Chen\Desktop\pysmell\subjects_for_metrics\letsencrypt\letsencrypt\plugins\manual_test.py,20,1,0,0,0
letsencrypt,C:\Users\Zhifei Chen\Desktop\pysmell\subjects_for_metrics\letsencrypt\letsencrypt\plugins\null.py,14,1,0,0,0
letsencrypt,C:\Users\Zhifei Chen\Desktop\pysmell\subjects_for_metrics\letsencrypt\letsencrypt\plugins\null_test.py,7,1,0,0,0
letsencrypt,C:\Users\Zhifei Chen\Desktop\pysmell\subjects_for_metrics\letsencrypt\letsencrypt\plugins\standalone.py,27,1,0,0,0
letsencrypt,C:\Users\Zhifei Chen\Desktop\pysmell\subjects_for_metrics\letsencrypt\letsencrypt\plugins\standalone.py,136,1,0,0,0
letsencrypt,C:\Users\Zhifei Chen\Desktop\pysmell\subjects_for_metrics\letsencrypt\letsencrypt\plugins\standalone_test.py,21,1,0,0,0
letsencrypt,C:\Users\Zhifei Chen\Desktop\pysmell\subjects_for_metrics\letsencrypt\letsencrypt\plugins\standalone_test.py,67,1,0,0,0
letsencrypt,C:\Users\Zhifei Chen\Desktop\pysmell\subjects_for_metrics\letsencrypt\letsencrypt\plugins\standalone_test.py,89,1,0,0,0
letsencrypt,C:\Users\Zhifei Chen\Desktop\pysmell\subjects_for_metrics\letsencrypt\letsencrypt\plugins\util_test.py,8,1,0,0,0
letsencrypt,C:\Users\Zhifei Chen\Desktop\pysmell\subjects_for_metrics\letsencrypt\letsencrypt\plugins\webroot.py,18,1,0,0,0
letsencrypt,C:\Users\Zhifei Chen\Desktop\pysmell\subjects_for_metrics\letsencrypt\letsencrypt\plugins\webroot_test.py,21,1,0,0,0
letsencrypt,C:\Users\Zhifei Chen\Desktop\pysmell\subjects_for_metrics\letsencrypt\letsencrypt\tests\account_test.py,23,1,0,0,0
letsencrypt,C:\Users\Zhifei Chen\Desktop\pysmell\subjects_for_metrics\letsencrypt\letsencrypt\tests\account_test.py,60,1,0,0,0
letsencrypt,C:\Users\Zhifei Chen\Desktop\pysmell\subjects_for_metrics\letsencrypt\letsencrypt\tests\account_test.py,87,1,0,0,0
letsencrypt,C:\Users\Zhifei Chen\Desktop\pysmell\subjects_for_metrics\letsencrypt\letsencrypt\tests\account_test.py,105,1,0,0,0
letsencrypt,C:\Users\Zhifei Chen\Desktop\pysmell\subjects_for_metrics\letsencrypt\letsencrypt\tests\achallenges_test.py,13,1,0,0,0
letsencrypt,C:\Users\Zhifei Chen\Desktop\pysmell\subjects_for_metrics\letsencrypt\letsencrypt\tests\auth_handler_test.py,27,1,0,0,0
letsencrypt,C:\Users\Zhifei Chen\Desktop\pysmell\subjects_for_metrics\letsencrypt\letsencrypt\tests\auth_handler_test.py,68,1,0,0,0
letsencrypt,C:\Users\Zhifei Chen\Desktop\pysmell\subjects_for_metrics\letsencrypt\letsencrypt\tests\auth_handler_test.py,170,1,0,0,0
letsencrypt,C:\Users\Zhifei Chen\Desktop\pysmell\subjects_for_metrics\letsencrypt\letsencrypt\tests\auth_handler_test.py,286,1,0,0,0
letsencrypt,C:\Users\Zhifei Chen\Desktop\pysmell\subjects_for_metrics\letsencrypt\letsencrypt\tests\auth_handler_test.py,355,1,0,0,0
letsencrypt,C:\Users\Zhifei Chen\Desktop\pysmell\subjects_for_metrics\letsencrypt\letsencrypt\tests\auth_handler_test.py,359,1,0,0,0
letsencrypt,C:\Users\Zhifei Chen\Desktop\pysmell\subjects_for_metrics\letsencrypt\letsencrypt\tests\auth_handler_test.py,362,1,0,0,0
letsencrypt,C:\Users\Zhifei Chen\Desktop\pysmell\subjects_for_metrics\letsencrypt\letsencrypt\tests\auth_handler_test.py,365,1,0,0,0
letsencrypt,C:\Users\Zhifei Chen\Desktop\pysmell\subjects_for_metrics\letsencrypt\letsencrypt\tests\auth_handler_test.py,368,1,0,0,0
letsencrypt,C:\Users\Zhifei Chen\Desktop\pysmell\subjects_for_metrics\letsencrypt\letsencrypt\tests\auth_handler_test.py,399,1,0,0,0
letsencrypt,C:\Users\Zhifei Chen\Desktop\pysmell\subjects_for_metrics\letsencrypt\letsencrypt\tests\auth_handler_test.py,423,1,0,0,0
letsencrypt,C:\Users\Zhifei Chen\Desktop\pysmell\subjects_for_metrics\letsencrypt\letsencrypt\tests\client_test.py,23,1,0,0,0
letsencrypt,C:\Users\Zhifei Chen\Desktop\pysmell\subjects_for_metrics\letsencrypt\letsencrypt\tests\client_test.py,55,1,0,0,0
letsencrypt,C:\Users\Zhifei Chen\Desktop\pysmell\subjects_for_metrics\letsencrypt\letsencrypt\tests\client_test.py,185,1,0,0,0
letsencrypt,C:\Users\Zhifei Chen\Desktop\pysmell\subjects_for_metrics\letsencrypt\letsencrypt\tests\cli_test.py,25,1,0,0,0
letsencrypt,C:\Users\Zhifei Chen\Desktop\pysmell\subjects_for_metrics\letsencrypt\letsencrypt\tests\cli_test.py,265,1,0,0,0
letsencrypt,C:\Users\Zhifei Chen\Desktop\pysmell\subjects_for_metrics\letsencrypt\letsencrypt\tests\cli_test.py,328,1,0,0,0
letsencrypt,C:\Users\Zhifei Chen\Desktop\pysmell\subjects_for_metrics\letsencrypt\letsencrypt\tests\colored_logging_test.py,9,1,0,0,0
letsencrypt,C:\Users\Zhifei Chen\Desktop\pysmell\subjects_for_metrics\letsencrypt\letsencrypt\tests\configuration_test.py,10,1,0,0,0
letsencrypt,C:\Users\Zhifei Chen\Desktop\pysmell\subjects_for_metrics\letsencrypt\letsencrypt\tests\configuration_test.py,63,1,0,0,0
letsencrypt,C:\Users\Zhifei Chen\Desktop\pysmell\subjects_for_metrics\letsencrypt\letsencrypt\tests\continuity_auth_test.py,12,1,0,0,0
letsencrypt,C:\Users\Zhifei Chen\Desktop\pysmell\subjects_for_metrics\letsencrypt\letsencrypt\tests\continuity_auth_test.py,46,1,0,0,0
letsencrypt,C:\Users\Zhifei Chen\Desktop\pysmell\subjects_for_metrics\letsencrypt\letsencrypt\tests\crypto_util_test.py,23,1,0,0,0
letsencrypt,C:\Users\Zhifei Chen\Desktop\pysmell\subjects_for_metrics\letsencrypt\letsencrypt\tests\crypto_util_test.py,53,1,0,0,0
letsencrypt,C:\Users\Zhifei Chen\Desktop\pysmell\subjects_for_metrics\letsencrypt\letsencrypt\tests\crypto_util_test.py,79,1,0,0,0
letsencrypt,C:\Users\Zhifei Chen\Desktop\pysmell\subjects_for_metrics\letsencrypt\letsencrypt\tests\crypto_util_test.py,99,1,0,0,0
letsencrypt,C:\Users\Zhifei Chen\Desktop\pysmell\subjects_for_metrics\letsencrypt\letsencrypt\tests\crypto_util_test.py,126,1,0,0,0
letsencrypt,C:\Users\Zhifei Chen\Desktop\pysmell\subjects_for_metrics\letsencrypt\letsencrypt\tests\crypto_util_test.py,143,1,0,0,0
letsencrypt,C:\Users\Zhifei Chen\Desktop\pysmell\subjects_for_metrics\letsencrypt\letsencrypt\tests\crypto_util_test.py,153,1,0,0,0
letsencrypt,C:\Users\Zhifei Chen\Desktop\pysmell\subjects_for_metrics\letsencrypt\letsencrypt\tests\crypto_util_test.py,171,1,0,0,0
letsencrypt,C:\Users\Zhifei Chen\Desktop\pysmell\subjects_for_metrics\letsencrypt\letsencrypt\tests\crypto_util_test.py,188,1,0,0,0
letsencrypt,C:\Users\Zhifei Chen\Desktop\pysmell\subjects_for_metrics\letsencrypt\letsencrypt\tests\crypto_util_test.py,218,1,0,0,0
letsencrypt,C:\Users\Zhifei Chen\Desktop\pysmell\subjects_for_metrics\letsencrypt\letsencrypt\tests\crypto_util_test.py,236,1,0,0,0
letsencrypt,C:\Users\Zhifei Chen\Desktop\pysmell\subjects_for_metrics\letsencrypt\letsencrypt\tests\crypto_util_test.py,245,1,0,0,0
letsencrypt,C:\Users\Zhifei Chen\Desktop\pysmell\subjects_for_metrics\letsencrypt\letsencrypt\tests\errors_test.py,12,1,0,0,0
letsencrypt,C:\Users\Zhifei Chen\Desktop\pysmell\subjects_for_metrics\letsencrypt\letsencrypt\tests\errors_test.py,27,1,0,0,0
letsencrypt,C:\Users\Zhifei Chen\Desktop\pysmell\subjects_for_metrics\letsencrypt\letsencrypt\tests\error_handler_test.py,9,1,0,0,0
letsencrypt,C:\Users\Zhifei Chen\Desktop\pysmell\subjects_for_metrics\letsencrypt\letsencrypt\tests\le_util_test.py,14,1,0,0,0
letsencrypt,C:\Users\Zhifei Chen\Desktop\pysmell\subjects_for_metrics\letsencrypt\letsencrypt\tests\le_util_test.py,45,1,0,0,0
letsencrypt,C:\Users\Zhifei Chen\Desktop\pysmell\subjects_for_metrics\letsencrypt\letsencrypt\tests\le_util_test.py,75,1,0,0,0
letsencrypt,C:\Users\Zhifei Chen\Desktop\pysmell\subjects_for_metrics\letsencrypt\letsencrypt\tests\le_util_test.py,116,1,0,0,0
letsencrypt,C:\Users\Zhifei Chen\Desktop\pysmell\subjects_for_metrics\letsencrypt\letsencrypt\tests\le_util_test.py,144,1,0,0,0
letsencrypt,C:\Users\Zhifei Chen\Desktop\pysmell\subjects_for_metrics\letsencrypt\letsencrypt\tests\le_util_test.py,189,1,0,0,0
letsencrypt,C:\Users\Zhifei Chen\Desktop\pysmell\subjects_for_metrics\letsencrypt\letsencrypt\tests\le_util_test.py,230,1,0,0,0
letsencrypt,C:\Users\Zhifei Chen\Desktop\pysmell\subjects_for_metrics\letsencrypt\letsencrypt\tests\le_util_test.py,261,1,0,0,0
letsencrypt,C:\Users\Zhifei Chen\Desktop\pysmell\subjects_for_metrics\letsencrypt\letsencrypt\tests\log_test.py,8,1,0,0,0
letsencrypt,C:\Users\Zhifei Chen\Desktop\pysmell\subjects_for_metrics\letsencrypt\letsencrypt\tests\notify_test.py,8,1,0,0,0
letsencrypt,C:\Users\Zhifei Chen\Desktop\pysmell\subjects_for_metrics\letsencrypt\letsencrypt\tests\proof_of_possession_test.py,27,1,0,0,0
letsencrypt,C:\Users\Zhifei Chen\Desktop\pysmell\subjects_for_metrics\letsencrypt\letsencrypt\tests\renewer_test.py,34,1,0,0,0
letsencrypt,C:\Users\Zhifei Chen\Desktop\pysmell\subjects_for_metrics\letsencrypt\letsencrypt\tests\renewer_test.py,88,1,0,0,0
letsencrypt,C:\Users\Zhifei Chen\Desktop\pysmell\subjects_for_metrics\letsencrypt\letsencrypt\tests\reporter_test.py,7,1,0,0,0
letsencrypt,C:\Users\Zhifei Chen\Desktop\pysmell\subjects_for_metrics\letsencrypt\letsencrypt\tests\reverter_test.py,15,1,0,0,0
letsencrypt,C:\Users\Zhifei Chen\Desktop\pysmell\subjects_for_metrics\letsencrypt\letsencrypt\tests\reverter_test.py,264,1,0,0,0
letsencrypt,C:\Users\Zhifei Chen\Desktop\pysmell\subjects_for_metrics\letsencrypt\letsencrypt\tests\validator_test.py,12,1,0,0,0
letsencrypt,C:\Users\Zhifei Chen\Desktop\pysmell\subjects_for_metrics\letsencrypt\letsencrypt\tests\display\enhancements_test.py,11,1,0,0,0
letsencrypt,C:\Users\Zhifei Chen\Desktop\pysmell\subjects_for_metrics\letsencrypt\letsencrypt\tests\display\enhancements_test.py,33,1,0,0,0
letsencrypt,C:\Users\Zhifei Chen\Desktop\pysmell\subjects_for_metrics\letsencrypt\letsencrypt\tests\display\ops_test.py,24,1,0,0,0
letsencrypt,C:\Users\Zhifei Chen\Desktop\pysmell\subjects_for_metrics\letsencrypt\letsencrypt\tests\display\ops_test.py,65,1,0,0,0
letsencrypt,C:\Users\Zhifei Chen\Desktop\pysmell\subjects_for_metrics\letsencrypt\letsencrypt\tests\display\ops_test.py,134,1,0,0,0
letsencrypt,C:\Users\Zhifei Chen\Desktop\pysmell\subjects_for_metrics\letsencrypt\letsencrypt\tests\display\ops_test.py,162,1,0,0,0
letsencrypt,C:\Users\Zhifei Chen\Desktop\pysmell\subjects_for_metrics\letsencrypt\letsencrypt\tests\display\ops_test.py,194,1,0,0,0
letsencrypt,C:\Users\Zhifei Chen\Desktop\pysmell\subjects_for_metrics\letsencrypt\letsencrypt\tests\display\ops_test.py,237,1,0,0,0
letsencrypt,C:\Users\Zhifei Chen\Desktop\pysmell\subjects_for_metrics\letsencrypt\letsencrypt\tests\display\ops_test.py,256,1,0,0,0
letsencrypt,C:\Users\Zhifei Chen\Desktop\pysmell\subjects_for_metrics\letsencrypt\letsencrypt\tests\display\ops_test.py,303,1,0,0,0
letsencrypt,C:\Users\Zhifei Chen\Desktop\pysmell\subjects_for_metrics\letsencrypt\letsencrypt\tests\display\ops_test.py,367,1,0,0,0
letsencrypt,C:\Users\Zhifei Chen\Desktop\pysmell\subjects_for_metrics\letsencrypt\letsencrypt\tests\display\ops_test.py,389,1,0,0,0
letsencrypt,C:\Users\Zhifei Chen\Desktop\pysmell\subjects_for_metrics\letsencrypt\letsencrypt\tests\display\util_test.py,15,1,0,0,0
letsencrypt,C:\Users\Zhifei Chen\Desktop\pysmell\subjects_for_metrics\letsencrypt\letsencrypt\tests\display\util_test.py,125,1,0,0,0
letsencrypt,C:\Users\Zhifei Chen\Desktop\pysmell\subjects_for_metrics\letsencrypt\letsencrypt\tests\display\util_test.py,282,1,0,0,0
letsencrypt,C:\Users\Zhifei Chen\Desktop\pysmell\subjects_for_metrics\letsencrypt\letsencrypt\tests\display\util_test.py,312,1,0,0,0
letsencrypt,C:\Users\Zhifei Chen\Desktop\pysmell\subjects_for_metrics\letsencrypt\letsencrypt-apache\letsencrypt_apache\augeas_configurator.py,13,1,0,0,0
letsencrypt,C:\Users\Zhifei Chen\Desktop\pysmell\subjects_for_metrics\letsencrypt\letsencrypt-apache\letsencrypt_apache\configurator.py,63,1,0,0,0
letsencrypt,C:\Users\Zhifei Chen\Desktop\pysmell\subjects_for_metrics\letsencrypt\letsencrypt-apache\letsencrypt_apache\dvsni.py,10,1,0,0,0
letsencrypt,C:\Users\Zhifei Chen\Desktop\pysmell\subjects_for_metrics\letsencrypt\letsencrypt-apache\letsencrypt_apache\obj.py,7,1,0,0,0
letsencrypt,C:\Users\Zhifei Chen\Desktop\pysmell\subjects_for_metrics\letsencrypt\letsencrypt-apache\letsencrypt_apache\obj.py,92,1,0,0,0
letsencrypt,C:\Users\Zhifei Chen\Desktop\pysmell\subjects_for_metrics\letsencrypt\letsencrypt-apache\letsencrypt_apache\parser.py,15,1,0,0,0
letsencrypt,C:\Users\Zhifei Chen\Desktop\pysmell\subjects_for_metrics\letsencrypt\letsencrypt-apache\letsencrypt_apache\tests\augeas_configurator_test.py,13,1,0,0,0
letsencrypt,C:\Users\Zhifei Chen\Desktop\pysmell\subjects_for_metrics\letsencrypt\letsencrypt-apache\letsencrypt_apache\tests\complex_parsing_test.py,11,1,0,0,0
letsencrypt,C:\Users\Zhifei Chen\Desktop\pysmell\subjects_for_metrics\letsencrypt\letsencrypt-apache\letsencrypt_apache\tests\configurator_test.py,23,1,0,0,0
letsencrypt,C:\Users\Zhifei Chen\Desktop\pysmell\subjects_for_metrics\letsencrypt\letsencrypt-apache\letsencrypt_apache\tests\display_ops_test.py,15,1,0,0,0
letsencrypt,C:\Users\Zhifei Chen\Desktop\pysmell\subjects_for_metrics\letsencrypt\letsencrypt-apache\letsencrypt_apache\tests\dvsni_test.py,13,1,0,0,0
letsencrypt,C:\Users\Zhifei Chen\Desktop\pysmell\subjects_for_metrics\letsencrypt\letsencrypt-apache\letsencrypt_apache\tests\obj_test.py,5,1,0,0,0
letsencrypt,C:\Users\Zhifei Chen\Desktop\pysmell\subjects_for_metrics\letsencrypt\letsencrypt-apache\letsencrypt_apache\tests\obj_test.py,73,1,0,0,0
letsencrypt,C:\Users\Zhifei Chen\Desktop\pysmell\subjects_for_metrics\letsencrypt\letsencrypt-apache\letsencrypt_apache\tests\parser_test.py,14,1,0,0,0
letsencrypt,C:\Users\Zhifei Chen\Desktop\pysmell\subjects_for_metrics\letsencrypt\letsencrypt-apache\letsencrypt_apache\tests\parser_test.py,177,1,0,0,0
letsencrypt,C:\Users\Zhifei Chen\Desktop\pysmell\subjects_for_metrics\letsencrypt\letsencrypt-apache\letsencrypt_apache\tests\util.py,23,1,0,0,0
letsencrypt,C:\Users\Zhifei Chen\Desktop\pysmell\subjects_for_metrics\letsencrypt\letsencrypt-apache\letsencrypt_apache\tests\util.py,44,1,0,0,0
letsencrypt,C:\Users\Zhifei Chen\Desktop\pysmell\subjects_for_metrics\letsencrypt\letsencrypt-compatibility-test\letsencrypt_compatibility_test\errors.py,4,1,0,0,0
letsencrypt,C:\Users\Zhifei Chen\Desktop\pysmell\subjects_for_metrics\letsencrypt\letsencrypt-compatibility-test\letsencrypt_compatibility_test\interfaces.py,9,1,0,0,0
letsencrypt,C:\Users\Zhifei Chen\Desktop\pysmell\subjects_for_metrics\letsencrypt\letsencrypt-compatibility-test\letsencrypt_compatibility_test\interfaces.py,40,2,0,1,0
letsencrypt,C:\Users\Zhifei Chen\Desktop\pysmell\subjects_for_metrics\letsencrypt\letsencrypt-compatibility-test\letsencrypt_compatibility_test\interfaces.py,44,2,0,1,0
letsencrypt,C:\Users\Zhifei Chen\Desktop\pysmell\subjects_for_metrics\letsencrypt\letsencrypt-compatibility-test\letsencrypt_compatibility_test\interfaces.py,51,2,0,1,0
letsencrypt,C:\Users\Zhifei Chen\Desktop\pysmell\subjects_for_metrics\letsencrypt\letsencrypt-compatibility-test\letsencrypt_compatibility_test\configurators\common.py,17,1,0,0,0
letsencrypt,C:\Users\Zhifei Chen\Desktop\pysmell\subjects_for_metrics\letsencrypt\letsencrypt-compatibility-test\letsencrypt_compatibility_test\configurators\common.py,103,1,0,0,0
letsencrypt,C:\Users\Zhifei Chen\Desktop\pysmell\subjects_for_metrics\letsencrypt\letsencrypt-compatibility-test\letsencrypt_compatibility_test\configurators\apache\apache24.py,37,1,0,0,0
letsencrypt,C:\Users\Zhifei Chen\Desktop\pysmell\subjects_for_metrics\letsencrypt\letsencrypt-compatibility-test\letsencrypt_compatibility_test\configurators\apache\common.py,22,1,0,0,0
letsencrypt,C:\Users\Zhifei Chen\Desktop\pysmell\subjects_for_metrics\letsencrypt\letsencrypt-nginx\letsencrypt_nginx\configurator.py,36,1,0,0,0
letsencrypt,C:\Users\Zhifei Chen\Desktop\pysmell\subjects_for_metrics\letsencrypt\letsencrypt-nginx\letsencrypt_nginx\dvsni.py,16,1,0,0,0
letsencrypt,C:\Users\Zhifei Chen\Desktop\pysmell\subjects_for_metrics\letsencrypt\letsencrypt-nginx\letsencrypt_nginx\nginxparser.py,11,1,0,0,0
letsencrypt,C:\Users\Zhifei Chen\Desktop\pysmell\subjects_for_metrics\letsencrypt\letsencrypt-nginx\letsencrypt_nginx\nginxparser.py,55,1,0,0,0
letsencrypt,C:\Users\Zhifei Chen\Desktop\pysmell\subjects_for_metrics\letsencrypt\letsencrypt-nginx\letsencrypt_nginx\obj.py,7,1,0,0,0
letsencrypt,C:\Users\Zhifei Chen\Desktop\pysmell\subjects_for_metrics\letsencrypt\letsencrypt-nginx\letsencrypt_nginx\obj.py,96,1,0,0,0
letsencrypt,C:\Users\Zhifei Chen\Desktop\pysmell\subjects_for_metrics\letsencrypt\letsencrypt-nginx\letsencrypt_nginx\parser.py,17,1,0,0,0
letsencrypt,C:\Users\Zhifei Chen\Desktop\pysmell\subjects_for_metrics\letsencrypt\letsencrypt-nginx\letsencrypt_nginx\tests\configurator_test.py,18,1,0,0,0
letsencrypt,C:\Users\Zhifei Chen\Desktop\pysmell\subjects_for_metrics\letsencrypt\letsencrypt-nginx\letsencrypt_nginx\tests\dvsni_test.py,19,1,0,0,0
letsencrypt,C:\Users\Zhifei Chen\Desktop\pysmell\subjects_for_metrics\letsencrypt\letsencrypt-nginx\letsencrypt_nginx\tests\nginxparser_test.py,15,1,0,0,0
letsencrypt,C:\Users\Zhifei Chen\Desktop\pysmell\subjects_for_metrics\letsencrypt\letsencrypt-nginx\letsencrypt_nginx\tests\obj_test.py,5,1,0,0,0
letsencrypt,C:\Users\Zhifei Chen\Desktop\pysmell\subjects_for_metrics\letsencrypt\letsencrypt-nginx\letsencrypt_nginx\tests\obj_test.py,75,1,0,0,0
letsencrypt,C:\Users\Zhifei Chen\Desktop\pysmell\subjects_for_metrics\letsencrypt\letsencrypt-nginx\letsencrypt_nginx\tests\parser_test.py,16,1,0,0,0
letsencrypt,C:\Users\Zhifei Chen\Desktop\pysmell\subjects_for_metrics\letsencrypt\letsencrypt-nginx\letsencrypt_nginx\tests\util.py,21,1,0,0,0
letsencrypt,C:\Users\Zhifei Chen\Desktop\pysmell\subjects_for_metrics\letsencrypt\letshelp-letsencrypt\letshelp_letsencrypt\apache_test.py,61,1,0,0,0
