subject,file,lineno,NOC,NOL,experience-based,statistics-based,tuning machine
letsencrypt,C:\Users\Zhifei Chen\Desktop\pysmell\subjects_for_metrics\letsencrypt\acme\acme\challenges.py,138,27,1,0,0,0
letsencrypt,C:\Users\Zhifei Chen\Desktop\pysmell\subjects_for_metrics\letsencrypt\acme\acme\challenges.py,143,36,1,0,0,0
letsencrypt,C:\Users\Zhifei Chen\Desktop\pysmell\subjects_for_metrics\letsencrypt\acme\acme\client.py,56,53,1,0,0,0
letsencrypt,C:\Users\Zhifei Chen\Desktop\pysmell\subjects_for_metrics\letsencrypt\acme\acme\client.py,68,99,2,1,0,0
letsencrypt,C:\Users\Zhifei Chen\Desktop\pysmell\subjects_for_metrics\letsencrypt\acme\acme\client.py,94,54,1,0,0,0
letsencrypt,C:\Users\Zhifei Chen\Desktop\pysmell\subjects_for_metrics\letsencrypt\acme\acme\client.py,134,35,1,0,0,0
letsencrypt,C:\Users\Zhifei Chen\Desktop\pysmell\subjects_for_metrics\letsencrypt\acme\acme\crypto_util.py,128,65,2,1,0,0
letsencrypt,C:\Users\Zhifei Chen\Desktop\pysmell\subjects_for_metrics\letsencrypt\acme\acme\crypto_util.py,228,35,1,0,0,0
letsencrypt,C:\Users\Zhifei Chen\Desktop\pysmell\subjects_for_metrics\letsencrypt\acme\acme\other.py,50,48,1,0,0,0
letsencrypt,C:\Users\Zhifei Chen\Desktop\pysmell\subjects_for_metrics\letsencrypt\acme\acme\other.py,51,46,1,0,0,0
letsencrypt,C:\Users\Zhifei Chen\Desktop\pysmell\subjects_for_metrics\letsencrypt\acme\acme\jose\interfaces_test.py,95,17,1,0,0,0
letsencrypt,C:\Users\Zhifei Chen\Desktop\pysmell\subjects_for_metrics\letsencrypt\acme\acme\jose\json_util.py,58,48,1,0,0,0
letsencrypt,C:\Users\Zhifei Chen\Desktop\pysmell\subjects_for_metrics\letsencrypt\acme\acme\jose\json_util.py,59,48,1,0,0,0
letsencrypt,C:\Users\Zhifei Chen\Desktop\pysmell\subjects_for_metrics\letsencrypt\acme\acme\jose\json_util.py,322,36,1,0,0,0
letsencrypt,C:\Users\Zhifei Chen\Desktop\pysmell\subjects_for_metrics\letsencrypt\acme\acme\jose\json_util.py,361,36,1,0,0,0
letsencrypt,C:\Users\Zhifei Chen\Desktop\pysmell\subjects_for_metrics\letsencrypt\acme\acme\jose\json_util.py,437,32,1,0,0,0
letsencrypt,C:\Users\Zhifei Chen\Desktop\pysmell\subjects_for_metrics\letsencrypt\acme\acme\jose\jwk.py,69,45,1,0,0,0
letsencrypt,C:\Users\Zhifei Chen\Desktop\pysmell\subjects_for_metrics\letsencrypt\acme\acme\jose\jws.py,201,44,1,0,0,0
letsencrypt,C:\Users\Zhifei Chen\Desktop\pysmell\subjects_for_metrics\letsencrypt\acme\acme\jose\util.py,140,34,1,0,0,0
letsencrypt,C:\Users\Zhifei Chen\Desktop\pysmell\subjects_for_metrics\letsencrypt\letsencrypt\account.py,51,133,5,1,1,1
letsencrypt,C:\Users\Zhifei Chen\Desktop\pysmell\subjects_for_metrics\letsencrypt\letsencrypt\account.py,108,51,1,0,0,0
letsencrypt,C:\Users\Zhifei Chen\Desktop\pysmell\subjects_for_metrics\letsencrypt\letsencrypt\cli.py,254,59,2,1,0,0
letsencrypt,C:\Users\Zhifei Chen\Desktop\pysmell\subjects_for_metrics\letsencrypt\letsencrypt\cli.py,265,66,1,1,0,0
letsencrypt,C:\Users\Zhifei Chen\Desktop\pysmell\subjects_for_metrics\letsencrypt\letsencrypt\cli.py,517,38,1,0,0,0
letsencrypt,C:\Users\Zhifei Chen\Desktop\pysmell\subjects_for_metrics\letsencrypt\letsencrypt\client.py,328,55,1,0,0,0
letsencrypt,C:\Users\Zhifei Chen\Desktop\pysmell\subjects_for_metrics\letsencrypt\letsencrypt\colored_logging.py,21,54,2,1,0,0
letsencrypt,C:\Users\Zhifei Chen\Desktop\pysmell\subjects_for_metrics\letsencrypt\letsencrypt\error_handler.py,16,112,3,1,1,1
letsencrypt,C:\Users\Zhifei Chen\Desktop\pysmell\subjects_for_metrics\letsencrypt\letsencrypt\le_util.py,136,29,1,0,0,0
letsencrypt,C:\Users\Zhifei Chen\Desktop\pysmell\subjects_for_metrics\letsencrypt\letsencrypt\le_util.py,137,37,1,0,0,0
letsencrypt,C:\Users\Zhifei Chen\Desktop\pysmell\subjects_for_metrics\letsencrypt\letsencrypt\log.py,29,31,1,0,0,0
letsencrypt,C:\Users\Zhifei Chen\Desktop\pysmell\subjects_for_metrics\letsencrypt\letsencrypt\storage.py,22,50,1,0,0,0
letsencrypt,C:\Users\Zhifei Chen\Desktop\pysmell\subjects_for_metrics\letsencrypt\letsencrypt\validator.py,22,48,1,0,0,0
letsencrypt,C:\Users\Zhifei Chen\Desktop\pysmell\subjects_for_metrics\letsencrypt\letsencrypt\display\ops.py,29,48,1,0,0,0
letsencrypt,C:\Users\Zhifei Chen\Desktop\pysmell\subjects_for_metrics\letsencrypt\letsencrypt\plugins\manual.py,70,64,2,1,0,0
letsencrypt,C:\Users\Zhifei Chen\Desktop\pysmell\subjects_for_metrics\letsencrypt\letsencrypt\plugins\manual.py,123,88,2,1,0,0
letsencrypt,C:\Users\Zhifei Chen\Desktop\pysmell\subjects_for_metrics\letsencrypt\letsencrypt\tests\acme_util.py,63,21,1,0,0,0
letsencrypt,C:\Users\Zhifei Chen\Desktop\pysmell\subjects_for_metrics\letsencrypt\letsencrypt\tests\auth_handler_test.py,261,92,2,1,0,0
letsencrypt,C:\Users\Zhifei Chen\Desktop\pysmell\subjects_for_metrics\letsencrypt\letsencrypt-apache\letsencrypt_apache\display_ops.py,75,24,1,0,0,0
letsencrypt,C:\Users\Zhifei Chen\Desktop\pysmell\subjects_for_metrics\letsencrypt\letsencrypt-apache\letsencrypt_apache\display_ops.py,76,30,1,0,0,0
letsencrypt,C:\Users\Zhifei Chen\Desktop\pysmell\subjects_for_metrics\letsencrypt\letsencrypt-apache\letsencrypt_apache\obj.py,122,36,1,0,0,0
letsencrypt,C:\Users\Zhifei Chen\Desktop\pysmell\subjects_for_metrics\letsencrypt\letsencrypt-apache\letsencrypt_apache\obj.py,148,37,1,0,0,0
letsencrypt,C:\Users\Zhifei Chen\Desktop\pysmell\subjects_for_metrics\letsencrypt\letsencrypt-apache\letsencrypt_apache\obj.py,150,23,1,0,0,0
letsencrypt,C:\Users\Zhifei Chen\Desktop\pysmell\subjects_for_metrics\letsencrypt\letsencrypt-apache\letsencrypt_apache\obj.py,151,27,1,0,0,0
letsencrypt,C:\Users\Zhifei Chen\Desktop\pysmell\subjects_for_metrics\letsencrypt\letsencrypt-apache\letsencrypt_apache\parser.py,587,51,2,1,0,0
letsencrypt,C:\Users\Zhifei Chen\Desktop\pysmell\subjects_for_metrics\letsencrypt\letsencrypt-nginx\letsencrypt_nginx\configurator.py,237,17,1,0,0,0
letsencrypt,C:\Users\Zhifei Chen\Desktop\pysmell\subjects_for_metrics\letsencrypt\letsencrypt-nginx\letsencrypt_nginx\configurator.py,241,17,1,0,0,0
letsencrypt,C:\Users\Zhifei Chen\Desktop\pysmell\subjects_for_metrics\letsencrypt\letsencrypt-nginx\letsencrypt_nginx\configurator.py,245,17,1,0,0,0
letsencrypt,C:\Users\Zhifei Chen\Desktop\pysmell\subjects_for_metrics\letsencrypt\letsencrypt-nginx\letsencrypt_nginx\configurator.py,249,17,1,0,0,0
