subject,file,lineno,PAR,experience-based,statistics-based,tuning machine
django-debug-toolbar,C:\Users\Zhifei Chen\Desktop\pysmell\subjects_for_metrics\django-debug-toolbar\debug_toolbar\apps.py,13,1,0,0,0
django-debug-toolbar,C:\Users\Zhifei Chen\Desktop\pysmell\subjects_for_metrics\django-debug-toolbar\debug_toolbar\compat.py,24,1,0,0,0
django-debug-toolbar,C:\Users\Zhifei Chen\Desktop\pysmell\subjects_for_metrics\django-debug-toolbar\debug_toolbar\compat.py,38,1,0,0,0
django-debug-toolbar,C:\Users\Zhifei Chen\Desktop\pysmell\subjects_for_metrics\django-debug-toolbar\debug_toolbar\compat.py,54,1,0,0,0
django-debug-toolbar,C:\Users\Zhifei Chen\Desktop\pysmell\subjects_for_metrics\django-debug-toolbar\debug_toolbar\middleware.py,23,1,0,0,0
django-debug-toolbar,C:\Users\Zhifei Chen\Desktop\pysmell\subjects_for_metrics\django-debug-toolbar\debug_toolbar\middleware.py,43,1,0,0,0
django-debug-toolbar,C:\Users\Zhifei Chen\Desktop\pysmell\subjects_for_metrics\django-debug-toolbar\debug_toolbar\middleware.py,52,2,0,0,0
django-debug-toolbar,C:\Users\Zhifei Chen\Desktop\pysmell\subjects_for_metrics\django-debug-toolbar\debug_toolbar\middleware.py,72,5,1,1,1
django-debug-toolbar,C:\Users\Zhifei Chen\Desktop\pysmell\subjects_for_metrics\django-debug-toolbar\debug_toolbar\middleware.py,85,3,0,0,0
django-debug-toolbar,C:\Users\Zhifei Chen\Desktop\pysmell\subjects_for_metrics\django-debug-toolbar\debug_toolbar\settings.py,156,1,0,0,0
django-debug-toolbar,C:\Users\Zhifei Chen\Desktop\pysmell\subjects_for_metrics\django-debug-toolbar\debug_toolbar\settings.py,177,2,0,0,0
django-debug-toolbar,C:\Users\Zhifei Chen\Desktop\pysmell\subjects_for_metrics\django-debug-toolbar\debug_toolbar\settings.py,185,1,0,0,0
django-debug-toolbar,C:\Users\Zhifei Chen\Desktop\pysmell\subjects_for_metrics\django-debug-toolbar\debug_toolbar\settings.py,191,2,0,0,0
django-debug-toolbar,C:\Users\Zhifei Chen\Desktop\pysmell\subjects_for_metrics\django-debug-toolbar\debug_toolbar\settings.py,199,1,0,0,0
django-debug-toolbar,C:\Users\Zhifei Chen\Desktop\pysmell\subjects_for_metrics\django-debug-toolbar\debug_toolbar\settings.py,205,1,0,0,0
django-debug-toolbar,C:\Users\Zhifei Chen\Desktop\pysmell\subjects_for_metrics\django-debug-toolbar\debug_toolbar\settings.py,211,1,0,0,0
django-debug-toolbar,C:\Users\Zhifei Chen\Desktop\pysmell\subjects_for_metrics\django-debug-toolbar\debug_toolbar\settings.py,225,1,0,0,0
django-debug-toolbar,C:\Users\Zhifei Chen\Desktop\pysmell\subjects_for_metrics\django-debug-toolbar\debug_toolbar\toolbar.py,22,2,0,0,0
django-debug-toolbar,C:\Users\Zhifei Chen\Desktop\pysmell\subjects_for_metrics\django-debug-toolbar\debug_toolbar\toolbar.py,34,1,0,0,0
django-debug-toolbar,C:\Users\Zhifei Chen\Desktop\pysmell\subjects_for_metrics\django-debug-toolbar\debug_toolbar\toolbar.py,41,1,0,0,0
django-debug-toolbar,C:\Users\Zhifei Chen\Desktop\pysmell\subjects_for_metrics\django-debug-toolbar\debug_toolbar\toolbar.py,48,2,0,0,0
django-debug-toolbar,C:\Users\Zhifei Chen\Desktop\pysmell\subjects_for_metrics\django-debug-toolbar\debug_toolbar\toolbar.py,56,1,0,0,0
django-debug-toolbar,C:\Users\Zhifei Chen\Desktop\pysmell\subjects_for_metrics\django-debug-toolbar\debug_toolbar\toolbar.py,78,1,0,0,0
django-debug-toolbar,C:\Users\Zhifei Chen\Desktop\pysmell\subjects_for_metrics\django-debug-toolbar\debug_toolbar\toolbar.py,84,1,0,0,0
django-debug-toolbar,C:\Users\Zhifei Chen\Desktop\pysmell\subjects_for_metrics\django-debug-toolbar\debug_toolbar\toolbar.py,96,2,0,0,0
django-debug-toolbar,C:\Users\Zhifei Chen\Desktop\pysmell\subjects_for_metrics\django-debug-toolbar\debug_toolbar\toolbar.py,105,1,0,0,0
django-debug-toolbar,C:\Users\Zhifei Chen\Desktop\pysmell\subjects_for_metrics\django-debug-toolbar\debug_toolbar\toolbar.py,135,1,0,0,0
django-debug-toolbar,C:\Users\Zhifei Chen\Desktop\pysmell\subjects_for_metrics\django-debug-toolbar\debug_toolbar\utils.py,31,1,0,0,0
django-debug-toolbar,C:\Users\Zhifei Chen\Desktop\pysmell\subjects_for_metrics\django-debug-toolbar\debug_toolbar\utils.py,50,1,0,0,0
django-debug-toolbar,C:\Users\Zhifei Chen\Desktop\pysmell\subjects_for_metrics\django-debug-toolbar\debug_toolbar\utils.py,54,1,0,0,0
django-debug-toolbar,C:\Users\Zhifei Chen\Desktop\pysmell\subjects_for_metrics\django-debug-toolbar\debug_toolbar\utils.py,72,1,0,0,0
django-debug-toolbar,C:\Users\Zhifei Chen\Desktop\pysmell\subjects_for_metrics\django-debug-toolbar\debug_toolbar\utils.py,90,1,0,0,0
django-debug-toolbar,C:\Users\Zhifei Chen\Desktop\pysmell\subjects_for_metrics\django-debug-toolbar\debug_toolbar\utils.py,117,1,0,0,0
django-debug-toolbar,C:\Users\Zhifei Chen\Desktop\pysmell\subjects_for_metrics\django-debug-toolbar\debug_toolbar\utils.py,152,1,0,0,0
django-debug-toolbar,C:\Users\Zhifei Chen\Desktop\pysmell\subjects_for_metrics\django-debug-toolbar\debug_toolbar\utils.py,167,1,0,0,0
django-debug-toolbar,C:\Users\Zhifei Chen\Desktop\pysmell\subjects_for_metrics\django-debug-toolbar\debug_toolbar\utils.py,222,0,0,0,0
django-debug-toolbar,C:\Users\Zhifei Chen\Desktop\pysmell\subjects_for_metrics\django-debug-toolbar\debug_toolbar\utils.py,240,1,0,0,0
django-debug-toolbar,C:\Users\Zhifei Chen\Desktop\pysmell\subjects_for_metrics\django-debug-toolbar\debug_toolbar\utils.py,247,1,0,0,0
django-debug-toolbar,C:\Users\Zhifei Chen\Desktop\pysmell\subjects_for_metrics\django-debug-toolbar\debug_toolbar\utils.py,258,1,0,0,0
django-debug-toolbar,C:\Users\Zhifei Chen\Desktop\pysmell\subjects_for_metrics\django-debug-toolbar\debug_toolbar\utils.py,264,2,0,0,0
django-debug-toolbar,C:\Users\Zhifei Chen\Desktop\pysmell\subjects_for_metrics\django-debug-toolbar\debug_toolbar\views.py,10,1,0,0,0
django-debug-toolbar,C:\Users\Zhifei Chen\Desktop\pysmell\subjects_for_metrics\django-debug-toolbar\debug_toolbar\management\commands\debugsqlshell.py,12,2,0,0,0
django-debug-toolbar,C:\Users\Zhifei Chen\Desktop\pysmell\subjects_for_metrics\django-debug-toolbar\debug_toolbar\panels\cache.py,30,1,0,0,0
django-debug-toolbar,C:\Users\Zhifei Chen\Desktop\pysmell\subjects_for_metrics\django-debug-toolbar\debug_toolbar\panels\cache.py,31,3,0,0,0
django-debug-toolbar,C:\Users\Zhifei Chen\Desktop\pysmell\subjects_for_metrics\django-debug-toolbar\debug_toolbar\panels\cache.py,52,2,0,0,0
django-debug-toolbar,C:\Users\Zhifei Chen\Desktop\pysmell\subjects_for_metrics\django-debug-toolbar\debug_toolbar\panels\cache.py,55,1,0,0,0
django-debug-toolbar,C:\Users\Zhifei Chen\Desktop\pysmell\subjects_for_metrics\django-debug-toolbar\debug_toolbar\panels\cache.py,58,1,0,0,0
django-debug-toolbar,C:\Users\Zhifei Chen\Desktop\pysmell\subjects_for_metrics\django-debug-toolbar\debug_toolbar\panels\cache.py,63,2,0,0,0
django-debug-toolbar,C:\Users\Zhifei Chen\Desktop\pysmell\subjects_for_metrics\django-debug-toolbar\debug_toolbar\panels\cache.py,66,2,0,0,0
django-debug-toolbar,C:\Users\Zhifei Chen\Desktop\pysmell\subjects_for_metrics\django-debug-toolbar\debug_toolbar\panels\cache.py,69,3,0,0,0
django-debug-toolbar,C:\Users\Zhifei Chen\Desktop\pysmell\subjects_for_metrics\django-debug-toolbar\debug_toolbar\panels\cache.py,73,3,0,0,0
django-debug-toolbar,C:\Users\Zhifei Chen\Desktop\pysmell\subjects_for_metrics\django-debug-toolbar\debug_toolbar\panels\cache.py,77,3,0,0,0
django-debug-toolbar,C:\Users\Zhifei Chen\Desktop\pysmell\subjects_for_metrics\django-debug-toolbar\debug_toolbar\panels\cache.py,81,3,0,0,0
django-debug-toolbar,C:\Users\Zhifei Chen\Desktop\pysmell\subjects_for_metrics\django-debug-toolbar\debug_toolbar\panels\cache.py,85,3,0,0,0
django-debug-toolbar,C:\Users\Zhifei Chen\Desktop\pysmell\subjects_for_metrics\django-debug-toolbar\debug_toolbar\panels\cache.py,89,3,0,0,0
django-debug-toolbar,C:\Users\Zhifei Chen\Desktop\pysmell\subjects_for_metrics\django-debug-toolbar\debug_toolbar\panels\cache.py,95,3,0,0,0
django-debug-toolbar,C:\Users\Zhifei Chen\Desktop\pysmell\subjects_for_metrics\django-debug-toolbar\debug_toolbar\panels\cache.py,99,3,0,0,0
django-debug-toolbar,C:\Users\Zhifei Chen\Desktop\pysmell\subjects_for_metrics\django-debug-toolbar\debug_toolbar\panels\cache.py,103,3,0,0,0
django-debug-toolbar,C:\Users\Zhifei Chen\Desktop\pysmell\subjects_for_metrics\django-debug-toolbar\debug_toolbar\panels\cache.py,107,3,0,0,0
django-debug-toolbar,C:\Users\Zhifei Chen\Desktop\pysmell\subjects_for_metrics\django-debug-toolbar\debug_toolbar\panels\cache.py,111,3,0,0,0
django-debug-toolbar,C:\Users\Zhifei Chen\Desktop\pysmell\subjects_for_metrics\django-debug-toolbar\debug_toolbar\panels\cache.py,115,3,0,0,0
django-debug-toolbar,C:\Users\Zhifei Chen\Desktop\pysmell\subjects_for_metrics\django-debug-toolbar\debug_toolbar\panels\cache.py,119,3,0,0,0
django-debug-toolbar,C:\Users\Zhifei Chen\Desktop\pysmell\subjects_for_metrics\django-debug-toolbar\debug_toolbar\panels\cache.py,125,2,0,0,0
django-debug-toolbar,C:\Users\Zhifei Chen\Desktop\pysmell\subjects_for_metrics\django-debug-toolbar\debug_toolbar\panels\cache.py,130,2,0,0,0
django-debug-toolbar,C:\Users\Zhifei Chen\Desktop\pysmell\subjects_for_metrics\django-debug-toolbar\debug_toolbar\panels\cache.py,151,3,0,0,0
django-debug-toolbar,C:\Users\Zhifei Chen\Desktop\pysmell\subjects_for_metrics\django-debug-toolbar\debug_toolbar\panels\cache.py,174,3,0,0,0
django-debug-toolbar,C:\Users\Zhifei Chen\Desktop\pysmell\subjects_for_metrics\django-debug-toolbar\debug_toolbar\panels\cache.py,206,1,0,0,0
django-debug-toolbar,C:\Users\Zhifei Chen\Desktop\pysmell\subjects_for_metrics\django-debug-toolbar\debug_toolbar\panels\cache.py,214,1,0,0,0
django-debug-toolbar,C:\Users\Zhifei Chen\Desktop\pysmell\subjects_for_metrics\django-debug-toolbar\debug_toolbar\panels\cache.py,221,1,0,0,0
django-debug-toolbar,C:\Users\Zhifei Chen\Desktop\pysmell\subjects_for_metrics\django-debug-toolbar\debug_toolbar\panels\cache.py,229,1,0,0,0
django-debug-toolbar,C:\Users\Zhifei Chen\Desktop\pysmell\subjects_for_metrics\django-debug-toolbar\debug_toolbar\panels\cache.py,238,3,0,0,0
django-debug-toolbar,C:\Users\Zhifei Chen\Desktop\pysmell\subjects_for_metrics\django-debug-toolbar\debug_toolbar\panels\headers.py,38,2,0,0,0
django-debug-toolbar,C:\Users\Zhifei Chen\Desktop\pysmell\subjects_for_metrics\django-debug-toolbar\debug_toolbar\panels\headers.py,51,3,0,0,0
django-debug-toolbar,C:\Users\Zhifei Chen\Desktop\pysmell\subjects_for_metrics\django-debug-toolbar\debug_toolbar\panels\headers.py,58,1,0,0,0
django-debug-toolbar,C:\Users\Zhifei Chen\Desktop\pysmell\subjects_for_metrics\django-debug-toolbar\debug_toolbar\panels\headers.py,64,1,0,0,0
django-debug-toolbar,C:\Users\Zhifei Chen\Desktop\pysmell\subjects_for_metrics\django-debug-toolbar\debug_toolbar\panels\logging.py,21,2,0,0,0
django-debug-toolbar,C:\Users\Zhifei Chen\Desktop\pysmell\subjects_for_metrics\django-debug-toolbar\debug_toolbar\panels\logging.py,30,2,0,0,0
django-debug-toolbar,C:\Users\Zhifei Chen\Desktop\pysmell\subjects_for_metrics\django-debug-toolbar\debug_toolbar\panels\logging.py,34,2,0,0,0
django-debug-toolbar,C:\Users\Zhifei Chen\Desktop\pysmell\subjects_for_metrics\django-debug-toolbar\debug_toolbar\panels\logging.py,62,3,0,0,0
django-debug-toolbar,C:\Users\Zhifei Chen\Desktop\pysmell\subjects_for_metrics\django-debug-toolbar\debug_toolbar\panels\logging.py,68,1,0,0,0
django-debug-toolbar,C:\Users\Zhifei Chen\Desktop\pysmell\subjects_for_metrics\django-debug-toolbar\debug_toolbar\panels\logging.py,77,2,0,0,0
django-debug-toolbar,C:\Users\Zhifei Chen\Desktop\pysmell\subjects_for_metrics\django-debug-toolbar\debug_toolbar\panels\logging.py,80,3,0,0,0
django-debug-toolbar,C:\Users\Zhifei Chen\Desktop\pysmell\subjects_for_metrics\django-debug-toolbar\debug_toolbar\panels\profiling.py,21,1,0,0,0
django-debug-toolbar,C:\Users\Zhifei Chen\Desktop\pysmell\subjects_for_metrics\django-debug-toolbar\debug_toolbar\panels\profiling.py,34,1,0,0,0
django-debug-toolbar,C:\Users\Zhifei Chen\Desktop\pysmell\subjects_for_metrics\django-debug-toolbar\debug_toolbar\panels\profiling.py,44,5,1,1,1
django-debug-toolbar,C:\Users\Zhifei Chen\Desktop\pysmell\subjects_for_metrics\django-debug-toolbar\debug_toolbar\panels\profiling.py,57,1,0,0,0
django-debug-toolbar,C:\Users\Zhifei Chen\Desktop\pysmell\subjects_for_metrics\django-debug-toolbar\debug_toolbar\panels\profiling.py,60,1,0,0,0
django-debug-toolbar,C:\Users\Zhifei Chen\Desktop\pysmell\subjects_for_metrics\django-debug-toolbar\debug_toolbar\panels\profiling.py,64,1,0,0,0
django-debug-toolbar,C:\Users\Zhifei Chen\Desktop\pysmell\subjects_for_metrics\django-debug-toolbar\debug_toolbar\panels\profiling.py,91,1,0,0,0
django-debug-toolbar,C:\Users\Zhifei Chen\Desktop\pysmell\subjects_for_metrics\django-debug-toolbar\debug_toolbar\panels\profiling.py,110,1,0,0,0
django-debug-toolbar,C:\Users\Zhifei Chen\Desktop\pysmell\subjects_for_metrics\django-debug-toolbar\debug_toolbar\panels\profiling.py,113,1,0,0,0
django-debug-toolbar,C:\Users\Zhifei Chen\Desktop\pysmell\subjects_for_metrics\django-debug-toolbar\debug_toolbar\panels\profiling.py,116,1,0,0,0
django-debug-toolbar,C:\Users\Zhifei Chen\Desktop\pysmell\subjects_for_metrics\django-debug-toolbar\debug_toolbar\panels\profiling.py,120,1,0,0,0
django-debug-toolbar,C:\Users\Zhifei Chen\Desktop\pysmell\subjects_for_metrics\django-debug-toolbar\debug_toolbar\panels\profiling.py,128,1,0,0,0
django-debug-toolbar,C:\Users\Zhifei Chen\Desktop\pysmell\subjects_for_metrics\django-debug-toolbar\debug_toolbar\panels\profiling.py,136,1,0,0,0
django-debug-toolbar,C:\Users\Zhifei Chen\Desktop\pysmell\subjects_for_metrics\django-debug-toolbar\debug_toolbar\panels\profiling.py,148,5,1,1,1
django-debug-toolbar,C:\Users\Zhifei Chen\Desktop\pysmell\subjects_for_metrics\django-debug-toolbar\debug_toolbar\panels\profiling.py,153,4,0,1,0
django-debug-toolbar,C:\Users\Zhifei Chen\Desktop\pysmell\subjects_for_metrics\django-debug-toolbar\debug_toolbar\panels\profiling.py,162,3,0,0,0
django-debug-toolbar,C:\Users\Zhifei Chen\Desktop\pysmell\subjects_for_metrics\django-debug-toolbar\debug_toolbar\panels\redirects.py,18,3,0,0,0
django-debug-toolbar,C:\Users\Zhifei Chen\Desktop\pysmell\subjects_for_metrics\django-debug-toolbar\debug_toolbar\panels\request.py,20,1,0,0,0
django-debug-toolbar,C:\Users\Zhifei Chen\Desktop\pysmell\subjects_for_metrics\django-debug-toolbar\debug_toolbar\panels\request.py,28,3,0,0,0
django-debug-toolbar,C:\Users\Zhifei Chen\Desktop\pysmell\subjects_for_metrics\django-debug-toolbar\debug_toolbar\panels\settings.py,20,1,0,0,0
django-debug-toolbar,C:\Users\Zhifei Chen\Desktop\pysmell\subjects_for_metrics\django-debug-toolbar\debug_toolbar\panels\settings.py,23,3,0,0,0
django-debug-toolbar,C:\Users\Zhifei Chen\Desktop\pysmell\subjects_for_metrics\django-debug-toolbar\debug_toolbar\panels\signals.py,37,1,0,0,0
django-debug-toolbar,C:\Users\Zhifei Chen\Desktop\pysmell\subjects_for_metrics\django-debug-toolbar\debug_toolbar\panels\signals.py,54,1,0,0,0
django-debug-toolbar,C:\Users\Zhifei Chen\Desktop\pysmell\subjects_for_metrics\django-debug-toolbar\debug_toolbar\panels\signals.py,63,3,0,0,0
django-debug-toolbar,C:\Users\Zhifei Chen\Desktop\pysmell\subjects_for_metrics\django-debug-toolbar\debug_toolbar\panels\staticfiles.py,28,2,0,0,0
django-debug-toolbar,C:\Users\Zhifei Chen\Desktop\pysmell\subjects_for_metrics\django-debug-toolbar\debug_toolbar\panels\staticfiles.py,31,1,0,0,0
django-debug-toolbar,C:\Users\Zhifei Chen\Desktop\pysmell\subjects_for_metrics\django-debug-toolbar\debug_toolbar\panels\staticfiles.py,34,1,0,0,0
django-debug-toolbar,C:\Users\Zhifei Chen\Desktop\pysmell\subjects_for_metrics\django-debug-toolbar\debug_toolbar\panels\staticfiles.py,37,1,0,0,0
django-debug-toolbar,C:\Users\Zhifei Chen\Desktop\pysmell\subjects_for_metrics\django-debug-toolbar\debug_toolbar\panels\staticfiles.py,43,2,0,0,0
django-debug-toolbar,C:\Users\Zhifei Chen\Desktop\pysmell\subjects_for_metrics\django-debug-toolbar\debug_toolbar\panels\staticfiles.py,59,1,0,0,0
django-debug-toolbar,C:\Users\Zhifei Chen\Desktop\pysmell\subjects_for_metrics\django-debug-toolbar\debug_toolbar\panels\staticfiles.py,65,4,0,1,0
django-debug-toolbar,C:\Users\Zhifei Chen\Desktop\pysmell\subjects_for_metrics\django-debug-toolbar\debug_toolbar\panels\staticfiles.py,69,2,0,0,0
django-debug-toolbar,C:\Users\Zhifei Chen\Desktop\pysmell\subjects_for_metrics\django-debug-toolbar\debug_toolbar\panels\staticfiles.py,85,1,0,0,0
django-debug-toolbar,C:\Users\Zhifei Chen\Desktop\pysmell\subjects_for_metrics\django-debug-toolbar\debug_toolbar\panels\staticfiles.py,90,3,0,0,0
django-debug-toolbar,C:\Users\Zhifei Chen\Desktop\pysmell\subjects_for_metrics\django-debug-toolbar\debug_toolbar\panels\staticfiles.py,95,1,0,0,0
django-debug-toolbar,C:\Users\Zhifei Chen\Desktop\pysmell\subjects_for_metrics\django-debug-toolbar\debug_toolbar\panels\staticfiles.py,98,1,0,0,0
django-debug-toolbar,C:\Users\Zhifei Chen\Desktop\pysmell\subjects_for_metrics\django-debug-toolbar\debug_toolbar\panels\staticfiles.py,101,1,0,0,0
django-debug-toolbar,C:\Users\Zhifei Chen\Desktop\pysmell\subjects_for_metrics\django-debug-toolbar\debug_toolbar\panels\staticfiles.py,107,1,0,0,0
django-debug-toolbar,C:\Users\Zhifei Chen\Desktop\pysmell\subjects_for_metrics\django-debug-toolbar\debug_toolbar\panels\staticfiles.py,114,2,0,0,0
django-debug-toolbar,C:\Users\Zhifei Chen\Desktop\pysmell\subjects_for_metrics\django-debug-toolbar\debug_toolbar\panels\staticfiles.py,117,3,0,0,0
django-debug-toolbar,C:\Users\Zhifei Chen\Desktop\pysmell\subjects_for_metrics\django-debug-toolbar\debug_toolbar\panels\staticfiles.py,130,1,0,0,0
django-debug-toolbar,C:\Users\Zhifei Chen\Desktop\pysmell\subjects_for_metrics\django-debug-toolbar\debug_toolbar\panels\staticfiles.py,152,1,0,0,0
django-debug-toolbar,C:\Users\Zhifei Chen\Desktop\pysmell\subjects_for_metrics\django-debug-toolbar\debug_toolbar\panels\staticfiles.py,162,1,0,0,0
django-debug-toolbar,C:\Users\Zhifei Chen\Desktop\pysmell\subjects_for_metrics\django-debug-toolbar\debug_toolbar\panels\timer.py,21,1,0,0,0
django-debug-toolbar,C:\Users\Zhifei Chen\Desktop\pysmell\subjects_for_metrics\django-debug-toolbar\debug_toolbar\panels\timer.py,41,1,0,0,0
django-debug-toolbar,C:\Users\Zhifei Chen\Desktop\pysmell\subjects_for_metrics\django-debug-toolbar\debug_toolbar\panels\timer.py,53,2,0,0,0
django-debug-toolbar,C:\Users\Zhifei Chen\Desktop\pysmell\subjects_for_metrics\django-debug-toolbar\debug_toolbar\panels\timer.py,58,3,0,0,0
django-debug-toolbar,C:\Users\Zhifei Chen\Desktop\pysmell\subjects_for_metrics\django-debug-toolbar\debug_toolbar\panels\timer.py,85,2,0,0,0
django-debug-toolbar,C:\Users\Zhifei Chen\Desktop\pysmell\subjects_for_metrics\django-debug-toolbar\debug_toolbar\panels\versions.py,17,1,0,0,0
django-debug-toolbar,C:\Users\Zhifei Chen\Desktop\pysmell\subjects_for_metrics\django-debug-toolbar\debug_toolbar\panels\versions.py,25,3,0,0,0
django-debug-toolbar,C:\Users\Zhifei Chen\Desktop\pysmell\subjects_for_metrics\django-debug-toolbar\debug_toolbar\panels\versions.py,36,1,0,0,0
django-debug-toolbar,C:\Users\Zhifei Chen\Desktop\pysmell\subjects_for_metrics\django-debug-toolbar\debug_toolbar\panels\versions.py,44,2,0,0,0
django-debug-toolbar,C:\Users\Zhifei Chen\Desktop\pysmell\subjects_for_metrics\django-debug-toolbar\debug_toolbar\panels\__init__.py,15,2,0,0,0
django-debug-toolbar,C:\Users\Zhifei Chen\Desktop\pysmell\subjects_for_metrics\django-debug-toolbar\debug_toolbar\panels\__init__.py,20,1,0,0,0
django-debug-toolbar,C:\Users\Zhifei Chen\Desktop\pysmell\subjects_for_metrics\django-debug-toolbar\debug_toolbar\panels\__init__.py,24,1,0,0,0
django-debug-toolbar,C:\Users\Zhifei Chen\Desktop\pysmell\subjects_for_metrics\django-debug-toolbar\debug_toolbar\panels\__init__.py,45,1,0,0,0
django-debug-toolbar,C:\Users\Zhifei Chen\Desktop\pysmell\subjects_for_metrics\django-debug-toolbar\debug_toolbar\panels\__init__.py,52,1,0,0,0
django-debug-toolbar,C:\Users\Zhifei Chen\Desktop\pysmell\subjects_for_metrics\django-debug-toolbar\debug_toolbar\panels\__init__.py,59,1,0,0,0
django-debug-toolbar,C:\Users\Zhifei Chen\Desktop\pysmell\subjects_for_metrics\django-debug-toolbar\debug_toolbar\panels\__init__.py,67,1,0,0,0
django-debug-toolbar,C:\Users\Zhifei Chen\Desktop\pysmell\subjects_for_metrics\django-debug-toolbar\debug_toolbar\panels\__init__.py,76,1,0,0,0
django-debug-toolbar,C:\Users\Zhifei Chen\Desktop\pysmell\subjects_for_metrics\django-debug-toolbar\debug_toolbar\panels\__init__.py,86,1,0,0,0
django-debug-toolbar,C:\Users\Zhifei Chen\Desktop\pysmell\subjects_for_metrics\django-debug-toolbar\debug_toolbar\panels\__init__.py,100,1,0,0,0
django-debug-toolbar,C:\Users\Zhifei Chen\Desktop\pysmell\subjects_for_metrics\django-debug-toolbar\debug_toolbar\panels\__init__.py,109,1,0,0,0
django-debug-toolbar,C:\Users\Zhifei Chen\Desktop\pysmell\subjects_for_metrics\django-debug-toolbar\debug_toolbar\panels\__init__.py,123,1,0,0,0
django-debug-toolbar,C:\Users\Zhifei Chen\Desktop\pysmell\subjects_for_metrics\django-debug-toolbar\debug_toolbar\panels\__init__.py,136,2,0,0,0
django-debug-toolbar,C:\Users\Zhifei Chen\Desktop\pysmell\subjects_for_metrics\django-debug-toolbar\debug_toolbar\panels\__init__.py,144,1,0,0,0
django-debug-toolbar,C:\Users\Zhifei Chen\Desktop\pysmell\subjects_for_metrics\django-debug-toolbar\debug_toolbar\panels\__init__.py,152,2,0,0,0
django-debug-toolbar,C:\Users\Zhifei Chen\Desktop\pysmell\subjects_for_metrics\django-debug-toolbar\debug_toolbar\panels\__init__.py,160,5,1,1,1
django-debug-toolbar,C:\Users\Zhifei Chen\Desktop\pysmell\subjects_for_metrics\django-debug-toolbar\debug_toolbar\panels\__init__.py,168,3,0,0,0
django-debug-toolbar,C:\Users\Zhifei Chen\Desktop\pysmell\subjects_for_metrics\django-debug-toolbar\debug_toolbar\panels\__init__.py,182,3,0,0,0
django-debug-toolbar,C:\Users\Zhifei Chen\Desktop\pysmell\subjects_for_metrics\django-debug-toolbar\debug_toolbar\panels\__init__.py,199,3,0,0,0
django-debug-toolbar,C:\Users\Zhifei Chen\Desktop\pysmell\subjects_for_metrics\django-debug-toolbar\debug_toolbar\panels\sql\forms.py,33,3,0,0,0
django-debug-toolbar,C:\Users\Zhifei Chen\Desktop\pysmell\subjects_for_metrics\django-debug-toolbar\debug_toolbar\panels\sql\forms.py,44,1,0,0,0
django-debug-toolbar,C:\Users\Zhifei Chen\Desktop\pysmell\subjects_for_metrics\django-debug-toolbar\debug_toolbar\panels\sql\forms.py,52,1,0,0,0
django-debug-toolbar,C:\Users\Zhifei Chen\Desktop\pysmell\subjects_for_metrics\django-debug-toolbar\debug_toolbar\panels\sql\forms.py,60,1,0,0,0
django-debug-toolbar,C:\Users\Zhifei Chen\Desktop\pysmell\subjects_for_metrics\django-debug-toolbar\debug_toolbar\panels\sql\forms.py,68,1,0,0,0
django-debug-toolbar,C:\Users\Zhifei Chen\Desktop\pysmell\subjects_for_metrics\django-debug-toolbar\debug_toolbar\panels\sql\forms.py,76,1,0,0,0
django-debug-toolbar,C:\Users\Zhifei Chen\Desktop\pysmell\subjects_for_metrics\django-debug-toolbar\debug_toolbar\panels\sql\forms.py,79,2,0,0,0
django-debug-toolbar,C:\Users\Zhifei Chen\Desktop\pysmell\subjects_for_metrics\django-debug-toolbar\debug_toolbar\panels\sql\forms.py,86,1,0,0,0
django-debug-toolbar,C:\Users\Zhifei Chen\Desktop\pysmell\subjects_for_metrics\django-debug-toolbar\debug_toolbar\panels\sql\forms.py,90,1,0,0,0
django-debug-toolbar,C:\Users\Zhifei Chen\Desktop\pysmell\subjects_for_metrics\django-debug-toolbar\debug_toolbar\panels\sql\panel.py,21,2,0,0,0
django-debug-toolbar,C:\Users\Zhifei Chen\Desktop\pysmell\subjects_for_metrics\django-debug-toolbar\debug_toolbar\panels\sql\panel.py,36,2,0,0,0
django-debug-toolbar,C:\Users\Zhifei Chen\Desktop\pysmell\subjects_for_metrics\django-debug-toolbar\debug_toolbar\panels\sql\panel.py,56,3,0,0,0
django-debug-toolbar,C:\Users\Zhifei Chen\Desktop\pysmell\subjects_for_metrics\django-debug-toolbar\debug_toolbar\panels\sql\panel.py,66,2,0,0,0
django-debug-toolbar,C:\Users\Zhifei Chen\Desktop\pysmell\subjects_for_metrics\django-debug-toolbar\debug_toolbar\panels\sql\panel.py,93,3,0,0,0
django-debug-toolbar,C:\Users\Zhifei Chen\Desktop\pysmell\subjects_for_metrics\django-debug-toolbar\debug_toolbar\panels\sql\panel.py,110,1,0,0,0
django-debug-toolbar,C:\Users\Zhifei Chen\Desktop\pysmell\subjects_for_metrics\django-debug-toolbar\debug_toolbar\panels\sql\panel.py,115,1,0,0,0
django-debug-toolbar,C:\Users\Zhifei Chen\Desktop\pysmell\subjects_for_metrics\django-debug-toolbar\debug_toolbar\panels\sql\panel.py,124,1,0,0,0
django-debug-toolbar,C:\Users\Zhifei Chen\Desktop\pysmell\subjects_for_metrics\django-debug-toolbar\debug_toolbar\panels\sql\panel.py,132,1,0,0,0
django-debug-toolbar,C:\Users\Zhifei Chen\Desktop\pysmell\subjects_for_metrics\django-debug-toolbar\debug_toolbar\panels\sql\panel.py,137,1,0,0,0
django-debug-toolbar,C:\Users\Zhifei Chen\Desktop\pysmell\subjects_for_metrics\django-debug-toolbar\debug_toolbar\panels\sql\panel.py,141,3,0,0,0
django-debug-toolbar,C:\Users\Zhifei Chen\Desktop\pysmell\subjects_for_metrics\django-debug-toolbar\debug_toolbar\panels\sql\tracking.py,20,1,0,0,0
django-debug-toolbar,C:\Users\Zhifei Chen\Desktop\pysmell\subjects_for_metrics\django-debug-toolbar\debug_toolbar\panels\sql\tracking.py,23,1,0,0,0
django-debug-toolbar,C:\Users\Zhifei Chen\Desktop\pysmell\subjects_for_metrics\django-debug-toolbar\debug_toolbar\panels\sql\tracking.py,29,2,0,0,0
django-debug-toolbar,C:\Users\Zhifei Chen\Desktop\pysmell\subjects_for_metrics\django-debug-toolbar\debug_toolbar\panels\sql\tracking.py,37,2,0,0,0
django-debug-toolbar,C:\Users\Zhifei Chen\Desktop\pysmell\subjects_for_metrics\django-debug-toolbar\debug_toolbar\panels\sql\tracking.py,41,1,0,0,0
django-debug-toolbar,C:\Users\Zhifei Chen\Desktop\pysmell\subjects_for_metrics\django-debug-toolbar\debug_toolbar\panels\sql\tracking.py,48,1,0,0,0
django-debug-toolbar,C:\Users\Zhifei Chen\Desktop\pysmell\subjects_for_metrics\django-debug-toolbar\debug_toolbar\panels\sql\tracking.py,59,4,0,1,0
django-debug-toolbar,C:\Users\Zhifei Chen\Desktop\pysmell\subjects_for_metrics\django-debug-toolbar\debug_toolbar\panels\sql\tracking.py,62,2,0,0,0
django-debug-toolbar,C:\Users\Zhifei Chen\Desktop\pysmell\subjects_for_metrics\django-debug-toolbar\debug_toolbar\panels\sql\tracking.py,71,4,0,1,0
django-debug-toolbar,C:\Users\Zhifei Chen\Desktop\pysmell\subjects_for_metrics\django-debug-toolbar\debug_toolbar\panels\sql\tracking.py,78,2,0,0,0
django-debug-toolbar,C:\Users\Zhifei Chen\Desktop\pysmell\subjects_for_metrics\django-debug-toolbar\debug_toolbar\panels\sql\tracking.py,84,2,0,0,0
django-debug-toolbar,C:\Users\Zhifei Chen\Desktop\pysmell\subjects_for_metrics\django-debug-toolbar\debug_toolbar\panels\sql\tracking.py,92,2,0,0,0
django-debug-toolbar,C:\Users\Zhifei Chen\Desktop\pysmell\subjects_for_metrics\django-debug-toolbar\debug_toolbar\panels\sql\tracking.py,98,4,0,1,0
django-debug-toolbar,C:\Users\Zhifei Chen\Desktop\pysmell\subjects_for_metrics\django-debug-toolbar\debug_toolbar\panels\sql\tracking.py,155,2,0,0,0
django-debug-toolbar,C:\Users\Zhifei Chen\Desktop\pysmell\subjects_for_metrics\django-debug-toolbar\debug_toolbar\panels\sql\tracking.py,158,2,0,0,0
django-debug-toolbar,C:\Users\Zhifei Chen\Desktop\pysmell\subjects_for_metrics\django-debug-toolbar\debug_toolbar\panels\sql\tracking.py,161,3,0,0,0
django-debug-toolbar,C:\Users\Zhifei Chen\Desktop\pysmell\subjects_for_metrics\django-debug-toolbar\debug_toolbar\panels\sql\tracking.py,164,2,0,0,0
django-debug-toolbar,C:\Users\Zhifei Chen\Desktop\pysmell\subjects_for_metrics\django-debug-toolbar\debug_toolbar\panels\sql\tracking.py,167,1,0,0,0
django-debug-toolbar,C:\Users\Zhifei Chen\Desktop\pysmell\subjects_for_metrics\django-debug-toolbar\debug_toolbar\panels\sql\tracking.py,170,1,0,0,0
django-debug-toolbar,C:\Users\Zhifei Chen\Desktop\pysmell\subjects_for_metrics\django-debug-toolbar\debug_toolbar\panels\sql\tracking.py,173,4,0,1,0
django-debug-toolbar,C:\Users\Zhifei Chen\Desktop\pysmell\subjects_for_metrics\django-debug-toolbar\debug_toolbar\panels\sql\utils.py,12,3,0,0,0
django-debug-toolbar,C:\Users\Zhifei Chen\Desktop\pysmell\subjects_for_metrics\django-debug-toolbar\debug_toolbar\panels\sql\utils.py,23,1,0,0,0
django-debug-toolbar,C:\Users\Zhifei Chen\Desktop\pysmell\subjects_for_metrics\django-debug-toolbar\debug_toolbar\panels\sql\utils.py,30,1,0,0,0
django-debug-toolbar,C:\Users\Zhifei Chen\Desktop\pysmell\subjects_for_metrics\django-debug-toolbar\debug_toolbar\panels\sql\utils.py,39,1,0,0,0
django-debug-toolbar,C:\Users\Zhifei Chen\Desktop\pysmell\subjects_for_metrics\django-debug-toolbar\debug_toolbar\panels\sql\utils.py,44,1,0,0,0
django-debug-toolbar,C:\Users\Zhifei Chen\Desktop\pysmell\subjects_for_metrics\django-debug-toolbar\debug_toolbar\panels\sql\views.py,10,1,0,0,0
django-debug-toolbar,C:\Users\Zhifei Chen\Desktop\pysmell\subjects_for_metrics\django-debug-toolbar\debug_toolbar\panels\sql\views.py,35,1,0,0,0
django-debug-toolbar,C:\Users\Zhifei Chen\Desktop\pysmell\subjects_for_metrics\django-debug-toolbar\debug_toolbar\panels\sql\views.py,71,1,0,0,0
django-debug-toolbar,C:\Users\Zhifei Chen\Desktop\pysmell\subjects_for_metrics\django-debug-toolbar\debug_toolbar\panels\templates\panel.py,42,2,0,0,0
django-debug-toolbar,C:\Users\Zhifei Chen\Desktop\pysmell\subjects_for_metrics\django-debug-toolbar\debug_toolbar\panels\templates\panel.py,66,2,0,0,0
django-debug-toolbar,C:\Users\Zhifei Chen\Desktop\pysmell\subjects_for_metrics\django-debug-toolbar\debug_toolbar\panels\templates\panel.py,98,3,0,0,0
django-debug-toolbar,C:\Users\Zhifei Chen\Desktop\pysmell\subjects_for_metrics\django-debug-toolbar\debug_toolbar\panels\templates\panel.py,102,3,0,0,0
django-debug-toolbar,C:\Users\Zhifei Chen\Desktop\pysmell\subjects_for_metrics\django-debug-toolbar\debug_toolbar\panels\templates\panel.py,160,1,0,0,0
django-debug-toolbar,C:\Users\Zhifei Chen\Desktop\pysmell\subjects_for_metrics\django-debug-toolbar\debug_toolbar\panels\templates\panel.py,165,1,0,0,0
django-debug-toolbar,C:\Users\Zhifei Chen\Desktop\pysmell\subjects_for_metrics\django-debug-toolbar\debug_toolbar\panels\templates\panel.py,173,1,0,0,0
django-debug-toolbar,C:\Users\Zhifei Chen\Desktop\pysmell\subjects_for_metrics\django-debug-toolbar\debug_toolbar\panels\templates\panel.py,179,1,0,0,0
django-debug-toolbar,C:\Users\Zhifei Chen\Desktop\pysmell\subjects_for_metrics\django-debug-toolbar\debug_toolbar\panels\templates\panel.py,182,1,0,0,0
django-debug-toolbar,C:\Users\Zhifei Chen\Desktop\pysmell\subjects_for_metrics\django-debug-toolbar\debug_toolbar\panels\templates\panel.py,185,3,0,0,0
django-debug-toolbar,C:\Users\Zhifei Chen\Desktop\pysmell\subjects_for_metrics\django-debug-toolbar\debug_toolbar\panels\templates\views.py,11,1,0,0,0
django-debug-toolbar,C:\Users\Zhifei Chen\Desktop\pysmell\subjects_for_metrics\django-debug-toolbar\tests\base.py,16,1,0,0,0
django-debug-toolbar,C:\Users\Zhifei Chen\Desktop\pysmell\subjects_for_metrics\django-debug-toolbar\tests\context_processors.py,1,1,0,0,0
django-debug-toolbar,C:\Users\Zhifei Chen\Desktop\pysmell\subjects_for_metrics\django-debug-toolbar\tests\loaders.py,9,3,0,0,0
django-debug-toolbar,C:\Users\Zhifei Chen\Desktop\pysmell\subjects_for_metrics\django-debug-toolbar\tests\loaders.py,14,3,0,0,0
django-debug-toolbar,C:\Users\Zhifei Chen\Desktop\pysmell\subjects_for_metrics\django-debug-toolbar\tests\models.py,9,1,0,0,0
django-debug-toolbar,C:\Users\Zhifei Chen\Desktop\pysmell\subjects_for_metrics\django-debug-toolbar\tests\test_integration.py,32,1,0,0,0
django-debug-toolbar,C:\Users\Zhifei Chen\Desktop\pysmell\subjects_for_metrics\django-debug-toolbar\tests\test_integration.py,35,1,0,0,0
django-debug-toolbar,C:\Users\Zhifei Chen\Desktop\pysmell\subjects_for_metrics\django-debug-toolbar\tests\test_integration.py,39,1,0,0,0
django-debug-toolbar,C:\Users\Zhifei Chen\Desktop\pysmell\subjects_for_metrics\django-debug-toolbar\tests\test_integration.py,43,2,0,0,0
django-debug-toolbar,C:\Users\Zhifei Chen\Desktop\pysmell\subjects_for_metrics\django-debug-toolbar\tests\test_integration.py,52,1,0,0,0
django-debug-toolbar,C:\Users\Zhifei Chen\Desktop\pysmell\subjects_for_metrics\django-debug-toolbar\tests\test_integration.py,59,1,0,0,0
django-debug-toolbar,C:\Users\Zhifei Chen\Desktop\pysmell\subjects_for_metrics\django-debug-toolbar\tests\test_integration.py,64,1,0,0,0
django-debug-toolbar,C:\Users\Zhifei Chen\Desktop\pysmell\subjects_for_metrics\django-debug-toolbar\tests\test_integration.py,69,1,0,0,0
django-debug-toolbar,C:\Users\Zhifei Chen\Desktop\pysmell\subjects_for_metrics\django-debug-toolbar\tests\test_integration.py,79,1,0,0,0
django-debug-toolbar,C:\Users\Zhifei Chen\Desktop\pysmell\subjects_for_metrics\django-debug-toolbar\tests\test_integration.py,82,1,0,0,0
django-debug-toolbar,C:\Users\Zhifei Chen\Desktop\pysmell\subjects_for_metrics\django-debug-toolbar\tests\test_integration.py,85,1,0,0,0
django-debug-toolbar,C:\Users\Zhifei Chen\Desktop\pysmell\subjects_for_metrics\django-debug-toolbar\tests\test_integration.py,91,1,0,0,0
django-debug-toolbar,C:\Users\Zhifei Chen\Desktop\pysmell\subjects_for_metrics\django-debug-toolbar\tests\test_integration.py,103,1,0,0,0
django-debug-toolbar,C:\Users\Zhifei Chen\Desktop\pysmell\subjects_for_metrics\django-debug-toolbar\tests\test_integration.py,107,1,0,0,0
django-debug-toolbar,C:\Users\Zhifei Chen\Desktop\pysmell\subjects_for_metrics\django-debug-toolbar\tests\test_integration.py,117,1,0,0,0
django-debug-toolbar,C:\Users\Zhifei Chen\Desktop\pysmell\subjects_for_metrics\django-debug-toolbar\tests\test_integration.py,127,1,0,0,0
django-debug-toolbar,C:\Users\Zhifei Chen\Desktop\pysmell\subjects_for_metrics\django-debug-toolbar\tests\test_integration.py,132,1,0,0,0
django-debug-toolbar,C:\Users\Zhifei Chen\Desktop\pysmell\subjects_for_metrics\django-debug-toolbar\tests\test_integration.py,137,1,0,0,0
django-debug-toolbar,C:\Users\Zhifei Chen\Desktop\pysmell\subjects_for_metrics\django-debug-toolbar\tests\test_integration.py,154,1,0,0,0
django-debug-toolbar,C:\Users\Zhifei Chen\Desktop\pysmell\subjects_for_metrics\django-debug-toolbar\tests\test_integration.py,167,1,0,0,0
django-debug-toolbar,C:\Users\Zhifei Chen\Desktop\pysmell\subjects_for_metrics\django-debug-toolbar\tests\test_utils.py,10,1,0,0,0
django-debug-toolbar,C:\Users\Zhifei Chen\Desktop\pysmell\subjects_for_metrics\django-debug-toolbar\tests\test_utils.py,11,1,0,0,0
django-debug-toolbar,C:\Users\Zhifei Chen\Desktop\pysmell\subjects_for_metrics\django-debug-toolbar\tests\test_utils.py,16,1,0,0,0
django-debug-toolbar,C:\Users\Zhifei Chen\Desktop\pysmell\subjects_for_metrics\django-debug-toolbar\tests\test_utils.py,20,1,0,0,0
django-debug-toolbar,C:\Users\Zhifei Chen\Desktop\pysmell\subjects_for_metrics\django-debug-toolbar\tests\views.py,11,1,0,0,0
django-debug-toolbar,C:\Users\Zhifei Chen\Desktop\pysmell\subjects_for_metrics\django-debug-toolbar\tests\views.py,16,2,0,0,0
django-debug-toolbar,C:\Users\Zhifei Chen\Desktop\pysmell\subjects_for_metrics\django-debug-toolbar\tests\views.py,20,1,0,0,0
django-debug-toolbar,C:\Users\Zhifei Chen\Desktop\pysmell\subjects_for_metrics\django-debug-toolbar\tests\views.py,25,3,0,0,0
django-debug-toolbar,C:\Users\Zhifei Chen\Desktop\pysmell\subjects_for_metrics\django-debug-toolbar\tests\views.py,30,1,0,0,0
django-debug-toolbar,C:\Users\Zhifei Chen\Desktop\pysmell\subjects_for_metrics\django-debug-toolbar\tests\__init__.py,10,1,0,0,0
django-debug-toolbar,C:\Users\Zhifei Chen\Desktop\pysmell\subjects_for_metrics\django-debug-toolbar\tests\__init__.py,19,1,0,0,0
django-debug-toolbar,C:\Users\Zhifei Chen\Desktop\pysmell\subjects_for_metrics\django-debug-toolbar\tests\commands\test_debugsqlshell.py,16,1,0,0,0
django-debug-toolbar,C:\Users\Zhifei Chen\Desktop\pysmell\subjects_for_metrics\django-debug-toolbar\tests\commands\test_debugsqlshell.py,25,1,0,0,0
django-debug-toolbar,C:\Users\Zhifei Chen\Desktop\pysmell\subjects_for_metrics\django-debug-toolbar\tests\commands\test_debugsqlshell.py,28,1,0,0,0
django-debug-toolbar,C:\Users\Zhifei Chen\Desktop\pysmell\subjects_for_metrics\django-debug-toolbar\tests\panels\test_cache.py,12,1,0,0,0
django-debug-toolbar,C:\Users\Zhifei Chen\Desktop\pysmell\subjects_for_metrics\django-debug-toolbar\tests\panels\test_cache.py,17,1,0,0,0
django-debug-toolbar,C:\Users\Zhifei Chen\Desktop\pysmell\subjects_for_metrics\django-debug-toolbar\tests\panels\test_cache.py,21,1,0,0,0
django-debug-toolbar,C:\Users\Zhifei Chen\Desktop\pysmell\subjects_for_metrics\django-debug-toolbar\tests\panels\test_cache.py,30,1,0,0,0
django-debug-toolbar,C:\Users\Zhifei Chen\Desktop\pysmell\subjects_for_metrics\django-debug-toolbar\tests\panels\test_cache.py,38,1,0,0,0
django-debug-toolbar,C:\Users\Zhifei Chen\Desktop\pysmell\subjects_for_metrics\django-debug-toolbar\tests\panels\test_logging.py,16,1,0,0,0
django-debug-toolbar,C:\Users\Zhifei Chen\Desktop\pysmell\subjects_for_metrics\django-debug-toolbar\tests\panels\test_logging.py,26,1,0,0,0
django-debug-toolbar,C:\Users\Zhifei Chen\Desktop\pysmell\subjects_for_metrics\django-debug-toolbar\tests\panels\test_logging.py,37,1,0,0,0
django-debug-toolbar,C:\Users\Zhifei Chen\Desktop\pysmell\subjects_for_metrics\django-debug-toolbar\tests\panels\test_logging.py,48,1,0,0,0
django-debug-toolbar,C:\Users\Zhifei Chen\Desktop\pysmell\subjects_for_metrics\django-debug-toolbar\tests\panels\test_logging.py,61,1,0,0,0
django-debug-toolbar,C:\Users\Zhifei Chen\Desktop\pysmell\subjects_for_metrics\django-debug-toolbar\tests\panels\test_logging.py,63,1,0,0,0
django-debug-toolbar,C:\Users\Zhifei Chen\Desktop\pysmell\subjects_for_metrics\django-debug-toolbar\tests\panels\test_profiling.py,15,1,0,0,0
django-debug-toolbar,C:\Users\Zhifei Chen\Desktop\pysmell\subjects_for_metrics\django-debug-toolbar\tests\panels\test_profiling.py,19,1,0,0,0
django-debug-toolbar,C:\Users\Zhifei Chen\Desktop\pysmell\subjects_for_metrics\django-debug-toolbar\tests\panels\test_profiling.py,26,1,0,0,0
django-debug-toolbar,C:\Users\Zhifei Chen\Desktop\pysmell\subjects_for_metrics\django-debug-toolbar\tests\panels\test_profiling.py,44,1,0,0,0
django-debug-toolbar,C:\Users\Zhifei Chen\Desktop\pysmell\subjects_for_metrics\django-debug-toolbar\tests\panels\test_redirects.py,13,1,0,0,0
django-debug-toolbar,C:\Users\Zhifei Chen\Desktop\pysmell\subjects_for_metrics\django-debug-toolbar\tests\panels\test_redirects.py,17,1,0,0,0
django-debug-toolbar,C:\Users\Zhifei Chen\Desktop\pysmell\subjects_for_metrics\django-debug-toolbar\tests\panels\test_redirects.py,21,1,0,0,0
django-debug-toolbar,C:\Users\Zhifei Chen\Desktop\pysmell\subjects_for_metrics\django-debug-toolbar\tests\panels\test_redirects.py,26,1,0,0,0
django-debug-toolbar,C:\Users\Zhifei Chen\Desktop\pysmell\subjects_for_metrics\django-debug-toolbar\tests\panels\test_redirects.py,37,1,0,0,0
django-debug-toolbar,C:\Users\Zhifei Chen\Desktop\pysmell\subjects_for_metrics\django-debug-toolbar\tests\panels\test_redirects.py,53,1,0,0,0
django-debug-toolbar,C:\Users\Zhifei Chen\Desktop\pysmell\subjects_for_metrics\django-debug-toolbar\tests\panels\test_redirects.py,62,1,0,0,0
django-debug-toolbar,C:\Users\Zhifei Chen\Desktop\pysmell\subjects_for_metrics\django-debug-toolbar\tests\panels\test_redirects.py,68,1,0,0,0
django-debug-toolbar,C:\Users\Zhifei Chen\Desktop\pysmell\subjects_for_metrics\django-debug-toolbar\tests\panels\test_request.py,12,1,0,0,0
django-debug-toolbar,C:\Users\Zhifei Chen\Desktop\pysmell\subjects_for_metrics\django-debug-toolbar\tests\panels\test_request.py,16,1,0,0,0
django-debug-toolbar,C:\Users\Zhifei Chen\Desktop\pysmell\subjects_for_metrics\django-debug-toolbar\tests\panels\test_request.py,30,1,0,0,0
django-debug-toolbar,C:\Users\Zhifei Chen\Desktop\pysmell\subjects_for_metrics\django-debug-toolbar\tests\panels\test_request.py,37,1,0,0,0
django-debug-toolbar,C:\Users\Zhifei Chen\Desktop\pysmell\subjects_for_metrics\django-debug-toolbar\tests\panels\test_sql.py,18,1,0,0,0
django-debug-toolbar,C:\Users\Zhifei Chen\Desktop\pysmell\subjects_for_metrics\django-debug-toolbar\tests\panels\test_sql.py,23,1,0,0,0
django-debug-toolbar,C:\Users\Zhifei Chen\Desktop\pysmell\subjects_for_metrics\django-debug-toolbar\tests\panels\test_sql.py,27,1,0,0,0
django-debug-toolbar,C:\Users\Zhifei Chen\Desktop\pysmell\subjects_for_metrics\django-debug-toolbar\tests\panels\test_sql.py,35,1,0,0,0
django-debug-toolbar,C:\Users\Zhifei Chen\Desktop\pysmell\subjects_for_metrics\django-debug-toolbar\tests\panels\test_sql.py,51,1,0,0,0
django-debug-toolbar,C:\Users\Zhifei Chen\Desktop\pysmell\subjects_for_metrics\django-debug-toolbar\tests\panels\test_sql.py,72,1,0,0,0
django-debug-toolbar,C:\Users\Zhifei Chen\Desktop\pysmell\subjects_for_metrics\django-debug-toolbar\tests\panels\test_sql.py,85,1,0,0,0
django-debug-toolbar,C:\Users\Zhifei Chen\Desktop\pysmell\subjects_for_metrics\django-debug-toolbar\tests\panels\test_sql.py,96,1,0,0,0
django-debug-toolbar,C:\Users\Zhifei Chen\Desktop\pysmell\subjects_for_metrics\django-debug-toolbar\tests\panels\test_sql.py,113,1,0,0,0
django-debug-toolbar,C:\Users\Zhifei Chen\Desktop\pysmell\subjects_for_metrics\django-debug-toolbar\tests\panels\test_staticfiles.py,12,1,0,0,0
django-debug-toolbar,C:\Users\Zhifei Chen\Desktop\pysmell\subjects_for_metrics\django-debug-toolbar\tests\panels\test_staticfiles.py,16,1,0,0,0
django-debug-toolbar,C:\Users\Zhifei Chen\Desktop\pysmell\subjects_for_metrics\django-debug-toolbar\tests\panels\test_staticfiles.py,31,1,0,0,0
django-debug-toolbar,C:\Users\Zhifei Chen\Desktop\pysmell\subjects_for_metrics\django-debug-toolbar\tests\panels\test_template.py,14,1,0,0,0
django-debug-toolbar,C:\Users\Zhifei Chen\Desktop\pysmell\subjects_for_metrics\django-debug-toolbar\tests\panels\test_template.py,21,1,0,0,0
django-debug-toolbar,C:\Users\Zhifei Chen\Desktop\pysmell\subjects_for_metrics\django-debug-toolbar\tests\panels\test_template.py,26,1,0,0,0
django-debug-toolbar,C:\Users\Zhifei Chen\Desktop\pysmell\subjects_for_metrics\django-debug-toolbar\tests\panels\test_template.py,43,1,0,0,0
django-debug-toolbar,C:\Users\Zhifei Chen\Desktop\pysmell\subjects_for_metrics\django-debug-toolbar\tests\panels\test_template.py,52,1,0,0,0
django-debug-toolbar,C:\Users\Zhifei Chen\Desktop\pysmell\subjects_for_metrics\django-debug-toolbar\tests\panels\test_template.py,67,1,0,0,0
django-debug-toolbar,C:\Users\Zhifei Chen\Desktop\pysmell\subjects_for_metrics\django-debug-toolbar\tests\panels\test_template.py,76,1,0,0,0
django-debug-toolbar,C:\Users\Zhifei Chen\Desktop\pysmell\subjects_for_metrics\django-debug-toolbar\tests\panels\test_template.py,86,1,0,0,0
