subject,file,lineno,LMC,experience-based,statistics-based,tuning machine
django-debug-toolbar,C:\Users\Zhifei Chen\Desktop\pysmell\subjects_for_metrics\django-debug-toolbar\debug_toolbar\middleware.py,20,2,0,0,0
django-debug-toolbar,C:\Users\Zhifei Chen\Desktop\pysmell\subjects_for_metrics\django-debug-toolbar\debug_toolbar\middleware.py,27,2,0,0,0
django-debug-toolbar,C:\Users\Zhifei Chen\Desktop\pysmell\subjects_for_metrics\django-debug-toolbar\debug_toolbar\middleware.py,58,2,0,0,0
django-debug-toolbar,C:\Users\Zhifei Chen\Desktop\pysmell\subjects_for_metrics\django-debug-toolbar\debug_toolbar\middleware.py,73,3,0,0,0
django-debug-toolbar,C:\Users\Zhifei Chen\Desktop\pysmell\subjects_for_metrics\django-debug-toolbar\debug_toolbar\middleware.py,86,3,0,0,0
django-debug-toolbar,C:\Users\Zhifei Chen\Desktop\pysmell\subjects_for_metrics\django-debug-toolbar\debug_toolbar\toolbar.py,24,2,0,0,0
django-debug-toolbar,C:\Users\Zhifei Chen\Desktop\pysmell\subjects_for_metrics\django-debug-toolbar\debug_toolbar\toolbar.py,39,2,0,0,0
django-debug-toolbar,C:\Users\Zhifei Chen\Desktop\pysmell\subjects_for_metrics\django-debug-toolbar\debug_toolbar\toolbar.py,46,2,0,0,0
django-debug-toolbar,C:\Users\Zhifei Chen\Desktop\pysmell\subjects_for_metrics\django-debug-toolbar\debug_toolbar\toolbar.py,81,2,0,0,0
django-debug-toolbar,C:\Users\Zhifei Chen\Desktop\pysmell\subjects_for_metrics\django-debug-toolbar\debug_toolbar\toolbar.py,98,2,0,0,0
django-debug-toolbar,C:\Users\Zhifei Chen\Desktop\pysmell\subjects_for_metrics\django-debug-toolbar\debug_toolbar\utils.py,28,2,0,0,0
django-debug-toolbar,C:\Users\Zhifei Chen\Desktop\pysmell\subjects_for_metrics\django-debug-toolbar\debug_toolbar\utils.py,28,2,0,0,0
django-debug-toolbar,C:\Users\Zhifei Chen\Desktop\pysmell\subjects_for_metrics\django-debug-toolbar\debug_toolbar\utils.py,65,2,0,0,0
django-debug-toolbar,C:\Users\Zhifei Chen\Desktop\pysmell\subjects_for_metrics\django-debug-toolbar\debug_toolbar\utils.py,75,2,0,0,0
django-debug-toolbar,C:\Users\Zhifei Chen\Desktop\pysmell\subjects_for_metrics\django-debug-toolbar\debug_toolbar\utils.py,156,2,0,0,0
django-debug-toolbar,C:\Users\Zhifei Chen\Desktop\pysmell\subjects_for_metrics\django-debug-toolbar\debug_toolbar\utils.py,217,2,0,0,0
django-debug-toolbar,C:\Users\Zhifei Chen\Desktop\pysmell\subjects_for_metrics\django-debug-toolbar\debug_toolbar\utils.py,219,2,0,0,0
django-debug-toolbar,C:\Users\Zhifei Chen\Desktop\pysmell\subjects_for_metrics\django-debug-toolbar\debug_toolbar\management\commands\debugsqlshell.py,15,2,0,0,0
django-debug-toolbar,C:\Users\Zhifei Chen\Desktop\pysmell\subjects_for_metrics\django-debug-toolbar\debug_toolbar\management\commands\debugsqlshell.py,17,3,0,0,0
django-debug-toolbar,C:\Users\Zhifei Chen\Desktop\pysmell\subjects_for_metrics\django-debug-toolbar\debug_toolbar\panels\cache.py,64,2,0,0,0
django-debug-toolbar,C:\Users\Zhifei Chen\Desktop\pysmell\subjects_for_metrics\django-debug-toolbar\debug_toolbar\panels\cache.py,71,2,0,0,0
django-debug-toolbar,C:\Users\Zhifei Chen\Desktop\pysmell\subjects_for_metrics\django-debug-toolbar\debug_toolbar\panels\cache.py,75,2,0,0,0
django-debug-toolbar,C:\Users\Zhifei Chen\Desktop\pysmell\subjects_for_metrics\django-debug-toolbar\debug_toolbar\panels\cache.py,79,2,0,0,0
django-debug-toolbar,C:\Users\Zhifei Chen\Desktop\pysmell\subjects_for_metrics\django-debug-toolbar\debug_toolbar\panels\cache.py,83,2,0,0,0
django-debug-toolbar,C:\Users\Zhifei Chen\Desktop\pysmell\subjects_for_metrics\django-debug-toolbar\debug_toolbar\panels\cache.py,87,2,0,0,0
django-debug-toolbar,C:\Users\Zhifei Chen\Desktop\pysmell\subjects_for_metrics\django-debug-toolbar\debug_toolbar\panels\cache.py,93,2,0,0,0
django-debug-toolbar,C:\Users\Zhifei Chen\Desktop\pysmell\subjects_for_metrics\django-debug-toolbar\debug_toolbar\panels\cache.py,97,2,0,0,0
django-debug-toolbar,C:\Users\Zhifei Chen\Desktop\pysmell\subjects_for_metrics\django-debug-toolbar\debug_toolbar\panels\cache.py,101,2,0,0,0
django-debug-toolbar,C:\Users\Zhifei Chen\Desktop\pysmell\subjects_for_metrics\django-debug-toolbar\debug_toolbar\panels\cache.py,105,2,0,0,0
django-debug-toolbar,C:\Users\Zhifei Chen\Desktop\pysmell\subjects_for_metrics\django-debug-toolbar\debug_toolbar\panels\cache.py,109,2,0,0,0
django-debug-toolbar,C:\Users\Zhifei Chen\Desktop\pysmell\subjects_for_metrics\django-debug-toolbar\debug_toolbar\panels\cache.py,113,2,0,0,0
django-debug-toolbar,C:\Users\Zhifei Chen\Desktop\pysmell\subjects_for_metrics\django-debug-toolbar\debug_toolbar\panels\cache.py,117,2,0,0,0
django-debug-toolbar,C:\Users\Zhifei Chen\Desktop\pysmell\subjects_for_metrics\django-debug-toolbar\debug_toolbar\panels\cache.py,121,2,0,0,0
django-debug-toolbar,C:\Users\Zhifei Chen\Desktop\pysmell\subjects_for_metrics\django-debug-toolbar\debug_toolbar\panels\cache.py,192,2,0,0,0
django-debug-toolbar,C:\Users\Zhifei Chen\Desktop\pysmell\subjects_for_metrics\django-debug-toolbar\debug_toolbar\panels\headers.py,39,2,0,0,0
django-debug-toolbar,C:\Users\Zhifei Chen\Desktop\pysmell\subjects_for_metrics\django-debug-toolbar\debug_toolbar\panels\logging.py,31,2,0,0,0
django-debug-toolbar,C:\Users\Zhifei Chen\Desktop\pysmell\subjects_for_metrics\django-debug-toolbar\debug_toolbar\panels\logging.py,42,2,0,0,0
django-debug-toolbar,C:\Users\Zhifei Chen\Desktop\pysmell\subjects_for_metrics\django-debug-toolbar\debug_toolbar\panels\logging.py,48,2,0,0,0
django-debug-toolbar,C:\Users\Zhifei Chen\Desktop\pysmell\subjects_for_metrics\django-debug-toolbar\debug_toolbar\panels\logging.py,56,2,0,0,0
django-debug-toolbar,C:\Users\Zhifei Chen\Desktop\pysmell\subjects_for_metrics\django-debug-toolbar\debug_toolbar\panels\profiling.py,36,2,0,0,0
django-debug-toolbar,C:\Users\Zhifei Chen\Desktop\pysmell\subjects_for_metrics\django-debug-toolbar\debug_toolbar\panels\profiling.py,94,2,0,0,0
django-debug-toolbar,C:\Users\Zhifei Chen\Desktop\pysmell\subjects_for_metrics\django-debug-toolbar\debug_toolbar\panels\profiling.py,95,2,0,0,0
django-debug-toolbar,C:\Users\Zhifei Chen\Desktop\pysmell\subjects_for_metrics\django-debug-toolbar\debug_toolbar\panels\profiling.py,151,2,0,0,0
django-debug-toolbar,C:\Users\Zhifei Chen\Desktop\pysmell\subjects_for_metrics\django-debug-toolbar\debug_toolbar\panels\profiling.py,166,2,0,0,0
django-debug-toolbar,C:\Users\Zhifei Chen\Desktop\pysmell\subjects_for_metrics\django-debug-toolbar\debug_toolbar\panels\profiling.py,168,2,0,0,0
django-debug-toolbar,C:\Users\Zhifei Chen\Desktop\pysmell\subjects_for_metrics\django-debug-toolbar\debug_toolbar\panels\profiling.py,170,2,0,0,0
django-debug-toolbar,C:\Users\Zhifei Chen\Desktop\pysmell\subjects_for_metrics\django-debug-toolbar\debug_toolbar\panels\request.py,30,2,0,0,0
django-debug-toolbar,C:\Users\Zhifei Chen\Desktop\pysmell\subjects_for_metrics\django-debug-toolbar\debug_toolbar\panels\request.py,31,2,0,0,0
django-debug-toolbar,C:\Users\Zhifei Chen\Desktop\pysmell\subjects_for_metrics\django-debug-toolbar\debug_toolbar\panels\request.py,32,2,0,0,0
django-debug-toolbar,C:\Users\Zhifei Chen\Desktop\pysmell\subjects_for_metrics\django-debug-toolbar\debug_toolbar\panels\request.py,54,2,0,0,0
django-debug-toolbar,C:\Users\Zhifei Chen\Desktop\pysmell\subjects_for_metrics\django-debug-toolbar\debug_toolbar\panels\request.py,55,2,0,0,0
django-debug-toolbar,C:\Users\Zhifei Chen\Desktop\pysmell\subjects_for_metrics\django-debug-toolbar\debug_toolbar\panels\signals.py,56,2,0,0,0
django-debug-toolbar,C:\Users\Zhifei Chen\Desktop\pysmell\subjects_for_metrics\django-debug-toolbar\debug_toolbar\panels\signals.py,57,2,0,0,0
django-debug-toolbar,C:\Users\Zhifei Chen\Desktop\pysmell\subjects_for_metrics\django-debug-toolbar\debug_toolbar\panels\signals.py,65,2,0,0,0
django-debug-toolbar,C:\Users\Zhifei Chen\Desktop\pysmell\subjects_for_metrics\django-debug-toolbar\debug_toolbar\panels\signals.py,82,2,0,0,0
django-debug-toolbar,C:\Users\Zhifei Chen\Desktop\pysmell\subjects_for_metrics\django-debug-toolbar\debug_toolbar\panels\staticfiles.py,38,2,0,0,0
django-debug-toolbar,C:\Users\Zhifei Chen\Desktop\pysmell\subjects_for_metrics\django-debug-toolbar\debug_toolbar\panels\staticfiles.py,70,2,0,0,0
django-debug-toolbar,C:\Users\Zhifei Chen\Desktop\pysmell\subjects_for_metrics\django-debug-toolbar\debug_toolbar\panels\timer.py,24,2,0,0,0
django-debug-toolbar,C:\Users\Zhifei Chen\Desktop\pysmell\subjects_for_metrics\django-debug-toolbar\debug_toolbar\panels\timer.py,24,2,0,0,0
django-debug-toolbar,C:\Users\Zhifei Chen\Desktop\pysmell\subjects_for_metrics\django-debug-toolbar\debug_toolbar\panels\timer.py,25,2,0,0,0
django-debug-toolbar,C:\Users\Zhifei Chen\Desktop\pysmell\subjects_for_metrics\django-debug-toolbar\debug_toolbar\panels\timer.py,25,2,0,0,0
django-debug-toolbar,C:\Users\Zhifei Chen\Desktop\pysmell\subjects_for_metrics\django-debug-toolbar\debug_toolbar\panels\__init__.py,22,2,0,0,0
django-debug-toolbar,C:\Users\Zhifei Chen\Desktop\pysmell\subjects_for_metrics\django-debug-toolbar\debug_toolbar\panels\__init__.py,41,4,0,1,1
django-debug-toolbar,C:\Users\Zhifei Chen\Desktop\pysmell\subjects_for_metrics\django-debug-toolbar\debug_toolbar\panels\__init__.py,142,3,0,0,0
django-debug-toolbar,C:\Users\Zhifei Chen\Desktop\pysmell\subjects_for_metrics\django-debug-toolbar\debug_toolbar\panels\__init__.py,148,3,0,0,0
django-debug-toolbar,C:\Users\Zhifei Chen\Desktop\pysmell\subjects_for_metrics\django-debug-toolbar\debug_toolbar\panels\sql\forms.py,92,2,0,0,0
django-debug-toolbar,C:\Users\Zhifei Chen\Desktop\pysmell\subjects_for_metrics\django-debug-toolbar\debug_toolbar\panels\sql\panel.py,25,2,0,0,0
django-debug-toolbar,C:\Users\Zhifei Chen\Desktop\pysmell\subjects_for_metrics\django-debug-toolbar\debug_toolbar\panels\sql\panel.py,26,2,0,0,0
django-debug-toolbar,C:\Users\Zhifei Chen\Desktop\pysmell\subjects_for_metrics\django-debug-toolbar\debug_toolbar\panels\sql\panel.py,27,2,0,0,0
django-debug-toolbar,C:\Users\Zhifei Chen\Desktop\pysmell\subjects_for_metrics\django-debug-toolbar\debug_toolbar\panels\sql\panel.py,28,2,0,0,0
django-debug-toolbar,C:\Users\Zhifei Chen\Desktop\pysmell\subjects_for_metrics\django-debug-toolbar\debug_toolbar\panels\sql\panel.py,29,2,0,0,0
django-debug-toolbar,C:\Users\Zhifei Chen\Desktop\pysmell\subjects_for_metrics\django-debug-toolbar\debug_toolbar\panels\sql\panel.py,40,2,0,0,0
django-debug-toolbar,C:\Users\Zhifei Chen\Desktop\pysmell\subjects_for_metrics\django-debug-toolbar\debug_toolbar\panels\sql\panel.py,41,2,0,0,0
django-debug-toolbar,C:\Users\Zhifei Chen\Desktop\pysmell\subjects_for_metrics\django-debug-toolbar\debug_toolbar\panels\sql\panel.py,42,2,0,0,0
django-debug-toolbar,C:\Users\Zhifei Chen\Desktop\pysmell\subjects_for_metrics\django-debug-toolbar\debug_toolbar\panels\sql\panel.py,43,2,0,0,0
django-debug-toolbar,C:\Users\Zhifei Chen\Desktop\pysmell\subjects_for_metrics\django-debug-toolbar\debug_toolbar\panels\sql\panel.py,44,2,0,0,0
django-debug-toolbar,C:\Users\Zhifei Chen\Desktop\pysmell\subjects_for_metrics\django-debug-toolbar\debug_toolbar\panels\sql\panel.py,78,2,0,0,0
django-debug-toolbar,C:\Users\Zhifei Chen\Desktop\pysmell\subjects_for_metrics\django-debug-toolbar\debug_toolbar\panels\sql\panel.py,94,2,0,0,0
django-debug-toolbar,C:\Users\Zhifei Chen\Desktop\pysmell\subjects_for_metrics\django-debug-toolbar\debug_toolbar\panels\sql\panel.py,148,2,0,0,0
django-debug-toolbar,C:\Users\Zhifei Chen\Desktop\pysmell\subjects_for_metrics\django-debug-toolbar\debug_toolbar\panels\sql\panel.py,230,2,0,0,0
django-debug-toolbar,C:\Users\Zhifei Chen\Desktop\pysmell\subjects_for_metrics\django-debug-toolbar\debug_toolbar\panels\sql\panel.py,237,2,0,0,0
django-debug-toolbar,C:\Users\Zhifei Chen\Desktop\pysmell\subjects_for_metrics\django-debug-toolbar\debug_toolbar\panels\sql\tracking.py,118,2,0,0,0
django-debug-toolbar,C:\Users\Zhifei Chen\Desktop\pysmell\subjects_for_metrics\django-debug-toolbar\debug_toolbar\panels\sql\tracking.py,124,3,0,0,0
django-debug-toolbar,C:\Users\Zhifei Chen\Desktop\pysmell\subjects_for_metrics\django-debug-toolbar\debug_toolbar\panels\sql\tracking.py,146,2,0,0,0
django-debug-toolbar,C:\Users\Zhifei Chen\Desktop\pysmell\subjects_for_metrics\django-debug-toolbar\debug_toolbar\panels\sql\tracking.py,153,2,0,0,0
django-debug-toolbar,C:\Users\Zhifei Chen\Desktop\pysmell\subjects_for_metrics\django-debug-toolbar\debug_toolbar\panels\sql\tracking.py,156,2,0,0,0
django-debug-toolbar,C:\Users\Zhifei Chen\Desktop\pysmell\subjects_for_metrics\django-debug-toolbar\debug_toolbar\panels\sql\tracking.py,159,2,0,0,0
django-debug-toolbar,C:\Users\Zhifei Chen\Desktop\pysmell\subjects_for_metrics\django-debug-toolbar\debug_toolbar\panels\sql\tracking.py,162,2,0,0,0
django-debug-toolbar,C:\Users\Zhifei Chen\Desktop\pysmell\subjects_for_metrics\django-debug-toolbar\debug_toolbar\panels\sql\utils.py,24,2,0,0,0
django-debug-toolbar,C:\Users\Zhifei Chen\Desktop\pysmell\subjects_for_metrics\django-debug-toolbar\debug_toolbar\panels\sql\utils.py,25,2,0,0,0
django-debug-toolbar,C:\Users\Zhifei Chen\Desktop\pysmell\subjects_for_metrics\django-debug-toolbar\debug_toolbar\panels\sql\utils.py,26,2,0,0,0
django-debug-toolbar,C:\Users\Zhifei Chen\Desktop\pysmell\subjects_for_metrics\django-debug-toolbar\debug_toolbar\panels\sql\utils.py,26,2,0,0,0
django-debug-toolbar,C:\Users\Zhifei Chen\Desktop\pysmell\subjects_for_metrics\django-debug-toolbar\debug_toolbar\panels\sql\views.py,43,2,0,0,0
django-debug-toolbar,C:\Users\Zhifei Chen\Desktop\pysmell\subjects_for_metrics\django-debug-toolbar\debug_toolbar\panels\templates\panel.py,73,2,0,0,0
django-debug-toolbar,C:\Users\Zhifei Chen\Desktop\pysmell\subjects_for_metrics\django-debug-toolbar\debug_toolbar\panels\templates\panel.py,107,2,0,0,0
django-debug-toolbar,C:\Users\Zhifei Chen\Desktop\pysmell\subjects_for_metrics\django-debug-toolbar\debug_toolbar\panels\templates\panel.py,130,3,0,0,0
django-debug-toolbar,C:\Users\Zhifei Chen\Desktop\pysmell\subjects_for_metrics\django-debug-toolbar\debug_toolbar\panels\templates\panel.py,130,2,0,0,0
django-debug-toolbar,C:\Users\Zhifei Chen\Desktop\pysmell\subjects_for_metrics\django-debug-toolbar\debug_toolbar\panels\templates\panel.py,132,3,0,0,0
django-debug-toolbar,C:\Users\Zhifei Chen\Desktop\pysmell\subjects_for_metrics\django-debug-toolbar\debug_toolbar\panels\templates\panel.py,154,2,0,0,0
django-debug-toolbar,C:\Users\Zhifei Chen\Desktop\pysmell\subjects_for_metrics\django-debug-toolbar\debug_toolbar\panels\templates\panel.py,191,2,0,0,0
django-debug-toolbar,C:\Users\Zhifei Chen\Desktop\pysmell\subjects_for_metrics\django-debug-toolbar\debug_toolbar\panels\templates\panel.py,192,2,0,0,0
django-debug-toolbar,C:\Users\Zhifei Chen\Desktop\pysmell\subjects_for_metrics\django-debug-toolbar\debug_toolbar\panels\templates\panel.py,197,2,0,0,0
django-debug-toolbar,C:\Users\Zhifei Chen\Desktop\pysmell\subjects_for_metrics\django-debug-toolbar\debug_toolbar\panels\templates\views.py,16,2,0,0,0
django-debug-toolbar,C:\Users\Zhifei Chen\Desktop\pysmell\subjects_for_metrics\django-debug-toolbar\docs\conf.py,20,2,0,0,0
django-debug-toolbar,C:\Users\Zhifei Chen\Desktop\pysmell\subjects_for_metrics\django-debug-toolbar\docs\conf.py,20,2,0,0,0
django-debug-toolbar,C:\Users\Zhifei Chen\Desktop\pysmell\subjects_for_metrics\django-debug-toolbar\docs\conf.py,20,2,0,0,0
django-debug-toolbar,C:\Users\Zhifei Chen\Desktop\pysmell\subjects_for_metrics\django-debug-toolbar\docs\conf.py,55,2,0,0,0
django-debug-toolbar,C:\Users\Zhifei Chen\Desktop\pysmell\subjects_for_metrics\django-debug-toolbar\example\manage.py,6,2,0,0,0
django-debug-toolbar,C:\Users\Zhifei Chen\Desktop\pysmell\subjects_for_metrics\django-debug-toolbar\example\settings.py,5,2,0,0,0
django-debug-toolbar,C:\Users\Zhifei Chen\Desktop\pysmell\subjects_for_metrics\django-debug-toolbar\example\settings.py,5,2,0,0,0
django-debug-toolbar,C:\Users\Zhifei Chen\Desktop\pysmell\subjects_for_metrics\django-debug-toolbar\example\settings.py,41,2,0,0,0
django-debug-toolbar,C:\Users\Zhifei Chen\Desktop\pysmell\subjects_for_metrics\django-debug-toolbar\example\settings.py,57,2,0,0,0
django-debug-toolbar,C:\Users\Zhifei Chen\Desktop\pysmell\subjects_for_metrics\django-debug-toolbar\example\settings.py,62,2,0,0,0
django-debug-toolbar,C:\Users\Zhifei Chen\Desktop\pysmell\subjects_for_metrics\django-debug-toolbar\example\settings.py,73,2,0,0,0
django-debug-toolbar,C:\Users\Zhifei Chen\Desktop\pysmell\subjects_for_metrics\django-debug-toolbar\example\settings.py,104,2,0,0,0
django-debug-toolbar,C:\Users\Zhifei Chen\Desktop\pysmell\subjects_for_metrics\django-debug-toolbar\example\urls.py,10,2,0,0,0
django-debug-toolbar,C:\Users\Zhifei Chen\Desktop\pysmell\subjects_for_metrics\django-debug-toolbar\example\wsgi.py,7,2,0,0,0
django-debug-toolbar,C:\Users\Zhifei Chen\Desktop\pysmell\subjects_for_metrics\django-debug-toolbar\tests\base.py,26,2,0,0,0
django-debug-toolbar,C:\Users\Zhifei Chen\Desktop\pysmell\subjects_for_metrics\django-debug-toolbar\tests\loaders.py,11,2,0,0,0
django-debug-toolbar,C:\Users\Zhifei Chen\Desktop\pysmell\subjects_for_metrics\django-debug-toolbar\tests\loaders.py,16,2,0,0,0
django-debug-toolbar,C:\Users\Zhifei Chen\Desktop\pysmell\subjects_for_metrics\django-debug-toolbar\tests\settings.py,5,2,0,0,0
django-debug-toolbar,C:\Users\Zhifei Chen\Desktop\pysmell\subjects_for_metrics\django-debug-toolbar\tests\settings.py,5,2,0,0,0
django-debug-toolbar,C:\Users\Zhifei Chen\Desktop\pysmell\subjects_for_metrics\django-debug-toolbar\tests\settings.py,44,2,0,0,0
django-debug-toolbar,C:\Users\Zhifei Chen\Desktop\pysmell\subjects_for_metrics\django-debug-toolbar\tests\settings.py,49,2,0,0,0
django-debug-toolbar,C:\Users\Zhifei Chen\Desktop\pysmell\subjects_for_metrics\django-debug-toolbar\tests\settings.py,50,2,0,0,0
django-debug-toolbar,C:\Users\Zhifei Chen\Desktop\pysmell\subjects_for_metrics\django-debug-toolbar\tests\test_integration.py,45,2,0,0,0
django-debug-toolbar,C:\Users\Zhifei Chen\Desktop\pysmell\subjects_for_metrics\django-debug-toolbar\tests\test_integration.py,46,2,0,0,0
django-debug-toolbar,C:\Users\Zhifei Chen\Desktop\pysmell\subjects_for_metrics\django-debug-toolbar\tests\test_integration.py,92,2,0,0,0
django-debug-toolbar,C:\Users\Zhifei Chen\Desktop\pysmell\subjects_for_metrics\django-debug-toolbar\tests\test_integration.py,94,2,0,0,0
django-debug-toolbar,C:\Users\Zhifei Chen\Desktop\pysmell\subjects_for_metrics\django-debug-toolbar\tests\test_integration.py,95,2,0,0,0
django-debug-toolbar,C:\Users\Zhifei Chen\Desktop\pysmell\subjects_for_metrics\django-debug-toolbar\tests\test_integration.py,97,2,0,0,0
django-debug-toolbar,C:\Users\Zhifei Chen\Desktop\pysmell\subjects_for_metrics\django-debug-toolbar\tests\test_integration.py,104,2,0,0,0
django-debug-toolbar,C:\Users\Zhifei Chen\Desktop\pysmell\subjects_for_metrics\django-debug-toolbar\tests\test_integration.py,109,2,0,0,0
django-debug-toolbar,C:\Users\Zhifei Chen\Desktop\pysmell\subjects_for_metrics\django-debug-toolbar\tests\test_integration.py,113,2,0,0,0
django-debug-toolbar,C:\Users\Zhifei Chen\Desktop\pysmell\subjects_for_metrics\django-debug-toolbar\tests\test_integration.py,118,2,0,0,0
django-debug-toolbar,C:\Users\Zhifei Chen\Desktop\pysmell\subjects_for_metrics\django-debug-toolbar\tests\test_integration.py,134,2,0,0,0
django-debug-toolbar,C:\Users\Zhifei Chen\Desktop\pysmell\subjects_for_metrics\django-debug-toolbar\tests\test_integration.py,138,2,0,0,0
django-debug-toolbar,C:\Users\Zhifei Chen\Desktop\pysmell\subjects_for_metrics\django-debug-toolbar\tests\test_integration.py,139,2,0,0,0
django-debug-toolbar,C:\Users\Zhifei Chen\Desktop\pysmell\subjects_for_metrics\django-debug-toolbar\tests\test_integration.py,146,2,0,0,0
django-debug-toolbar,C:\Users\Zhifei Chen\Desktop\pysmell\subjects_for_metrics\django-debug-toolbar\tests\test_integration.py,156,2,0,0,0
django-debug-toolbar,C:\Users\Zhifei Chen\Desktop\pysmell\subjects_for_metrics\django-debug-toolbar\tests\test_integration.py,157,2,0,0,0
django-debug-toolbar,C:\Users\Zhifei Chen\Desktop\pysmell\subjects_for_metrics\django-debug-toolbar\tests\test_integration.py,160,2,0,0,0
django-debug-toolbar,C:\Users\Zhifei Chen\Desktop\pysmell\subjects_for_metrics\django-debug-toolbar\tests\test_integration.py,174,2,0,0,0
django-debug-toolbar,C:\Users\Zhifei Chen\Desktop\pysmell\subjects_for_metrics\django-debug-toolbar\tests\test_integration.py,175,2,0,0,0
django-debug-toolbar,C:\Users\Zhifei Chen\Desktop\pysmell\subjects_for_metrics\django-debug-toolbar\tests\test_integration.py,178,2,0,0,0
django-debug-toolbar,C:\Users\Zhifei Chen\Desktop\pysmell\subjects_for_metrics\django-debug-toolbar\tests\test_integration.py,188,2,0,0,0
django-debug-toolbar,C:\Users\Zhifei Chen\Desktop\pysmell\subjects_for_metrics\django-debug-toolbar\tests\views.py,12,2,0,0,0
django-debug-toolbar,C:\Users\Zhifei Chen\Desktop\pysmell\subjects_for_metrics\django-debug-toolbar\tests\views.py,21,2,0,0,0
django-debug-toolbar,C:\Users\Zhifei Chen\Desktop\pysmell\subjects_for_metrics\django-debug-toolbar\tests\__init__.py,14,2,0,0,0
django-debug-toolbar,C:\Users\Zhifei Chen\Desktop\pysmell\subjects_for_metrics\django-debug-toolbar\tests\__init__.py,15,2,0,0,0
django-debug-toolbar,C:\Users\Zhifei Chen\Desktop\pysmell\subjects_for_metrics\django-debug-toolbar\tests\commands\test_debugsqlshell.py,31,2,0,0,0
django-debug-toolbar,C:\Users\Zhifei Chen\Desktop\pysmell\subjects_for_metrics\django-debug-toolbar\tests\commands\test_debugsqlshell.py,32,2,0,0,0
django-debug-toolbar,C:\Users\Zhifei Chen\Desktop\pysmell\subjects_for_metrics\django-debug-toolbar\tests\panels\test_cache.py,14,2,0,0,0
django-debug-toolbar,C:\Users\Zhifei Chen\Desktop\pysmell\subjects_for_metrics\django-debug-toolbar\tests\panels\test_cache.py,15,2,0,0,0
django-debug-toolbar,C:\Users\Zhifei Chen\Desktop\pysmell\subjects_for_metrics\django-debug-toolbar\tests\panels\test_cache.py,18,2,0,0,0
django-debug-toolbar,C:\Users\Zhifei Chen\Desktop\pysmell\subjects_for_metrics\django-debug-toolbar\tests\panels\test_cache.py,22,2,0,0,0
django-debug-toolbar,C:\Users\Zhifei Chen\Desktop\pysmell\subjects_for_metrics\django-debug-toolbar\tests\panels\test_cache.py,23,2,0,0,0
django-debug-toolbar,C:\Users\Zhifei Chen\Desktop\pysmell\subjects_for_metrics\django-debug-toolbar\tests\panels\test_cache.py,24,2,0,0,0
django-debug-toolbar,C:\Users\Zhifei Chen\Desktop\pysmell\subjects_for_metrics\django-debug-toolbar\tests\panels\test_cache.py,25,2,0,0,0
django-debug-toolbar,C:\Users\Zhifei Chen\Desktop\pysmell\subjects_for_metrics\django-debug-toolbar\tests\panels\test_cache.py,27,2,0,0,0
django-debug-toolbar,C:\Users\Zhifei Chen\Desktop\pysmell\subjects_for_metrics\django-debug-toolbar\tests\panels\test_cache.py,28,2,0,0,0
django-debug-toolbar,C:\Users\Zhifei Chen\Desktop\pysmell\subjects_for_metrics\django-debug-toolbar\tests\panels\test_cache.py,31,2,0,0,0
django-debug-toolbar,C:\Users\Zhifei Chen\Desktop\pysmell\subjects_for_metrics\django-debug-toolbar\tests\panels\test_cache.py,36,2,0,0,0
django-debug-toolbar,C:\Users\Zhifei Chen\Desktop\pysmell\subjects_for_metrics\django-debug-toolbar\tests\panels\test_cache.py,43,2,0,0,0
django-debug-toolbar,C:\Users\Zhifei Chen\Desktop\pysmell\subjects_for_metrics\django-debug-toolbar\tests\panels\test_cache.py,44,2,0,0,0
django-debug-toolbar,C:\Users\Zhifei Chen\Desktop\pysmell\subjects_for_metrics\django-debug-toolbar\tests\panels\test_cache.py,46,2,0,0,0
django-debug-toolbar,C:\Users\Zhifei Chen\Desktop\pysmell\subjects_for_metrics\django-debug-toolbar\tests\panels\test_cache.py,47,2,0,0,0
django-debug-toolbar,C:\Users\Zhifei Chen\Desktop\pysmell\subjects_for_metrics\django-debug-toolbar\tests\panels\test_cache.py,49,2,0,0,0
django-debug-toolbar,C:\Users\Zhifei Chen\Desktop\pysmell\subjects_for_metrics\django-debug-toolbar\tests\panels\test_logging.py,18,2,0,0,0
django-debug-toolbar,C:\Users\Zhifei Chen\Desktop\pysmell\subjects_for_metrics\django-debug-toolbar\tests\panels\test_logging.py,24,2,0,0,0
django-debug-toolbar,C:\Users\Zhifei Chen\Desktop\pysmell\subjects_for_metrics\django-debug-toolbar\tests\panels\test_logging.py,27,2,0,0,0
django-debug-toolbar,C:\Users\Zhifei Chen\Desktop\pysmell\subjects_for_metrics\django-debug-toolbar\tests\panels\test_logging.py,29,2,0,0,0
django-debug-toolbar,C:\Users\Zhifei Chen\Desktop\pysmell\subjects_for_metrics\django-debug-toolbar\tests\panels\test_logging.py,30,2,0,0,0
django-debug-toolbar,C:\Users\Zhifei Chen\Desktop\pysmell\subjects_for_metrics\django-debug-toolbar\tests\panels\test_logging.py,31,2,0,0,0
django-debug-toolbar,C:\Users\Zhifei Chen\Desktop\pysmell\subjects_for_metrics\django-debug-toolbar\tests\panels\test_logging.py,38,2,0,0,0
django-debug-toolbar,C:\Users\Zhifei Chen\Desktop\pysmell\subjects_for_metrics\django-debug-toolbar\tests\panels\test_logging.py,40,2,0,0,0
django-debug-toolbar,C:\Users\Zhifei Chen\Desktop\pysmell\subjects_for_metrics\django-debug-toolbar\tests\panels\test_logging.py,41,2,0,0,0
django-debug-toolbar,C:\Users\Zhifei Chen\Desktop\pysmell\subjects_for_metrics\django-debug-toolbar\tests\panels\test_logging.py,42,2,0,0,0
django-debug-toolbar,C:\Users\Zhifei Chen\Desktop\pysmell\subjects_for_metrics\django-debug-toolbar\tests\panels\test_logging.py,53,2,0,0,0
django-debug-toolbar,C:\Users\Zhifei Chen\Desktop\pysmell\subjects_for_metrics\django-debug-toolbar\tests\panels\test_logging.py,54,2,0,0,0
django-debug-toolbar,C:\Users\Zhifei Chen\Desktop\pysmell\subjects_for_metrics\django-debug-toolbar\tests\panels\test_logging.py,56,2,0,0,0
django-debug-toolbar,C:\Users\Zhifei Chen\Desktop\pysmell\subjects_for_metrics\django-debug-toolbar\tests\panels\test_logging.py,57,2,0,0,0
django-debug-toolbar,C:\Users\Zhifei Chen\Desktop\pysmell\subjects_for_metrics\django-debug-toolbar\tests\panels\test_logging.py,59,2,0,0,0
django-debug-toolbar,C:\Users\Zhifei Chen\Desktop\pysmell\subjects_for_metrics\django-debug-toolbar\tests\panels\test_logging.py,67,2,0,0,0
django-debug-toolbar,C:\Users\Zhifei Chen\Desktop\pysmell\subjects_for_metrics\django-debug-toolbar\tests\panels\test_logging.py,69,2,0,0,0
django-debug-toolbar,C:\Users\Zhifei Chen\Desktop\pysmell\subjects_for_metrics\django-debug-toolbar\tests\panels\test_logging.py,70,2,0,0,0
django-debug-toolbar,C:\Users\Zhifei Chen\Desktop\pysmell\subjects_for_metrics\django-debug-toolbar\tests\panels\test_logging.py,71,2,0,0,0
django-debug-toolbar,C:\Users\Zhifei Chen\Desktop\pysmell\subjects_for_metrics\django-debug-toolbar\tests\panels\test_profiling.py,17,2,0,0,0
django-debug-toolbar,C:\Users\Zhifei Chen\Desktop\pysmell\subjects_for_metrics\django-debug-toolbar\tests\panels\test_profiling.py,20,2,0,0,0
django-debug-toolbar,C:\Users\Zhifei Chen\Desktop\pysmell\subjects_for_metrics\django-debug-toolbar\tests\panels\test_profiling.py,21,2,0,0,0
django-debug-toolbar,C:\Users\Zhifei Chen\Desktop\pysmell\subjects_for_metrics\django-debug-toolbar\tests\panels\test_profiling.py,22,2,0,0,0
django-debug-toolbar,C:\Users\Zhifei Chen\Desktop\pysmell\subjects_for_metrics\django-debug-toolbar\tests\panels\test_profiling.py,23,2,0,0,0
django-debug-toolbar,C:\Users\Zhifei Chen\Desktop\pysmell\subjects_for_metrics\django-debug-toolbar\tests\panels\test_profiling.py,24,2,0,0,0
django-debug-toolbar,C:\Users\Zhifei Chen\Desktop\pysmell\subjects_for_metrics\django-debug-toolbar\tests\panels\test_profiling.py,31,2,0,0,0
django-debug-toolbar,C:\Users\Zhifei Chen\Desktop\pysmell\subjects_for_metrics\django-debug-toolbar\tests\panels\test_profiling.py,32,2,0,0,0
django-debug-toolbar,C:\Users\Zhifei Chen\Desktop\pysmell\subjects_for_metrics\django-debug-toolbar\tests\panels\test_profiling.py,34,2,0,0,0
django-debug-toolbar,C:\Users\Zhifei Chen\Desktop\pysmell\subjects_for_metrics\django-debug-toolbar\tests\panels\test_profiling.py,35,2,0,0,0
django-debug-toolbar,C:\Users\Zhifei Chen\Desktop\pysmell\subjects_for_metrics\django-debug-toolbar\tests\panels\test_profiling.py,37,2,0,0,0
django-debug-toolbar,C:\Users\Zhifei Chen\Desktop\pysmell\subjects_for_metrics\django-debug-toolbar\tests\panels\test_profiling.py,45,2,0,0,0
django-debug-toolbar,C:\Users\Zhifei Chen\Desktop\pysmell\subjects_for_metrics\django-debug-toolbar\tests\panels\test_profiling.py,47,2,0,0,0
django-debug-toolbar,C:\Users\Zhifei Chen\Desktop\pysmell\subjects_for_metrics\django-debug-toolbar\tests\panels\test_profiling.py,49,2,0,0,0
django-debug-toolbar,C:\Users\Zhifei Chen\Desktop\pysmell\subjects_for_metrics\django-debug-toolbar\tests\panels\test_profiling.py,53,2,0,0,0
django-debug-toolbar,C:\Users\Zhifei Chen\Desktop\pysmell\subjects_for_metrics\django-debug-toolbar\tests\panels\test_profiling.py,54,2,0,0,0
django-debug-toolbar,C:\Users\Zhifei Chen\Desktop\pysmell\subjects_for_metrics\django-debug-toolbar\tests\panels\test_redirects.py,15,2,0,0,0
django-debug-toolbar,C:\Users\Zhifei Chen\Desktop\pysmell\subjects_for_metrics\django-debug-toolbar\tests\panels\test_redirects.py,18,2,0,0,0
django-debug-toolbar,C:\Users\Zhifei Chen\Desktop\pysmell\subjects_for_metrics\django-debug-toolbar\tests\panels\test_redirects.py,23,2,0,0,0
django-debug-toolbar,C:\Users\Zhifei Chen\Desktop\pysmell\subjects_for_metrics\django-debug-toolbar\tests\panels\test_redirects.py,29,2,0,0,0
django-debug-toolbar,C:\Users\Zhifei Chen\Desktop\pysmell\subjects_for_metrics\django-debug-toolbar\tests\panels\test_redirects.py,45,2,0,0,0
django-debug-toolbar,C:\Users\Zhifei Chen\Desktop\pysmell\subjects_for_metrics\django-debug-toolbar\tests\panels\test_redirects.py,56,2,0,0,0
django-debug-toolbar,C:\Users\Zhifei Chen\Desktop\pysmell\subjects_for_metrics\django-debug-toolbar\tests\panels\test_redirects.py,65,2,0,0,0
django-debug-toolbar,C:\Users\Zhifei Chen\Desktop\pysmell\subjects_for_metrics\django-debug-toolbar\tests\panels\test_redirects.py,74,2,0,0,0
django-debug-toolbar,C:\Users\Zhifei Chen\Desktop\pysmell\subjects_for_metrics\django-debug-toolbar\tests\panels\test_redirects.py,76,2,0,0,0
django-debug-toolbar,C:\Users\Zhifei Chen\Desktop\pysmell\subjects_for_metrics\django-debug-toolbar\tests\panels\test_request.py,14,2,0,0,0
django-debug-toolbar,C:\Users\Zhifei Chen\Desktop\pysmell\subjects_for_metrics\django-debug-toolbar\tests\panels\test_request.py,17,2,0,0,0
django-debug-toolbar,C:\Users\Zhifei Chen\Desktop\pysmell\subjects_for_metrics\django-debug-toolbar\tests\panels\test_request.py,19,2,0,0,0
django-debug-toolbar,C:\Users\Zhifei Chen\Desktop\pysmell\subjects_for_metrics\django-debug-toolbar\tests\panels\test_request.py,20,2,0,0,0
django-debug-toolbar,C:\Users\Zhifei Chen\Desktop\pysmell\subjects_for_metrics\django-debug-toolbar\tests\panels\test_request.py,21,2,0,0,0
django-debug-toolbar,C:\Users\Zhifei Chen\Desktop\pysmell\subjects_for_metrics\django-debug-toolbar\tests\panels\test_request.py,22,2,0,0,0
django-debug-toolbar,C:\Users\Zhifei Chen\Desktop\pysmell\subjects_for_metrics\django-debug-toolbar\tests\panels\test_request.py,23,2,0,0,0
django-debug-toolbar,C:\Users\Zhifei Chen\Desktop\pysmell\subjects_for_metrics\django-debug-toolbar\tests\panels\test_request.py,31,2,0,0,0
django-debug-toolbar,C:\Users\Zhifei Chen\Desktop\pysmell\subjects_for_metrics\django-debug-toolbar\tests\panels\test_request.py,32,2,0,0,0
django-debug-toolbar,C:\Users\Zhifei Chen\Desktop\pysmell\subjects_for_metrics\django-debug-toolbar\tests\panels\test_request.py,33,2,0,0,0
django-debug-toolbar,C:\Users\Zhifei Chen\Desktop\pysmell\subjects_for_metrics\django-debug-toolbar\tests\panels\test_request.py,34,2,0,0,0
django-debug-toolbar,C:\Users\Zhifei Chen\Desktop\pysmell\subjects_for_metrics\django-debug-toolbar\tests\panels\test_request.py,35,2,0,0,0
django-debug-toolbar,C:\Users\Zhifei Chen\Desktop\pysmell\subjects_for_metrics\django-debug-toolbar\tests\panels\test_request.py,42,2,0,0,0
django-debug-toolbar,C:\Users\Zhifei Chen\Desktop\pysmell\subjects_for_metrics\django-debug-toolbar\tests\panels\test_request.py,43,2,0,0,0
django-debug-toolbar,C:\Users\Zhifei Chen\Desktop\pysmell\subjects_for_metrics\django-debug-toolbar\tests\panels\test_request.py,45,2,0,0,0
django-debug-toolbar,C:\Users\Zhifei Chen\Desktop\pysmell\subjects_for_metrics\django-debug-toolbar\tests\panels\test_request.py,46,2,0,0,0
django-debug-toolbar,C:\Users\Zhifei Chen\Desktop\pysmell\subjects_for_metrics\django-debug-toolbar\tests\panels\test_request.py,48,2,0,0,0
django-debug-toolbar,C:\Users\Zhifei Chen\Desktop\pysmell\subjects_for_metrics\django-debug-toolbar\tests\panels\test_sql.py,20,2,0,0,0
django-debug-toolbar,C:\Users\Zhifei Chen\Desktop\pysmell\subjects_for_metrics\django-debug-toolbar\tests\panels\test_sql.py,21,2,0,0,0
django-debug-toolbar,C:\Users\Zhifei Chen\Desktop\pysmell\subjects_for_metrics\django-debug-toolbar\tests\panels\test_sql.py,24,2,0,0,0
django-debug-toolbar,C:\Users\Zhifei Chen\Desktop\pysmell\subjects_for_metrics\django-debug-toolbar\tests\panels\test_sql.py,31,2,0,0,0
django-debug-toolbar,C:\Users\Zhifei Chen\Desktop\pysmell\subjects_for_metrics\django-debug-toolbar\tests\panels\test_sql.py,33,2,0,0,0
django-debug-toolbar,C:\Users\Zhifei Chen\Desktop\pysmell\subjects_for_metrics\django-debug-toolbar\tests\panels\test_sql.py,36,2,0,0,0
django-debug-toolbar,C:\Users\Zhifei Chen\Desktop\pysmell\subjects_for_metrics\django-debug-toolbar\tests\panels\test_sql.py,38,2,0,0,0
django-debug-toolbar,C:\Users\Zhifei Chen\Desktop\pysmell\subjects_for_metrics\django-debug-toolbar\tests\panels\test_sql.py,41,2,0,0,0
django-debug-toolbar,C:\Users\Zhifei Chen\Desktop\pysmell\subjects_for_metrics\django-debug-toolbar\tests\panels\test_sql.py,42,2,0,0,0
django-debug-toolbar,C:\Users\Zhifei Chen\Desktop\pysmell\subjects_for_metrics\django-debug-toolbar\tests\panels\test_sql.py,52,2,0,0,0
django-debug-toolbar,C:\Users\Zhifei Chen\Desktop\pysmell\subjects_for_metrics\django-debug-toolbar\tests\panels\test_sql.py,55,2,0,0,0
django-debug-toolbar,C:\Users\Zhifei Chen\Desktop\pysmell\subjects_for_metrics\django-debug-toolbar\tests\panels\test_sql.py,56,2,0,0,0
django-debug-toolbar,C:\Users\Zhifei Chen\Desktop\pysmell\subjects_for_metrics\django-debug-toolbar\tests\panels\test_sql.py,59,2,0,0,0
django-debug-toolbar,C:\Users\Zhifei Chen\Desktop\pysmell\subjects_for_metrics\django-debug-toolbar\tests\panels\test_sql.py,60,2,0,0,0
django-debug-toolbar,C:\Users\Zhifei Chen\Desktop\pysmell\subjects_for_metrics\django-debug-toolbar\tests\panels\test_sql.py,63,2,0,0,0
django-debug-toolbar,C:\Users\Zhifei Chen\Desktop\pysmell\subjects_for_metrics\django-debug-toolbar\tests\panels\test_sql.py,64,2,0,0,0
django-debug-toolbar,C:\Users\Zhifei Chen\Desktop\pysmell\subjects_for_metrics\django-debug-toolbar\tests\panels\test_sql.py,66,2,0,0,0
django-debug-toolbar,C:\Users\Zhifei Chen\Desktop\pysmell\subjects_for_metrics\django-debug-toolbar\tests\panels\test_sql.py,67,2,0,0,0
django-debug-toolbar,C:\Users\Zhifei Chen\Desktop\pysmell\subjects_for_metrics\django-debug-toolbar\tests\panels\test_sql.py,70,2,0,0,0
django-debug-toolbar,C:\Users\Zhifei Chen\Desktop\pysmell\subjects_for_metrics\django-debug-toolbar\tests\panels\test_sql.py,77,2,0,0,0
django-debug-toolbar,C:\Users\Zhifei Chen\Desktop\pysmell\subjects_for_metrics\django-debug-toolbar\tests\panels\test_sql.py,78,2,0,0,0
django-debug-toolbar,C:\Users\Zhifei Chen\Desktop\pysmell\subjects_for_metrics\django-debug-toolbar\tests\panels\test_sql.py,80,2,0,0,0
django-debug-toolbar,C:\Users\Zhifei Chen\Desktop\pysmell\subjects_for_metrics\django-debug-toolbar\tests\panels\test_sql.py,81,2,0,0,0
django-debug-toolbar,C:\Users\Zhifei Chen\Desktop\pysmell\subjects_for_metrics\django-debug-toolbar\tests\panels\test_sql.py,83,2,0,0,0
django-debug-toolbar,C:\Users\Zhifei Chen\Desktop\pysmell\subjects_for_metrics\django-debug-toolbar\tests\panels\test_sql.py,97,2,0,0,0
django-debug-toolbar,C:\Users\Zhifei Chen\Desktop\pysmell\subjects_for_metrics\django-debug-toolbar\tests\panels\test_sql.py,100,2,0,0,0
django-debug-toolbar,C:\Users\Zhifei Chen\Desktop\pysmell\subjects_for_metrics\django-debug-toolbar\tests\panels\test_sql.py,103,2,0,0,0
django-debug-toolbar,C:\Users\Zhifei Chen\Desktop\pysmell\subjects_for_metrics\django-debug-toolbar\tests\panels\test_sql.py,104,2,0,0,0
django-debug-toolbar,C:\Users\Zhifei Chen\Desktop\pysmell\subjects_for_metrics\django-debug-toolbar\tests\panels\test_sql.py,120,2,0,0,0
django-debug-toolbar,C:\Users\Zhifei Chen\Desktop\pysmell\subjects_for_metrics\django-debug-toolbar\tests\panels\test_sql.py,126,2,0,0,0
django-debug-toolbar,C:\Users\Zhifei Chen\Desktop\pysmell\subjects_for_metrics\django-debug-toolbar\tests\panels\test_sql.py,127,2,0,0,0
django-debug-toolbar,C:\Users\Zhifei Chen\Desktop\pysmell\subjects_for_metrics\django-debug-toolbar\tests\panels\test_staticfiles.py,14,2,0,0,0
django-debug-toolbar,C:\Users\Zhifei Chen\Desktop\pysmell\subjects_for_metrics\django-debug-toolbar\tests\panels\test_staticfiles.py,17,2,0,0,0
django-debug-toolbar,C:\Users\Zhifei Chen\Desktop\pysmell\subjects_for_metrics\django-debug-toolbar\tests\panels\test_staticfiles.py,18,2,0,0,0
django-debug-toolbar,C:\Users\Zhifei Chen\Desktop\pysmell\subjects_for_metrics\django-debug-toolbar\tests\panels\test_staticfiles.py,19,2,0,0,0
django-debug-toolbar,C:\Users\Zhifei Chen\Desktop\pysmell\subjects_for_metrics\django-debug-toolbar\tests\panels\test_staticfiles.py,21,2,0,0,0
django-debug-toolbar,C:\Users\Zhifei Chen\Desktop\pysmell\subjects_for_metrics\django-debug-toolbar\tests\panels\test_staticfiles.py,23,2,0,0,0
django-debug-toolbar,C:\Users\Zhifei Chen\Desktop\pysmell\subjects_for_metrics\django-debug-toolbar\tests\panels\test_staticfiles.py,24,2,0,0,0
django-debug-toolbar,C:\Users\Zhifei Chen\Desktop\pysmell\subjects_for_metrics\django-debug-toolbar\tests\panels\test_staticfiles.py,25,2,0,0,0
django-debug-toolbar,C:\Users\Zhifei Chen\Desktop\pysmell\subjects_for_metrics\django-debug-toolbar\tests\panels\test_staticfiles.py,26,2,0,0,0
django-debug-toolbar,C:\Users\Zhifei Chen\Desktop\pysmell\subjects_for_metrics\django-debug-toolbar\tests\panels\test_staticfiles.py,28,2,0,0,0
django-debug-toolbar,C:\Users\Zhifei Chen\Desktop\pysmell\subjects_for_metrics\django-debug-toolbar\tests\panels\test_staticfiles.py,36,2,0,0,0
django-debug-toolbar,C:\Users\Zhifei Chen\Desktop\pysmell\subjects_for_metrics\django-debug-toolbar\tests\panels\test_staticfiles.py,37,2,0,0,0
django-debug-toolbar,C:\Users\Zhifei Chen\Desktop\pysmell\subjects_for_metrics\django-debug-toolbar\tests\panels\test_staticfiles.py,40,2,0,0,0
django-debug-toolbar,C:\Users\Zhifei Chen\Desktop\pysmell\subjects_for_metrics\django-debug-toolbar\tests\panels\test_staticfiles.py,41,2,0,0,0
django-debug-toolbar,C:\Users\Zhifei Chen\Desktop\pysmell\subjects_for_metrics\django-debug-toolbar\tests\panels\test_staticfiles.py,44,2,0,0,0
django-debug-toolbar,C:\Users\Zhifei Chen\Desktop\pysmell\subjects_for_metrics\django-debug-toolbar\tests\panels\test_template.py,16,2,0,0,0
django-debug-toolbar,C:\Users\Zhifei Chen\Desktop\pysmell\subjects_for_metrics\django-debug-toolbar\tests\panels\test_template.py,17,2,0,0,0
django-debug-toolbar,C:\Users\Zhifei Chen\Desktop\pysmell\subjects_for_metrics\django-debug-toolbar\tests\panels\test_template.py,18,2,0,0,0
django-debug-toolbar,C:\Users\Zhifei Chen\Desktop\pysmell\subjects_for_metrics\django-debug-toolbar\tests\panels\test_template.py,19,2,0,0,0
django-debug-toolbar,C:\Users\Zhifei Chen\Desktop\pysmell\subjects_for_metrics\django-debug-toolbar\tests\panels\test_template.py,22,2,0,0,0
django-debug-toolbar,C:\Users\Zhifei Chen\Desktop\pysmell\subjects_for_metrics\django-debug-toolbar\tests\panels\test_template.py,23,2,0,0,0
django-debug-toolbar,C:\Users\Zhifei Chen\Desktop\pysmell\subjects_for_metrics\django-debug-toolbar\tests\panels\test_template.py,29,2,0,0,0
django-debug-toolbar,C:\Users\Zhifei Chen\Desktop\pysmell\subjects_for_metrics\django-debug-toolbar\tests\panels\test_template.py,31,2,0,0,0
django-debug-toolbar,C:\Users\Zhifei Chen\Desktop\pysmell\subjects_for_metrics\django-debug-toolbar\tests\panels\test_template.py,37,2,0,0,0
django-debug-toolbar,C:\Users\Zhifei Chen\Desktop\pysmell\subjects_for_metrics\django-debug-toolbar\tests\panels\test_template.py,39,2,0,0,0
django-debug-toolbar,C:\Users\Zhifei Chen\Desktop\pysmell\subjects_for_metrics\django-debug-toolbar\tests\panels\test_template.py,44,2,0,0,0
django-debug-toolbar,C:\Users\Zhifei Chen\Desktop\pysmell\subjects_for_metrics\django-debug-toolbar\tests\panels\test_template.py,48,2,0,0,0
django-debug-toolbar,C:\Users\Zhifei Chen\Desktop\pysmell\subjects_for_metrics\django-debug-toolbar\tests\panels\test_template.py,49,2,0,0,0
django-debug-toolbar,C:\Users\Zhifei Chen\Desktop\pysmell\subjects_for_metrics\django-debug-toolbar\tests\panels\test_template.py,50,2,0,0,0
django-debug-toolbar,C:\Users\Zhifei Chen\Desktop\pysmell\subjects_for_metrics\django-debug-toolbar\tests\panels\test_template.py,60,2,0,0,0
django-debug-toolbar,C:\Users\Zhifei Chen\Desktop\pysmell\subjects_for_metrics\django-debug-toolbar\tests\panels\test_template.py,62,2,0,0,0
django-debug-toolbar,C:\Users\Zhifei Chen\Desktop\pysmell\subjects_for_metrics\django-debug-toolbar\tests\panels\test_template.py,63,2,0,0,0
django-debug-toolbar,C:\Users\Zhifei Chen\Desktop\pysmell\subjects_for_metrics\django-debug-toolbar\tests\panels\test_template.py,65,2,0,0,0
django-debug-toolbar,C:\Users\Zhifei Chen\Desktop\pysmell\subjects_for_metrics\django-debug-toolbar\tests\panels\test_template.py,68,2,0,0,0
django-debug-toolbar,C:\Users\Zhifei Chen\Desktop\pysmell\subjects_for_metrics\django-debug-toolbar\tests\panels\test_template.py,72,2,0,0,0
django-debug-toolbar,C:\Users\Zhifei Chen\Desktop\pysmell\subjects_for_metrics\django-debug-toolbar\tests\panels\test_template.py,73,2,0,0,0
django-debug-toolbar,C:\Users\Zhifei Chen\Desktop\pysmell\subjects_for_metrics\django-debug-toolbar\tests\panels\test_template.py,74,2,0,0,0
django-debug-toolbar,C:\Users\Zhifei Chen\Desktop\pysmell\subjects_for_metrics\django-debug-toolbar\tests\panels\test_template.py,81,2,0,0,0
django-debug-toolbar,C:\Users\Zhifei Chen\Desktop\pysmell\subjects_for_metrics\django-debug-toolbar\tests\panels\test_template.py,83,2,0,0,0
