subject,file,lineno,MLOC,experience-based,statistics-based,tuning machine
django-debug-toolbar,C:\Users\Zhifei Chen\Desktop\pysmell\subjects_for_metrics\django-debug-toolbar\debug_toolbar\apps.py,13,3,0,0,0
django-debug-toolbar,C:\Users\Zhifei Chen\Desktop\pysmell\subjects_for_metrics\django-debug-toolbar\debug_toolbar\compat.py,24,8,0,0,0
django-debug-toolbar,C:\Users\Zhifei Chen\Desktop\pysmell\subjects_for_metrics\django-debug-toolbar\debug_toolbar\compat.py,38,9,0,0,0
django-debug-toolbar,C:\Users\Zhifei Chen\Desktop\pysmell\subjects_for_metrics\django-debug-toolbar\debug_toolbar\compat.py,54,8,0,0,0
django-debug-toolbar,C:\Users\Zhifei Chen\Desktop\pysmell\subjects_for_metrics\django-debug-toolbar\debug_toolbar\middleware.py,23,5,0,0,0
django-debug-toolbar,C:\Users\Zhifei Chen\Desktop\pysmell\subjects_for_metrics\django-debug-toolbar\debug_toolbar\middleware.py,43,4,0,0,0
django-debug-toolbar,C:\Users\Zhifei Chen\Desktop\pysmell\subjects_for_metrics\django-debug-toolbar\debug_toolbar\middleware.py,52,12,0,0,0
django-debug-toolbar,C:\Users\Zhifei Chen\Desktop\pysmell\subjects_for_metrics\django-debug-toolbar\debug_toolbar\middleware.py,72,9,0,0,0
django-debug-toolbar,C:\Users\Zhifei Chen\Desktop\pysmell\subjects_for_metrics\django-debug-toolbar\debug_toolbar\middleware.py,85,35,1,1,0
django-debug-toolbar,C:\Users\Zhifei Chen\Desktop\pysmell\subjects_for_metrics\django-debug-toolbar\debug_toolbar\settings.py,156,13,0,0,0
django-debug-toolbar,C:\Users\Zhifei Chen\Desktop\pysmell\subjects_for_metrics\django-debug-toolbar\debug_toolbar\settings.py,177,5,0,0,0
django-debug-toolbar,C:\Users\Zhifei Chen\Desktop\pysmell\subjects_for_metrics\django-debug-toolbar\debug_toolbar\settings.py,185,2,0,0,0
django-debug-toolbar,C:\Users\Zhifei Chen\Desktop\pysmell\subjects_for_metrics\django-debug-toolbar\debug_toolbar\settings.py,191,3,0,0,0
django-debug-toolbar,C:\Users\Zhifei Chen\Desktop\pysmell\subjects_for_metrics\django-debug-toolbar\debug_toolbar\settings.py,199,3,0,0,0
django-debug-toolbar,C:\Users\Zhifei Chen\Desktop\pysmell\subjects_for_metrics\django-debug-toolbar\debug_toolbar\settings.py,205,3,0,0,0
django-debug-toolbar,C:\Users\Zhifei Chen\Desktop\pysmell\subjects_for_metrics\django-debug-toolbar\debug_toolbar\settings.py,211,11,0,0,0
django-debug-toolbar,C:\Users\Zhifei Chen\Desktop\pysmell\subjects_for_metrics\django-debug-toolbar\debug_toolbar\settings.py,225,2,0,0,0
django-debug-toolbar,C:\Users\Zhifei Chen\Desktop\pysmell\subjects_for_metrics\django-debug-toolbar\debug_toolbar\toolbar.py,22,8,0,0,0
django-debug-toolbar,C:\Users\Zhifei Chen\Desktop\pysmell\subjects_for_metrics\django-debug-toolbar\debug_toolbar\toolbar.py,34,2,0,0,0
django-debug-toolbar,C:\Users\Zhifei Chen\Desktop\pysmell\subjects_for_metrics\django-debug-toolbar\debug_toolbar\toolbar.py,41,2,0,0,0
django-debug-toolbar,C:\Users\Zhifei Chen\Desktop\pysmell\subjects_for_metrics\django-debug-toolbar\debug_toolbar\toolbar.py,48,1,0,0,0
django-debug-toolbar,C:\Users\Zhifei Chen\Desktop\pysmell\subjects_for_metrics\django-debug-toolbar\debug_toolbar\toolbar.py,56,10,0,0,0
django-debug-toolbar,C:\Users\Zhifei Chen\Desktop\pysmell\subjects_for_metrics\django-debug-toolbar\debug_toolbar\toolbar.py,78,4,0,0,0
django-debug-toolbar,C:\Users\Zhifei Chen\Desktop\pysmell\subjects_for_metrics\django-debug-toolbar\debug_toolbar\toolbar.py,84,8,0,0,0
django-debug-toolbar,C:\Users\Zhifei Chen\Desktop\pysmell\subjects_for_metrics\django-debug-toolbar\debug_toolbar\toolbar.py,96,2,0,0,0
django-debug-toolbar,C:\Users\Zhifei Chen\Desktop\pysmell\subjects_for_metrics\django-debug-toolbar\debug_toolbar\toolbar.py,105,24,1,0,0
django-debug-toolbar,C:\Users\Zhifei Chen\Desktop\pysmell\subjects_for_metrics\django-debug-toolbar\debug_toolbar\toolbar.py,135,9,0,0,0
django-debug-toolbar,C:\Users\Zhifei Chen\Desktop\pysmell\subjects_for_metrics\django-debug-toolbar\debug_toolbar\utils.py,31,9,0,0,0
django-debug-toolbar,C:\Users\Zhifei Chen\Desktop\pysmell\subjects_for_metrics\django-debug-toolbar\debug_toolbar\utils.py,50,1,0,0,0
django-debug-toolbar,C:\Users\Zhifei Chen\Desktop\pysmell\subjects_for_metrics\django-debug-toolbar\debug_toolbar\utils.py,54,7,0,0,0
django-debug-toolbar,C:\Users\Zhifei Chen\Desktop\pysmell\subjects_for_metrics\django-debug-toolbar\debug_toolbar\utils.py,72,10,0,0,0
django-debug-toolbar,C:\Users\Zhifei Chen\Desktop\pysmell\subjects_for_metrics\django-debug-toolbar\debug_toolbar\utils.py,90,20,0,0,0
django-debug-toolbar,C:\Users\Zhifei Chen\Desktop\pysmell\subjects_for_metrics\django-debug-toolbar\debug_toolbar\utils.py,117,21,0,0,0
django-debug-toolbar,C:\Users\Zhifei Chen\Desktop\pysmell\subjects_for_metrics\django-debug-toolbar\debug_toolbar\utils.py,152,9,0,0,0
django-debug-toolbar,C:\Users\Zhifei Chen\Desktop\pysmell\subjects_for_metrics\django-debug-toolbar\debug_toolbar\utils.py,167,30,1,1,0
django-debug-toolbar,C:\Users\Zhifei Chen\Desktop\pysmell\subjects_for_metrics\django-debug-toolbar\debug_toolbar\utils.py,222,6,0,0,0
django-debug-toolbar,C:\Users\Zhifei Chen\Desktop\pysmell\subjects_for_metrics\django-debug-toolbar\debug_toolbar\utils.py,240,4,0,0,0
django-debug-toolbar,C:\Users\Zhifei Chen\Desktop\pysmell\subjects_for_metrics\django-debug-toolbar\debug_toolbar\utils.py,247,5,0,0,0
django-debug-toolbar,C:\Users\Zhifei Chen\Desktop\pysmell\subjects_for_metrics\django-debug-toolbar\debug_toolbar\utils.py,258,4,0,0,0
django-debug-toolbar,C:\Users\Zhifei Chen\Desktop\pysmell\subjects_for_metrics\django-debug-toolbar\debug_toolbar\utils.py,264,0,0,0,0
django-debug-toolbar,C:\Users\Zhifei Chen\Desktop\pysmell\subjects_for_metrics\django-debug-toolbar\debug_toolbar\views.py,10,7,0,0,0
django-debug-toolbar,C:\Users\Zhifei Chen\Desktop\pysmell\subjects_for_metrics\django-debug-toolbar\debug_toolbar\management\commands\debugsqlshell.py,12,8,0,0,0
django-debug-toolbar,C:\Users\Zhifei Chen\Desktop\pysmell\subjects_for_metrics\django-debug-toolbar\debug_toolbar\panels\cache.py,30,2,0,0,0
django-debug-toolbar,C:\Users\Zhifei Chen\Desktop\pysmell\subjects_for_metrics\django-debug-toolbar\debug_toolbar\panels\cache.py,31,9,0,0,0
django-debug-toolbar,C:\Users\Zhifei Chen\Desktop\pysmell\subjects_for_metrics\django-debug-toolbar\debug_toolbar\panels\cache.py,52,1,0,0,0
django-debug-toolbar,C:\Users\Zhifei Chen\Desktop\pysmell\subjects_for_metrics\django-debug-toolbar\debug_toolbar\panels\cache.py,55,1,0,0,0
django-debug-toolbar,C:\Users\Zhifei Chen\Desktop\pysmell\subjects_for_metrics\django-debug-toolbar\debug_toolbar\panels\cache.py,58,3,0,0,0
django-debug-toolbar,C:\Users\Zhifei Chen\Desktop\pysmell\subjects_for_metrics\django-debug-toolbar\debug_toolbar\panels\cache.py,63,1,0,0,0
django-debug-toolbar,C:\Users\Zhifei Chen\Desktop\pysmell\subjects_for_metrics\django-debug-toolbar\debug_toolbar\panels\cache.py,66,1,0,0,0
django-debug-toolbar,C:\Users\Zhifei Chen\Desktop\pysmell\subjects_for_metrics\django-debug-toolbar\debug_toolbar\panels\cache.py,69,2,0,0,0
django-debug-toolbar,C:\Users\Zhifei Chen\Desktop\pysmell\subjects_for_metrics\django-debug-toolbar\debug_toolbar\panels\cache.py,73,2,0,0,0
django-debug-toolbar,C:\Users\Zhifei Chen\Desktop\pysmell\subjects_for_metrics\django-debug-toolbar\debug_toolbar\panels\cache.py,77,2,0,0,0
django-debug-toolbar,C:\Users\Zhifei Chen\Desktop\pysmell\subjects_for_metrics\django-debug-toolbar\debug_toolbar\panels\cache.py,81,2,0,0,0
django-debug-toolbar,C:\Users\Zhifei Chen\Desktop\pysmell\subjects_for_metrics\django-debug-toolbar\debug_toolbar\panels\cache.py,85,2,0,0,0
django-debug-toolbar,C:\Users\Zhifei Chen\Desktop\pysmell\subjects_for_metrics\django-debug-toolbar\debug_toolbar\panels\cache.py,89,2,0,0,0
django-debug-toolbar,C:\Users\Zhifei Chen\Desktop\pysmell\subjects_for_metrics\django-debug-toolbar\debug_toolbar\panels\cache.py,95,2,0,0,0
django-debug-toolbar,C:\Users\Zhifei Chen\Desktop\pysmell\subjects_for_metrics\django-debug-toolbar\debug_toolbar\panels\cache.py,99,2,0,0,0
django-debug-toolbar,C:\Users\Zhifei Chen\Desktop\pysmell\subjects_for_metrics\django-debug-toolbar\debug_toolbar\panels\cache.py,103,2,0,0,0
django-debug-toolbar,C:\Users\Zhifei Chen\Desktop\pysmell\subjects_for_metrics\django-debug-toolbar\debug_toolbar\panels\cache.py,107,1,0,0,0
django-debug-toolbar,C:\Users\Zhifei Chen\Desktop\pysmell\subjects_for_metrics\django-debug-toolbar\debug_toolbar\panels\cache.py,111,1,0,0,0
django-debug-toolbar,C:\Users\Zhifei Chen\Desktop\pysmell\subjects_for_metrics\django-debug-toolbar\debug_toolbar\panels\cache.py,115,2,0,0,0
django-debug-toolbar,C:\Users\Zhifei Chen\Desktop\pysmell\subjects_for_metrics\django-debug-toolbar\debug_toolbar\panels\cache.py,119,2,0,0,0
django-debug-toolbar,C:\Users\Zhifei Chen\Desktop\pysmell\subjects_for_metrics\django-debug-toolbar\debug_toolbar\panels\cache.py,125,1,0,0,0
django-debug-toolbar,C:\Users\Zhifei Chen\Desktop\pysmell\subjects_for_metrics\django-debug-toolbar\debug_toolbar\panels\cache.py,130,2,0,0,0
django-debug-toolbar,C:\Users\Zhifei Chen\Desktop\pysmell\subjects_for_metrics\django-debug-toolbar\debug_toolbar\panels\cache.py,151,19,0,0,0
django-debug-toolbar,C:\Users\Zhifei Chen\Desktop\pysmell\subjects_for_metrics\django-debug-toolbar\debug_toolbar\panels\cache.py,174,20,0,0,0
django-debug-toolbar,C:\Users\Zhifei Chen\Desktop\pysmell\subjects_for_metrics\django-debug-toolbar\debug_toolbar\panels\cache.py,206,6,0,0,0
django-debug-toolbar,C:\Users\Zhifei Chen\Desktop\pysmell\subjects_for_metrics\django-debug-toolbar\debug_toolbar\panels\cache.py,214,5,0,0,0
django-debug-toolbar,C:\Users\Zhifei Chen\Desktop\pysmell\subjects_for_metrics\django-debug-toolbar\debug_toolbar\panels\cache.py,221,5,0,0,0
django-debug-toolbar,C:\Users\Zhifei Chen\Desktop\pysmell\subjects_for_metrics\django-debug-toolbar\debug_toolbar\panels\cache.py,229,4,0,0,0
django-debug-toolbar,C:\Users\Zhifei Chen\Desktop\pysmell\subjects_for_metrics\django-debug-toolbar\debug_toolbar\panels\cache.py,238,0,0,0,0
django-debug-toolbar,C:\Users\Zhifei Chen\Desktop\pysmell\subjects_for_metrics\django-debug-toolbar\debug_toolbar\panels\headers.py,38,10,0,0,0
django-debug-toolbar,C:\Users\Zhifei Chen\Desktop\pysmell\subjects_for_metrics\django-debug-toolbar\debug_toolbar\panels\headers.py,51,3,0,0,0
django-debug-toolbar,C:\Users\Zhifei Chen\Desktop\pysmell\subjects_for_metrics\django-debug-toolbar\debug_toolbar\panels\headers.py,58,1,0,0,0
django-debug-toolbar,C:\Users\Zhifei Chen\Desktop\pysmell\subjects_for_metrics\django-debug-toolbar\debug_toolbar\panels\headers.py,64,1,0,0,0
django-debug-toolbar,C:\Users\Zhifei Chen\Desktop\pysmell\subjects_for_metrics\django-debug-toolbar\debug_toolbar\panels\logging.py,21,3,0,0,0
django-debug-toolbar,C:\Users\Zhifei Chen\Desktop\pysmell\subjects_for_metrics\django-debug-toolbar\debug_toolbar\panels\logging.py,30,1,0,0,0
django-debug-toolbar,C:\Users\Zhifei Chen\Desktop\pysmell\subjects_for_metrics\django-debug-toolbar\debug_toolbar\panels\logging.py,34,12,0,0,0
django-debug-toolbar,C:\Users\Zhifei Chen\Desktop\pysmell\subjects_for_metrics\django-debug-toolbar\debug_toolbar\panels\logging.py,62,1,0,0,0
django-debug-toolbar,C:\Users\Zhifei Chen\Desktop\pysmell\subjects_for_metrics\django-debug-toolbar\debug_toolbar\panels\logging.py,68,5,0,0,0
django-debug-toolbar,C:\Users\Zhifei Chen\Desktop\pysmell\subjects_for_metrics\django-debug-toolbar\debug_toolbar\panels\logging.py,77,0,0,0,0
django-debug-toolbar,C:\Users\Zhifei Chen\Desktop\pysmell\subjects_for_metrics\django-debug-toolbar\debug_toolbar\panels\logging.py,80,4,0,0,0
django-debug-toolbar,C:\Users\Zhifei Chen\Desktop\pysmell\subjects_for_metrics\django-debug-toolbar\debug_toolbar\panels\profiling.py,21,5,0,0,0
django-debug-toolbar,C:\Users\Zhifei Chen\Desktop\pysmell\subjects_for_metrics\django-debug-toolbar\debug_toolbar\panels\profiling.py,34,6,0,0,0
django-debug-toolbar,C:\Users\Zhifei Chen\Desktop\pysmell\subjects_for_metrics\django-debug-toolbar\debug_toolbar\panels\profiling.py,44,9,0,0,0
django-debug-toolbar,C:\Users\Zhifei Chen\Desktop\pysmell\subjects_for_metrics\django-debug-toolbar\debug_toolbar\panels\profiling.py,57,1,0,0,0
django-debug-toolbar,C:\Users\Zhifei Chen\Desktop\pysmell\subjects_for_metrics\django-debug-toolbar\debug_toolbar\panels\profiling.py,60,2,0,0,0
django-debug-toolbar,C:\Users\Zhifei Chen\Desktop\pysmell\subjects_for_metrics\django-debug-toolbar\debug_toolbar\panels\profiling.py,64,17,0,0,0
django-debug-toolbar,C:\Users\Zhifei Chen\Desktop\pysmell\subjects_for_metrics\django-debug-toolbar\debug_toolbar\panels\profiling.py,91,12,0,0,0
django-debug-toolbar,C:\Users\Zhifei Chen\Desktop\pysmell\subjects_for_metrics\django-debug-toolbar\debug_toolbar\panels\profiling.py,110,1,0,0,0
django-debug-toolbar,C:\Users\Zhifei Chen\Desktop\pysmell\subjects_for_metrics\django-debug-toolbar\debug_toolbar\panels\profiling.py,113,1,0,0,0
django-debug-toolbar,C:\Users\Zhifei Chen\Desktop\pysmell\subjects_for_metrics\django-debug-toolbar\debug_toolbar\panels\profiling.py,116,2,0,0,0
django-debug-toolbar,C:\Users\Zhifei Chen\Desktop\pysmell\subjects_for_metrics\django-debug-toolbar\debug_toolbar\panels\profiling.py,120,4,0,0,0
django-debug-toolbar,C:\Users\Zhifei Chen\Desktop\pysmell\subjects_for_metrics\django-debug-toolbar\debug_toolbar\panels\profiling.py,128,4,0,0,0
django-debug-toolbar,C:\Users\Zhifei Chen\Desktop\pysmell\subjects_for_metrics\django-debug-toolbar\debug_toolbar\panels\profiling.py,136,1,0,0,0
django-debug-toolbar,C:\Users\Zhifei Chen\Desktop\pysmell\subjects_for_metrics\django-debug-toolbar\debug_toolbar\panels\profiling.py,148,3,0,0,0
django-debug-toolbar,C:\Users\Zhifei Chen\Desktop\pysmell\subjects_for_metrics\django-debug-toolbar\debug_toolbar\panels\profiling.py,153,6,0,0,0
django-debug-toolbar,C:\Users\Zhifei Chen\Desktop\pysmell\subjects_for_metrics\django-debug-toolbar\debug_toolbar\panels\profiling.py,162,12,0,0,0
django-debug-toolbar,C:\Users\Zhifei Chen\Desktop\pysmell\subjects_for_metrics\django-debug-toolbar\debug_toolbar\panels\redirects.py,18,9,0,0,0
django-debug-toolbar,C:\Users\Zhifei Chen\Desktop\pysmell\subjects_for_metrics\django-debug-toolbar\debug_toolbar\panels\request.py,20,3,0,0,0
django-debug-toolbar,C:\Users\Zhifei Chen\Desktop\pysmell\subjects_for_metrics\django-debug-toolbar\debug_toolbar\panels\request.py,28,19,0,0,0
django-debug-toolbar,C:\Users\Zhifei Chen\Desktop\pysmell\subjects_for_metrics\django-debug-toolbar\debug_toolbar\panels\settings.py,20,1,0,0,0
django-debug-toolbar,C:\Users\Zhifei Chen\Desktop\pysmell\subjects_for_metrics\django-debug-toolbar\debug_toolbar\panels\settings.py,23,0,0,0,0
django-debug-toolbar,C:\Users\Zhifei Chen\Desktop\pysmell\subjects_for_metrics\django-debug-toolbar\debug_toolbar\panels\signals.py,37,11,0,0,0
django-debug-toolbar,C:\Users\Zhifei Chen\Desktop\pysmell\subjects_for_metrics\django-debug-toolbar\debug_toolbar\panels\signals.py,54,7,0,0,0
django-debug-toolbar,C:\Users\Zhifei Chen\Desktop\pysmell\subjects_for_metrics\django-debug-toolbar\debug_toolbar\panels\signals.py,63,23,0,0,0
django-debug-toolbar,C:\Users\Zhifei Chen\Desktop\pysmell\subjects_for_metrics\django-debug-toolbar\debug_toolbar\panels\staticfiles.py,28,1,0,0,0
django-debug-toolbar,C:\Users\Zhifei Chen\Desktop\pysmell\subjects_for_metrics\django-debug-toolbar\debug_toolbar\panels\staticfiles.py,31,1,0,0,0
django-debug-toolbar,C:\Users\Zhifei Chen\Desktop\pysmell\subjects_for_metrics\django-debug-toolbar\debug_toolbar\panels\staticfiles.py,34,1,0,0,0
django-debug-toolbar,C:\Users\Zhifei Chen\Desktop\pysmell\subjects_for_metrics\django-debug-toolbar\debug_toolbar\panels\staticfiles.py,37,1,0,0,0
django-debug-toolbar,C:\Users\Zhifei Chen\Desktop\pysmell\subjects_for_metrics\django-debug-toolbar\debug_toolbar\panels\staticfiles.py,43,3,0,0,0
django-debug-toolbar,C:\Users\Zhifei Chen\Desktop\pysmell\subjects_for_metrics\django-debug-toolbar\debug_toolbar\panels\staticfiles.py,59,3,0,0,0
django-debug-toolbar,C:\Users\Zhifei Chen\Desktop\pysmell\subjects_for_metrics\django-debug-toolbar\debug_toolbar\panels\staticfiles.py,65,1,0,0,0
django-debug-toolbar,C:\Users\Zhifei Chen\Desktop\pysmell\subjects_for_metrics\django-debug-toolbar\debug_toolbar\panels\staticfiles.py,69,1,0,0,0
django-debug-toolbar,C:\Users\Zhifei Chen\Desktop\pysmell\subjects_for_metrics\django-debug-toolbar\debug_toolbar\panels\staticfiles.py,85,3,0,0,0
django-debug-toolbar,C:\Users\Zhifei Chen\Desktop\pysmell\subjects_for_metrics\django-debug-toolbar\debug_toolbar\panels\staticfiles.py,90,2,0,0,0
django-debug-toolbar,C:\Users\Zhifei Chen\Desktop\pysmell\subjects_for_metrics\django-debug-toolbar\debug_toolbar\panels\staticfiles.py,95,1,0,0,0
django-debug-toolbar,C:\Users\Zhifei Chen\Desktop\pysmell\subjects_for_metrics\django-debug-toolbar\debug_toolbar\panels\staticfiles.py,98,1,0,0,0
django-debug-toolbar,C:\Users\Zhifei Chen\Desktop\pysmell\subjects_for_metrics\django-debug-toolbar\debug_toolbar\panels\staticfiles.py,101,2,0,0,0
django-debug-toolbar,C:\Users\Zhifei Chen\Desktop\pysmell\subjects_for_metrics\django-debug-toolbar\debug_toolbar\panels\staticfiles.py,107,5,0,0,0
django-debug-toolbar,C:\Users\Zhifei Chen\Desktop\pysmell\subjects_for_metrics\django-debug-toolbar\debug_toolbar\panels\staticfiles.py,114,0,0,0,0
django-debug-toolbar,C:\Users\Zhifei Chen\Desktop\pysmell\subjects_for_metrics\django-debug-toolbar\debug_toolbar\panels\staticfiles.py,117,9,0,0,0
django-debug-toolbar,C:\Users\Zhifei Chen\Desktop\pysmell\subjects_for_metrics\django-debug-toolbar\debug_toolbar\panels\staticfiles.py,130,14,0,0,0
django-debug-toolbar,C:\Users\Zhifei Chen\Desktop\pysmell\subjects_for_metrics\django-debug-toolbar\debug_toolbar\panels\staticfiles.py,152,5,0,0,0
django-debug-toolbar,C:\Users\Zhifei Chen\Desktop\pysmell\subjects_for_metrics\django-debug-toolbar\debug_toolbar\panels\staticfiles.py,162,7,0,0,0
django-debug-toolbar,C:\Users\Zhifei Chen\Desktop\pysmell\subjects_for_metrics\django-debug-toolbar\debug_toolbar\panels\timer.py,21,10,0,0,0
django-debug-toolbar,C:\Users\Zhifei Chen\Desktop\pysmell\subjects_for_metrics\django-debug-toolbar\debug_toolbar\panels\timer.py,41,9,0,0,0
django-debug-toolbar,C:\Users\Zhifei Chen\Desktop\pysmell\subjects_for_metrics\django-debug-toolbar\debug_toolbar\panels\timer.py,53,3,0,0,0
django-debug-toolbar,C:\Users\Zhifei Chen\Desktop\pysmell\subjects_for_metrics\django-debug-toolbar\debug_toolbar\panels\timer.py,58,13,0,0,0
django-debug-toolbar,C:\Users\Zhifei Chen\Desktop\pysmell\subjects_for_metrics\django-debug-toolbar\debug_toolbar\panels\timer.py,85,1,0,0,0
django-debug-toolbar,C:\Users\Zhifei Chen\Desktop\pysmell\subjects_for_metrics\django-debug-toolbar\debug_toolbar\panels\versions.py,17,2,0,0,0
django-debug-toolbar,C:\Users\Zhifei Chen\Desktop\pysmell\subjects_for_metrics\django-debug-toolbar\debug_toolbar\panels\versions.py,25,7,0,0,0
django-debug-toolbar,C:\Users\Zhifei Chen\Desktop\pysmell\subjects_for_metrics\django-debug-toolbar\debug_toolbar\panels\versions.py,36,6,0,0,0
django-debug-toolbar,C:\Users\Zhifei Chen\Desktop\pysmell\subjects_for_metrics\django-debug-toolbar\debug_toolbar\panels\versions.py,44,13,0,0,0
django-debug-toolbar,C:\Users\Zhifei Chen\Desktop\pysmell\subjects_for_metrics\django-debug-toolbar\debug_toolbar\panels\__init__.py,15,1,0,0,0
django-debug-toolbar,C:\Users\Zhifei Chen\Desktop\pysmell\subjects_for_metrics\django-debug-toolbar\debug_toolbar\panels\__init__.py,20,2,0,0,0
django-debug-toolbar,C:\Users\Zhifei Chen\Desktop\pysmell\subjects_for_metrics\django-debug-toolbar\debug_toolbar\panels\__init__.py,24,10,0,0,0
django-debug-toolbar,C:\Users\Zhifei Chen\Desktop\pysmell\subjects_for_metrics\django-debug-toolbar\debug_toolbar\panels\__init__.py,45,2,0,0,0
django-debug-toolbar,C:\Users\Zhifei Chen\Desktop\pysmell\subjects_for_metrics\django-debug-toolbar\debug_toolbar\panels\__init__.py,52,2,0,0,0
django-debug-toolbar,C:\Users\Zhifei Chen\Desktop\pysmell\subjects_for_metrics\django-debug-toolbar\debug_toolbar\panels\__init__.py,59,2,0,0,0
django-debug-toolbar,C:\Users\Zhifei Chen\Desktop\pysmell\subjects_for_metrics\django-debug-toolbar\debug_toolbar\panels\__init__.py,67,2,0,0,0
django-debug-toolbar,C:\Users\Zhifei Chen\Desktop\pysmell\subjects_for_metrics\django-debug-toolbar\debug_toolbar\panels\__init__.py,76,2,0,0,0
django-debug-toolbar,C:\Users\Zhifei Chen\Desktop\pysmell\subjects_for_metrics\django-debug-toolbar\debug_toolbar\panels\__init__.py,86,3,0,0,0
django-debug-toolbar,C:\Users\Zhifei Chen\Desktop\pysmell\subjects_for_metrics\django-debug-toolbar\debug_toolbar\panels\__init__.py,100,2,0,0,0
django-debug-toolbar,C:\Users\Zhifei Chen\Desktop\pysmell\subjects_for_metrics\django-debug-toolbar\debug_toolbar\panels\__init__.py,109,0,0,0,0
django-debug-toolbar,C:\Users\Zhifei Chen\Desktop\pysmell\subjects_for_metrics\django-debug-toolbar\debug_toolbar\panels\__init__.py,123,0,0,0,0
django-debug-toolbar,C:\Users\Zhifei Chen\Desktop\pysmell\subjects_for_metrics\django-debug-toolbar\debug_toolbar\panels\__init__.py,136,1,0,0,0
django-debug-toolbar,C:\Users\Zhifei Chen\Desktop\pysmell\subjects_for_metrics\django-debug-toolbar\debug_toolbar\panels\__init__.py,144,1,0,0,0
django-debug-toolbar,C:\Users\Zhifei Chen\Desktop\pysmell\subjects_for_metrics\django-debug-toolbar\debug_toolbar\panels\__init__.py,152,0,0,0,0
django-debug-toolbar,C:\Users\Zhifei Chen\Desktop\pysmell\subjects_for_metrics\django-debug-toolbar\debug_toolbar\panels\__init__.py,160,0,0,0,0
django-debug-toolbar,C:\Users\Zhifei Chen\Desktop\pysmell\subjects_for_metrics\django-debug-toolbar\debug_toolbar\panels\__init__.py,168,0,0,0,0
django-debug-toolbar,C:\Users\Zhifei Chen\Desktop\pysmell\subjects_for_metrics\django-debug-toolbar\debug_toolbar\panels\__init__.py,182,0,0,0,0
django-debug-toolbar,C:\Users\Zhifei Chen\Desktop\pysmell\subjects_for_metrics\django-debug-toolbar\debug_toolbar\panels\__init__.py,199,1,0,0,0
django-debug-toolbar,C:\Users\Zhifei Chen\Desktop\pysmell\subjects_for_metrics\django-debug-toolbar\debug_toolbar\panels\sql\forms.py,33,6,0,0,0
django-debug-toolbar,C:\Users\Zhifei Chen\Desktop\pysmell\subjects_for_metrics\django-debug-toolbar\debug_toolbar\panels\sql\forms.py,44,4,0,0,0
django-debug-toolbar,C:\Users\Zhifei Chen\Desktop\pysmell\subjects_for_metrics\django-debug-toolbar\debug_toolbar\panels\sql\forms.py,52,5,0,0,0
django-debug-toolbar,C:\Users\Zhifei Chen\Desktop\pysmell\subjects_for_metrics\django-debug-toolbar\debug_toolbar\panels\sql\forms.py,60,4,0,0,0
django-debug-toolbar,C:\Users\Zhifei Chen\Desktop\pysmell\subjects_for_metrics\django-debug-toolbar\debug_toolbar\panels\sql\forms.py,68,4,0,0,0
django-debug-toolbar,C:\Users\Zhifei Chen\Desktop\pysmell\subjects_for_metrics\django-debug-toolbar\debug_toolbar\panels\sql\forms.py,76,1,0,0,0
django-debug-toolbar,C:\Users\Zhifei Chen\Desktop\pysmell\subjects_for_metrics\django-debug-toolbar\debug_toolbar\panels\sql\forms.py,79,3,0,0,0
django-debug-toolbar,C:\Users\Zhifei Chen\Desktop\pysmell\subjects_for_metrics\django-debug-toolbar\debug_toolbar\panels\sql\forms.py,86,2,0,0,0
django-debug-toolbar,C:\Users\Zhifei Chen\Desktop\pysmell\subjects_for_metrics\django-debug-toolbar\debug_toolbar\panels\sql\forms.py,90,2,0,0,0
django-debug-toolbar,C:\Users\Zhifei Chen\Desktop\pysmell\subjects_for_metrics\django-debug-toolbar\debug_toolbar\panels\sql\panel.py,21,10,0,0,0
django-debug-toolbar,C:\Users\Zhifei Chen\Desktop\pysmell\subjects_for_metrics\django-debug-toolbar\debug_toolbar\panels\sql\panel.py,36,10,0,0,0
django-debug-toolbar,C:\Users\Zhifei Chen\Desktop\pysmell\subjects_for_metrics\django-debug-toolbar\debug_toolbar\panels\sql\panel.py,56,7,0,0,0
django-debug-toolbar,C:\Users\Zhifei Chen\Desktop\pysmell\subjects_for_metrics\django-debug-toolbar\debug_toolbar\panels\sql\panel.py,66,17,0,0,0
django-debug-toolbar,C:\Users\Zhifei Chen\Desktop\pysmell\subjects_for_metrics\django-debug-toolbar\debug_toolbar\panels\sql\panel.py,93,8,0,0,0
django-debug-toolbar,C:\Users\Zhifei Chen\Desktop\pysmell\subjects_for_metrics\django-debug-toolbar\debug_toolbar\panels\sql\panel.py,110,3,0,0,0
django-debug-toolbar,C:\Users\Zhifei Chen\Desktop\pysmell\subjects_for_metrics\django-debug-toolbar\debug_toolbar\panels\sql\panel.py,115,5,0,0,0
django-debug-toolbar,C:\Users\Zhifei Chen\Desktop\pysmell\subjects_for_metrics\django-debug-toolbar\debug_toolbar\panels\sql\panel.py,124,5,0,0,0
django-debug-toolbar,C:\Users\Zhifei Chen\Desktop\pysmell\subjects_for_metrics\django-debug-toolbar\debug_toolbar\panels\sql\panel.py,132,2,0,0,0
django-debug-toolbar,C:\Users\Zhifei Chen\Desktop\pysmell\subjects_for_metrics\django-debug-toolbar\debug_toolbar\panels\sql\panel.py,137,2,0,0,0
django-debug-toolbar,C:\Users\Zhifei Chen\Desktop\pysmell\subjects_for_metrics\django-debug-toolbar\debug_toolbar\panels\sql\panel.py,141,78,1,1,1
django-debug-toolbar,C:\Users\Zhifei Chen\Desktop\pysmell\subjects_for_metrics\django-debug-toolbar\debug_toolbar\panels\sql\tracking.py,20,1,0,0,0
django-debug-toolbar,C:\Users\Zhifei Chen\Desktop\pysmell\subjects_for_metrics\django-debug-toolbar\debug_toolbar\panels\sql\tracking.py,23,4,0,0,0
django-debug-toolbar,C:\Users\Zhifei Chen\Desktop\pysmell\subjects_for_metrics\django-debug-toolbar\debug_toolbar\panels\sql\tracking.py,29,1,0,0,0
django-debug-toolbar,C:\Users\Zhifei Chen\Desktop\pysmell\subjects_for_metrics\django-debug-toolbar\debug_toolbar\panels\sql\tracking.py,37,5,0,0,0
django-debug-toolbar,C:\Users\Zhifei Chen\Desktop\pysmell\subjects_for_metrics\django-debug-toolbar\debug_toolbar\panels\sql\tracking.py,41,1,0,0,0
django-debug-toolbar,C:\Users\Zhifei Chen\Desktop\pysmell\subjects_for_metrics\django-debug-toolbar\debug_toolbar\panels\sql\tracking.py,48,3,0,0,0
django-debug-toolbar,C:\Users\Zhifei Chen\Desktop\pysmell\subjects_for_metrics\django-debug-toolbar\debug_toolbar\panels\sql\tracking.py,59,1,0,0,0
django-debug-toolbar,C:\Users\Zhifei Chen\Desktop\pysmell\subjects_for_metrics\django-debug-toolbar\debug_toolbar\panels\sql\tracking.py,62,1,0,0,0
django-debug-toolbar,C:\Users\Zhifei Chen\Desktop\pysmell\subjects_for_metrics\django-debug-toolbar\debug_toolbar\panels\sql\tracking.py,71,3,0,0,0
django-debug-toolbar,C:\Users\Zhifei Chen\Desktop\pysmell\subjects_for_metrics\django-debug-toolbar\debug_toolbar\panels\sql\tracking.py,78,3,0,0,0
django-debug-toolbar,C:\Users\Zhifei Chen\Desktop\pysmell\subjects_for_metrics\django-debug-toolbar\debug_toolbar\panels\sql\tracking.py,84,5,0,0,0
django-debug-toolbar,C:\Users\Zhifei Chen\Desktop\pysmell\subjects_for_metrics\django-debug-toolbar\debug_toolbar\panels\sql\tracking.py,92,4,0,0,0
django-debug-toolbar,C:\Users\Zhifei Chen\Desktop\pysmell\subjects_for_metrics\django-debug-toolbar\debug_toolbar\panels\sql\tracking.py,98,42,1,1,0
django-debug-toolbar,C:\Users\Zhifei Chen\Desktop\pysmell\subjects_for_metrics\django-debug-toolbar\debug_toolbar\panels\sql\tracking.py,155,1,0,0,0
django-debug-toolbar,C:\Users\Zhifei Chen\Desktop\pysmell\subjects_for_metrics\django-debug-toolbar\debug_toolbar\panels\sql\tracking.py,158,1,0,0,0
django-debug-toolbar,C:\Users\Zhifei Chen\Desktop\pysmell\subjects_for_metrics\django-debug-toolbar\debug_toolbar\panels\sql\tracking.py,161,1,0,0,0
django-debug-toolbar,C:\Users\Zhifei Chen\Desktop\pysmell\subjects_for_metrics\django-debug-toolbar\debug_toolbar\panels\sql\tracking.py,164,1,0,0,0
django-debug-toolbar,C:\Users\Zhifei Chen\Desktop\pysmell\subjects_for_metrics\django-debug-toolbar\debug_toolbar\panels\sql\tracking.py,167,1,0,0,0
django-debug-toolbar,C:\Users\Zhifei Chen\Desktop\pysmell\subjects_for_metrics\django-debug-toolbar\debug_toolbar\panels\sql\tracking.py,170,1,0,0,0
django-debug-toolbar,C:\Users\Zhifei Chen\Desktop\pysmell\subjects_for_metrics\django-debug-toolbar\debug_toolbar\panels\sql\tracking.py,173,0,0,0,0
django-debug-toolbar,C:\Users\Zhifei Chen\Desktop\pysmell\subjects_for_metrics\django-debug-toolbar\debug_toolbar\panels\sql\utils.py,12,7,0,0,0
django-debug-toolbar,C:\Users\Zhifei Chen\Desktop\pysmell\subjects_for_metrics\django-debug-toolbar\debug_toolbar\panels\sql\utils.py,23,4,0,0,0
django-debug-toolbar,C:\Users\Zhifei Chen\Desktop\pysmell\subjects_for_metrics\django-debug-toolbar\debug_toolbar\panels\sql\utils.py,30,3,0,0,0
django-debug-toolbar,C:\Users\Zhifei Chen\Desktop\pysmell\subjects_for_metrics\django-debug-toolbar\debug_toolbar\panels\sql\utils.py,39,15,0,0,0
django-debug-toolbar,C:\Users\Zhifei Chen\Desktop\pysmell\subjects_for_metrics\django-debug-toolbar\debug_toolbar\panels\sql\utils.py,44,1,0,0,0
django-debug-toolbar,C:\Users\Zhifei Chen\Desktop\pysmell\subjects_for_metrics\django-debug-toolbar\debug_toolbar\panels\sql\views.py,10,18,0,0,0
django-debug-toolbar,C:\Users\Zhifei Chen\Desktop\pysmell\subjects_for_metrics\django-debug-toolbar\debug_toolbar\panels\sql\views.py,35,23,0,0,0
django-debug-toolbar,C:\Users\Zhifei Chen\Desktop\pysmell\subjects_for_metrics\django-debug-toolbar\debug_toolbar\panels\sql\views.py,71,29,1,1,0
django-debug-toolbar,C:\Users\Zhifei Chen\Desktop\pysmell\subjects_for_metrics\django-debug-toolbar\debug_toolbar\panels\templates\panel.py,42,12,0,0,0
django-debug-toolbar,C:\Users\Zhifei Chen\Desktop\pysmell\subjects_for_metrics\django-debug-toolbar\debug_toolbar\panels\templates\panel.py,66,18,0,0,0
django-debug-toolbar,C:\Users\Zhifei Chen\Desktop\pysmell\subjects_for_metrics\django-debug-toolbar\debug_toolbar\panels\templates\panel.py,98,1,0,0,0
django-debug-toolbar,C:\Users\Zhifei Chen\Desktop\pysmell\subjects_for_metrics\django-debug-toolbar\debug_toolbar\panels\templates\panel.py,102,38,1,1,0
django-debug-toolbar,C:\Users\Zhifei Chen\Desktop\pysmell\subjects_for_metrics\django-debug-toolbar\debug_toolbar\panels\templates\panel.py,160,3,0,0,0
django-debug-toolbar,C:\Users\Zhifei Chen\Desktop\pysmell\subjects_for_metrics\django-debug-toolbar\debug_toolbar\panels\templates\panel.py,165,4,0,0,0
django-debug-toolbar,C:\Users\Zhifei Chen\Desktop\pysmell\subjects_for_metrics\django-debug-toolbar\debug_toolbar\panels\templates\panel.py,173,3,0,0,0
django-debug-toolbar,C:\Users\Zhifei Chen\Desktop\pysmell\subjects_for_metrics\django-debug-toolbar\debug_toolbar\panels\templates\panel.py,179,0,0,0,0
django-debug-toolbar,C:\Users\Zhifei Chen\Desktop\pysmell\subjects_for_metrics\django-debug-toolbar\debug_toolbar\panels\templates\panel.py,182,0,0,0,0
django-debug-toolbar,C:\Users\Zhifei Chen\Desktop\pysmell\subjects_for_metrics\django-debug-toolbar\debug_toolbar\panels\templates\panel.py,185,20,0,0,0
django-debug-toolbar,C:\Users\Zhifei Chen\Desktop\pysmell\subjects_for_metrics\django-debug-toolbar\debug_toolbar\panels\templates\views.py,11,28,1,1,0
django-debug-toolbar,C:\Users\Zhifei Chen\Desktop\pysmell\subjects_for_metrics\django-debug-toolbar\tests\base.py,16,8,0,0,0
django-debug-toolbar,C:\Users\Zhifei Chen\Desktop\pysmell\subjects_for_metrics\django-debug-toolbar\tests\context_processors.py,1,0,0,0,0
django-debug-toolbar,C:\Users\Zhifei Chen\Desktop\pysmell\subjects_for_metrics\django-debug-toolbar\tests\loaders.py,9,1,0,0,0
django-debug-toolbar,C:\Users\Zhifei Chen\Desktop\pysmell\subjects_for_metrics\django-debug-toolbar\tests\loaders.py,14,1,0,0,0
django-debug-toolbar,C:\Users\Zhifei Chen\Desktop\pysmell\subjects_for_metrics\django-debug-toolbar\tests\models.py,9,1,0,0,0
django-debug-toolbar,C:\Users\Zhifei Chen\Desktop\pysmell\subjects_for_metrics\django-debug-toolbar\tests\test_integration.py,32,0,0,0,0
django-debug-toolbar,C:\Users\Zhifei Chen\Desktop\pysmell\subjects_for_metrics\django-debug-toolbar\tests\test_integration.py,35,2,0,0,0
django-debug-toolbar,C:\Users\Zhifei Chen\Desktop\pysmell\subjects_for_metrics\django-debug-toolbar\tests\test_integration.py,39,2,0,0,0
django-debug-toolbar,C:\Users\Zhifei Chen\Desktop\pysmell\subjects_for_metrics\django-debug-toolbar\tests\test_integration.py,43,6,0,0,0
django-debug-toolbar,C:\Users\Zhifei Chen\Desktop\pysmell\subjects_for_metrics\django-debug-toolbar\tests\test_integration.py,52,5,0,0,0
django-debug-toolbar,C:\Users\Zhifei Chen\Desktop\pysmell\subjects_for_metrics\django-debug-toolbar\tests\test_integration.py,59,3,0,0,0
django-debug-toolbar,C:\Users\Zhifei Chen\Desktop\pysmell\subjects_for_metrics\django-debug-toolbar\tests\test_integration.py,64,3,0,0,0
django-debug-toolbar,C:\Users\Zhifei Chen\Desktop\pysmell\subjects_for_metrics\django-debug-toolbar\tests\test_integration.py,69,5,0,0,0
django-debug-toolbar,C:\Users\Zhifei Chen\Desktop\pysmell\subjects_for_metrics\django-debug-toolbar\tests\test_integration.py,79,0,0,0,0
django-debug-toolbar,C:\Users\Zhifei Chen\Desktop\pysmell\subjects_for_metrics\django-debug-toolbar\tests\test_integration.py,82,0,0,0,0
django-debug-toolbar,C:\Users\Zhifei Chen\Desktop\pysmell\subjects_for_metrics\django-debug-toolbar\tests\test_integration.py,85,3,0,0,0
django-debug-toolbar,C:\Users\Zhifei Chen\Desktop\pysmell\subjects_for_metrics\django-debug-toolbar\tests\test_integration.py,91,5,0,0,0
django-debug-toolbar,C:\Users\Zhifei Chen\Desktop\pysmell\subjects_for_metrics\django-debug-toolbar\tests\test_integration.py,103,2,0,0,0
django-debug-toolbar,C:\Users\Zhifei Chen\Desktop\pysmell\subjects_for_metrics\django-debug-toolbar\tests\test_integration.py,107,7,0,0,0
django-debug-toolbar,C:\Users\Zhifei Chen\Desktop\pysmell\subjects_for_metrics\django-debug-toolbar\tests\test_integration.py,117,2,0,0,0
django-debug-toolbar,C:\Users\Zhifei Chen\Desktop\pysmell\subjects_for_metrics\django-debug-toolbar\tests\test_integration.py,127,2,0,0,0
django-debug-toolbar,C:\Users\Zhifei Chen\Desktop\pysmell\subjects_for_metrics\django-debug-toolbar\tests\test_integration.py,132,2,0,0,0
django-debug-toolbar,C:\Users\Zhifei Chen\Desktop\pysmell\subjects_for_metrics\django-debug-toolbar\tests\test_integration.py,137,8,0,0,0
django-debug-toolbar,C:\Users\Zhifei Chen\Desktop\pysmell\subjects_for_metrics\django-debug-toolbar\tests\test_integration.py,154,6,0,0,0
django-debug-toolbar,C:\Users\Zhifei Chen\Desktop\pysmell\subjects_for_metrics\django-debug-toolbar\tests\test_integration.py,167,10,0,0,0
django-debug-toolbar,C:\Users\Zhifei Chen\Desktop\pysmell\subjects_for_metrics\django-debug-toolbar\tests\test_utils.py,10,3,0,0,0
django-debug-toolbar,C:\Users\Zhifei Chen\Desktop\pysmell\subjects_for_metrics\django-debug-toolbar\tests\test_utils.py,11,1,0,0,0
django-debug-toolbar,C:\Users\Zhifei Chen\Desktop\pysmell\subjects_for_metrics\django-debug-toolbar\tests\test_utils.py,16,2,0,0,0
django-debug-toolbar,C:\Users\Zhifei Chen\Desktop\pysmell\subjects_for_metrics\django-debug-toolbar\tests\test_utils.py,20,3,0,0,0
django-debug-toolbar,C:\Users\Zhifei Chen\Desktop\pysmell\subjects_for_metrics\django-debug-toolbar\tests\views.py,11,1,0,0,0
django-debug-toolbar,C:\Users\Zhifei Chen\Desktop\pysmell\subjects_for_metrics\django-debug-toolbar\tests\views.py,16,1,0,0,0
django-debug-toolbar,C:\Users\Zhifei Chen\Desktop\pysmell\subjects_for_metrics\django-debug-toolbar\tests\views.py,20,1,0,0,0
django-debug-toolbar,C:\Users\Zhifei Chen\Desktop\pysmell\subjects_for_metrics\django-debug-toolbar\tests\views.py,25,1,0,0,0
django-debug-toolbar,C:\Users\Zhifei Chen\Desktop\pysmell\subjects_for_metrics\django-debug-toolbar\tests\views.py,30,2,0,0,0
django-debug-toolbar,C:\Users\Zhifei Chen\Desktop\pysmell\subjects_for_metrics\django-debug-toolbar\tests\__init__.py,10,5,0,0,0
django-debug-toolbar,C:\Users\Zhifei Chen\Desktop\pysmell\subjects_for_metrics\django-debug-toolbar\tests\__init__.py,19,4,0,0,0
django-debug-toolbar,C:\Users\Zhifei Chen\Desktop\pysmell\subjects_for_metrics\django-debug-toolbar\tests\commands\test_debugsqlshell.py,16,4,0,0,0
django-debug-toolbar,C:\Users\Zhifei Chen\Desktop\pysmell\subjects_for_metrics\django-debug-toolbar\tests\commands\test_debugsqlshell.py,25,1,0,0,0
django-debug-toolbar,C:\Users\Zhifei Chen\Desktop\pysmell\subjects_for_metrics\django-debug-toolbar\tests\commands\test_debugsqlshell.py,28,5,0,0,0
django-debug-toolbar,C:\Users\Zhifei Chen\Desktop\pysmell\subjects_for_metrics\django-debug-toolbar\tests\panels\test_cache.py,12,2,0,0,0
django-debug-toolbar,C:\Users\Zhifei Chen\Desktop\pysmell\subjects_for_metrics\django-debug-toolbar\tests\panels\test_cache.py,17,1,0,0,0
django-debug-toolbar,C:\Users\Zhifei Chen\Desktop\pysmell\subjects_for_metrics\django-debug-toolbar\tests\panels\test_cache.py,21,5,0,0,0
django-debug-toolbar,C:\Users\Zhifei Chen\Desktop\pysmell\subjects_for_metrics\django-debug-toolbar\tests\panels\test_cache.py,30,5,0,0,0
django-debug-toolbar,C:\Users\Zhifei Chen\Desktop\pysmell\subjects_for_metrics\django-debug-toolbar\tests\panels\test_cache.py,38,5,0,0,0
django-debug-toolbar,C:\Users\Zhifei Chen\Desktop\pysmell\subjects_for_metrics\django-debug-toolbar\tests\panels\test_logging.py,16,4,0,0,0
django-debug-toolbar,C:\Users\Zhifei Chen\Desktop\pysmell\subjects_for_metrics\django-debug-toolbar\tests\panels\test_logging.py,26,6,0,0,0
django-debug-toolbar,C:\Users\Zhifei Chen\Desktop\pysmell\subjects_for_metrics\django-debug-toolbar\tests\panels\test_logging.py,37,6,0,0,0
django-debug-toolbar,C:\Users\Zhifei Chen\Desktop\pysmell\subjects_for_metrics\django-debug-toolbar\tests\panels\test_logging.py,48,5,0,0,0
django-debug-toolbar,C:\Users\Zhifei Chen\Desktop\pysmell\subjects_for_metrics\django-debug-toolbar\tests\panels\test_logging.py,61,8,0,0,0
django-debug-toolbar,C:\Users\Zhifei Chen\Desktop\pysmell\subjects_for_metrics\django-debug-toolbar\tests\panels\test_logging.py,63,1,0,0,0
django-debug-toolbar,C:\Users\Zhifei Chen\Desktop\pysmell\subjects_for_metrics\django-debug-toolbar\tests\panels\test_profiling.py,15,1,0,0,0
django-debug-toolbar,C:\Users\Zhifei Chen\Desktop\pysmell\subjects_for_metrics\django-debug-toolbar\tests\panels\test_profiling.py,19,4,0,0,0
django-debug-toolbar,C:\Users\Zhifei Chen\Desktop\pysmell\subjects_for_metrics\django-debug-toolbar\tests\panels\test_profiling.py,26,5,0,0,0
django-debug-toolbar,C:\Users\Zhifei Chen\Desktop\pysmell\subjects_for_metrics\django-debug-toolbar\tests\panels\test_profiling.py,44,7,0,0,0
django-debug-toolbar,C:\Users\Zhifei Chen\Desktop\pysmell\subjects_for_metrics\django-debug-toolbar\tests\panels\test_redirects.py,13,1,0,0,0
django-debug-toolbar,C:\Users\Zhifei Chen\Desktop\pysmell\subjects_for_metrics\django-debug-toolbar\tests\panels\test_redirects.py,17,2,0,0,0
django-debug-toolbar,C:\Users\Zhifei Chen\Desktop\pysmell\subjects_for_metrics\django-debug-toolbar\tests\panels\test_redirects.py,21,3,0,0,0
django-debug-toolbar,C:\Users\Zhifei Chen\Desktop\pysmell\subjects_for_metrics\django-debug-toolbar\tests\panels\test_redirects.py,26,9,0,0,0
django-debug-toolbar,C:\Users\Zhifei Chen\Desktop\pysmell\subjects_for_metrics\django-debug-toolbar\tests\panels\test_redirects.py,37,12,0,0,0
django-debug-toolbar,C:\Users\Zhifei Chen\Desktop\pysmell\subjects_for_metrics\django-debug-toolbar\tests\panels\test_redirects.py,53,7,0,0,0
django-debug-toolbar,C:\Users\Zhifei Chen\Desktop\pysmell\subjects_for_metrics\django-debug-toolbar\tests\panels\test_redirects.py,62,4,0,0,0
django-debug-toolbar,C:\Users\Zhifei Chen\Desktop\pysmell\subjects_for_metrics\django-debug-toolbar\tests\panels\test_redirects.py,68,5,0,0,0
django-debug-toolbar,C:\Users\Zhifei Chen\Desktop\pysmell\subjects_for_metrics\django-debug-toolbar\tests\panels\test_request.py,12,1,0,0,0
django-debug-toolbar,C:\Users\Zhifei Chen\Desktop\pysmell\subjects_for_metrics\django-debug-toolbar\tests\panels\test_request.py,16,11,0,0,0
django-debug-toolbar,C:\Users\Zhifei Chen\Desktop\pysmell\subjects_for_metrics\django-debug-toolbar\tests\panels\test_request.py,30,5,0,0,0
django-debug-toolbar,C:\Users\Zhifei Chen\Desktop\pysmell\subjects_for_metrics\django-debug-toolbar\tests\panels\test_request.py,37,5,0,0,0
django-debug-toolbar,C:\Users\Zhifei Chen\Desktop\pysmell\subjects_for_metrics\django-debug-toolbar\tests\panels\test_sql.py,18,2,0,0,0
django-debug-toolbar,C:\Users\Zhifei Chen\Desktop\pysmell\subjects_for_metrics\django-debug-toolbar\tests\panels\test_sql.py,23,1,0,0,0
django-debug-toolbar,C:\Users\Zhifei Chen\Desktop\pysmell\subjects_for_metrics\django-debug-toolbar\tests\panels\test_sql.py,27,5,0,0,0
django-debug-toolbar,C:\Users\Zhifei Chen\Desktop\pysmell\subjects_for_metrics\django-debug-toolbar\tests\panels\test_sql.py,35,8,0,0,0
django-debug-toolbar,C:\Users\Zhifei Chen\Desktop\pysmell\subjects_for_metrics\django-debug-toolbar\tests\panels\test_sql.py,51,9,0,0,0
django-debug-toolbar,C:\Users\Zhifei Chen\Desktop\pysmell\subjects_for_metrics\django-debug-toolbar\tests\panels\test_sql.py,72,5,0,0,0
django-debug-toolbar,C:\Users\Zhifei Chen\Desktop\pysmell\subjects_for_metrics\django-debug-toolbar\tests\panels\test_sql.py,85,6,0,0,0
django-debug-toolbar,C:\Users\Zhifei Chen\Desktop\pysmell\subjects_for_metrics\django-debug-toolbar\tests\panels\test_sql.py,96,9,0,0,0
django-debug-toolbar,C:\Users\Zhifei Chen\Desktop\pysmell\subjects_for_metrics\django-debug-toolbar\tests\panels\test_sql.py,113,10,0,0,0
django-debug-toolbar,C:\Users\Zhifei Chen\Desktop\pysmell\subjects_for_metrics\django-debug-toolbar\tests\panels\test_staticfiles.py,12,1,0,0,0
django-debug-toolbar,C:\Users\Zhifei Chen\Desktop\pysmell\subjects_for_metrics\django-debug-toolbar\tests\panels\test_staticfiles.py,16,12,0,0,0
django-debug-toolbar,C:\Users\Zhifei Chen\Desktop\pysmell\subjects_for_metrics\django-debug-toolbar\tests\panels\test_staticfiles.py,31,7,0,0,0
django-debug-toolbar,C:\Users\Zhifei Chen\Desktop\pysmell\subjects_for_metrics\django-debug-toolbar\tests\panels\test_template.py,14,4,0,0,0
django-debug-toolbar,C:\Users\Zhifei Chen\Desktop\pysmell\subjects_for_metrics\django-debug-toolbar\tests\panels\test_template.py,21,2,0,0,0
django-debug-toolbar,C:\Users\Zhifei Chen\Desktop\pysmell\subjects_for_metrics\django-debug-toolbar\tests\panels\test_template.py,26,10,0,0,0
django-debug-toolbar,C:\Users\Zhifei Chen\Desktop\pysmell\subjects_for_metrics\django-debug-toolbar\tests\panels\test_template.py,43,6,0,0,0
django-debug-toolbar,C:\Users\Zhifei Chen\Desktop\pysmell\subjects_for_metrics\django-debug-toolbar\tests\panels\test_template.py,52,7,0,0,0
django-debug-toolbar,C:\Users\Zhifei Chen\Desktop\pysmell\subjects_for_metrics\django-debug-toolbar\tests\panels\test_template.py,67,6,0,0,0
django-debug-toolbar,C:\Users\Zhifei Chen\Desktop\pysmell\subjects_for_metrics\django-debug-toolbar\tests\panels\test_template.py,76,6,0,0,0
django-debug-toolbar,C:\Users\Zhifei Chen\Desktop\pysmell\subjects_for_metrics\django-debug-toolbar\tests\panels\test_template.py,86,1,0,0,0
