subject,file,lineno,LEC,DNC,NCT,experience-based,statistics-based,tuning machine
django-debug-toolbar,C:\Users\Zhifei Chen\Desktop\pysmell\subjects_for_metrics\django-debug-toolbar\debug_toolbar\middleware.py,46,1,,,0,0,0
django-debug-toolbar,C:\Users\Zhifei Chen\Desktop\pysmell\subjects_for_metrics\django-debug-toolbar\debug_toolbar\middleware.py,58,1,,,0,0,0
django-debug-toolbar,C:\Users\Zhifei Chen\Desktop\pysmell\subjects_for_metrics\django-debug-toolbar\debug_toolbar\middleware.py,104,1,,,0,0,0
django-debug-toolbar,C:\Users\Zhifei Chen\Desktop\pysmell\subjects_for_metrics\django-debug-toolbar\debug_toolbar\middleware.py,111,1,,,0,0,0
django-debug-toolbar,C:\Users\Zhifei Chen\Desktop\pysmell\subjects_for_metrics\django-debug-toolbar\debug_toolbar\middleware.py,116,1,,,0,0,0
django-debug-toolbar,C:\Users\Zhifei Chen\Desktop\pysmell\subjects_for_metrics\django-debug-toolbar\debug_toolbar\middleware.py,131,1,,,0,0,0
django-debug-toolbar,C:\Users\Zhifei Chen\Desktop\pysmell\subjects_for_metrics\django-debug-toolbar\debug_toolbar\middleware.py,134,1,,,0,0,0
django-debug-toolbar,C:\Users\Zhifei Chen\Desktop\pysmell\subjects_for_metrics\django-debug-toolbar\debug_toolbar\settings.py,17,,2,2,0,0,0
django-debug-toolbar,C:\Users\Zhifei Chen\Desktop\pysmell\subjects_for_metrics\django-debug-toolbar\debug_toolbar\settings.py,54,1,,,0,0,0
django-debug-toolbar,C:\Users\Zhifei Chen\Desktop\pysmell\subjects_for_metrics\django-debug-toolbar\debug_toolbar\settings.py,64,1,,,0,0,0
django-debug-toolbar,C:\Users\Zhifei Chen\Desktop\pysmell\subjects_for_metrics\django-debug-toolbar\debug_toolbar\settings.py,131,1,,,0,0,0
django-debug-toolbar,C:\Users\Zhifei Chen\Desktop\pysmell\subjects_for_metrics\django-debug-toolbar\debug_toolbar\settings.py,133,1,,,0,0,0
django-debug-toolbar,C:\Users\Zhifei Chen\Desktop\pysmell\subjects_for_metrics\django-debug-toolbar\debug_toolbar\settings.py,143,1,,,0,0,0
django-debug-toolbar,C:\Users\Zhifei Chen\Desktop\pysmell\subjects_for_metrics\django-debug-toolbar\debug_toolbar\settings.py,145,1,,,0,0,0
django-debug-toolbar,C:\Users\Zhifei Chen\Desktop\pysmell\subjects_for_metrics\django-debug-toolbar\debug_toolbar\toolbar.py,28,1,,,0,0,0
django-debug-toolbar,C:\Users\Zhifei Chen\Desktop\pysmell\subjects_for_metrics\django-debug-toolbar\debug_toolbar\toolbar.py,52,1,,,0,0,0
django-debug-toolbar,C:\Users\Zhifei Chen\Desktop\pysmell\subjects_for_metrics\django-debug-toolbar\debug_toolbar\toolbar.py,79,1,,,0,0,0
django-debug-toolbar,C:\Users\Zhifei Chen\Desktop\pysmell\subjects_for_metrics\django-debug-toolbar\debug_toolbar\toolbar.py,81,1,,,0,0,0
django-debug-toolbar,C:\Users\Zhifei Chen\Desktop\pysmell\subjects_for_metrics\django-debug-toolbar\debug_toolbar\toolbar.py,87,1,,,0,0,0
django-debug-toolbar,C:\Users\Zhifei Chen\Desktop\pysmell\subjects_for_metrics\django-debug-toolbar\debug_toolbar\toolbar.py,88,1,,,0,0,0
django-debug-toolbar,C:\Users\Zhifei Chen\Desktop\pysmell\subjects_for_metrics\django-debug-toolbar\debug_toolbar\utils.py,46,1,,,0,0,0
django-debug-toolbar,C:\Users\Zhifei Chen\Desktop\pysmell\subjects_for_metrics\django-debug-toolbar\debug_toolbar\utils.py,64,1,,,0,0,0
django-debug-toolbar,C:\Users\Zhifei Chen\Desktop\pysmell\subjects_for_metrics\django-debug-toolbar\debug_toolbar\utils.py,75,1,,,0,0,0
django-debug-toolbar,C:\Users\Zhifei Chen\Desktop\pysmell\subjects_for_metrics\django-debug-toolbar\debug_toolbar\utils.py,75,1,,,0,0,0
django-debug-toolbar,C:\Users\Zhifei Chen\Desktop\pysmell\subjects_for_metrics\django-debug-toolbar\debug_toolbar\utils.py,123,,2,1,0,0,0
django-debug-toolbar,C:\Users\Zhifei Chen\Desktop\pysmell\subjects_for_metrics\django-debug-toolbar\debug_toolbar\utils.py,132,1,,,0,0,0
django-debug-toolbar,C:\Users\Zhifei Chen\Desktop\pysmell\subjects_for_metrics\django-debug-toolbar\debug_toolbar\utils.py,139,1,,,0,0,0
django-debug-toolbar,C:\Users\Zhifei Chen\Desktop\pysmell\subjects_for_metrics\django-debug-toolbar\debug_toolbar\utils.py,205,1,,,0,0,0
django-debug-toolbar,C:\Users\Zhifei Chen\Desktop\pysmell\subjects_for_metrics\django-debug-toolbar\debug_toolbar\utils.py,207,1,,,0,0,0
django-debug-toolbar,C:\Users\Zhifei Chen\Desktop\pysmell\subjects_for_metrics\django-debug-toolbar\debug_toolbar\utils.py,255,1,,,0,0,0
django-debug-toolbar,C:\Users\Zhifei Chen\Desktop\pysmell\subjects_for_metrics\django-debug-toolbar\debug_toolbar\utils.py,256,1,,,0,0,0
django-debug-toolbar,C:\Users\Zhifei Chen\Desktop\pysmell\subjects_for_metrics\django-debug-toolbar\debug_toolbar\utils.py,262,1,,,0,0,0
django-debug-toolbar,C:\Users\Zhifei Chen\Desktop\pysmell\subjects_for_metrics\django-debug-toolbar\debug_toolbar\views.py,12,1,,,0,0,0
django-debug-toolbar,C:\Users\Zhifei Chen\Desktop\pysmell\subjects_for_metrics\django-debug-toolbar\debug_toolbar\views.py,18,1,,,0,0,0
django-debug-toolbar,C:\Users\Zhifei Chen\Desktop\pysmell\subjects_for_metrics\django-debug-toolbar\debug_toolbar\panels\cache.py,23,1,,,0,0,0
django-debug-toolbar,C:\Users\Zhifei Chen\Desktop\pysmell\subjects_for_metrics\django-debug-toolbar\debug_toolbar\panels\cache.py,36,1,,,0,0,0
django-debug-toolbar,C:\Users\Zhifei Chen\Desktop\pysmell\subjects_for_metrics\django-debug-toolbar\debug_toolbar\panels\cache.py,61,1,,,0,0,0
django-debug-toolbar,C:\Users\Zhifei Chen\Desktop\pysmell\subjects_for_metrics\django-debug-toolbar\debug_toolbar\panels\cache.py,61,1,,,0,0,0
django-debug-toolbar,C:\Users\Zhifei Chen\Desktop\pysmell\subjects_for_metrics\django-debug-toolbar\debug_toolbar\panels\cache.py,61,1,,,0,0,0
django-debug-toolbar,C:\Users\Zhifei Chen\Desktop\pysmell\subjects_for_metrics\django-debug-toolbar\debug_toolbar\panels\cache.py,61,1,,,0,0,0
django-debug-toolbar,C:\Users\Zhifei Chen\Desktop\pysmell\subjects_for_metrics\django-debug-toolbar\debug_toolbar\panels\cache.py,124,1,,,0,0,0
django-debug-toolbar,C:\Users\Zhifei Chen\Desktop\pysmell\subjects_for_metrics\django-debug-toolbar\debug_toolbar\panels\cache.py,140,1,,,0,0,0
django-debug-toolbar,C:\Users\Zhifei Chen\Desktop\pysmell\subjects_for_metrics\django-debug-toolbar\debug_toolbar\panels\cache.py,158,,2,1,0,0,0
django-debug-toolbar,C:\Users\Zhifei Chen\Desktop\pysmell\subjects_for_metrics\django-debug-toolbar\debug_toolbar\panels\cache.py,191,1,,,0,0,0
django-debug-toolbar,C:\Users\Zhifei Chen\Desktop\pysmell\subjects_for_metrics\django-debug-toolbar\debug_toolbar\panels\cache.py,222,1,,,0,0,0
django-debug-toolbar,C:\Users\Zhifei Chen\Desktop\pysmell\subjects_for_metrics\django-debug-toolbar\debug_toolbar\panels\cache.py,230,1,,,0,0,0
django-debug-toolbar,C:\Users\Zhifei Chen\Desktop\pysmell\subjects_for_metrics\django-debug-toolbar\debug_toolbar\panels\headers.py,43,1,,,0,0,0
django-debug-toolbar,C:\Users\Zhifei Chen\Desktop\pysmell\subjects_for_metrics\django-debug-toolbar\debug_toolbar\panels\headers.py,65,1,,,0,0,0
django-debug-toolbar,C:\Users\Zhifei Chen\Desktop\pysmell\subjects_for_metrics\django-debug-toolbar\debug_toolbar\panels\logging.py,70,1,,,0,0,0
django-debug-toolbar,C:\Users\Zhifei Chen\Desktop\pysmell\subjects_for_metrics\django-debug-toolbar\debug_toolbar\panels\logging.py,82,1,,,0,0,0
django-debug-toolbar,C:\Users\Zhifei Chen\Desktop\pysmell\subjects_for_metrics\django-debug-toolbar\debug_toolbar\panels\profiling.py,36,,2,1,0,0,0
django-debug-toolbar,C:\Users\Zhifei Chen\Desktop\pysmell\subjects_for_metrics\django-debug-toolbar\debug_toolbar\panels\profiling.py,51,2,,,0,0,0
django-debug-toolbar,C:\Users\Zhifei Chen\Desktop\pysmell\subjects_for_metrics\django-debug-toolbar\debug_toolbar\panels\profiling.py,66,1,,,0,0,0
django-debug-toolbar,C:\Users\Zhifei Chen\Desktop\pysmell\subjects_for_metrics\django-debug-toolbar\debug_toolbar\panels\profiling.py,68,1,,,0,0,0
django-debug-toolbar,C:\Users\Zhifei Chen\Desktop\pysmell\subjects_for_metrics\django-debug-toolbar\debug_toolbar\panels\profiling.py,70,1,,,0,0,0
django-debug-toolbar,C:\Users\Zhifei Chen\Desktop\pysmell\subjects_for_metrics\django-debug-toolbar\debug_toolbar\panels\profiling.py,77,1,,,0,0,0
django-debug-toolbar,C:\Users\Zhifei Chen\Desktop\pysmell\subjects_for_metrics\django-debug-toolbar\debug_toolbar\panels\profiling.py,94,1,,,0,0,0
django-debug-toolbar,C:\Users\Zhifei Chen\Desktop\pysmell\subjects_for_metrics\django-debug-toolbar\debug_toolbar\panels\profiling.py,95,1,,,0,0,0
django-debug-toolbar,C:\Users\Zhifei Chen\Desktop\pysmell\subjects_for_metrics\django-debug-toolbar\debug_toolbar\panels\profiling.py,98,1,,,0,0,0
django-debug-toolbar,C:\Users\Zhifei Chen\Desktop\pysmell\subjects_for_metrics\django-debug-toolbar\debug_toolbar\panels\profiling.py,101,1,,,0,0,0
django-debug-toolbar,C:\Users\Zhifei Chen\Desktop\pysmell\subjects_for_metrics\django-debug-toolbar\debug_toolbar\panels\profiling.py,101,1,,,0,0,0
django-debug-toolbar,C:\Users\Zhifei Chen\Desktop\pysmell\subjects_for_metrics\django-debug-toolbar\debug_toolbar\panels\profiling.py,111,1,,,0,0,0
django-debug-toolbar,C:\Users\Zhifei Chen\Desktop\pysmell\subjects_for_metrics\django-debug-toolbar\debug_toolbar\panels\profiling.py,114,1,,,0,0,0
django-debug-toolbar,C:\Users\Zhifei Chen\Desktop\pysmell\subjects_for_metrics\django-debug-toolbar\debug_toolbar\panels\profiling.py,118,1,,,0,0,0
django-debug-toolbar,C:\Users\Zhifei Chen\Desktop\pysmell\subjects_for_metrics\django-debug-toolbar\debug_toolbar\panels\profiling.py,158,1,,,0,0,0
django-debug-toolbar,C:\Users\Zhifei Chen\Desktop\pysmell\subjects_for_metrics\django-debug-toolbar\debug_toolbar\panels\profiling.py,175,1,,,0,0,0
django-debug-toolbar,C:\Users\Zhifei Chen\Desktop\pysmell\subjects_for_metrics\django-debug-toolbar\debug_toolbar\panels\profiling.py,176,1,,,0,0,0
django-debug-toolbar,C:\Users\Zhifei Chen\Desktop\pysmell\subjects_for_metrics\django-debug-toolbar\debug_toolbar\panels\request.py,26,1,,,0,0,0
django-debug-toolbar,C:\Users\Zhifei Chen\Desktop\pysmell\subjects_for_metrics\django-debug-toolbar\debug_toolbar\panels\settings.py,26,1,,,0,0,0
django-debug-toolbar,C:\Users\Zhifei Chen\Desktop\pysmell\subjects_for_metrics\django-debug-toolbar\debug_toolbar\panels\signals.py,38,1,,,0,0,0
django-debug-toolbar,C:\Users\Zhifei Chen\Desktop\pysmell\subjects_for_metrics\django-debug-toolbar\debug_toolbar\panels\signals.py,39,1,,,0,0,0
django-debug-toolbar,C:\Users\Zhifei Chen\Desktop\pysmell\subjects_for_metrics\django-debug-toolbar\debug_toolbar\panels\signals.py,57,1,,,0,0,0
django-debug-toolbar,C:\Users\Zhifei Chen\Desktop\pysmell\subjects_for_metrics\django-debug-toolbar\debug_toolbar\panels\signals.py,60,1,,,0,0,0
django-debug-toolbar,C:\Users\Zhifei Chen\Desktop\pysmell\subjects_for_metrics\django-debug-toolbar\debug_toolbar\panels\signals.py,65,1,,,0,0,0
django-debug-toolbar,C:\Users\Zhifei Chen\Desktop\pysmell\subjects_for_metrics\django-debug-toolbar\debug_toolbar\panels\signals.py,70,1,,,0,0,0
django-debug-toolbar,C:\Users\Zhifei Chen\Desktop\pysmell\subjects_for_metrics\django-debug-toolbar\debug_toolbar\panels\staticfiles.py,103,1,,,0,0,0
django-debug-toolbar,C:\Users\Zhifei Chen\Desktop\pysmell\subjects_for_metrics\django-debug-toolbar\debug_toolbar\panels\staticfiles.py,119,1,,,0,0,0
django-debug-toolbar,C:\Users\Zhifei Chen\Desktop\pysmell\subjects_for_metrics\django-debug-toolbar\debug_toolbar\panels\timer.py,28,1,,,0,0,0
django-debug-toolbar,C:\Users\Zhifei Chen\Desktop\pysmell\subjects_for_metrics\django-debug-toolbar\debug_toolbar\panels\timer.py,31,1,,,0,0,0
django-debug-toolbar,C:\Users\Zhifei Chen\Desktop\pysmell\subjects_for_metrics\django-debug-toolbar\debug_toolbar\panels\timer.py,45,,2,1,0,0,0
django-debug-toolbar,C:\Users\Zhifei Chen\Desktop\pysmell\subjects_for_metrics\django-debug-toolbar\debug_toolbar\panels\timer.py,61,1,,,0,0,0
django-debug-toolbar,C:\Users\Zhifei Chen\Desktop\pysmell\subjects_for_metrics\django-debug-toolbar\debug_toolbar\panels\timer.py,64,1,,,0,0,0
django-debug-toolbar,C:\Users\Zhifei Chen\Desktop\pysmell\subjects_for_metrics\django-debug-toolbar\debug_toolbar\panels\timer.py,65,1,,,0,0,0
django-debug-toolbar,C:\Users\Zhifei Chen\Desktop\pysmell\subjects_for_metrics\django-debug-toolbar\debug_toolbar\panels\timer.py,66,1,,,0,0,0
django-debug-toolbar,C:\Users\Zhifei Chen\Desktop\pysmell\subjects_for_metrics\django-debug-toolbar\debug_toolbar\panels\timer.py,66,1,,,0,0,0
django-debug-toolbar,C:\Users\Zhifei Chen\Desktop\pysmell\subjects_for_metrics\django-debug-toolbar\debug_toolbar\panels\timer.py,66,1,,,0,0,0
django-debug-toolbar,C:\Users\Zhifei Chen\Desktop\pysmell\subjects_for_metrics\django-debug-toolbar\debug_toolbar\panels\timer.py,67,1,,,0,0,0
django-debug-toolbar,C:\Users\Zhifei Chen\Desktop\pysmell\subjects_for_metrics\django-debug-toolbar\debug_toolbar\panels\timer.py,68,1,,,0,0,0
django-debug-toolbar,C:\Users\Zhifei Chen\Desktop\pysmell\subjects_for_metrics\django-debug-toolbar\debug_toolbar\panels\timer.py,69,1,,,0,0,0
django-debug-toolbar,C:\Users\Zhifei Chen\Desktop\pysmell\subjects_for_metrics\django-debug-toolbar\debug_toolbar\panels\timer.py,70,1,,,0,0,0
django-debug-toolbar,C:\Users\Zhifei Chen\Desktop\pysmell\subjects_for_metrics\django-debug-toolbar\debug_toolbar\panels\versions.py,26,,2,1,0,0,0
django-debug-toolbar,C:\Users\Zhifei Chen\Desktop\pysmell\subjects_for_metrics\django-debug-toolbar\debug_toolbar\panels\versions.py,27,1,,,0,0,0
django-debug-toolbar,C:\Users\Zhifei Chen\Desktop\pysmell\subjects_for_metrics\django-debug-toolbar\debug_toolbar\panels\versions.py,32,1,,,0,0,0
django-debug-toolbar,C:\Users\Zhifei Chen\Desktop\pysmell\subjects_for_metrics\django-debug-toolbar\debug_toolbar\panels\__init__.py,27,1,,,0,0,0
django-debug-toolbar,C:\Users\Zhifei Chen\Desktop\pysmell\subjects_for_metrics\django-debug-toolbar\debug_toolbar\panels\sql\forms.py,37,1,,,0,0,0
django-debug-toolbar,C:\Users\Zhifei Chen\Desktop\pysmell\subjects_for_metrics\django-debug-toolbar\debug_toolbar\panels\sql\forms.py,42,1,,,0,0,0
django-debug-toolbar,C:\Users\Zhifei Chen\Desktop\pysmell\subjects_for_metrics\django-debug-toolbar\debug_toolbar\panels\sql\forms.py,45,1,,,0,0,0
django-debug-toolbar,C:\Users\Zhifei Chen\Desktop\pysmell\subjects_for_metrics\django-debug-toolbar\debug_toolbar\panels\sql\forms.py,53,1,,,0,0,0
django-debug-toolbar,C:\Users\Zhifei Chen\Desktop\pysmell\subjects_for_metrics\django-debug-toolbar\debug_toolbar\panels\sql\forms.py,61,1,,,0,0,0
django-debug-toolbar,C:\Users\Zhifei Chen\Desktop\pysmell\subjects_for_metrics\django-debug-toolbar\debug_toolbar\panels\sql\forms.py,69,1,,,0,0,0
django-debug-toolbar,C:\Users\Zhifei Chen\Desktop\pysmell\subjects_for_metrics\django-debug-toolbar\debug_toolbar\panels\sql\forms.py,77,1,,,0,0,0
django-debug-toolbar,C:\Users\Zhifei Chen\Desktop\pysmell\subjects_for_metrics\django-debug-toolbar\debug_toolbar\panels\sql\forms.py,80,1,,,0,0,0
django-debug-toolbar,C:\Users\Zhifei Chen\Desktop\pysmell\subjects_for_metrics\django-debug-toolbar\debug_toolbar\panels\sql\forms.py,80,1,,,0,0,0
django-debug-toolbar,C:\Users\Zhifei Chen\Desktop\pysmell\subjects_for_metrics\django-debug-toolbar\debug_toolbar\panels\sql\forms.py,88,1,,,0,0,0
django-debug-toolbar,C:\Users\Zhifei Chen\Desktop\pysmell\subjects_for_metrics\django-debug-toolbar\debug_toolbar\panels\sql\forms.py,88,1,,,0,0,0
django-debug-toolbar,C:\Users\Zhifei Chen\Desktop\pysmell\subjects_for_metrics\django-debug-toolbar\debug_toolbar\panels\sql\panel.py,58,1,,,0,0,0
django-debug-toolbar,C:\Users\Zhifei Chen\Desktop\pysmell\subjects_for_metrics\django-debug-toolbar\debug_toolbar\panels\sql\panel.py,69,1,,,0,0,0
django-debug-toolbar,C:\Users\Zhifei Chen\Desktop\pysmell\subjects_for_metrics\django-debug-toolbar\debug_toolbar\panels\sql\panel.py,79,1,,,0,0,0
django-debug-toolbar,C:\Users\Zhifei Chen\Desktop\pysmell\subjects_for_metrics\django-debug-toolbar\debug_toolbar\panels\sql\panel.py,87,1,,,0,0,0
django-debug-toolbar,C:\Users\Zhifei Chen\Desktop\pysmell\subjects_for_metrics\django-debug-toolbar\debug_toolbar\panels\sql\panel.py,89,1,,,0,0,0
django-debug-toolbar,C:\Users\Zhifei Chen\Desktop\pysmell\subjects_for_metrics\django-debug-toolbar\debug_toolbar\panels\sql\panel.py,91,1,,,0,0,0
django-debug-toolbar,C:\Users\Zhifei Chen\Desktop\pysmell\subjects_for_metrics\django-debug-toolbar\debug_toolbar\panels\sql\panel.py,96,1,,,0,0,0
django-debug-toolbar,C:\Users\Zhifei Chen\Desktop\pysmell\subjects_for_metrics\django-debug-toolbar\debug_toolbar\panels\sql\panel.py,97,1,,,0,0,0
django-debug-toolbar,C:\Users\Zhifei Chen\Desktop\pysmell\subjects_for_metrics\django-debug-toolbar\debug_toolbar\panels\sql\panel.py,101,2,,,0,0,0
django-debug-toolbar,C:\Users\Zhifei Chen\Desktop\pysmell\subjects_for_metrics\django-debug-toolbar\debug_toolbar\panels\sql\panel.py,101,1,,,0,0,0
django-debug-toolbar,C:\Users\Zhifei Chen\Desktop\pysmell\subjects_for_metrics\django-debug-toolbar\debug_toolbar\panels\sql\panel.py,102,2,,,0,0,0
django-debug-toolbar,C:\Users\Zhifei Chen\Desktop\pysmell\subjects_for_metrics\django-debug-toolbar\debug_toolbar\panels\sql\panel.py,103,1,,,0,0,0
django-debug-toolbar,C:\Users\Zhifei Chen\Desktop\pysmell\subjects_for_metrics\django-debug-toolbar\debug_toolbar\panels\sql\panel.py,151,1,,,0,0,0
django-debug-toolbar,C:\Users\Zhifei Chen\Desktop\pysmell\subjects_for_metrics\django-debug-toolbar\debug_toolbar\panels\sql\panel.py,154,1,,,0,0,0
django-debug-toolbar,C:\Users\Zhifei Chen\Desktop\pysmell\subjects_for_metrics\django-debug-toolbar\debug_toolbar\panels\sql\panel.py,155,1,,,0,0,0
django-debug-toolbar,C:\Users\Zhifei Chen\Desktop\pysmell\subjects_for_metrics\django-debug-toolbar\debug_toolbar\panels\sql\panel.py,156,1,,,0,0,0
django-debug-toolbar,C:\Users\Zhifei Chen\Desktop\pysmell\subjects_for_metrics\django-debug-toolbar\debug_toolbar\panels\sql\panel.py,160,1,,,0,0,0
django-debug-toolbar,C:\Users\Zhifei Chen\Desktop\pysmell\subjects_for_metrics\django-debug-toolbar\debug_toolbar\panels\sql\panel.py,161,1,,,0,0,0
django-debug-toolbar,C:\Users\Zhifei Chen\Desktop\pysmell\subjects_for_metrics\django-debug-toolbar\debug_toolbar\panels\sql\panel.py,167,2,,,0,0,0
django-debug-toolbar,C:\Users\Zhifei Chen\Desktop\pysmell\subjects_for_metrics\django-debug-toolbar\debug_toolbar\panels\sql\panel.py,167,1,,,0,0,0
django-debug-toolbar,C:\Users\Zhifei Chen\Desktop\pysmell\subjects_for_metrics\django-debug-toolbar\debug_toolbar\panels\sql\panel.py,174,3,,,1,1,1
django-debug-toolbar,C:\Users\Zhifei Chen\Desktop\pysmell\subjects_for_metrics\django-debug-toolbar\debug_toolbar\panels\sql\panel.py,175,1,,,0,0,0
django-debug-toolbar,C:\Users\Zhifei Chen\Desktop\pysmell\subjects_for_metrics\django-debug-toolbar\debug_toolbar\panels\sql\panel.py,177,1,,,0,0,0
django-debug-toolbar,C:\Users\Zhifei Chen\Desktop\pysmell\subjects_for_metrics\django-debug-toolbar\debug_toolbar\panels\sql\panel.py,179,1,,,0,0,0
django-debug-toolbar,C:\Users\Zhifei Chen\Desktop\pysmell\subjects_for_metrics\django-debug-toolbar\debug_toolbar\panels\sql\panel.py,181,1,,,0,0,0
django-debug-toolbar,C:\Users\Zhifei Chen\Desktop\pysmell\subjects_for_metrics\django-debug-toolbar\debug_toolbar\panels\sql\panel.py,183,1,,,0,0,0
django-debug-toolbar,C:\Users\Zhifei Chen\Desktop\pysmell\subjects_for_metrics\django-debug-toolbar\debug_toolbar\panels\sql\panel.py,183,1,,,0,0,0
django-debug-toolbar,C:\Users\Zhifei Chen\Desktop\pysmell\subjects_for_metrics\django-debug-toolbar\debug_toolbar\panels\sql\panel.py,184,1,,,0,0,0
django-debug-toolbar,C:\Users\Zhifei Chen\Desktop\pysmell\subjects_for_metrics\django-debug-toolbar\debug_toolbar\panels\sql\panel.py,186,1,,,0,0,0
django-debug-toolbar,C:\Users\Zhifei Chen\Desktop\pysmell\subjects_for_metrics\django-debug-toolbar\debug_toolbar\panels\sql\panel.py,186,1,,,0,0,0
django-debug-toolbar,C:\Users\Zhifei Chen\Desktop\pysmell\subjects_for_metrics\django-debug-toolbar\debug_toolbar\panels\sql\panel.py,187,1,,,0,0,0
django-debug-toolbar,C:\Users\Zhifei Chen\Desktop\pysmell\subjects_for_metrics\django-debug-toolbar\debug_toolbar\panels\sql\panel.py,189,1,,,0,0,0
django-debug-toolbar,C:\Users\Zhifei Chen\Desktop\pysmell\subjects_for_metrics\django-debug-toolbar\debug_toolbar\panels\sql\panel.py,191,1,,,0,0,0
django-debug-toolbar,C:\Users\Zhifei Chen\Desktop\pysmell\subjects_for_metrics\django-debug-toolbar\debug_toolbar\panels\sql\panel.py,192,1,,,0,0,0
django-debug-toolbar,C:\Users\Zhifei Chen\Desktop\pysmell\subjects_for_metrics\django-debug-toolbar\debug_toolbar\panels\sql\panel.py,192,1,,,0,0,0
django-debug-toolbar,C:\Users\Zhifei Chen\Desktop\pysmell\subjects_for_metrics\django-debug-toolbar\debug_toolbar\panels\sql\panel.py,193,1,,,0,0,0
django-debug-toolbar,C:\Users\Zhifei Chen\Desktop\pysmell\subjects_for_metrics\django-debug-toolbar\debug_toolbar\panels\sql\panel.py,193,2,,,0,0,0
django-debug-toolbar,C:\Users\Zhifei Chen\Desktop\pysmell\subjects_for_metrics\django-debug-toolbar\debug_toolbar\panels\sql\panel.py,201,1,,,0,0,0
django-debug-toolbar,C:\Users\Zhifei Chen\Desktop\pysmell\subjects_for_metrics\django-debug-toolbar\debug_toolbar\panels\sql\panel.py,202,1,,,0,0,0
django-debug-toolbar,C:\Users\Zhifei Chen\Desktop\pysmell\subjects_for_metrics\django-debug-toolbar\debug_toolbar\panels\sql\panel.py,202,1,,,0,0,0
django-debug-toolbar,C:\Users\Zhifei Chen\Desktop\pysmell\subjects_for_metrics\django-debug-toolbar\debug_toolbar\panels\sql\panel.py,202,1,,,0,0,0
django-debug-toolbar,C:\Users\Zhifei Chen\Desktop\pysmell\subjects_for_metrics\django-debug-toolbar\debug_toolbar\panels\sql\panel.py,203,1,,,0,0,0
django-debug-toolbar,C:\Users\Zhifei Chen\Desktop\pysmell\subjects_for_metrics\django-debug-toolbar\debug_toolbar\panels\sql\panel.py,204,1,,,0,0,0
django-debug-toolbar,C:\Users\Zhifei Chen\Desktop\pysmell\subjects_for_metrics\django-debug-toolbar\debug_toolbar\panels\sql\panel.py,204,1,,,0,0,0
django-debug-toolbar,C:\Users\Zhifei Chen\Desktop\pysmell\subjects_for_metrics\django-debug-toolbar\debug_toolbar\panels\sql\panel.py,207,1,,,0,0,0
django-debug-toolbar,C:\Users\Zhifei Chen\Desktop\pysmell\subjects_for_metrics\django-debug-toolbar\debug_toolbar\panels\sql\panel.py,207,1,,,0,0,0
django-debug-toolbar,C:\Users\Zhifei Chen\Desktop\pysmell\subjects_for_metrics\django-debug-toolbar\debug_toolbar\panels\sql\panel.py,207,1,,,0,0,0
django-debug-toolbar,C:\Users\Zhifei Chen\Desktop\pysmell\subjects_for_metrics\django-debug-toolbar\debug_toolbar\panels\sql\panel.py,210,3,,,1,1,1
django-debug-toolbar,C:\Users\Zhifei Chen\Desktop\pysmell\subjects_for_metrics\django-debug-toolbar\debug_toolbar\panels\sql\panel.py,237,2,,,0,0,0
django-debug-toolbar,C:\Users\Zhifei Chen\Desktop\pysmell\subjects_for_metrics\django-debug-toolbar\debug_toolbar\panels\sql\tracking.py,105,1,,,0,0,0
django-debug-toolbar,C:\Users\Zhifei Chen\Desktop\pysmell\subjects_for_metrics\django-debug-toolbar\debug_toolbar\panels\sql\tracking.py,132,1,,,0,0,0
django-debug-toolbar,C:\Users\Zhifei Chen\Desktop\pysmell\subjects_for_metrics\django-debug-toolbar\debug_toolbar\panels\sql\utils.py,47,,2,1,0,0,0
django-debug-toolbar,C:\Users\Zhifei Chen\Desktop\pysmell\subjects_for_metrics\django-debug-toolbar\debug_toolbar\panels\sql\utils.py,50,,2,1,0,0,0
django-debug-toolbar,C:\Users\Zhifei Chen\Desktop\pysmell\subjects_for_metrics\django-debug-toolbar\debug_toolbar\panels\sql\utils.py,57,1,,,0,0,0
django-debug-toolbar,C:\Users\Zhifei Chen\Desktop\pysmell\subjects_for_metrics\django-debug-toolbar\debug_toolbar\panels\sql\utils.py,57,1,,,0,0,0
django-debug-toolbar,C:\Users\Zhifei Chen\Desktop\pysmell\subjects_for_metrics\django-debug-toolbar\debug_toolbar\panels\sql\views.py,16,1,,,0,0,0
django-debug-toolbar,C:\Users\Zhifei Chen\Desktop\pysmell\subjects_for_metrics\django-debug-toolbar\debug_toolbar\panels\sql\views.py,17,1,,,0,0,0
django-debug-toolbar,C:\Users\Zhifei Chen\Desktop\pysmell\subjects_for_metrics\django-debug-toolbar\debug_toolbar\panels\sql\views.py,20,1,,,0,0,0
django-debug-toolbar,C:\Users\Zhifei Chen\Desktop\pysmell\subjects_for_metrics\django-debug-toolbar\debug_toolbar\panels\sql\views.py,26,1,,,0,0,0
django-debug-toolbar,C:\Users\Zhifei Chen\Desktop\pysmell\subjects_for_metrics\django-debug-toolbar\debug_toolbar\panels\sql\views.py,28,1,,,0,0,0
django-debug-toolbar,C:\Users\Zhifei Chen\Desktop\pysmell\subjects_for_metrics\django-debug-toolbar\debug_toolbar\panels\sql\views.py,41,1,,,0,0,0
django-debug-toolbar,C:\Users\Zhifei Chen\Desktop\pysmell\subjects_for_metrics\django-debug-toolbar\debug_toolbar\panels\sql\views.py,42,1,,,0,0,0
django-debug-toolbar,C:\Users\Zhifei Chen\Desktop\pysmell\subjects_for_metrics\django-debug-toolbar\debug_toolbar\panels\sql\views.py,56,1,,,0,0,0
django-debug-toolbar,C:\Users\Zhifei Chen\Desktop\pysmell\subjects_for_metrics\django-debug-toolbar\debug_toolbar\panels\sql\views.py,62,1,,,0,0,0
django-debug-toolbar,C:\Users\Zhifei Chen\Desktop\pysmell\subjects_for_metrics\django-debug-toolbar\debug_toolbar\panels\sql\views.py,64,1,,,0,0,0
django-debug-toolbar,C:\Users\Zhifei Chen\Desktop\pysmell\subjects_for_metrics\django-debug-toolbar\debug_toolbar\panels\sql\views.py,77,1,,,0,0,0
django-debug-toolbar,C:\Users\Zhifei Chen\Desktop\pysmell\subjects_for_metrics\django-debug-toolbar\debug_toolbar\panels\sql\views.py,78,1,,,0,0,0
django-debug-toolbar,C:\Users\Zhifei Chen\Desktop\pysmell\subjects_for_metrics\django-debug-toolbar\debug_toolbar\panels\sql\views.py,108,1,,,0,0,0
django-debug-toolbar,C:\Users\Zhifei Chen\Desktop\pysmell\subjects_for_metrics\django-debug-toolbar\debug_toolbar\panels\sql\views.py,110,1,,,0,0,0
django-debug-toolbar,C:\Users\Zhifei Chen\Desktop\pysmell\subjects_for_metrics\django-debug-toolbar\debug_toolbar\panels\templates\panel.py,40,1,,,0,0,0
django-debug-toolbar,C:\Users\Zhifei Chen\Desktop\pysmell\subjects_for_metrics\django-debug-toolbar\debug_toolbar\panels\templates\panel.py,58,1,,,0,0,0
django-debug-toolbar,C:\Users\Zhifei Chen\Desktop\pysmell\subjects_for_metrics\django-debug-toolbar\debug_toolbar\panels\templates\panel.py,80,1,,,0,0,0
django-debug-toolbar,C:\Users\Zhifei Chen\Desktop\pysmell\subjects_for_metrics\django-debug-toolbar\debug_toolbar\panels\templates\panel.py,82,1,,,0,0,0
django-debug-toolbar,C:\Users\Zhifei Chen\Desktop\pysmell\subjects_for_metrics\django-debug-toolbar\debug_toolbar\panels\templates\panel.py,89,1,,,0,0,0
django-debug-toolbar,C:\Users\Zhifei Chen\Desktop\pysmell\subjects_for_metrics\django-debug-toolbar\debug_toolbar\panels\templates\panel.py,103,1,,,0,0,0
django-debug-toolbar,C:\Users\Zhifei Chen\Desktop\pysmell\subjects_for_metrics\django-debug-toolbar\debug_toolbar\panels\templates\panel.py,103,1,,,0,0,0
django-debug-toolbar,C:\Users\Zhifei Chen\Desktop\pysmell\subjects_for_metrics\django-debug-toolbar\debug_toolbar\panels\templates\panel.py,119,1,,,0,0,0
django-debug-toolbar,C:\Users\Zhifei Chen\Desktop\pysmell\subjects_for_metrics\django-debug-toolbar\debug_toolbar\panels\templates\panel.py,123,1,,,0,0,0
django-debug-toolbar,C:\Users\Zhifei Chen\Desktop\pysmell\subjects_for_metrics\django-debug-toolbar\debug_toolbar\panels\templates\panel.py,126,1,,,0,0,0
django-debug-toolbar,C:\Users\Zhifei Chen\Desktop\pysmell\subjects_for_metrics\django-debug-toolbar\debug_toolbar\panels\templates\panel.py,131,1,,,0,0,0
django-debug-toolbar,C:\Users\Zhifei Chen\Desktop\pysmell\subjects_for_metrics\django-debug-toolbar\debug_toolbar\panels\templates\panel.py,152,1,,,0,0,0
django-debug-toolbar,C:\Users\Zhifei Chen\Desktop\pysmell\subjects_for_metrics\django-debug-toolbar\debug_toolbar\panels\templates\panel.py,153,1,,,0,0,0
django-debug-toolbar,C:\Users\Zhifei Chen\Desktop\pysmell\subjects_for_metrics\django-debug-toolbar\debug_toolbar\panels\templates\panel.py,168,2,,,0,0,0
django-debug-toolbar,C:\Users\Zhifei Chen\Desktop\pysmell\subjects_for_metrics\django-debug-toolbar\debug_toolbar\panels\templates\panel.py,195,1,,,0,0,0
django-debug-toolbar,C:\Users\Zhifei Chen\Desktop\pysmell\subjects_for_metrics\django-debug-toolbar\debug_toolbar\panels\templates\panel.py,197,1,,,0,0,0
django-debug-toolbar,C:\Users\Zhifei Chen\Desktop\pysmell\subjects_for_metrics\django-debug-toolbar\debug_toolbar\panels\templates\panel.py,199,1,,,0,0,0
django-debug-toolbar,C:\Users\Zhifei Chen\Desktop\pysmell\subjects_for_metrics\django-debug-toolbar\debug_toolbar\panels\templates\panel.py,204,2,,,0,0,0
django-debug-toolbar,C:\Users\Zhifei Chen\Desktop\pysmell\subjects_for_metrics\django-debug-toolbar\docs\conf.py,19,1,,,0,0,0
django-debug-toolbar,C:\Users\Zhifei Chen\Desktop\pysmell\subjects_for_metrics\django-debug-toolbar\docs\conf.py,206,,2,1,0,0,0
django-debug-toolbar,C:\Users\Zhifei Chen\Desktop\pysmell\subjects_for_metrics\django-debug-toolbar\docs\conf.py,236,,3,1,0,0,0
django-debug-toolbar,C:\Users\Zhifei Chen\Desktop\pysmell\subjects_for_metrics\django-debug-toolbar\docs\conf.py,250,,2,1,0,0,0
django-debug-toolbar,C:\Users\Zhifei Chen\Desktop\pysmell\subjects_for_metrics\django-debug-toolbar\example\settings.py,48,,2,1,0,0,0
django-debug-toolbar,C:\Users\Zhifei Chen\Desktop\pysmell\subjects_for_metrics\django-debug-toolbar\example\settings.py,54,,2,1,0,0,0
django-debug-toolbar,C:\Users\Zhifei Chen\Desktop\pysmell\subjects_for_metrics\django-debug-toolbar\example\settings.py,66,,2,1,0,0,0
django-debug-toolbar,C:\Users\Zhifei Chen\Desktop\pysmell\subjects_for_metrics\django-debug-toolbar\example\settings.py,77,,2,1,0,0,0
django-debug-toolbar,C:\Users\Zhifei Chen\Desktop\pysmell\subjects_for_metrics\django-debug-toolbar\tests\base.py,21,1,,,0,0,0
django-debug-toolbar,C:\Users\Zhifei Chen\Desktop\pysmell\subjects_for_metrics\django-debug-toolbar\tests\loaders.py,8,1,,,0,0,0
django-debug-toolbar,C:\Users\Zhifei Chen\Desktop\pysmell\subjects_for_metrics\django-debug-toolbar\tests\settings.py,48,,2,1,0,0,0
django-debug-toolbar,C:\Users\Zhifei Chen\Desktop\pysmell\subjects_for_metrics\django-debug-toolbar\tests\settings.py,55,,2,1,0,0,0
django-debug-toolbar,C:\Users\Zhifei Chen\Desktop\pysmell\subjects_for_metrics\django-debug-toolbar\tests\settings.py,64,,2,1,0,0,0
django-debug-toolbar,C:\Users\Zhifei Chen\Desktop\pysmell\subjects_for_metrics\django-debug-toolbar\tests\test_integration.py,54,1,,,0,0,0
django-debug-toolbar,C:\Users\Zhifei Chen\Desktop\pysmell\subjects_for_metrics\django-debug-toolbar\tests\test_integration.py,55,1,,,0,0,0
django-debug-toolbar,C:\Users\Zhifei Chen\Desktop\pysmell\subjects_for_metrics\django-debug-toolbar\tests\test_integration.py,56,1,,,0,0,0
django-debug-toolbar,C:\Users\Zhifei Chen\Desktop\pysmell\subjects_for_metrics\django-debug-toolbar\tests\test_integration.py,57,1,,,0,0,0
django-debug-toolbar,C:\Users\Zhifei Chen\Desktop\pysmell\subjects_for_metrics\django-debug-toolbar\tests\test_integration.py,61,1,,,0,0,0
django-debug-toolbar,C:\Users\Zhifei Chen\Desktop\pysmell\subjects_for_metrics\django-debug-toolbar\tests\test_integration.py,62,1,,,0,0,0
django-debug-toolbar,C:\Users\Zhifei Chen\Desktop\pysmell\subjects_for_metrics\django-debug-toolbar\tests\test_integration.py,66,1,,,0,0,0
django-debug-toolbar,C:\Users\Zhifei Chen\Desktop\pysmell\subjects_for_metrics\django-debug-toolbar\tests\test_integration.py,67,1,,,0,0,0
django-debug-toolbar,C:\Users\Zhifei Chen\Desktop\pysmell\subjects_for_metrics\django-debug-toolbar\tests\test_integration.py,71,1,,,0,0,0
django-debug-toolbar,C:\Users\Zhifei Chen\Desktop\pysmell\subjects_for_metrics\django-debug-toolbar\tests\test_integration.py,72,1,,,0,0,0
django-debug-toolbar,C:\Users\Zhifei Chen\Desktop\pysmell\subjects_for_metrics\django-debug-toolbar\tests\test_integration.py,73,1,,,0,0,0
django-debug-toolbar,C:\Users\Zhifei Chen\Desktop\pysmell\subjects_for_metrics\django-debug-toolbar\tests\test_integration.py,74,1,,,0,0,0
django-debug-toolbar,C:\Users\Zhifei Chen\Desktop\pysmell\subjects_for_metrics\django-debug-toolbar\tests\test_integration.py,167,,3,1,0,0,0
django-debug-toolbar,C:\Users\Zhifei Chen\Desktop\pysmell\subjects_for_metrics\django-debug-toolbar\tests\__init__.py,12,1,,,0,0,0
django-debug-toolbar,C:\Users\Zhifei Chen\Desktop\pysmell\subjects_for_metrics\django-debug-toolbar\tests\__init__.py,15,1,,,0,0,0
django-debug-toolbar,C:\Users\Zhifei Chen\Desktop\pysmell\subjects_for_metrics\django-debug-toolbar\tests\__init__.py,21,1,,,0,0,0
django-debug-toolbar,C:\Users\Zhifei Chen\Desktop\pysmell\subjects_for_metrics\django-debug-toolbar\tests\__init__.py,22,1,,,0,0,0
django-debug-toolbar,C:\Users\Zhifei Chen\Desktop\pysmell\subjects_for_metrics\django-debug-toolbar\tests\commands\test_debugsqlshell.py,22,1,,,0,0,0
django-debug-toolbar,C:\Users\Zhifei Chen\Desktop\pysmell\subjects_for_metrics\django-debug-toolbar\tests\panels\test_cache.py,32,1,,,0,0,0
django-debug-toolbar,C:\Users\Zhifei Chen\Desktop\pysmell\subjects_for_metrics\django-debug-toolbar\tests\panels\test_cache.py,33,1,,,0,0,0
django-debug-toolbar,C:\Users\Zhifei Chen\Desktop\pysmell\subjects_for_metrics\django-debug-toolbar\tests\panels\test_logging.py,31,1,,,0,0,0
django-debug-toolbar,C:\Users\Zhifei Chen\Desktop\pysmell\subjects_for_metrics\django-debug-toolbar\tests\panels\test_logging.py,35,2,,,0,0,0
django-debug-toolbar,C:\Users\Zhifei Chen\Desktop\pysmell\subjects_for_metrics\django-debug-toolbar\tests\panels\test_logging.py,42,1,,,0,0,0
django-debug-toolbar,C:\Users\Zhifei Chen\Desktop\pysmell\subjects_for_metrics\django-debug-toolbar\tests\panels\test_logging.py,46,2,,,0,0,0
django-debug-toolbar,C:\Users\Zhifei Chen\Desktop\pysmell\subjects_for_metrics\django-debug-toolbar\tests\panels\test_logging.py,71,1,,,0,0,0
django-debug-toolbar,C:\Users\Zhifei Chen\Desktop\pysmell\subjects_for_metrics\django-debug-toolbar\tests\panels\test_logging.py,75,2,,,0,0,0
django-debug-toolbar,C:\Users\Zhifei Chen\Desktop\pysmell\subjects_for_metrics\django-debug-toolbar\tests\panels\test_redirects.py,28,1,,,0,0,0
django-debug-toolbar,C:\Users\Zhifei Chen\Desktop\pysmell\subjects_for_metrics\django-debug-toolbar\tests\panels\test_redirects.py,44,1,,,0,0,0
django-debug-toolbar,C:\Users\Zhifei Chen\Desktop\pysmell\subjects_for_metrics\django-debug-toolbar\tests\panels\test_redirects.py,55,1,,,0,0,0
django-debug-toolbar,C:\Users\Zhifei Chen\Desktop\pysmell\subjects_for_metrics\django-debug-toolbar\tests\panels\test_redirects.py,64,1,,,0,0,0
django-debug-toolbar,C:\Users\Zhifei Chen\Desktop\pysmell\subjects_for_metrics\django-debug-toolbar\tests\panels\test_request.py,19,1,,,0,0,0
django-debug-toolbar,C:\Users\Zhifei Chen\Desktop\pysmell\subjects_for_metrics\django-debug-toolbar\tests\panels\test_sql.py,42,1,,,0,0,0
django-debug-toolbar,C:\Users\Zhifei Chen\Desktop\pysmell\subjects_for_metrics\django-debug-toolbar\tests\panels\test_sql.py,43,1,,,0,0,0
django-debug-toolbar,C:\Users\Zhifei Chen\Desktop\pysmell\subjects_for_metrics\django-debug-toolbar\tests\panels\test_sql.py,44,1,,,0,0,0
django-debug-toolbar,C:\Users\Zhifei Chen\Desktop\pysmell\subjects_for_metrics\django-debug-toolbar\tests\panels\test_sql.py,45,1,,,0,0,0
django-debug-toolbar,C:\Users\Zhifei Chen\Desktop\pysmell\subjects_for_metrics\django-debug-toolbar\tests\panels\test_sql.py,46,1,,,0,0,0
django-debug-toolbar,C:\Users\Zhifei Chen\Desktop\pysmell\subjects_for_metrics\django-debug-toolbar\tests\panels\test_sql.py,49,2,,,0,0,0
django-debug-toolbar,C:\Users\Zhifei Chen\Desktop\pysmell\subjects_for_metrics\django-debug-toolbar\tests\panels\test_sql.py,104,1,,,0,0,0
django-debug-toolbar,C:\Users\Zhifei Chen\Desktop\pysmell\subjects_for_metrics\django-debug-toolbar\tests\panels\test_sql.py,105,1,,,0,0,0
django-debug-toolbar,C:\Users\Zhifei Chen\Desktop\pysmell\subjects_for_metrics\django-debug-toolbar\tests\panels\test_sql.py,106,1,,,0,0,0
django-debug-toolbar,C:\Users\Zhifei Chen\Desktop\pysmell\subjects_for_metrics\django-debug-toolbar\tests\panels\test_sql.py,107,1,,,0,0,0
django-debug-toolbar,C:\Users\Zhifei Chen\Desktop\pysmell\subjects_for_metrics\django-debug-toolbar\tests\panels\test_sql.py,108,1,,,0,0,0
django-debug-toolbar,C:\Users\Zhifei Chen\Desktop\pysmell\subjects_for_metrics\django-debug-toolbar\tests\panels\test_sql.py,111,2,,,0,0,0
django-debug-toolbar,C:\Users\Zhifei Chen\Desktop\pysmell\subjects_for_metrics\django-debug-toolbar\tests\panels\test_sql.py,127,1,,,0,0,0
django-debug-toolbar,C:\Users\Zhifei Chen\Desktop\pysmell\subjects_for_metrics\django-debug-toolbar\tests\panels\test_sql.py,128,1,,,0,0,0
django-debug-toolbar,C:\Users\Zhifei Chen\Desktop\pysmell\subjects_for_metrics\django-debug-toolbar\tests\panels\test_sql.py,129,1,,,0,0,0
django-debug-toolbar,C:\Users\Zhifei Chen\Desktop\pysmell\subjects_for_metrics\django-debug-toolbar\tests\panels\test_sql.py,130,1,,,0,0,0
django-debug-toolbar,C:\Users\Zhifei Chen\Desktop\pysmell\subjects_for_metrics\django-debug-toolbar\tests\panels\test_sql.py,131,1,,,0,0,0
django-debug-toolbar,C:\Users\Zhifei Chen\Desktop\pysmell\subjects_for_metrics\django-debug-toolbar\tests\panels\test_sql.py,134,2,,,0,0,0
django-debug-toolbar,C:\Users\Zhifei Chen\Desktop\pysmell\subjects_for_metrics\django-debug-toolbar\tests\panels\test_template.py,28,,2,1,0,0,0
django-debug-toolbar,C:\Users\Zhifei Chen\Desktop\pysmell\subjects_for_metrics\django-debug-toolbar\tests\panels\test_template.py,39,3,,,1,1,1
