subject,file,lineno,MLOC,experience-based,statistics-based,tuning machine
autojump,C:\Users\Zhifei Chen\Desktop\pysmell\subjects_for_metrics\autojump\install.py,16,2,0,0,0
autojump,C:\Users\Zhifei Chen\Desktop\pysmell\subjects_for_metrics\autojump\install.py,22,1,0,0,0
autojump,C:\Users\Zhifei Chen\Desktop\pysmell\subjects_for_metrics\autojump\install.py,26,2,0,0,0
autojump,C:\Users\Zhifei Chen\Desktop\pysmell\subjects_for_metrics\autojump\install.py,32,4,0,0,0
autojump,C:\Users\Zhifei Chen\Desktop\pysmell\subjects_for_metrics\autojump\install.py,44,8,0,0,0
autojump,C:\Users\Zhifei Chen\Desktop\pysmell\subjects_for_metrics\autojump\install.py,56,57,1,1,1
autojump,C:\Users\Zhifei Chen\Desktop\pysmell\subjects_for_metrics\autojump\install.py,139,16,0,0,0
autojump,C:\Users\Zhifei Chen\Desktop\pysmell\subjects_for_metrics\autojump\install.py,164,38,1,1,0
autojump,C:\Users\Zhifei Chen\Desktop\pysmell\subjects_for_metrics\autojump\uninstall.py,15,4,0,0,0
autojump,C:\Users\Zhifei Chen\Desktop\pysmell\subjects_for_metrics\autojump\uninstall.py,25,15,0,0,0
autojump,C:\Users\Zhifei Chen\Desktop\pysmell\subjects_for_metrics\autojump\uninstall.py,51,32,1,1,0
autojump,C:\Users\Zhifei Chen\Desktop\pysmell\subjects_for_metrics\autojump\uninstall.py,91,25,1,0,0
autojump,C:\Users\Zhifei Chen\Desktop\pysmell\subjects_for_metrics\autojump\uninstall.py,125,19,0,0,0
autojump,C:\Users\Zhifei Chen\Desktop\pysmell\subjects_for_metrics\autojump\uninstall.py,149,10,0,0,0
autojump,C:\Users\Zhifei Chen\Desktop\pysmell\subjects_for_metrics\autojump\uninstall.py,164,4,0,0,0
autojump,C:\Users\Zhifei Chen\Desktop\pysmell\subjects_for_metrics\autojump\uninstall.py,171,4,0,0,0
autojump,C:\Users\Zhifei Chen\Desktop\pysmell\subjects_for_metrics\autojump\uninstall.py,178,8,0,0,0
autojump,C:\Users\Zhifei Chen\Desktop\pysmell\subjects_for_metrics\autojump\bin\autojump_argparse.py,116,1,0,0,0
autojump,C:\Users\Zhifei Chen\Desktop\pysmell\subjects_for_metrics\autojump\bin\autojump_argparse.py,144,7,0,0,0
autojump,C:\Users\Zhifei Chen\Desktop\pysmell\subjects_for_metrics\autojump\bin\autojump_argparse.py,153,1,0,0,0
autojump,C:\Users\Zhifei Chen\Desktop\pysmell\subjects_for_metrics\autojump\bin\autojump_argparse.py,156,1,0,0,0
autojump,C:\Users\Zhifei Chen\Desktop\pysmell\subjects_for_metrics\autojump\bin\autojump_argparse.py,160,3,0,0,0
autojump,C:\Users\Zhifei Chen\Desktop\pysmell\subjects_for_metrics\autojump\bin\autojump_argparse.py,178,17,0,0,0
autojump,C:\Users\Zhifei Chen\Desktop\pysmell\subjects_for_metrics\autojump\bin\autojump_argparse.py,210,2,0,0,0
autojump,C:\Users\Zhifei Chen\Desktop\pysmell\subjects_for_metrics\autojump\bin\autojump_argparse.py,214,3,0,0,0
autojump,C:\Users\Zhifei Chen\Desktop\pysmell\subjects_for_metrics\autojump\bin\autojump_argparse.py,221,4,0,0,0
autojump,C:\Users\Zhifei Chen\Desktop\pysmell\subjects_for_metrics\autojump\bin\autojump_argparse.py,227,15,0,0,0
autojump,C:\Users\Zhifei Chen\Desktop\pysmell\subjects_for_metrics\autojump\bin\autojump_argparse.py,252,0,0,0,0
autojump,C:\Users\Zhifei Chen\Desktop\pysmell\subjects_for_metrics\autojump\bin\autojump_argparse.py,258,3,0,0,0
autojump,C:\Users\Zhifei Chen\Desktop\pysmell\subjects_for_metrics\autojump\bin\autojump_argparse.py,264,2,0,0,0
autojump,C:\Users\Zhifei Chen\Desktop\pysmell\subjects_for_metrics\autojump\bin\autojump_argparse.py,268,2,0,0,0
autojump,C:\Users\Zhifei Chen\Desktop\pysmell\subjects_for_metrics\autojump\bin\autojump_argparse.py,272,3,0,0,0
autojump,C:\Users\Zhifei Chen\Desktop\pysmell\subjects_for_metrics\autojump\bin\autojump_argparse.py,277,10,0,0,0
autojump,C:\Users\Zhifei Chen\Desktop\pysmell\subjects_for_metrics\autojump\bin\autojump_argparse.py,295,2,0,0,0
autojump,C:\Users\Zhifei Chen\Desktop\pysmell\subjects_for_metrics\autojump\bin\autojump_argparse.py,302,5,0,0,0
autojump,C:\Users\Zhifei Chen\Desktop\pysmell\subjects_for_metrics\autojump\bin\autojump_argparse.py,309,1,0,0,0
autojump,C:\Users\Zhifei Chen\Desktop\pysmell\subjects_for_metrics\autojump\bin\autojump_argparse.py,314,45,1,1,0
autojump,C:\Users\Zhifei Chen\Desktop\pysmell\subjects_for_metrics\autojump\bin\autojump_argparse.py,358,17,0,0,0
autojump,C:\Users\Zhifei Chen\Desktop\pysmell\subjects_for_metrics\autojump\bin\autojump_argparse.py,406,56,1,1,1
autojump,C:\Users\Zhifei Chen\Desktop\pysmell\subjects_for_metrics\autojump\bin\autojump_argparse.py,502,5,0,0,0
autojump,C:\Users\Zhifei Chen\Desktop\pysmell\subjects_for_metrics\autojump\bin\autojump_argparse.py,509,27,1,0,0
autojump,C:\Users\Zhifei Chen\Desktop\pysmell\subjects_for_metrics\autojump\bin\autojump_argparse.py,556,11,0,0,0
autojump,C:\Users\Zhifei Chen\Desktop\pysmell\subjects_for_metrics\autojump\bin\autojump_argparse.py,579,8,0,0,0
autojump,C:\Users\Zhifei Chen\Desktop\pysmell\subjects_for_metrics\autojump\bin\autojump_argparse.py,588,3,0,0,0
autojump,C:\Users\Zhifei Chen\Desktop\pysmell\subjects_for_metrics\autojump\bin\autojump_argparse.py,595,16,0,0,0
autojump,C:\Users\Zhifei Chen\Desktop\pysmell\subjects_for_metrics\autojump\bin\autojump_argparse.py,614,11,0,0,0
autojump,C:\Users\Zhifei Chen\Desktop\pysmell\subjects_for_metrics\autojump\bin\autojump_argparse.py,627,8,0,0,0
autojump,C:\Users\Zhifei Chen\Desktop\pysmell\subjects_for_metrics\autojump\bin\autojump_argparse.py,638,2,0,0,0
autojump,C:\Users\Zhifei Chen\Desktop\pysmell\subjects_for_metrics\autojump\bin\autojump_argparse.py,642,2,0,0,0
autojump,C:\Users\Zhifei Chen\Desktop\pysmell\subjects_for_metrics\autojump\bin\autojump_argparse.py,647,1,0,0,0
autojump,C:\Users\Zhifei Chen\Desktop\pysmell\subjects_for_metrics\autojump\bin\autojump_argparse.py,659,1,0,0,0
autojump,C:\Users\Zhifei Chen\Desktop\pysmell\subjects_for_metrics\autojump\bin\autojump_argparse.py,671,1,0,0,0
autojump,C:\Users\Zhifei Chen\Desktop\pysmell\subjects_for_metrics\autojump\bin\autojump_argparse.py,683,7,0,0,0
autojump,C:\Users\Zhifei Chen\Desktop\pysmell\subjects_for_metrics\autojump\bin\autojump_argparse.py,697,9,0,0,0
autojump,C:\Users\Zhifei Chen\Desktop\pysmell\subjects_for_metrics\autojump\bin\autojump_argparse.py,718,2,0,0,0
autojump,C:\Users\Zhifei Chen\Desktop\pysmell\subjects_for_metrics\autojump\bin\autojump_argparse.py,722,4,0,0,0
autojump,C:\Users\Zhifei Chen\Desktop\pysmell\subjects_for_metrics\autojump\bin\autojump_argparse.py,793,10,0,0,0
autojump,C:\Users\Zhifei Chen\Desktop\pysmell\subjects_for_metrics\autojump\bin\autojump_argparse.py,815,11,0,0,0
autojump,C:\Users\Zhifei Chen\Desktop\pysmell\subjects_for_metrics\autojump\bin\autojump_argparse.py,829,1,0,0,0
autojump,C:\Users\Zhifei Chen\Desktop\pysmell\subjects_for_metrics\autojump\bin\autojump_argparse.py,835,5,0,0,0
autojump,C:\Users\Zhifei Chen\Desktop\pysmell\subjects_for_metrics\autojump\bin\autojump_argparse.py,864,0,0,0,0
autojump,C:\Users\Zhifei Chen\Desktop\pysmell\subjects_for_metrics\autojump\bin\autojump_argparse.py,870,0,0,0,0
autojump,C:\Users\Zhifei Chen\Desktop\pysmell\subjects_for_metrics\autojump\bin\autojump_argparse.py,887,0,0,0,0
autojump,C:\Users\Zhifei Chen\Desktop\pysmell\subjects_for_metrics\autojump\bin\autojump_argparse.py,893,0,0,0,0
autojump,C:\Users\Zhifei Chen\Desktop\pysmell\subjects_for_metrics\autojump\bin\autojump_argparse.py,910,0,0,0,0
autojump,C:\Users\Zhifei Chen\Desktop\pysmell\subjects_for_metrics\autojump\bin\autojump_argparse.py,927,5,0,0,0
autojump,C:\Users\Zhifei Chen\Desktop\pysmell\subjects_for_metrics\autojump\bin\autojump_argparse.py,956,3,0,0,0
autojump,C:\Users\Zhifei Chen\Desktop\pysmell\subjects_for_metrics\autojump\bin\autojump_argparse.py,964,0,0,0,0
autojump,C:\Users\Zhifei Chen\Desktop\pysmell\subjects_for_metrics\autojump\bin\autojump_argparse.py,982,3,0,0,0
autojump,C:\Users\Zhifei Chen\Desktop\pysmell\subjects_for_metrics\autojump\bin\autojump_argparse.py,990,0,0,0,0
autojump,C:\Users\Zhifei Chen\Desktop\pysmell\subjects_for_metrics\autojump\bin\autojump_argparse.py,1004,2,0,0,0
autojump,C:\Users\Zhifei Chen\Desktop\pysmell\subjects_for_metrics\autojump\bin\autojump_argparse.py,1011,0,0,0,0
autojump,C:\Users\Zhifei Chen\Desktop\pysmell\subjects_for_metrics\autojump\bin\autojump_argparse.py,1023,1,0,0,0
autojump,C:\Users\Zhifei Chen\Desktop\pysmell\subjects_for_metrics\autojump\bin\autojump_argparse.py,1030,1,0,0,0
autojump,C:\Users\Zhifei Chen\Desktop\pysmell\subjects_for_metrics\autojump\bin\autojump_argparse.py,1044,6,0,0,0
autojump,C:\Users\Zhifei Chen\Desktop\pysmell\subjects_for_metrics\autojump\bin\autojump_argparse.py,1057,2,0,0,0
autojump,C:\Users\Zhifei Chen\Desktop\pysmell\subjects_for_metrics\autojump\bin\autojump_argparse.py,1061,5,0,0,0
autojump,C:\Users\Zhifei Chen\Desktop\pysmell\subjects_for_metrics\autojump\bin\autojump_argparse.py,1082,9,0,0,0
autojump,C:\Users\Zhifei Chen\Desktop\pysmell\subjects_for_metrics\autojump\bin\autojump_argparse.py,1098,1,0,0,0
autojump,C:\Users\Zhifei Chen\Desktop\pysmell\subjects_for_metrics\autojump\bin\autojump_argparse.py,1101,15,0,0,0
autojump,C:\Users\Zhifei Chen\Desktop\pysmell\subjects_for_metrics\autojump\bin\autojump_argparse.py,1145,2,0,0,0
autojump,C:\Users\Zhifei Chen\Desktop\pysmell\subjects_for_metrics\autojump\bin\autojump_argparse.py,1149,10,0,0,0
autojump,C:\Users\Zhifei Chen\Desktop\pysmell\subjects_for_metrics\autojump\bin\autojump_argparse.py,1166,3,0,0,0
autojump,C:\Users\Zhifei Chen\Desktop\pysmell\subjects_for_metrics\autojump\bin\autojump_argparse.py,1184,2,0,0,0
autojump,C:\Users\Zhifei Chen\Desktop\pysmell\subjects_for_metrics\autojump\bin\autojump_argparse.py,1190,1,0,0,0
autojump,C:\Users\Zhifei Chen\Desktop\pysmell\subjects_for_metrics\autojump\bin\autojump_argparse.py,1193,1,0,0,0
autojump,C:\Users\Zhifei Chen\Desktop\pysmell\subjects_for_metrics\autojump\bin\autojump_argparse.py,1196,1,0,0,0
autojump,C:\Users\Zhifei Chen\Desktop\pysmell\subjects_for_metrics\autojump\bin\autojump_argparse.py,1202,24,1,0,0
autojump,C:\Users\Zhifei Chen\Desktop\pysmell\subjects_for_metrics\autojump\bin\autojump_argparse.py,1254,2,0,0,0
autojump,C:\Users\Zhifei Chen\Desktop\pysmell\subjects_for_metrics\autojump\bin\autojump_argparse.py,1258,1,0,0,0
autojump,C:\Users\Zhifei Chen\Desktop\pysmell\subjects_for_metrics\autojump\bin\autojump_argparse.py,1264,3,0,0,0
autojump,C:\Users\Zhifei Chen\Desktop\pysmell\subjects_for_metrics\autojump\bin\autojump_argparse.py,1273,4,0,0,0
autojump,C:\Users\Zhifei Chen\Desktop\pysmell\subjects_for_metrics\autojump\bin\autojump_argparse.py,1282,20,0,0,0
autojump,C:\Users\Zhifei Chen\Desktop\pysmell\subjects_for_metrics\autojump\bin\autojump_argparse.py,1322,3,0,0,0
autojump,C:\Users\Zhifei Chen\Desktop\pysmell\subjects_for_metrics\autojump\bin\autojump_argparse.py,1327,3,0,0,0
autojump,C:\Users\Zhifei Chen\Desktop\pysmell\subjects_for_metrics\autojump\bin\autojump_argparse.py,1332,9,0,0,0
autojump,C:\Users\Zhifei Chen\Desktop\pysmell\subjects_for_metrics\autojump\bin\autojump_argparse.py,1353,0,0,0,0
autojump,C:\Users\Zhifei Chen\Desktop\pysmell\subjects_for_metrics\autojump\bin\autojump_argparse.py,1356,18,0,0,0
autojump,C:\Users\Zhifei Chen\Desktop\pysmell\subjects_for_metrics\autojump\bin\autojump_argparse.py,1396,8,0,0,0
autojump,C:\Users\Zhifei Chen\Desktop\pysmell\subjects_for_metrics\autojump\bin\autojump_argparse.py,1412,23,0,0,0
autojump,C:\Users\Zhifei Chen\Desktop\pysmell\subjects_for_metrics\autojump\bin\autojump_argparse.py,1447,2,0,0,0
autojump,C:\Users\Zhifei Chen\Desktop\pysmell\subjects_for_metrics\autojump\bin\autojump_argparse.py,1451,6,0,0,0
autojump,C:\Users\Zhifei Chen\Desktop\pysmell\subjects_for_metrics\autojump\bin\autojump_argparse.py,1460,8,0,0,0
autojump,C:\Users\Zhifei Chen\Desktop\pysmell\subjects_for_metrics\autojump\bin\autojump_argparse.py,1474,3,0,0,0
autojump,C:\Users\Zhifei Chen\Desktop\pysmell\subjects_for_metrics\autojump\bin\autojump_argparse.py,1481,5,0,0,0
autojump,C:\Users\Zhifei Chen\Desktop\pysmell\subjects_for_metrics\autojump\bin\autojump_argparse.py,1498,14,0,0,0
autojump,C:\Users\Zhifei Chen\Desktop\pysmell\subjects_for_metrics\autojump\bin\autojump_argparse.py,1519,3,0,0,0
autojump,C:\Users\Zhifei Chen\Desktop\pysmell\subjects_for_metrics\autojump\bin\autojump_argparse.py,1524,1,0,0,0
autojump,C:\Users\Zhifei Chen\Desktop\pysmell\subjects_for_metrics\autojump\bin\autojump_argparse.py,1531,2,0,0,0
autojump,C:\Users\Zhifei Chen\Desktop\pysmell\subjects_for_metrics\autojump\bin\autojump_argparse.py,1536,6,0,0,0
autojump,C:\Users\Zhifei Chen\Desktop\pysmell\subjects_for_metrics\autojump\bin\autojump_argparse.py,1544,1,0,0,0
autojump,C:\Users\Zhifei Chen\Desktop\pysmell\subjects_for_metrics\autojump\bin\autojump_argparse.py,1568,38,1,1,0
autojump,C:\Users\Zhifei Chen\Desktop\pysmell\subjects_for_metrics\autojump\bin\autojump_argparse.py,1614,1,0,0,0
autojump,C:\Users\Zhifei Chen\Desktop\pysmell\subjects_for_metrics\autojump\bin\autojump_argparse.py,1649,9,0,0,0
autojump,C:\Users\Zhifei Chen\Desktop\pysmell\subjects_for_metrics\autojump\bin\autojump_argparse.py,1664,18,0,0,0
autojump,C:\Users\Zhifei Chen\Desktop\pysmell\subjects_for_metrics\autojump\bin\autojump_argparse.py,1695,4,0,0,0
autojump,C:\Users\Zhifei Chen\Desktop\pysmell\subjects_for_metrics\autojump\bin\autojump_argparse.py,1702,1,0,0,0
autojump,C:\Users\Zhifei Chen\Desktop\pysmell\subjects_for_metrics\autojump\bin\autojump_argparse.py,1707,1,0,0,0
autojump,C:\Users\Zhifei Chen\Desktop\pysmell\subjects_for_metrics\autojump\bin\autojump_argparse.py,1715,5,0,0,0
autojump,C:\Users\Zhifei Chen\Desktop\pysmell\subjects_for_metrics\autojump\bin\autojump_argparse.py,1722,24,1,0,0
autojump,C:\Users\Zhifei Chen\Desktop\pysmell\subjects_for_metrics\autojump\bin\autojump_argparse.py,1757,67,1,1,1
autojump,C:\Users\Zhifei Chen\Desktop\pysmell\subjects_for_metrics\autojump\bin\autojump_argparse.py,1804,10,0,0,0
autojump,C:\Users\Zhifei Chen\Desktop\pysmell\subjects_for_metrics\autojump\bin\autojump_argparse.py,1825,40,1,1,0
autojump,C:\Users\Zhifei Chen\Desktop\pysmell\subjects_for_metrics\autojump\bin\autojump_argparse.py,1902,9,0,0,0
autojump,C:\Users\Zhifei Chen\Desktop\pysmell\subjects_for_metrics\autojump\bin\autojump_argparse.py,1992,18,0,0,0
autojump,C:\Users\Zhifei Chen\Desktop\pysmell\subjects_for_metrics\autojump\bin\autojump_argparse.py,2021,1,0,0,0
autojump,C:\Users\Zhifei Chen\Desktop\pysmell\subjects_for_metrics\autojump\bin\autojump_argparse.py,2024,11,0,0,0
autojump,C:\Users\Zhifei Chen\Desktop\pysmell\subjects_for_metrics\autojump\bin\autojump_argparse.py,2043,9,0,0,0
autojump,C:\Users\Zhifei Chen\Desktop\pysmell\subjects_for_metrics\autojump\bin\autojump_argparse.py,2059,29,1,1,0
autojump,C:\Users\Zhifei Chen\Desktop\pysmell\subjects_for_metrics\autojump\bin\autojump_argparse.py,2116,28,1,1,0
autojump,C:\Users\Zhifei Chen\Desktop\pysmell\subjects_for_metrics\autojump\bin\autojump_argparse.py,2160,18,0,0,0
autojump,C:\Users\Zhifei Chen\Desktop\pysmell\subjects_for_metrics\autojump\bin\autojump_argparse.py,2204,28,1,1,0
autojump,C:\Users\Zhifei Chen\Desktop\pysmell\subjects_for_metrics\autojump\bin\autojump_argparse.py,2253,15,0,0,0
autojump,C:\Users\Zhifei Chen\Desktop\pysmell\subjects_for_metrics\autojump\bin\autojump_argparse.py,2278,4,0,0,0
autojump,C:\Users\Zhifei Chen\Desktop\pysmell\subjects_for_metrics\autojump\bin\autojump_argparse.py,2288,4,0,0,0
autojump,C:\Users\Zhifei Chen\Desktop\pysmell\subjects_for_metrics\autojump\bin\autojump_argparse.py,2294,11,0,0,0
autojump,C:\Users\Zhifei Chen\Desktop\pysmell\subjects_for_metrics\autojump\bin\autojump_argparse.py,2317,7,0,0,0
autojump,C:\Users\Zhifei Chen\Desktop\pysmell\subjects_for_metrics\autojump\bin\autojump_argparse.py,2327,1,0,0,0
autojump,C:\Users\Zhifei Chen\Desktop\pysmell\subjects_for_metrics\autojump\bin\autojump_argparse.py,2333,3,0,0,0
autojump,C:\Users\Zhifei Chen\Desktop\pysmell\subjects_for_metrics\autojump\bin\autojump_argparse.py,2338,3,0,0,0
autojump,C:\Users\Zhifei Chen\Desktop\pysmell\subjects_for_metrics\autojump\bin\autojump_argparse.py,2343,5,0,0,0
autojump,C:\Users\Zhifei Chen\Desktop\pysmell\subjects_for_metrics\autojump\bin\autojump_argparse.py,2351,4,0,0,0
autojump,C:\Users\Zhifei Chen\Desktop\pysmell\subjects_for_metrics\autojump\bin\autojump_argparse.py,2360,3,0,0,0
autojump,C:\Users\Zhifei Chen\Desktop\pysmell\subjects_for_metrics\autojump\bin\autojump_argparse.py,2365,2,0,0,0
autojump,C:\Users\Zhifei Chen\Desktop\pysmell\subjects_for_metrics\autojump\bin\autojump_data.py,31,4,0,0,0
autojump,C:\Users\Zhifei Chen\Desktop\pysmell\subjects_for_metrics\autojump\bin\autojump_data.py,43,4,0,0,0
autojump,C:\Users\Zhifei Chen\Desktop\pysmell\subjects_for_metrics\autojump\bin\autojump_data.py,51,23,0,0,0
autojump,C:\Users\Zhifei Chen\Desktop\pysmell\subjects_for_metrics\autojump\bin\autojump_data.py,86,4,0,0,0
autojump,C:\Users\Zhifei Chen\Desktop\pysmell\subjects_for_metrics\autojump\bin\autojump_data.py,93,12,0,0,0
autojump,C:\Users\Zhifei Chen\Desktop\pysmell\subjects_for_metrics\autojump\bin\autojump_data.py,116,16,0,0,0
autojump,C:\Users\Zhifei Chen\Desktop\pysmell\subjects_for_metrics\autojump\bin\autojump_utils.py,22,5,0,0,0
autojump,C:\Users\Zhifei Chen\Desktop\pysmell\subjects_for_metrics\autojump\bin\autojump_utils.py,31,3,0,0,0
autojump,C:\Users\Zhifei Chen\Desktop\pysmell\subjects_for_metrics\autojump\bin\autojump_utils.py,38,7,0,0,0
autojump,C:\Users\Zhifei Chen\Desktop\pysmell\subjects_for_metrics\autojump\bin\autojump_utils.py,48,13,0,0,0
autojump,C:\Users\Zhifei Chen\Desktop\pysmell\subjects_for_metrics\autojump\bin\autojump_utils.py,74,5,0,0,0
autojump,C:\Users\Zhifei Chen\Desktop\pysmell\subjects_for_metrics\autojump\bin\autojump_utils.py,82,3,0,0,0
autojump,C:\Users\Zhifei Chen\Desktop\pysmell\subjects_for_metrics\autojump\bin\autojump_utils.py,88,1,0,0,0
autojump,C:\Users\Zhifei Chen\Desktop\pysmell\subjects_for_metrics\autojump\bin\autojump_utils.py,92,1,0,0,0
autojump,C:\Users\Zhifei Chen\Desktop\pysmell\subjects_for_metrics\autojump\bin\autojump_utils.py,96,1,0,0,0
autojump,C:\Users\Zhifei Chen\Desktop\pysmell\subjects_for_metrics\autojump\bin\autojump_utils.py,100,1,0,0,0
autojump,C:\Users\Zhifei Chen\Desktop\pysmell\subjects_for_metrics\autojump\bin\autojump_utils.py,104,1,0,0,0
autojump,C:\Users\Zhifei Chen\Desktop\pysmell\subjects_for_metrics\autojump\bin\autojump_utils.py,108,1,0,0,0
autojump,C:\Users\Zhifei Chen\Desktop\pysmell\subjects_for_metrics\autojump\bin\autojump_utils.py,112,1,0,0,0
autojump,C:\Users\Zhifei Chen\Desktop\pysmell\subjects_for_metrics\autojump\bin\autojump_utils.py,116,10,0,0,0
autojump,C:\Users\Zhifei Chen\Desktop\pysmell\subjects_for_metrics\autojump\bin\autojump_utils.py,130,3,0,0,0
autojump,C:\Users\Zhifei Chen\Desktop\pysmell\subjects_for_metrics\autojump\bin\autojump_utils.py,143,0,0,0,0
autojump,C:\Users\Zhifei Chen\Desktop\pysmell\subjects_for_metrics\autojump\bin\autojump_utils.py,147,0,0,0,0
autojump,C:\Users\Zhifei Chen\Desktop\pysmell\subjects_for_metrics\autojump\bin\autojump_utils.py,151,8,0,0,0
autojump,C:\Users\Zhifei Chen\Desktop\pysmell\subjects_for_metrics\autojump\bin\autojump_utils.py,170,2,0,0,0
autojump,C:\Users\Zhifei Chen\Desktop\pysmell\subjects_for_metrics\autojump\bin\autojump_utils.py,176,10,0,0,0
autojump,C:\Users\Zhifei Chen\Desktop\pysmell\subjects_for_metrics\autojump\bin\autojump_utils.py,189,3,0,0,0
autojump,C:\Users\Zhifei Chen\Desktop\pysmell\subjects_for_metrics\autojump\bin\autojump_utils.py,200,1,0,0,0
autojump,C:\Users\Zhifei Chen\Desktop\pysmell\subjects_for_metrics\autojump\bin\autojump_utils.py,205,3,0,0,0
autojump,C:\Users\Zhifei Chen\Desktop\pysmell\subjects_for_metrics\autojump\tests\autojump_utils_test.py,30,3,0,0,0
autojump,C:\Users\Zhifei Chen\Desktop\pysmell\subjects_for_metrics\autojump\tests\autojump_utils_test.py,40,3,0,0,0
autojump,C:\Users\Zhifei Chen\Desktop\pysmell\subjects_for_metrics\autojump\tests\autojump_utils_test.py,46,5,0,0,0
autojump,C:\Users\Zhifei Chen\Desktop\pysmell\subjects_for_metrics\autojump\tests\autojump_utils_test.py,54,3,0,0,0
autojump,C:\Users\Zhifei Chen\Desktop\pysmell\subjects_for_metrics\autojump\tests\autojump_utils_test.py,60,4,0,0,0
autojump,C:\Users\Zhifei Chen\Desktop\pysmell\subjects_for_metrics\autojump\tests\autojump_utils_test.py,67,4,0,0,0
autojump,C:\Users\Zhifei Chen\Desktop\pysmell\subjects_for_metrics\autojump\tests\autojump_utils_test.py,74,2,0,0,0
autojump,C:\Users\Zhifei Chen\Desktop\pysmell\subjects_for_metrics\autojump\tests\autojump_utils_test.py,79,2,0,0,0
autojump,C:\Users\Zhifei Chen\Desktop\pysmell\subjects_for_metrics\autojump\tests\autojump_utils_test.py,84,2,0,0,0
autojump,C:\Users\Zhifei Chen\Desktop\pysmell\subjects_for_metrics\autojump\tests\autojump_utils_test.py,89,4,0,0,0
autojump,C:\Users\Zhifei Chen\Desktop\pysmell\subjects_for_metrics\autojump\tests\autojump_utils_test.py,97,2,0,0,0
autojump,C:\Users\Zhifei Chen\Desktop\pysmell\subjects_for_metrics\autojump\tests\autojump_utils_test.py,102,2,0,0,0
autojump,C:\Users\Zhifei Chen\Desktop\pysmell\subjects_for_metrics\autojump\tests\autojump_utils_test.py,107,2,0,0,0
autojump,C:\Users\Zhifei Chen\Desktop\pysmell\subjects_for_metrics\autojump\tests\autojump_utils_test.py,112,4,0,0,0
autojump,C:\Users\Zhifei Chen\Desktop\pysmell\subjects_for_metrics\autojump\tests\autojump_utils_test.py,120,6,0,0,0
autojump,C:\Users\Zhifei Chen\Desktop\pysmell\subjects_for_metrics\autojump\tests\autojump_utils_test.py,131,1,0,0,0
autojump,C:\Users\Zhifei Chen\Desktop\pysmell\subjects_for_metrics\autojump\tests\autojump_utils_test.py,135,1,0,0,0
autojump,C:\Users\Zhifei Chen\Desktop\pysmell\subjects_for_metrics\autojump\tests\autojump_utils_test.py,139,2,0,0,0
autojump,C:\Users\Zhifei Chen\Desktop\pysmell\subjects_for_metrics\autojump\tests\autojump_utils_test.py,144,1,0,0,0
autojump,C:\Users\Zhifei Chen\Desktop\pysmell\subjects_for_metrics\autojump\tools\autojump_ipython.py,24,6,0,0,0
