subject,file,lineno,PAR,experience-based,statistics-based,tuning machine
autojump,C:\Users\Zhifei Chen\Desktop\pysmell\subjects_for_metrics\autojump\install.py,16,2,0,0,0
autojump,C:\Users\Zhifei Chen\Desktop\pysmell\subjects_for_metrics\autojump\install.py,22,1,0,0,0
autojump,C:\Users\Zhifei Chen\Desktop\pysmell\subjects_for_metrics\autojump\install.py,26,1,0,0,0
autojump,C:\Users\Zhifei Chen\Desktop\pysmell\subjects_for_metrics\autojump\install.py,32,2,0,0,0
autojump,C:\Users\Zhifei Chen\Desktop\pysmell\subjects_for_metrics\autojump\install.py,44,2,0,0,0
autojump,C:\Users\Zhifei Chen\Desktop\pysmell\subjects_for_metrics\autojump\install.py,56,1,0,0,0
autojump,C:\Users\Zhifei Chen\Desktop\pysmell\subjects_for_metrics\autojump\install.py,139,3,0,0,0
autojump,C:\Users\Zhifei Chen\Desktop\pysmell\subjects_for_metrics\autojump\install.py,164,1,0,0,0
autojump,C:\Users\Zhifei Chen\Desktop\pysmell\subjects_for_metrics\autojump\uninstall.py,15,1,0,0,0
autojump,C:\Users\Zhifei Chen\Desktop\pysmell\subjects_for_metrics\autojump\uninstall.py,25,1,0,0,0
autojump,C:\Users\Zhifei Chen\Desktop\pysmell\subjects_for_metrics\autojump\uninstall.py,51,1,0,0,0
autojump,C:\Users\Zhifei Chen\Desktop\pysmell\subjects_for_metrics\autojump\uninstall.py,91,0,0,0,0
autojump,C:\Users\Zhifei Chen\Desktop\pysmell\subjects_for_metrics\autojump\uninstall.py,125,0,0,0,0
autojump,C:\Users\Zhifei Chen\Desktop\pysmell\subjects_for_metrics\autojump\uninstall.py,149,0,0,0,0
autojump,C:\Users\Zhifei Chen\Desktop\pysmell\subjects_for_metrics\autojump\uninstall.py,164,2,0,0,0
autojump,C:\Users\Zhifei Chen\Desktop\pysmell\subjects_for_metrics\autojump\uninstall.py,171,2,0,0,0
autojump,C:\Users\Zhifei Chen\Desktop\pysmell\subjects_for_metrics\autojump\uninstall.py,178,1,0,0,0
autojump,C:\Users\Zhifei Chen\Desktop\pysmell\subjects_for_metrics\autojump\bin\autojump_argparse.py,116,1,0,0,0
autojump,C:\Users\Zhifei Chen\Desktop\pysmell\subjects_for_metrics\autojump\bin\autojump_argparse.py,144,1,0,0,0
autojump,C:\Users\Zhifei Chen\Desktop\pysmell\subjects_for_metrics\autojump\bin\autojump_argparse.py,153,1,0,0,0
autojump,C:\Users\Zhifei Chen\Desktop\pysmell\subjects_for_metrics\autojump\bin\autojump_argparse.py,156,1,0,0,0
autojump,C:\Users\Zhifei Chen\Desktop\pysmell\subjects_for_metrics\autojump\bin\autojump_argparse.py,160,3,0,0,0
autojump,C:\Users\Zhifei Chen\Desktop\pysmell\subjects_for_metrics\autojump\bin\autojump_argparse.py,178,2,0,0,0
autojump,C:\Users\Zhifei Chen\Desktop\pysmell\subjects_for_metrics\autojump\bin\autojump_argparse.py,210,1,0,0,0
autojump,C:\Users\Zhifei Chen\Desktop\pysmell\subjects_for_metrics\autojump\bin\autojump_argparse.py,214,1,0,0,0
autojump,C:\Users\Zhifei Chen\Desktop\pysmell\subjects_for_metrics\autojump\bin\autojump_argparse.py,221,3,0,0,0
autojump,C:\Users\Zhifei Chen\Desktop\pysmell\subjects_for_metrics\autojump\bin\autojump_argparse.py,227,1,0,0,0
autojump,C:\Users\Zhifei Chen\Desktop\pysmell\subjects_for_metrics\autojump\bin\autojump_argparse.py,252,3,0,0,0
autojump,C:\Users\Zhifei Chen\Desktop\pysmell\subjects_for_metrics\autojump\bin\autojump_argparse.py,258,2,0,0,0
autojump,C:\Users\Zhifei Chen\Desktop\pysmell\subjects_for_metrics\autojump\bin\autojump_argparse.py,264,1,0,0,0
autojump,C:\Users\Zhifei Chen\Desktop\pysmell\subjects_for_metrics\autojump\bin\autojump_argparse.py,268,2,0,0,0
autojump,C:\Users\Zhifei Chen\Desktop\pysmell\subjects_for_metrics\autojump\bin\autojump_argparse.py,272,4,0,1,0
autojump,C:\Users\Zhifei Chen\Desktop\pysmell\subjects_for_metrics\autojump\bin\autojump_argparse.py,277,2,0,0,0
autojump,C:\Users\Zhifei Chen\Desktop\pysmell\subjects_for_metrics\autojump\bin\autojump_argparse.py,295,2,0,0,0
autojump,C:\Users\Zhifei Chen\Desktop\pysmell\subjects_for_metrics\autojump\bin\autojump_argparse.py,302,1,0,0,0
autojump,C:\Users\Zhifei Chen\Desktop\pysmell\subjects_for_metrics\autojump\bin\autojump_argparse.py,309,2,0,0,0
autojump,C:\Users\Zhifei Chen\Desktop\pysmell\subjects_for_metrics\autojump\bin\autojump_argparse.py,314,5,1,1,1
autojump,C:\Users\Zhifei Chen\Desktop\pysmell\subjects_for_metrics\autojump\bin\autojump_argparse.py,358,2,0,0,0
autojump,C:\Users\Zhifei Chen\Desktop\pysmell\subjects_for_metrics\autojump\bin\autojump_argparse.py,406,3,0,0,0
autojump,C:\Users\Zhifei Chen\Desktop\pysmell\subjects_for_metrics\autojump\bin\autojump_argparse.py,502,2,0,0,0
autojump,C:\Users\Zhifei Chen\Desktop\pysmell\subjects_for_metrics\autojump\bin\autojump_argparse.py,509,2,0,0,0
autojump,C:\Users\Zhifei Chen\Desktop\pysmell\subjects_for_metrics\autojump\bin\autojump_argparse.py,556,2,0,0,0
autojump,C:\Users\Zhifei Chen\Desktop\pysmell\subjects_for_metrics\autojump\bin\autojump_argparse.py,579,3,0,0,0
autojump,C:\Users\Zhifei Chen\Desktop\pysmell\subjects_for_metrics\autojump\bin\autojump_argparse.py,588,1,0,0,0
autojump,C:\Users\Zhifei Chen\Desktop\pysmell\subjects_for_metrics\autojump\bin\autojump_argparse.py,595,3,0,0,0
autojump,C:\Users\Zhifei Chen\Desktop\pysmell\subjects_for_metrics\autojump\bin\autojump_argparse.py,614,2,0,0,0
autojump,C:\Users\Zhifei Chen\Desktop\pysmell\subjects_for_metrics\autojump\bin\autojump_argparse.py,627,2,0,0,0
autojump,C:\Users\Zhifei Chen\Desktop\pysmell\subjects_for_metrics\autojump\bin\autojump_argparse.py,638,3,0,0,0
autojump,C:\Users\Zhifei Chen\Desktop\pysmell\subjects_for_metrics\autojump\bin\autojump_argparse.py,642,4,0,1,0
autojump,C:\Users\Zhifei Chen\Desktop\pysmell\subjects_for_metrics\autojump\bin\autojump_argparse.py,647,2,0,0,0
autojump,C:\Users\Zhifei Chen\Desktop\pysmell\subjects_for_metrics\autojump\bin\autojump_argparse.py,659,4,0,1,0
autojump,C:\Users\Zhifei Chen\Desktop\pysmell\subjects_for_metrics\autojump\bin\autojump_argparse.py,671,3,0,0,0
autojump,C:\Users\Zhifei Chen\Desktop\pysmell\subjects_for_metrics\autojump\bin\autojump_argparse.py,683,2,0,0,0
autojump,C:\Users\Zhifei Chen\Desktop\pysmell\subjects_for_metrics\autojump\bin\autojump_argparse.py,697,1,0,0,0
autojump,C:\Users\Zhifei Chen\Desktop\pysmell\subjects_for_metrics\autojump\bin\autojump_argparse.py,718,3,0,0,0
autojump,C:\Users\Zhifei Chen\Desktop\pysmell\subjects_for_metrics\autojump\bin\autojump_argparse.py,722,1,0,0,0
autojump,C:\Users\Zhifei Chen\Desktop\pysmell\subjects_for_metrics\autojump\bin\autojump_argparse.py,793,3,0,0,0
autojump,C:\Users\Zhifei Chen\Desktop\pysmell\subjects_for_metrics\autojump\bin\autojump_argparse.py,815,1,0,0,0
autojump,C:\Users\Zhifei Chen\Desktop\pysmell\subjects_for_metrics\autojump\bin\autojump_argparse.py,829,4,0,1,0
autojump,C:\Users\Zhifei Chen\Desktop\pysmell\subjects_for_metrics\autojump\bin\autojump_argparse.py,835,3,0,0,0
autojump,C:\Users\Zhifei Chen\Desktop\pysmell\subjects_for_metrics\autojump\bin\autojump_argparse.py,864,4,0,1,0
autojump,C:\Users\Zhifei Chen\Desktop\pysmell\subjects_for_metrics\autojump\bin\autojump_argparse.py,870,4,0,1,0
autojump,C:\Users\Zhifei Chen\Desktop\pysmell\subjects_for_metrics\autojump\bin\autojump_argparse.py,887,4,0,1,0
autojump,C:\Users\Zhifei Chen\Desktop\pysmell\subjects_for_metrics\autojump\bin\autojump_argparse.py,893,3,0,0,0
autojump,C:\Users\Zhifei Chen\Desktop\pysmell\subjects_for_metrics\autojump\bin\autojump_argparse.py,910,3,0,0,0
autojump,C:\Users\Zhifei Chen\Desktop\pysmell\subjects_for_metrics\autojump\bin\autojump_argparse.py,927,3,0,0,0
autojump,C:\Users\Zhifei Chen\Desktop\pysmell\subjects_for_metrics\autojump\bin\autojump_argparse.py,956,4,0,1,0
autojump,C:\Users\Zhifei Chen\Desktop\pysmell\subjects_for_metrics\autojump\bin\autojump_argparse.py,964,4,0,1,0
autojump,C:\Users\Zhifei Chen\Desktop\pysmell\subjects_for_metrics\autojump\bin\autojump_argparse.py,982,4,0,1,0
autojump,C:\Users\Zhifei Chen\Desktop\pysmell\subjects_for_metrics\autojump\bin\autojump_argparse.py,990,3,0,0,0
autojump,C:\Users\Zhifei Chen\Desktop\pysmell\subjects_for_metrics\autojump\bin\autojump_argparse.py,1004,4,0,1,0
autojump,C:\Users\Zhifei Chen\Desktop\pysmell\subjects_for_metrics\autojump\bin\autojump_argparse.py,1011,2,0,0,0
autojump,C:\Users\Zhifei Chen\Desktop\pysmell\subjects_for_metrics\autojump\bin\autojump_argparse.py,1023,4,0,1,0
autojump,C:\Users\Zhifei Chen\Desktop\pysmell\subjects_for_metrics\autojump\bin\autojump_argparse.py,1030,2,0,0,0
autojump,C:\Users\Zhifei Chen\Desktop\pysmell\subjects_for_metrics\autojump\bin\autojump_argparse.py,1044,4,0,1,0
autojump,C:\Users\Zhifei Chen\Desktop\pysmell\subjects_for_metrics\autojump\bin\autojump_argparse.py,1057,3,0,0,0
autojump,C:\Users\Zhifei Chen\Desktop\pysmell\subjects_for_metrics\autojump\bin\autojump_argparse.py,1061,4,0,1,0
autojump,C:\Users\Zhifei Chen\Desktop\pysmell\subjects_for_metrics\autojump\bin\autojump_argparse.py,1082,3,0,0,0
autojump,C:\Users\Zhifei Chen\Desktop\pysmell\subjects_for_metrics\autojump\bin\autojump_argparse.py,1098,1,0,0,0
autojump,C:\Users\Zhifei Chen\Desktop\pysmell\subjects_for_metrics\autojump\bin\autojump_argparse.py,1101,4,0,1,0
autojump,C:\Users\Zhifei Chen\Desktop\pysmell\subjects_for_metrics\autojump\bin\autojump_argparse.py,1145,1,0,0,0
autojump,C:\Users\Zhifei Chen\Desktop\pysmell\subjects_for_metrics\autojump\bin\autojump_argparse.py,1149,2,0,0,0
autojump,C:\Users\Zhifei Chen\Desktop\pysmell\subjects_for_metrics\autojump\bin\autojump_argparse.py,1166,1,0,0,0
autojump,C:\Users\Zhifei Chen\Desktop\pysmell\subjects_for_metrics\autojump\bin\autojump_argparse.py,1184,2,0,0,0
autojump,C:\Users\Zhifei Chen\Desktop\pysmell\subjects_for_metrics\autojump\bin\autojump_argparse.py,1190,2,0,0,0
autojump,C:\Users\Zhifei Chen\Desktop\pysmell\subjects_for_metrics\autojump\bin\autojump_argparse.py,1193,2,0,0,0
autojump,C:\Users\Zhifei Chen\Desktop\pysmell\subjects_for_metrics\autojump\bin\autojump_argparse.py,1196,2,0,0,0
autojump,C:\Users\Zhifei Chen\Desktop\pysmell\subjects_for_metrics\autojump\bin\autojump_argparse.py,1202,5,1,1,1
autojump,C:\Users\Zhifei Chen\Desktop\pysmell\subjects_for_metrics\autojump\bin\autojump_argparse.py,1254,4,0,1,0
autojump,C:\Users\Zhifei Chen\Desktop\pysmell\subjects_for_metrics\autojump\bin\autojump_argparse.py,1258,3,0,0,0
autojump,C:\Users\Zhifei Chen\Desktop\pysmell\subjects_for_metrics\autojump\bin\autojump_argparse.py,1264,2,0,0,0
autojump,C:\Users\Zhifei Chen\Desktop\pysmell\subjects_for_metrics\autojump\bin\autojump_argparse.py,1273,2,0,0,0
autojump,C:\Users\Zhifei Chen\Desktop\pysmell\subjects_for_metrics\autojump\bin\autojump_argparse.py,1282,3,0,0,0
autojump,C:\Users\Zhifei Chen\Desktop\pysmell\subjects_for_metrics\autojump\bin\autojump_argparse.py,1322,3,0,0,0
autojump,C:\Users\Zhifei Chen\Desktop\pysmell\subjects_for_metrics\autojump\bin\autojump_argparse.py,1327,2,0,0,0
autojump,C:\Users\Zhifei Chen\Desktop\pysmell\subjects_for_metrics\autojump\bin\autojump_argparse.py,1332,2,0,0,0
autojump,C:\Users\Zhifei Chen\Desktop\pysmell\subjects_for_metrics\autojump\bin\autojump_argparse.py,1353,2,0,0,0
autojump,C:\Users\Zhifei Chen\Desktop\pysmell\subjects_for_metrics\autojump\bin\autojump_argparse.py,1356,2,0,0,0
autojump,C:\Users\Zhifei Chen\Desktop\pysmell\subjects_for_metrics\autojump\bin\autojump_argparse.py,1396,3,0,0,0
autojump,C:\Users\Zhifei Chen\Desktop\pysmell\subjects_for_metrics\autojump\bin\autojump_argparse.py,1412,3,0,0,0
autojump,C:\Users\Zhifei Chen\Desktop\pysmell\subjects_for_metrics\autojump\bin\autojump_argparse.py,1447,2,0,0,0
autojump,C:\Users\Zhifei Chen\Desktop\pysmell\subjects_for_metrics\autojump\bin\autojump_argparse.py,1451,1,0,0,0
autojump,C:\Users\Zhifei Chen\Desktop\pysmell\subjects_for_metrics\autojump\bin\autojump_argparse.py,1460,2,0,0,0
autojump,C:\Users\Zhifei Chen\Desktop\pysmell\subjects_for_metrics\autojump\bin\autojump_argparse.py,1474,3,0,0,0
autojump,C:\Users\Zhifei Chen\Desktop\pysmell\subjects_for_metrics\autojump\bin\autojump_argparse.py,1481,3,0,0,0
autojump,C:\Users\Zhifei Chen\Desktop\pysmell\subjects_for_metrics\autojump\bin\autojump_argparse.py,1498,3,0,0,0
autojump,C:\Users\Zhifei Chen\Desktop\pysmell\subjects_for_metrics\autojump\bin\autojump_argparse.py,1519,2,0,0,0
autojump,C:\Users\Zhifei Chen\Desktop\pysmell\subjects_for_metrics\autojump\bin\autojump_argparse.py,1524,2,0,0,0
autojump,C:\Users\Zhifei Chen\Desktop\pysmell\subjects_for_metrics\autojump\bin\autojump_argparse.py,1531,2,0,0,0
autojump,C:\Users\Zhifei Chen\Desktop\pysmell\subjects_for_metrics\autojump\bin\autojump_argparse.py,1536,2,0,0,0
autojump,C:\Users\Zhifei Chen\Desktop\pysmell\subjects_for_metrics\autojump\bin\autojump_argparse.py,1544,2,0,0,0
autojump,C:\Users\Zhifei Chen\Desktop\pysmell\subjects_for_metrics\autojump\bin\autojump_argparse.py,1568,1,0,0,0
autojump,C:\Users\Zhifei Chen\Desktop\pysmell\subjects_for_metrics\autojump\bin\autojump_argparse.py,1614,1,0,0,0
autojump,C:\Users\Zhifei Chen\Desktop\pysmell\subjects_for_metrics\autojump\bin\autojump_argparse.py,1649,1,0,0,0
autojump,C:\Users\Zhifei Chen\Desktop\pysmell\subjects_for_metrics\autojump\bin\autojump_argparse.py,1664,2,0,0,0
autojump,C:\Users\Zhifei Chen\Desktop\pysmell\subjects_for_metrics\autojump\bin\autojump_argparse.py,1695,2,0,0,0
autojump,C:\Users\Zhifei Chen\Desktop\pysmell\subjects_for_metrics\autojump\bin\autojump_argparse.py,1702,1,0,0,0
autojump,C:\Users\Zhifei Chen\Desktop\pysmell\subjects_for_metrics\autojump\bin\autojump_argparse.py,1707,1,0,0,0
autojump,C:\Users\Zhifei Chen\Desktop\pysmell\subjects_for_metrics\autojump\bin\autojump_argparse.py,1715,1,0,0,0
autojump,C:\Users\Zhifei Chen\Desktop\pysmell\subjects_for_metrics\autojump\bin\autojump_argparse.py,1722,1,0,0,0
autojump,C:\Users\Zhifei Chen\Desktop\pysmell\subjects_for_metrics\autojump\bin\autojump_argparse.py,1757,3,0,0,0
autojump,C:\Users\Zhifei Chen\Desktop\pysmell\subjects_for_metrics\autojump\bin\autojump_argparse.py,1804,2,0,0,0
autojump,C:\Users\Zhifei Chen\Desktop\pysmell\subjects_for_metrics\autojump\bin\autojump_argparse.py,1825,1,0,0,0
autojump,C:\Users\Zhifei Chen\Desktop\pysmell\subjects_for_metrics\autojump\bin\autojump_argparse.py,1902,1,0,0,0
autojump,C:\Users\Zhifei Chen\Desktop\pysmell\subjects_for_metrics\autojump\bin\autojump_argparse.py,1992,2,0,0,0
autojump,C:\Users\Zhifei Chen\Desktop\pysmell\subjects_for_metrics\autojump\bin\autojump_argparse.py,2021,2,0,0,0
autojump,C:\Users\Zhifei Chen\Desktop\pysmell\subjects_for_metrics\autojump\bin\autojump_argparse.py,2024,3,0,0,0
autojump,C:\Users\Zhifei Chen\Desktop\pysmell\subjects_for_metrics\autojump\bin\autojump_argparse.py,2043,3,0,0,0
autojump,C:\Users\Zhifei Chen\Desktop\pysmell\subjects_for_metrics\autojump\bin\autojump_argparse.py,2059,2,0,0,0
autojump,C:\Users\Zhifei Chen\Desktop\pysmell\subjects_for_metrics\autojump\bin\autojump_argparse.py,2116,2,0,0,0
autojump,C:\Users\Zhifei Chen\Desktop\pysmell\subjects_for_metrics\autojump\bin\autojump_argparse.py,2160,2,0,0,0
autojump,C:\Users\Zhifei Chen\Desktop\pysmell\subjects_for_metrics\autojump\bin\autojump_argparse.py,2204,3,0,0,0
autojump,C:\Users\Zhifei Chen\Desktop\pysmell\subjects_for_metrics\autojump\bin\autojump_argparse.py,2253,3,0,0,0
autojump,C:\Users\Zhifei Chen\Desktop\pysmell\subjects_for_metrics\autojump\bin\autojump_argparse.py,2278,3,0,0,0
autojump,C:\Users\Zhifei Chen\Desktop\pysmell\subjects_for_metrics\autojump\bin\autojump_argparse.py,2288,1,0,0,0
autojump,C:\Users\Zhifei Chen\Desktop\pysmell\subjects_for_metrics\autojump\bin\autojump_argparse.py,2294,1,0,0,0
autojump,C:\Users\Zhifei Chen\Desktop\pysmell\subjects_for_metrics\autojump\bin\autojump_argparse.py,2317,1,0,0,0
autojump,C:\Users\Zhifei Chen\Desktop\pysmell\subjects_for_metrics\autojump\bin\autojump_argparse.py,2327,1,0,0,0
autojump,C:\Users\Zhifei Chen\Desktop\pysmell\subjects_for_metrics\autojump\bin\autojump_argparse.py,2333,1,0,0,0
autojump,C:\Users\Zhifei Chen\Desktop\pysmell\subjects_for_metrics\autojump\bin\autojump_argparse.py,2338,1,0,0,0
autojump,C:\Users\Zhifei Chen\Desktop\pysmell\subjects_for_metrics\autojump\bin\autojump_argparse.py,2343,1,0,0,0
autojump,C:\Users\Zhifei Chen\Desktop\pysmell\subjects_for_metrics\autojump\bin\autojump_argparse.py,2351,2,0,0,0
autojump,C:\Users\Zhifei Chen\Desktop\pysmell\subjects_for_metrics\autojump\bin\autojump_argparse.py,2360,1,0,0,0
autojump,C:\Users\Zhifei Chen\Desktop\pysmell\subjects_for_metrics\autojump\bin\autojump_argparse.py,2365,2,0,0,0
autojump,C:\Users\Zhifei Chen\Desktop\pysmell\subjects_for_metrics\autojump\bin\autojump_data.py,31,1,0,0,0
autojump,C:\Users\Zhifei Chen\Desktop\pysmell\subjects_for_metrics\autojump\bin\autojump_data.py,43,1,0,0,0
autojump,C:\Users\Zhifei Chen\Desktop\pysmell\subjects_for_metrics\autojump\bin\autojump_data.py,51,1,0,0,0
autojump,C:\Users\Zhifei Chen\Desktop\pysmell\subjects_for_metrics\autojump\bin\autojump_data.py,86,1,0,0,0
autojump,C:\Users\Zhifei Chen\Desktop\pysmell\subjects_for_metrics\autojump\bin\autojump_data.py,93,1,0,0,0
autojump,C:\Users\Zhifei Chen\Desktop\pysmell\subjects_for_metrics\autojump\bin\autojump_data.py,116,2,0,0,0
autojump,C:\Users\Zhifei Chen\Desktop\pysmell\subjects_for_metrics\autojump\bin\autojump_utils.py,22,1,0,0,0
autojump,C:\Users\Zhifei Chen\Desktop\pysmell\subjects_for_metrics\autojump\bin\autojump_utils.py,31,1,0,0,0
autojump,C:\Users\Zhifei Chen\Desktop\pysmell\subjects_for_metrics\autojump\bin\autojump_utils.py,38,1,0,0,0
autojump,C:\Users\Zhifei Chen\Desktop\pysmell\subjects_for_metrics\autojump\bin\autojump_utils.py,48,2,0,0,0
autojump,C:\Users\Zhifei Chen\Desktop\pysmell\subjects_for_metrics\autojump\bin\autojump_utils.py,74,1,0,0,0
autojump,C:\Users\Zhifei Chen\Desktop\pysmell\subjects_for_metrics\autojump\bin\autojump_utils.py,82,1,0,0,0
autojump,C:\Users\Zhifei Chen\Desktop\pysmell\subjects_for_metrics\autojump\bin\autojump_utils.py,88,1,0,0,0
autojump,C:\Users\Zhifei Chen\Desktop\pysmell\subjects_for_metrics\autojump\bin\autojump_utils.py,92,1,0,0,0
autojump,C:\Users\Zhifei Chen\Desktop\pysmell\subjects_for_metrics\autojump\bin\autojump_utils.py,96,1,0,0,0
autojump,C:\Users\Zhifei Chen\Desktop\pysmell\subjects_for_metrics\autojump\bin\autojump_utils.py,100,1,0,0,0
autojump,C:\Users\Zhifei Chen\Desktop\pysmell\subjects_for_metrics\autojump\bin\autojump_utils.py,104,1,0,0,0
autojump,C:\Users\Zhifei Chen\Desktop\pysmell\subjects_for_metrics\autojump\bin\autojump_utils.py,108,1,0,0,0
autojump,C:\Users\Zhifei Chen\Desktop\pysmell\subjects_for_metrics\autojump\bin\autojump_utils.py,112,1,0,0,0
autojump,C:\Users\Zhifei Chen\Desktop\pysmell\subjects_for_metrics\autojump\bin\autojump_utils.py,116,1,0,0,0
autojump,C:\Users\Zhifei Chen\Desktop\pysmell\subjects_for_metrics\autojump\bin\autojump_utils.py,130,2,0,0,0
autojump,C:\Users\Zhifei Chen\Desktop\pysmell\subjects_for_metrics\autojump\bin\autojump_utils.py,143,1,0,0,0
autojump,C:\Users\Zhifei Chen\Desktop\pysmell\subjects_for_metrics\autojump\bin\autojump_utils.py,147,1,0,0,0
autojump,C:\Users\Zhifei Chen\Desktop\pysmell\subjects_for_metrics\autojump\bin\autojump_utils.py,151,3,0,0,0
autojump,C:\Users\Zhifei Chen\Desktop\pysmell\subjects_for_metrics\autojump\bin\autojump_utils.py,170,1,0,0,0
autojump,C:\Users\Zhifei Chen\Desktop\pysmell\subjects_for_metrics\autojump\bin\autojump_utils.py,176,1,0,0,0
autojump,C:\Users\Zhifei Chen\Desktop\pysmell\subjects_for_metrics\autojump\bin\autojump_utils.py,189,1,0,0,0
autojump,C:\Users\Zhifei Chen\Desktop\pysmell\subjects_for_metrics\autojump\bin\autojump_utils.py,200,2,0,0,0
autojump,C:\Users\Zhifei Chen\Desktop\pysmell\subjects_for_metrics\autojump\bin\autojump_utils.py,205,1,0,0,0
autojump,C:\Users\Zhifei Chen\Desktop\pysmell\subjects_for_metrics\autojump\tests\autojump_utils_test.py,30,1,0,0,0
autojump,C:\Users\Zhifei Chen\Desktop\pysmell\subjects_for_metrics\autojump\tests\autojump_utils_test.py,40,1,0,0,0
autojump,C:\Users\Zhifei Chen\Desktop\pysmell\subjects_for_metrics\autojump\tests\autojump_utils_test.py,46,1,0,0,0
autojump,C:\Users\Zhifei Chen\Desktop\pysmell\subjects_for_metrics\autojump\tests\autojump_utils_test.py,54,1,0,0,0
autojump,C:\Users\Zhifei Chen\Desktop\pysmell\subjects_for_metrics\autojump\tests\autojump_utils_test.py,60,1,0,0,0
autojump,C:\Users\Zhifei Chen\Desktop\pysmell\subjects_for_metrics\autojump\tests\autojump_utils_test.py,67,1,0,0,0
autojump,C:\Users\Zhifei Chen\Desktop\pysmell\subjects_for_metrics\autojump\tests\autojump_utils_test.py,74,1,0,0,0
autojump,C:\Users\Zhifei Chen\Desktop\pysmell\subjects_for_metrics\autojump\tests\autojump_utils_test.py,79,1,0,0,0
autojump,C:\Users\Zhifei Chen\Desktop\pysmell\subjects_for_metrics\autojump\tests\autojump_utils_test.py,84,1,0,0,0
autojump,C:\Users\Zhifei Chen\Desktop\pysmell\subjects_for_metrics\autojump\tests\autojump_utils_test.py,89,1,0,0,0
autojump,C:\Users\Zhifei Chen\Desktop\pysmell\subjects_for_metrics\autojump\tests\autojump_utils_test.py,97,1,0,0,0
autojump,C:\Users\Zhifei Chen\Desktop\pysmell\subjects_for_metrics\autojump\tests\autojump_utils_test.py,102,1,0,0,0
autojump,C:\Users\Zhifei Chen\Desktop\pysmell\subjects_for_metrics\autojump\tests\autojump_utils_test.py,107,1,0,0,0
autojump,C:\Users\Zhifei Chen\Desktop\pysmell\subjects_for_metrics\autojump\tests\autojump_utils_test.py,112,1,0,0,0
autojump,C:\Users\Zhifei Chen\Desktop\pysmell\subjects_for_metrics\autojump\tests\autojump_utils_test.py,120,1,0,0,0
autojump,C:\Users\Zhifei Chen\Desktop\pysmell\subjects_for_metrics\autojump\tests\autojump_utils_test.py,131,1,0,0,0
autojump,C:\Users\Zhifei Chen\Desktop\pysmell\subjects_for_metrics\autojump\tests\autojump_utils_test.py,135,1,0,0,0
autojump,C:\Users\Zhifei Chen\Desktop\pysmell\subjects_for_metrics\autojump\tests\autojump_utils_test.py,139,1,0,0,0
autojump,C:\Users\Zhifei Chen\Desktop\pysmell\subjects_for_metrics\autojump\tests\autojump_utils_test.py,144,1,0,0,0
autojump,C:\Users\Zhifei Chen\Desktop\pysmell\subjects_for_metrics\autojump\tools\autojump_ipython.py,24,1,0,0,0
