subject,file,lineno,NOC,NOFF,NOO,experience-based,statistics-based,tuning machine
beets,C:\Users\Zhifei Chen\Desktop\pysmell\subjects_for_metrics\beets\beets\importer.py,550,43,1,8,0,0,0
beets,C:\Users\Zhifei Chen\Desktop\pysmell\subjects_for_metrics\beets\beets\importer.py,576,29,2,5,0,0,0
beets,C:\Users\Zhifei Chen\Desktop\pysmell\subjects_for_metrics\beets\beets\importer.py,600,27,2,6,0,0,0
beets,C:\Users\Zhifei Chen\Desktop\pysmell\subjects_for_metrics\beets\beets\importer.py,609,27,1,6,0,0,0
beets,C:\Users\Zhifei Chen\Desktop\pysmell\subjects_for_metrics\beets\beets\importer.py,622,43,1,8,0,0,0
beets,C:\Users\Zhifei Chen\Desktop\pysmell\subjects_for_metrics\beets\beets\importer.py,652,25,1,4,0,0,0
beets,C:\Users\Zhifei Chen\Desktop\pysmell\subjects_for_metrics\beets\beets\importer.py,761,43,1,8,0,0,0
beets,C:\Users\Zhifei Chen\Desktop\pysmell\subjects_for_metrics\beets\beets\importer.py,1105,31,1,7,0,0,0
beets,C:\Users\Zhifei Chen\Desktop\pysmell\subjects_for_metrics\beets\beets\importer.py,1114,26,2,4,0,0,0
beets,C:\Users\Zhifei Chen\Desktop\pysmell\subjects_for_metrics\beets\beets\importer.py,1414,19,1,4,0,0,0
beets,C:\Users\Zhifei Chen\Desktop\pysmell\subjects_for_metrics\beets\beets\importer.py,1436,33,1,8,0,0,0
beets,C:\Users\Zhifei Chen\Desktop\pysmell\subjects_for_metrics\beets\beets\library.py,572,57,2,12,0,0,0
beets,C:\Users\Zhifei Chen\Desktop\pysmell\subjects_for_metrics\beets\beets\library.py,1129,54,1,7,0,0,0
beets,C:\Users\Zhifei Chen\Desktop\pysmell\subjects_for_metrics\beets\beets\library.py,1197,44,1,10,0,0,0
beets,C:\Users\Zhifei Chen\Desktop\pysmell\subjects_for_metrics\beets\beets\library.py,1420,38,1,6,0,0,0
beets,C:\Users\Zhifei Chen\Desktop\pysmell\subjects_for_metrics\beets\beets\library.py,1443,86,2,10,0,0,0
beets,C:\Users\Zhifei Chen\Desktop\pysmell\subjects_for_metrics\beets\beets\logging.py,83,27,1,6,0,0,0
beets,C:\Users\Zhifei Chen\Desktop\pysmell\subjects_for_metrics\beets\beets\logging.py,84,45,1,12,0,0,0
beets,C:\Users\Zhifei Chen\Desktop\pysmell\subjects_for_metrics\beets\beets\mediafile.py,516,57,1,9,0,0,0
beets,C:\Users\Zhifei Chen\Desktop\pysmell\subjects_for_metrics\beets\beets\mediafile.py,536,39,1,6,0,0,0
beets,C:\Users\Zhifei Chen\Desktop\pysmell\subjects_for_metrics\beets\beets\mediafile.py,1119,49,1,7,0,0,0
beets,C:\Users\Zhifei Chen\Desktop\pysmell\subjects_for_metrics\beets\beets\plugins.py,87,54,1,8,0,0,0
beets,C:\Users\Zhifei Chen\Desktop\pysmell\subjects_for_metrics\beets\beets\plugins.py,104,97,1,9,0,0,0
beets,C:\Users\Zhifei Chen\Desktop\pysmell\subjects_for_metrics\beets\beets\plugins.py,474,30,1,6,0,0,0
beets,C:\Users\Zhifei Chen\Desktop\pysmell\subjects_for_metrics\beets\beets\plugins.py,484,37,2,6,0,0,0
beets,C:\Users\Zhifei Chen\Desktop\pysmell\subjects_for_metrics\beets\beets\autotag\hooks.py,389,29,1,7,0,0,0
beets,C:\Users\Zhifei Chen\Desktop\pysmell\subjects_for_metrics\beets\beets\autotag\match.py,71,33,2,6,0,0,0
beets,C:\Users\Zhifei Chen\Desktop\pysmell\subjects_for_metrics\beets\beets\autotag\match.py,101,40,1,11,0,0,0
beets,C:\Users\Zhifei Chen\Desktop\pysmell\subjects_for_metrics\beets\beets\autotag\match.py,176,56,1,10,0,0,0
beets,C:\Users\Zhifei Chen\Desktop\pysmell\subjects_for_metrics\beets\beets\autotag\match.py,212,38,1,8,0,0,0
beets,C:\Users\Zhifei Chen\Desktop\pysmell\subjects_for_metrics\beets\beets\autotag\match.py,264,48,2,6,0,0,0
beets,C:\Users\Zhifei Chen\Desktop\pysmell\subjects_for_metrics\beets\beets\autotag\match.py,360,21,1,5,0,0,0
beets,C:\Users\Zhifei Chen\Desktop\pysmell\subjects_for_metrics\beets\beets\autotag\match.py,428,25,1,4,0,0,0
beets,C:\Users\Zhifei Chen\Desktop\pysmell\subjects_for_metrics\beets\beets\autotag\mb.py,88,32,2,6,0,0,0
beets,C:\Users\Zhifei Chen\Desktop\pysmell\subjects_for_metrics\beets\beets\autotag\mb.py,93,60,2,12,0,0,0
beets,C:\Users\Zhifei Chen\Desktop\pysmell\subjects_for_metrics\beets\beets\dbcore\db.py,188,54,1,13,0,0,0
beets,C:\Users\Zhifei Chen\Desktop\pysmell\subjects_for_metrics\beets\beets\dbcore\db.py,562,52,2,16,0,0,0
beets,C:\Users\Zhifei Chen\Desktop\pysmell\subjects_for_metrics\beets\beets\dbcore\db.py,564,44,1,9,0,0,0
beets,C:\Users\Zhifei Chen\Desktop\pysmell\subjects_for_metrics\beets\beets\dbcore\db.py,754,20,1,5,0,0,0
beets,C:\Users\Zhifei Chen\Desktop\pysmell\subjects_for_metrics\beets\beets\dbcore\query.py,438,36,1,7,0,0,0
beets,C:\Users\Zhifei Chen\Desktop\pysmell\subjects_for_metrics\beets\beets\dbcore\query.py,447,36,1,7,0,0,0
beets,C:\Users\Zhifei Chen\Desktop\pysmell\subjects_for_metrics\beets\beets\ui\commands.py,335,20,1,6,0,0,0
beets,C:\Users\Zhifei Chen\Desktop\pysmell\subjects_for_metrics\beets\beets\ui\commands.py,429,28,1,4,0,0,0
beets,C:\Users\Zhifei Chen\Desktop\pysmell\subjects_for_metrics\beets\beets\ui\commands.py,430,27,1,4,0,0,0
beets,C:\Users\Zhifei Chen\Desktop\pysmell\subjects_for_metrics\beets\beets\ui\commands.py,431,29,1,4,0,0,0
beets,C:\Users\Zhifei Chen\Desktop\pysmell\subjects_for_metrics\beets\beets\ui\commands.py,766,42,2,6,0,0,0
beets,C:\Users\Zhifei Chen\Desktop\pysmell\subjects_for_metrics\beets\beets\ui\commands.py,1209,36,1,6,0,0,0
beets,C:\Users\Zhifei Chen\Desktop\pysmell\subjects_for_metrics\beets\beets\ui\commands.py,1358,76,2,13,1,0,0
beets,C:\Users\Zhifei Chen\Desktop\pysmell\subjects_for_metrics\beets\beets\ui\commands.py,1361,54,1,9,0,0,0
beets,C:\Users\Zhifei Chen\Desktop\pysmell\subjects_for_metrics\beets\beets\ui\__init__.py,109,40,1,7,0,0,0
beets,C:\Users\Zhifei Chen\Desktop\pysmell\subjects_for_metrics\beets\beets\ui\__init__.py,254,21,1,5,0,0,0
beets,C:\Users\Zhifei Chen\Desktop\pysmell\subjects_for_metrics\beets\beets\ui\__init__.py,436,72,1,14,1,0,0
beets,C:\Users\Zhifei Chen\Desktop\pysmell\subjects_for_metrics\beets\beets\ui\__init__.py,882,38,2,7,0,0,0
beets,C:\Users\Zhifei Chen\Desktop\pysmell\subjects_for_metrics\beets\beets\ui\__init__.py,910,62,1,11,0,0,0
beets,C:\Users\Zhifei Chen\Desktop\pysmell\subjects_for_metrics\beets\beets\util\confit.py,453,31,1,8,0,0,0
beets,C:\Users\Zhifei Chen\Desktop\pysmell\subjects_for_metrics\beets\beets\util\confit.py,532,69,2,17,1,0,0
beets,C:\Users\Zhifei Chen\Desktop\pysmell\subjects_for_metrics\beets\beets\util\confit.py,882,37,2,7,0,0,0
beets,C:\Users\Zhifei Chen\Desktop\pysmell\subjects_for_metrics\beets\beets\util\functemplate.py,117,40,1,9,0,0,0
beets,C:\Users\Zhifei Chen\Desktop\pysmell\subjects_for_metrics\beets\beets\util\functemplate.py,119,33,1,5,0,0,0
beets,C:\Users\Zhifei Chen\Desktop\pysmell\subjects_for_metrics\beets\beets\util\functemplate.py,185,38,1,7,0,0,0
beets,C:\Users\Zhifei Chen\Desktop\pysmell\subjects_for_metrics\beets\beets\util\functemplate.py,295,33,1,6,0,0,0
beets,C:\Users\Zhifei Chen\Desktop\pysmell\subjects_for_metrics\beets\beets\util\pipeline.py,386,50,1,7,0,0,0
beets,C:\Users\Zhifei Chen\Desktop\pysmell\subjects_for_metrics\beets\beets\util\pipeline.py,443,31,1,6,0,0,0
beets,C:\Users\Zhifei Chen\Desktop\pysmell\subjects_for_metrics\beets\beets\util\__init__.py,117,37,1,6,0,0,0
beets,C:\Users\Zhifei Chen\Desktop\pysmell\subjects_for_metrics\beets\beets\util\__init__.py,343,31,1,5,0,0,0
beets,C:\Users\Zhifei Chen\Desktop\pysmell\subjects_for_metrics\beets\beets\util\__init__.py,539,23,1,6,0,0,0
beets,C:\Users\Zhifei Chen\Desktop\pysmell\subjects_for_metrics\beets\beetsplug\badfiles.py,51,40,2,7,0,0,0
beets,C:\Users\Zhifei Chen\Desktop\pysmell\subjects_for_metrics\beets\beetsplug\badfiles.py,56,51,2,7,0,0,0
beets,C:\Users\Zhifei Chen\Desktop\pysmell\subjects_for_metrics\beets\beetsplug\bpm.py,46,26,1,7,0,0,0
beets,C:\Users\Zhifei Chen\Desktop\pysmell\subjects_for_metrics\beets\beetsplug\bucket.py,59,42,1,9,0,0,0
beets,C:\Users\Zhifei Chen\Desktop\pysmell\subjects_for_metrics\beets\beetsplug\bucket.py,146,38,1,11,0,0,0
beets,C:\Users\Zhifei Chen\Desktop\pysmell\subjects_for_metrics\beets\beetsplug\bucket.py,148,31,1,7,0,0,0
beets,C:\Users\Zhifei Chen\Desktop\pysmell\subjects_for_metrics\beets\beetsplug\bucket.py,163,34,2,8,0,0,0
beets,C:\Users\Zhifei Chen\Desktop\pysmell\subjects_for_metrics\beets\beetsplug\chroma.py,100,42,1,7,0,0,0
beets,C:\Users\Zhifei Chen\Desktop\pysmell\subjects_for_metrics\beets\beetsplug\convert.py,374,30,2,7,0,0,0
beets,C:\Users\Zhifei Chen\Desktop\pysmell\subjects_for_metrics\beets\beetsplug\convert.py,381,102,1,16,1,0,0
beets,C:\Users\Zhifei Chen\Desktop\pysmell\subjects_for_metrics\beets\beetsplug\discogs.py,210,54,1,9,0,0,0
beets,C:\Users\Zhifei Chen\Desktop\pysmell\subjects_for_metrics\beets\beetsplug\discogs.py,215,28,1,5,0,0,0
beets,C:\Users\Zhifei Chen\Desktop\pysmell\subjects_for_metrics\beets\beetsplug\discogs.py,228,22,1,4,0,0,0
beets,C:\Users\Zhifei Chen\Desktop\pysmell\subjects_for_metrics\beets\beetsplug\duplicates.py,192,49,1,10,0,0,0
beets,C:\Users\Zhifei Chen\Desktop\pysmell\subjects_for_metrics\beets\beetsplug\duplicates.py,223,31,1,7,0,0,0
beets,C:\Users\Zhifei Chen\Desktop\pysmell\subjects_for_metrics\beets\beetsplug\duplicates.py,224,35,2,8,0,0,0
beets,C:\Users\Zhifei Chen\Desktop\pysmell\subjects_for_metrics\beets\beetsplug\duplicates.py,249,30,1,6,0,0,0
beets,C:\Users\Zhifei Chen\Desktop\pysmell\subjects_for_metrics\beets\beetsplug\duplicates.py,251,34,1,8,0,0,0
beets,C:\Users\Zhifei Chen\Desktop\pysmell\subjects_for_metrics\beets\beetsplug\duplicates.py,253,30,1,6,0,0,0
beets,C:\Users\Zhifei Chen\Desktop\pysmell\subjects_for_metrics\beets\beetsplug\duplicates.py,262,37,2,9,0,0,0
beets,C:\Users\Zhifei Chen\Desktop\pysmell\subjects_for_metrics\beets\beetsplug\duplicates.py,274,45,2,7,0,0,0
beets,C:\Users\Zhifei Chen\Desktop\pysmell\subjects_for_metrics\beets\beetsplug\duplicates.py,294,35,1,8,0,0,0
beets,C:\Users\Zhifei Chen\Desktop\pysmell\subjects_for_metrics\beets\beetsplug\duplicates.py,314,30,1,6,0,0,0
beets,C:\Users\Zhifei Chen\Desktop\pysmell\subjects_for_metrics\beets\beetsplug\echonest.py,84,36,1,8,0,0,0
beets,C:\Users\Zhifei Chen\Desktop\pysmell\subjects_for_metrics\beets\beetsplug\fetchart.py,343,54,2,10,0,0,0
beets,C:\Users\Zhifei Chen\Desktop\pysmell\subjects_for_metrics\beets\beetsplug\fetchart.py,426,45,1,8,0,0,0
beets,C:\Users\Zhifei Chen\Desktop\pysmell\subjects_for_metrics\beets\beetsplug\fetchart.py,595,34,1,8,0,0,0
beets,C:\Users\Zhifei Chen\Desktop\pysmell\subjects_for_metrics\beets\beetsplug\fromfilename.py,67,34,1,7,0,0,0
beets,C:\Users\Zhifei Chen\Desktop\pysmell\subjects_for_metrics\beets\beetsplug\fromfilename.py,159,31,1,6,0,0,0
beets,C:\Users\Zhifei Chen\Desktop\pysmell\subjects_for_metrics\beets\beetsplug\ftintitle.py,36,38,1,9,0,0,0
beets,C:\Users\Zhifei Chen\Desktop\pysmell\subjects_for_metrics\beets\beetsplug\ihate.py,62,49,1,8,0,0,0
beets,C:\Users\Zhifei Chen\Desktop\pysmell\subjects_for_metrics\beets\beetsplug\importadded.py,61,82,2,10,0,0,0
beets,C:\Users\Zhifei Chen\Desktop\pysmell\subjects_for_metrics\beets\beetsplug\info.py,92,27,1,5,0,0,0
beets,C:\Users\Zhifei Chen\Desktop\pysmell\subjects_for_metrics\beets\beetsplug\lyrics.py,156,34,1,8,0,0,0
beets,C:\Users\Zhifei Chen\Desktop\pysmell\subjects_for_metrics\beets\beetsplug\lyrics.py,365,42,1,10,0,0,0
beets,C:\Users\Zhifei Chen\Desktop\pysmell\subjects_for_metrics\beets\beetsplug\lyrics.py,470,40,1,8,0,0,0
beets,C:\Users\Zhifei Chen\Desktop\pysmell\subjects_for_metrics\beets\beetsplug\lyrics.py,545,94,1,16,1,0,0
beets,C:\Users\Zhifei Chen\Desktop\pysmell\subjects_for_metrics\beets\beetsplug\lyrics.py,590,47,1,7,0,0,0
beets,C:\Users\Zhifei Chen\Desktop\pysmell\subjects_for_metrics\beets\beetsplug\lyrics.py,594,18,2,4,0,0,0
beets,C:\Users\Zhifei Chen\Desktop\pysmell\subjects_for_metrics\beets\beetsplug\missing.py,114,31,1,5,0,0,0
beets,C:\Users\Zhifei Chen\Desktop\pysmell\subjects_for_metrics\beets\beetsplug\missing.py,137,22,1,5,0,0,0
beets,C:\Users\Zhifei Chen\Desktop\pysmell\subjects_for_metrics\beets\beetsplug\mpdstats.py,51,43,1,8,0,0,0
beets,C:\Users\Zhifei Chen\Desktop\pysmell\subjects_for_metrics\beets\beetsplug\permissions.py,36,67,2,9,0,0,0
beets,C:\Users\Zhifei Chen\Desktop\pysmell\subjects_for_metrics\beets\beetsplug\play.py,90,44,1,9,0,0,0
beets,C:\Users\Zhifei Chen\Desktop\pysmell\subjects_for_metrics\beets\beetsplug\play.py,97,29,1,4,0,0,0
beets,C:\Users\Zhifei Chen\Desktop\pysmell\subjects_for_metrics\beets\beetsplug\play.py,99,41,1,6,0,0,0
beets,C:\Users\Zhifei Chen\Desktop\pysmell\subjects_for_metrics\beets\beetsplug\replaygain.py,199,41,1,7,0,0,0
beets,C:\Users\Zhifei Chen\Desktop\pysmell\subjects_for_metrics\beets\beetsplug\replaygain.py,339,28,1,6,0,0,0
beets,C:\Users\Zhifei Chen\Desktop\pysmell\subjects_for_metrics\beets\beetsplug\replaygain.py,701,46,1,6,0,0,0
beets,C:\Users\Zhifei Chen\Desktop\pysmell\subjects_for_metrics\beets\beetsplug\replaygain.py,830,74,1,11,0,0,0
beets,C:\Users\Zhifei Chen\Desktop\pysmell\subjects_for_metrics\beets\beetsplug\smartplaylist.py,62,70,2,13,1,0,0
beets,C:\Users\Zhifei Chen\Desktop\pysmell\subjects_for_metrics\beets\beetsplug\smartplaylist.py,67,46,1,7,0,0,0
beets,C:\Users\Zhifei Chen\Desktop\pysmell\subjects_for_metrics\beets\beetsplug\smartplaylist.py,107,37,1,6,0,0,0
beets,C:\Users\Zhifei Chen\Desktop\pysmell\subjects_for_metrics\beets\beetsplug\thumbnails.py,194,41,1,10,0,0,0
beets,C:\Users\Zhifei Chen\Desktop\pysmell\subjects_for_metrics\beets\beetsplug\bpd\gstplayer.py,220,58,1,15,0,0,0
beets,C:\Users\Zhifei Chen\Desktop\pysmell\subjects_for_metrics\beets\beetsplug\lastgenre\__init__.py,55,47,2,12,0,0,0
beets,C:\Users\Zhifei Chen\Desktop\pysmell\subjects_for_metrics\beets\beetsplug\lastgenre\__init__.py,173,66,2,11,0,0,0
beets,C:\Users\Zhifei Chen\Desktop\pysmell\subjects_for_metrics\beets\beetsplug\lastgenre\__init__.py,187,42,2,9,0,0,0
beets,C:\Users\Zhifei Chen\Desktop\pysmell\subjects_for_metrics\beets\beetsplug\lastgenre\__init__.py,221,18,1,4,0,0,0
beets,C:\Users\Zhifei Chen\Desktop\pysmell\subjects_for_metrics\beets\beetsplug\lastgenre\__init__.py,224,22,1,5,0,0,0
beets,C:\Users\Zhifei Chen\Desktop\pysmell\subjects_for_metrics\beets\beetsplug\lastgenre\__init__.py,414,49,2,11,0,0,0
beets,C:\Users\Zhifei Chen\Desktop\pysmell\subjects_for_metrics\beets\beetsplug\lastgenre\__init__.py,417,38,1,8,0,0,0
beets,C:\Users\Zhifei Chen\Desktop\pysmell\subjects_for_metrics\beets\beetsplug\metasync\itunes.py,96,84,1,12,1,0,0
beets,C:\Users\Zhifei Chen\Desktop\pysmell\subjects_for_metrics\beets\beetsplug\web\__init__.py,54,32,1,7,0,0,0
beets,C:\Users\Zhifei Chen\Desktop\pysmell\subjects_for_metrics\beets\beetsplug\web\__init__.py,81,25,1,5,0,0,0
beets,C:\Users\Zhifei Chen\Desktop\pysmell\subjects_for_metrics\beets\beetsplug\web\__init__.py,82,35,2,4,0,0,0
beets,C:\Users\Zhifei Chen\Desktop\pysmell\subjects_for_metrics\beets\beetsplug\web\__init__.py,230,20,1,5,0,0,0
beets,C:\Users\Zhifei Chen\Desktop\pysmell\subjects_for_metrics\beets\extra\release.py,70,32,1,8,0,0,0
beets,C:\Users\Zhifei Chen\Desktop\pysmell\subjects_for_metrics\beets\extra\release.py,87,36,1,8,0,0,0
beets,C:\Users\Zhifei Chen\Desktop\pysmell\subjects_for_metrics\beets\extra\release.py,288,36,1,8,0,0,0
beets,C:\Users\Zhifei Chen\Desktop\pysmell\subjects_for_metrics\beets\test\helper.py,527,41,1,5,0,0,0
beets,C:\Users\Zhifei Chen\Desktop\pysmell\subjects_for_metrics\beets\test\test_autotag.py,90,69,2,20,1,0,0
beets,C:\Users\Zhifei Chen\Desktop\pysmell\subjects_for_metrics\beets\test\test_autotag.py,90,39,1,11,0,0,0
beets,C:\Users\Zhifei Chen\Desktop\pysmell\subjects_for_metrics\beets\test\test_filefilter.py,109,58,2,8,0,0,0
beets,C:\Users\Zhifei Chen\Desktop\pysmell\subjects_for_metrics\beets\test\test_importadded.py,57,38,1,5,0,0,0
beets,C:\Users\Zhifei Chen\Desktop\pysmell\subjects_for_metrics\beets\test\test_importadded.py,58,56,1,9,0,0,0
beets,C:\Users\Zhifei Chen\Desktop\pysmell\subjects_for_metrics\beets\test\test_importadded.py,115,46,1,9,0,0,0
beets,C:\Users\Zhifei Chen\Desktop\pysmell\subjects_for_metrics\beets\test\test_importadded.py,125,46,1,9,0,0,0
beets,C:\Users\Zhifei Chen\Desktop\pysmell\subjects_for_metrics\beets\test\test_importadded.py,154,49,1,10,0,0,0
beets,C:\Users\Zhifei Chen\Desktop\pysmell\subjects_for_metrics\beets\test\test_importadded.py,163,49,1,10,0,0,0
beets,C:\Users\Zhifei Chen\Desktop\pysmell\subjects_for_metrics\beets\test\test_importer.py,887,40,1,7,0,0,0
beets,C:\Users\Zhifei Chen\Desktop\pysmell\subjects_for_metrics\beets\test\test_importer.py,899,46,1,7,0,0,0
beets,C:\Users\Zhifei Chen\Desktop\pysmell\subjects_for_metrics\beets\test\test_importer.py,907,40,1,7,0,0,0
beets,C:\Users\Zhifei Chen\Desktop\pysmell\subjects_for_metrics\beets\test\test_importer.py,915,46,1,7,0,0,0
beets,C:\Users\Zhifei Chen\Desktop\pysmell\subjects_for_metrics\beets\test\test_importer.py,924,40,1,7,0,0,0
beets,C:\Users\Zhifei Chen\Desktop\pysmell\subjects_for_metrics\beets\test\test_importer.py,1445,40,1,7,0,0,0
beets,C:\Users\Zhifei Chen\Desktop\pysmell\subjects_for_metrics\beets\test\test_importer.py,1446,41,1,7,0,0,0
beets,C:\Users\Zhifei Chen\Desktop\pysmell\subjects_for_metrics\beets\test\test_importer.py,1645,59,2,8,0,0,0
beets,C:\Users\Zhifei Chen\Desktop\pysmell\subjects_for_metrics\beets\test\test_ipfs.py,62,30,1,7,0,0,0
beets,C:\Users\Zhifei Chen\Desktop\pysmell\subjects_for_metrics\beets\test\test_lyrics.py,180,38,2,10,0,0,0
beets,C:\Users\Zhifei Chen\Desktop\pysmell\subjects_for_metrics\beets\test\test_lyrics.py,189,84,2,16,1,0,0
beets,C:\Users\Zhifei Chen\Desktop\pysmell\subjects_for_metrics\beets\test\test_lyrics.py,212,33,1,7,0,0,0
beets,C:\Users\Zhifei Chen\Desktop\pysmell\subjects_for_metrics\beets\test\test_mediafile.py,108,54,2,8,0,0,0
beets,C:\Users\Zhifei Chen\Desktop\pysmell\subjects_for_metrics\beets\test\test_mediafile.py,114,55,2,8,0,0,0
beets,C:\Users\Zhifei Chen\Desktop\pysmell\subjects_for_metrics\beets\test\test_mediafile.py,148,51,2,8,0,0,0
beets,C:\Users\Zhifei Chen\Desktop\pysmell\subjects_for_metrics\beets\test\test_metasync.py,55,30,1,7,0,0,0
beets,C:\Users\Zhifei Chen\Desktop\pysmell\subjects_for_metrics\beets\test\test_pipeline.py,158,24,1,7,0,0,0
beets,C:\Users\Zhifei Chen\Desktop\pysmell\subjects_for_metrics\beets\test\test_pipeline.py,172,24,1,7,0,0,0
beets,C:\Users\Zhifei Chen\Desktop\pysmell\subjects_for_metrics\beets\test\test_plugins.py,223,59,2,8,0,0,0
beets,C:\Users\Zhifei Chen\Desktop\pysmell\subjects_for_metrics\beets\test\test_plugins.py,265,59,2,8,0,0,0
beets,C:\Users\Zhifei Chen\Desktop\pysmell\subjects_for_metrics\beets\test\test_query.py,78,22,1,4,0,0,0
beets,C:\Users\Zhifei Chen\Desktop\pysmell\subjects_for_metrics\beets\test\test_query.py,81,22,1,4,0,0,0
beets,C:\Users\Zhifei Chen\Desktop\pysmell\subjects_for_metrics\beets\test\test_query.py,90,30,1,7,0,0,0
beets,C:\Users\Zhifei Chen\Desktop\pysmell\subjects_for_metrics\beets\test\test_query.py,265,22,1,4,0,0,0
beets,C:\Users\Zhifei Chen\Desktop\pysmell\subjects_for_metrics\beets\test\test_query.py,271,22,1,4,0,0,0
beets,C:\Users\Zhifei Chen\Desktop\pysmell\subjects_for_metrics\beets\test\test_query.py,277,22,1,4,0,0,0
beets,C:\Users\Zhifei Chen\Desktop\pysmell\subjects_for_metrics\beets\test\test_replaygain.py,31,57,1,9,0,0,0
beets,C:\Users\Zhifei Chen\Desktop\pysmell\subjects_for_metrics\beets\test\test_smartplaylist.py,81,59,1,11,0,0,0
beets,C:\Users\Zhifei Chen\Desktop\pysmell\subjects_for_metrics\beets\test\test_sort.py,34,31,1,7,0,0,0
beets,C:\Users\Zhifei Chen\Desktop\pysmell\subjects_for_metrics\beets\test\test_sort.py,59,30,1,7,0,0,0
beets,C:\Users\Zhifei Chen\Desktop\pysmell\subjects_for_metrics\beets\test\test_sort.py,465,22,1,4,0,0,0
beets,C:\Users\Zhifei Chen\Desktop\pysmell\subjects_for_metrics\beets\test\test_web.py,53,48,1,8,0,0,0
beets,C:\Users\Zhifei Chen\Desktop\pysmell\subjects_for_metrics\beets\test\test_web.py,80,51,1,8,0,0,0
beets,C:\Users\Zhifei Chen\Desktop\pysmell\subjects_for_metrics\beets\test\test_web.py,96,51,1,8,0,0,0
