subject,file,lineno,NBC,experience-based,statistics-based,tuning machine
beets,C:\Users\Zhifei Chen\Desktop\pysmell\subjects_for_metrics\beets\beets\importer.py,59,1,0,0,0
beets,C:\Users\Zhifei Chen\Desktop\pysmell\subjects_for_metrics\beets\beets\importer.py,176,1,0,0,0
beets,C:\Users\Zhifei Chen\Desktop\pysmell\subjects_for_metrics\beets\beets\importer.py,371,1,0,0,0
beets,C:\Users\Zhifei Chen\Desktop\pysmell\subjects_for_metrics\beets\beets\importer.py,398,1,0,0,0
beets,C:\Users\Zhifei Chen\Desktop\pysmell\subjects_for_metrics\beets\beets\importer.py,793,1,0,0,0
beets,C:\Users\Zhifei Chen\Desktop\pysmell\subjects_for_metrics\beets\beets\importer.py,868,1,0,0,0
beets,C:\Users\Zhifei Chen\Desktop\pysmell\subjects_for_metrics\beets\beets\importer.py,908,1,0,0,0
beets,C:\Users\Zhifei Chen\Desktop\pysmell\subjects_for_metrics\beets\beets\importer.py,988,1,0,0,0
beets,C:\Users\Zhifei Chen\Desktop\pysmell\subjects_for_metrics\beets\beets\library.py,44,1,0,0,0
beets,C:\Users\Zhifei Chen\Desktop\pysmell\subjects_for_metrics\beets\beets\library.py,115,1,0,0,0
beets,C:\Users\Zhifei Chen\Desktop\pysmell\subjects_for_metrics\beets\beets\library.py,138,1,0,0,0
beets,C:\Users\Zhifei Chen\Desktop\pysmell\subjects_for_metrics\beets\beets\library.py,171,1,0,0,0
beets,C:\Users\Zhifei Chen\Desktop\pysmell\subjects_for_metrics\beets\beets\library.py,200,1,0,0,0
beets,C:\Users\Zhifei Chen\Desktop\pysmell\subjects_for_metrics\beets\beets\library.py,236,1,0,0,0
beets,C:\Users\Zhifei Chen\Desktop\pysmell\subjects_for_metrics\beets\beets\library.py,262,1,0,0,0
beets,C:\Users\Zhifei Chen\Desktop\pysmell\subjects_for_metrics\beets\beets\library.py,269,1,0,0,0
beets,C:\Users\Zhifei Chen\Desktop\pysmell\subjects_for_metrics\beets\beets\library.py,278,1,0,0,0
beets,C:\Users\Zhifei Chen\Desktop\pysmell\subjects_for_metrics\beets\beets\library.py,320,1,0,0,0
beets,C:\Users\Zhifei Chen\Desktop\pysmell\subjects_for_metrics\beets\beets\library.py,371,1,0,0,0
beets,C:\Users\Zhifei Chen\Desktop\pysmell\subjects_for_metrics\beets\beets\library.py,810,1,0,0,0
beets,C:\Users\Zhifei Chen\Desktop\pysmell\subjects_for_metrics\beets\beets\library.py,1156,1,0,0,0
beets,C:\Users\Zhifei Chen\Desktop\pysmell\subjects_for_metrics\beets\beets\library.py,1293,1,0,0,0
beets,C:\Users\Zhifei Chen\Desktop\pysmell\subjects_for_metrics\beets\beets\logging.py,71,1,0,0,0
beets,C:\Users\Zhifei Chen\Desktop\pysmell\subjects_for_metrics\beets\beets\logging.py,76,1,0,0,0
beets,C:\Users\Zhifei Chen\Desktop\pysmell\subjects_for_metrics\beets\beets\logging.py,93,1,0,0,0
beets,C:\Users\Zhifei Chen\Desktop\pysmell\subjects_for_metrics\beets\beets\logging.py,121,2,0,1,0
beets,C:\Users\Zhifei Chen\Desktop\pysmell\subjects_for_metrics\beets\beets\mediafile.py,83,1,0,0,0
beets,C:\Users\Zhifei Chen\Desktop\pysmell\subjects_for_metrics\beets\beets\mediafile.py,90,1,0,0,0
beets,C:\Users\Zhifei Chen\Desktop\pysmell\subjects_for_metrics\beets\beets\mediafile.py,105,1,0,0,0
beets,C:\Users\Zhifei Chen\Desktop\pysmell\subjects_for_metrics\beets\beets\mediafile.py,304,1,0,0,0
beets,C:\Users\Zhifei Chen\Desktop\pysmell\subjects_for_metrics\beets\beets\mediafile.py,330,1,0,0,0
beets,C:\Users\Zhifei Chen\Desktop\pysmell\subjects_for_metrics\beets\beets\mediafile.py,369,1,0,0,0
beets,C:\Users\Zhifei Chen\Desktop\pysmell\subjects_for_metrics\beets\beets\mediafile.py,490,1,0,0,0
beets,C:\Users\Zhifei Chen\Desktop\pysmell\subjects_for_metrics\beets\beets\mediafile.py,544,1,0,0,0
beets,C:\Users\Zhifei Chen\Desktop\pysmell\subjects_for_metrics\beets\beets\mediafile.py,566,1,0,0,0
beets,C:\Users\Zhifei Chen\Desktop\pysmell\subjects_for_metrics\beets\beets\mediafile.py,577,1,0,0,0
beets,C:\Users\Zhifei Chen\Desktop\pysmell\subjects_for_metrics\beets\beets\mediafile.py,589,1,0,0,0
beets,C:\Users\Zhifei Chen\Desktop\pysmell\subjects_for_metrics\beets\beets\mediafile.py,625,2,0,1,0
beets,C:\Users\Zhifei Chen\Desktop\pysmell\subjects_for_metrics\beets\beets\mediafile.py,629,2,0,1,0
beets,C:\Users\Zhifei Chen\Desktop\pysmell\subjects_for_metrics\beets\beets\mediafile.py,635,1,0,0,0
beets,C:\Users\Zhifei Chen\Desktop\pysmell\subjects_for_metrics\beets\beets\mediafile.py,655,1,0,0,0
beets,C:\Users\Zhifei Chen\Desktop\pysmell\subjects_for_metrics\beets\beets\mediafile.py,674,1,0,0,0
beets,C:\Users\Zhifei Chen\Desktop\pysmell\subjects_for_metrics\beets\beets\mediafile.py,697,2,0,1,0
beets,C:\Users\Zhifei Chen\Desktop\pysmell\subjects_for_metrics\beets\beets\mediafile.py,711,1,0,0,0
beets,C:\Users\Zhifei Chen\Desktop\pysmell\subjects_for_metrics\beets\beets\mediafile.py,736,1,0,0,0
beets,C:\Users\Zhifei Chen\Desktop\pysmell\subjects_for_metrics\beets\beets\mediafile.py,787,1,0,0,0
beets,C:\Users\Zhifei Chen\Desktop\pysmell\subjects_for_metrics\beets\beets\mediafile.py,823,2,0,1,0
beets,C:\Users\Zhifei Chen\Desktop\pysmell\subjects_for_metrics\beets\beets\mediafile.py,861,2,0,1,0
beets,C:\Users\Zhifei Chen\Desktop\pysmell\subjects_for_metrics\beets\beets\mediafile.py,868,1,0,0,0
beets,C:\Users\Zhifei Chen\Desktop\pysmell\subjects_for_metrics\beets\beets\mediafile.py,889,1,0,0,0
beets,C:\Users\Zhifei Chen\Desktop\pysmell\subjects_for_metrics\beets\beets\mediafile.py,939,1,0,0,0
beets,C:\Users\Zhifei Chen\Desktop\pysmell\subjects_for_metrics\beets\beets\mediafile.py,977,1,0,0,0
beets,C:\Users\Zhifei Chen\Desktop\pysmell\subjects_for_metrics\beets\beets\mediafile.py,1049,1,0,0,0
beets,C:\Users\Zhifei Chen\Desktop\pysmell\subjects_for_metrics\beets\beets\mediafile.py,1108,1,0,0,0
beets,C:\Users\Zhifei Chen\Desktop\pysmell\subjects_for_metrics\beets\beets\mediafile.py,1133,1,0,0,0
beets,C:\Users\Zhifei Chen\Desktop\pysmell\subjects_for_metrics\beets\beets\mediafile.py,1240,1,0,0,0
beets,C:\Users\Zhifei Chen\Desktop\pysmell\subjects_for_metrics\beets\beets\mediafile.py,1260,1,0,0,0
beets,C:\Users\Zhifei Chen\Desktop\pysmell\subjects_for_metrics\beets\beets\mediafile.py,1297,1,0,0,0
beets,C:\Users\Zhifei Chen\Desktop\pysmell\subjects_for_metrics\beets\beets\mediafile.py,1321,1,0,0,0
beets,C:\Users\Zhifei Chen\Desktop\pysmell\subjects_for_metrics\beets\beets\plugins.py,40,1,0,0,0
beets,C:\Users\Zhifei Chen\Desktop\pysmell\subjects_for_metrics\beets\beets\plugins.py,48,1,0,0,0
beets,C:\Users\Zhifei Chen\Desktop\pysmell\subjects_for_metrics\beets\beets\plugins.py,67,1,0,0,0
beets,C:\Users\Zhifei Chen\Desktop\pysmell\subjects_for_metrics\beets\beets\__init__.py,28,1,0,0,0
beets,C:\Users\Zhifei Chen\Desktop\pysmell\subjects_for_metrics\beets\beets\autotag\hooks.py,34,1,0,0,0
beets,C:\Users\Zhifei Chen\Desktop\pysmell\subjects_for_metrics\beets\beets\autotag\hooks.py,123,1,0,0,0
beets,C:\Users\Zhifei Chen\Desktop\pysmell\subjects_for_metrics\beets\beets\autotag\hooks.py,275,1,0,0,0
beets,C:\Users\Zhifei Chen\Desktop\pysmell\subjects_for_metrics\beets\beets\autotag\hooks.py,291,1,0,0,0
beets,C:\Users\Zhifei Chen\Desktop\pysmell\subjects_for_metrics\beets\beets\autotag\match.py,45,1,0,0,0
beets,C:\Users\Zhifei Chen\Desktop\pysmell\subjects_for_metrics\beets\beets\autotag\mb.py,38,1,0,0,0
beets,C:\Users\Zhifei Chen\Desktop\pysmell\subjects_for_metrics\beets\beets\dbcore\db.py,34,1,0,0,0
beets,C:\Users\Zhifei Chen\Desktop\pysmell\subjects_for_metrics\beets\beets\dbcore\db.py,82,1,0,0,0
beets,C:\Users\Zhifei Chen\Desktop\pysmell\subjects_for_metrics\beets\beets\dbcore\db.py,472,1,0,0,0
beets,C:\Users\Zhifei Chen\Desktop\pysmell\subjects_for_metrics\beets\beets\dbcore\db.py,621,1,0,0,0
beets,C:\Users\Zhifei Chen\Desktop\pysmell\subjects_for_metrics\beets\beets\dbcore\db.py,673,1,0,0,0
beets,C:\Users\Zhifei Chen\Desktop\pysmell\subjects_for_metrics\beets\beets\dbcore\query.py,27,1,0,0,0
beets,C:\Users\Zhifei Chen\Desktop\pysmell\subjects_for_metrics\beets\beets\dbcore\query.py,33,1,0,0,0
beets,C:\Users\Zhifei Chen\Desktop\pysmell\subjects_for_metrics\beets\beets\dbcore\query.py,45,1,0,0,0
beets,C:\Users\Zhifei Chen\Desktop\pysmell\subjects_for_metrics\beets\beets\dbcore\query.py,58,1,0,0,0
beets,C:\Users\Zhifei Chen\Desktop\pysmell\subjects_for_metrics\beets\beets\dbcore\query.py,87,1,0,0,0
beets,C:\Users\Zhifei Chen\Desktop\pysmell\subjects_for_metrics\beets\beets\dbcore\query.py,131,1,0,0,0
beets,C:\Users\Zhifei Chen\Desktop\pysmell\subjects_for_metrics\beets\beets\dbcore\query.py,141,1,0,0,0
beets,C:\Users\Zhifei Chen\Desktop\pysmell\subjects_for_metrics\beets\beets\dbcore\query.py,160,1,0,0,0
beets,C:\Users\Zhifei Chen\Desktop\pysmell\subjects_for_metrics\beets\beets\dbcore\query.py,179,1,0,0,0
beets,C:\Users\Zhifei Chen\Desktop\pysmell\subjects_for_metrics\beets\beets\dbcore\query.py,196,1,0,0,0
beets,C:\Users\Zhifei Chen\Desktop\pysmell\subjects_for_metrics\beets\beets\dbcore\query.py,226,1,0,0,0
beets,C:\Users\Zhifei Chen\Desktop\pysmell\subjects_for_metrics\beets\beets\dbcore\query.py,237,1,0,0,0
beets,C:\Users\Zhifei Chen\Desktop\pysmell\subjects_for_metrics\beets\beets\dbcore\query.py,263,1,0,0,0
beets,C:\Users\Zhifei Chen\Desktop\pysmell\subjects_for_metrics\beets\beets\dbcore\query.py,334,1,0,0,0
beets,C:\Users\Zhifei Chen\Desktop\pysmell\subjects_for_metrics\beets\beets\dbcore\query.py,385,1,0,0,0
beets,C:\Users\Zhifei Chen\Desktop\pysmell\subjects_for_metrics\beets\beets\dbcore\query.py,421,1,0,0,0
beets,C:\Users\Zhifei Chen\Desktop\pysmell\subjects_for_metrics\beets\beets\dbcore\query.py,432,1,0,0,0
beets,C:\Users\Zhifei Chen\Desktop\pysmell\subjects_for_metrics\beets\beets\dbcore\query.py,441,1,0,0,0
beets,C:\Users\Zhifei Chen\Desktop\pysmell\subjects_for_metrics\beets\beets\dbcore\query.py,450,1,0,0,0
beets,C:\Users\Zhifei Chen\Desktop\pysmell\subjects_for_metrics\beets\beets\dbcore\query.py,459,1,0,0,0
beets,C:\Users\Zhifei Chen\Desktop\pysmell\subjects_for_metrics\beets\beets\dbcore\query.py,493,1,0,0,0
beets,C:\Users\Zhifei Chen\Desktop\pysmell\subjects_for_metrics\beets\beets\dbcore\query.py,551,1,0,0,0
beets,C:\Users\Zhifei Chen\Desktop\pysmell\subjects_for_metrics\beets\beets\dbcore\query.py,584,1,0,0,0
beets,C:\Users\Zhifei Chen\Desktop\pysmell\subjects_for_metrics\beets\beets\dbcore\query.py,628,1,0,0,0
beets,C:\Users\Zhifei Chen\Desktop\pysmell\subjects_for_metrics\beets\beets\dbcore\query.py,657,1,0,0,0
beets,C:\Users\Zhifei Chen\Desktop\pysmell\subjects_for_metrics\beets\beets\dbcore\query.py,725,1,0,0,0
beets,C:\Users\Zhifei Chen\Desktop\pysmell\subjects_for_metrics\beets\beets\dbcore\query.py,763,1,0,0,0
beets,C:\Users\Zhifei Chen\Desktop\pysmell\subjects_for_metrics\beets\beets\dbcore\query.py,778,1,0,0,0
beets,C:\Users\Zhifei Chen\Desktop\pysmell\subjects_for_metrics\beets\beets\dbcore\query.py,786,1,0,0,0
beets,C:\Users\Zhifei Chen\Desktop\pysmell\subjects_for_metrics\beets\beets\dbcore\types.py,26,1,0,0,0
beets,C:\Users\Zhifei Chen\Desktop\pysmell\subjects_for_metrics\beets\beets\dbcore\types.py,119,1,0,0,0
beets,C:\Users\Zhifei Chen\Desktop\pysmell\subjects_for_metrics\beets\beets\dbcore\types.py,123,1,0,0,0
beets,C:\Users\Zhifei Chen\Desktop\pysmell\subjects_for_metrics\beets\beets\dbcore\types.py,131,1,0,0,0
beets,C:\Users\Zhifei Chen\Desktop\pysmell\subjects_for_metrics\beets\beets\dbcore\types.py,142,1,0,0,0
beets,C:\Users\Zhifei Chen\Desktop\pysmell\subjects_for_metrics\beets\beets\dbcore\types.py,154,1,0,0,0
beets,C:\Users\Zhifei Chen\Desktop\pysmell\subjects_for_metrics\beets\beets\dbcore\types.py,165,1,0,0,0
beets,C:\Users\Zhifei Chen\Desktop\pysmell\subjects_for_metrics\beets\beets\dbcore\types.py,176,1,0,0,0
beets,C:\Users\Zhifei Chen\Desktop\pysmell\subjects_for_metrics\beets\beets\dbcore\types.py,182,1,0,0,0
beets,C:\Users\Zhifei Chen\Desktop\pysmell\subjects_for_metrics\beets\beets\dbcore\types.py,189,1,0,0,0
beets,C:\Users\Zhifei Chen\Desktop\pysmell\subjects_for_metrics\beets\beets\ui\commands.py,102,1,0,0,0
beets,C:\Users\Zhifei Chen\Desktop\pysmell\subjects_for_metrics\beets\beets\ui\commands.py,661,1,0,0,0
beets,C:\Users\Zhifei Chen\Desktop\pysmell\subjects_for_metrics\beets\beets\ui\__init__.py,67,1,0,0,0
beets,C:\Users\Zhifei Chen\Desktop\pysmell\subjects_for_metrics\beets\beets\ui\__init__.py,677,2,0,1,0
beets,C:\Users\Zhifei Chen\Desktop\pysmell\subjects_for_metrics\beets\beets\ui\__init__.py,799,1,0,0,0
beets,C:\Users\Zhifei Chen\Desktop\pysmell\subjects_for_metrics\beets\beets\ui\__init__.py,834,1,0,0,0
beets,C:\Users\Zhifei Chen\Desktop\pysmell\subjects_for_metrics\beets\beets\util\artresizer.py,140,1,0,0,0
beets,C:\Users\Zhifei Chen\Desktop\pysmell\subjects_for_metrics\beets\beets\util\artresizer.py,157,1,0,0,0
beets,C:\Users\Zhifei Chen\Desktop\pysmell\subjects_for_metrics\beets\beets\util\bluelet.py,37,1,0,0,0
beets,C:\Users\Zhifei Chen\Desktop\pysmell\subjects_for_metrics\beets\beets\util\bluelet.py,45,1,0,0,0
beets,C:\Users\Zhifei Chen\Desktop\pysmell\subjects_for_metrics\beets\beets\util\bluelet.py,65,1,0,0,0
beets,C:\Users\Zhifei Chen\Desktop\pysmell\subjects_for_metrics\beets\beets\util\bluelet.py,71,1,0,0,0
beets,C:\Users\Zhifei Chen\Desktop\pysmell\subjects_for_metrics\beets\beets\util\bluelet.py,77,1,0,0,0
beets,C:\Users\Zhifei Chen\Desktop\pysmell\subjects_for_metrics\beets\beets\util\bluelet.py,83,1,0,0,0
beets,C:\Users\Zhifei Chen\Desktop\pysmell\subjects_for_metrics\beets\beets\util\bluelet.py,91,1,0,0,0
beets,C:\Users\Zhifei Chen\Desktop\pysmell\subjects_for_metrics\beets\beets\util\bluelet.py,97,1,0,0,0
beets,C:\Users\Zhifei Chen\Desktop\pysmell\subjects_for_metrics\beets\beets\util\bluelet.py,106,1,0,0,0
beets,C:\Users\Zhifei Chen\Desktop\pysmell\subjects_for_metrics\beets\beets\util\bluelet.py,114,1,0,0,0
beets,C:\Users\Zhifei Chen\Desktop\pysmell\subjects_for_metrics\beets\beets\util\bluelet.py,124,1,0,0,0
beets,C:\Users\Zhifei Chen\Desktop\pysmell\subjects_for_metrics\beets\beets\util\bluelet.py,137,1,0,0,0
beets,C:\Users\Zhifei Chen\Desktop\pysmell\subjects_for_metrics\beets\beets\util\bluelet.py,210,1,0,0,0
beets,C:\Users\Zhifei Chen\Desktop\pysmell\subjects_for_metrics\beets\beets\util\bluelet.py,222,1,0,0,0
beets,C:\Users\Zhifei Chen\Desktop\pysmell\subjects_for_metrics\beets\beets\util\bluelet.py,397,1,0,0,0
beets,C:\Users\Zhifei Chen\Desktop\pysmell\subjects_for_metrics\beets\beets\util\bluelet.py,401,1,0,0,0
beets,C:\Users\Zhifei Chen\Desktop\pysmell\subjects_for_metrics\beets\beets\util\bluelet.py,431,1,0,0,0
beets,C:\Users\Zhifei Chen\Desktop\pysmell\subjects_for_metrics\beets\beets\util\bluelet.py,493,1,0,0,0
beets,C:\Users\Zhifei Chen\Desktop\pysmell\subjects_for_metrics\beets\beets\util\bluelet.py,508,1,0,0,0
beets,C:\Users\Zhifei Chen\Desktop\pysmell\subjects_for_metrics\beets\beets\util\bluelet.py,523,1,0,0,0
beets,C:\Users\Zhifei Chen\Desktop\pysmell\subjects_for_metrics\beets\beets\util\confit.py,73,1,0,0,0
beets,C:\Users\Zhifei Chen\Desktop\pysmell\subjects_for_metrics\beets\beets\util\confit.py,78,1,0,0,0
beets,C:\Users\Zhifei Chen\Desktop\pysmell\subjects_for_metrics\beets\beets\util\confit.py,83,1,0,0,0
beets,C:\Users\Zhifei Chen\Desktop\pysmell\subjects_for_metrics\beets\beets\util\confit.py,87,1,0,0,0
beets,C:\Users\Zhifei Chen\Desktop\pysmell\subjects_for_metrics\beets\beets\util\confit.py,92,1,0,0,0
beets,C:\Users\Zhifei Chen\Desktop\pysmell\subjects_for_metrics\beets\beets\util\confit.py,97,1,0,0,0
beets,C:\Users\Zhifei Chen\Desktop\pysmell\subjects_for_metrics\beets\beets\util\confit.py,120,1,0,0,0
beets,C:\Users\Zhifei Chen\Desktop\pysmell\subjects_for_metrics\beets\beets\util\confit.py,152,1,0,0,0
beets,C:\Users\Zhifei Chen\Desktop\pysmell\subjects_for_metrics\beets\beets\util\confit.py,433,1,0,0,0
beets,C:\Users\Zhifei Chen\Desktop\pysmell\subjects_for_metrics\beets\beets\util\confit.py,475,1,0,0,0
beets,C:\Users\Zhifei Chen\Desktop\pysmell\subjects_for_metrics\beets\beets\util\confit.py,597,1,0,0,0
beets,C:\Users\Zhifei Chen\Desktop\pysmell\subjects_for_metrics\beets\beets\util\confit.py,666,1,0,0,0
beets,C:\Users\Zhifei Chen\Desktop\pysmell\subjects_for_metrics\beets\beets\util\confit.py,763,1,0,0,0
beets,C:\Users\Zhifei Chen\Desktop\pysmell\subjects_for_metrics\beets\beets\util\confit.py,905,1,0,0,0
beets,C:\Users\Zhifei Chen\Desktop\pysmell\subjects_for_metrics\beets\beets\util\confit.py,958,1,0,0,0
beets,C:\Users\Zhifei Chen\Desktop\pysmell\subjects_for_metrics\beets\beets\util\confit.py,1027,1,0,0,0
beets,C:\Users\Zhifei Chen\Desktop\pysmell\subjects_for_metrics\beets\beets\util\confit.py,1041,1,0,0,0
beets,C:\Users\Zhifei Chen\Desktop\pysmell\subjects_for_metrics\beets\beets\util\confit.py,1057,1,0,0,0
beets,C:\Users\Zhifei Chen\Desktop\pysmell\subjects_for_metrics\beets\beets\util\confit.py,1084,1,0,0,0
beets,C:\Users\Zhifei Chen\Desktop\pysmell\subjects_for_metrics\beets\beets\util\confit.py,1121,1,0,0,0
beets,C:\Users\Zhifei Chen\Desktop\pysmell\subjects_for_metrics\beets\beets\util\confit.py,1154,1,0,0,0
beets,C:\Users\Zhifei Chen\Desktop\pysmell\subjects_for_metrics\beets\beets\util\confit.py,1215,1,0,0,0
beets,C:\Users\Zhifei Chen\Desktop\pysmell\subjects_for_metrics\beets\beets\util\confit.py,1257,1,0,0,0
beets,C:\Users\Zhifei Chen\Desktop\pysmell\subjects_for_metrics\beets\beets\util\confit.py,1378,1,0,0,0
beets,C:\Users\Zhifei Chen\Desktop\pysmell\subjects_for_metrics\beets\beets\util\confit.py,1402,1,0,0,0
beets,C:\Users\Zhifei Chen\Desktop\pysmell\subjects_for_metrics\beets\beets\util\enumeration.py,21,1,0,0,0
beets,C:\Users\Zhifei Chen\Desktop\pysmell\subjects_for_metrics\beets\beets\util\functemplate.py,48,1,0,0,0
beets,C:\Users\Zhifei Chen\Desktop\pysmell\subjects_for_metrics\beets\beets\util\functemplate.py,143,1,0,0,0
beets,C:\Users\Zhifei Chen\Desktop\pysmell\subjects_for_metrics\beets\beets\util\functemplate.py,169,1,0,0,0
beets,C:\Users\Zhifei Chen\Desktop\pysmell\subjects_for_metrics\beets\beets\util\functemplate.py,227,1,0,0,0
beets,C:\Users\Zhifei Chen\Desktop\pysmell\subjects_for_metrics\beets\beets\util\functemplate.py,269,1,0,0,0
beets,C:\Users\Zhifei Chen\Desktop\pysmell\subjects_for_metrics\beets\beets\util\functemplate.py,273,1,0,0,0
beets,C:\Users\Zhifei Chen\Desktop\pysmell\subjects_for_metrics\beets\beets\util\functemplate.py,503,1,0,0,0
beets,C:\Users\Zhifei Chen\Desktop\pysmell\subjects_for_metrics\beets\beets\util\pipeline.py,78,1,0,0,0
beets,C:\Users\Zhifei Chen\Desktop\pysmell\subjects_for_metrics\beets\beets\util\pipeline.py,127,1,0,0,0
beets,C:\Users\Zhifei Chen\Desktop\pysmell\subjects_for_metrics\beets\beets\util\pipeline.py,200,1,0,0,0
beets,C:\Users\Zhifei Chen\Desktop\pysmell\subjects_for_metrics\beets\beets\util\pipeline.py,229,1,0,0,0
beets,C:\Users\Zhifei Chen\Desktop\pysmell\subjects_for_metrics\beets\beets\util\pipeline.py,270,1,0,0,0
beets,C:\Users\Zhifei Chen\Desktop\pysmell\subjects_for_metrics\beets\beets\util\pipeline.py,318,1,0,0,0
beets,C:\Users\Zhifei Chen\Desktop\pysmell\subjects_for_metrics\beets\beets\util\pipeline.py,354,1,0,0,0
beets,C:\Users\Zhifei Chen\Desktop\pysmell\subjects_for_metrics\beets\beets\util\__init__.py,37,1,0,0,0
beets,C:\Users\Zhifei Chen\Desktop\pysmell\subjects_for_metrics\beets\beets\util\__init__.py,93,1,0,0,0
beets,C:\Users\Zhifei Chen\Desktop\pysmell\subjects_for_metrics\beets\beetsplug\badfiles.py,32,1,0,0,0
beets,C:\Users\Zhifei Chen\Desktop\pysmell\subjects_for_metrics\beets\beetsplug\bench.py,86,1,0,0,0
beets,C:\Users\Zhifei Chen\Desktop\pysmell\subjects_for_metrics\beets\beetsplug\bpm.py,50,1,0,0,0
beets,C:\Users\Zhifei Chen\Desktop\pysmell\subjects_for_metrics\beets\beetsplug\bucket.py,29,1,0,0,0
beets,C:\Users\Zhifei Chen\Desktop\pysmell\subjects_for_metrics\beets\beetsplug\bucket.py,180,1,0,0,0
beets,C:\Users\Zhifei Chen\Desktop\pysmell\subjects_for_metrics\beets\beetsplug\chroma.py,129,1,0,0,0
beets,C:\Users\Zhifei Chen\Desktop\pysmell\subjects_for_metrics\beets\beetsplug\convert.py,99,1,0,0,0
beets,C:\Users\Zhifei Chen\Desktop\pysmell\subjects_for_metrics\beets\beetsplug\cue.py,13,1,0,0,0
beets,C:\Users\Zhifei Chen\Desktop\pysmell\subjects_for_metrics\beets\beetsplug\discogs.py,50,1,0,0,0
beets,C:\Users\Zhifei Chen\Desktop\pysmell\subjects_for_metrics\beets\beetsplug\duplicates.py,30,1,0,0,0
beets,C:\Users\Zhifei Chen\Desktop\pysmell\subjects_for_metrics\beets\beetsplug\echonest.py,124,1,0,0,0
beets,C:\Users\Zhifei Chen\Desktop\pysmell\subjects_for_metrics\beets\beetsplug\embedart.py,30,1,0,0,0
beets,C:\Users\Zhifei Chen\Desktop\pysmell\subjects_for_metrics\beets\beetsplug\fetchart.py,78,1,0,0,0
beets,C:\Users\Zhifei Chen\Desktop\pysmell\subjects_for_metrics\beets\beetsplug\fetchart.py,93,1,0,0,0
beets,C:\Users\Zhifei Chen\Desktop\pysmell\subjects_for_metrics\beets\beetsplug\fetchart.py,101,1,0,0,0
beets,C:\Users\Zhifei Chen\Desktop\pysmell\subjects_for_metrics\beets\beetsplug\fetchart.py,116,1,0,0,0
beets,C:\Users\Zhifei Chen\Desktop\pysmell\subjects_for_metrics\beets\beetsplug\fetchart.py,128,1,0,0,0
beets,C:\Users\Zhifei Chen\Desktop\pysmell\subjects_for_metrics\beets\beetsplug\fetchart.py,155,1,0,0,0
beets,C:\Users\Zhifei Chen\Desktop\pysmell\subjects_for_metrics\beets\beetsplug\fetchart.py,183,1,0,0,0
beets,C:\Users\Zhifei Chen\Desktop\pysmell\subjects_for_metrics\beets\beetsplug\fetchart.py,209,1,0,0,0
beets,C:\Users\Zhifei Chen\Desktop\pysmell\subjects_for_metrics\beets\beetsplug\fetchart.py,333,1,0,0,0
beets,C:\Users\Zhifei Chen\Desktop\pysmell\subjects_for_metrics\beets\beetsplug\fetchart.py,393,2,0,1,0
beets,C:\Users\Zhifei Chen\Desktop\pysmell\subjects_for_metrics\beets\beetsplug\filefilter.py,24,1,0,0,0
beets,C:\Users\Zhifei Chen\Desktop\pysmell\subjects_for_metrics\beets\beetsplug\freedesktop.py,25,1,0,0,0
beets,C:\Users\Zhifei Chen\Desktop\pysmell\subjects_for_metrics\beets\beetsplug\fromfilename.py,142,1,0,0,0
beets,C:\Users\Zhifei Chen\Desktop\pysmell\subjects_for_metrics\beets\beetsplug\ftintitle.py,78,1,0,0,0
beets,C:\Users\Zhifei Chen\Desktop\pysmell\subjects_for_metrics\beets\beetsplug\fuzzy.py,27,1,0,0,0
beets,C:\Users\Zhifei Chen\Desktop\pysmell\subjects_for_metrics\beets\beetsplug\fuzzy.py,38,1,0,0,0
beets,C:\Users\Zhifei Chen\Desktop\pysmell\subjects_for_metrics\beets\beetsplug\ihate.py,41,1,0,0,0
beets,C:\Users\Zhifei Chen\Desktop\pysmell\subjects_for_metrics\beets\beetsplug\importadded.py,16,1,0,0,0
beets,C:\Users\Zhifei Chen\Desktop\pysmell\subjects_for_metrics\beets\beetsplug\importfeeds.py,69,1,0,0,0
beets,C:\Users\Zhifei Chen\Desktop\pysmell\subjects_for_metrics\beets\beetsplug\info.py,105,1,0,0,0
beets,C:\Users\Zhifei Chen\Desktop\pysmell\subjects_for_metrics\beets\beetsplug\inline.py,29,1,0,0,0
beets,C:\Users\Zhifei Chen\Desktop\pysmell\subjects_for_metrics\beets\beetsplug\inline.py,53,1,0,0,0
beets,C:\Users\Zhifei Chen\Desktop\pysmell\subjects_for_metrics\beets\beetsplug\ipfs.py,25,1,0,0,0
beets,C:\Users\Zhifei Chen\Desktop\pysmell\subjects_for_metrics\beets\beetsplug\keyfinder.py,29,1,0,0,0
beets,C:\Users\Zhifei Chen\Desktop\pysmell\subjects_for_metrics\beets\beetsplug\lastimport.py,28,1,0,0,0
beets,C:\Users\Zhifei Chen\Desktop\pysmell\subjects_for_metrics\beets\beetsplug\lyrics.py,161,1,0,0,0
beets,C:\Users\Zhifei Chen\Desktop\pysmell\subjects_for_metrics\beets\beetsplug\lyrics.py,202,1,0,0,0
beets,C:\Users\Zhifei Chen\Desktop\pysmell\subjects_for_metrics\beets\beetsplug\lyrics.py,214,1,0,0,0
beets,C:\Users\Zhifei Chen\Desktop\pysmell\subjects_for_metrics\beets\beetsplug\lyrics.py,227,1,0,0,0
beets,C:\Users\Zhifei Chen\Desktop\pysmell\subjects_for_metrics\beets\beetsplug\lyrics.py,291,1,0,0,0
beets,C:\Users\Zhifei Chen\Desktop\pysmell\subjects_for_metrics\beets\beetsplug\lyrics.py,305,1,0,0,0
beets,C:\Users\Zhifei Chen\Desktop\pysmell\subjects_for_metrics\beets\beetsplug\lyrics.py,402,1,0,0,0
beets,C:\Users\Zhifei Chen\Desktop\pysmell\subjects_for_metrics\beets\beetsplug\lyrics.py,510,1,0,0,0
beets,C:\Users\Zhifei Chen\Desktop\pysmell\subjects_for_metrics\beets\beetsplug\mbcollection.py,55,1,0,0,0
beets,C:\Users\Zhifei Chen\Desktop\pysmell\subjects_for_metrics\beets\beetsplug\mbsync.py,40,1,0,0,0
beets,C:\Users\Zhifei Chen\Desktop\pysmell\subjects_for_metrics\beets\beetsplug\missing.py,81,1,0,0,0
beets,C:\Users\Zhifei Chen\Desktop\pysmell\subjects_for_metrics\beets\beetsplug\mpdstats.py,49,1,0,0,0
beets,C:\Users\Zhifei Chen\Desktop\pysmell\subjects_for_metrics\beets\beetsplug\mpdstats.py,61,1,0,0,0
beets,C:\Users\Zhifei Chen\Desktop\pysmell\subjects_for_metrics\beets\beetsplug\mpdstats.py,148,1,0,0,0
beets,C:\Users\Zhifei Chen\Desktop\pysmell\subjects_for_metrics\beets\beetsplug\mpdstats.py,317,1,0,0,0
beets,C:\Users\Zhifei Chen\Desktop\pysmell\subjects_for_metrics\beets\beetsplug\mpdupdate.py,35,1,0,0,0
beets,C:\Users\Zhifei Chen\Desktop\pysmell\subjects_for_metrics\beets\beetsplug\mpdupdate.py,66,1,0,0,0
beets,C:\Users\Zhifei Chen\Desktop\pysmell\subjects_for_metrics\beets\beetsplug\permissions.py,41,1,0,0,0
beets,C:\Users\Zhifei Chen\Desktop\pysmell\subjects_for_metrics\beets\beetsplug\play.py,33,1,0,0,0
beets,C:\Users\Zhifei Chen\Desktop\pysmell\subjects_for_metrics\beets\beetsplug\plexupdate.py,59,1,0,0,0
beets,C:\Users\Zhifei Chen\Desktop\pysmell\subjects_for_metrics\beets\beetsplug\random.py,77,1,0,0,0
beets,C:\Users\Zhifei Chen\Desktop\pysmell\subjects_for_metrics\beets\beetsplug\replaygain.py,35,1,0,0,0
beets,C:\Users\Zhifei Chen\Desktop\pysmell\subjects_for_metrics\beets\beetsplug\replaygain.py,41,1,0,0,0
beets,C:\Users\Zhifei Chen\Desktop\pysmell\subjects_for_metrics\beets\beetsplug\replaygain.py,69,1,0,0,0
beets,C:\Users\Zhifei Chen\Desktop\pysmell\subjects_for_metrics\beets\beetsplug\replaygain.py,89,1,0,0,0
beets,C:\Users\Zhifei Chen\Desktop\pysmell\subjects_for_metrics\beets\beetsplug\replaygain.py,244,1,0,0,0
beets,C:\Users\Zhifei Chen\Desktop\pysmell\subjects_for_metrics\beets\beetsplug\replaygain.py,374,1,0,0,0
beets,C:\Users\Zhifei Chen\Desktop\pysmell\subjects_for_metrics\beets\beetsplug\replaygain.py,629,1,0,0,0
beets,C:\Users\Zhifei Chen\Desktop\pysmell\subjects_for_metrics\beets\beetsplug\replaygain.py,774,1,0,0,0
beets,C:\Users\Zhifei Chen\Desktop\pysmell\subjects_for_metrics\beets\beetsplug\rewrite.py,45,1,0,0,0
beets,C:\Users\Zhifei Chen\Desktop\pysmell\subjects_for_metrics\beets\beetsplug\scrub.py,50,1,0,0,0
beets,C:\Users\Zhifei Chen\Desktop\pysmell\subjects_for_metrics\beets\beetsplug\smartplaylist.py,30,1,0,0,0
beets,C:\Users\Zhifei Chen\Desktop\pysmell\subjects_for_metrics\beets\beetsplug\spotify.py,13,1,0,0,0
beets,C:\Users\Zhifei Chen\Desktop\pysmell\subjects_for_metrics\beets\beetsplug\the.py,31,1,0,0,0
beets,C:\Users\Zhifei Chen\Desktop\pysmell\subjects_for_metrics\beets\beetsplug\thumbnails.py,46,1,0,0,0
beets,C:\Users\Zhifei Chen\Desktop\pysmell\subjects_for_metrics\beets\beetsplug\thumbnails.py,211,1,0,0,0
beets,C:\Users\Zhifei Chen\Desktop\pysmell\subjects_for_metrics\beets\beetsplug\thumbnails.py,219,1,0,0,0
beets,C:\Users\Zhifei Chen\Desktop\pysmell\subjects_for_metrics\beets\beetsplug\thumbnails.py,227,1,0,0,0
beets,C:\Users\Zhifei Chen\Desktop\pysmell\subjects_for_metrics\beets\beetsplug\types.py,24,1,0,0,0
beets,C:\Users\Zhifei Chen\Desktop\pysmell\subjects_for_metrics\beets\beetsplug\zero.py,30,1,0,0,0
beets,C:\Users\Zhifei Chen\Desktop\pysmell\subjects_for_metrics\beets\beetsplug\bpd\gstplayer.py,35,1,0,0,0
beets,C:\Users\Zhifei Chen\Desktop\pysmell\subjects_for_metrics\beets\beetsplug\bpd\__init__.py,81,1,0,0,0
beets,C:\Users\Zhifei Chen\Desktop\pysmell\subjects_for_metrics\beets\beetsplug\bpd\__init__.py,87,1,0,0,0
beets,C:\Users\Zhifei Chen\Desktop\pysmell\subjects_for_metrics\beets\beetsplug\bpd\__init__.py,116,1,0,0,0
beets,C:\Users\Zhifei Chen\Desktop\pysmell\subjects_for_metrics\beets\beetsplug\bpd\__init__.py,147,1,0,0,0
beets,C:\Users\Zhifei Chen\Desktop\pysmell\subjects_for_metrics\beets\beetsplug\bpd\__init__.py,155,1,0,0,0
beets,C:\Users\Zhifei Chen\Desktop\pysmell\subjects_for_metrics\beets\beetsplug\bpd\__init__.py,555,1,0,0,0
beets,C:\Users\Zhifei Chen\Desktop\pysmell\subjects_for_metrics\beets\beetsplug\bpd\__init__.py,638,1,0,0,0
beets,C:\Users\Zhifei Chen\Desktop\pysmell\subjects_for_metrics\beets\beetsplug\bpd\__init__.py,705,1,0,0,0
beets,C:\Users\Zhifei Chen\Desktop\pysmell\subjects_for_metrics\beets\beetsplug\bpd\__init__.py,740,1,0,0,0
beets,C:\Users\Zhifei Chen\Desktop\pysmell\subjects_for_metrics\beets\beetsplug\bpd\__init__.py,1144,1,0,0,0
beets,C:\Users\Zhifei Chen\Desktop\pysmell\subjects_for_metrics\beets\beetsplug\lastgenre\__init__.py,96,1,0,0,0
beets,C:\Users\Zhifei Chen\Desktop\pysmell\subjects_for_metrics\beets\beetsplug\metasync\amarok.py,38,1,0,0,0
beets,C:\Users\Zhifei Chen\Desktop\pysmell\subjects_for_metrics\beets\beetsplug\metasync\itunes.py,59,1,0,0,0
beets,C:\Users\Zhifei Chen\Desktop\pysmell\subjects_for_metrics\beets\beetsplug\metasync\__init__.py,34,1,0,0,0
beets,C:\Users\Zhifei Chen\Desktop\pysmell\subjects_for_metrics\beets\beetsplug\metasync\__init__.py,72,1,0,0,0
beets,C:\Users\Zhifei Chen\Desktop\pysmell\subjects_for_metrics\beets\beetsplug\web\__init__.py,127,1,0,0,0
beets,C:\Users\Zhifei Chen\Desktop\pysmell\subjects_for_metrics\beets\beetsplug\web\__init__.py,144,1,0,0,0
beets,C:\Users\Zhifei Chen\Desktop\pysmell\subjects_for_metrics\beets\beetsplug\web\__init__.py,256,1,0,0,0
beets,C:\Users\Zhifei Chen\Desktop\pysmell\subjects_for_metrics\beets\test\helper.py,60,1,0,0,0
beets,C:\Users\Zhifei Chen\Desktop\pysmell\subjects_for_metrics\beets\test\helper.py,137,1,0,0,0
beets,C:\Users\Zhifei Chen\Desktop\pysmell\subjects_for_metrics\beets\test\helper.py,455,1,0,0,0
beets,C:\Users\Zhifei Chen\Desktop\pysmell\subjects_for_metrics\beets\test\test_art.py,39,1,0,0,0
beets,C:\Users\Zhifei Chen\Desktop\pysmell\subjects_for_metrics\beets\test\test_art.py,45,1,0,0,0
beets,C:\Users\Zhifei Chen\Desktop\pysmell\subjects_for_metrics\beets\test\test_art.py,65,1,0,0,0
beets,C:\Users\Zhifei Chen\Desktop\pysmell\subjects_for_metrics\beets\test\test_art.py,106,1,0,0,0
beets,C:\Users\Zhifei Chen\Desktop\pysmell\subjects_for_metrics\beets\test\test_art.py,190,1,0,0,0
beets,C:\Users\Zhifei Chen\Desktop\pysmell\subjects_for_metrics\beets\test\test_art.py,226,1,0,0,0
beets,C:\Users\Zhifei Chen\Desktop\pysmell\subjects_for_metrics\beets\test\test_art.py,258,1,0,0,0
beets,C:\Users\Zhifei Chen\Desktop\pysmell\subjects_for_metrics\beets\test\test_art.py,361,1,0,0,0
beets,C:\Users\Zhifei Chen\Desktop\pysmell\subjects_for_metrics\beets\test\test_autotag.py,34,1,0,0,0
beets,C:\Users\Zhifei Chen\Desktop\pysmell\subjects_for_metrics\beets\test\test_autotag.py,119,1,0,0,0
beets,C:\Users\Zhifei Chen\Desktop\pysmell\subjects_for_metrics\beets\test\test_autotag.py,301,1,0,0,0
beets,C:\Users\Zhifei Chen\Desktop\pysmell\subjects_for_metrics\beets\test\test_autotag.py,329,1,0,0,0
beets,C:\Users\Zhifei Chen\Desktop\pysmell\subjects_for_metrics\beets\test\test_autotag.py,490,1,0,0,0
beets,C:\Users\Zhifei Chen\Desktop\pysmell\subjects_for_metrics\beets\test\test_autotag.py,618,1,0,0,0
beets,C:\Users\Zhifei Chen\Desktop\pysmell\subjects_for_metrics\beets\test\test_autotag.py,628,2,0,1,0
beets,C:\Users\Zhifei Chen\Desktop\pysmell\subjects_for_metrics\beets\test\test_autotag.py,800,2,0,1,0
beets,C:\Users\Zhifei Chen\Desktop\pysmell\subjects_for_metrics\beets\test\test_autotag.py,862,1,0,0,0
beets,C:\Users\Zhifei Chen\Desktop\pysmell\subjects_for_metrics\beets\test\test_autotag.py,938,1,0,0,0
beets,C:\Users\Zhifei Chen\Desktop\pysmell\subjects_for_metrics\beets\test\test_bucket.py,28,2,0,1,0
beets,C:\Users\Zhifei Chen\Desktop\pysmell\subjects_for_metrics\beets\test\test_config_command.py,18,2,0,1,0
beets,C:\Users\Zhifei Chen\Desktop\pysmell\subjects_for_metrics\beets\test\test_convert.py,29,1,0,0,0
beets,C:\Users\Zhifei Chen\Desktop\pysmell\subjects_for_metrics\beets\test\test_convert.py,66,2,0,1,0
beets,C:\Users\Zhifei Chen\Desktop\pysmell\subjects_for_metrics\beets\test\test_convert.py,101,2,0,1,0
beets,C:\Users\Zhifei Chen\Desktop\pysmell\subjects_for_metrics\beets\test\test_convert.py,183,2,0,1,0
beets,C:\Users\Zhifei Chen\Desktop\pysmell\subjects_for_metrics\beets\test\test_datequery.py,31,1,0,0,0
beets,C:\Users\Zhifei Chen\Desktop\pysmell\subjects_for_metrics\beets\test\test_datequery.py,83,1,0,0,0
beets,C:\Users\Zhifei Chen\Desktop\pysmell\subjects_for_metrics\beets\test\test_datequery.py,118,1,0,0,0
beets,C:\Users\Zhifei Chen\Desktop\pysmell\subjects_for_metrics\beets\test\test_dbcore.py,31,1,0,0,0
beets,C:\Users\Zhifei Chen\Desktop\pysmell\subjects_for_metrics\beets\test\test_dbcore.py,35,1,0,0,0
beets,C:\Users\Zhifei Chen\Desktop\pysmell\subjects_for_metrics\beets\test\test_dbcore.py,57,1,0,0,0
beets,C:\Users\Zhifei Chen\Desktop\pysmell\subjects_for_metrics\beets\test\test_dbcore.py,62,1,0,0,0
beets,C:\Users\Zhifei Chen\Desktop\pysmell\subjects_for_metrics\beets\test\test_dbcore.py,70,1,0,0,0
beets,C:\Users\Zhifei Chen\Desktop\pysmell\subjects_for_metrics\beets\test\test_dbcore.py,75,1,0,0,0
beets,C:\Users\Zhifei Chen\Desktop\pysmell\subjects_for_metrics\beets\test\test_dbcore.py,84,1,0,0,0
beets,C:\Users\Zhifei Chen\Desktop\pysmell\subjects_for_metrics\beets\test\test_dbcore.py,89,1,0,0,0
beets,C:\Users\Zhifei Chen\Desktop\pysmell\subjects_for_metrics\beets\test\test_dbcore.py,99,1,0,0,0
beets,C:\Users\Zhifei Chen\Desktop\pysmell\subjects_for_metrics\beets\test\test_dbcore.py,104,1,0,0,0
beets,C:\Users\Zhifei Chen\Desktop\pysmell\subjects_for_metrics\beets\test\test_dbcore.py,113,1,0,0,0
beets,C:\Users\Zhifei Chen\Desktop\pysmell\subjects_for_metrics\beets\test\test_dbcore.py,118,1,0,0,0
beets,C:\Users\Zhifei Chen\Desktop\pysmell\subjects_for_metrics\beets\test\test_dbcore.py,174,1,0,0,0
beets,C:\Users\Zhifei Chen\Desktop\pysmell\subjects_for_metrics\beets\test\test_dbcore.py,277,1,0,0,0
beets,C:\Users\Zhifei Chen\Desktop\pysmell\subjects_for_metrics\beets\test\test_dbcore.py,309,1,0,0,0
beets,C:\Users\Zhifei Chen\Desktop\pysmell\subjects_for_metrics\beets\test\test_dbcore.py,332,1,0,0,0
beets,C:\Users\Zhifei Chen\Desktop\pysmell\subjects_for_metrics\beets\test\test_dbcore.py,348,1,0,0,0
beets,C:\Users\Zhifei Chen\Desktop\pysmell\subjects_for_metrics\beets\test\test_dbcore.py,407,1,0,0,0
beets,C:\Users\Zhifei Chen\Desktop\pysmell\subjects_for_metrics\beets\test\test_dbcore.py,442,1,0,0,0
beets,C:\Users\Zhifei Chen\Desktop\pysmell\subjects_for_metrics\beets\test\test_dbcore.py,478,1,0,0,0
beets,C:\Users\Zhifei Chen\Desktop\pysmell\subjects_for_metrics\beets\test\test_dbcore.py,528,1,0,0,0
beets,C:\Users\Zhifei Chen\Desktop\pysmell\subjects_for_metrics\beets\test\test_echonest.py,28,2,0,1,0
beets,C:\Users\Zhifei Chen\Desktop\pysmell\subjects_for_metrics\beets\test\test_embedart.py,46,2,0,1,0
beets,C:\Users\Zhifei Chen\Desktop\pysmell\subjects_for_metrics\beets\test\test_embedart.py,167,1,0,0,0
beets,C:\Users\Zhifei Chen\Desktop\pysmell\subjects_for_metrics\beets\test\test_fetchart.py,23,2,0,1,0
beets,C:\Users\Zhifei Chen\Desktop\pysmell\subjects_for_metrics\beets\test\test_filefilter.py,30,2,0,1,0
beets,C:\Users\Zhifei Chen\Desktop\pysmell\subjects_for_metrics\beets\test\test_files.py,32,1,0,0,0
beets,C:\Users\Zhifei Chen\Desktop\pysmell\subjects_for_metrics\beets\test\test_files.py,145,1,0,0,0
beets,C:\Users\Zhifei Chen\Desktop\pysmell\subjects_for_metrics\beets\test\test_files.py,177,1,0,0,0
beets,C:\Users\Zhifei Chen\Desktop\pysmell\subjects_for_metrics\beets\test\test_files.py,232,1,0,0,0
beets,C:\Users\Zhifei Chen\Desktop\pysmell\subjects_for_metrics\beets\test\test_files.py,407,1,0,0,0
beets,C:\Users\Zhifei Chen\Desktop\pysmell\subjects_for_metrics\beets\test\test_files.py,468,1,0,0,0
beets,C:\Users\Zhifei Chen\Desktop\pysmell\subjects_for_metrics\beets\test\test_files.py,486,1,0,0,0
beets,C:\Users\Zhifei Chen\Desktop\pysmell\subjects_for_metrics\beets\test\test_files.py,523,1,0,0,0
beets,C:\Users\Zhifei Chen\Desktop\pysmell\subjects_for_metrics\beets\test\test_files.py,543,1,0,0,0
beets,C:\Users\Zhifei Chen\Desktop\pysmell\subjects_for_metrics\beets\test\test_files.py,583,1,0,0,0
beets,C:\Users\Zhifei Chen\Desktop\pysmell\subjects_for_metrics\beets\test\test_files.py,611,1,0,0,0
beets,C:\Users\Zhifei Chen\Desktop\pysmell\subjects_for_metrics\beets\test\test_ftintitle.py,25,2,0,1,0
beets,C:\Users\Zhifei Chen\Desktop\pysmell\subjects_for_metrics\beets\test\test_ftintitle.py,76,1,0,0,0
beets,C:\Users\Zhifei Chen\Desktop\pysmell\subjects_for_metrics\beets\test\test_ihate.py,12,1,0,0,0
beets,C:\Users\Zhifei Chen\Desktop\pysmell\subjects_for_metrics\beets\test\test_importadded.py,45,2,0,1,0
beets,C:\Users\Zhifei Chen\Desktop\pysmell\subjects_for_metrics\beets\test\test_importer.py,44,1,0,0,0
beets,C:\Users\Zhifei Chen\Desktop\pysmell\subjects_for_metrics\beets\test\test_importer.py,143,1,0,0,0
beets,C:\Users\Zhifei Chen\Desktop\pysmell\subjects_for_metrics\beets\test\test_importer.py,238,2,0,1,0
beets,C:\Users\Zhifei Chen\Desktop\pysmell\subjects_for_metrics\beets\test\test_importer.py,356,2,0,1,0
beets,C:\Users\Zhifei Chen\Desktop\pysmell\subjects_for_metrics\beets\test\test_importer.py,381,2,0,1,0
beets,C:\Users\Zhifei Chen\Desktop\pysmell\subjects_for_metrics\beets\test\test_importer.py,400,1,0,0,0
beets,C:\Users\Zhifei Chen\Desktop\pysmell\subjects_for_metrics\beets\test\test_importer.py,412,1,0,0,0
beets,C:\Users\Zhifei Chen\Desktop\pysmell\subjects_for_metrics\beets\test\test_importer.py,419,1,0,0,0
beets,C:\Users\Zhifei Chen\Desktop\pysmell\subjects_for_metrics\beets\test\test_importer.py,426,2,0,1,0
beets,C:\Users\Zhifei Chen\Desktop\pysmell\subjects_for_metrics\beets\test\test_importer.py,514,2,0,1,0
beets,C:\Users\Zhifei Chen\Desktop\pysmell\subjects_for_metrics\beets\test\test_importer.py,639,2,0,1,0
beets,C:\Users\Zhifei Chen\Desktop\pysmell\subjects_for_metrics\beets\test\test_importer.py,673,2,0,1,0
beets,C:\Users\Zhifei Chen\Desktop\pysmell\subjects_for_metrics\beets\test\test_importer.py,747,2,0,1,0
beets,C:\Users\Zhifei Chen\Desktop\pysmell\subjects_for_metrics\beets\test\test_importer.py,864,2,0,1,0
beets,C:\Users\Zhifei Chen\Desktop\pysmell\subjects_for_metrics\beets\test\test_importer.py,928,1,0,0,0
beets,C:\Users\Zhifei Chen\Desktop\pysmell\subjects_for_metrics\beets\test\test_importer.py,937,2,0,1,0
beets,C:\Users\Zhifei Chen\Desktop\pysmell\subjects_for_metrics\beets\test\test_importer.py,960,1,0,0,0
beets,C:\Users\Zhifei Chen\Desktop\pysmell\subjects_for_metrics\beets\test\test_importer.py,1076,2,0,1,0
beets,C:\Users\Zhifei Chen\Desktop\pysmell\subjects_for_metrics\beets\test\test_importer.py,1164,2,0,1,0
beets,C:\Users\Zhifei Chen\Desktop\pysmell\subjects_for_metrics\beets\test\test_importer.py,1235,1,0,0,0
beets,C:\Users\Zhifei Chen\Desktop\pysmell\subjects_for_metrics\beets\test\test_importer.py,1251,2,0,1,0
beets,C:\Users\Zhifei Chen\Desktop\pysmell\subjects_for_metrics\beets\test\test_importer.py,1301,2,0,1,0
beets,C:\Users\Zhifei Chen\Desktop\pysmell\subjects_for_metrics\beets\test\test_importer.py,1351,1,0,0,0
beets,C:\Users\Zhifei Chen\Desktop\pysmell\subjects_for_metrics\beets\test\test_importer.py,1393,1,0,0,0
beets,C:\Users\Zhifei Chen\Desktop\pysmell\subjects_for_metrics\beets\test\test_importer.py,1513,2,0,1,0
beets,C:\Users\Zhifei Chen\Desktop\pysmell\subjects_for_metrics\beets\test\test_importer.py,1596,2,0,1,0
beets,C:\Users\Zhifei Chen\Desktop\pysmell\subjects_for_metrics\beets\test\test_importfeeds.py,15,1,0,0,0
beets,C:\Users\Zhifei Chen\Desktop\pysmell\subjects_for_metrics\beets\test\test_info.py,25,2,0,1,0
beets,C:\Users\Zhifei Chen\Desktop\pysmell\subjects_for_metrics\beets\test\test_ipfs.py,25,2,0,1,0
beets,C:\Users\Zhifei Chen\Desktop\pysmell\subjects_for_metrics\beets\test\test_keyfinder.py,25,2,0,1,0
beets,C:\Users\Zhifei Chen\Desktop\pysmell\subjects_for_metrics\beets\test\test_lastgenre.py,30,2,0,1,0
beets,C:\Users\Zhifei Chen\Desktop\pysmell\subjects_for_metrics\beets\test\test_lastgenre.py,146,1,0,0,0
beets,C:\Users\Zhifei Chen\Desktop\pysmell\subjects_for_metrics\beets\test\test_lastgenre.py,153,1,0,0,0
beets,C:\Users\Zhifei Chen\Desktop\pysmell\subjects_for_metrics\beets\test\test_library.py,45,1,0,0,0
beets,C:\Users\Zhifei Chen\Desktop\pysmell\subjects_for_metrics\beets\test\test_library.py,59,1,0,0,0
beets,C:\Users\Zhifei Chen\Desktop\pysmell\subjects_for_metrics\beets\test\test_library.py,83,1,0,0,0
beets,C:\Users\Zhifei Chen\Desktop\pysmell\subjects_for_metrics\beets\test\test_library.py,107,1,0,0,0
beets,C:\Users\Zhifei Chen\Desktop\pysmell\subjects_for_metrics\beets\test\test_library.py,114,1,0,0,0
beets,C:\Users\Zhifei Chen\Desktop\pysmell\subjects_for_metrics\beets\test\test_library.py,135,1,0,0,0
beets,C:\Users\Zhifei Chen\Desktop\pysmell\subjects_for_metrics\beets\test\test_library.py,487,1,0,0,0
beets,C:\Users\Zhifei Chen\Desktop\pysmell\subjects_for_metrics\beets\test\test_library.py,546,1,0,0,0
beets,C:\Users\Zhifei Chen\Desktop\pysmell\subjects_for_metrics\beets\test\test_library.py,559,2,0,1,0
beets,C:\Users\Zhifei Chen\Desktop\pysmell\subjects_for_metrics\beets\test\test_library.py,620,2,0,1,0
beets,C:\Users\Zhifei Chen\Desktop\pysmell\subjects_for_metrics\beets\test\test_library.py,681,1,0,0,0
beets,C:\Users\Zhifei Chen\Desktop\pysmell\subjects_for_metrics\beets\test\test_library.py,733,1,0,0,0
beets,C:\Users\Zhifei Chen\Desktop\pysmell\subjects_for_metrics\beets\test\test_library.py,831,1,0,0,0
beets,C:\Users\Zhifei Chen\Desktop\pysmell\subjects_for_metrics\beets\test\test_library.py,858,1,0,0,0
beets,C:\Users\Zhifei Chen\Desktop\pysmell\subjects_for_metrics\beets\test\test_library.py,942,1,0,0,0
beets,C:\Users\Zhifei Chen\Desktop\pysmell\subjects_for_metrics\beets\test\test_library.py,977,1,0,0,0
beets,C:\Users\Zhifei Chen\Desktop\pysmell\subjects_for_metrics\beets\test\test_library.py,993,1,0,0,0
beets,C:\Users\Zhifei Chen\Desktop\pysmell\subjects_for_metrics\beets\test\test_library.py,1023,1,0,0,0
beets,C:\Users\Zhifei Chen\Desktop\pysmell\subjects_for_metrics\beets\test\test_library.py,1032,2,0,1,0
beets,C:\Users\Zhifei Chen\Desktop\pysmell\subjects_for_metrics\beets\test\test_library.py,1085,1,0,0,0
beets,C:\Users\Zhifei Chen\Desktop\pysmell\subjects_for_metrics\beets\test\test_library.py,1101,2,0,1,0
beets,C:\Users\Zhifei Chen\Desktop\pysmell\subjects_for_metrics\beets\test\test_library.py,1117,1,0,0,0
beets,C:\Users\Zhifei Chen\Desktop\pysmell\subjects_for_metrics\beets\test\test_logging.py,17,1,0,0,0
beets,C:\Users\Zhifei Chen\Desktop\pysmell\subjects_for_metrics\beets\test\test_logging.py,50,2,0,1,0
beets,C:\Users\Zhifei Chen\Desktop\pysmell\subjects_for_metrics\beets\test\test_logging.py,51,1,0,0,0
beets,C:\Users\Zhifei Chen\Desktop\pysmell\subjects_for_metrics\beets\test\test_logging.py,52,1,0,0,0
beets,C:\Users\Zhifei Chen\Desktop\pysmell\subjects_for_metrics\beets\test\test_logging.py,164,2,0,1,0
beets,C:\Users\Zhifei Chen\Desktop\pysmell\subjects_for_metrics\beets\test\test_logging.py,169,1,0,0,0
beets,C:\Users\Zhifei Chen\Desktop\pysmell\subjects_for_metrics\beets\test\test_lyrics.py,38,1,0,0,0
beets,C:\Users\Zhifei Chen\Desktop\pysmell\subjects_for_metrics\beets\test\test_lyrics.py,195,1,0,0,0
beets,C:\Users\Zhifei Chen\Desktop\pysmell\subjects_for_metrics\beets\test\test_lyrics.py,296,1,0,0,0
beets,C:\Users\Zhifei Chen\Desktop\pysmell\subjects_for_metrics\beets\test\test_mb.py,27,1,0,0,0
beets,C:\Users\Zhifei Chen\Desktop\pysmell\subjects_for_metrics\beets\test\test_mb.py,325,1,0,0,0
beets,C:\Users\Zhifei Chen\Desktop\pysmell\subjects_for_metrics\beets\test\test_mb.py,343,1,0,0,0
beets,C:\Users\Zhifei Chen\Desktop\pysmell\subjects_for_metrics\beets\test\test_mb.py,419,1,0,0,0
beets,C:\Users\Zhifei Chen\Desktop\pysmell\subjects_for_metrics\beets\test\test_mbsync.py,30,2,0,1,0
beets,C:\Users\Zhifei Chen\Desktop\pysmell\subjects_for_metrics\beets\test\test_mediafile.py,36,1,0,0,0
beets,C:\Users\Zhifei Chen\Desktop\pysmell\subjects_for_metrics\beets\test\test_mediafile.py,95,1,0,0,0
beets,C:\Users\Zhifei Chen\Desktop\pysmell\subjects_for_metrics\beets\test\test_mediafile.py,177,1,0,0,0
beets,C:\Users\Zhifei Chen\Desktop\pysmell\subjects_for_metrics\beets\test\test_mediafile.py,203,1,0,0,0
beets,C:\Users\Zhifei Chen\Desktop\pysmell\subjects_for_metrics\beets\test\test_mediafile.py,261,1,0,0,0
beets,C:\Users\Zhifei Chen\Desktop\pysmell\subjects_for_metrics\beets\test\test_mediafile.py,303,1,0,0,0
beets,C:\Users\Zhifei Chen\Desktop\pysmell\subjects_for_metrics\beets\test\test_mediafile.py,360,3,1,1,1
beets,C:\Users\Zhifei Chen\Desktop\pysmell\subjects_for_metrics\beets\test\test_mediafile.py,717,1,0,0,0
beets,C:\Users\Zhifei Chen\Desktop\pysmell\subjects_for_metrics\beets\test\test_mediafile.py,733,4,1,1,1
beets,C:\Users\Zhifei Chen\Desktop\pysmell\subjects_for_metrics\beets\test\test_mediafile.py,751,4,1,1,1
beets,C:\Users\Zhifei Chen\Desktop\pysmell\subjects_for_metrics\beets\test\test_mediafile.py,773,2,0,1,0
beets,C:\Users\Zhifei Chen\Desktop\pysmell\subjects_for_metrics\beets\test\test_mediafile.py,785,2,0,1,0
beets,C:\Users\Zhifei Chen\Desktop\pysmell\subjects_for_metrics\beets\test\test_mediafile.py,797,3,1,1,1
beets,C:\Users\Zhifei Chen\Desktop\pysmell\subjects_for_metrics\beets\test\test_mediafile.py,825,3,1,1,1
beets,C:\Users\Zhifei Chen\Desktop\pysmell\subjects_for_metrics\beets\test\test_mediafile.py,868,4,1,1,1
beets,C:\Users\Zhifei Chen\Desktop\pysmell\subjects_for_metrics\beets\test\test_mediafile.py,882,3,1,1,1
beets,C:\Users\Zhifei Chen\Desktop\pysmell\subjects_for_metrics\beets\test\test_mediafile.py,895,2,0,1,0
beets,C:\Users\Zhifei Chen\Desktop\pysmell\subjects_for_metrics\beets\test\test_mediafile.py,907,2,0,1,0
beets,C:\Users\Zhifei Chen\Desktop\pysmell\subjects_for_metrics\beets\test\test_mediafile.py,919,2,0,1,0
beets,C:\Users\Zhifei Chen\Desktop\pysmell\subjects_for_metrics\beets\test\test_mediafile.py,931,1,0,0,0
beets,C:\Users\Zhifei Chen\Desktop\pysmell\subjects_for_metrics\beets\test\test_mediafile_edge.py,32,1,0,0,0
beets,C:\Users\Zhifei Chen\Desktop\pysmell\subjects_for_metrics\beets\test\test_mediafile_edge.py,93,1,0,0,0
beets,C:\Users\Zhifei Chen\Desktop\pysmell\subjects_for_metrics\beets\test\test_mediafile_edge.py,129,2,0,1,0
beets,C:\Users\Zhifei Chen\Desktop\pysmell\subjects_for_metrics\beets\test\test_mediafile_edge.py,183,1,0,0,0
beets,C:\Users\Zhifei Chen\Desktop\pysmell\subjects_for_metrics\beets\test\test_mediafile_edge.py,194,2,0,1,0
beets,C:\Users\Zhifei Chen\Desktop\pysmell\subjects_for_metrics\beets\test\test_mediafile_edge.py,213,1,0,0,0
beets,C:\Users\Zhifei Chen\Desktop\pysmell\subjects_for_metrics\beets\test\test_mediafile_edge.py,219,1,0,0,0
beets,C:\Users\Zhifei Chen\Desktop\pysmell\subjects_for_metrics\beets\test\test_mediafile_edge.py,230,1,0,0,0
beets,C:\Users\Zhifei Chen\Desktop\pysmell\subjects_for_metrics\beets\test\test_mediafile_edge.py,264,1,0,0,0
beets,C:\Users\Zhifei Chen\Desktop\pysmell\subjects_for_metrics\beets\test\test_mediafile_edge.py,289,2,0,1,0
beets,C:\Users\Zhifei Chen\Desktop\pysmell\subjects_for_metrics\beets\test\test_metasync.py,33,2,0,1,0
beets,C:\Users\Zhifei Chen\Desktop\pysmell\subjects_for_metrics\beets\test\test_mpdstats.py,27,2,0,1,0
beets,C:\Users\Zhifei Chen\Desktop\pysmell\subjects_for_metrics\beets\test\test_permissions.py,13,2,0,1,0
beets,C:\Users\Zhifei Chen\Desktop\pysmell\subjects_for_metrics\beets\test\test_pipeline.py,44,1,0,0,0
beets,C:\Users\Zhifei Chen\Desktop\pysmell\subjects_for_metrics\beets\test\test_pipeline.py,76,1,0,0,0
beets,C:\Users\Zhifei Chen\Desktop\pysmell\subjects_for_metrics\beets\test\test_pipeline.py,99,1,0,0,0
beets,C:\Users\Zhifei Chen\Desktop\pysmell\subjects_for_metrics\beets\test\test_pipeline.py,120,1,0,0,0
beets,C:\Users\Zhifei Chen\Desktop\pysmell\subjects_for_metrics\beets\test\test_pipeline.py,140,1,0,0,0
beets,C:\Users\Zhifei Chen\Desktop\pysmell\subjects_for_metrics\beets\test\test_pipeline.py,151,1,0,0,0
beets,C:\Users\Zhifei Chen\Desktop\pysmell\subjects_for_metrics\beets\test\test_pipeline.py,175,1,0,0,0
beets,C:\Users\Zhifei Chen\Desktop\pysmell\subjects_for_metrics\beets\test\test_pipeline.py,194,1,0,0,0
beets,C:\Users\Zhifei Chen\Desktop\pysmell\subjects_for_metrics\beets\test\test_pipeline.py,214,1,0,0,0
beets,C:\Users\Zhifei Chen\Desktop\pysmell\subjects_for_metrics\beets\test\test_player.py,24,1,0,0,0
beets,C:\Users\Zhifei Chen\Desktop\pysmell\subjects_for_metrics\beets\test\test_plexupdate.py,10,2,0,1,0
beets,C:\Users\Zhifei Chen\Desktop\pysmell\subjects_for_metrics\beets\test\test_plugins.py,34,1,0,0,0
beets,C:\Users\Zhifei Chen\Desktop\pysmell\subjects_for_metrics\beets\test\test_plugins.py,57,2,0,1,0
beets,C:\Users\Zhifei Chen\Desktop\pysmell\subjects_for_metrics\beets\test\test_plugins.py,67,1,0,0,0
beets,C:\Users\Zhifei Chen\Desktop\pysmell\subjects_for_metrics\beets\test\test_plugins.py,91,2,0,1,0
beets,C:\Users\Zhifei Chen\Desktop\pysmell\subjects_for_metrics\beets\test\test_plugins.py,97,1,0,0,0
beets,C:\Users\Zhifei Chen\Desktop\pysmell\subjects_for_metrics\beets\test\test_plugins.py,124,2,0,1,0
beets,C:\Users\Zhifei Chen\Desktop\pysmell\subjects_for_metrics\beets\test\test_plugins.py,135,1,0,0,0
beets,C:\Users\Zhifei Chen\Desktop\pysmell\subjects_for_metrics\beets\test\test_plugins.py,138,1,0,0,0
beets,C:\Users\Zhifei Chen\Desktop\pysmell\subjects_for_metrics\beets\test\test_plugins.py,150,1,0,0,0
beets,C:\Users\Zhifei Chen\Desktop\pysmell\subjects_for_metrics\beets\test\test_plugins.py,153,1,0,0,0
beets,C:\Users\Zhifei Chen\Desktop\pysmell\subjects_for_metrics\beets\test\test_plugins.py,163,3,1,1,1
beets,C:\Users\Zhifei Chen\Desktop\pysmell\subjects_for_metrics\beets\test\test_plugins.py,231,1,0,0,0
beets,C:\Users\Zhifei Chen\Desktop\pysmell\subjects_for_metrics\beets\test\test_plugins.py,272,1,0,0,0
beets,C:\Users\Zhifei Chen\Desktop\pysmell\subjects_for_metrics\beets\test\test_plugins.py,282,2,0,1,0
beets,C:\Users\Zhifei Chen\Desktop\pysmell\subjects_for_metrics\beets\test\test_plugins.py,292,1,0,0,0
beets,C:\Users\Zhifei Chen\Desktop\pysmell\subjects_for_metrics\beets\test\test_plugins.py,317,1,0,0,0
beets,C:\Users\Zhifei Chen\Desktop\pysmell\subjects_for_metrics\beets\test\test_plugins.py,340,1,0,0,0
beets,C:\Users\Zhifei Chen\Desktop\pysmell\subjects_for_metrics\beets\test\test_query.py,36,1,0,0,0
beets,C:\Users\Zhifei Chen\Desktop\pysmell\subjects_for_metrics\beets\test\test_query.py,47,1,0,0,0
beets,C:\Users\Zhifei Chen\Desktop\pysmell\subjects_for_metrics\beets\test\test_query.py,76,1,0,0,0
beets,C:\Users\Zhifei Chen\Desktop\pysmell\subjects_for_metrics\beets\test\test_query.py,86,2,0,1,0
beets,C:\Users\Zhifei Chen\Desktop\pysmell\subjects_for_metrics\beets\test\test_query.py,118,1,0,0,0
beets,C:\Users\Zhifei Chen\Desktop\pysmell\subjects_for_metrics\beets\test\test_query.py,311,1,0,0,0
beets,C:\Users\Zhifei Chen\Desktop\pysmell\subjects_for_metrics\beets\test\test_query.py,370,3,1,1,1
beets,C:\Users\Zhifei Chen\Desktop\pysmell\subjects_for_metrics\beets\test\test_query.py,583,2,0,1,0
beets,C:\Users\Zhifei Chen\Desktop\pysmell\subjects_for_metrics\beets\test\test_query.py,622,2,0,1,0
beets,C:\Users\Zhifei Chen\Desktop\pysmell\subjects_for_metrics\beets\test\test_query.py,675,1,0,0,0
beets,C:\Users\Zhifei Chen\Desktop\pysmell\subjects_for_metrics\beets\test\test_query.py,693,2,0,1,0
beets,C:\Users\Zhifei Chen\Desktop\pysmell\subjects_for_metrics\beets\test\test_replaygain.py,42,1,0,0,0
beets,C:\Users\Zhifei Chen\Desktop\pysmell\subjects_for_metrics\beets\test\test_replaygain.py,130,2,0,1,0
beets,C:\Users\Zhifei Chen\Desktop\pysmell\subjects_for_metrics\beets\test\test_replaygain.py,135,2,0,1,0
beets,C:\Users\Zhifei Chen\Desktop\pysmell\subjects_for_metrics\beets\test\test_replaygain.py,140,2,0,1,0
beets,C:\Users\Zhifei Chen\Desktop\pysmell\subjects_for_metrics\beets\test\test_smartplaylist.py,36,1,0,0,0
beets,C:\Users\Zhifei Chen\Desktop\pysmell\subjects_for_metrics\beets\test\test_smartplaylist.py,177,2,0,1,0
beets,C:\Users\Zhifei Chen\Desktop\pysmell\subjects_for_metrics\beets\test\test_sort.py,29,1,0,0,0
beets,C:\Users\Zhifei Chen\Desktop\pysmell\subjects_for_metrics\beets\test\test_sort.py,108,1,0,0,0
beets,C:\Users\Zhifei Chen\Desktop\pysmell\subjects_for_metrics\beets\test\test_sort.py,162,1,0,0,0
beets,C:\Users\Zhifei Chen\Desktop\pysmell\subjects_for_metrics\beets\test\test_sort.py,209,1,0,0,0
beets,C:\Users\Zhifei Chen\Desktop\pysmell\subjects_for_metrics\beets\test\test_sort.py,254,1,0,0,0
beets,C:\Users\Zhifei Chen\Desktop\pysmell\subjects_for_metrics\beets\test\test_sort.py,299,1,0,0,0
beets,C:\Users\Zhifei Chen\Desktop\pysmell\subjects_for_metrics\beets\test\test_sort.py,325,1,0,0,0
beets,C:\Users\Zhifei Chen\Desktop\pysmell\subjects_for_metrics\beets\test\test_sort.py,358,1,0,0,0
beets,C:\Users\Zhifei Chen\Desktop\pysmell\subjects_for_metrics\beets\test\test_sort.py,378,2,0,1,0
beets,C:\Users\Zhifei Chen\Desktop\pysmell\subjects_for_metrics\beets\test\test_spotify.py,16,1,0,0,0
beets,C:\Users\Zhifei Chen\Desktop\pysmell\subjects_for_metrics\beets\test\test_spotify.py,28,2,0,1,0
beets,C:\Users\Zhifei Chen\Desktop\pysmell\subjects_for_metrics\beets\test\test_template.py,54,1,0,0,0
beets,C:\Users\Zhifei Chen\Desktop\pysmell\subjects_for_metrics\beets\test\test_template.py,224,1,0,0,0
beets,C:\Users\Zhifei Chen\Desktop\pysmell\subjects_for_metrics\beets\test\test_the.py,12,1,0,0,0
beets,C:\Users\Zhifei Chen\Desktop\pysmell\subjects_for_metrics\beets\test\test_thumbnails.py,31,2,0,1,0
beets,C:\Users\Zhifei Chen\Desktop\pysmell\subjects_for_metrics\beets\test\test_types_plugin.py,27,2,0,1,0
beets,C:\Users\Zhifei Chen\Desktop\pysmell\subjects_for_metrics\beets\test\test_ui.py,43,1,0,0,0
beets,C:\Users\Zhifei Chen\Desktop\pysmell\subjects_for_metrics\beets\test\test_ui.py,119,1,0,0,0
beets,C:\Users\Zhifei Chen\Desktop\pysmell\subjects_for_metrics\beets\test\test_ui.py,149,2,0,1,0
beets,C:\Users\Zhifei Chen\Desktop\pysmell\subjects_for_metrics\beets\test\test_ui.py,300,2,0,1,0
beets,C:\Users\Zhifei Chen\Desktop\pysmell\subjects_for_metrics\beets\test\test_ui.py,355,1,0,0,0
beets,C:\Users\Zhifei Chen\Desktop\pysmell\subjects_for_metrics\beets\test\test_ui.py,433,1,0,0,0
beets,C:\Users\Zhifei Chen\Desktop\pysmell\subjects_for_metrics\beets\test\test_ui.py,536,1,0,0,0
beets,C:\Users\Zhifei Chen\Desktop\pysmell\subjects_for_metrics\beets\test\test_ui.py,575,1,0,0,0
beets,C:\Users\Zhifei Chen\Desktop\pysmell\subjects_for_metrics\beets\test\test_ui.py,583,1,0,0,0
beets,C:\Users\Zhifei Chen\Desktop\pysmell\subjects_for_metrics\beets\test\test_ui.py,596,2,0,1,0
beets,C:\Users\Zhifei Chen\Desktop\pysmell\subjects_for_metrics\beets\test\test_ui.py,866,1,0,0,0
beets,C:\Users\Zhifei Chen\Desktop\pysmell\subjects_for_metrics\beets\test\test_ui.py,918,1,0,0,0
beets,C:\Users\Zhifei Chen\Desktop\pysmell\subjects_for_metrics\beets\test\test_ui.py,988,1,0,0,0
beets,C:\Users\Zhifei Chen\Desktop\pysmell\subjects_for_metrics\beets\test\test_ui.py,1025,1,0,0,0
beets,C:\Users\Zhifei Chen\Desktop\pysmell\subjects_for_metrics\beets\test\test_ui.py,1037,1,0,0,0
beets,C:\Users\Zhifei Chen\Desktop\pysmell\subjects_for_metrics\beets\test\test_ui.py,1044,1,0,0,0
beets,C:\Users\Zhifei Chen\Desktop\pysmell\subjects_for_metrics\beets\test\test_ui.py,1086,2,0,1,0
beets,C:\Users\Zhifei Chen\Desktop\pysmell\subjects_for_metrics\beets\test\test_ui.py,1132,2,0,1,0
beets,C:\Users\Zhifei Chen\Desktop\pysmell\subjects_for_metrics\beets\test\test_ui_commands.py,29,1,0,0,0
beets,C:\Users\Zhifei Chen\Desktop\pysmell\subjects_for_metrics\beets\test\test_ui_commands.py,87,1,0,0,0
beets,C:\Users\Zhifei Chen\Desktop\pysmell\subjects_for_metrics\beets\test\test_ui_importer.py,31,1,0,0,0
beets,C:\Users\Zhifei Chen\Desktop\pysmell\subjects_for_metrics\beets\test\test_ui_importer.py,78,1,0,0,0
beets,C:\Users\Zhifei Chen\Desktop\pysmell\subjects_for_metrics\beets\test\test_ui_importer.py,103,2,0,1,0
beets,C:\Users\Zhifei Chen\Desktop\pysmell\subjects_for_metrics\beets\test\test_ui_importer.py,108,2,0,1,0
beets,C:\Users\Zhifei Chen\Desktop\pysmell\subjects_for_metrics\beets\test\test_ui_importer.py,113,2,0,1,0
beets,C:\Users\Zhifei Chen\Desktop\pysmell\subjects_for_metrics\beets\test\test_ui_importer.py,118,2,0,1,0
beets,C:\Users\Zhifei Chen\Desktop\pysmell\subjects_for_metrics\beets\test\test_ui_importer.py,123,2,0,1,0
beets,C:\Users\Zhifei Chen\Desktop\pysmell\subjects_for_metrics\beets\test\test_ui_importer.py,128,2,0,1,0
beets,C:\Users\Zhifei Chen\Desktop\pysmell\subjects_for_metrics\beets\test\test_ui_importer.py,133,2,0,1,0
beets,C:\Users\Zhifei Chen\Desktop\pysmell\subjects_for_metrics\beets\test\test_ui_importer.py,138,2,0,1,0
beets,C:\Users\Zhifei Chen\Desktop\pysmell\subjects_for_metrics\beets\test\test_ui_importer.py,143,2,0,1,0
beets,C:\Users\Zhifei Chen\Desktop\pysmell\subjects_for_metrics\beets\test\test_ui_init.py,24,1,0,0,0
beets,C:\Users\Zhifei Chen\Desktop\pysmell\subjects_for_metrics\beets\test\test_util.py,31,1,0,0,0
beets,C:\Users\Zhifei Chen\Desktop\pysmell\subjects_for_metrics\beets\test\test_util.py,120,1,0,0,0
beets,C:\Users\Zhifei Chen\Desktop\pysmell\subjects_for_metrics\beets\test\test_util.py,163,1,0,0,0
beets,C:\Users\Zhifei Chen\Desktop\pysmell\subjects_for_metrics\beets\test\test_vfs.py,25,1,0,0,0
beets,C:\Users\Zhifei Chen\Desktop\pysmell\subjects_for_metrics\beets\test\test_web.py,15,1,0,0,0
beets,C:\Users\Zhifei Chen\Desktop\pysmell\subjects_for_metrics\beets\test\test_zero.py,15,2,0,1,0
beets,C:\Users\Zhifei Chen\Desktop\pysmell\subjects_for_metrics\beets\test\_common.py,131,1,0,0,0
beets,C:\Users\Zhifei Chen\Desktop\pysmell\subjects_for_metrics\beets\test\_common.py,179,1,0,0,0
beets,C:\Users\Zhifei Chen\Desktop\pysmell\subjects_for_metrics\beets\test\_common.py,195,1,0,0,0
beets,C:\Users\Zhifei Chen\Desktop\pysmell\subjects_for_metrics\beets\test\_common.py,223,1,0,0,0
beets,C:\Users\Zhifei Chen\Desktop\pysmell\subjects_for_metrics\beets\test\_common.py,234,1,0,0,0
beets,C:\Users\Zhifei Chen\Desktop\pysmell\subjects_for_metrics\beets\test\_common.py,250,1,0,0,0
beets,C:\Users\Zhifei Chen\Desktop\pysmell\subjects_for_metrics\beets\test\_common.py,271,1,0,0,0
beets,C:\Users\Zhifei Chen\Desktop\pysmell\subjects_for_metrics\beets\test\_common.py,303,1,0,0,0
beets,C:\Users\Zhifei Chen\Desktop\pysmell\subjects_for_metrics\beets\test\rsrc\beetsplug\test.py,8,1,0,0,0
