{"version": 8, "name": "Navigation Model", "metadata": {"mapbox:type": "default", "mapbox:origin": "monochrome-dark-v1", "mapbox:sdk-support": {"android": "10.0.0", "ios": "10.0.0", "js": "2.3.0"}, "mapbox:autocomposite": true, "mapbox:groups": {"Transit, transit-labels": {"name": "Transit, transit-labels", "collapsed": true}, "Administrative boundaries, admin": {"name": "Administrative boundaries, admin", "collapsed": true}, "Transit, bridges": {"name": "Transit, bridges", "collapsed": true}, "Transit, surface": {"name": "Transit, surface", "collapsed": true}, "Road network, bridges": {"name": "Road network, bridges", "collapsed": false}, "Land, water, & sky, water": {"name": "Land, water, & sky, water", "collapsed": true}, "Road network, tunnels": {"name": "Road network, tunnels", "collapsed": false}, "Road network, road-labels": {"name": "Road network, road-labels", "collapsed": true}, "Buildings, built": {"name": "Buildings, built", "collapsed": true}, "Natural features, natural-labels": {"name": "Natural features, natural-labels", "collapsed": true}, "Road network, surface": {"name": "Road network, surface", "collapsed": false}, "Land, water, & sky, built": {"name": "Land, water, & sky, built", "collapsed": true}, "Place labels, place-labels": {"name": "Place labels, place-labels", "collapsed": true}, "Point of interest labels, poi-labels": {"name": "Point of interest labels, poi-labels", "collapsed": true}, "Road network, tunnels-case": {"name": "Road network, tunnels-case", "collapsed": true}, "Transit, built": {"name": "Transit, built", "collapsed": true}, "Road network, surface-icons": {"name": "Road network, surface-icons", "collapsed": false}, "Land, water, & sky, land": {"name": "Land, water, & sky, land", "collapsed": true}}}, "center": [-117.19189443261149, 32.756553679559985], "zoom": 12.932776547838778, "bearing": 0, "pitch": 0.5017568344510897, "sources": {"composite": {"url": "mapbox://mapbox.mapbox-streets-v8", "type": "vector", "maxzoom": 13}}, "sprite": "mapbox://sprites/commaai/ckvmksrpd4n0a14pfdo5heqzr/bkx9h9tjdf3xedbnjvfo5xnbv", "glyphs": "mapbox://fonts/mapbox/{fontstack}/{range}.pbf", "layers": [{"id": "land", "type": "background", "layout": {"visibility": "none"}, "paint": {"background-color": "rgb(252, 252, 252)"}, "metadata": {"mapbox:featureComponent": "land-and-water", "mapbox:group": "Land, water, & sky, land"}}, {"minzoom": 5, "layout": {"visibility": "none"}, "metadata": {"mapbox:featureComponent": "land-and-water", "mapbox:group": "Land, water, & sky, land"}, "filter": ["==", ["get", "class"], "national_park"], "type": "fill", "source": "composite", "id": "national-park", "paint": {"fill-color": "rgb(240, 240, 240)", "fill-opacity": ["interpolate", ["linear"], ["zoom"], 5, 0, 6, 0.5, 10, 0.5]}, "source-layer": "landuse_overlay"}, {"minzoom": 5, "layout": {"visibility": "none"}, "metadata": {"mapbox:featureComponent": "land-and-water", "mapbox:group": "Land, water, & sky, land"}, "filter": ["match", ["get", "class"], ["park", "airport", "glacier", "pitch", "sand", "facility"], true, false], "type": "fill", "source": "composite", "id": "landuse", "paint": {"fill-color": "rgb(240, 240, 240)", "fill-opacity": ["interpolate", ["linear"], ["zoom"], 5, 0, 6, ["match", ["get", "class"], "glacier", 0.5, 1]]}, "source-layer": "landuse"}, {"id": "waterway-shadow", "type": "line", "source": "composite", "source-layer": "waterway", "minzoom": 8, "layout": {"line-cap": ["step", ["zoom"], "butt", 11, "round"], "line-join": "round", "visibility": "none"}, "paint": {"line-color": "rgb(204, 204, 204)", "line-width": ["interpolate", ["exponential", 1.3], ["zoom"], 9, ["match", ["get", "class"], ["canal", "river"], 0.1, 0], 20, ["match", ["get", "class"], ["canal", "river"], 8, 3]], "line-translate": ["interpolate", ["exponential", 1.2], ["zoom"], 7, ["literal", [0, 0]], 16, ["literal", [-1, -1]]], "line-translate-anchor": "viewport", "line-opacity": ["interpolate", ["linear"], ["zoom"], 8, 0, 8.5, 1]}, "metadata": {"mapbox:featureComponent": "land-and-water", "mapbox:group": "Land, water, & sky, water"}}, {"id": "water-shadow", "type": "fill", "source": "composite", "source-layer": "water", "layout": {"visibility": "none"}, "paint": {"fill-color": "rgb(204, 204, 204)", "fill-translate": ["interpolate", ["exponential", 1.2], ["zoom"], 7, ["literal", [0, 0]], 16, ["literal", [-1, -1]]], "fill-translate-anchor": "viewport"}, "metadata": {"mapbox:featureComponent": "land-and-water", "mapbox:group": "Land, water, & sky, water"}}, {"id": "waterway", "type": "line", "source": "composite", "source-layer": "waterway", "minzoom": 8, "layout": {"line-cap": ["step", ["zoom"], "butt", 11, "round"], "line-join": "round", "visibility": "none"}, "paint": {"line-color": "rgb(224, 224, 224)", "line-width": ["interpolate", ["exponential", 1.3], ["zoom"], 9, ["match", ["get", "class"], ["canal", "river"], 0.1, 0], 20, ["match", ["get", "class"], ["canal", "river"], 8, 3]], "line-opacity": ["interpolate", ["linear"], ["zoom"], 8, 0, 8.5, 1]}, "metadata": {"mapbox:featureComponent": "land-and-water", "mapbox:group": "Land, water, & sky, water"}}, {"id": "water", "type": "fill", "source": "composite", "source-layer": "water", "layout": {"visibility": "none"}, "paint": {"fill-color": "rgb(224, 224, 224)"}, "metadata": {"mapbox:featureComponent": "land-and-water", "mapbox:group": "Land, water, & sky, water"}}, {"minzoom": 13, "layout": {"visibility": "none"}, "metadata": {"mapbox:featureComponent": "land-and-water", "mapbox:group": "Land, water, & sky, built"}, "filter": ["all", ["==", ["geometry-type"], "Polygon"], ["==", ["get", "class"], "land"]], "type": "fill", "source": "composite", "id": "land-structure-polygon", "paint": {"fill-color": "rgb(252, 252, 252)"}, "source-layer": "structure"}, {"minzoom": 13, "layout": {"line-cap": "round", "visibility": "none"}, "metadata": {"mapbox:featureComponent": "land-and-water", "mapbox:group": "Land, water, & sky, built"}, "filter": ["all", ["==", ["geometry-type"], "LineString"], ["==", ["get", "class"], "land"]], "type": "line", "source": "composite", "id": "land-structure-line", "paint": {"line-width": ["interpolate", ["exponential", 1.99], ["zoom"], 14, 0.75, 20, 40], "line-color": "rgb(252, 252, 252)"}, "source-layer": "structure"}, {"minzoom": 11, "layout": {"visibility": "none"}, "metadata": {"mapbox:featureComponent": "transit", "mapbox:group": "Transit, built"}, "filter": ["all", ["==", ["geometry-type"], "Polygon"], ["match", ["get", "type"], ["runway", "taxiway", "helipad"], true, false]], "type": "fill", "source": "composite", "id": "aeroway-polygon", "paint": {"fill-color": "rgb(255, 255, 255)", "fill-opacity": ["interpolate", ["linear"], ["zoom"], 11, 0, 11.5, 1]}, "source-layer": "aeroway"}, {"minzoom": 9, "layout": {"visibility": "none"}, "metadata": {"mapbox:featureComponent": "transit", "mapbox:group": "Transit, built"}, "filter": ["==", ["geometry-type"], "LineString"], "type": "line", "source": "composite", "id": "aeroway-line", "paint": {"line-color": "rgb(255, 255, 255)", "line-width": ["interpolate", ["exponential", 1.5], ["zoom"], 9, ["match", ["get", "type"], "runway", 1, 0.5], 18, ["match", ["get", "type"], "runway", 80, 20]]}, "source-layer": "aeroway"}, {"minzoom": 13, "layout": {"visibility": "none"}, "metadata": {"mapbox:featureComponent": "buildings", "mapbox:group": "Buildings, built"}, "filter": ["all", ["!=", ["get", "type"], "building:part"], ["==", ["get", "underground"], "false"]], "type": "line", "source": "composite", "id": "building-outline", "paint": {"line-color": "rgb(227, 227, 227)", "line-width": ["interpolate", ["exponential", 1.5], ["zoom"], 15, 0.75, 20, 3], "line-opacity": ["interpolate", ["linear"], ["zoom"], 15, 0, 16, 1]}, "source-layer": "building"}, {"minzoom": 13, "layout": {"visibility": "none"}, "metadata": {"mapbox:featureComponent": "buildings", "mapbox:group": "Buildings, built"}, "filter": ["all", ["!=", ["get", "type"], "building:part"], ["==", ["get", "underground"], "false"]], "type": "fill", "source": "composite", "id": "building", "paint": {"fill-color": ["interpolate", ["linear"], ["zoom"], 15, "rgb(242, 242, 242)", 16, "rgb(242, 242, 242)"], "fill-opacity": ["interpolate", ["linear"], ["zoom"], 15, 0, 16, 1], "fill-outline-color": "rgb(227, 227, 227)"}, "source-layer": "building"}, {"minzoom": 13, "layout": {}, "metadata": {"mapbox:featureComponent": "road-network", "mapbox:group": "Road network, tunnels-case"}, "filter": ["all", ["==", ["get", "structure"], "tunnel"], ["step", ["zoom"], ["match", ["get", "class"], ["street", "street_limited", "primary_link", "track"], true, false], 1, ["match", ["get", "class"], ["street", "street_limited", "track", "primary_link", "secondary_link", "tertiary_link", "service"], true, false]], ["==", ["geometry-type"], "LineString"]], "type": "line", "source": "composite", "id": "tunnel-street-minor-low", "paint": {"line-width": ["interpolate", ["exponential", 1.5], ["zoom"], 12, 0.5, 14, ["match", ["get", "class"], ["street", "street_limited", "primary_link"], 2, "track", 1, 0.5], 18, ["match", ["get", "class"], ["street", "street_limited", "primary_link"], 18, 12]], "line-color": "rgb(235, 235, 235)", "line-opacity": ["step", ["zoom"], 1, 14, 0]}, "source-layer": "road"}, {"minzoom": 13, "layout": {}, "metadata": {"mapbox:featureComponent": "road-network", "mapbox:group": "Road network, tunnels-case"}, "filter": ["all", ["==", ["get", "structure"], "tunnel"], ["step", ["zoom"], ["match", ["get", "class"], ["street", "street_limited", "primary_link", "track"], true, false], 1, ["match", ["get", "class"], ["street", "street_limited", "track", "primary_link", "secondary_link", "tertiary_link", "service"], true, false]], ["==", ["geometry-type"], "LineString"]], "type": "line", "source": "composite", "id": "tunnel-street-minor-case", "paint": {"line-width": ["interpolate", ["exponential", 1.5], ["zoom"], 12, 0.75, 20, 2], "line-color": "rgb(255, 255, 255)", "line-gap-width": ["interpolate", ["exponential", 1.5], ["zoom"], 12, 0.5, 14, ["match", ["get", "class"], ["street", "street_limited", "primary_link"], 2, "track", 1, 0.5], 18, ["match", ["get", "class"], ["street", "street_limited", "primary_link"], 18, 12]], "line-opacity": ["step", ["zoom"], 0, 14, 1], "line-dasharray": [3, 3]}, "source-layer": "road"}, {"minzoom": 13, "layout": {}, "metadata": {"mapbox:featureComponent": "road-network", "mapbox:group": "Road network, tunnels-case"}, "filter": ["all", ["==", ["get", "structure"], "tunnel"], ["match", ["get", "class"], ["primary", "secondary", "tertiary"], true, false], ["==", ["geometry-type"], "LineString"]], "type": "line", "source": "composite", "id": "tunnel-primary-secondary-tertiary-case", "paint": {"line-width": ["interpolate", ["exponential", 1.5], ["zoom"], 10, ["match", ["get", "class"], "primary", 1, 0.75], 18, 2], "line-color": "rgb(255, 255, 255)", "line-gap-width": ["interpolate", ["exponential", 1.5], ["zoom"], 5, ["match", ["get", "class"], "primary", 0.75, 0.1], 18, ["match", ["get", "class"], "primary", 32, 26]], "line-dasharray": [3, 3]}, "source-layer": "road"}, {"minzoom": 13, "layout": {}, "metadata": {"mapbox:featureComponent": "road-network", "mapbox:group": "Road network, tunnels-case"}, "filter": ["all", ["==", ["get", "structure"], "tunnel"], ["match", ["get", "class"], ["motorway_link", "trunk_link"], true, false], ["==", ["geometry-type"], "LineString"]], "type": "line", "source": "composite", "id": "tunnel-major-link-case", "paint": {"line-width": ["interpolate", ["exponential", 1.5], ["zoom"], 12, 0.75, 20, 2], "line-color": "rgb(255, 255, 255)", "line-gap-width": ["interpolate", ["exponential", 1.5], ["zoom"], 12, 0.5, 14, 2, 18, 18], "line-dasharray": [3, 3]}, "source-layer": "road"}, {"minzoom": 13, "layout": {}, "metadata": {"mapbox:featureComponent": "road-network", "mapbox:group": "Road network, tunnels-case"}, "filter": ["all", ["==", ["get", "structure"], "tunnel"], ["match", ["get", "class"], ["motorway", "trunk"], true, false], ["==", ["geometry-type"], "LineString"]], "type": "line", "source": "composite", "id": "tunnel-motorway-trunk-case", "paint": {"line-width": ["interpolate", ["exponential", 1.5], ["zoom"], 10, 1, 18, 2], "line-color": "rgb(255, 255, 255)", "line-gap-width": ["interpolate", ["exponential", 1.5], ["zoom"], 5, 0.75, 18, 32], "line-dasharray": [3, 3]}, "source-layer": "road"}, {"minzoom": 13, "layout": {}, "metadata": {"mapbox:featureComponent": "road-network", "mapbox:group": "Road network, tunnels-case"}, "filter": ["all", ["==", ["get", "structure"], "tunnel"], ["==", ["get", "class"], "construction"], ["==", ["geometry-type"], "LineString"]], "type": "line", "source": "composite", "id": "tunnel-construction", "paint": {"line-width": ["interpolate", ["exponential", 1.5], ["zoom"], 14, 2, 18, 18], "line-color": "rgb(235, 235, 235)", "line-dasharray": ["step", ["zoom"], ["literal", [0.4, 0.8]], 15, ["literal", [0.3, 0.6]], 16, ["literal", [0.2, 0.3]], 17, ["literal", [0.2, 0.25]], 18, ["literal", [0.15, 0.15]]]}, "source-layer": "road"}, {"minzoom": 13, "layout": {}, "metadata": {"mapbox:featureComponent": "road-network", "mapbox:group": "Road network, tunnels"}, "filter": ["all", ["==", ["get", "structure"], "tunnel"], ["match", ["get", "class"], ["motorway_link", "trunk_link"], true, false], ["==", ["geometry-type"], "LineString"]], "type": "line", "source": "composite", "id": "tunnel-major-link", "paint": {"line-width": ["interpolate", ["exponential", 1.5], ["zoom"], 12, 0.5, 14, 2, 18, 18], "line-color": "rgb(235, 235, 235)"}, "source-layer": "road"}, {"minzoom": 13, "layout": {}, "metadata": {"mapbox:featureComponent": "road-network", "mapbox:group": "Road network, tunnels"}, "filter": ["all", ["==", ["get", "structure"], "tunnel"], ["step", ["zoom"], ["match", ["get", "class"], ["street", "street_limited", "primary_link", "track"], true, false], 1, ["match", ["get", "class"], ["street", "street_limited", "track", "primary_link", "secondary_link", "tertiary_link", "service"], true, false]], ["==", ["geometry-type"], "LineString"]], "type": "line", "source": "composite", "id": "tunnel-street-minor", "paint": {"line-width": ["interpolate", ["exponential", 1.5], ["zoom"], 12, 0.5, 14, ["match", ["get", "class"], ["street", "street_limited", "primary_link"], 2, "track", 1, 0.5], 18, ["match", ["get", "class"], ["street", "street_limited", "primary_link"], 18, 12]], "line-color": "rgb(235, 235, 235)", "line-opacity": ["step", ["zoom"], 0, 14, 1]}, "source-layer": "road"}, {"minzoom": 13, "layout": {}, "metadata": {"mapbox:featureComponent": "road-network", "mapbox:group": "Road network, tunnels"}, "filter": ["all", ["==", ["get", "structure"], "tunnel"], ["match", ["get", "class"], ["primary", "secondary", "tertiary"], true, false], ["==", ["geometry-type"], "LineString"]], "type": "line", "source": "composite", "id": "tunnel-primary-secondary-tertiary", "paint": {"line-width": ["interpolate", ["exponential", 1.5], ["zoom"], 5, ["match", ["get", "class"], "primary", 0.75, 0.1], 18, ["match", ["get", "class"], "primary", 32, 26]], "line-color": "rgb(235, 235, 235)"}, "source-layer": "road"}, {"minzoom": 13, "layout": {}, "metadata": {"mapbox:featureComponent": "road-network", "mapbox:group": "Road network, tunnels"}, "filter": ["all", ["==", ["get", "structure"], "tunnel"], ["match", ["get", "class"], ["motorway", "trunk"], true, false], ["==", ["geometry-type"], "LineString"]], "type": "line", "source": "composite", "id": "tunnel-motorway-trunk", "paint": {"line-width": ["interpolate", ["exponential", 1.5], ["zoom"], 5, 0.75, 18, 32], "line-color": "rgb(235, 235, 235)"}, "source-layer": "road"}, {"minzoom": 13, "layout": {"icon-image": "turning-circle-outline", "icon-size": ["interpolate", ["exponential", 1.5], ["zoom"], 14, 0.122, 18, 0.969, 20, 1], "icon-allow-overlap": true, "icon-ignore-placement": true, "icon-padding": 0, "icon-rotation-alignment": "map", "visibility": "none"}, "metadata": {"mapbox:featureComponent": "road-network", "mapbox:group": "Road network, surface"}, "filter": ["all", ["==", ["geometry-type"], "Point"], ["match", ["get", "class"], ["turning_circle", "turning_loop"], true, false]], "type": "symbol", "source": "composite", "id": "turning-feature-outline", "paint": {}, "source-layer": "road"}, {"minzoom": 13, "layout": {"line-cap": ["step", ["zoom"], "butt", 14, "round"], "line-join": ["step", ["zoom"], "miter", 14, "round"]}, "metadata": {"mapbox:featureComponent": "road-network", "mapbox:group": "Road network, surface"}, "filter": ["all", ["step", ["zoom"], ["==", ["get", "class"], "track"], 1, ["match", ["get", "class"], ["track", "secondary_link", "tertiary_link", "service"], true, false]], ["match", ["get", "structure"], ["none", "ford"], true, false], ["==", ["geometry-type"], "LineString"]], "type": "line", "source": "composite", "id": "road-minor-low", "paint": {"line-width": ["interpolate", ["exponential", 1.5], ["zoom"], 14, ["match", ["get", "class"], "track", 1, 0.5], 18, 12], "line-color": "rgb(255, 255, 255)", "line-opacity": ["step", ["zoom"], 1, 14, 0]}, "source-layer": "road"}, {"minzoom": 13, "layout": {"line-cap": ["step", ["zoom"], "butt", 14, "round"], "line-join": ["step", ["zoom"], "miter", 14, "round"]}, "metadata": {"mapbox:featureComponent": "road-network", "mapbox:group": "Road network, surface"}, "filter": ["all", ["step", ["zoom"], ["==", ["get", "class"], "track"], 1, ["match", ["get", "class"], ["track", "secondary_link", "tertiary_link", "service"], true, false]], ["match", ["get", "structure"], ["none", "ford"], true, false], ["==", ["geometry-type"], "LineString"]], "type": "line", "source": "composite", "id": "road-minor-case", "paint": {"line-width": ["interpolate", ["exponential", 1.5], ["zoom"], 12, 0.75, 20, 2], "line-color": "rgb(242, 242, 242)", "line-gap-width": ["interpolate", ["exponential", 1.5], ["zoom"], 14, ["match", ["get", "class"], "track", 1, 0.5], 18, 12], "line-opacity": ["step", ["zoom"], 0, 14, 1]}, "source-layer": "road"}, {"minzoom": 11, "layout": {"line-cap": ["step", ["zoom"], "butt", 14, "round"], "line-join": ["step", ["zoom"], "miter", 14, "round"]}, "metadata": {"mapbox:featureComponent": "road-network", "mapbox:group": "Road network, surface"}, "filter": ["all", ["match", ["get", "class"], ["street", "street_limited", "primary_link"], true, false], ["match", ["get", "structure"], ["none", "ford"], true, false], ["==", ["geometry-type"], "LineString"]], "type": "line", "source": "composite", "id": "road-street-low", "paint": {"line-width": ["interpolate", ["exponential", 1.5], ["zoom"], 12, 0.5, 14, 2, 18, 18], "line-color": "rgb(255, 255, 255)", "line-opacity": ["step", ["zoom"], 1, 14, 0]}, "source-layer": "road"}, {"minzoom": 11, "layout": {"line-cap": ["step", ["zoom"], "butt", 14, "round"], "line-join": ["step", ["zoom"], "miter", 14, "round"]}, "metadata": {"mapbox:featureComponent": "road-network", "mapbox:group": "Road network, surface"}, "filter": ["all", ["match", ["get", "class"], ["street", "street_limited", "primary_link"], true, false], ["match", ["get", "structure"], ["none", "ford"], true, false], ["==", ["geometry-type"], "LineString"]], "type": "line", "source": "composite", "id": "road-street-case", "paint": {"line-width": ["interpolate", ["exponential", 1.5], ["zoom"], 12, 0.75, 20, 2], "line-color": "rgb(242, 242, 242)", "line-gap-width": ["interpolate", ["exponential", 1.5], ["zoom"], 12, 0.5, 14, 2, 18, 18], "line-opacity": ["step", ["zoom"], 0, 14, 1]}, "source-layer": "road"}, {"minzoom": 8, "layout": {"line-cap": ["step", ["zoom"], "butt", 14, "round"], "line-join": ["step", ["zoom"], "miter", 14, "round"]}, "metadata": {"mapbox:featureComponent": "road-network", "mapbox:group": "Road network, surface"}, "filter": ["all", ["match", ["get", "class"], ["secondary", "tertiary"], true, false], ["match", ["get", "structure"], ["none", "ford"], true, false], ["==", ["geometry-type"], "LineString"]], "type": "line", "source": "composite", "id": "road-secondary-tertiary-case", "paint": {"line-width": ["interpolate", ["exponential", 1.5], ["zoom"], 10, 0.75, 18, 2], "line-color": "rgb(242, 242, 242)", "line-gap-width": ["interpolate", ["exponential", 1.5], ["zoom"], 5, 0.1, 18, 26], "line-opacity": ["step", ["zoom"], 0, 10, 1]}, "source-layer": "road"}, {"minzoom": 7, "layout": {"line-cap": ["step", ["zoom"], "butt", 14, "round"], "line-join": ["step", ["zoom"], "miter", 14, "round"]}, "metadata": {"mapbox:featureComponent": "road-network", "mapbox:group": "Road network, surface"}, "filter": ["all", ["==", ["get", "class"], "primary"], ["match", ["get", "structure"], ["none", "ford"], true, false], ["==", ["geometry-type"], "LineString"]], "type": "line", "source": "composite", "id": "road-primary-case", "paint": {"line-width": ["interpolate", ["exponential", 1.5], ["zoom"], 10, 1, 18, 2], "line-color": "rgb(242, 242, 242)", "line-gap-width": ["interpolate", ["exponential", 1.5], ["zoom"], 5, 0.75, 18, 32], "line-opacity": ["step", ["zoom"], 0, 10, 1]}, "source-layer": "road"}, {"minzoom": 10, "layout": {"line-cap": ["step", ["zoom"], "butt", 14, "round"], "line-join": ["step", ["zoom"], "miter", 14, "round"]}, "metadata": {"mapbox:featureComponent": "road-network", "mapbox:group": "Road network, surface"}, "filter": ["all", ["match", ["get", "class"], ["motorway_link", "trunk_link"], true, false], ["match", ["get", "structure"], ["none", "ford"], true, false], ["==", ["geometry-type"], "LineString"]], "type": "line", "source": "composite", "id": "road-major-link-case", "paint": {"line-width": ["interpolate", ["exponential", 1.5], ["zoom"], 12, 0.75, 20, 2], "line-color": "rgb(242, 242, 242)", "line-gap-width": ["interpolate", ["exponential", 1.5], ["zoom"], 12, 0.5, 14, 2, 18, 18], "line-opacity": ["step", ["zoom"], 0, 11, 1]}, "source-layer": "road"}, {"minzoom": 5, "layout": {"line-cap": ["step", ["zoom"], "butt", 14, "round"], "line-join": ["step", ["zoom"], "miter", 14, "round"]}, "metadata": {"mapbox:featureComponent": "road-network", "mapbox:group": "Road network, surface"}, "filter": ["all", ["match", ["get", "class"], ["motorway", "trunk"], true, false], ["match", ["get", "structure"], ["none", "ford"], true, false], ["==", ["geometry-type"], "LineString"]], "type": "line", "source": "composite", "id": "road-motorway-trunk-case", "paint": {"line-width": ["interpolate", ["exponential", 1.5], ["zoom"], 10, 1, 18, 2], "line-color": "rgb(242, 242, 242)", "line-gap-width": ["interpolate", ["exponential", 1.5], ["zoom"], 5, 0.75, 18, 32], "line-opacity": ["step", ["zoom"], ["match", ["get", "class"], "motorway", 1, 0], 6, 1]}, "source-layer": "road"}, {"minzoom": 13, "layout": {}, "metadata": {"mapbox:featureComponent": "road-network", "mapbox:group": "Road network, surface"}, "filter": ["all", ["==", ["get", "class"], "construction"], ["match", ["get", "structure"], ["none", "ford"], true, false], ["==", ["geometry-type"], "LineString"]], "type": "line", "source": "composite", "id": "road-construction", "paint": {"line-width": ["interpolate", ["exponential", 1.5], ["zoom"], 14, 2, 18, 18], "line-color": "rgb(255, 255, 255)", "line-dasharray": ["step", ["zoom"], ["literal", [0.4, 0.8]], 15, ["literal", [0.3, 0.6]], 16, ["literal", [0.2, 0.3]], 17, ["literal", [0.2, 0.25]], 18, ["literal", [0.15, 0.15]]]}, "source-layer": "road"}, {"minzoom": 10, "layout": {"line-cap": ["step", ["zoom"], "butt", 13, "round"], "line-join": ["step", ["zoom"], "miter", 13, "round"]}, "metadata": {"mapbox:featureComponent": "road-network", "mapbox:group": "Road network, surface"}, "filter": ["all", ["match", ["get", "class"], ["motorway_link", "trunk_link"], true, false], ["match", ["get", "structure"], ["none", "ford"], true, false], ["==", ["geometry-type"], "LineString"]], "type": "line", "source": "composite", "id": "road-major-link", "paint": {"line-width": ["interpolate", ["exponential", 1.5], ["zoom"], 12, 0.5, 14, 2, 18, 18], "line-color": "rgb(255, 255, 255)"}, "source-layer": "road"}, {"minzoom": 13, "layout": {"line-cap": ["step", ["zoom"], "butt", 14, "round"], "line-join": ["step", ["zoom"], "miter", 14, "round"]}, "metadata": {"mapbox:featureComponent": "road-network", "mapbox:group": "Road network, surface"}, "filter": ["all", ["step", ["zoom"], ["==", ["get", "class"], "track"], 1, ["match", ["get", "class"], ["track", "secondary_link", "tertiary_link", "service"], true, false]], ["match", ["get", "structure"], ["none", "ford"], true, false], ["==", ["geometry-type"], "LineString"]], "type": "line", "source": "composite", "id": "road-minor", "paint": {"line-width": ["interpolate", ["exponential", 1.5], ["zoom"], 14, ["match", ["get", "class"], "track", 1, 0.5], 18, 12], "line-color": "rgb(255, 255, 255)", "line-opacity": ["step", ["zoom"], 0, 14, 1]}, "source-layer": "road"}, {"minzoom": 11, "layout": {"line-cap": ["step", ["zoom"], "butt", 14, "round"], "line-join": ["step", ["zoom"], "miter", 14, "round"]}, "metadata": {"mapbox:featureComponent": "road-network", "mapbox:group": "Road network, surface"}, "filter": ["all", ["match", ["get", "class"], ["street", "street_limited", "primary_link"], true, false], ["match", ["get", "structure"], ["none", "ford"], true, false], ["==", ["geometry-type"], "LineString"]], "type": "line", "source": "composite", "id": "road-street", "paint": {"line-width": ["interpolate", ["exponential", 1.5], ["zoom"], 12, 0.5, 14, 2, 18, 18], "line-color": "rgb(255, 255, 255)", "line-opacity": ["step", ["zoom"], 0, 14, 1]}, "source-layer": "road"}, {"minzoom": 8, "layout": {"line-cap": ["step", ["zoom"], "butt", 14, "round"], "line-join": ["step", ["zoom"], "miter", 14, "round"]}, "metadata": {"mapbox:featureComponent": "road-network", "mapbox:group": "Road network, surface"}, "filter": ["all", ["match", ["get", "class"], ["secondary", "tertiary"], true, false], ["match", ["get", "structure"], ["none", "ford"], true, false], ["==", ["geometry-type"], "LineString"]], "type": "line", "source": "composite", "id": "road-secondary-tertiary", "paint": {"line-width": ["interpolate", ["exponential", 1.5], ["zoom"], 5, 0.1, 18, 26], "line-color": "rgb(255, 255, 255)"}, "source-layer": "road"}, {"minzoom": 6, "layout": {"line-cap": ["step", ["zoom"], "butt", 14, "round"], "line-join": ["step", ["zoom"], "miter", 14, "round"]}, "metadata": {"mapbox:featureComponent": "road-network", "mapbox:group": "Road network, surface"}, "filter": ["all", ["==", ["get", "class"], "primary"], ["match", ["get", "structure"], ["none", "ford"], true, false], ["==", ["geometry-type"], "LineString"]], "type": "line", "source": "composite", "id": "road-primary", "paint": {"line-width": ["interpolate", ["exponential", 1.5], ["zoom"], 5, 0.75, 18, 32], "line-color": "rgb(255, 255, 255)"}, "source-layer": "road"}, {"id": "road-motorway-trunk", "type": "line", "source": "composite", "source-layer": "road", "filter": ["all", ["match", ["get", "class"], ["motorway", "trunk"], true, false], ["match", ["get", "structure"], ["none", "ford"], true, false], ["==", ["geometry-type"], "LineString"]], "layout": {"line-cap": ["step", ["zoom"], "butt", 13, "round"], "line-join": ["step", ["zoom"], "miter", 13, "round"]}, "paint": {"line-width": ["interpolate", ["exponential", 1.5], ["zoom"], 5, 0.75, 18, 32], "line-color": "rgb(255, 255, 255)"}, "metadata": {"mapbox:featureComponent": "road-network", "mapbox:group": "Road network, surface"}}, {"minzoom": 13, "layout": {"line-join": "round", "visibility": "none"}, "metadata": {"mapbox:featureComponent": "transit", "mapbox:group": "Transit, surface"}, "filter": ["all", ["match", ["get", "class"], ["major_rail", "minor_rail"], true, false], ["match", ["get", "structure"], ["none", "ford"], true, false]], "type": "line", "source": "composite", "id": "road-rail", "paint": {"line-color": ["interpolate", ["linear"], ["zoom"], 13, "rgb(242, 242, 242)", 17, "rgb(227, 227, 227)"], "line-width": ["interpolate", ["exponential", 1.5], ["zoom"], 14, 0.5, 20, 1]}, "source-layer": "road"}, {"minzoom": 13, "layout": {"icon-image": "turning-circle", "icon-size": ["interpolate", ["exponential", 1.5], ["zoom"], 14, 0.095, 18, 1], "icon-allow-overlap": true, "icon-ignore-placement": true, "icon-padding": 0, "icon-rotation-alignment": "map", "visibility": "none"}, "metadata": {"mapbox:featureComponent": "road-network", "mapbox:group": "Road network, surface-icons"}, "filter": ["all", ["==", ["geometry-type"], "Point"], ["match", ["get", "class"], ["turning_circle", "turning_loop"], true, false]], "type": "symbol", "source": "composite", "id": "turning-feature", "paint": {}, "source-layer": "road"}, {"minzoom": 13, "layout": {"line-cap": ["step", ["zoom"], "butt", 14, "round"], "line-join": ["step", ["zoom"], "miter", 14, "round"]}, "metadata": {"mapbox:featureComponent": "road-network", "mapbox:group": "Road network, bridges"}, "filter": ["all", ["==", ["get", "structure"], "bridge"], ["step", ["zoom"], ["match", ["get", "class"], ["street", "street_limited", "primary_link", "track"], true, false], 1, ["match", ["get", "class"], ["street", "street_limited", "track", "primary_link", "secondary_link", "tertiary_link", "service"], true, false]], ["==", ["geometry-type"], "LineString"]], "type": "line", "source": "composite", "id": "bridge-street-minor-low", "paint": {"line-width": ["interpolate", ["exponential", 1.5], ["zoom"], 12, 0.5, 14, ["match", ["get", "class"], ["street", "street_limited", "primary_link"], 2, "track", 1, 0.5], 18, ["match", ["get", "class"], ["street", "street_limited", "primary_link"], 18, 12]], "line-color": "rgb(255, 255, 255)", "line-opacity": ["step", ["zoom"], 1, 14, 0]}, "source-layer": "road"}, {"minzoom": 13, "layout": {"line-join": "round"}, "metadata": {"mapbox:featureComponent": "road-network", "mapbox:group": "Road network, bridges"}, "filter": ["all", ["==", ["get", "structure"], "bridge"], ["step", ["zoom"], ["match", ["get", "class"], ["street", "street_limited", "primary_link", "track"], true, false], 1, ["match", ["get", "class"], ["street", "street_limited", "track", "primary_link", "secondary_link", "tertiary_link", "service"], true, false]], ["==", ["geometry-type"], "LineString"]], "type": "line", "source": "composite", "id": "bridge-street-minor-case", "paint": {"line-width": ["interpolate", ["exponential", 1.5], ["zoom"], 12, 0.75, 20, 2], "line-color": "rgb(242, 242, 242)", "line-gap-width": ["interpolate", ["exponential", 1.5], ["zoom"], 12, 0.5, 14, ["match", ["get", "class"], ["street", "street_limited", "primary_link"], 2, "track", 1, 0.5], 18, ["match", ["get", "class"], ["street", "street_limited", "primary_link"], 18, 12]], "line-opacity": ["step", ["zoom"], 0, 14, 1]}, "source-layer": "road"}, {"minzoom": 13, "layout": {"line-join": "round"}, "metadata": {"mapbox:featureComponent": "road-network", "mapbox:group": "Road network, bridges"}, "filter": ["all", ["==", ["get", "structure"], "bridge"], ["match", ["get", "class"], ["primary", "secondary", "tertiary"], true, false], ["==", ["geometry-type"], "LineString"]], "type": "line", "source": "composite", "id": "bridge-primary-secondary-tertiary-case", "paint": {"line-width": ["interpolate", ["exponential", 1.5], ["zoom"], 10, ["match", ["get", "class"], "primary", 1, 0.75], 18, 2], "line-color": "rgb(242, 242, 242)", "line-gap-width": ["interpolate", ["exponential", 1.5], ["zoom"], 5, ["match", ["get", "class"], "primary", 0.75, 0.1], 18, ["match", ["get", "class"], "primary", 32, 26]], "line-opacity": ["step", ["zoom"], 0, 10, 1]}, "source-layer": "road"}, {"minzoom": 13, "layout": {"line-join": "round"}, "metadata": {"mapbox:featureComponent": "road-network", "mapbox:group": "Road network, bridges"}, "filter": ["all", ["==", ["get", "structure"], "bridge"], ["match", ["get", "class"], ["motorway_link", "trunk_link"], true, false], ["<=", ["get", "layer"], 1], ["==", ["geometry-type"], "LineString"]], "type": "line", "source": "composite", "id": "bridge-major-link-case", "paint": {"line-width": ["interpolate", ["exponential", 1.5], ["zoom"], 12, 0.75, 20, 2], "line-color": "rgb(242, 242, 242)", "line-gap-width": ["interpolate", ["exponential", 1.5], ["zoom"], 12, 0.5, 14, 2, 18, 18]}, "source-layer": "road"}, {"minzoom": 13, "layout": {"line-join": "round"}, "metadata": {"mapbox:featureComponent": "road-network", "mapbox:group": "Road network, bridges"}, "filter": ["all", ["==", ["get", "structure"], "bridge"], ["match", ["get", "class"], ["motorway", "trunk"], true, false], ["<=", ["get", "layer"], 1], ["==", ["geometry-type"], "LineString"]], "type": "line", "source": "composite", "id": "bridge-motorway-trunk-case", "paint": {"line-width": ["interpolate", ["exponential", 1.5], ["zoom"], 10, 1, 18, 2], "line-color": "rgb(242, 242, 242)", "line-gap-width": ["interpolate", ["exponential", 1.5], ["zoom"], 5, 0.75, 18, 32]}, "source-layer": "road"}, {"minzoom": 13, "layout": {}, "metadata": {"mapbox:featureComponent": "road-network", "mapbox:group": "Road network, bridges"}, "filter": ["all", ["==", ["get", "structure"], "bridge"], ["==", ["get", "class"], "construction"], ["==", ["geometry-type"], "LineString"]], "type": "line", "source": "composite", "id": "bridge-construction", "paint": {"line-width": ["interpolate", ["exponential", 1.5], ["zoom"], 14, 2, 18, 18], "line-color": "rgb(255, 255, 255)", "line-dasharray": ["step", ["zoom"], ["literal", [0.4, 0.8]], 15, ["literal", [0.3, 0.6]], 16, ["literal", [0.2, 0.3]], 17, ["literal", [0.2, 0.25]], 18, ["literal", [0.15, 0.15]]]}, "source-layer": "road"}, {"minzoom": 13, "layout": {"line-cap": "round", "line-join": "round"}, "metadata": {"mapbox:featureComponent": "road-network", "mapbox:group": "Road network, bridges"}, "filter": ["all", ["==", ["get", "structure"], "bridge"], ["match", ["get", "class"], ["motorway_link", "trunk_link"], true, false], ["<=", ["get", "layer"], 1], ["==", ["geometry-type"], "LineString"]], "type": "line", "source": "composite", "id": "bridge-major-link", "paint": {"line-width": ["interpolate", ["exponential", 1.5], ["zoom"], 12, 0.5, 14, 2, 18, 18], "line-color": "rgb(255, 255, 255)"}, "source-layer": "road"}, {"minzoom": 13, "layout": {"line-cap": ["step", ["zoom"], "butt", 14, "round"], "line-join": ["step", ["zoom"], "miter", 14, "round"]}, "metadata": {"mapbox:featureComponent": "road-network", "mapbox:group": "Road network, bridges"}, "filter": ["all", ["==", ["get", "structure"], "bridge"], ["step", ["zoom"], ["match", ["get", "class"], ["street", "street_limited", "primary_link", "track"], true, false], 1, ["match", ["get", "class"], ["street", "street_limited", "track", "primary_link", "secondary_link", "tertiary_link", "service"], true, false]], ["==", ["geometry-type"], "LineString"]], "type": "line", "source": "composite", "id": "bridge-street-minor", "paint": {"line-width": ["interpolate", ["exponential", 1.5], ["zoom"], 12, 0.5, 14, ["match", ["get", "class"], ["street", "street_limited", "primary_link"], 2, "track", 1, 0.5], 18, ["match", ["get", "class"], ["street", "street_limited", "primary_link"], 18, 12]], "line-color": "rgb(255, 255, 255)", "line-opacity": ["step", ["zoom"], 0, 14, 1]}, "source-layer": "road"}, {"minzoom": 13, "layout": {"line-cap": ["step", ["zoom"], "butt", 14, "round"], "line-join": ["step", ["zoom"], "miter", 14, "round"]}, "metadata": {"mapbox:featureComponent": "road-network", "mapbox:group": "Road network, bridges"}, "filter": ["all", ["==", ["get", "structure"], "bridge"], ["match", ["get", "class"], ["primary", "secondary", "tertiary"], true, false], ["==", ["geometry-type"], "LineString"]], "type": "line", "source": "composite", "id": "bridge-primary-secondary-tertiary", "paint": {"line-width": ["interpolate", ["exponential", 1.5], ["zoom"], 5, ["match", ["get", "class"], "primary", 0.75, 0.1], 18, ["match", ["get", "class"], "primary", 32, 26]], "line-color": "rgb(255, 255, 255)"}, "source-layer": "road"}, {"minzoom": 13, "layout": {"line-cap": "round", "line-join": "round"}, "metadata": {"mapbox:featureComponent": "road-network", "mapbox:group": "Road network, bridges"}, "filter": ["all", ["==", ["get", "structure"], "bridge"], ["match", ["get", "class"], ["motorway", "trunk"], true, false], ["<=", ["get", "layer"], 1], ["==", ["geometry-type"], "LineString"]], "type": "line", "source": "composite", "id": "bridge-motorway-trunk", "paint": {"line-width": ["interpolate", ["exponential", 1.5], ["zoom"], 5, 0.75, 18, 32], "line-color": "rgb(255, 255, 255)"}, "source-layer": "road"}, {"minzoom": 13, "layout": {"line-join": "round"}, "metadata": {"mapbox:featureComponent": "road-network", "mapbox:group": "Road network, bridges"}, "filter": ["all", ["==", ["get", "structure"], "bridge"], [">=", ["get", "layer"], 2], ["match", ["get", "class"], ["motorway_link", "trunk_link"], true, false], ["==", ["geometry-type"], "LineString"]], "type": "line", "source": "composite", "id": "bridge-major-link-2-case", "paint": {"line-width": ["interpolate", ["exponential", 1.5], ["zoom"], 12, 0.75, 20, 2], "line-color": "rgb(242, 242, 242)", "line-gap-width": ["interpolate", ["exponential", 1.5], ["zoom"], 12, 0.5, 14, 2, 18, 18]}, "source-layer": "road"}, {"minzoom": 13, "layout": {"line-join": "round"}, "metadata": {"mapbox:featureComponent": "road-network", "mapbox:group": "Road network, bridges"}, "filter": ["all", ["==", ["get", "structure"], "bridge"], [">=", ["get", "layer"], 2], ["match", ["get", "class"], ["motorway", "trunk"], true, false], ["==", ["geometry-type"], "LineString"]], "type": "line", "source": "composite", "id": "bridge-motorway-trunk-2-case", "paint": {"line-width": ["interpolate", ["exponential", 1.5], ["zoom"], 10, 1, 18, 2], "line-color": "rgb(242, 242, 242)", "line-gap-width": ["interpolate", ["exponential", 1.5], ["zoom"], 5, 0.75, 18, 32]}, "source-layer": "road"}, {"minzoom": 13, "layout": {"line-cap": "round", "line-join": "round"}, "metadata": {"mapbox:featureComponent": "road-network", "mapbox:group": "Road network, bridges"}, "filter": ["all", ["==", ["get", "structure"], "bridge"], [">=", ["get", "layer"], 2], ["match", ["get", "class"], ["motorway_link", "trunk_link"], true, false], ["==", ["geometry-type"], "LineString"]], "type": "line", "source": "composite", "id": "bridge-major-link-2", "paint": {"line-width": ["interpolate", ["exponential", 1.5], ["zoom"], 12, 0.5, 14, 2, 18, 18], "line-color": "rgb(255, 255, 255)"}, "source-layer": "road"}, {"minzoom": 13, "layout": {"line-cap": ["step", ["zoom"], "butt", 14, "round"], "line-join": ["step", ["zoom"], "miter", 14, "round"]}, "metadata": {"mapbox:featureComponent": "road-network", "mapbox:group": "Road network, bridges"}, "filter": ["all", ["==", ["get", "structure"], "bridge"], [">=", ["get", "layer"], 2], ["match", ["get", "class"], ["motorway", "trunk"], true, false], ["==", ["geometry-type"], "LineString"]], "type": "line", "source": "composite", "id": "bridge-motorway-trunk-2", "paint": {"line-width": ["interpolate", ["exponential", 1.5], ["zoom"], 5, 0.75, 18, 32], "line-color": "rgb(255, 255, 255)"}, "source-layer": "road"}, {"minzoom": 13, "layout": {"line-join": "round", "visibility": "none"}, "metadata": {"mapbox:featureComponent": "transit", "mapbox:group": "Transit, bridges"}, "filter": ["all", ["==", ["get", "structure"], "bridge"], ["match", ["get", "class"], ["major_rail", "minor_rail"], true, false]], "type": "line", "source": "composite", "id": "bridge-rail", "paint": {"line-color": "rgb(227, 227, 227)", "line-width": ["interpolate", ["exponential", 1.5], ["zoom"], 14, 0.5, 20, 1]}, "source-layer": "road"}, {"minzoom": 7, "layout": {"line-join": "bevel", "visibility": "none"}, "metadata": {"mapbox:featureComponent": "admin-boundaries", "mapbox:group": "Administrative boundaries, admin"}, "filter": ["all", ["==", ["get", "admin_level"], 1], ["==", ["get", "maritime"], "false"], ["match", ["get", "worldview"], ["all", "US"], true, false]], "type": "line", "source": "composite", "id": "admin-1-boundary-bg", "paint": {"line-color": ["interpolate", ["linear"], ["zoom"], 8, "rgb(227, 227, 227)", 16, "rgb(227, 227, 227)"], "line-width": ["interpolate", ["linear"], ["zoom"], 7, 3.75, 12, 5.5], "line-opacity": ["interpolate", ["linear"], ["zoom"], 7, 0, 8, 0.75], "line-dasharray": [1, 0], "line-blur": ["interpolate", ["linear"], ["zoom"], 3, 0, 8, 3]}, "source-layer": "admin"}, {"minzoom": 1, "layout": {"visibility": "none"}, "metadata": {"mapbox:featureComponent": "admin-boundaries", "mapbox:group": "Administrative boundaries, admin"}, "filter": ["all", ["==", ["get", "admin_level"], 0], ["==", ["get", "maritime"], "false"], ["match", ["get", "worldview"], ["all", "US"], true, false]], "type": "line", "source": "composite", "id": "admin-0-boundary-bg", "paint": {"line-width": ["interpolate", ["linear"], ["zoom"], 3, 3.5, 10, 8], "line-color": "rgb(227, 227, 227)", "line-opacity": ["interpolate", ["linear"], ["zoom"], 3, 0, 4, 0.5], "line-blur": ["interpolate", ["linear"], ["zoom"], 3, 0, 10, 2]}, "source-layer": "admin"}, {"minzoom": 2, "layout": {"line-join": "round", "line-cap": "round", "visibility": "none"}, "metadata": {"mapbox:featureComponent": "admin-boundaries", "mapbox:group": "Administrative boundaries, admin"}, "filter": ["all", ["==", ["get", "admin_level"], 1], ["==", ["get", "maritime"], "false"], ["match", ["get", "worldview"], ["all", "US"], true, false]], "type": "line", "source": "composite", "id": "admin-1-boundary", "paint": {"line-dasharray": ["step", ["zoom"], ["literal", [2, 0]], 7, ["literal", [2, 2, 6, 2]]], "line-width": ["interpolate", ["linear"], ["zoom"], 7, 0.75, 12, 1.5], "line-opacity": ["interpolate", ["linear"], ["zoom"], 2, 0, 3, 1], "line-color": ["interpolate", ["linear"], ["zoom"], 3, "rgb(224, 224, 224)", 7, "rgb(184, 184, 184)"]}, "source-layer": "admin"}, {"minzoom": 1, "layout": {"line-join": "round", "line-cap": "round", "visibility": "none"}, "metadata": {"mapbox:featureComponent": "admin-boundaries", "mapbox:group": "Administrative boundaries, admin"}, "filter": ["all", ["==", ["get", "admin_level"], 0], ["==", ["get", "disputed"], "false"], ["==", ["get", "maritime"], "false"], ["match", ["get", "worldview"], ["all", "US"], true, false]], "type": "line", "source": "composite", "id": "admin-0-boundary", "paint": {"line-color": "rgb(184, 184, 184)", "line-width": ["interpolate", ["linear"], ["zoom"], 3, 0.5, 10, 2], "line-dasharray": [10, 0]}, "source-layer": "admin"}, {"minzoom": 1, "layout": {"line-join": "round", "visibility": "none"}, "metadata": {"mapbox:featureComponent": "admin-boundaries", "mapbox:group": "Administrative boundaries, admin"}, "filter": ["all", ["==", ["get", "disputed"], "true"], ["==", ["get", "admin_level"], 0], ["==", ["get", "maritime"], "false"], ["match", ["get", "worldview"], ["all", "US"], true, false]], "type": "line", "source": "composite", "id": "admin-0-boundary-disputed", "paint": {"line-color": "rgb(184, 184, 184)", "line-width": ["interpolate", ["linear"], ["zoom"], 3, 0.5, 10, 2], "line-dasharray": ["step", ["zoom"], ["literal", [3.25, 3.25]], 6, ["literal", [2.5, 2.5]], 7, ["literal", [2, 2.25]], 8, ["literal", [1.75, 2]]]}, "source-layer": "admin"}, {"minzoom": 10, "layout": {"text-size": ["interpolate", ["linear"], ["zoom"], 10, ["match", ["get", "class"], ["motorway", "trunk", "primary", "secondary", "tertiary"], 10, ["motorway_link", "trunk_link", "primary_link", "secondary_link", "tertiary_link", "street", "street_limited"], 9, 6.5], 18, ["match", ["get", "class"], ["motorway", "trunk", "primary", "secondary", "tertiary"], 16, ["motorway_link", "trunk_link", "primary_link", "secondary_link", "tertiary_link", "street", "street_limited"], 14, 13]], "text-max-angle": 30, "text-font": ["DIN Pro Regular", "Arial Unicode MS Regular"], "symbol-placement": "line", "text-padding": 1, "visibility": "none", "text-rotation-alignment": "map", "text-pitch-alignment": "viewport", "text-field": ["coalesce", ["get", "name_en"], ["get", "name"]], "text-letter-spacing": 0.01}, "metadata": {"mapbox:featureComponent": "road-network", "mapbox:group": "Road network, road-labels"}, "filter": ["step", ["zoom"], ["match", ["get", "class"], ["motorway", "trunk", "primary", "secondary", "tertiary"], true, false], 1, ["match", ["get", "class"], ["motorway", "trunk", "primary", "secondary", "tertiary", "street", "street_limited"], true, false], 2, ["match", ["get", "class"], ["path", "pedestrian", "golf", "ferry", "aerialway"], false, true]], "type": "symbol", "source": "composite", "id": "road-label", "paint": {"text-color": "rgb(128, 128, 128)", "text-halo-color": "rgb(255, 255, 255)", "text-halo-width": 1, "text-halo-blur": 1}, "source-layer": "road"}, {"minzoom": 13, "layout": {"text-field": ["coalesce", ["get", "name_en"], ["get", "name"]], "icon-image": "intersection", "icon-text-fit": "both", "icon-text-fit-padding": [1, 2, 1, 2], "text-size": ["interpolate", ["exponential", 1.2], ["zoom"], 15, 9, 18, 12], "text-font": ["DIN Pro Bold", "Arial Unicode MS Bold"], "visibility": "none"}, "metadata": {"mapbox:featureComponent": "road-network", "mapbox:group": "Road network, road-labels"}, "filter": ["all", ["==", ["get", "class"], "intersection"], ["has", "name"]], "type": "symbol", "source": "composite", "id": "road-intersection", "paint": {"text-color": "rgb(153, 153, 153)"}, "source-layer": "road"}, {"minzoom": 13, "layout": {"text-font": ["DIN Pro Italic", "Arial Unicode MS Regular"], "text-max-angle": 30, "symbol-spacing": ["interpolate", ["linear", 1], ["zoom"], 15, 250, 17, 400], "text-size": ["interpolate", ["linear"], ["zoom"], 13, 12, 18, 16], "symbol-placement": "line", "text-pitch-alignment": "viewport", "text-field": ["coalesce", ["get", "name_en"], ["get", "name"]], "visibility": "none"}, "metadata": {"mapbox:featureComponent": "natural-features", "mapbox:group": "Natural features, natural-labels"}, "filter": ["all", ["match", ["get", "class"], ["canal", "river", "stream"], ["match", ["get", "worldview"], ["all", "US"], true, false], ["disputed_canal", "disputed_river", "disputed_stream"], ["all", ["==", ["get", "disputed"], "true"], ["match", ["get", "worldview"], ["all", "US"], true, false]], false], ["==", ["geometry-type"], "LineString"]], "type": "symbol", "source": "composite", "id": "waterway-label", "paint": {"text-color": "rgb(150, 150, 150)"}, "source-layer": "natural_label"}, {"minzoom": 4, "layout": {"text-size": ["step", ["zoom"], ["step", ["get", "sizerank"], 18, 5, 12], 17, ["step", ["get", "sizerank"], 18, 13, 12]], "text-max-angle": 30, "text-field": ["coalesce", ["get", "name_en"], ["get", "name"]], "text-font": ["DIN Pro Medium", "Arial Unicode MS Regular"], "symbol-placement": "line-center", "text-pitch-alignment": "viewport", "visibility": "none"}, "metadata": {"mapbox:featureComponent": "natural-features", "mapbox:group": "Natural features, natural-labels"}, "filter": ["all", ["match", ["get", "class"], ["glacier", "landform"], ["match", ["get", "worldview"], ["all", "US"], true, false], ["disputed_glacier", "disputed_landform"], ["all", ["==", ["get", "disputed"], "true"], ["match", ["get", "worldview"], ["all", "US"], true, false]], false], ["==", ["geometry-type"], "LineString"], ["<=", ["get", "filterrank"], 1]], "type": "symbol", "source": "composite", "id": "natural-line-label", "paint": {"text-halo-width": 0.5, "text-halo-color": "rgb(255, 255, 255)", "text-halo-blur": 0.5, "text-color": "rgb(128, 128, 128)"}, "source-layer": "natural_label"}, {"minzoom": 4, "layout": {"text-size": ["step", ["zoom"], ["step", ["get", "sizerank"], 18, 5, 12], 17, ["step", ["get", "sizerank"], 18, 13, 12]], "icon-image": "", "text-font": ["DIN Pro Medium", "Arial Unicode MS Regular"], "text-offset": ["literal", [0, 0]], "text-field": ["coalesce", ["get", "name_en"], ["get", "name"]], "visibility": "none"}, "metadata": {"mapbox:featureComponent": "natural-features", "mapbox:group": "Natural features, natural-labels"}, "filter": ["all", ["match", ["get", "class"], ["dock", "glacier", "landform", "water_feature", "wetland"], ["match", ["get", "worldview"], ["all", "US"], true, false], ["disputed_dock", "disputed_glacier", "disputed_landform", "disputed_water_feature", "disputed_wetland"], ["all", ["==", ["get", "disputed"], "true"], ["match", ["get", "worldview"], ["all", "US"], true, false]], false], ["==", ["geometry-type"], "Point"], ["<=", ["get", "filterrank"], 1]], "type": "symbol", "source": "composite", "id": "natural-point-label", "paint": {"icon-opacity": ["step", ["zoom"], ["step", ["get", "sizerank"], 0, 5, 1], 17, ["step", ["get", "sizerank"], 0, 13, 1]], "text-halo-color": "rgb(255, 255, 255)", "text-halo-width": 0.5, "text-halo-blur": 0.5, "text-color": "rgb(128, 128, 128)"}, "source-layer": "natural_label"}, {"id": "water-line-label", "type": "symbol", "metadata": {"mapbox:featureComponent": "natural-features", "mapbox:group": "Natural features, natural-labels"}, "source": "composite", "source-layer": "natural_label", "filter": ["all", ["match", ["get", "class"], ["bay", "ocean", "reservoir", "sea", "water"], ["match", ["get", "worldview"], ["all", "US"], true, false], ["disputed_bay", "disputed_ocean", "disputed_reservoir", "disputed_sea", "disputed_water"], ["all", ["==", ["get", "disputed"], "true"], ["match", ["get", "worldview"], ["all", "US"], true, false]], false], ["==", ["geometry-type"], "LineString"]], "layout": {"text-size": ["interpolate", ["linear"], ["zoom"], 7, ["step", ["get", "sizerank"], 20, 6, 18, 12, 12], 10, ["step", ["get", "sizerank"], 15, 9, 12], 18, ["step", ["get", "sizerank"], 15, 9, 14]], "text-max-angle": 30, "text-letter-spacing": ["match", ["get", "class"], "ocean", 0.25, ["sea", "bay"], 0.15, 0], "text-font": ["DIN Pro Italic", "Arial Unicode MS Regular"], "symbol-placement": "line-center", "text-pitch-alignment": "viewport", "text-field": ["coalesce", ["get", "name_en"], ["get", "name"]], "visibility": "none"}, "paint": {"text-color": "rgb(150, 150, 150)"}}, {"id": "water-point-label", "type": "symbol", "source": "composite", "source-layer": "natural_label", "filter": ["all", ["match", ["get", "class"], ["bay", "ocean", "reservoir", "sea", "water"], ["match", ["get", "worldview"], ["all", "US"], true, false], ["disputed_bay", "disputed_ocean", "disputed_reservoir", "disputed_sea", "disputed_water"], ["all", ["==", ["get", "disputed"], "true"], ["match", ["get", "worldview"], ["all", "US"], true, false]], false], ["==", ["geometry-type"], "Point"]], "layout": {"text-line-height": 1.3, "text-size": ["interpolate", ["linear"], ["zoom"], 7, ["step", ["get", "sizerank"], 20, 6, 15, 12, 12], 10, ["step", ["get", "sizerank"], 15, 9, 12]], "text-font": ["DIN Pro Italic", "Arial Unicode MS Regular"], "text-field": ["coalesce", ["get", "name_en"], ["get", "name"]], "text-letter-spacing": ["match", ["get", "class"], "ocean", 0.25, ["bay", "sea"], 0.15, 0.01], "text-max-width": ["match", ["get", "class"], "ocean", 4, "sea", 5, ["bay", "water"], 7, 10], "visibility": "none"}, "paint": {"text-color": "rgb(150, 150, 150)"}, "metadata": {"mapbox:featureComponent": "natural-features", "mapbox:group": "Natural features, natural-labels"}}, {"minzoom": 6, "layout": {"text-size": ["step", ["zoom"], ["step", ["get", "sizerank"], 18, 5, 12], 17, ["step", ["get", "sizerank"], 18, 13, 12]], "icon-image": "", "text-font": ["DIN Pro Medium", "Arial Unicode MS Regular"], "text-offset": [0, 0], "text-anchor": ["step", ["zoom"], ["step", ["get", "sizerank"], "center", 5, "top"], 17, ["step", ["get", "sizerank"], "center", 13, "top"]], "text-field": ["coalesce", ["get", "name_en"], ["get", "name"]], "visibility": "none"}, "metadata": {"mapbox:featureComponent": "point-of-interest-labels", "mapbox:group": "Point of interest labels, poi-labels"}, "filter": ["<=", ["get", "filterrank"], ["+", ["step", ["zoom"], 1, 2, 3, 4, 5], 1]], "type": "symbol", "source": "composite", "id": "poi-label", "paint": {"text-halo-color": "rgb(255, 255, 255)", "text-halo-width": 0.5, "text-halo-blur": 0.5, "text-color": ["step", ["zoom"], ["step", ["get", "sizerank"], "rgb(184, 184, 184)", 5, "rgb(161, 161, 161)"], 17, ["step", ["get", "sizerank"], "rgb(184, 184, 184)", 13, "rgb(161, 161, 161)"]]}, "source-layer": "poi_label"}, {"minzoom": 8, "layout": {"text-line-height": 1.1, "text-size": ["step", ["get", "sizerank"], 18, 9, 12], "icon-image": ["get", "maki"], "text-font": ["DIN Pro Medium", "Arial Unicode MS Regular"], "visibility": "none", "text-offset": [0, 0.75], "text-rotation-alignment": "viewport", "text-anchor": "top", "text-field": ["step", ["get", "sizerank"], ["coalesce", ["get", "name_en"], ["get", "name"]], 15, ["get", "ref"]], "text-letter-spacing": 0.01, "text-max-width": 9}, "metadata": {"mapbox:featureComponent": "transit", "mapbox:group": "Transit, transit-labels"}, "filter": ["match", ["get", "class"], ["military", "civil"], ["match", ["get", "worldview"], ["all", "US"], true, false], ["disputed_military", "disputed_civil"], ["all", ["==", ["get", "disputed"], "true"], ["match", ["get", "worldview"], ["all", "US"], true, false]], false], "type": "symbol", "source": "composite", "id": "airport-label", "paint": {"text-color": "rgb(128, 128, 128)", "text-halo-color": "rgb(255, 255, 255)", "text-halo-width": 1}, "source-layer": "airport_label"}, {"minzoom": 10, "layout": {"text-field": ["coalesce", ["get", "name_en"], ["get", "name"]], "text-transform": "uppercase", "text-font": ["DIN Pro Regular", "Arial Unicode MS Regular"], "text-letter-spacing": ["match", ["get", "type"], "suburb", 0.15, 0.1], "text-max-width": 7, "text-padding": 3, "text-size": ["interpolate", ["cubic-bezier", 0.5, 0, 1, 1], ["zoom"], 11, ["match", ["get", "type"], "suburb", 11, 10.5], 15, ["match", ["get", "type"], "suburb", 15, 14]], "visibility": "none"}, "metadata": {"mapbox:featureComponent": "place-labels", "mapbox:group": "Place labels, place-labels"}, "maxzoom": 15, "filter": ["all", ["match", ["get", "class"], "settlement_subdivision", ["match", ["get", "worldview"], ["all", "US"], true, false], "disputed_settlement_subdivision", ["all", ["==", ["get", "disputed"], "true"], ["match", ["get", "worldview"], ["all", "US"], true, false]], false], ["<=", ["get", "filterrank"], 4]], "type": "symbol", "source": "composite", "id": "settlement-subdivision-label", "paint": {"text-halo-color": "rgb(255, 255, 255)", "text-halo-width": 1, "text-color": "rgb(179, 179, 179)", "text-halo-blur": 0.5}, "source-layer": "place_label"}, {"minzoom": 3, "layout": {"text-line-height": 1.1, "text-size": ["interpolate", ["cubic-bezier", 0.2, 0, 0.9, 1], ["zoom"], 3, ["step", ["get", "symbolrank"], 12, 9, 11, 10, 10.5, 12, 9.5, 14, 8.5, 16, 6.5, 17, 4], 13, ["step", ["get", "symbolrank"], 23, 9, 21, 10, 19, 11, 17, 12, 16, 13, 15, 15, 13]], "text-radial-offset": ["step", ["zoom"], ["match", ["get", "capital"], 2, 0.6, 0.55], 8, 0], "icon-image": ["step", ["zoom"], ["case", ["==", ["get", "capital"], 2], "border-dot-13", ["step", ["get", "symbolrank"], "dot-11", 9, "dot-10", 11, "dot-9"]], 8, ""], "text-font": ["DIN Pro Regular", "Arial Unicode MS Regular"], "text-justify": "auto", "visibility": "none", "text-anchor": ["step", ["zoom"], ["get", "text_anchor"], 8, "center"], "text-field": ["coalesce", ["get", "name_en"], ["get", "name"]], "text-max-width": 7}, "metadata": {"mapbox:featureComponent": "place-labels", "mapbox:group": "Place labels, place-labels"}, "maxzoom": 13, "filter": ["all", ["<=", ["get", "filterrank"], 3], ["match", ["get", "class"], "settlement", ["match", ["get", "worldview"], ["all", "US"], true, false], "disputed_settlement", ["all", ["==", ["get", "disputed"], "true"], ["match", ["get", "worldview"], ["all", "US"], true, false]], false], ["step", ["zoom"], [">", ["get", "symbolrank"], 6], 1, [">=", ["get", "symbolrank"], 7], 2, [">=", ["get", "symbolrank"], 8], 3, [">=", ["get", "symbolrank"], 10], 4, [">=", ["get", "symbolrank"], 11], 5, [">=", ["get", "symbolrank"], 13], 6, [">=", ["get", "symbolrank"], 15]]], "type": "symbol", "source": "composite", "id": "settlement-minor-label", "paint": {"text-color": ["step", ["get", "symbolrank"], "rgb(128, 128, 128)", 11, "rgb(161, 161, 161)", 16, "rgb(184, 184, 184)"], "text-halo-color": "rgb(255, 255, 255)", "text-halo-width": 1, "text-halo-blur": 1}, "source-layer": "place_label"}, {"minzoom": 3, "layout": {"text-line-height": 1.1, "text-size": ["interpolate", ["cubic-bezier", 0.2, 0, 0.9, 1], ["zoom"], 3, ["step", ["get", "symbolrank"], 13, 6, 12], 6, ["step", ["get", "symbolrank"], 16, 6, 15, 7, 14], 8, ["step", ["get", "symbolrank"], 18, 9, 17, 10, 15], 15, ["step", ["get", "symbolrank"], 23, 9, 22, 10, 20, 11, 18, 12, 16, 13, 15, 15, 13]], "text-radial-offset": ["step", ["zoom"], ["match", ["get", "capital"], 2, 0.6, 0.55], 8, 0], "icon-image": ["step", ["zoom"], ["case", ["==", ["get", "capital"], 2], "border-dot-13", ["step", ["get", "symbolrank"], "dot-11", 9, "dot-10", 11, "dot-9"]], 8, ""], "text-font": ["DIN Pro Medium", "Arial Unicode MS Regular"], "text-justify": ["step", ["zoom"], ["match", ["get", "text_anchor"], ["left", "bottom-left", "top-left"], "left", ["right", "bottom-right", "top-right"], "right", "center"], 8, "center"], "visibility": "none", "text-anchor": ["step", ["zoom"], ["get", "text_anchor"], 8, "center"], "text-field": ["coalesce", ["get", "name_en"], ["get", "name"]], "text-max-width": 7}, "metadata": {"mapbox:featureComponent": "place-labels", "mapbox:group": "Place labels, place-labels"}, "maxzoom": 15, "filter": ["all", ["<=", ["get", "filterrank"], 3], ["match", ["get", "class"], "settlement", ["match", ["get", "worldview"], ["all", "US"], true, false], "disputed_settlement", ["all", ["==", ["get", "disputed"], "true"], ["match", ["get", "worldview"], ["all", "US"], true, false]], false], ["step", ["zoom"], false, 1, ["<=", ["get", "symbolrank"], 6], 2, ["<", ["get", "symbolrank"], 7], 3, ["<", ["get", "symbolrank"], 8], 4, ["<", ["get", "symbolrank"], 10], 5, ["<", ["get", "symbolrank"], 11], 6, ["<", ["get", "symbolrank"], 13], 7, ["<", ["get", "symbolrank"], 15], 8, [">=", ["get", "symbolrank"], 11], 9, [">=", ["get", "symbolrank"], 15]]], "type": "symbol", "source": "composite", "id": "settlement-major-label", "paint": {"text-color": ["step", ["get", "symbolrank"], "rgb(128, 128, 128)", 11, "rgb(161, 161, 161)", 16, "rgb(184, 184, 184)"], "text-halo-color": "rgb(255, 255, 255)", "text-halo-width": 1, "text-halo-blur": 1}, "source-layer": "place_label"}, {"minzoom": 3, "layout": {"text-size": ["interpolate", ["cubic-bezier", 0.85, 0.7, 0.65, 1], ["zoom"], 4, ["step", ["get", "symbolrank"], 10, 6, 9.5, 7, 9], 9, ["step", ["get", "symbolrank"], 21, 6, 16, 7, 13]], "text-transform": "uppercase", "text-font": ["DIN Pro Bold", "Arial Unicode MS Bold"], "text-field": ["step", ["zoom"], ["step", ["get", "symbolrank"], ["coalesce", ["get", "name_en"], ["get", "name"]], 5, ["coalesce", ["get", "abbr"], ["get", "name_en"], ["get", "name"]]], 5, ["coalesce", ["get", "name_en"], ["get", "name"]]], "text-letter-spacing": 0.15, "text-max-width": 6, "visibility": "none"}, "metadata": {"mapbox:featureComponent": "place-labels", "mapbox:group": "Place labels, place-labels"}, "maxzoom": 9, "filter": ["match", ["get", "class"], "state", ["match", ["get", "worldview"], ["all", "US"], true, false], "disputed_state", ["all", ["==", ["get", "disputed"], "true"], ["match", ["get", "worldview"], ["all", "US"], true, false]], false], "type": "symbol", "source": "composite", "id": "state-label", "paint": {"text-color": "rgb(184, 184, 184)", "text-halo-color": "rgb(255, 255, 255)", "text-halo-width": 1}, "source-layer": "place_label"}, {"minzoom": 1, "layout": {"text-line-height": 1.1, "text-size": ["interpolate", ["cubic-bezier", 0.2, 0, 0.7, 1], ["zoom"], 1, ["step", ["get", "symbolrank"], 11, 4, 9, 5, 8], 9, ["step", ["get", "symbolrank"], 22, 4, 19, 5, 17]], "text-radial-offset": ["step", ["zoom"], 0.6, 8, 0], "icon-image": "", "text-font": ["DIN Pro Medium", "Arial Unicode MS Regular"], "text-justify": ["step", ["zoom"], ["match", ["get", "text_anchor"], ["left", "bottom-left", "top-left"], "left", ["right", "bottom-right", "top-right"], "right", "center"], 7, "auto"], "visibility": "none", "text-field": ["coalesce", ["get", "name_en"], ["get", "name"]], "text-max-width": 6}, "metadata": {"mapbox:featureComponent": "place-labels", "mapbox:group": "Place labels, place-labels"}, "maxzoom": 10, "filter": ["match", ["get", "class"], "country", ["match", ["get", "worldview"], ["all", "US"], true, false], "disputed_country", ["all", ["==", ["get", "disputed"], "true"], ["match", ["get", "worldview"], ["all", "US"], true, false]], false], "type": "symbol", "source": "composite", "id": "country-label", "paint": {"icon-opacity": ["step", ["zoom"], ["case", ["has", "text_anchor"], 1, 0], 7, 0], "text-color": "rgb(128, 128, 128)", "text-halo-color": "rgb(255, 255, 255)", "text-halo-width": 1.25}, "source-layer": "place_label"}], "created": "2021-11-05T16:12:04.822Z", "modified": "2021-11-25T13:58:04.167Z", "id": "ckvmksrpd4n0a14pfdo5heqzr", "owner": "commaai", "visibility": "private", "protected": false, "draft": false}