subject,file,lineno,NOC,NOFF,NOO,experience-based,statistics-based,tuning machine
boto,C:\Users\Zhifei Chen\Desktop\pysmell\subjects_for_metrics\boto\boto\auth.py,246,79,1,15,1,0,0
boto,C:\Users\Zhifei Chen\Desktop\pysmell\subjects_for_metrics\boto\boto\auth.py,383,47,1,9,0,0,0
boto,C:\Users\Zhifei Chen\Desktop\pysmell\subjects_for_metrics\boto\boto\auth.py,753,47,1,9,0,0,0
boto,C:\Users\Zhifei Chen\Desktop\pysmell\subjects_for_metrics\boto\boto\auth.py,983,46,1,4,0,0,0
boto,C:\Users\Zhifei Chen\Desktop\pysmell\subjects_for_metrics\boto\boto\connection.py,87,82,1,9,0,0,0
boto,C:\Users\Zhifei Chen\Desktop\pysmell\subjects_for_metrics\boto\boto\connection.py,255,48,1,8,0,0,0
boto,C:\Users\Zhifei Chen\Desktop\pysmell\subjects_for_metrics\boto\boto\connection.py,636,25,2,4,0,0,0
boto,C:\Users\Zhifei Chen\Desktop\pysmell\subjects_for_metrics\boto\boto\exception.py,338,58,1,8,0,0,0
boto,C:\Users\Zhifei Chen\Desktop\pysmell\subjects_for_metrics\boto\boto\https_connection.py,60,57,2,14,0,0,0
boto,C:\Users\Zhifei Chen\Desktop\pysmell\subjects_for_metrics\boto\boto\https_connection.py,62,63,2,18,0,0,0
boto,C:\Users\Zhifei Chen\Desktop\pysmell\subjects_for_metrics\boto\boto\storage_uri.py,168,113,2,13,1,0,0
boto,C:\Users\Zhifei Chen\Desktop\pysmell\subjects_for_metrics\boto\boto\utils.py,154,25,1,7,0,0,0
boto,C:\Users\Zhifei Chen\Desktop\pysmell\subjects_for_metrics\boto\boto\utils.py,155,48,2,10,0,0,0
boto,C:\Users\Zhifei Chen\Desktop\pysmell\subjects_for_metrics\boto\boto\utils.py,158,22,1,6,0,0,0
boto,C:\Users\Zhifei Chen\Desktop\pysmell\subjects_for_metrics\boto\boto\utils.py,1029,43,2,10,0,0,0
boto,C:\Users\Zhifei Chen\Desktop\pysmell\subjects_for_metrics\boto\boto\utils.py,1040,62,2,12,0,0,0
boto,C:\Users\Zhifei Chen\Desktop\pysmell\subjects_for_metrics\boto\boto\beanstalk\wrapper.py,15,43,1,8,0,0,0
boto,C:\Users\Zhifei Chen\Desktop\pysmell\subjects_for_metrics\boto\boto\cloudsearch\document.py,236,53,1,11,0,0,0
boto,C:\Users\Zhifei Chen\Desktop\pysmell\subjects_for_metrics\boto\boto\cloudsearch\document.py,265,61,2,10,0,0,0
boto,C:\Users\Zhifei Chen\Desktop\pysmell\subjects_for_metrics\boto\boto\cloudsearch\domain.py,239,36,1,6,0,0,0
boto,C:\Users\Zhifei Chen\Desktop\pysmell\subjects_for_metrics\boto\boto\cloudsearch\domain.py,324,43,1,7,0,0,0
boto,C:\Users\Zhifei Chen\Desktop\pysmell\subjects_for_metrics\boto\boto\cloudsearch\layer2.py,54,46,1,7,0,0,0
boto,C:\Users\Zhifei Chen\Desktop\pysmell\subjects_for_metrics\boto\boto\cloudsearch\search.py,55,77,1,20,1,0,0
boto,C:\Users\Zhifei Chen\Desktop\pysmell\subjects_for_metrics\boto\boto\cloudsearch2\document.py,269,53,1,11,0,0,0
boto,C:\Users\Zhifei Chen\Desktop\pysmell\subjects_for_metrics\boto\boto\cloudsearch2\document.py,295,61,2,10,0,0,0
boto,C:\Users\Zhifei Chen\Desktop\pysmell\subjects_for_metrics\boto\boto\cloudsearch2\domain.py,253,36,1,6,0,0,0
boto,C:\Users\Zhifei Chen\Desktop\pysmell\subjects_for_metrics\boto\boto\cloudsearch2\domain.py,467,39,1,7,0,0,0
boto,C:\Users\Zhifei Chen\Desktop\pysmell\subjects_for_metrics\boto\boto\cloudsearch2\layer2.py,70,46,1,7,0,0,0
boto,C:\Users\Zhifei Chen\Desktop\pysmell\subjects_for_metrics\boto\boto\cloudsearch2\search.py,52,80,1,22,1,0,0
boto,C:\Users\Zhifei Chen\Desktop\pysmell\subjects_for_metrics\boto\boto\dynamodb\condition.py,82,31,1,5,0,0,0
boto,C:\Users\Zhifei Chen\Desktop\pysmell\subjects_for_metrics\boto\boto\dynamodb\condition.py,99,36,1,6,0,0,0
boto,C:\Users\Zhifei Chen\Desktop\pysmell\subjects_for_metrics\boto\boto\dynamodb\types.py,152,12,1,3,0,0,0
boto,C:\Users\Zhifei Chen\Desktop\pysmell\subjects_for_metrics\boto\boto\dynamodb\types.py,158,21,1,5,0,0,0
boto,C:\Users\Zhifei Chen\Desktop\pysmell\subjects_for_metrics\boto\boto\dynamodb\types.py,308,29,1,6,0,0,0
boto,C:\Users\Zhifei Chen\Desktop\pysmell\subjects_for_metrics\boto\boto\dynamodb\types.py,316,29,1,6,0,0,0
boto,C:\Users\Zhifei Chen\Desktop\pysmell\subjects_for_metrics\boto\boto\dynamodb\types.py,325,42,1,12,0,0,0
boto,C:\Users\Zhifei Chen\Desktop\pysmell\subjects_for_metrics\boto\boto\dynamodb\types.py,328,26,1,6,0,0,0
boto,C:\Users\Zhifei Chen\Desktop\pysmell\subjects_for_metrics\boto\boto\dynamodb\types.py,374,42,1,12,0,0,0
boto,C:\Users\Zhifei Chen\Desktop\pysmell\subjects_for_metrics\boto\boto\dynamodb\types.py,377,26,1,6,0,0,0
boto,C:\Users\Zhifei Chen\Desktop\pysmell\subjects_for_metrics\boto\boto\dynamodb\types.py,404,18,1,5,0,0,0
boto,C:\Users\Zhifei Chen\Desktop\pysmell\subjects_for_metrics\boto\boto\dynamodb2\table.py,944,33,1,5,0,0,0
boto,C:\Users\Zhifei Chen\Desktop\pysmell\subjects_for_metrics\boto\boto\ec2\connection.py,623,72,2,6,0,0,0
boto,C:\Users\Zhifei Chen\Desktop\pysmell\subjects_for_metrics\boto\boto\ec2\securitygroup.py,309,28,2,6,0,0,0
boto,C:\Users\Zhifei Chen\Desktop\pysmell\subjects_for_metrics\boto\boto\ec2\volume.py,121,39,2,8,0,0,0
boto,C:\Users\Zhifei Chen\Desktop\pysmell\subjects_for_metrics\boto\boto\ec2\autoscale\__init__.py,255,80,1,7,0,0,0
boto,C:\Users\Zhifei Chen\Desktop\pysmell\subjects_for_metrics\boto\boto\ec2\cloudwatch\alarm.py,60,40,1,10,0,0,0
boto,C:\Users\Zhifei Chen\Desktop\pysmell\subjects_for_metrics\boto\boto\emr\connection.py,343,43,1,6,0,0,0
boto,C:\Users\Zhifei Chen\Desktop\pysmell\subjects_for_metrics\boto\boto\emr\connection.py,533,58,1,12,0,0,0
boto,C:\Users\Zhifei Chen\Desktop\pysmell\subjects_for_metrics\boto\boto\emr\connection.py,548,43,1,6,0,0,0
boto,C:\Users\Zhifei Chen\Desktop\pysmell\subjects_for_metrics\boto\boto\emr\connection.py,552,91,1,6,0,0,0
boto,C:\Users\Zhifei Chen\Desktop\pysmell\subjects_for_metrics\boto\boto\fps\connection.py,64,25,1,6,0,0,0
boto,C:\Users\Zhifei Chen\Desktop\pysmell\subjects_for_metrics\boto\boto\fps\connection.py,69,25,1,6,0,0,0
boto,C:\Users\Zhifei Chen\Desktop\pysmell\subjects_for_metrics\boto\boto\fps\connection.py,216,38,1,11,0,0,0
boto,C:\Users\Zhifei Chen\Desktop\pysmell\subjects_for_metrics\boto\boto\fps\connection.py,218,24,1,9,0,0,0
boto,C:\Users\Zhifei Chen\Desktop\pysmell\subjects_for_metrics\boto\boto\glacier\layer2.py,96,56,1,9,0,0,0
boto,C:\Users\Zhifei Chen\Desktop\pysmell\subjects_for_metrics\boto\boto\glacier\vault.py,183,45,1,8,0,0,0
boto,C:\Users\Zhifei Chen\Desktop\pysmell\subjects_for_metrics\boto\boto\glacier\vault.py,430,45,1,8,0,0,0
boto,C:\Users\Zhifei Chen\Desktop\pysmell\subjects_for_metrics\boto\boto\gs\resumable_upload_handler.py,633,47,1,10,0,0,0
boto,C:\Users\Zhifei Chen\Desktop\pysmell\subjects_for_metrics\boto\boto\gs\resumable_upload_handler.py,644,56,1,11,0,0,0
boto,C:\Users\Zhifei Chen\Desktop\pysmell\subjects_for_metrics\boto\boto\mashups\order.py,60,47,1,11,0,0,0
boto,C:\Users\Zhifei Chen\Desktop\pysmell\subjects_for_metrics\boto\boto\mashups\order.py,85,50,1,11,0,0,0
boto,C:\Users\Zhifei Chen\Desktop\pysmell\subjects_for_metrics\boto\boto\mashups\order.py,92,52,1,11,0,0,0
boto,C:\Users\Zhifei Chen\Desktop\pysmell\subjects_for_metrics\boto\boto\mashups\order.py,99,66,1,11,0,0,0
boto,C:\Users\Zhifei Chen\Desktop\pysmell\subjects_for_metrics\boto\boto\mashups\order.py,106,49,1,10,0,0,0
boto,C:\Users\Zhifei Chen\Desktop\pysmell\subjects_for_metrics\boto\boto\mashups\order.py,193,26,1,5,0,0,0
boto,C:\Users\Zhifei Chen\Desktop\pysmell\subjects_for_metrics\boto\boto\mashups\order.py,197,29,1,6,0,0,0
boto,C:\Users\Zhifei Chen\Desktop\pysmell\subjects_for_metrics\boto\boto\mturk\question.py,45,33,1,5,0,0,0
boto,C:\Users\Zhifei Chen\Desktop\pysmell\subjects_for_metrics\boto\boto\mturk\question.py,115,47,1,5,0,0,0
boto,C:\Users\Zhifei Chen\Desktop\pysmell\subjects_for_metrics\boto\boto\mturk\question.py,196,32,1,5,0,0,0
boto,C:\Users\Zhifei Chen\Desktop\pysmell\subjects_for_metrics\boto\boto\mturk\question.py,249,40,1,6,0,0,0
boto,C:\Users\Zhifei Chen\Desktop\pysmell\subjects_for_metrics\boto\boto\mturk\question.py,251,51,1,8,0,0,0
boto,C:\Users\Zhifei Chen\Desktop\pysmell\subjects_for_metrics\boto\boto\mturk\question.py,256,32,1,5,0,0,0
boto,C:\Users\Zhifei Chen\Desktop\pysmell\subjects_for_metrics\boto\boto\mturk\question.py,291,66,2,12,1,0,0
boto,C:\Users\Zhifei Chen\Desktop\pysmell\subjects_for_metrics\boto\boto\mturk\question.py,328,66,2,12,1,0,0
boto,C:\Users\Zhifei Chen\Desktop\pysmell\subjects_for_metrics\boto\boto\mturk\question.py,363,33,1,5,0,0,0
boto,C:\Users\Zhifei Chen\Desktop\pysmell\subjects_for_metrics\boto\boto\mws\connection.py,75,26,1,6,0,0,0
boto,C:\Users\Zhifei Chen\Desktop\pysmell\subjects_for_metrics\boto\boto\mws\connection.py,93,40,1,7,0,0,0
boto,C:\Users\Zhifei Chen\Desktop\pysmell\subjects_for_metrics\boto\boto\mws\connection.py,152,24,1,5,0,0,0
boto,C:\Users\Zhifei Chen\Desktop\pysmell\subjects_for_metrics\boto\boto\mws\connection.py,154,25,1,6,0,0,0
boto,C:\Users\Zhifei Chen\Desktop\pysmell\subjects_for_metrics\boto\boto\mws\connection.py,159,25,1,6,0,0,0
boto,C:\Users\Zhifei Chen\Desktop\pysmell\subjects_for_metrics\boto\boto\mws\connection.py,171,24,1,5,0,0,0
boto,C:\Users\Zhifei Chen\Desktop\pysmell\subjects_for_metrics\boto\boto\mws\connection.py,173,25,1,6,0,0,0
boto,C:\Users\Zhifei Chen\Desktop\pysmell\subjects_for_metrics\boto\boto\mws\connection.py,178,25,1,6,0,0,0
boto,C:\Users\Zhifei Chen\Desktop\pysmell\subjects_for_metrics\boto\boto\mws\connection.py,190,24,1,5,0,0,0
boto,C:\Users\Zhifei Chen\Desktop\pysmell\subjects_for_metrics\boto\boto\mws\connection.py,191,25,1,5,0,0,0
boto,C:\Users\Zhifei Chen\Desktop\pysmell\subjects_for_metrics\boto\boto\mws\connection.py,192,25,1,6,0,0,0
boto,C:\Users\Zhifei Chen\Desktop\pysmell\subjects_for_metrics\boto\boto\mws\connection.py,197,25,1,6,0,0,0
boto,C:\Users\Zhifei Chen\Desktop\pysmell\subjects_for_metrics\boto\boto\mws\connection.py,210,21,1,5,0,0,0
boto,C:\Users\Zhifei Chen\Desktop\pysmell\subjects_for_metrics\boto\boto\mws\connection.py,226,43,2,10,0,0,0
boto,C:\Users\Zhifei Chen\Desktop\pysmell\subjects_for_metrics\boto\boto\mws\connection.py,728,19,1,5,0,0,0
boto,C:\Users\Zhifei Chen\Desktop\pysmell\subjects_for_metrics\boto\boto\mws\response.py,417,48,1,8,0,0,0
boto,C:\Users\Zhifei Chen\Desktop\pysmell\subjects_for_metrics\boto\boto\pyami\launch_ami.py,166,29,1,6,0,0,0
boto,C:\Users\Zhifei Chen\Desktop\pysmell\subjects_for_metrics\boto\boto\pyami\launch_ami.py,167,26,1,5,0,0,0
boto,C:\Users\Zhifei Chen\Desktop\pysmell\subjects_for_metrics\boto\boto\roboto\awsqueryrequest.py,222,29,1,6,0,0,0
boto,C:\Users\Zhifei Chen\Desktop\pysmell\subjects_for_metrics\boto\boto\roboto\awsqueryrequest.py,223,38,2,6,0,0,0
boto,C:\Users\Zhifei Chen\Desktop\pysmell\subjects_for_metrics\boto\boto\roboto\awsqueryrequest.py,249,54,2,11,0,0,0
boto,C:\Users\Zhifei Chen\Desktop\pysmell\subjects_for_metrics\boto\boto\roboto\awsqueryrequest.py,367,28,1,5,0,0,0
boto,C:\Users\Zhifei Chen\Desktop\pysmell\subjects_for_metrics\boto\boto\route53\connection.py,560,73,1,10,0,0,0
boto,C:\Users\Zhifei Chen\Desktop\pysmell\subjects_for_metrics\boto\boto\route53\healthcheck.py,119,42,1,6,0,0,0
boto,C:\Users\Zhifei Chen\Desktop\pysmell\subjects_for_metrics\boto\boto\route53\record.py,64,32,1,6,0,0,0
boto,C:\Users\Zhifei Chen\Desktop\pysmell\subjects_for_metrics\boto\boto\route53\record.py,66,34,1,5,0,0,0
boto,C:\Users\Zhifei Chen\Desktop\pysmell\subjects_for_metrics\boto\boto\route53\zone.py,255,70,2,14,1,0,0
boto,C:\Users\Zhifei Chen\Desktop\pysmell\subjects_for_metrics\boto\boto\route53\zone.py,258,70,2,14,1,0,0
boto,C:\Users\Zhifei Chen\Desktop\pysmell\subjects_for_metrics\boto\boto\route53\zone.py,264,54,1,12,0,0,0
boto,C:\Users\Zhifei Chen\Desktop\pysmell\subjects_for_metrics\boto\boto\s3\key.py,256,32,1,8,0,0,0
boto,C:\Users\Zhifei Chen\Desktop\pysmell\subjects_for_metrics\boto\boto\s3\key.py,766,47,1,10,0,0,0
boto,C:\Users\Zhifei Chen\Desktop\pysmell\subjects_for_metrics\boto\boto\s3\key.py,1499,47,1,10,0,0,0
boto,C:\Users\Zhifei Chen\Desktop\pysmell\subjects_for_metrics\boto\boto\sdb\db\model.py,67,27,1,6,0,0,0
boto,C:\Users\Zhifei Chen\Desktop\pysmell\subjects_for_metrics\boto\boto\sdb\db\model.py,84,30,1,6,0,0,0
boto,C:\Users\Zhifei Chen\Desktop\pysmell\subjects_for_metrics\boto\boto\vendored\six.py,132,42,1,5,0,0,0
boto,C:\Users\Zhifei Chen\Desktop\pysmell\subjects_for_metrics\boto\boto\vpc\__init__.py,564,81,2,8,0,0,0
boto,C:\Users\Zhifei Chen\Desktop\pysmell\subjects_for_metrics\boto\tests\integration\cloudformation\test_connection.py,138,39,1,8,0,0,0
boto,C:\Users\Zhifei Chen\Desktop\pysmell\subjects_for_metrics\boto\tests\integration\cloudformation\test_connection.py,156,43,1,10,0,0,0
boto,C:\Users\Zhifei Chen\Desktop\pysmell\subjects_for_metrics\boto\tests\integration\datapipeline\test_layer1.py,116,65,1,10,0,0,0
boto,C:\Users\Zhifei Chen\Desktop\pysmell\subjects_for_metrics\boto\tests\integration\dynamodb2\test_highlevel.py,481,29,1,5,0,0,0
boto,C:\Users\Zhifei Chen\Desktop\pysmell\subjects_for_metrics\boto\tests\integration\dynamodb2\test_highlevel.py,489,29,1,5,0,0,0
boto,C:\Users\Zhifei Chen\Desktop\pysmell\subjects_for_metrics\boto\tests\integration\dynamodb2\test_highlevel.py,532,37,1,5,0,0,0
boto,C:\Users\Zhifei Chen\Desktop\pysmell\subjects_for_metrics\boto\tests\integration\dynamodb2\test_highlevel.py,570,35,1,5,0,0,0
boto,C:\Users\Zhifei Chen\Desktop\pysmell\subjects_for_metrics\boto\tests\integration\dynamodb2\test_highlevel.py,588,35,1,5,0,0,0
boto,C:\Users\Zhifei Chen\Desktop\pysmell\subjects_for_metrics\boto\tests\integration\dynamodb2\test_highlevel.py,606,35,1,5,0,0,0
boto,C:\Users\Zhifei Chen\Desktop\pysmell\subjects_for_metrics\boto\tests\integration\dynamodb2\test_highlevel.py,623,35,1,5,0,0,0
boto,C:\Users\Zhifei Chen\Desktop\pysmell\subjects_for_metrics\boto\tests\integration\dynamodb2\test_highlevel.py,639,35,1,5,0,0,0
boto,C:\Users\Zhifei Chen\Desktop\pysmell\subjects_for_metrics\boto\tests\integration\dynamodb2\test_layer1.py,200,46,1,9,0,0,0
boto,C:\Users\Zhifei Chen\Desktop\pysmell\subjects_for_metrics\boto\tests\integration\ec2\elb\test_connection.py,87,25,1,4,0,0,0
boto,C:\Users\Zhifei Chen\Desktop\pysmell\subjects_for_metrics\boto\tests\integration\ec2\elb\test_connection.py,93,25,1,4,0,0,0
boto,C:\Users\Zhifei Chen\Desktop\pysmell\subjects_for_metrics\boto\tests\integration\ec2\elb\test_connection.py,95,43,1,8,0,0,0
boto,C:\Users\Zhifei Chen\Desktop\pysmell\subjects_for_metrics\boto\tests\integration\ec2\elb\test_connection.py,107,29,1,4,0,0,0
boto,C:\Users\Zhifei Chen\Desktop\pysmell\subjects_for_metrics\boto\tests\integration\ec2\elb\test_connection.py,109,47,1,8,0,0,0
boto,C:\Users\Zhifei Chen\Desktop\pysmell\subjects_for_metrics\boto\tests\integration\ec2\elb\test_connection.py,115,29,1,4,0,0,0
boto,C:\Users\Zhifei Chen\Desktop\pysmell\subjects_for_metrics\boto\tests\integration\ec2\elb\test_connection.py,116,47,1,8,0,0,0
boto,C:\Users\Zhifei Chen\Desktop\pysmell\subjects_for_metrics\boto\tests\integration\ec2\elb\test_connection.py,138,25,1,4,0,0,0
boto,C:\Users\Zhifei Chen\Desktop\pysmell\subjects_for_metrics\boto\tests\integration\ec2\elb\test_connection.py,140,43,1,8,0,0,0
boto,C:\Users\Zhifei Chen\Desktop\pysmell\subjects_for_metrics\boto\tests\integration\ec2\elb\test_connection.py,157,25,1,4,0,0,0
boto,C:\Users\Zhifei Chen\Desktop\pysmell\subjects_for_metrics\boto\tests\integration\ec2\elb\test_connection.py,171,25,1,4,0,0,0
boto,C:\Users\Zhifei Chen\Desktop\pysmell\subjects_for_metrics\boto\tests\integration\ec2\elb\test_connection.py,189,25,1,4,0,0,0
boto,C:\Users\Zhifei Chen\Desktop\pysmell\subjects_for_metrics\boto\tests\integration\ec2\elb\test_connection.py,191,51,1,8,0,0,0
boto,C:\Users\Zhifei Chen\Desktop\pysmell\subjects_for_metrics\boto\tests\integration\elastictranscoder\test_layer1.py,78,26,1,5,0,0,0
boto,C:\Users\Zhifei Chen\Desktop\pysmell\subjects_for_metrics\boto\tests\integration\gs\test_basic.py,216,22,1,5,0,0,0
boto,C:\Users\Zhifei Chen\Desktop\pysmell\subjects_for_metrics\boto\tests\integration\gs\test_versioning.py,61,28,1,4,0,0,0
boto,C:\Users\Zhifei Chen\Desktop\pysmell\subjects_for_metrics\boto\tests\integration\gs\test_versioning.py,76,28,1,4,0,0,0
boto,C:\Users\Zhifei Chen\Desktop\pysmell\subjects_for_metrics\boto\tests\integration\gs\test_versioning.py,146,77,2,14,1,0,0
boto,C:\Users\Zhifei Chen\Desktop\pysmell\subjects_for_metrics\boto\tests\integration\gs\test_versioning.py,148,77,2,14,1,0,0
boto,C:\Users\Zhifei Chen\Desktop\pysmell\subjects_for_metrics\boto\tests\integration\gs\test_versioning.py,191,77,2,14,1,0,0
boto,C:\Users\Zhifei Chen\Desktop\pysmell\subjects_for_metrics\boto\tests\integration\gs\test_versioning.py,193,77,2,14,1,0,0
boto,C:\Users\Zhifei Chen\Desktop\pysmell\subjects_for_metrics\boto\tests\integration\gs\test_versioning.py,228,77,2,14,1,0,0
boto,C:\Users\Zhifei Chen\Desktop\pysmell\subjects_for_metrics\boto\tests\integration\gs\test_versioning.py,230,77,2,14,1,0,0
boto,C:\Users\Zhifei Chen\Desktop\pysmell\subjects_for_metrics\boto\tests\integration\mws\test.py,73,48,1,6,0,0,0
boto,C:\Users\Zhifei Chen\Desktop\pysmell\subjects_for_metrics\boto\tests\integration\redshift\test_layer1.py,103,38,1,5,0,0,0
boto,C:\Users\Zhifei Chen\Desktop\pysmell\subjects_for_metrics\boto\tests\integration\s3\test_multidelete.py,131,35,1,8,0,0,0
boto,C:\Users\Zhifei Chen\Desktop\pysmell\subjects_for_metrics\boto\tests\integration\s3\test_multidelete.py,154,36,1,8,0,0,0
boto,C:\Users\Zhifei Chen\Desktop\pysmell\subjects_for_metrics\boto\tests\integration\s3\test_pool.py,77,32,1,8,0,0,0
boto,C:\Users\Zhifei Chen\Desktop\pysmell\subjects_for_metrics\boto\tests\integration\s3\test_pool.py,79,45,1,7,0,0,0
boto,C:\Users\Zhifei Chen\Desktop\pysmell\subjects_for_metrics\boto\tests\integration\s3\test_pool.py,90,45,1,7,0,0,0
boto,C:\Users\Zhifei Chen\Desktop\pysmell\subjects_for_metrics\boto\tests\integration\s3\test_pool.py,204,33,1,9,0,0,0
boto,C:\Users\Zhifei Chen\Desktop\pysmell\subjects_for_metrics\boto\tests\integration\s3\test_pool.py,223,60,1,11,0,0,0
boto,C:\Users\Zhifei Chen\Desktop\pysmell\subjects_for_metrics\boto\tests\integration\s3\test_pool.py,230,49,1,8,0,0,0
boto,C:\Users\Zhifei Chen\Desktop\pysmell\subjects_for_metrics\boto\tests\integration\s3\test_versioning.py,110,22,1,4,0,0,0
boto,C:\Users\Zhifei Chen\Desktop\pysmell\subjects_for_metrics\boto\tests\integration\sqs\test_connection.py,120,50,1,10,0,0,0
boto,C:\Users\Zhifei Chen\Desktop\pysmell\subjects_for_metrics\boto\tests\integration\support\test_layer1.py,42,43,1,7,0,0,0
boto,C:\Users\Zhifei Chen\Desktop\pysmell\subjects_for_metrics\boto\tests\integration\support\test_layer1.py,47,47,1,7,0,0,0
boto,C:\Users\Zhifei Chen\Desktop\pysmell\subjects_for_metrics\boto\tests\unit\cloudfront\test_invalidation_list.py,36,56,1,9,0,0,0
boto,C:\Users\Zhifei Chen\Desktop\pysmell\subjects_for_metrics\boto\tests\unit\cloudfront\test_invalidation_list.py,51,39,1,7,0,0,0
boto,C:\Users\Zhifei Chen\Desktop\pysmell\subjects_for_metrics\boto\tests\unit\dynamodb2\test_table.py,74,40,1,5,0,0,0
boto,C:\Users\Zhifei Chen\Desktop\pysmell\subjects_for_metrics\boto\tests\unit\dynamodb2\test_table.py,107,40,1,5,0,0,0
boto,C:\Users\Zhifei Chen\Desktop\pysmell\subjects_for_metrics\boto\tests\unit\dynamodb2\test_table.py,143,44,1,5,0,0,0
boto,C:\Users\Zhifei Chen\Desktop\pysmell\subjects_for_metrics\boto\tests\unit\dynamodb2\test_table.py,184,40,1,5,0,0,0
boto,C:\Users\Zhifei Chen\Desktop\pysmell\subjects_for_metrics\boto\tests\unit\dynamodb2\test_table.py,225,40,1,5,0,0,0
boto,C:\Users\Zhifei Chen\Desktop\pysmell\subjects_for_metrics\boto\tests\unit\dynamodb2\test_table.py,266,44,1,5,0,0,0
boto,C:\Users\Zhifei Chen\Desktop\pysmell\subjects_for_metrics\boto\tests\unit\dynamodb2\test_table.py,2377,43,1,7,0,0,0
boto,C:\Users\Zhifei Chen\Desktop\pysmell\subjects_for_metrics\boto\tests\unit\dynamodb2\test_table.py,2421,43,1,7,0,0,0
boto,C:\Users\Zhifei Chen\Desktop\pysmell\subjects_for_metrics\boto\tests\unit\dynamodb2\test_table.py,2492,43,1,7,0,0,0
boto,C:\Users\Zhifei Chen\Desktop\pysmell\subjects_for_metrics\boto\tests\unit\dynamodb2\test_table.py,2531,43,1,7,0,0,0
boto,C:\Users\Zhifei Chen\Desktop\pysmell\subjects_for_metrics\boto\tests\unit\dynamodb2\test_table.py,2890,43,1,7,0,0,0
boto,C:\Users\Zhifei Chen\Desktop\pysmell\subjects_for_metrics\boto\tests\unit\dynamodb2\test_table.py,2930,43,1,7,0,0,0
boto,C:\Users\Zhifei Chen\Desktop\pysmell\subjects_for_metrics\boto\tests\unit\dynamodb2\test_table.py,2985,43,1,7,0,0,0
boto,C:\Users\Zhifei Chen\Desktop\pysmell\subjects_for_metrics\boto\tests\unit\dynamodb2\test_table.py,2986,45,1,7,0,0,0
boto,C:\Users\Zhifei Chen\Desktop\pysmell\subjects_for_metrics\boto\tests\unit\ec2\elb\test_listener.py,92,38,1,5,0,0,0
boto,C:\Users\Zhifei Chen\Desktop\pysmell\subjects_for_metrics\boto\tests\unit\glacier\test_concurrent.py,90,31,1,9,0,0,0
boto,C:\Users\Zhifei Chen\Desktop\pysmell\subjects_for_metrics\boto\tests\unit\glacier\test_concurrent.py,113,31,1,9,0,0,0
boto,C:\Users\Zhifei Chen\Desktop\pysmell\subjects_for_metrics\boto\tests\unit\glacier\test_writer.py,208,85,2,10,0,0,0
boto,C:\Users\Zhifei Chen\Desktop\pysmell\subjects_for_metrics\boto\tests\unit\mws\test_response.py,124,43,1,10,0,0,0
boto,C:\Users\Zhifei Chen\Desktop\pysmell\subjects_for_metrics\boto\tests\unit\mws\test_response.py,126,34,2,7,0,0,0
boto,C:\Users\Zhifei Chen\Desktop\pysmell\subjects_for_metrics\boto\tests\unit\mws\test_response.py,126,18,1,4,0,0,0
boto,C:\Users\Zhifei Chen\Desktop\pysmell\subjects_for_metrics\boto\tests\unit\mws\test_response.py,130,40,1,7,0,0,0
boto,C:\Users\Zhifei Chen\Desktop\pysmell\subjects_for_metrics\boto\tests\unit\mws\test_response.py,139,31,1,6,0,0,0
boto,C:\Users\Zhifei Chen\Desktop\pysmell\subjects_for_metrics\boto\tests\unit\mws\test_response.py,158,31,1,6,0,0,0
boto,C:\Users\Zhifei Chen\Desktop\pysmell\subjects_for_metrics\boto\tests\unit\s3\test_website.py,38,34,1,7,0,0,0
