subject,file,lineno,NOC,PAR,NOO,experience-based,statistics-based,tuning machine
boto,C:\Users\Zhifei Chen\Desktop\pysmell\subjects_for_metrics\boto\boto\auth.py,795,17,1,3,0,0,0
boto,C:\Users\Zhifei Chen\Desktop\pysmell\subjects_for_metrics\boto\boto\auth.py,856,34,2,8,0,0,0
boto,C:\Users\Zhifei Chen\Desktop\pysmell\subjects_for_metrics\boto\boto\auth.py,882,34,2,8,0,0,0
boto,C:\Users\Zhifei Chen\Desktop\pysmell\subjects_for_metrics\boto\boto\utils.py,157,12,1,3,0,0,0
boto,C:\Users\Zhifei Chen\Desktop\pysmell\subjects_for_metrics\boto\boto\cloudsearch\search.py,55,31,1,7,0,0,0
boto,C:\Users\Zhifei Chen\Desktop\pysmell\subjects_for_metrics\boto\boto\cloudsearch2\search.py,52,31,1,7,0,0,0
boto,C:\Users\Zhifei Chen\Desktop\pysmell\subjects_for_metrics\boto\boto\ec2\connection.py,2654,40,2,6,0,0,0
boto,C:\Users\Zhifei Chen\Desktop\pysmell\subjects_for_metrics\boto\boto\ec2\cloudwatch\__init__.py,139,41,1,9,0,0,0
boto,C:\Users\Zhifei Chen\Desktop\pysmell\subjects_for_metrics\boto\boto\fps\connection.py,62,43,1,11,0,0,0
boto,C:\Users\Zhifei Chen\Desktop\pysmell\subjects_for_metrics\boto\boto\fps\connection.py,214,37,1,9,0,0,0
boto,C:\Users\Zhifei Chen\Desktop\pysmell\subjects_for_metrics\boto\boto\fps\connection.py,215,41,1,7,0,0,0
boto,C:\Users\Zhifei Chen\Desktop\pysmell\subjects_for_metrics\boto\boto\fps\connection.py,218,42,1,13,0,0,0
boto,C:\Users\Zhifei Chen\Desktop\pysmell\subjects_for_metrics\boto\boto\fps\response.py,51,36,1,4,0,0,0
boto,C:\Users\Zhifei Chen\Desktop\pysmell\subjects_for_metrics\boto\boto\fps\response.py,52,39,1,7,0,0,0
boto,C:\Users\Zhifei Chen\Desktop\pysmell\subjects_for_metrics\boto\boto\manage\volume.py,197,28,2,6,0,0,0
boto,C:\Users\Zhifei Chen\Desktop\pysmell\subjects_for_metrics\boto\boto\mturk\connection.py,323,65,1,5,0,0,0
boto,C:\Users\Zhifei Chen\Desktop\pysmell\subjects_for_metrics\boto\boto\mturk\connection.py,706,139,1,6,0,0,0
boto,C:\Users\Zhifei Chen\Desktop\pysmell\subjects_for_metrics\boto\boto\mws\connection.py,57,52,1,10,1,0,0
boto,C:\Users\Zhifei Chen\Desktop\pysmell\subjects_for_metrics\boto\boto\mws\connection.py,137,15,1,3,0,0,0
boto,C:\Users\Zhifei Chen\Desktop\pysmell\subjects_for_metrics\boto\boto\mws\connection.py,152,41,1,8,0,0,0
boto,C:\Users\Zhifei Chen\Desktop\pysmell\subjects_for_metrics\boto\boto\mws\connection.py,171,41,1,8,0,0,0
boto,C:\Users\Zhifei Chen\Desktop\pysmell\subjects_for_metrics\boto\boto\mws\connection.py,190,41,1,8,0,0,0
boto,C:\Users\Zhifei Chen\Desktop\pysmell\subjects_for_metrics\boto\boto\mws\response.py,204,46,1,6,0,0,0
boto,C:\Users\Zhifei Chen\Desktop\pysmell\subjects_for_metrics\boto\boto\mws\response.py,213,38,1,4,0,0,0
boto,C:\Users\Zhifei Chen\Desktop\pysmell\subjects_for_metrics\boto\boto\mws\response.py,214,39,1,7,0,0,0
boto,C:\Users\Zhifei Chen\Desktop\pysmell\subjects_for_metrics\boto\boto\s3\bucket.py,58,29,0,1,0,0,0
boto,C:\Users\Zhifei Chen\Desktop\pysmell\subjects_for_metrics\boto\boto\s3\bucket.py,373,12,1,3,0,0,0
boto,C:\Users\Zhifei Chen\Desktop\pysmell\subjects_for_metrics\boto\boto\sns\connection.py,98,12,1,3,0,0,0
boto,C:\Users\Zhifei Chen\Desktop\pysmell\subjects_for_metrics\boto\boto\vendored\six.py,842,45,1,6,0,0,0
boto,C:\Users\Zhifei Chen\Desktop\pysmell\subjects_for_metrics\boto\tests\db\test_password.py,101,34,1,5,0,0,0
boto,C:\Users\Zhifei Chen\Desktop\pysmell\subjects_for_metrics\boto\tests\integration\route53\test_health_check.py,137,66,0,6,0,0,0
boto,C:\Users\Zhifei Chen\Desktop\pysmell\subjects_for_metrics\boto\tests\integration\route53\test_health_check.py,144,67,0,6,0,0,0
boto,C:\Users\Zhifei Chen\Desktop\pysmell\subjects_for_metrics\boto\tests\integration\route53\test_health_check.py,145,68,0,6,0,0,0
boto,C:\Users\Zhifei Chen\Desktop\pysmell\subjects_for_metrics\boto\tests\integration\route53\test_zone.py,156,57,0,8,1,0,0
boto,C:\Users\Zhifei Chen\Desktop\pysmell\subjects_for_metrics\boto\tests\integration\s3\test_bucket.py,100,43,0,5,0,0,0
boto,C:\Users\Zhifei Chen\Desktop\pysmell\subjects_for_metrics\boto\tests\mturk\cleanup_tests.py,7,32,1,4,0,0,0
boto,C:\Users\Zhifei Chen\Desktop\pysmell\subjects_for_metrics\boto\tests\mturk\cleanup_tests.py,31,39,1,4,0,0,0
boto,C:\Users\Zhifei Chen\Desktop\pysmell\subjects_for_metrics\boto\tests\mturk\cleanup_tests.py,32,33,1,4,0,0,0
boto,C:\Users\Zhifei Chen\Desktop\pysmell\subjects_for_metrics\boto\tests\mturk\selenium_support.py,31,13,0,1,0,0,0
boto,C:\Users\Zhifei Chen\Desktop\pysmell\subjects_for_metrics\boto\tests\mturk\selenium_support.py,34,9,1,1,0,0,0
boto,C:\Users\Zhifei Chen\Desktop\pysmell\subjects_for_metrics\boto\tests\unit\cloudsearch\test_search.py,298,15,1,3,0,0,0
boto,C:\Users\Zhifei Chen\Desktop\pysmell\subjects_for_metrics\boto\tests\unit\cloudsearch2\test_search.py,244,15,1,3,0,0,0
boto,C:\Users\Zhifei Chen\Desktop\pysmell\subjects_for_metrics\boto\tests\unit\dynamodb2\test_table.py,1134,41,1,5,0,0,0
boto,C:\Users\Zhifei Chen\Desktop\pysmell\subjects_for_metrics\boto\tests\unit\dynamodb2\test_table.py,1572,32,1,5,0,0,0
boto,C:\Users\Zhifei Chen\Desktop\pysmell\subjects_for_metrics\boto\tests\unit\dynamodb2\test_table.py,1709,32,1,5,0,0,0
boto,C:\Users\Zhifei Chen\Desktop\pysmell\subjects_for_metrics\boto\tests\unit\dynamodb2\test_table.py,2167,11,0,1,0,0,0
boto,C:\Users\Zhifei Chen\Desktop\pysmell\subjects_for_metrics\boto\tests\unit\glacier\test_layer1.py,92,28,0,3,0,0,0
boto,C:\Users\Zhifei Chen\Desktop\pysmell\subjects_for_metrics\boto\tests\unit\mws\test_response.py,36,33,1,7,0,0,0
boto,C:\Users\Zhifei Chen\Desktop\pysmell\subjects_for_metrics\boto\tests\unit\mws\test_response.py,39,57,1,14,1,0,0
boto,C:\Users\Zhifei Chen\Desktop\pysmell\subjects_for_metrics\boto\tests\unit\mws\test_response.py,70,28,1,7,0,0,0
boto,C:\Users\Zhifei Chen\Desktop\pysmell\subjects_for_metrics\boto\tests\unit\mws\test_response.py,124,14,1,2,0,0,0
boto,C:\Users\Zhifei Chen\Desktop\pysmell\subjects_for_metrics\boto\tests\unit\mws\test_response.py,196,45,1,9,0,0,0
boto,C:\Users\Zhifei Chen\Desktop\pysmell\subjects_for_metrics\boto\tests\unit\provider\test_provider.py,206,32,2,5,0,0,0
boto,C:\Users\Zhifei Chen\Desktop\pysmell\subjects_for_metrics\boto\tests\unit\utils\test_utils.py,101,37,1,5,0,0,0
