subject,file,lineno,NOC,NOFF,NOO,experience-based,statistics-based,tuning machine
kivy,C:\Users\Zhifei Chen\Desktop\pysmell\subjects_for_metrics\kivy\setup.py,567,26,1,5,0,0,0
kivy,C:\Users\Zhifei Chen\Desktop\pysmell\subjects_for_metrics\kivy\setup.py,726,51,1,15,0,0,0
kivy,C:\Users\Zhifei Chen\Desktop\pysmell\subjects_for_metrics\kivy\setup.py,784,41,1,7,0,0,0
kivy,C:\Users\Zhifei Chen\Desktop\pysmell\subjects_for_metrics\kivy\setup.py,795,49,1,10,0,0,0
kivy,C:\Users\Zhifei Chen\Desktop\pysmell\subjects_for_metrics\kivy\setup.py,796,51,1,10,0,0,0
kivy,C:\Users\Zhifei Chen\Desktop\pysmell\subjects_for_metrics\kivy\setup.py,801,58,2,15,0,0,0
kivy,C:\Users\Zhifei Chen\Desktop\pysmell\subjects_for_metrics\kivy\doc\autobuild.py,104,137,2,33,1,1,1
kivy,C:\Users\Zhifei Chen\Desktop\pysmell\subjects_for_metrics\kivy\doc\autobuild.py,116,37,1,6,0,0,0
kivy,C:\Users\Zhifei Chen\Desktop\pysmell\subjects_for_metrics\kivy\doc\autobuild.py,124,45,2,10,0,0,0
kivy,C:\Users\Zhifei Chen\Desktop\pysmell\subjects_for_metrics\kivy\doc\gallery.py,127,52,1,7,0,0,0
kivy,C:\Users\Zhifei Chen\Desktop\pysmell\subjects_for_metrics\kivy\doc\gallery.py,141,47,1,7,0,0,0
kivy,C:\Users\Zhifei Chen\Desktop\pysmell\subjects_for_metrics\kivy\doc\gallery.py,151,38,1,5,0,0,0
kivy,C:\Users\Zhifei Chen\Desktop\pysmell\subjects_for_metrics\kivy\doc\sources\sphinxext\autodoc.py,22,142,1,23,1,0,1
kivy,C:\Users\Zhifei Chen\Desktop\pysmell\subjects_for_metrics\kivy\doc\sources\sphinxext\preprocess.py,67,30,2,8,0,0,0
kivy,C:\Users\Zhifei Chen\Desktop\pysmell\subjects_for_metrics\kivy\examples\3Drendering\objloader.py,19,27,1,9,0,0,0
kivy,C:\Users\Zhifei Chen\Desktop\pysmell\subjects_for_metrics\kivy\examples\3Drendering\objloader.py,20,27,1,9,0,0,0
kivy,C:\Users\Zhifei Chen\Desktop\pysmell\subjects_for_metrics\kivy\examples\3Drendering\objloader.py,21,27,1,9,0,0,0
kivy,C:\Users\Zhifei Chen\Desktop\pysmell\subjects_for_metrics\kivy\examples\demo\kivycatalog\main.py,46,60,2,13,0,0,0
kivy,C:\Users\Zhifei Chen\Desktop\pysmell\subjects_for_metrics\kivy\examples\demo\showcase\main.py,70,79,1,12,1,0,0
kivy,C:\Users\Zhifei Chen\Desktop\pysmell\subjects_for_metrics\kivy\examples\shader\shadertree.py,136,25,1,6,0,0,0
kivy,C:\Users\Zhifei Chen\Desktop\pysmell\subjects_for_metrics\kivy\examples\widgets\compound_selection.py,17,33,1,5,0,0,0
kivy,C:\Users\Zhifei Chen\Desktop\pysmell\subjects_for_metrics\kivy\examples\widgets\effectwidget3_advanced.py,35,26,1,6,0,0,0
kivy,C:\Users\Zhifei Chen\Desktop\pysmell\subjects_for_metrics\kivy\examples\widgets\label_sizing.py,169,36,1,5,0,0,0
kivy,C:\Users\Zhifei Chen\Desktop\pysmell\subjects_for_metrics\kivy\examples\widgets\lists\fixtures.py,4,60,1,14,0,0,0
kivy,C:\Users\Zhifei Chen\Desktop\pysmell\subjects_for_metrics\kivy\examples\widgets\lists\list_cascade.py,38,55,2,9,0,0,0
kivy,C:\Users\Zhifei Chen\Desktop\pysmell\subjects_for_metrics\kivy\examples\widgets\lists\list_cascade.py,75,67,1,9,0,0,0
kivy,C:\Users\Zhifei Chen\Desktop\pysmell\subjects_for_metrics\kivy\examples\widgets\lists\list_cascade.py,79,64,1,5,0,0,0
kivy,C:\Users\Zhifei Chen\Desktop\pysmell\subjects_for_metrics\kivy\examples\widgets\lists\list_cascade.py,136,58,2,7,0,0,0
kivy,C:\Users\Zhifei Chen\Desktop\pysmell\subjects_for_metrics\kivy\examples\widgets\lists\list_composite.py,41,41,1,8,0,0,0
kivy,C:\Users\Zhifei Chen\Desktop\pysmell\subjects_for_metrics\kivy\examples\widgets\lists\list_kv.py,50,24,1,7,0,0,0
kivy,C:\Users\Zhifei Chen\Desktop\pysmell\subjects_for_metrics\kivy\examples\widgets\lists\list_ops.py,38,32,1,5,0,0,0
kivy,C:\Users\Zhifei Chen\Desktop\pysmell\subjects_for_metrics\kivy\examples\widgets\lists\list_ops.py,45,32,1,5,0,0,0
kivy,C:\Users\Zhifei Chen\Desktop\pysmell\subjects_for_metrics\kivy\examples\widgets\lists\list_ops.py,106,68,1,8,0,0,0
kivy,C:\Users\Zhifei Chen\Desktop\pysmell\subjects_for_metrics\kivy\examples\widgets\lists\list_ops.py,178,37,1,3,0,0,0
kivy,C:\Users\Zhifei Chen\Desktop\pysmell\subjects_for_metrics\kivy\examples\widgets\lists\list_reset_data.py,19,48,1,9,0,0,0
kivy,C:\Users\Zhifei Chen\Desktop\pysmell\subjects_for_metrics\kivy\examples\widgets\lists\list_simple.py,13,32,1,7,0,0,0
kivy,C:\Users\Zhifei Chen\Desktop\pysmell\subjects_for_metrics\kivy\kivy\animation.py,348,44,1,15,0,0,0
kivy,C:\Users\Zhifei Chen\Desktop\pysmell\subjects_for_metrics\kivy\kivy\atlas.py,351,67,1,14,1,0,0
kivy,C:\Users\Zhifei Chen\Desktop\pysmell\subjects_for_metrics\kivy\kivy\atlas.py,441,48,2,10,0,0,0
kivy,C:\Users\Zhifei Chen\Desktop\pysmell\subjects_for_metrics\kivy\kivy\clock.py,412,20,1,5,0,0,0
kivy,C:\Users\Zhifei Chen\Desktop\pysmell\subjects_for_metrics\kivy\kivy\config.py,390,62,2,15,0,0,0
kivy,C:\Users\Zhifei Chen\Desktop\pysmell\subjects_for_metrics\kivy\kivy\config.py,390,31,1,9,0,0,0
kivy,C:\Users\Zhifei Chen\Desktop\pysmell\subjects_for_metrics\kivy\kivy\factory.py,119,62,2,12,0,0,0
kivy,C:\Users\Zhifei Chen\Desktop\pysmell\subjects_for_metrics\kivy\kivy\geometry.py,73,31,1,10,0,0,0
kivy,C:\Users\Zhifei Chen\Desktop\pysmell\subjects_for_metrics\kivy\kivy\gesture.py,152,42,1,7,0,0,0
kivy,C:\Users\Zhifei Chen\Desktop\pysmell\subjects_for_metrics\kivy\kivy\gesture.py,259,37,1,5,0,0,0
kivy,C:\Users\Zhifei Chen\Desktop\pysmell\subjects_for_metrics\kivy\kivy\gesture.py,260,37,1,5,0,0,0
kivy,C:\Users\Zhifei Chen\Desktop\pysmell\subjects_for_metrics\kivy\kivy\gesture.py,261,37,1,5,0,0,0
kivy,C:\Users\Zhifei Chen\Desktop\pysmell\subjects_for_metrics\kivy\kivy\gesture.py,262,37,1,5,0,0,0
kivy,C:\Users\Zhifei Chen\Desktop\pysmell\subjects_for_metrics\kivy\kivy\gesture.py,283,26,1,5,0,0,0
kivy,C:\Users\Zhifei Chen\Desktop\pysmell\subjects_for_metrics\kivy\kivy\gesture.py,284,26,1,5,0,0,0
kivy,C:\Users\Zhifei Chen\Desktop\pysmell\subjects_for_metrics\kivy\kivy\lang.py,1031,22,1,6,0,0,0
kivy,C:\Users\Zhifei Chen\Desktop\pysmell\subjects_for_metrics\kivy\kivy\lang.py,1405,39,1,8,0,0,0
kivy,C:\Users\Zhifei Chen\Desktop\pysmell\subjects_for_metrics\kivy\kivy\lang.py,1438,39,1,8,0,0,0
kivy,C:\Users\Zhifei Chen\Desktop\pysmell\subjects_for_metrics\kivy\kivy\lang.py,1752,59,1,14,0,0,0
kivy,C:\Users\Zhifei Chen\Desktop\pysmell\subjects_for_metrics\kivy\kivy\lang.py,1815,50,2,11,0,0,0
kivy,C:\Users\Zhifei Chen\Desktop\pysmell\subjects_for_metrics\kivy\kivy\lang.py,1911,37,1,10,0,0,0
kivy,C:\Users\Zhifei Chen\Desktop\pysmell\subjects_for_metrics\kivy\kivy\lang.py,2309,38,1,8,0,0,0
kivy,C:\Users\Zhifei Chen\Desktop\pysmell\subjects_for_metrics\kivy\kivy\lang.py,2321,26,1,4,0,0,0
kivy,C:\Users\Zhifei Chen\Desktop\pysmell\subjects_for_metrics\kivy\kivy\logger.py,125,46,1,9,0,0,0
kivy,C:\Users\Zhifei Chen\Desktop\pysmell\subjects_for_metrics\kivy\kivy\logger.py,128,45,1,11,0,0,0
kivy,C:\Users\Zhifei Chen\Desktop\pysmell\subjects_for_metrics\kivy\kivy\multistroke.py,376,45,2,11,0,0,0
kivy,C:\Users\Zhifei Chen\Desktop\pysmell\subjects_for_metrics\kivy\kivy\multistroke.py,376,27,1,8,0,0,0
kivy,C:\Users\Zhifei Chen\Desktop\pysmell\subjects_for_metrics\kivy\kivy\multistroke.py,404,51,2,11,0,0,0
kivy,C:\Users\Zhifei Chen\Desktop\pysmell\subjects_for_metrics\kivy\kivy\multistroke.py,404,21,1,7,0,0,0
kivy,C:\Users\Zhifei Chen\Desktop\pysmell\subjects_for_metrics\kivy\kivy\multistroke.py,868,27,2,5,0,0,0
kivy,C:\Users\Zhifei Chen\Desktop\pysmell\subjects_for_metrics\kivy\kivy\multistroke.py,1013,36,1,9,0,0,0
kivy,C:\Users\Zhifei Chen\Desktop\pysmell\subjects_for_metrics\kivy\kivy\multistroke.py,1021,157,1,13,1,0,0
kivy,C:\Users\Zhifei Chen\Desktop\pysmell\subjects_for_metrics\kivy\kivy\multistroke.py,1258,32,2,6,0,0,0
kivy,C:\Users\Zhifei Chen\Desktop\pysmell\subjects_for_metrics\kivy\kivy\parser.py,76,16,1,5,0,0,0
kivy,C:\Users\Zhifei Chen\Desktop\pysmell\subjects_for_metrics\kivy\kivy\parser.py,115,40,2,11,0,0,0
kivy,C:\Users\Zhifei Chen\Desktop\pysmell\subjects_for_metrics\kivy\kivy\parser.py,133,40,2,11,0,0,0
kivy,C:\Users\Zhifei Chen\Desktop\pysmell\subjects_for_metrics\kivy\kivy\parser.py,138,24,1,7,0,0,0
kivy,C:\Users\Zhifei Chen\Desktop\pysmell\subjects_for_metrics\kivy\kivy\utils.py,35,24,2,6,0,0,0
kivy,C:\Users\Zhifei Chen\Desktop\pysmell\subjects_for_metrics\kivy\kivy\utils.py,40,27,2,6,0,0,0
kivy,C:\Users\Zhifei Chen\Desktop\pysmell\subjects_for_metrics\kivy\kivy\utils.py,97,66,2,16,1,0,0
kivy,C:\Users\Zhifei Chen\Desktop\pysmell\subjects_for_metrics\kivy\kivy\utils.py,114,43,1,10,0,0,0
kivy,C:\Users\Zhifei Chen\Desktop\pysmell\subjects_for_metrics\kivy\kivy\utils.py,289,55,1,10,0,0,0
kivy,C:\Users\Zhifei Chen\Desktop\pysmell\subjects_for_metrics\kivy\kivy\vector.py,154,16,1,4,0,0,0
kivy,C:\Users\Zhifei Chen\Desktop\pysmell\subjects_for_metrics\kivy\kivy\__init__.py,104,15,1,5,0,0,0
kivy,C:\Users\Zhifei Chen\Desktop\pysmell\subjects_for_metrics\kivy\kivy\__init__.py,256,61,1,10,0,0,0
kivy,C:\Users\Zhifei Chen\Desktop\pysmell\subjects_for_metrics\kivy\kivy\__init__.py,260,36,1,6,0,0,0
kivy,C:\Users\Zhifei Chen\Desktop\pysmell\subjects_for_metrics\kivy\kivy\__init__.py,262,38,1,6,0,0,0
kivy,C:\Users\Zhifei Chen\Desktop\pysmell\subjects_for_metrics\kivy\kivy\adapters\dictadapter.py,112,32,1,5,0,0,0
kivy,C:\Users\Zhifei Chen\Desktop\pysmell\subjects_for_metrics\kivy\kivy\adapters\dictadapter.py,115,42,1,8,0,0,0
kivy,C:\Users\Zhifei Chen\Desktop\pysmell\subjects_for_metrics\kivy\kivy\adapters\dictadapter.py,124,32,1,5,0,0,0
kivy,C:\Users\Zhifei Chen\Desktop\pysmell\subjects_for_metrics\kivy\kivy\adapters\dictadapter.py,127,42,1,8,0,0,0
kivy,C:\Users\Zhifei Chen\Desktop\pysmell\subjects_for_metrics\kivy\kivy\adapters\dictadapter.py,138,32,1,5,0,0,0
kivy,C:\Users\Zhifei Chen\Desktop\pysmell\subjects_for_metrics\kivy\kivy\adapters\dictadapter.py,142,42,1,8,0,0,0
kivy,C:\Users\Zhifei Chen\Desktop\pysmell\subjects_for_metrics\kivy\kivy\adapters\dictadapter.py,151,32,1,5,0,0,0
kivy,C:\Users\Zhifei Chen\Desktop\pysmell\subjects_for_metrics\kivy\kivy\adapters\dictadapter.py,152,43,1,8,0,0,0
kivy,C:\Users\Zhifei Chen\Desktop\pysmell\subjects_for_metrics\kivy\kivy\adapters\listadapter.py,422,33,1,5,0,0,0
kivy,C:\Users\Zhifei Chen\Desktop\pysmell\subjects_for_metrics\kivy\kivy\adapters\listadapter.py,430,33,1,5,0,0,0
kivy,C:\Users\Zhifei Chen\Desktop\pysmell\subjects_for_metrics\kivy\kivy\adapters\listadapter.py,441,33,1,5,0,0,0
kivy,C:\Users\Zhifei Chen\Desktop\pysmell\subjects_for_metrics\kivy\kivy\core\__init__.py,93,103,1,20,1,0,0
kivy,C:\Users\Zhifei Chen\Desktop\pysmell\subjects_for_metrics\kivy\kivy\core\audio\audio_gi.py,21,35,1,8,0,0,0
kivy,C:\Users\Zhifei Chen\Desktop\pysmell\subjects_for_metrics\kivy\kivy\core\camera\camera_gi.py,26,35,1,8,0,0,0
kivy,C:\Users\Zhifei Chen\Desktop\pysmell\subjects_for_metrics\kivy\kivy\core\clipboard\__init__.py,162,23,1,5,0,0,0
kivy,C:\Users\Zhifei Chen\Desktop\pysmell\subjects_for_metrics\kivy\kivy\core\image\img_ffpyplayer.py,81,74,1,13,1,0,0
kivy,C:\Users\Zhifei Chen\Desktop\pysmell\subjects_for_metrics\kivy\kivy\core\image\img_gif.py,183,27,1,9,0,0,0
kivy,C:\Users\Zhifei Chen\Desktop\pysmell\subjects_for_metrics\kivy\kivy\core\image\img_gif.py,247,21,1,5,0,0,0
kivy,C:\Users\Zhifei Chen\Desktop\pysmell\subjects_for_metrics\kivy\kivy\core\image\img_gif.py,282,21,1,5,0,0,0
kivy,C:\Users\Zhifei Chen\Desktop\pysmell\subjects_for_metrics\kivy\kivy\core\image\img_gif.py,334,25,1,8,0,0,0
kivy,C:\Users\Zhifei Chen\Desktop\pysmell\subjects_for_metrics\kivy\kivy\core\image\img_gif.py,429,23,1,5,0,0,0
kivy,C:\Users\Zhifei Chen\Desktop\pysmell\subjects_for_metrics\kivy\kivy\core\image\__init__.py,719,95,2,13,1,0,0
kivy,C:\Users\Zhifei Chen\Desktop\pysmell\subjects_for_metrics\kivy\kivy\core\image\__init__.py,799,42,2,7,0,0,0
kivy,C:\Users\Zhifei Chen\Desktop\pysmell\subjects_for_metrics\kivy\kivy\core\image\__init__.py,868,20,1,5,0,0,0
kivy,C:\Users\Zhifei Chen\Desktop\pysmell\subjects_for_metrics\kivy\kivy\core\spelling\spelling_enchant.py,41,35,2,7,0,0,0
kivy,C:\Users\Zhifei Chen\Desktop\pysmell\subjects_for_metrics\kivy\kivy\core\spelling\spelling_enchant.py,43,36,1,6,0,0,0
kivy,C:\Users\Zhifei Chen\Desktop\pysmell\subjects_for_metrics\kivy\kivy\core\text\markup.py,99,19,2,6,0,0,0
kivy,C:\Users\Zhifei Chen\Desktop\pysmell\subjects_for_metrics\kivy\kivy\core\text\markup.py,285,43,2,13,0,0,0
kivy,C:\Users\Zhifei Chen\Desktop\pysmell\subjects_for_metrics\kivy\kivy\core\text\markup.py,606,22,1,4,0,0,0
kivy,C:\Users\Zhifei Chen\Desktop\pysmell\subjects_for_metrics\kivy\kivy\core\text\markup.py,608,22,1,4,0,0,0
kivy,C:\Users\Zhifei Chen\Desktop\pysmell\subjects_for_metrics\kivy\kivy\core\text\markup.py,653,23,1,4,0,0,0
kivy,C:\Users\Zhifei Chen\Desktop\pysmell\subjects_for_metrics\kivy\kivy\core\text\markup.py,654,23,1,4,0,0,0
kivy,C:\Users\Zhifei Chen\Desktop\pysmell\subjects_for_metrics\kivy\kivy\core\text\markup.py,711,23,1,4,0,0,0
kivy,C:\Users\Zhifei Chen\Desktop\pysmell\subjects_for_metrics\kivy\kivy\core\text\markup.py,712,23,1,4,0,0,0
kivy,C:\Users\Zhifei Chen\Desktop\pysmell\subjects_for_metrics\kivy\kivy\core\text\markup.py,750,23,1,4,0,0,0
kivy,C:\Users\Zhifei Chen\Desktop\pysmell\subjects_for_metrics\kivy\kivy\core\text\markup.py,751,23,1,4,0,0,0
kivy,C:\Users\Zhifei Chen\Desktop\pysmell\subjects_for_metrics\kivy\kivy\core\text\text_pil.py,51,41,1,10,0,0,0
kivy,C:\Users\Zhifei Chen\Desktop\pysmell\subjects_for_metrics\kivy\kivy\core\text\text_pygame.py,37,71,1,12,1,0,0
kivy,C:\Users\Zhifei Chen\Desktop\pysmell\subjects_for_metrics\kivy\kivy\core\text\text_pygame.py,96,36,1,8,0,0,0
kivy,C:\Users\Zhifei Chen\Desktop\pysmell\subjects_for_metrics\kivy\kivy\core\text\text_sdl2.py,25,71,1,12,1,0,0
kivy,C:\Users\Zhifei Chen\Desktop\pysmell\subjects_for_metrics\kivy\kivy\core\text\__init__.py,721,66,1,10,0,0,0
kivy,C:\Users\Zhifei Chen\Desktop\pysmell\subjects_for_metrics\kivy\kivy\core\video\video_gi.py,41,35,1,8,0,0,0
kivy,C:\Users\Zhifei Chen\Desktop\pysmell\subjects_for_metrics\kivy\kivy\ext\__init__.py,253,53,2,11,0,0,0
kivy,C:\Users\Zhifei Chen\Desktop\pysmell\subjects_for_metrics\kivy\kivy\input\motionevent.py,404,28,1,6,0,0,0
kivy,C:\Users\Zhifei Chen\Desktop\pysmell\subjects_for_metrics\kivy\kivy\input\recorder.py,187,83,2,13,1,0,0
kivy,C:\Users\Zhifei Chen\Desktop\pysmell\subjects_for_metrics\kivy\kivy\input\recorder.py,190,59,2,8,0,0,0
kivy,C:\Users\Zhifei Chen\Desktop\pysmell\subjects_for_metrics\kivy\kivy\input\recorder.py,258,31,1,8,0,0,0
kivy,C:\Users\Zhifei Chen\Desktop\pysmell\subjects_for_metrics\kivy\kivy\input\postproc\ignorelist.py,46,73,2,12,1,0,0
kivy,C:\Users\Zhifei Chen\Desktop\pysmell\subjects_for_metrics\kivy\kivy\input\providers\hidinput.py,574,67,2,13,1,0,0
kivy,C:\Users\Zhifei Chen\Desktop\pysmell\subjects_for_metrics\kivy\kivy\input\providers\mtdev.py,312,27,1,5,0,0,0
kivy,C:\Users\Zhifei Chen\Desktop\pysmell\subjects_for_metrics\kivy\kivy\input\providers\mtdev.py,324,27,1,5,0,0,0
kivy,C:\Users\Zhifei Chen\Desktop\pysmell\subjects_for_metrics\kivy\kivy\input\providers\probesysfs.py,89,42,1,11,0,0,0
kivy,C:\Users\Zhifei Chen\Desktop\pysmell\subjects_for_metrics\kivy\kivy\input\providers\probesysfs.py,139,32,1,7,0,0,0
kivy,C:\Users\Zhifei Chen\Desktop\pysmell\subjects_for_metrics\kivy\kivy\input\providers\probesysfs.py,195,74,2,8,0,0,0
kivy,C:\Users\Zhifei Chen\Desktop\pysmell\subjects_for_metrics\kivy\kivy\input\providers\probesysfs.py,208,85,2,13,1,0,0
kivy,C:\Users\Zhifei Chen\Desktop\pysmell\subjects_for_metrics\kivy\kivy\modules\console.py,404,38,1,6,0,0,0
kivy,C:\Users\Zhifei Chen\Desktop\pysmell\subjects_for_metrics\kivy\kivy\modules\console.py,910,56,2,9,0,0,0
kivy,C:\Users\Zhifei Chen\Desktop\pysmell\subjects_for_metrics\kivy\kivy\modules\console.py,912,61,2,10,0,0,0
kivy,C:\Users\Zhifei Chen\Desktop\pysmell\subjects_for_metrics\kivy\kivy\modules\console.py,1002,57,2,10,0,0,0
kivy,C:\Users\Zhifei Chen\Desktop\pysmell\subjects_for_metrics\kivy\kivy\modules\console.py,1009,52,2,9,0,0,0
kivy,C:\Users\Zhifei Chen\Desktop\pysmell\subjects_for_metrics\kivy\kivy\modules\console.py,1017,52,2,9,0,0,0
kivy,C:\Users\Zhifei Chen\Desktop\pysmell\subjects_for_metrics\kivy\kivy\modules\inspector.py,389,56,2,9,0,0,0
kivy,C:\Users\Zhifei Chen\Desktop\pysmell\subjects_for_metrics\kivy\kivy\modules\inspector.py,390,61,2,10,0,0,0
kivy,C:\Users\Zhifei Chen\Desktop\pysmell\subjects_for_metrics\kivy\kivy\modules\touchring.py,126,36,1,8,0,0,0
kivy,C:\Users\Zhifei Chen\Desktop\pysmell\subjects_for_metrics\kivy\kivy\modules\touchring.py,130,38,1,8,0,0,0
kivy,C:\Users\Zhifei Chen\Desktop\pysmell\subjects_for_metrics\kivy\kivy\modules\_webdebugger.py,67,27,1,6,0,0,0
kivy,C:\Users\Zhifei Chen\Desktop\pysmell\subjects_for_metrics\kivy\kivy\modules\__init__.py,215,35,1,8,0,0,0
kivy,C:\Users\Zhifei Chen\Desktop\pysmell\subjects_for_metrics\kivy\kivy\modules\__init__.py,231,35,1,8,0,0,0
kivy,C:\Users\Zhifei Chen\Desktop\pysmell\subjects_for_metrics\kivy\kivy\storage\redisstore.py,89,46,1,13,0,0,0
kivy,C:\Users\Zhifei Chen\Desktop\pysmell\subjects_for_metrics\kivy\kivy\storage\redisstore.py,99,23,1,5,0,0,0
kivy,C:\Users\Zhifei Chen\Desktop\pysmell\subjects_for_metrics\kivy\kivy\tests\test_adapters.py,38,60,1,14,0,0,0
kivy,C:\Users\Zhifei Chen\Desktop\pysmell\subjects_for_metrics\kivy\kivy\tests\test_adapters.py,226,67,1,9,0,0,0
kivy,C:\Users\Zhifei Chen\Desktop\pysmell\subjects_for_metrics\kivy\kivy\tests\test_adapters.py,229,64,1,5,0,0,0
kivy,C:\Users\Zhifei Chen\Desktop\pysmell\subjects_for_metrics\kivy\kivy\tests\test_adapters.py,250,55,2,9,0,0,0
kivy,C:\Users\Zhifei Chen\Desktop\pysmell\subjects_for_metrics\kivy\kivy\tests\test_adapters.py,286,60,1,14,0,0,0
kivy,C:\Users\Zhifei Chen\Desktop\pysmell\subjects_for_metrics\kivy\kivy\tests\test_adapters.py,499,30,1,4,0,0,0
kivy,C:\Users\Zhifei Chen\Desktop\pysmell\subjects_for_metrics\kivy\kivy\tests\test_adapters.py,538,35,1,5,0,0,0
kivy,C:\Users\Zhifei Chen\Desktop\pysmell\subjects_for_metrics\kivy\kivy\tests\test_adapters.py,562,46,1,7,0,0,0
kivy,C:\Users\Zhifei Chen\Desktop\pysmell\subjects_for_metrics\kivy\kivy\tests\test_adapters.py,715,35,1,5,0,0,0
kivy,C:\Users\Zhifei Chen\Desktop\pysmell\subjects_for_metrics\kivy\kivy\tests\test_adapters.py,772,53,1,11,0,0,0
kivy,C:\Users\Zhifei Chen\Desktop\pysmell\subjects_for_metrics\kivy\kivy\tests\test_adapters.py,784,38,1,6,0,0,0
kivy,C:\Users\Zhifei Chen\Desktop\pysmell\subjects_for_metrics\kivy\kivy\tests\test_adapters.py,785,24,1,7,0,0,0
kivy,C:\Users\Zhifei Chen\Desktop\pysmell\subjects_for_metrics\kivy\kivy\tests\test_adapters.py,803,53,1,11,0,0,0
kivy,C:\Users\Zhifei Chen\Desktop\pysmell\subjects_for_metrics\kivy\kivy\tests\test_adapters.py,815,38,1,6,0,0,0
kivy,C:\Users\Zhifei Chen\Desktop\pysmell\subjects_for_metrics\kivy\kivy\tests\test_adapters.py,816,24,1,7,0,0,0
kivy,C:\Users\Zhifei Chen\Desktop\pysmell\subjects_for_metrics\kivy\kivy\tests\test_adapters.py,850,58,2,7,0,0,0
kivy,C:\Users\Zhifei Chen\Desktop\pysmell\subjects_for_metrics\kivy\kivy\tests\test_adapters.py,933,37,1,3,0,0,0
kivy,C:\Users\Zhifei Chen\Desktop\pysmell\subjects_for_metrics\kivy\kivy\tests\test_adapters.py,1060,41,1,8,0,0,0
kivy,C:\Users\Zhifei Chen\Desktop\pysmell\subjects_for_metrics\kivy\kivy\tests\test_adapters.py,1316,48,1,8,0,0,0
kivy,C:\Users\Zhifei Chen\Desktop\pysmell\subjects_for_metrics\kivy\kivy\tests\test_adapters.py,1323,17,1,3,0,0,0
kivy,C:\Users\Zhifei Chen\Desktop\pysmell\subjects_for_metrics\kivy\kivy\tests\test_clock.py,22,20,1,5,0,0,0
kivy,C:\Users\Zhifei Chen\Desktop\pysmell\subjects_for_metrics\kivy\kivy\tests\test_filechooser_unicode.py,46,31,1,6,0,0,0
kivy,C:\Users\Zhifei Chen\Desktop\pysmell\subjects_for_metrics\kivy\kivy\tests\test_filechooser_unicode.py,47,31,1,6,0,0,0
kivy,C:\Users\Zhifei Chen\Desktop\pysmell\subjects_for_metrics\kivy\kivy\tests\test_filechooser_unicode.py,59,35,1,6,0,0,0
kivy,C:\Users\Zhifei Chen\Desktop\pysmell\subjects_for_metrics\kivy\kivy\tests\test_filechooser_unicode.py,75,39,1,8,0,0,0
kivy,C:\Users\Zhifei Chen\Desktop\pysmell\subjects_for_metrics\kivy\kivy\tests\test_filechooser_unicode.py,86,39,1,8,0,0,0
kivy,C:\Users\Zhifei Chen\Desktop\pysmell\subjects_for_metrics\kivy\kivy\tests\test_graphics.py,68,22,1,7,0,0,0
kivy,C:\Users\Zhifei Chen\Desktop\pysmell\subjects_for_metrics\kivy\kivy\tests\test_selection.py,24,60,1,14,0,0,0
kivy,C:\Users\Zhifei Chen\Desktop\pysmell\subjects_for_metrics\kivy\kivy\tests\test_selection.py,208,67,1,9,0,0,0
kivy,C:\Users\Zhifei Chen\Desktop\pysmell\subjects_for_metrics\kivy\kivy\tests\test_selection.py,211,64,1,5,0,0,0
kivy,C:\Users\Zhifei Chen\Desktop\pysmell\subjects_for_metrics\kivy\kivy\tests\test_selection.py,256,35,1,5,0,0,0
kivy,C:\Users\Zhifei Chen\Desktop\pysmell\subjects_for_metrics\kivy\kivy\tests\test_uix_listview.py,22,32,1,7,0,0,0
kivy,C:\Users\Zhifei Chen\Desktop\pysmell\subjects_for_metrics\kivy\kivy\tests\test_uix_listview.py,32,38,1,8,0,0,0
kivy,C:\Users\Zhifei Chen\Desktop\pysmell\subjects_for_metrics\kivy\kivy\tests\test_uix_listview.py,87,53,1,11,0,0,0
kivy,C:\Users\Zhifei Chen\Desktop\pysmell\subjects_for_metrics\kivy\kivy\tests\test_uix_listview.py,108,53,1,11,0,0,0
kivy,C:\Users\Zhifei Chen\Desktop\pysmell\subjects_for_metrics\kivy\kivy\tests\test_uix_listview.py,128,32,1,7,0,0,0
kivy,C:\Users\Zhifei Chen\Desktop\pysmell\subjects_for_metrics\kivy\kivy\tests\test_uix_stacklayout.py,21,43,1,9,0,0,0
kivy,C:\Users\Zhifei Chen\Desktop\pysmell\subjects_for_metrics\kivy\kivy\tests\test_uix_stacklayout.py,33,58,1,12,0,0,0
kivy,C:\Users\Zhifei Chen\Desktop\pysmell\subjects_for_metrics\kivy\kivy\tests\test_uix_stacklayout.py,47,43,1,9,0,0,0
kivy,C:\Users\Zhifei Chen\Desktop\pysmell\subjects_for_metrics\kivy\kivy\tests\test_uix_stacklayout.py,61,43,1,9,0,0,0
kivy,C:\Users\Zhifei Chen\Desktop\pysmell\subjects_for_metrics\kivy\kivy\tests\test_uix_stacklayout.py,74,43,1,9,0,0,0
kivy,C:\Users\Zhifei Chen\Desktop\pysmell\subjects_for_metrics\kivy\kivy\tests\test_uix_stacklayout.py,87,43,1,9,0,0,0
kivy,C:\Users\Zhifei Chen\Desktop\pysmell\subjects_for_metrics\kivy\kivy\tests\test_uix_stacklayout.py,100,53,1,14,0,0,0
kivy,C:\Users\Zhifei Chen\Desktop\pysmell\subjects_for_metrics\kivy\kivy\tests\test_uix_stacklayout.py,116,46,1,10,0,0,0
kivy,C:\Users\Zhifei Chen\Desktop\pysmell\subjects_for_metrics\kivy\kivy\tests\test_widget_walk.py,58,36,1,8,0,0,0
kivy,C:\Users\Zhifei Chen\Desktop\pysmell\subjects_for_metrics\kivy\kivy\tests\test_widget_walk.py,59,44,1,8,0,0,0
kivy,C:\Users\Zhifei Chen\Desktop\pysmell\subjects_for_metrics\kivy\kivy\tests\test_widget_walk.py,68,34,1,6,0,0,0
kivy,C:\Users\Zhifei Chen\Desktop\pysmell\subjects_for_metrics\kivy\kivy\tests\test_widget_walk.py,69,42,1,6,0,0,0
kivy,C:\Users\Zhifei Chen\Desktop\pysmell\subjects_for_metrics\kivy\kivy\tools\benchmark.py,97,48,1,14,0,0,0
kivy,C:\Users\Zhifei Chen\Desktop\pysmell\subjects_for_metrics\kivy\kivy\tools\benchmark.py,129,48,1,14,0,0,0
kivy,C:\Users\Zhifei Chen\Desktop\pysmell\subjects_for_metrics\kivy\kivy\tools\benchmark.py,181,50,2,10,0,0,0
kivy,C:\Users\Zhifei Chen\Desktop\pysmell\subjects_for_metrics\kivy\kivy\tools\extensions\make-kivyext.py,155,36,1,8,0,0,0
kivy,C:\Users\Zhifei Chen\Desktop\pysmell\subjects_for_metrics\kivy\kivy\tools\packaging\pyinstaller_hooks\hook-kivy.py,28,52,1,10,0,0,0
kivy,C:\Users\Zhifei Chen\Desktop\pysmell\subjects_for_metrics\kivy\kivy\tools\pep8checker\pep8.py,1116,45,1,10,0,0,0
kivy,C:\Users\Zhifei Chen\Desktop\pysmell\subjects_for_metrics\kivy\kivy\tools\pep8checker\pep8.py,1123,106,2,22,1,0,1
kivy,C:\Users\Zhifei Chen\Desktop\pysmell\subjects_for_metrics\kivy\kivy\tools\pep8checker\pep8.py,1135,47,1,6,0,0,0
kivy,C:\Users\Zhifei Chen\Desktop\pysmell\subjects_for_metrics\kivy\kivy\tools\pep8checker\pep8.py,1442,65,2,11,0,0,0
kivy,C:\Users\Zhifei Chen\Desktop\pysmell\subjects_for_metrics\kivy\kivy\tools\pep8checker\pep8.py,1454,111,2,21,1,0,0
kivy,C:\Users\Zhifei Chen\Desktop\pysmell\subjects_for_metrics\kivy\kivy\tools\pep8checker\pep8.py,1670,52,1,9,0,0,0
kivy,C:\Users\Zhifei Chen\Desktop\pysmell\subjects_for_metrics\kivy\kivy\tools\pep8checker\pep8.py,1710,27,2,6,0,0,0
kivy,C:\Users\Zhifei Chen\Desktop\pysmell\subjects_for_metrics\kivy\kivy\tools\pep8checker\pep8.py,1750,55,2,7,0,0,0
kivy,C:\Users\Zhifei Chen\Desktop\pysmell\subjects_for_metrics\kivy\kivy\tools\pep8checker\pep8.py,1792,53,1,11,0,0,0
kivy,C:\Users\Zhifei Chen\Desktop\pysmell\subjects_for_metrics\kivy\kivy\uix\accordion.py,390,26,1,4,0,0,0
kivy,C:\Users\Zhifei Chen\Desktop\pysmell\subjects_for_metrics\kivy\kivy\uix\actionbar.py,343,28,1,4,0,0,0
kivy,C:\Users\Zhifei Chen\Desktop\pysmell\subjects_for_metrics\kivy\kivy\uix\behaviors.py,345,33,2,8,0,0,0
kivy,C:\Users\Zhifei Chen\Desktop\pysmell\subjects_for_metrics\kivy\kivy\uix\behaviors.py,496,26,1,5,0,0,0
kivy,C:\Users\Zhifei Chen\Desktop\pysmell\subjects_for_metrics\kivy\kivy\uix\carousel.py,69,27,1,5,0,0,0
kivy,C:\Users\Zhifei Chen\Desktop\pysmell\subjects_for_metrics\kivy\kivy\uix\carousel.py,543,26,1,5,0,0,0
kivy,C:\Users\Zhifei Chen\Desktop\pysmell\subjects_for_metrics\kivy\kivy\uix\colorpicker.py,138,36,1,11,0,0,0
kivy,C:\Users\Zhifei Chen\Desktop\pysmell\subjects_for_metrics\kivy\kivy\uix\colorpicker.py,139,46,1,13,0,0,0
kivy,C:\Users\Zhifei Chen\Desktop\pysmell\subjects_for_metrics\kivy\kivy\uix\colorpicker.py,355,46,1,12,0,0,0
kivy,C:\Users\Zhifei Chen\Desktop\pysmell\subjects_for_metrics\kivy\kivy\uix\effectwidget.py,503,40,1,12,0,0,0
kivy,C:\Users\Zhifei Chen\Desktop\pysmell\subjects_for_metrics\kivy\kivy\uix\effectwidget.py,689,31,1,6,0,0,0
kivy,C:\Users\Zhifei Chen\Desktop\pysmell\subjects_for_metrics\kivy\kivy\uix\filechooser.py,128,36,2,7,0,0,0
kivy,C:\Users\Zhifei Chen\Desktop\pysmell\subjects_for_metrics\kivy\kivy\uix\filechooser.py,129,41,2,8,0,0,0
kivy,C:\Users\Zhifei Chen\Desktop\pysmell\subjects_for_metrics\kivy\kivy\uix\filechooser.py,648,36,2,8,0,0,0
kivy,C:\Users\Zhifei Chen\Desktop\pysmell\subjects_for_metrics\kivy\kivy\uix\filechooser.py,650,34,2,7,0,0,0
kivy,C:\Users\Zhifei Chen\Desktop\pysmell\subjects_for_metrics\kivy\kivy\uix\filechooser.py,652,45,2,8,0,0,0
kivy,C:\Users\Zhifei Chen\Desktop\pysmell\subjects_for_metrics\kivy\kivy\uix\filechooser.py,693,25,1,4,0,0,0
kivy,C:\Users\Zhifei Chen\Desktop\pysmell\subjects_for_metrics\kivy\kivy\uix\filechooser.py,837,33,2,7,0,0,0
kivy,C:\Users\Zhifei Chen\Desktop\pysmell\subjects_for_metrics\kivy\kivy\uix\filechooser.py,954,51,1,8,0,0,0
kivy,C:\Users\Zhifei Chen\Desktop\pysmell\subjects_for_metrics\kivy\kivy\uix\filechooser.py,983,35,1,5,0,0,0
kivy,C:\Users\Zhifei Chen\Desktop\pysmell\subjects_for_metrics\kivy\kivy\uix\filechooser.py,1007,66,1,9,0,0,0
kivy,C:\Users\Zhifei Chen\Desktop\pysmell\subjects_for_metrics\kivy\kivy\uix\filechooser.py,1012,28,1,6,0,0,0
kivy,C:\Users\Zhifei Chen\Desktop\pysmell\subjects_for_metrics\kivy\kivy\uix\gesturesurface.py,139,47,1,15,0,0,0
kivy,C:\Users\Zhifei Chen\Desktop\pysmell\subjects_for_metrics\kivy\kivy\uix\gridlayout.py,103,27,2,6,0,0,0
kivy,C:\Users\Zhifei Chen\Desktop\pysmell\subjects_for_metrics\kivy\kivy\uix\gridlayout.py,389,19,2,4,0,0,0
kivy,C:\Users\Zhifei Chen\Desktop\pysmell\subjects_for_metrics\kivy\kivy\uix\gridlayout.py,411,19,2,4,0,0,0
kivy,C:\Users\Zhifei Chen\Desktop\pysmell\subjects_for_metrics\kivy\kivy\uix\label.py,284,24,1,6,0,0,0
kivy,C:\Users\Zhifei Chen\Desktop\pysmell\subjects_for_metrics\kivy\kivy\uix\scatter.py,448,67,2,12,1,0,0
kivy,C:\Users\Zhifei Chen\Desktop\pysmell\subjects_for_metrics\kivy\kivy\uix\screenmanager.py,850,26,1,5,0,0,0
kivy,C:\Users\Zhifei Chen\Desktop\pysmell\subjects_for_metrics\kivy\kivy\uix\screenmanager.py,941,37,2,8,0,0,0
kivy,C:\Users\Zhifei Chen\Desktop\pysmell\subjects_for_metrics\kivy\kivy\uix\screenmanager.py,954,37,2,8,0,0,0
kivy,C:\Users\Zhifei Chen\Desktop\pysmell\subjects_for_metrics\kivy\kivy\uix\textinput.py,665,60,1,16,0,0,0
kivy,C:\Users\Zhifei Chen\Desktop\pysmell\subjects_for_metrics\kivy\kivy\uix\textinput.py,2833,64,2,16,0,0,0
kivy,C:\Users\Zhifei Chen\Desktop\pysmell\subjects_for_metrics\kivy\kivy\uix\widget.py,308,45,2,14,0,0,0
