subject,file,lineno,CLOC,experience-based,statistics-based,tuning machine
kivy,C:\Users\Zhifei Chen\Desktop\pysmell\subjects_for_metrics\kivy\setup.py,208,4,0,0,0
kivy,C:\Users\Zhifei Chen\Desktop\pysmell\subjects_for_metrics\kivy\setup.py,434,2,0,0,0
kivy,C:\Users\Zhifei Chen\Desktop\pysmell\subjects_for_metrics\kivy\doc\sources\sphinxext\autodoc.py,7,2,0,0,0
kivy,C:\Users\Zhifei Chen\Desktop\pysmell\subjects_for_metrics\kivy\doc\sources\sphinxext\kivy_pygments_theme.py,7,64,1,1,1
kivy,C:\Users\Zhifei Chen\Desktop\pysmell\subjects_for_metrics\kivy\doc\sources\sphinxext\preprocess.py,11,2,0,0,0
kivy,C:\Users\Zhifei Chen\Desktop\pysmell\subjects_for_metrics\kivy\examples\3Drendering\main.py,26,6,0,0,0
kivy,C:\Users\Zhifei Chen\Desktop\pysmell\subjects_for_metrics\kivy\examples\3Drendering\main.py,70,2,0,0,0
kivy,C:\Users\Zhifei Chen\Desktop\pysmell\subjects_for_metrics\kivy\examples\3Drendering\objloader.py,1,3,0,0,0
kivy,C:\Users\Zhifei Chen\Desktop\pysmell\subjects_for_metrics\kivy\examples\3Drendering\objloader.py,39,2,0,0,0
kivy,C:\Users\Zhifei Chen\Desktop\pysmell\subjects_for_metrics\kivy\examples\android\compass\main.py,35,6,0,0,0
kivy,C:\Users\Zhifei Chen\Desktop\pysmell\subjects_for_metrics\kivy\examples\android\takepicture\main.py,41,2,0,0,0
kivy,C:\Users\Zhifei Chen\Desktop\pysmell\subjects_for_metrics\kivy\examples\android\takepicture\main.py,45,7,0,0,0
kivy,C:\Users\Zhifei Chen\Desktop\pysmell\subjects_for_metrics\kivy\examples\animation\animate.py,18,3,0,0,0
kivy,C:\Users\Zhifei Chen\Desktop\pysmell\subjects_for_metrics\kivy\examples\application\app_suite.py,33,2,0,0,0
kivy,C:\Users\Zhifei Chen\Desktop\pysmell\subjects_for_metrics\kivy\examples\application\app_suite.py,44,2,0,0,0
kivy,C:\Users\Zhifei Chen\Desktop\pysmell\subjects_for_metrics\kivy\examples\application\app_suite.py,54,2,0,0,0
kivy,C:\Users\Zhifei Chen\Desktop\pysmell\subjects_for_metrics\kivy\examples\application\app_suite.py,64,2,0,0,0
kivy,C:\Users\Zhifei Chen\Desktop\pysmell\subjects_for_metrics\kivy\examples\application\app_suite.py,78,6,0,0,0
kivy,C:\Users\Zhifei Chen\Desktop\pysmell\subjects_for_metrics\kivy\examples\application\app_suite.py,86,2,0,0,0
kivy,C:\Users\Zhifei Chen\Desktop\pysmell\subjects_for_metrics\kivy\examples\application\app_with_build.py,16,2,0,0,0
kivy,C:\Users\Zhifei Chen\Desktop\pysmell\subjects_for_metrics\kivy\examples\application\app_with_kv.py,20,2,0,0,0
kivy,C:\Users\Zhifei Chen\Desktop\pysmell\subjects_for_metrics\kivy\examples\application\app_with_kv_in_template1.py,22,2,0,0,0
kivy,C:\Users\Zhifei Chen\Desktop\pysmell\subjects_for_metrics\kivy\examples\audio\main.py,26,7,0,0,0
kivy,C:\Users\Zhifei Chen\Desktop\pysmell\subjects_for_metrics\kivy\examples\audio\main.py,53,2,0,0,0
kivy,C:\Users\Zhifei Chen\Desktop\pysmell\subjects_for_metrics\kivy\examples\audio\main.py,57,4,0,0,0
kivy,C:\Users\Zhifei Chen\Desktop\pysmell\subjects_for_metrics\kivy\examples\camera\main.py,35,2,0,0,0
kivy,C:\Users\Zhifei Chen\Desktop\pysmell\subjects_for_metrics\kivy\examples\canvas\bezier.py,18,7,0,0,0
kivy,C:\Users\Zhifei Chen\Desktop\pysmell\subjects_for_metrics\kivy\examples\canvas\bezier.py,90,2,0,0,0
kivy,C:\Users\Zhifei Chen\Desktop\pysmell\subjects_for_metrics\kivy\examples\canvas\canvas_stress.py,22,5,0,0,0
kivy,C:\Users\Zhifei Chen\Desktop\pysmell\subjects_for_metrics\kivy\examples\canvas\circle.py,79,2,0,0,0
kivy,C:\Users\Zhifei Chen\Desktop\pysmell\subjects_for_metrics\kivy\examples\canvas\fbo_canvas.py,23,10,0,0,0
kivy,C:\Users\Zhifei Chen\Desktop\pysmell\subjects_for_metrics\kivy\examples\canvas\fbo_canvas.py,73,2,0,0,0
kivy,C:\Users\Zhifei Chen\Desktop\pysmell\subjects_for_metrics\kivy\examples\canvas\lines.py,138,15,0,0,0
kivy,C:\Users\Zhifei Chen\Desktop\pysmell\subjects_for_metrics\kivy\examples\canvas\lines.py,192,2,0,0,0
kivy,C:\Users\Zhifei Chen\Desktop\pysmell\subjects_for_metrics\kivy\examples\canvas\lines_extended.py,131,2,0,0,0
kivy,C:\Users\Zhifei Chen\Desktop\pysmell\subjects_for_metrics\kivy\examples\canvas\lines_extended.py,135,2,0,0,0
kivy,C:\Users\Zhifei Chen\Desktop\pysmell\subjects_for_metrics\kivy\examples\canvas\lines_extended.py,139,2,0,0,0
kivy,C:\Users\Zhifei Chen\Desktop\pysmell\subjects_for_metrics\kivy\examples\canvas\lines_extended.py,143,2,0,0,0
kivy,C:\Users\Zhifei Chen\Desktop\pysmell\subjects_for_metrics\kivy\examples\canvas\lines_extended.py,147,2,0,0,0
kivy,C:\Users\Zhifei Chen\Desktop\pysmell\subjects_for_metrics\kivy\examples\canvas\lines_extended.py,151,2,0,0,0
kivy,C:\Users\Zhifei Chen\Desktop\pysmell\subjects_for_metrics\kivy\examples\canvas\lines_extended.py,155,2,0,0,0
kivy,C:\Users\Zhifei Chen\Desktop\pysmell\subjects_for_metrics\kivy\examples\canvas\lines_extended.py,159,2,0,0,0
kivy,C:\Users\Zhifei Chen\Desktop\pysmell\subjects_for_metrics\kivy\examples\canvas\lines_extended.py,163,2,0,0,0
kivy,C:\Users\Zhifei Chen\Desktop\pysmell\subjects_for_metrics\kivy\examples\canvas\lines_extended.py,167,2,0,0,0
kivy,C:\Users\Zhifei Chen\Desktop\pysmell\subjects_for_metrics\kivy\examples\canvas\mesh.py,19,4,0,0,0
kivy,C:\Users\Zhifei Chen\Desktop\pysmell\subjects_for_metrics\kivy\examples\canvas\mesh_manipulation.py,67,10,0,0,0
kivy,C:\Users\Zhifei Chen\Desktop\pysmell\subjects_for_metrics\kivy\examples\canvas\multitexture.py,61,3,0,0,0
kivy,C:\Users\Zhifei Chen\Desktop\pysmell\subjects_for_metrics\kivy\examples\canvas\multitexture.py,96,2,0,0,0
kivy,C:\Users\Zhifei Chen\Desktop\pysmell\subjects_for_metrics\kivy\examples\canvas\multitexture.py,103,2,0,0,0
kivy,C:\Users\Zhifei Chen\Desktop\pysmell\subjects_for_metrics\kivy\examples\canvas\repeat_texture.py,50,2,0,0,0
kivy,C:\Users\Zhifei Chen\Desktop\pysmell\subjects_for_metrics\kivy\examples\canvas\repeat_texture.py,54,3,0,0,0
kivy,C:\Users\Zhifei Chen\Desktop\pysmell\subjects_for_metrics\kivy\examples\canvas\rotation.py,30,2,0,0,0
kivy,C:\Users\Zhifei Chen\Desktop\pysmell\subjects_for_metrics\kivy\examples\canvas\rounded_rectangle.py,16,2,0,0,0
kivy,C:\Users\Zhifei Chen\Desktop\pysmell\subjects_for_metrics\kivy\examples\canvas\rounded_rectangle.py,111,2,0,0,0
kivy,C:\Users\Zhifei Chen\Desktop\pysmell\subjects_for_metrics\kivy\examples\canvas\scale.py,32,2,0,0,0
kivy,C:\Users\Zhifei Chen\Desktop\pysmell\subjects_for_metrics\kivy\examples\canvas\stencil_canvas.py,25,3,0,0,0
kivy,C:\Users\Zhifei Chen\Desktop\pysmell\subjects_for_metrics\kivy\examples\canvas\stencil_canvas.py,37,5,0,0,0
kivy,C:\Users\Zhifei Chen\Desktop\pysmell\subjects_for_metrics\kivy\examples\canvas\tesselate.py,55,8,0,0,0
kivy,C:\Users\Zhifei Chen\Desktop\pysmell\subjects_for_metrics\kivy\examples\canvas\tesselate.py,143,2,0,0,0
kivy,C:\Users\Zhifei Chen\Desktop\pysmell\subjects_for_metrics\kivy\examples\canvas\texture.py,25,7,0,0,0
kivy,C:\Users\Zhifei Chen\Desktop\pysmell\subjects_for_metrics\kivy\examples\container\main.py,20,2,0,0,0
kivy,C:\Users\Zhifei Chen\Desktop\pysmell\subjects_for_metrics\kivy\examples\container\main.py,28,3,0,0,0
kivy,C:\Users\Zhifei Chen\Desktop\pysmell\subjects_for_metrics\kivy\examples\demo\camera_puzzle.py,25,7,0,0,0
kivy,C:\Users\Zhifei Chen\Desktop\pysmell\subjects_for_metrics\kivy\examples\demo\camera_puzzle.py,81,3,0,0,0
kivy,C:\Users\Zhifei Chen\Desktop\pysmell\subjects_for_metrics\kivy\examples\demo\kivycatalog\main.py,50,3,0,0,0
kivy,C:\Users\Zhifei Chen\Desktop\pysmell\subjects_for_metrics\kivy\examples\demo\kivycatalog\main.py,80,2,0,0,0
kivy,C:\Users\Zhifei Chen\Desktop\pysmell\subjects_for_metrics\kivy\examples\demo\kivycatalog\main.py,98,8,0,0,0
kivy,C:\Users\Zhifei Chen\Desktop\pysmell\subjects_for_metrics\kivy\examples\demo\kivycatalog\main.py,178,3,0,0,0
kivy,C:\Users\Zhifei Chen\Desktop\pysmell\subjects_for_metrics\kivy\examples\demo\multistroke\gesturedatabase.py,21,2,0,0,0
kivy,C:\Users\Zhifei Chen\Desktop\pysmell\subjects_for_metrics\kivy\examples\demo\multistroke\gesturedatabase.py,25,2,0,0,0
kivy,C:\Users\Zhifei Chen\Desktop\pysmell\subjects_for_metrics\kivy\examples\demo\multistroke\gesturedatabase.py,29,11,0,0,0
kivy,C:\Users\Zhifei Chen\Desktop\pysmell\subjects_for_metrics\kivy\examples\demo\multistroke\gesturedatabase.py,81,16,0,0,0
kivy,C:\Users\Zhifei Chen\Desktop\pysmell\subjects_for_metrics\kivy\examples\demo\multistroke\helpers.py,21,4,0,0,0
kivy,C:\Users\Zhifei Chen\Desktop\pysmell\subjects_for_metrics\kivy\examples\demo\multistroke\historymanager.py,26,10,0,0,0
kivy,C:\Users\Zhifei Chen\Desktop\pysmell\subjects_for_metrics\kivy\examples\demo\multistroke\historymanager.py,143,2,0,0,0
kivy,C:\Users\Zhifei Chen\Desktop\pysmell\subjects_for_metrics\kivy\examples\demo\multistroke\historymanager.py,149,3,0,0,0
kivy,C:\Users\Zhifei Chen\Desktop\pysmell\subjects_for_metrics\kivy\examples\demo\multistroke\historymanager.py,161,2,0,0,0
kivy,C:\Users\Zhifei Chen\Desktop\pysmell\subjects_for_metrics\kivy\examples\demo\multistroke\historymanager.py,165,3,0,0,0
kivy,C:\Users\Zhifei Chen\Desktop\pysmell\subjects_for_metrics\kivy\examples\demo\multistroke\historymanager.py,217,7,0,0,0
kivy,C:\Users\Zhifei Chen\Desktop\pysmell\subjects_for_metrics\kivy\examples\demo\multistroke\main.py,36,2,0,0,0
kivy,C:\Users\Zhifei Chen\Desktop\pysmell\subjects_for_metrics\kivy\examples\demo\multistroke\main.py,40,2,0,0,0
kivy,C:\Users\Zhifei Chen\Desktop\pysmell\subjects_for_metrics\kivy\examples\demo\multistroke\main.py,44,7,0,0,0
kivy,C:\Users\Zhifei Chen\Desktop\pysmell\subjects_for_metrics\kivy\examples\demo\multistroke\settings.py,16,2,0,0,0
kivy,C:\Users\Zhifei Chen\Desktop\pysmell\subjects_for_metrics\kivy\examples\demo\multistroke\settings.py,20,3,0,0,0
kivy,C:\Users\Zhifei Chen\Desktop\pysmell\subjects_for_metrics\kivy\examples\demo\multistroke\settings.py,25,3,0,0,0
kivy,C:\Users\Zhifei Chen\Desktop\pysmell\subjects_for_metrics\kivy\examples\demo\multistroke\settings.py,30,3,0,0,0
kivy,C:\Users\Zhifei Chen\Desktop\pysmell\subjects_for_metrics\kivy\examples\demo\multistroke\settings.py,35,2,0,0,0
kivy,C:\Users\Zhifei Chen\Desktop\pysmell\subjects_for_metrics\kivy\examples\demo\multistroke\settings.py,39,3,0,0,0
kivy,C:\Users\Zhifei Chen\Desktop\pysmell\subjects_for_metrics\kivy\examples\demo\multistroke\settings.py,48,10,0,0,0
kivy,C:\Users\Zhifei Chen\Desktop\pysmell\subjects_for_metrics\kivy\examples\demo\pictures\main.py,40,2,0,0,0
kivy,C:\Users\Zhifei Chen\Desktop\pysmell\subjects_for_metrics\kivy\examples\demo\pictures\main.py,52,3,0,0,0
kivy,C:\Users\Zhifei Chen\Desktop\pysmell\subjects_for_metrics\kivy\examples\demo\shadereditor\main.py,66,7,0,0,0
kivy,C:\Users\Zhifei Chen\Desktop\pysmell\subjects_for_metrics\kivy\examples\demo\shadereditor\main.py,91,9,0,0,0
kivy,C:\Users\Zhifei Chen\Desktop\pysmell\subjects_for_metrics\kivy\examples\demo\shadereditor\main.py,129,2,0,0,0
kivy,C:\Users\Zhifei Chen\Desktop\pysmell\subjects_for_metrics\kivy\examples\demo\showcase\main.py,39,3,0,0,0
kivy,C:\Users\Zhifei Chen\Desktop\pysmell\subjects_for_metrics\kivy\examples\demo\showcase\main.py,48,26,1,0,0
kivy,C:\Users\Zhifei Chen\Desktop\pysmell\subjects_for_metrics\kivy\examples\demo\touchtracer\main.py,49,5,0,0,0
kivy,C:\Users\Zhifei Chen\Desktop\pysmell\subjects_for_metrics\kivy\examples\demo\touchtracer\main.py,138,5,0,0,0
kivy,C:\Users\Zhifei Chen\Desktop\pysmell\subjects_for_metrics\kivy\examples\frameworks\twisted\echo_client_app.py,10,3,0,0,0
kivy,C:\Users\Zhifei Chen\Desktop\pysmell\subjects_for_metrics\kivy\examples\frameworks\twisted\echo_client_app.py,18,5,0,0,0
kivy,C:\Users\Zhifei Chen\Desktop\pysmell\subjects_for_metrics\kivy\examples\frameworks\twisted\echo_client_app.py,40,8,0,0,0
kivy,C:\Users\Zhifei Chen\Desktop\pysmell\subjects_for_metrics\kivy\examples\frameworks\twisted\echo_server_app.py,10,2,0,0,0
kivy,C:\Users\Zhifei Chen\Desktop\pysmell\subjects_for_metrics\kivy\examples\frameworks\twisted\echo_server_app.py,17,3,0,0,0
kivy,C:\Users\Zhifei Chen\Desktop\pysmell\subjects_for_metrics\kivy\examples\frameworks\twisted\echo_server_app.py,28,3,0,0,0
kivy,C:\Users\Zhifei Chen\Desktop\pysmell\subjects_for_metrics\kivy\examples\frameworks\twisted\twistd_app.py,18,2,0,0,0
kivy,C:\Users\Zhifei Chen\Desktop\pysmell\subjects_for_metrics\kivy\examples\frameworks\twisted\twistd_app.py,41,3,0,0,0
kivy,C:\Users\Zhifei Chen\Desktop\pysmell\subjects_for_metrics\kivy\examples\frameworks\twisted\twistd_app.py,60,2,0,0,0
kivy,C:\Users\Zhifei Chen\Desktop\pysmell\subjects_for_metrics\kivy\examples\gestures\gesture_board.py,23,5,0,0,0
kivy,C:\Users\Zhifei Chen\Desktop\pysmell\subjects_for_metrics\kivy\examples\gestures\gesture_board.py,91,2,0,0,0
kivy,C:\Users\Zhifei Chen\Desktop\pysmell\subjects_for_metrics\kivy\examples\guide\designwithkv\main.py,9,4,0,0,0
kivy,C:\Users\Zhifei Chen\Desktop\pysmell\subjects_for_metrics\kivy\examples\guide\designwithkv\main.py,22,2,0,0,0
kivy,C:\Users\Zhifei Chen\Desktop\pysmell\subjects_for_metrics\kivy\examples\guide\firstwidget\1_skeleton.py,5,2,0,0,0
kivy,C:\Users\Zhifei Chen\Desktop\pysmell\subjects_for_metrics\kivy\examples\guide\firstwidget\1_skeleton.py,9,2,0,0,0
kivy,C:\Users\Zhifei Chen\Desktop\pysmell\subjects_for_metrics\kivy\examples\guide\firstwidget\2_print_touch.py,5,2,0,0,0
kivy,C:\Users\Zhifei Chen\Desktop\pysmell\subjects_for_metrics\kivy\examples\guide\firstwidget\2_print_touch.py,10,2,0,0,0
kivy,C:\Users\Zhifei Chen\Desktop\pysmell\subjects_for_metrics\kivy\examples\guide\firstwidget\3_draw_ellipse.py,6,2,0,0,0
kivy,C:\Users\Zhifei Chen\Desktop\pysmell\subjects_for_metrics\kivy\examples\guide\firstwidget\3_draw_ellipse.py,15,2,0,0,0
kivy,C:\Users\Zhifei Chen\Desktop\pysmell\subjects_for_metrics\kivy\examples\guide\firstwidget\4_draw_line.py,6,3,0,0,0
kivy,C:\Users\Zhifei Chen\Desktop\pysmell\subjects_for_metrics\kivy\examples\guide\firstwidget\4_draw_line.py,19,2,0,0,0
kivy,C:\Users\Zhifei Chen\Desktop\pysmell\subjects_for_metrics\kivy\examples\guide\firstwidget\5_random_colors.py,7,3,0,0,0
kivy,C:\Users\Zhifei Chen\Desktop\pysmell\subjects_for_metrics\kivy\examples\guide\firstwidget\5_random_colors.py,21,2,0,0,0
kivy,C:\Users\Zhifei Chen\Desktop\pysmell\subjects_for_metrics\kivy\examples\guide\firstwidget\6_button.py,8,3,0,0,0
kivy,C:\Users\Zhifei Chen\Desktop\pysmell\subjects_for_metrics\kivy\examples\guide\firstwidget\6_button.py,22,3,0,0,0
kivy,C:\Users\Zhifei Chen\Desktop\pysmell\subjects_for_metrics\kivy\examples\guide\quickstart\main.py,8,2,0,0,0
kivy,C:\Users\Zhifei Chen\Desktop\pysmell\subjects_for_metrics\kivy\examples\includes\main.py,6,2,0,0,0
kivy,C:\Users\Zhifei Chen\Desktop\pysmell\subjects_for_metrics\kivy\examples\includes\main.py,10,2,0,0,0
kivy,C:\Users\Zhifei Chen\Desktop\pysmell\subjects_for_metrics\kivy\examples\includes\main.py,14,2,0,0,0
kivy,C:\Users\Zhifei Chen\Desktop\pysmell\subjects_for_metrics\kivy\examples\keyboard\main.py,109,7,0,0,0
kivy,C:\Users\Zhifei Chen\Desktop\pysmell\subjects_for_metrics\kivy\examples\keyboard\main.py,153,9,0,0,0
kivy,C:\Users\Zhifei Chen\Desktop\pysmell\subjects_for_metrics\kivy\examples\keyboard\main.py,209,3,0,0,0
kivy,C:\Users\Zhifei Chen\Desktop\pysmell\subjects_for_metrics\kivy\examples\kinect\kinectviewer.py,146,4,0,0,0
kivy,C:\Users\Zhifei Chen\Desktop\pysmell\subjects_for_metrics\kivy\examples\kinect\kinectviewer.py,168,8,0,0,0
kivy,C:\Users\Zhifei Chen\Desktop\pysmell\subjects_for_metrics\kivy\examples\kinect\kinectviewer.py,227,5,0,0,0
kivy,C:\Users\Zhifei Chen\Desktop\pysmell\subjects_for_metrics\kivy\examples\kv\builder_template.py,15,2,0,0,0
kivy,C:\Users\Zhifei Chen\Desktop\pysmell\subjects_for_metrics\kivy\examples\kv\kvrun.py,7,4,0,0,0
kivy,C:\Users\Zhifei Chen\Desktop\pysmell\subjects_for_metrics\kivy\examples\kv\ids\id_in_kv\id_in_kv.py,15,2,0,0,0
kivy,C:\Users\Zhifei Chen\Desktop\pysmell\subjects_for_metrics\kivy\examples\kv\ids\kv_and_py\kv_and_py.py,15,2,0,0,0
kivy,C:\Users\Zhifei Chen\Desktop\pysmell\subjects_for_metrics\kivy\examples\kv\ids\kv_and_py\kv_and_py.py,29,2,0,0,0
kivy,C:\Users\Zhifei Chen\Desktop\pysmell\subjects_for_metrics\kivy\examples\miscellaneous\two_panes.py,38,2,0,0,0
kivy,C:\Users\Zhifei Chen\Desktop\pysmell\subjects_for_metrics\kivy\examples\miscellaneous\two_panes.py,42,2,0,0,0
kivy,C:\Users\Zhifei Chen\Desktop\pysmell\subjects_for_metrics\kivy\examples\RST_Editor\main.py,10,3,0,0,0
kivy,C:\Users\Zhifei Chen\Desktop\pysmell\subjects_for_metrics\kivy\examples\RST_Editor\main.py,15,4,0,0,0
kivy,C:\Users\Zhifei Chen\Desktop\pysmell\subjects_for_metrics\kivy\examples\RST_Editor\main.py,21,9,0,0,0
kivy,C:\Users\Zhifei Chen\Desktop\pysmell\subjects_for_metrics\kivy\examples\RST_Editor\main.py,54,2,0,0,0
kivy,C:\Users\Zhifei Chen\Desktop\pysmell\subjects_for_metrics\kivy\examples\settings\main.py,51,6,0,0,0
kivy,C:\Users\Zhifei Chen\Desktop\pysmell\subjects_for_metrics\kivy\examples\settings\main.py,104,3,0,0,0
kivy,C:\Users\Zhifei Chen\Desktop\pysmell\subjects_for_metrics\kivy\examples\shader\plasma.py,54,5,0,0,0
kivy,C:\Users\Zhifei Chen\Desktop\pysmell\subjects_for_metrics\kivy\examples\shader\plasma.py,87,2,0,0,0
kivy,C:\Users\Zhifei Chen\Desktop\pysmell\subjects_for_metrics\kivy\examples\shader\shadertree.py,101,8,0,0,0
kivy,C:\Users\Zhifei Chen\Desktop\pysmell\subjects_for_metrics\kivy\examples\shader\shadertree.py,165,2,0,0,0
kivy,C:\Users\Zhifei Chen\Desktop\pysmell\subjects_for_metrics\kivy\examples\shader\shadertree.py,169,2,0,0,0
kivy,C:\Users\Zhifei Chen\Desktop\pysmell\subjects_for_metrics\kivy\examples\svg\main-smaa.py,67,2,0,0,0
kivy,C:\Users\Zhifei Chen\Desktop\pysmell\subjects_for_metrics\kivy\examples\svg\main-smaa.py,77,3,0,0,0
kivy,C:\Users\Zhifei Chen\Desktop\pysmell\subjects_for_metrics\kivy\examples\svg\main.py,11,2,0,0,0
kivy,C:\Users\Zhifei Chen\Desktop\pysmell\subjects_for_metrics\kivy\examples\svg\main.py,20,2,0,0,0
kivy,C:\Users\Zhifei Chen\Desktop\pysmell\subjects_for_metrics\kivy\examples\tutorials\notes\final\main.py,22,9,0,0,0
kivy,C:\Users\Zhifei Chen\Desktop\pysmell\subjects_for_metrics\kivy\examples\tutorials\notes\final\main.py,57,4,0,0,0
kivy,C:\Users\Zhifei Chen\Desktop\pysmell\subjects_for_metrics\kivy\examples\tutorials\notes\final\main.py,64,3,0,0,0
kivy,C:\Users\Zhifei Chen\Desktop\pysmell\subjects_for_metrics\kivy\examples\tutorials\notes\final\main.py,70,3,0,0,0
kivy,C:\Users\Zhifei Chen\Desktop\pysmell\subjects_for_metrics\kivy\examples\tutorials\notes\final\main.py,81,12,0,0,0
kivy,C:\Users\Zhifei Chen\Desktop\pysmell\subjects_for_metrics\kivy\examples\tutorials\pong\main.py,12,3,0,0,0
kivy,C:\Users\Zhifei Chen\Desktop\pysmell\subjects_for_metrics\kivy\examples\tutorials\pong\main.py,24,5,0,0,0
kivy,C:\Users\Zhifei Chen\Desktop\pysmell\subjects_for_metrics\kivy\examples\tutorials\pong\main.py,33,7,0,0,0
kivy,C:\Users\Zhifei Chen\Desktop\pysmell\subjects_for_metrics\kivy\examples\tutorials\pong\main.py,68,2,0,0,0
kivy,C:\Users\Zhifei Chen\Desktop\pysmell\subjects_for_metrics\kivy\examples\tutorials\pong\steps\step1\main.py,5,2,0,0,0
kivy,C:\Users\Zhifei Chen\Desktop\pysmell\subjects_for_metrics\kivy\examples\tutorials\pong\steps\step1\main.py,9,2,0,0,0
kivy,C:\Users\Zhifei Chen\Desktop\pysmell\subjects_for_metrics\kivy\examples\tutorials\pong\steps\step2\main.py,5,2,0,0,0
kivy,C:\Users\Zhifei Chen\Desktop\pysmell\subjects_for_metrics\kivy\examples\tutorials\pong\steps\step2\main.py,9,2,0,0,0
kivy,C:\Users\Zhifei Chen\Desktop\pysmell\subjects_for_metrics\kivy\examples\tutorials\pong\steps\step3\main.py,7,5,0,0,0
kivy,C:\Users\Zhifei Chen\Desktop\pysmell\subjects_for_metrics\kivy\examples\tutorials\pong\steps\step3\main.py,16,2,0,0,0
kivy,C:\Users\Zhifei Chen\Desktop\pysmell\subjects_for_metrics\kivy\examples\tutorials\pong\steps\step3\main.py,20,2,0,0,0
kivy,C:\Users\Zhifei Chen\Desktop\pysmell\subjects_for_metrics\kivy\examples\tutorials\pong\steps\step4\main.py,10,5,0,0,0
kivy,C:\Users\Zhifei Chen\Desktop\pysmell\subjects_for_metrics\kivy\examples\tutorials\pong\steps\step4\main.py,19,4,0,0,0
kivy,C:\Users\Zhifei Chen\Desktop\pysmell\subjects_for_metrics\kivy\examples\tutorials\pong\steps\step4\main.py,38,2,0,0,0
kivy,C:\Users\Zhifei Chen\Desktop\pysmell\subjects_for_metrics\kivy\examples\tutorials\pong\steps\step5\main.py,9,3,0,0,0
kivy,C:\Users\Zhifei Chen\Desktop\pysmell\subjects_for_metrics\kivy\examples\tutorials\pong\steps\step5\main.py,21,5,0,0,0
kivy,C:\Users\Zhifei Chen\Desktop\pysmell\subjects_for_metrics\kivy\examples\tutorials\pong\steps\step5\main.py,30,7,0,0,0
kivy,C:\Users\Zhifei Chen\Desktop\pysmell\subjects_for_metrics\kivy\examples\tutorials\pong\steps\step5\main.py,65,2,0,0,0
kivy,C:\Users\Zhifei Chen\Desktop\pysmell\subjects_for_metrics\kivy\examples\widgets\accordion_1.py,6,2,0,0,0
kivy,C:\Users\Zhifei Chen\Desktop\pysmell\subjects_for_metrics\kivy\examples\widgets\asyncimage.py,23,2,0,0,0
kivy,C:\Users\Zhifei Chen\Desktop\pysmell\subjects_for_metrics\kivy\examples\widgets\asyncimage.py,27,2,0,0,0
kivy,C:\Users\Zhifei Chen\Desktop\pysmell\subjects_for_metrics\kivy\examples\widgets\boxlayout_poshint.py,44,2,0,0,0
kivy,C:\Users\Zhifei Chen\Desktop\pysmell\subjects_for_metrics\kivy\examples\widgets\boxlayout_poshint.py,48,2,0,0,0
kivy,C:\Users\Zhifei Chen\Desktop\pysmell\subjects_for_metrics\kivy\examples\widgets\bubble_test.py,28,2,0,0,0
kivy,C:\Users\Zhifei Chen\Desktop\pysmell\subjects_for_metrics\kivy\examples\widgets\bubble_test.py,32,3,0,0,0
kivy,C:\Users\Zhifei Chen\Desktop\pysmell\subjects_for_metrics\kivy\examples\widgets\bubble_test.py,52,2,0,0,0
kivy,C:\Users\Zhifei Chen\Desktop\pysmell\subjects_for_metrics\kivy\examples\widgets\camera.py,27,2,0,0,0
kivy,C:\Users\Zhifei Chen\Desktop\pysmell\subjects_for_metrics\kivy\examples\widgets\carousel_buttons.py,37,2,0,0,0
kivy,C:\Users\Zhifei Chen\Desktop\pysmell\subjects_for_metrics\kivy\examples\widgets\carousel_buttons.py,41,2,0,0,0
kivy,C:\Users\Zhifei Chen\Desktop\pysmell\subjects_for_metrics\kivy\examples\widgets\codeinput.py,61,2,0,0,0
kivy,C:\Users\Zhifei Chen\Desktop\pysmell\subjects_for_metrics\kivy\examples\widgets\codeinput.py,65,3,0,0,0
kivy,C:\Users\Zhifei Chen\Desktop\pysmell\subjects_for_metrics\kivy\examples\widgets\codeinput.py,77,3,0,0,0
kivy,C:\Users\Zhifei Chen\Desktop\pysmell\subjects_for_metrics\kivy\examples\widgets\codeinput.py,90,8,0,0,0
kivy,C:\Users\Zhifei Chen\Desktop\pysmell\subjects_for_metrics\kivy\examples\widgets\colorpicker.py,134,2,0,0,0
kivy,C:\Users\Zhifei Chen\Desktop\pysmell\subjects_for_metrics\kivy\examples\widgets\colorpicker.py,138,7,0,0,0
kivy,C:\Users\Zhifei Chen\Desktop\pysmell\subjects_for_metrics\kivy\examples\widgets\colorpicker.py,196,3,0,0,0
kivy,C:\Users\Zhifei Chen\Desktop\pysmell\subjects_for_metrics\kivy\examples\widgets\colorpicker.py,209,7,0,0,0
kivy,C:\Users\Zhifei Chen\Desktop\pysmell\subjects_for_metrics\kivy\examples\widgets\compound_selection.py,8,6,0,0,0
kivy,C:\Users\Zhifei Chen\Desktop\pysmell\subjects_for_metrics\kivy\examples\widgets\customcollide.py,69,5,0,0,0
kivy,C:\Users\Zhifei Chen\Desktop\pysmell\subjects_for_metrics\kivy\examples\widgets\effectwidget.py,29,2,0,0,0
kivy,C:\Users\Zhifei Chen\Desktop\pysmell\subjects_for_metrics\kivy\examples\widgets\effectwidget.py,33,2,0,0,0
kivy,C:\Users\Zhifei Chen\Desktop\pysmell\subjects_for_metrics\kivy\examples\widgets\effectwidget.py,37,2,0,0,0
kivy,C:\Users\Zhifei Chen\Desktop\pysmell\subjects_for_metrics\kivy\examples\widgets\effectwidget.py,41,3,0,0,0
kivy,C:\Users\Zhifei Chen\Desktop\pysmell\subjects_for_metrics\kivy\examples\widgets\effectwidget.py,199,2,0,0,0
kivy,C:\Users\Zhifei Chen\Desktop\pysmell\subjects_for_metrics\kivy\examples\widgets\effectwidget2.py,24,2,0,0,0
kivy,C:\Users\Zhifei Chen\Desktop\pysmell\subjects_for_metrics\kivy\examples\widgets\effectwidget3_advanced.py,25,4,0,0,0
kivy,C:\Users\Zhifei Chen\Desktop\pysmell\subjects_for_metrics\kivy\examples\widgets\effectwidget3_advanced.py,38,4,0,0,0
kivy,C:\Users\Zhifei Chen\Desktop\pysmell\subjects_for_metrics\kivy\examples\widgets\fbowidget.py,42,8,0,0,0
kivy,C:\Users\Zhifei Chen\Desktop\pysmell\subjects_for_metrics\kivy\examples\widgets\fbowidget.py,87,2,0,0,0
kivy,C:\Users\Zhifei Chen\Desktop\pysmell\subjects_for_metrics\kivy\examples\widgets\focus_behavior.py,9,6,0,0,0
kivy,C:\Users\Zhifei Chen\Desktop\pysmell\subjects_for_metrics\kivy\examples\widgets\focus_behavior.py,31,2,0,0,0
kivy,C:\Users\Zhifei Chen\Desktop\pysmell\subjects_for_metrics\kivy\examples\widgets\focus_behavior.py,48,2,0,0,0
kivy,C:\Users\Zhifei Chen\Desktop\pysmell\subjects_for_metrics\kivy\examples\widgets\focus_behavior.py,52,2,0,0,0
kivy,C:\Users\Zhifei Chen\Desktop\pysmell\subjects_for_metrics\kivy\examples\widgets\focus_behavior.py,56,2,0,0,0
kivy,C:\Users\Zhifei Chen\Desktop\pysmell\subjects_for_metrics\kivy\examples\widgets\image_mipmap.py,18,2,0,0,0
kivy,C:\Users\Zhifei Chen\Desktop\pysmell\subjects_for_metrics\kivy\examples\widgets\keyboardlistener.py,8,4,0,0,0
kivy,C:\Users\Zhifei Chen\Desktop\pysmell\subjects_for_metrics\kivy\examples\widgets\label_mipmap.py,17,2,0,0,0
kivy,C:\Users\Zhifei Chen\Desktop\pysmell\subjects_for_metrics\kivy\examples\widgets\label_sizing.py,147,9,0,0,0
kivy,C:\Users\Zhifei Chen\Desktop\pysmell\subjects_for_metrics\kivy\examples\widgets\label_text_size.py,38,2,0,0,0
kivy,C:\Users\Zhifei Chen\Desktop\pysmell\subjects_for_metrics\kivy\examples\widgets\label_with_markup.py,15,2,0,0,0
kivy,C:\Users\Zhifei Chen\Desktop\pysmell\subjects_for_metrics\kivy\examples\widgets\popup_with_kv.py,21,2,0,0,0
kivy,C:\Users\Zhifei Chen\Desktop\pysmell\subjects_for_metrics\kivy\examples\widgets\popup_with_kv.py,25,3,0,0,0
kivy,C:\Users\Zhifei Chen\Desktop\pysmell\subjects_for_metrics\kivy\examples\widgets\rstexample.py,122,2,0,0,0
kivy,C:\Users\Zhifei Chen\Desktop\pysmell\subjects_for_metrics\kivy\examples\widgets\scatter.py,5,2,0,0,0
kivy,C:\Users\Zhifei Chen\Desktop\pysmell\subjects_for_metrics\kivy\examples\widgets\scatter.py,9,2,0,0,0
kivy,C:\Users\Zhifei Chen\Desktop\pysmell\subjects_for_metrics\kivy\examples\widgets\screenmanager.py,92,2,0,0,0
kivy,C:\Users\Zhifei Chen\Desktop\pysmell\subjects_for_metrics\kivy\examples\widgets\screenmanager.py,96,2,0,0,0
kivy,C:\Users\Zhifei Chen\Desktop\pysmell\subjects_for_metrics\kivy\examples\widgets\scrollview.py,10,2,0,0,0
kivy,C:\Users\Zhifei Chen\Desktop\pysmell\subjects_for_metrics\kivy\examples\widgets\settings.py,13,9,0,0,0
kivy,C:\Users\Zhifei Chen\Desktop\pysmell\subjects_for_metrics\kivy\examples\widgets\shorten_text.py,75,2,0,0,0
kivy,C:\Users\Zhifei Chen\Desktop\pysmell\subjects_for_metrics\kivy\examples\widgets\tabbedpanel.py,41,2,0,0,0
kivy,C:\Users\Zhifei Chen\Desktop\pysmell\subjects_for_metrics\kivy\examples\widgets\tabbedpanel.py,45,2,0,0,0
kivy,C:\Users\Zhifei Chen\Desktop\pysmell\subjects_for_metrics\kivy\examples\widgets\tabbed_panel_showcase.py,15,2,0,0,0
kivy,C:\Users\Zhifei Chen\Desktop\pysmell\subjects_for_metrics\kivy\examples\widgets\tabbed_panel_showcase.py,19,2,0,0,0
kivy,C:\Users\Zhifei Chen\Desktop\pysmell\subjects_for_metrics\kivy\examples\widgets\tabbed_panel_showcase.py,256,2,0,0,0
kivy,C:\Users\Zhifei Chen\Desktop\pysmell\subjects_for_metrics\kivy\examples\widgets\tabbed_panel_showcase.py,279,2,0,0,0
kivy,C:\Users\Zhifei Chen\Desktop\pysmell\subjects_for_metrics\kivy\examples\widgets\tabbed_panel_showcase.py,283,2,0,0,0
kivy,C:\Users\Zhifei Chen\Desktop\pysmell\subjects_for_metrics\kivy\examples\widgets\tabbed_panel_showcase.py,289,2,0,0,0
kivy,C:\Users\Zhifei Chen\Desktop\pysmell\subjects_for_metrics\kivy\examples\widgets\tabbed_panel_showcase.py,293,2,0,0,0
kivy,C:\Users\Zhifei Chen\Desktop\pysmell\subjects_for_metrics\kivy\examples\widgets\tabbed_panel_showcase.py,297,2,0,0,0
kivy,C:\Users\Zhifei Chen\Desktop\pysmell\subjects_for_metrics\kivy\examples\widgets\tabbed_panel_showcase.py,322,2,0,0,0
kivy,C:\Users\Zhifei Chen\Desktop\pysmell\subjects_for_metrics\kivy\examples\widgets\textalign.py,8,2,0,0,0
kivy,C:\Users\Zhifei Chen\Desktop\pysmell\subjects_for_metrics\kivy\examples\widgets\textalign.py,12,3,0,0,0
kivy,C:\Users\Zhifei Chen\Desktop\pysmell\subjects_for_metrics\kivy\examples\widgets\textalign.py,17,3,0,0,0
kivy,C:\Users\Zhifei Chen\Desktop\pysmell\subjects_for_metrics\kivy\examples\widgets\unicode_textinput.py,115,2,0,0,0
kivy,C:\Users\Zhifei Chen\Desktop\pysmell\subjects_for_metrics\kivy\examples\widgets\unicode_textinput.py,119,3,0,0,0
kivy,C:\Users\Zhifei Chen\Desktop\pysmell\subjects_for_metrics\kivy\examples\widgets\unicode_textinput.py,124,7,0,0,0
kivy,C:\Users\Zhifei Chen\Desktop\pysmell\subjects_for_metrics\kivy\examples\widgets\unicode_textinput.py,217,3,0,0,0
kivy,C:\Users\Zhifei Chen\Desktop\pysmell\subjects_for_metrics\kivy\examples\widgets\videoplayer.py,14,2,0,0,0
kivy,C:\Users\Zhifei Chen\Desktop\pysmell\subjects_for_metrics\kivy\examples\widgets\lists\fruit_detail_view.py,13,5,0,0,0
kivy,C:\Users\Zhifei Chen\Desktop\pysmell\subjects_for_metrics\kivy\examples\widgets\lists\fruit_detail_view.py,48,5,0,0,0
kivy,C:\Users\Zhifei Chen\Desktop\pysmell\subjects_for_metrics\kivy\examples\widgets\lists\fruit_detail_view.py,84,5,0,0,0
kivy,C:\Users\Zhifei Chen\Desktop\pysmell\subjects_for_metrics\kivy\examples\widgets\lists\list_cascade.py,22,2,0,0,0
kivy,C:\Users\Zhifei Chen\Desktop\pysmell\subjects_for_metrics\kivy\examples\widgets\lists\list_cascade.py,50,2,0,0,0
kivy,C:\Users\Zhifei Chen\Desktop\pysmell\subjects_for_metrics\kivy\examples\widgets\lists\list_cascade.py,58,2,0,0,0
kivy,C:\Users\Zhifei Chen\Desktop\pysmell\subjects_for_metrics\kivy\examples\widgets\lists\list_cascade.py,85,2,0,0,0
kivy,C:\Users\Zhifei Chen\Desktop\pysmell\subjects_for_metrics\kivy\examples\widgets\lists\list_cascade_dict.py,14,2,0,0,0
kivy,C:\Users\Zhifei Chen\Desktop\pysmell\subjects_for_metrics\kivy\examples\widgets\lists\list_cascade_dict.py,26,2,0,0,0
kivy,C:\Users\Zhifei Chen\Desktop\pysmell\subjects_for_metrics\kivy\examples\widgets\lists\list_cascade_images.py,43,2,0,0,0
kivy,C:\Users\Zhifei Chen\Desktop\pysmell\subjects_for_metrics\kivy\examples\widgets\lists\list_cascade_images.py,55,2,0,0,0
kivy,C:\Users\Zhifei Chen\Desktop\pysmell\subjects_for_metrics\kivy\examples\widgets\lists\list_composite.py,9,2,0,0,0
kivy,C:\Users\Zhifei Chen\Desktop\pysmell\subjects_for_metrics\kivy\examples\widgets\lists\list_kv.py,30,2,0,0,0
kivy,C:\Users\Zhifei Chen\Desktop\pysmell\subjects_for_metrics\kivy\examples\widgets\lists\list_master_detail.py,10,2,0,0,0
kivy,C:\Users\Zhifei Chen\Desktop\pysmell\subjects_for_metrics\kivy\examples\widgets\lists\list_ops.py,12,5,0,0,0
kivy,C:\Users\Zhifei Chen\Desktop\pysmell\subjects_for_metrics\kivy\examples\widgets\lists\list_ops.py,48,20,0,0,0
kivy,C:\Users\Zhifei Chen\Desktop\pysmell\subjects_for_metrics\kivy\examples\widgets\lists\list_ops.py,111,2,0,0,0
kivy,C:\Users\Zhifei Chen\Desktop\pysmell\subjects_for_metrics\kivy\examples\widgets\lists\list_reset_data.py,16,2,0,0,0
kivy,C:\Users\Zhifei Chen\Desktop\pysmell\subjects_for_metrics\kivy\examples\widgets\lists\list_reset_data.py,22,3,0,0,0
kivy,C:\Users\Zhifei Chen\Desktop\pysmell\subjects_for_metrics\kivy\examples\widgets\lists\list_simple.py,5,2,0,0,0
kivy,C:\Users\Zhifei Chen\Desktop\pysmell\subjects_for_metrics\kivy\examples\widgets\lists\list_simple_in_kv.py,16,2,0,0,0
kivy,C:\Users\Zhifei Chen\Desktop\pysmell\subjects_for_metrics\kivy\examples\widgets\lists\list_simple_in_kv.py,21,2,0,0,0
kivy,C:\Users\Zhifei Chen\Desktop\pysmell\subjects_for_metrics\kivy\examples\widgets\lists\list_simple_in_kv_2.py,27,2,0,0,0
kivy,C:\Users\Zhifei Chen\Desktop\pysmell\subjects_for_metrics\kivy\examples\widgets\lists\list_simple_in_kv_2.py,32,2,0,0,0
kivy,C:\Users\Zhifei Chen\Desktop\pysmell\subjects_for_metrics\kivy\examples\widgets\lists\list_two_up.py,8,2,0,0,0
kivy,C:\Users\Zhifei Chen\Desktop\pysmell\subjects_for_metrics\kivy\examples\widgets\lists\list_two_up.py,26,2,0,0,0
kivy,C:\Users\Zhifei Chen\Desktop\pysmell\subjects_for_metrics\kivy\examples\widgets\sequenced_images\main.py,14,2,0,0,0
kivy,C:\Users\Zhifei Chen\Desktop\pysmell\subjects_for_metrics\kivy\examples\widgets\sequenced_images\main.py,19,2,0,0,0
kivy,C:\Users\Zhifei Chen\Desktop\pysmell\subjects_for_metrics\kivy\examples\widgets\sequenced_images\main.py,24,2,0,0,0
kivy,C:\Users\Zhifei Chen\Desktop\pysmell\subjects_for_metrics\kivy\examples\widgets\sequenced_images\main.py,29,4,0,0,0
kivy,C:\Users\Zhifei Chen\Desktop\pysmell\subjects_for_metrics\kivy\examples\widgets\sequenced_images\main.py,50,4,0,0,0
kivy,C:\Users\Zhifei Chen\Desktop\pysmell\subjects_for_metrics\kivy\examples\widgets\sequenced_images\main.py,142,2,0,0,0
kivy,C:\Users\Zhifei Chen\Desktop\pysmell\subjects_for_metrics\kivy\examples\widgets\sequenced_images\uix\custom_button.py,12,20,0,0,0
kivy,C:\Users\Zhifei Chen\Desktop\pysmell\subjects_for_metrics\kivy\kivy\animation.py,93,27,1,0,0
kivy,C:\Users\Zhifei Chen\Desktop\pysmell\subjects_for_metrics\kivy\kivy\animation.py,381,12,0,0,0
kivy,C:\Users\Zhifei Chen\Desktop\pysmell\subjects_for_metrics\kivy\kivy\animation.py,454,8,0,0,0
kivy,C:\Users\Zhifei Chen\Desktop\pysmell\subjects_for_metrics\kivy\kivy\animation.py,502,34,1,0,0
kivy,C:\Users\Zhifei Chen\Desktop\pysmell\subjects_for_metrics\kivy\kivy\app.py,335,46,1,0,1
kivy,C:\Users\Zhifei Chen\Desktop\pysmell\subjects_for_metrics\kivy\kivy\atlas.py,151,12,0,0,0
kivy,C:\Users\Zhifei Chen\Desktop\pysmell\subjects_for_metrics\kivy\kivy\base.py,38,3,0,0,0
kivy,C:\Users\Zhifei Chen\Desktop\pysmell\subjects_for_metrics\kivy\kivy\base.py,62,6,0,0,0
kivy,C:\Users\Zhifei Chen\Desktop\pysmell\subjects_for_metrics\kivy\kivy\base.py,95,24,1,0,0
kivy,C:\Users\Zhifei Chen\Desktop\pysmell\subjects_for_metrics\kivy\kivy\cache.py,34,12,0,0,0
kivy,C:\Users\Zhifei Chen\Desktop\pysmell\subjects_for_metrics\kivy\kivy\clock.py,276,9,0,0,0
kivy,C:\Users\Zhifei Chen\Desktop\pysmell\subjects_for_metrics\kivy\kivy\clock.py,390,25,1,0,0
kivy,C:\Users\Zhifei Chen\Desktop\pysmell\subjects_for_metrics\kivy\kivy\config.py,307,22,0,0,0
kivy,C:\Users\Zhifei Chen\Desktop\pysmell\subjects_for_metrics\kivy\kivy\context.py,27,9,0,0,0
kivy,C:\Users\Zhifei Chen\Desktop\pysmell\subjects_for_metrics\kivy\kivy\context.py,54,4,0,0,0
kivy,C:\Users\Zhifei Chen\Desktop\pysmell\subjects_for_metrics\kivy\kivy\factory.py,46,2,0,0,0
kivy,C:\Users\Zhifei Chen\Desktop\pysmell\subjects_for_metrics\kivy\kivy\factory.py,50,8,0,0,0
kivy,C:\Users\Zhifei Chen\Desktop\pysmell\subjects_for_metrics\kivy\kivy\gesture.py,46,6,0,0,0
kivy,C:\Users\Zhifei Chen\Desktop\pysmell\subjects_for_metrics\kivy\kivy\gesture.py,89,3,0,0,0
kivy,C:\Users\Zhifei Chen\Desktop\pysmell\subjects_for_metrics\kivy\kivy\gesture.py,106,11,0,0,0
kivy,C:\Users\Zhifei Chen\Desktop\pysmell\subjects_for_metrics\kivy\kivy\gesture.py,230,16,0,0,0
kivy,C:\Users\Zhifei Chen\Desktop\pysmell\subjects_for_metrics\kivy\kivy\interactive.py,179,21,0,0,0
kivy,C:\Users\Zhifei Chen\Desktop\pysmell\subjects_for_metrics\kivy\kivy\interactive.py,295,6,0,0,0
kivy,C:\Users\Zhifei Chen\Desktop\pysmell\subjects_for_metrics\kivy\kivy\lang.py,873,10,0,0,0
kivy,C:\Users\Zhifei Chen\Desktop\pysmell\subjects_for_metrics\kivy\kivy\lang.py,935,2,0,0,0
kivy,C:\Users\Zhifei Chen\Desktop\pysmell\subjects_for_metrics\kivy\kivy\lang.py,962,2,0,0,0
kivy,C:\Users\Zhifei Chen\Desktop\pysmell\subjects_for_metrics\kivy\kivy\lang.py,968,6,0,0,0
kivy,C:\Users\Zhifei Chen\Desktop\pysmell\subjects_for_metrics\kivy\kivy\lang.py,1045,12,0,0,0
kivy,C:\Users\Zhifei Chen\Desktop\pysmell\subjects_for_metrics\kivy\kivy\lang.py,1198,14,0,0,0
kivy,C:\Users\Zhifei Chen\Desktop\pysmell\subjects_for_metrics\kivy\kivy\lang.py,1709,4,0,0,0
kivy,C:\Users\Zhifei Chen\Desktop\pysmell\subjects_for_metrics\kivy\kivy\lang.py,1721,2,0,0,0
kivy,C:\Users\Zhifei Chen\Desktop\pysmell\subjects_for_metrics\kivy\kivy\lang.py,1728,2,0,0,0
kivy,C:\Users\Zhifei Chen\Desktop\pysmell\subjects_for_metrics\kivy\kivy\lang.py,1734,4,0,0,0
kivy,C:\Users\Zhifei Chen\Desktop\pysmell\subjects_for_metrics\kivy\kivy\lang.py,1758,15,0,0,0
kivy,C:\Users\Zhifei Chen\Desktop\pysmell\subjects_for_metrics\kivy\kivy\loader.py,56,4,0,0,0
kivy,C:\Users\Zhifei Chen\Desktop\pysmell\subjects_for_metrics\kivy\kivy\loader.py,79,31,1,0,0
kivy,C:\Users\Zhifei Chen\Desktop\pysmell\subjects_for_metrics\kivy\kivy\loader.py,470,3,0,0,0
kivy,C:\Users\Zhifei Chen\Desktop\pysmell\subjects_for_metrics\kivy\kivy\loader.py,489,4,0,0,0
kivy,C:\Users\Zhifei Chen\Desktop\pysmell\subjects_for_metrics\kivy\kivy\loader.py,508,5,0,0,0
kivy,C:\Users\Zhifei Chen\Desktop\pysmell\subjects_for_metrics\kivy\kivy\logger.py,104,8,0,0,0
kivy,C:\Users\Zhifei Chen\Desktop\pysmell\subjects_for_metrics\kivy\kivy\logger.py,221,3,0,0,0
kivy,C:\Users\Zhifei Chen\Desktop\pysmell\subjects_for_metrics\kivy\kivy\logger.py,229,3,0,0,0
kivy,C:\Users\Zhifei Chen\Desktop\pysmell\subjects_for_metrics\kivy\kivy\logger.py,253,2,0,0,0
kivy,C:\Users\Zhifei Chen\Desktop\pysmell\subjects_for_metrics\kivy\kivy\logger.py,267,4,0,0,0
kivy,C:\Users\Zhifei Chen\Desktop\pysmell\subjects_for_metrics\kivy\kivy\metrics.py,146,5,0,0,0
kivy,C:\Users\Zhifei Chen\Desktop\pysmell\subjects_for_metrics\kivy\kivy\multistroke.py,149,2,0,0,0
kivy,C:\Users\Zhifei Chen\Desktop\pysmell\subjects_for_metrics\kivy\kivy\multistroke.py,157,14,0,0,0
kivy,C:\Users\Zhifei Chen\Desktop\pysmell\subjects_for_metrics\kivy\kivy\multistroke.py,645,9,0,0,0
kivy,C:\Users\Zhifei Chen\Desktop\pysmell\subjects_for_metrics\kivy\kivy\multistroke.py,795,9,0,0,0
kivy,C:\Users\Zhifei Chen\Desktop\pysmell\subjects_for_metrics\kivy\kivy\multistroke.py,1073,8,0,0,0
kivy,C:\Users\Zhifei Chen\Desktop\pysmell\subjects_for_metrics\kivy\kivy\multistroke.py,1169,8,0,0,0
kivy,C:\Users\Zhifei Chen\Desktop\pysmell\subjects_for_metrics\kivy\kivy\parser.py,17,2,0,0,0
kivy,C:\Users\Zhifei Chen\Desktop\pysmell\subjects_for_metrics\kivy\kivy\utils.py,325,3,0,0,0
kivy,C:\Users\Zhifei Chen\Desktop\pysmell\subjects_for_metrics\kivy\kivy\utils.py,342,3,0,0,0
kivy,C:\Users\Zhifei Chen\Desktop\pysmell\subjects_for_metrics\kivy\kivy\utils.py,393,9,0,0,0
kivy,C:\Users\Zhifei Chen\Desktop\pysmell\subjects_for_metrics\kivy\kivy\utils.py,484,3,0,0,0
kivy,C:\Users\Zhifei Chen\Desktop\pysmell\subjects_for_metrics\kivy\kivy\vector.py,88,35,1,0,0
kivy,C:\Users\Zhifei Chen\Desktop\pysmell\subjects_for_metrics\kivy\kivy\weakmethod.py,20,5,0,0,0
kivy,C:\Users\Zhifei Chen\Desktop\pysmell\subjects_for_metrics\kivy\kivy\weakmethod.py,75,6,0,0,0
kivy,C:\Users\Zhifei Chen\Desktop\pysmell\subjects_for_metrics\kivy\kivy\adapters\adapter.py,51,14,0,0,0
kivy,C:\Users\Zhifei Chen\Desktop\pysmell\subjects_for_metrics\kivy\kivy\adapters\dictadapter.py,27,15,0,0,0
kivy,C:\Users\Zhifei Chen\Desktop\pysmell\subjects_for_metrics\kivy\kivy\adapters\listadapter.py,56,39,1,0,1
kivy,C:\Users\Zhifei Chen\Desktop\pysmell\subjects_for_metrics\kivy\kivy\adapters\models.py,49,4,0,0,0
kivy,C:\Users\Zhifei Chen\Desktop\pysmell\subjects_for_metrics\kivy\kivy\adapters\simplelistadapter.py,25,7,0,0,0
kivy,C:\Users\Zhifei Chen\Desktop\pysmell\subjects_for_metrics\kivy\kivy\core\__init__.py,29,2,0,0,0
kivy,C:\Users\Zhifei Chen\Desktop\pysmell\subjects_for_metrics\kivy\kivy\core\audio\audio_avplayer.py,19,11,0,0,0
kivy,C:\Users\Zhifei Chen\Desktop\pysmell\subjects_for_metrics\kivy\kivy\core\audio\audio_ffpyplayer.py,78,14,0,0,0
kivy,C:\Users\Zhifei Chen\Desktop\pysmell\subjects_for_metrics\kivy\kivy\core\audio\audio_gi.py,25,13,0,0,0
kivy,C:\Users\Zhifei Chen\Desktop\pysmell\subjects_for_metrics\kivy\kivy\core\audio\audio_gstplayer.py,37,14,0,0,0
kivy,C:\Users\Zhifei Chen\Desktop\pysmell\subjects_for_metrics\kivy\kivy\core\audio\audio_pygame.py,30,12,0,0,0
kivy,C:\Users\Zhifei Chen\Desktop\pysmell\subjects_for_metrics\kivy\kivy\core\audio\audio_pygst.py,34,13,0,0,0
kivy,C:\Users\Zhifei Chen\Desktop\pysmell\subjects_for_metrics\kivy\kivy\core\audio\__init__.py,47,3,0,0,0
kivy,C:\Users\Zhifei Chen\Desktop\pysmell\subjects_for_metrics\kivy\kivy\core\audio\__init__.py,76,27,1,0,0
kivy,C:\Users\Zhifei Chen\Desktop\pysmell\subjects_for_metrics\kivy\kivy\core\camera\camera_android.py,16,4,0,0,0
kivy,C:\Users\Zhifei Chen\Desktop\pysmell\subjects_for_metrics\kivy\kivy\core\camera\camera_android.py,31,15,0,0,0
kivy,C:\Users\Zhifei Chen\Desktop\pysmell\subjects_for_metrics\kivy\kivy\core\camera\camera_gi.py,30,5,0,0,0
kivy,C:\Users\Zhifei Chen\Desktop\pysmell\subjects_for_metrics\kivy\kivy\core\camera\camera_gi.py,43,9,0,0,0
kivy,C:\Users\Zhifei Chen\Desktop\pysmell\subjects_for_metrics\kivy\kivy\core\camera\camera_opencv.py,41,6,0,0,0
kivy,C:\Users\Zhifei Chen\Desktop\pysmell\subjects_for_metrics\kivy\kivy\core\camera\camera_pygst.py,28,7,0,0,0
kivy,C:\Users\Zhifei Chen\Desktop\pysmell\subjects_for_metrics\kivy\kivy\core\camera\camera_videocapture.py,20,6,0,0,0
kivy,C:\Users\Zhifei Chen\Desktop\pysmell\subjects_for_metrics\kivy\kivy\core\camera\__init__.py,26,20,0,0,0
kivy,C:\Users\Zhifei Chen\Desktop\pysmell\subjects_for_metrics\kivy\kivy\core\clipboard\clipboard_android.py,22,9,0,0,0
kivy,C:\Users\Zhifei Chen\Desktop\pysmell\subjects_for_metrics\kivy\kivy\core\clipboard\clipboard_dbusklipper.py,21,6,0,0,0
kivy,C:\Users\Zhifei Chen\Desktop\pysmell\subjects_for_metrics\kivy\kivy\core\clipboard\clipboard_dummy.py,11,5,0,0,0
kivy,C:\Users\Zhifei Chen\Desktop\pysmell\subjects_for_metrics\kivy\kivy\core\clipboard\clipboard_gtk3.py,18,6,0,0,0
kivy,C:\Users\Zhifei Chen\Desktop\pysmell\subjects_for_metrics\kivy\kivy\core\clipboard\clipboard_nspaste.py,24,5,0,0,0
kivy,C:\Users\Zhifei Chen\Desktop\pysmell\subjects_for_metrics\kivy\kivy\core\clipboard\clipboard_pygame.py,21,9,0,0,0
kivy,C:\Users\Zhifei Chen\Desktop\pysmell\subjects_for_metrics\kivy\kivy\core\clipboard\clipboard_sdl2.py,20,5,0,0,0
kivy,C:\Users\Zhifei Chen\Desktop\pysmell\subjects_for_metrics\kivy\kivy\core\clipboard\clipboard_winctypes.py,21,4,0,0,0
kivy,C:\Users\Zhifei Chen\Desktop\pysmell\subjects_for_metrics\kivy\kivy\core\clipboard\clipboard_xclip.py,23,2,0,0,0
kivy,C:\Users\Zhifei Chen\Desktop\pysmell\subjects_for_metrics\kivy\kivy\core\clipboard\clipboard_xsel.py,21,2,0,0,0
kivy,C:\Users\Zhifei Chen\Desktop\pysmell\subjects_for_metrics\kivy\kivy\core\clipboard\_clipboard_ext.py,10,7,0,0,0
kivy,C:\Users\Zhifei Chen\Desktop\pysmell\subjects_for_metrics\kivy\kivy\core\clipboard\__init__.py,35,9,0,0,0
kivy,C:\Users\Zhifei Chen\Desktop\pysmell\subjects_for_metrics\kivy\kivy\core\image\img_dds.py,12,3,0,0,0
kivy,C:\Users\Zhifei Chen\Desktop\pysmell\subjects_for_metrics\kivy\kivy\core\image\img_ffpyplayer.py,33,3,0,0,0
kivy,C:\Users\Zhifei Chen\Desktop\pysmell\subjects_for_metrics\kivy\kivy\core\image\img_gif.py,44,3,0,0,0
kivy,C:\Users\Zhifei Chen\Desktop\pysmell\subjects_for_metrics\kivy\kivy\core\image\img_gif.py,147,15,0,0,0
kivy,C:\Users\Zhifei Chen\Desktop\pysmell\subjects_for_metrics\kivy\kivy\core\image\img_gif.py,226,5,0,0,0
kivy,C:\Users\Zhifei Chen\Desktop\pysmell\subjects_for_metrics\kivy\kivy\core\image\img_gif.py,295,8,0,0,0
kivy,C:\Users\Zhifei Chen\Desktop\pysmell\subjects_for_metrics\kivy\kivy\core\image\img_pil.py,16,8,0,0,0
kivy,C:\Users\Zhifei Chen\Desktop\pysmell\subjects_for_metrics\kivy\kivy\core\image\img_pygame.py,18,6,0,0,0
kivy,C:\Users\Zhifei Chen\Desktop\pysmell\subjects_for_metrics\kivy\kivy\core\image\img_sdl2.py,14,7,0,0,0
kivy,C:\Users\Zhifei Chen\Desktop\pysmell\subjects_for_metrics\kivy\kivy\core\image\img_tex.py,13,3,0,0,0
kivy,C:\Users\Zhifei Chen\Desktop\pysmell\subjects_for_metrics\kivy\kivy\core\image\__init__.py,66,17,0,0,0
kivy,C:\Users\Zhifei Chen\Desktop\pysmell\subjects_for_metrics\kivy\kivy\core\image\__init__.py,181,15,0,0,0
kivy,C:\Users\Zhifei Chen\Desktop\pysmell\subjects_for_metrics\kivy\kivy\core\image\__init__.py,303,5,0,0,0
kivy,C:\Users\Zhifei Chen\Desktop\pysmell\subjects_for_metrics\kivy\kivy\core\image\__init__.py,436,30,1,0,0
kivy,C:\Users\Zhifei Chen\Desktop\pysmell\subjects_for_metrics\kivy\kivy\core\spelling\spelling_enchant.py,12,6,0,0,0
kivy,C:\Users\Zhifei Chen\Desktop\pysmell\subjects_for_metrics\kivy\kivy\core\spelling\spelling_osxappkit.py,21,6,0,0,0
kivy,C:\Users\Zhifei Chen\Desktop\pysmell\subjects_for_metrics\kivy\kivy\core\spelling\__init__.py,32,2,0,0,0
kivy,C:\Users\Zhifei Chen\Desktop\pysmell\subjects_for_metrics\kivy\kivy\core\spelling\__init__.py,39,2,0,0,0
kivy,C:\Users\Zhifei Chen\Desktop\pysmell\subjects_for_metrics\kivy\kivy\core\spelling\__init__.py,47,6,0,0,0
kivy,C:\Users\Zhifei Chen\Desktop\pysmell\subjects_for_metrics\kivy\kivy\core\text\markup.py,60,11,0,0,0
kivy,C:\Users\Zhifei Chen\Desktop\pysmell\subjects_for_metrics\kivy\kivy\core\text\text_pil.py,20,8,0,0,0
kivy,C:\Users\Zhifei Chen\Desktop\pysmell\subjects_for_metrics\kivy\kivy\core\text\text_pygame.py,27,10,0,0,0
kivy,C:\Users\Zhifei Chen\Desktop\pysmell\subjects_for_metrics\kivy\kivy\core\text\text_sdl2.py,16,8,0,0,0
kivy,C:\Users\Zhifei Chen\Desktop\pysmell\subjects_for_metrics\kivy\kivy\core\text\__init__.py,60,41,1,0,1
kivy,C:\Users\Zhifei Chen\Desktop\pysmell\subjects_for_metrics\kivy\kivy\core\video\video_ffmpeg.py,27,13,0,0,0
kivy,C:\Users\Zhifei Chen\Desktop\pysmell\subjects_for_metrics\kivy\kivy\core\video\video_ffpyplayer.py,84,21,0,0,0
kivy,C:\Users\Zhifei Chen\Desktop\pysmell\subjects_for_metrics\kivy\kivy\core\video\video_gi.py,45,5,0,0,0
kivy,C:\Users\Zhifei Chen\Desktop\pysmell\subjects_for_metrics\kivy\kivy\core\video\video_gi.py,83,17,0,0,0
kivy,C:\Users\Zhifei Chen\Desktop\pysmell\subjects_for_metrics\kivy\kivy\core\video\video_gstplayer.py,50,16,0,0,0
kivy,C:\Users\Zhifei Chen\Desktop\pysmell\subjects_for_metrics\kivy\kivy\core\video\video_null.py,9,2,0,0,0
kivy,C:\Users\Zhifei Chen\Desktop\pysmell\subjects_for_metrics\kivy\kivy\core\video\video_pyglet.py,19,1,0,0,0
kivy,C:\Users\Zhifei Chen\Desktop\pysmell\subjects_for_metrics\kivy\kivy\core\video\video_pyglet.py,30,11,0,0,0
kivy,C:\Users\Zhifei Chen\Desktop\pysmell\subjects_for_metrics\kivy\kivy\core\video\video_pygst.py,74,16,0,0,0
kivy,C:\Users\Zhifei Chen\Desktop\pysmell\subjects_for_metrics\kivy\kivy\core\video\__init__.py,29,35,1,0,0
kivy,C:\Users\Zhifei Chen\Desktop\pysmell\subjects_for_metrics\kivy\kivy\core\window\window_egl_rpi.py,25,9,0,0,0
kivy,C:\Users\Zhifei Chen\Desktop\pysmell\subjects_for_metrics\kivy\kivy\core\window\window_pygame.py,35,16,0,0,0
kivy,C:\Users\Zhifei Chen\Desktop\pysmell\subjects_for_metrics\kivy\kivy\core\window\window_sdl2.py,94,2,0,0,0
kivy,C:\Users\Zhifei Chen\Desktop\pysmell\subjects_for_metrics\kivy\kivy\core\window\window_sdl2.py,103,5,0,0,0
kivy,C:\Users\Zhifei Chen\Desktop\pysmell\subjects_for_metrics\kivy\kivy\core\window\window_sdl2.py,133,26,1,0,0
kivy,C:\Users\Zhifei Chen\Desktop\pysmell\subjects_for_metrics\kivy\kivy\core\window\__init__.py,37,58,1,0,1
kivy,C:\Users\Zhifei Chen\Desktop\pysmell\subjects_for_metrics\kivy\kivy\core\window\__init__.py,198,142,1,1,1
kivy,C:\Users\Zhifei Chen\Desktop\pysmell\subjects_for_metrics\kivy\kivy\effects\dampedscroll.py,21,13,0,0,0
kivy,C:\Users\Zhifei Chen\Desktop\pysmell\subjects_for_metrics\kivy\kivy\effects\kinetic.py,48,22,0,0,0
kivy,C:\Users\Zhifei Chen\Desktop\pysmell\subjects_for_metrics\kivy\kivy\effects\opacityscroll.py,16,2,0,0,0
kivy,C:\Users\Zhifei Chen\Desktop\pysmell\subjects_for_metrics\kivy\kivy\effects\scroll.py,27,20,0,0,0
kivy,C:\Users\Zhifei Chen\Desktop\pysmell\subjects_for_metrics\kivy\kivy\extras\highlight.py,11,27,1,0,0
kivy,C:\Users\Zhifei Chen\Desktop\pysmell\subjects_for_metrics\kivy\kivy\garden\__init__.py,83,4,0,0,0
kivy,C:\Users\Zhifei Chen\Desktop\pysmell\subjects_for_metrics\kivy\kivy\input\factory.py,11,4,0,0,0
kivy,C:\Users\Zhifei Chen\Desktop\pysmell\subjects_for_metrics\kivy\kivy\input\motionevent.py,96,3,0,0,0
kivy,C:\Users\Zhifei Chen\Desktop\pysmell\subjects_for_metrics\kivy\kivy\input\motionevent.py,108,2,0,0,0
kivy,C:\Users\Zhifei Chen\Desktop\pysmell\subjects_for_metrics\kivy\kivy\input\motionevent.py,125,36,1,0,0
kivy,C:\Users\Zhifei Chen\Desktop\pysmell\subjects_for_metrics\kivy\kivy\input\provider.py,15,5,0,0,0
kivy,C:\Users\Zhifei Chen\Desktop\pysmell\subjects_for_metrics\kivy\kivy\input\recorder.py,105,2,0,0,0
kivy,C:\Users\Zhifei Chen\Desktop\pysmell\subjects_for_metrics\kivy\kivy\input\recorder.py,113,26,1,0,0
kivy,C:\Users\Zhifei Chen\Desktop\pysmell\subjects_for_metrics\kivy\kivy\input\shape.py,11,2,0,0,0
kivy,C:\Users\Zhifei Chen\Desktop\pysmell\subjects_for_metrics\kivy\kivy\input\shape.py,16,3,0,0,0
kivy,C:\Users\Zhifei Chen\Desktop\pysmell\subjects_for_metrics\kivy\kivy\input\postproc\calibration.py,37,3,0,0,0
kivy,C:\Users\Zhifei Chen\Desktop\pysmell\subjects_for_metrics\kivy\kivy\input\postproc\dejitter.py,20,4,0,0,0
kivy,C:\Users\Zhifei Chen\Desktop\pysmell\subjects_for_metrics\kivy\kivy\input\postproc\doubletap.py,15,4,0,0,0
kivy,C:\Users\Zhifei Chen\Desktop\pysmell\subjects_for_metrics\kivy\kivy\input\postproc\ignorelist.py,14,4,0,0,0
kivy,C:\Users\Zhifei Chen\Desktop\pysmell\subjects_for_metrics\kivy\kivy\input\postproc\retaintouch.py,15,3,0,0,0
kivy,C:\Users\Zhifei Chen\Desktop\pysmell\subjects_for_metrics\kivy\kivy\input\postproc\tripletap.py,18,4,0,0,0
kivy,C:\Users\Zhifei Chen\Desktop\pysmell\subjects_for_metrics\kivy\kivy\input\providers\androidjoystick.py,30,2,0,0,0
kivy,C:\Users\Zhifei Chen\Desktop\pysmell\subjects_for_metrics\kivy\kivy\input\providers\androidjoystick.py,42,6,0,0,0
kivy,C:\Users\Zhifei Chen\Desktop\pysmell\subjects_for_metrics\kivy\kivy\input\providers\hidinput.py,56,3,0,0,0
kivy,C:\Users\Zhifei Chen\Desktop\pysmell\subjects_for_metrics\kivy\kivy\input\providers\hidinput.py,310,9,0,0,0
kivy,C:\Users\Zhifei Chen\Desktop\pysmell\subjects_for_metrics\kivy\kivy\input\providers\leapfinger.py,24,2,0,0,0
kivy,C:\Users\Zhifei Chen\Desktop\pysmell\subjects_for_metrics\kivy\kivy\input\providers\leapfinger.py,39,5,0,0,0
kivy,C:\Users\Zhifei Chen\Desktop\pysmell\subjects_for_metrics\kivy\kivy\input\providers\leapfinger.py,50,6,0,0,0
kivy,C:\Users\Zhifei Chen\Desktop\pysmell\subjects_for_metrics\kivy\kivy\input\providers\linuxwacom.py,35,3,0,0,0
kivy,C:\Users\Zhifei Chen\Desktop\pysmell\subjects_for_metrics\kivy\kivy\input\providers\linuxwacom.py,131,9,0,0,0
kivy,C:\Users\Zhifei Chen\Desktop\pysmell\subjects_for_metrics\kivy\kivy\input\providers\mactouch.py,38,3,0,0,0
kivy,C:\Users\Zhifei Chen\Desktop\pysmell\subjects_for_metrics\kivy\kivy\input\providers\mactouch.py,42,3,0,0,0
kivy,C:\Users\Zhifei Chen\Desktop\pysmell\subjects_for_metrics\kivy\kivy\input\providers\mactouch.py,46,18,0,0,0
kivy,C:\Users\Zhifei Chen\Desktop\pysmell\subjects_for_metrics\kivy\kivy\input\providers\mactouch.py,91,3,0,0,0
kivy,C:\Users\Zhifei Chen\Desktop\pysmell\subjects_for_metrics\kivy\kivy\input\providers\mactouch.py,112,6,0,0,0
kivy,C:\Users\Zhifei Chen\Desktop\pysmell\subjects_for_metrics\kivy\kivy\input\providers\mouse.py,81,4,0,0,0
kivy,C:\Users\Zhifei Chen\Desktop\pysmell\subjects_for_metrics\kivy\kivy\input\providers\mouse.py,130,13,0,0,0
kivy,C:\Users\Zhifei Chen\Desktop\pysmell\subjects_for_metrics\kivy\kivy\input\providers\mtdev.py,46,3,0,0,0
kivy,C:\Users\Zhifei Chen\Desktop\pysmell\subjects_for_metrics\kivy\kivy\input\providers\mtdev.py,86,12,0,0,0
kivy,C:\Users\Zhifei Chen\Desktop\pysmell\subjects_for_metrics\kivy\kivy\input\providers\probesysfs.py,66,7,0,0,0
kivy,C:\Users\Zhifei Chen\Desktop\pysmell\subjects_for_metrics\kivy\kivy\input\providers\probesysfs.py,149,5,0,0,0
kivy,C:\Users\Zhifei Chen\Desktop\pysmell\subjects_for_metrics\kivy\kivy\input\providers\tuio.py,51,11,0,0,0
kivy,C:\Users\Zhifei Chen\Desktop\pysmell\subjects_for_metrics\kivy\kivy\input\providers\tuio.py,202,9,0,0,0
kivy,C:\Users\Zhifei Chen\Desktop\pysmell\subjects_for_metrics\kivy\kivy\input\providers\tuio.py,242,3,0,0,0
kivy,C:\Users\Zhifei Chen\Desktop\pysmell\subjects_for_metrics\kivy\kivy\input\providers\tuio.py,271,3,0,0,0
kivy,C:\Users\Zhifei Chen\Desktop\pysmell\subjects_for_metrics\kivy\kivy\input\providers\tuio.py,303,3,0,0,0
kivy,C:\Users\Zhifei Chen\Desktop\pysmell\subjects_for_metrics\kivy\kivy\input\providers\wm_pen.py,17,3,0,0,0
kivy,C:\Users\Zhifei Chen\Desktop\pysmell\subjects_for_metrics\kivy\kivy\input\providers\wm_pen.py,44,10,0,0,0
kivy,C:\Users\Zhifei Chen\Desktop\pysmell\subjects_for_metrics\kivy\kivy\input\providers\wm_pen.py,76,7,0,0,0
kivy,C:\Users\Zhifei Chen\Desktop\pysmell\subjects_for_metrics\kivy\kivy\input\providers\wm_touch.py,19,4,0,0,0
kivy,C:\Users\Zhifei Chen\Desktop\pysmell\subjects_for_metrics\kivy\kivy\input\providers\wm_touch.py,60,17,0,0,0
kivy,C:\Users\Zhifei Chen\Desktop\pysmell\subjects_for_metrics\kivy\kivy\input\providers\wm_touch.py,91,10,0,0,0
kivy,C:\Users\Zhifei Chen\Desktop\pysmell\subjects_for_metrics\kivy\kivy\input\providers\wm_touch.py,133,7,0,0,0
kivy,C:\Users\Zhifei Chen\Desktop\pysmell\subjects_for_metrics\kivy\kivy\lib\ddsfile.py,145,3,0,0,0
kivy,C:\Users\Zhifei Chen\Desktop\pysmell\subjects_for_metrics\kivy\kivy\lib\ddsfile.py,158,2,0,0,0
kivy,C:\Users\Zhifei Chen\Desktop\pysmell\subjects_for_metrics\kivy\kivy\lib\ddsfile.py,162,19,0,0,0
kivy,C:\Users\Zhifei Chen\Desktop\pysmell\subjects_for_metrics\kivy\kivy\lib\mtdev.py,75,4,0,0,0
kivy,C:\Users\Zhifei Chen\Desktop\pysmell\subjects_for_metrics\kivy\kivy\lib\mtdev.py,81,6,0,0,0
kivy,C:\Users\Zhifei Chen\Desktop\pysmell\subjects_for_metrics\kivy\kivy\lib\mtdev.py,89,8,0,0,0
kivy,C:\Users\Zhifei Chen\Desktop\pysmell\subjects_for_metrics\kivy\kivy\lib\mtdev.py,99,7,0,0,0
kivy,C:\Users\Zhifei Chen\Desktop\pysmell\subjects_for_metrics\kivy\kivy\lib\mtdev.py,108,4,0,0,0
kivy,C:\Users\Zhifei Chen\Desktop\pysmell\subjects_for_metrics\kivy\kivy\lib\mtdev.py,125,10,0,0,0
kivy,C:\Users\Zhifei Chen\Desktop\pysmell\subjects_for_metrics\kivy\kivy\lib\osc\OSC.py,49,10,0,0,0
kivy,C:\Users\Zhifei Chen\Desktop\pysmell\subjects_for_metrics\kivy\kivy\lib\osc\OSC.py,252,5,0,0,0
kivy,C:\Users\Zhifei Chen\Desktop\pysmell\subjects_for_metrics\kivy\kivy\lib\osc\oscAPI.py,66,9,0,0,0
kivy,C:\Users\Zhifei Chen\Desktop\pysmell\subjects_for_metrics\kivy\kivy\lib\osc\oscAPI.py,101,3,0,0,0
kivy,C:\Users\Zhifei Chen\Desktop\pysmell\subjects_for_metrics\kivy\kivy\lib\osc\oscAPI.py,187,3,0,0,0
kivy,C:\Users\Zhifei Chen\Desktop\pysmell\subjects_for_metrics\kivy\kivy\modules\console.py,294,6,0,0,0
kivy,C:\Users\Zhifei Chen\Desktop\pysmell\subjects_for_metrics\kivy\kivy\modules\console.py,312,2,0,0,0
kivy,C:\Users\Zhifei Chen\Desktop\pysmell\subjects_for_metrics\kivy\kivy\modules\console.py,317,2,0,0,0
kivy,C:\Users\Zhifei Chen\Desktop\pysmell\subjects_for_metrics\kivy\kivy\modules\console.py,322,2,0,0,0
kivy,C:\Users\Zhifei Chen\Desktop\pysmell\subjects_for_metrics\kivy\kivy\modules\console.py,327,2,0,0,0
kivy,C:\Users\Zhifei Chen\Desktop\pysmell\subjects_for_metrics\kivy\kivy\modules\console.py,331,6,0,0,0
kivy,C:\Users\Zhifei Chen\Desktop\pysmell\subjects_for_metrics\kivy\kivy\modules\console.py,359,2,0,0,0
kivy,C:\Users\Zhifei Chen\Desktop\pysmell\subjects_for_metrics\kivy\kivy\modules\console.py,365,4,0,0,0
kivy,C:\Users\Zhifei Chen\Desktop\pysmell\subjects_for_metrics\kivy\kivy\modules\console.py,379,5,0,0,0
kivy,C:\Users\Zhifei Chen\Desktop\pysmell\subjects_for_metrics\kivy\kivy\modules\console.py,395,5,0,0,0
kivy,C:\Users\Zhifei Chen\Desktop\pysmell\subjects_for_metrics\kivy\kivy\modules\console.py,437,5,0,0,0
kivy,C:\Users\Zhifei Chen\Desktop\pysmell\subjects_for_metrics\kivy\kivy\modules\console.py,454,10,0,0,0
kivy,C:\Users\Zhifei Chen\Desktop\pysmell\subjects_for_metrics\kivy\kivy\modules\console.py,615,2,0,0,0
kivy,C:\Users\Zhifei Chen\Desktop\pysmell\subjects_for_metrics\kivy\kivy\modules\console.py,619,10,0,0,0
kivy,C:\Users\Zhifei Chen\Desktop\pysmell\subjects_for_metrics\kivy\kivy\modules\console.py,673,5,0,0,0
kivy,C:\Users\Zhifei Chen\Desktop\pysmell\subjects_for_metrics\kivy\kivy\modules\console.py,720,6,0,0,0
kivy,C:\Users\Zhifei Chen\Desktop\pysmell\subjects_for_metrics\kivy\kivy\modules\console.py,750,28,1,0,0
kivy,C:\Users\Zhifei Chen\Desktop\pysmell\subjects_for_metrics\kivy\kivy\modules\inspector.py,239,7,0,0,0
kivy,C:\Users\Zhifei Chen\Desktop\pysmell\subjects_for_metrics\kivy\kivy\modules\inspector.py,261,2,0,0,0
kivy,C:\Users\Zhifei Chen\Desktop\pysmell\subjects_for_metrics\kivy\kivy\modules\inspector.py,265,10,0,0,0
kivy,C:\Users\Zhifei Chen\Desktop\pysmell\subjects_for_metrics\kivy\kivy\modules\inspector.py,319,32,1,0,0
kivy,C:\Users\Zhifei Chen\Desktop\pysmell\subjects_for_metrics\kivy\kivy\modules\monitor.py,44,2,0,0,0
kivy,C:\Users\Zhifei Chen\Desktop\pysmell\subjects_for_metrics\kivy\kivy\modules\_webdebugger.py,20,2,0,0,0
kivy,C:\Users\Zhifei Chen\Desktop\pysmell\subjects_for_metrics\kivy\kivy\modules\_webdebugger.py,55,3,0,0,0
kivy,C:\Users\Zhifei Chen\Desktop\pysmell\subjects_for_metrics\kivy\kivy\modules\__init__.py,102,2,0,0,0
kivy,C:\Users\Zhifei Chen\Desktop\pysmell\subjects_for_metrics\kivy\kivy\modules\__init__.py,115,12,0,0,0
kivy,C:\Users\Zhifei Chen\Desktop\pysmell\subjects_for_metrics\kivy\kivy\network\urlrequest.py,96,14,0,0,0
kivy,C:\Users\Zhifei Chen\Desktop\pysmell\subjects_for_metrics\kivy\kivy\storage\dictstore.py,20,11,0,0,0
kivy,C:\Users\Zhifei Chen\Desktop\pysmell\subjects_for_metrics\kivy\kivy\storage\jsonstore.py,18,11,0,0,0
kivy,C:\Users\Zhifei Chen\Desktop\pysmell\subjects_for_metrics\kivy\kivy\storage\redisstore.py,40,11,0,0,0
kivy,C:\Users\Zhifei Chen\Desktop\pysmell\subjects_for_metrics\kivy\kivy\storage\__init__.py,129,43,1,0,1
kivy,C:\Users\Zhifei Chen\Desktop\pysmell\subjects_for_metrics\kivy\kivy\tests\common.py,19,8,0,0,0
kivy,C:\Users\Zhifei Chen\Desktop\pysmell\subjects_for_metrics\kivy\kivy\tests\perf_test_textinput.py,36,8,0,0,0
kivy,C:\Users\Zhifei Chen\Desktop\pysmell\subjects_for_metrics\kivy\kivy\tests\test_adapters.py,204,2,0,0,0
kivy,C:\Users\Zhifei Chen\Desktop\pysmell\subjects_for_metrics\kivy\kivy\tests\test_adapters.py,212,2,0,0,0
kivy,C:\Users\Zhifei Chen\Desktop\pysmell\subjects_for_metrics\kivy\kivy\tests\test_adapters.py,232,3,0,0,0
kivy,C:\Users\Zhifei Chen\Desktop\pysmell\subjects_for_metrics\kivy\kivy\tests\test_adapters.py,278,36,1,0,0
kivy,C:\Users\Zhifei Chen\Desktop\pysmell\subjects_for_metrics\kivy\kivy\tests\test_adapters.py,384,2,0,0,0
kivy,C:\Users\Zhifei Chen\Desktop\pysmell\subjects_for_metrics\kivy\kivy\tests\test_adapters.py,414,3,0,0,0
kivy,C:\Users\Zhifei Chen\Desktop\pysmell\subjects_for_metrics\kivy\kivy\tests\test_adapters.py,447,2,0,0,0
kivy,C:\Users\Zhifei Chen\Desktop\pysmell\subjects_for_metrics\kivy\kivy\tests\test_adapters.py,450,2,0,0,0
kivy,C:\Users\Zhifei Chen\Desktop\pysmell\subjects_for_metrics\kivy\kivy\tests\test_adapters.py,592,2,0,0,0
kivy,C:\Users\Zhifei Chen\Desktop\pysmell\subjects_for_metrics\kivy\kivy\tests\test_adapters.py,624,3,0,0,0
kivy,C:\Users\Zhifei Chen\Desktop\pysmell\subjects_for_metrics\kivy\kivy\tests\test_adapters.py,628,3,0,0,0
kivy,C:\Users\Zhifei Chen\Desktop\pysmell\subjects_for_metrics\kivy\kivy\tests\test_adapters.py,634,2,0,0,0
kivy,C:\Users\Zhifei Chen\Desktop\pysmell\subjects_for_metrics\kivy\kivy\tests\test_adapters.py,1023,3,0,0,0
kivy,C:\Users\Zhifei Chen\Desktop\pysmell\subjects_for_metrics\kivy\kivy\tests\test_adapters.py,1112,3,0,0,0
kivy,C:\Users\Zhifei Chen\Desktop\pysmell\subjects_for_metrics\kivy\kivy\tests\test_adapters.py,1142,3,0,0,0
kivy,C:\Users\Zhifei Chen\Desktop\pysmell\subjects_for_metrics\kivy\kivy\tests\test_animations.py,14,13,0,0,0
kivy,C:\Users\Zhifei Chen\Desktop\pysmell\subjects_for_metrics\kivy\kivy\tests\test_animations.py,80,5,0,0,0
kivy,C:\Users\Zhifei Chen\Desktop\pysmell\subjects_for_metrics\kivy\kivy\tests\test_app.py,8,4,0,0,0
kivy,C:\Users\Zhifei Chen\Desktop\pysmell\subjects_for_metrics\kivy\kivy\tests\test_app.py,16,2,0,0,0
kivy,C:\Users\Zhifei Chen\Desktop\pysmell\subjects_for_metrics\kivy\kivy\tests\test_audio.py,15,5,0,0,0
kivy,C:\Users\Zhifei Chen\Desktop\pysmell\subjects_for_metrics\kivy\kivy\tests\test_audio.py,55,2,0,0,0
kivy,C:\Users\Zhifei Chen\Desktop\pysmell\subjects_for_metrics\kivy\kivy\tests\test_audio.py,62,2,0,0,0
kivy,C:\Users\Zhifei Chen\Desktop\pysmell\subjects_for_metrics\kivy\kivy\tests\test_clipboard.py,4,5,0,0,0
kivy,C:\Users\Zhifei Chen\Desktop\pysmell\subjects_for_metrics\kivy\kivy\tests\test_clock.py,16,9,0,0,0
kivy,C:\Users\Zhifei Chen\Desktop\pysmell\subjects_for_metrics\kivy\kivy\tests\test_filechooser.py,4,2,0,0,0
kivy,C:\Users\Zhifei Chen\Desktop\pysmell\subjects_for_metrics\kivy\kivy\tests\test_filechooser_unicode.py,14,4,0,0,0
kivy,C:\Users\Zhifei Chen\Desktop\pysmell\subjects_for_metrics\kivy\kivy\tests\test_fonts.py,5,4,0,0,0
kivy,C:\Users\Zhifei Chen\Desktop\pysmell\subjects_for_metrics\kivy\kivy\tests\test_graphics.py,11,5,0,0,0
kivy,C:\Users\Zhifei Chen\Desktop\pysmell\subjects_for_metrics\kivy\kivy\tests\test_graphics.py,91,2,0,0,0
kivy,C:\Users\Zhifei Chen\Desktop\pysmell\subjects_for_metrics\kivy\kivy\tests\test_image.py,4,3,0,0,0
kivy,C:\Users\Zhifei Chen\Desktop\pysmell\subjects_for_metrics\kivy\kivy\tests\test_invalid_lang.py,5,3,0,0,0
kivy,C:\Users\Zhifei Chen\Desktop\pysmell\subjects_for_metrics\kivy\kivy\tests\test_issue_1084.py,34,3,0,0,0
kivy,C:\Users\Zhifei Chen\Desktop\pysmell\subjects_for_metrics\kivy\kivy\tests\test_issue_1091.py,6,2,0,0,0
kivy,C:\Users\Zhifei Chen\Desktop\pysmell\subjects_for_metrics\kivy\kivy\tests\test_issue_599.py,6,2,0,0,0
kivy,C:\Users\Zhifei Chen\Desktop\pysmell\subjects_for_metrics\kivy\kivy\tests\test_issue_599.py,10,2,0,0,0
kivy,C:\Users\Zhifei Chen\Desktop\pysmell\subjects_for_metrics\kivy\kivy\tests\test_issue_609.py,4,2,0,0,0
kivy,C:\Users\Zhifei Chen\Desktop\pysmell\subjects_for_metrics\kivy\kivy\tests\test_issue_883.py,5,2,0,0,0
kivy,C:\Users\Zhifei Chen\Desktop\pysmell\subjects_for_metrics\kivy\kivy\tests\test_lang.py,11,7,0,0,0
kivy,C:\Users\Zhifei Chen\Desktop\pysmell\subjects_for_metrics\kivy\kivy\tests\test_lang.py,43,2,0,0,0
kivy,C:\Users\Zhifei Chen\Desktop\pysmell\subjects_for_metrics\kivy\kivy\tests\test_lang.py,47,2,0,0,0
kivy,C:\Users\Zhifei Chen\Desktop\pysmell\subjects_for_metrics\kivy\kivy\tests\test_lang.py,51,2,0,0,0
kivy,C:\Users\Zhifei Chen\Desktop\pysmell\subjects_for_metrics\kivy\kivy\tests\test_lang.py,55,13,0,0,0
kivy,C:\Users\Zhifei Chen\Desktop\pysmell\subjects_for_metrics\kivy\kivy\tests\test_lang_complex.py,36,2,0,0,0
kivy,C:\Users\Zhifei Chen\Desktop\pysmell\subjects_for_metrics\kivy\kivy\tests\test_lang_complex.py,52,7,0,0,0
kivy,C:\Users\Zhifei Chen\Desktop\pysmell\subjects_for_metrics\kivy\kivy\tests\test_lang_complex.py,65,3,0,0,0
kivy,C:\Users\Zhifei Chen\Desktop\pysmell\subjects_for_metrics\kivy\kivy\tests\test_lang_complex.py,69,2,0,0,0
kivy,C:\Users\Zhifei Chen\Desktop\pysmell\subjects_for_metrics\kivy\kivy\tests\test_lang_complex.py,72,2,0,0,0
kivy,C:\Users\Zhifei Chen\Desktop\pysmell\subjects_for_metrics\kivy\kivy\tests\test_multistroke.py,42,21,0,0,0
kivy,C:\Users\Zhifei Chen\Desktop\pysmell\subjects_for_metrics\kivy\kivy\tests\test_properties.py,10,2,0,0,0
kivy,C:\Users\Zhifei Chen\Desktop\pysmell\subjects_for_metrics\kivy\kivy\tests\test_properties.py,17,19,0,0,0
kivy,C:\Users\Zhifei Chen\Desktop\pysmell\subjects_for_metrics\kivy\kivy\tests\test_properties.py,293,5,0,0,0
kivy,C:\Users\Zhifei Chen\Desktop\pysmell\subjects_for_metrics\kivy\kivy\tests\test_properties.py,428,2,0,0,0
kivy,C:\Users\Zhifei Chen\Desktop\pysmell\subjects_for_metrics\kivy\kivy\tests\test_properties.py,431,2,0,0,0
kivy,C:\Users\Zhifei Chen\Desktop\pysmell\subjects_for_metrics\kivy\kivy\tests\test_properties.py,434,2,0,0,0
kivy,C:\Users\Zhifei Chen\Desktop\pysmell\subjects_for_metrics\kivy\kivy\tests\test_properties.py,438,2,0,0,0
kivy,C:\Users\Zhifei Chen\Desktop\pysmell\subjects_for_metrics\kivy\kivy\tests\test_properties.py,441,5,0,0,0
kivy,C:\Users\Zhifei Chen\Desktop\pysmell\subjects_for_metrics\kivy\kivy\tests\test_selection.py,180,2,0,0,0
kivy,C:\Users\Zhifei Chen\Desktop\pysmell\subjects_for_metrics\kivy\kivy\tests\test_selection.py,189,2,0,0,0
kivy,C:\Users\Zhifei Chen\Desktop\pysmell\subjects_for_metrics\kivy\kivy\tests\test_selection.py,214,4,0,0,0
kivy,C:\Users\Zhifei Chen\Desktop\pysmell\subjects_for_metrics\kivy\kivy\tests\test_selection.py,224,2,0,0,0
kivy,C:\Users\Zhifei Chen\Desktop\pysmell\subjects_for_metrics\kivy\kivy\tests\test_selection.py,236,8,0,0,0
kivy,C:\Users\Zhifei Chen\Desktop\pysmell\subjects_for_metrics\kivy\kivy\tests\test_selection.py,425,3,0,0,0
kivy,C:\Users\Zhifei Chen\Desktop\pysmell\subjects_for_metrics\kivy\kivy\tests\test_storage.py,10,6,0,0,0
kivy,C:\Users\Zhifei Chen\Desktop\pysmell\subjects_for_metrics\kivy\kivy\tests\test_uix_anchorlayout.py,9,6,0,0,0
kivy,C:\Users\Zhifei Chen\Desktop\pysmell\subjects_for_metrics\kivy\kivy\tests\test_uix_boxlayout.py,12,6,0,0,0
kivy,C:\Users\Zhifei Chen\Desktop\pysmell\subjects_for_metrics\kivy\kivy\tests\test_uix_gridlayout.py,12,5,0,0,0
kivy,C:\Users\Zhifei Chen\Desktop\pysmell\subjects_for_metrics\kivy\kivy\tests\test_uix_layout.py,12,2,0,0,0
kivy,C:\Users\Zhifei Chen\Desktop\pysmell\subjects_for_metrics\kivy\kivy\tests\test_uix_listview.py,14,10,0,0,0
kivy,C:\Users\Zhifei Chen\Desktop\pysmell\subjects_for_metrics\kivy\kivy\tests\test_uix_listview.py,43,3,0,0,0
kivy,C:\Users\Zhifei Chen\Desktop\pysmell\subjects_for_metrics\kivy\kivy\tests\test_uix_listview.py,156,2,0,0,0
kivy,C:\Users\Zhifei Chen\Desktop\pysmell\subjects_for_metrics\kivy\kivy\tests\test_uix_listview.py,191,2,0,0,0
kivy,C:\Users\Zhifei Chen\Desktop\pysmell\subjects_for_metrics\kivy\kivy\tests\test_uix_relativelayout.py,15,2,0,0,0
kivy,C:\Users\Zhifei Chen\Desktop\pysmell\subjects_for_metrics\kivy\kivy\tests\test_uix_relativelayout.py,25,3,0,0,0
kivy,C:\Users\Zhifei Chen\Desktop\pysmell\subjects_for_metrics\kivy\kivy\tests\test_uix_stacklayout.py,12,10,0,0,0
kivy,C:\Users\Zhifei Chen\Desktop\pysmell\subjects_for_metrics\kivy\kivy\tests\test_uix_widget.py,4,10,0,0,0
kivy,C:\Users\Zhifei Chen\Desktop\pysmell\subjects_for_metrics\kivy\kivy\tests\test_uix_widget.py,95,2,0,0,0
kivy,C:\Users\Zhifei Chen\Desktop\pysmell\subjects_for_metrics\kivy\kivy\tests\test_uix_widget.py,101,2,0,0,0
kivy,C:\Users\Zhifei Chen\Desktop\pysmell\subjects_for_metrics\kivy\kivy\tests\test_uix_widget.py,104,2,0,0,0
kivy,C:\Users\Zhifei Chen\Desktop\pysmell\subjects_for_metrics\kivy\kivy\tests\test_uix_widget.py,107,2,0,0,0
kivy,C:\Users\Zhifei Chen\Desktop\pysmell\subjects_for_metrics\kivy\kivy\tests\test_urlrequest.py,21,6,0,0,0
kivy,C:\Users\Zhifei Chen\Desktop\pysmell\subjects_for_metrics\kivy\kivy\tests\test_utils.py,20,34,1,0,0
kivy,C:\Users\Zhifei Chen\Desktop\pysmell\subjects_for_metrics\kivy\kivy\tests\test_vector.py,7,42,1,0,1
kivy,C:\Users\Zhifei Chen\Desktop\pysmell\subjects_for_metrics\kivy\kivy\tests\test_video.py,5,2,0,0,0
kivy,C:\Users\Zhifei Chen\Desktop\pysmell\subjects_for_metrics\kivy\kivy\tests\test_widget.py,4,7,0,0,0
kivy,C:\Users\Zhifei Chen\Desktop\pysmell\subjects_for_metrics\kivy\kivy\tests\test_widget_walk.py,4,3,0,0,0
kivy,C:\Users\Zhifei Chen\Desktop\pysmell\subjects_for_metrics\kivy\kivy\tests\visual_test_label.py,282,3,0,0,0
kivy,C:\Users\Zhifei Chen\Desktop\pysmell\subjects_for_metrics\kivy\kivy\tools\benchmark.py,36,2,0,0,0
kivy,C:\Users\Zhifei Chen\Desktop\pysmell\subjects_for_metrics\kivy\kivy\tools\benchmark.py,40,1,0,0,0
kivy,C:\Users\Zhifei Chen\Desktop\pysmell\subjects_for_metrics\kivy\kivy\tools\benchmark.py,49,1,0,0,0
kivy,C:\Users\Zhifei Chen\Desktop\pysmell\subjects_for_metrics\kivy\kivy\tools\benchmark.py,58,2,0,0,0
kivy,C:\Users\Zhifei Chen\Desktop\pysmell\subjects_for_metrics\kivy\kivy\tools\benchmark.py,72,2,0,0,0
kivy,C:\Users\Zhifei Chen\Desktop\pysmell\subjects_for_metrics\kivy\kivy\tools\benchmark.py,91,2,0,0,0
kivy,C:\Users\Zhifei Chen\Desktop\pysmell\subjects_for_metrics\kivy\kivy\tools\benchmark.py,107,2,0,0,0
kivy,C:\Users\Zhifei Chen\Desktop\pysmell\subjects_for_metrics\kivy\kivy\tools\benchmark.py,123,2,0,0,0
kivy,C:\Users\Zhifei Chen\Desktop\pysmell\subjects_for_metrics\kivy\kivy\tools\benchmark.py,141,2,0,0,0
kivy,C:\Users\Zhifei Chen\Desktop\pysmell\subjects_for_metrics\kivy\kivy\tools\generate-icons.py,16,35,1,0,0
kivy,C:\Users\Zhifei Chen\Desktop\pysmell\subjects_for_metrics\kivy\kivy\tools\texturecompress.py,40,8,0,0,0
kivy,C:\Users\Zhifei Chen\Desktop\pysmell\subjects_for_metrics\kivy\kivy\tools\texturecompress.py,113,4,0,0,0
kivy,C:\Users\Zhifei Chen\Desktop\pysmell\subjects_for_metrics\kivy\kivy\tools\texturecompress.py,165,4,0,0,0
kivy,C:\Users\Zhifei Chen\Desktop\pysmell\subjects_for_metrics\kivy\kivy\tools\extensions\make-kivyext.py,159,4,0,0,0
kivy,C:\Users\Zhifei Chen\Desktop\pysmell\subjects_for_metrics\kivy\kivy\tools\packaging\factory.py,22,6,0,0,0
kivy,C:\Users\Zhifei Chen\Desktop\pysmell\subjects_for_metrics\kivy\kivy\tools\pep8checker\pep8.py,1157,11,0,0,0
kivy,C:\Users\Zhifei Chen\Desktop\pysmell\subjects_for_metrics\kivy\kivy\tools\pep8checker\pep8.py,1382,13,0,0,0
kivy,C:\Users\Zhifei Chen\Desktop\pysmell\subjects_for_metrics\kivy\kivy\tools\pep8checker\pep8.py,1472,2,0,0,0
kivy,C:\Users\Zhifei Chen\Desktop\pysmell\subjects_for_metrics\kivy\kivy\tools\pep8checker\pep8.py,1476,3,0,0,0
kivy,C:\Users\Zhifei Chen\Desktop\pysmell\subjects_for_metrics\kivy\kivy\tools\pep8checker\pep8.py,1511,3,0,0,0
kivy,C:\Users\Zhifei Chen\Desktop\pysmell\subjects_for_metrics\kivy\kivy\tools\pep8checker\pep8.py,1524,4,0,0,0
kivy,C:\Users\Zhifei Chen\Desktop\pysmell\subjects_for_metrics\kivy\kivy\tools\pep8checker\pep8.py,1563,9,0,0,0
kivy,C:\Users\Zhifei Chen\Desktop\pysmell\subjects_for_metrics\kivy\kivy\tools\pep8checker\pep8kivy.py,16,3,0,0,0
kivy,C:\Users\Zhifei Chen\Desktop\pysmell\subjects_for_metrics\kivy\kivy\uix\abstractview.py,25,3,0,0,0
kivy,C:\Users\Zhifei Chen\Desktop\pysmell\subjects_for_metrics\kivy\kivy\uix\accordion.py,97,2,0,0,0
kivy,C:\Users\Zhifei Chen\Desktop\pysmell\subjects_for_metrics\kivy\kivy\uix\accordion.py,103,42,1,0,1
kivy,C:\Users\Zhifei Chen\Desktop\pysmell\subjects_for_metrics\kivy\kivy\uix\accordion.py,320,13,0,0,0
kivy,C:\Users\Zhifei Chen\Desktop\pysmell\subjects_for_metrics\kivy\kivy\uix\actionbar.py,56,2,0,0,0
kivy,C:\Users\Zhifei Chen\Desktop\pysmell\subjects_for_metrics\kivy\kivy\uix\actionbar.py,62,18,0,0,0
kivy,C:\Users\Zhifei Chen\Desktop\pysmell\subjects_for_metrics\kivy\kivy\uix\actionbar.py,127,3,0,0,0
kivy,C:\Users\Zhifei Chen\Desktop\pysmell\subjects_for_metrics\kivy\kivy\uix\actionbar.py,151,23,1,0,0
kivy,C:\Users\Zhifei Chen\Desktop\pysmell\subjects_for_metrics\kivy\kivy\uix\actionbar.py,224,3,0,0,0
kivy,C:\Users\Zhifei Chen\Desktop\pysmell\subjects_for_metrics\kivy\kivy\uix\actionbar.py,234,2,0,0,0
kivy,C:\Users\Zhifei Chen\Desktop\pysmell\subjects_for_metrics\kivy\kivy\uix\actionbar.py,240,2,0,0,0
kivy,C:\Users\Zhifei Chen\Desktop\pysmell\subjects_for_metrics\kivy\kivy\uix\actionbar.py,246,4,0,0,0
kivy,C:\Users\Zhifei Chen\Desktop\pysmell\subjects_for_metrics\kivy\kivy\uix\actionbar.py,259,2,0,0,0
kivy,C:\Users\Zhifei Chen\Desktop\pysmell\subjects_for_metrics\kivy\kivy\uix\actionbar.py,265,17,0,0,0
kivy,C:\Users\Zhifei Chen\Desktop\pysmell\subjects_for_metrics\kivy\kivy\uix\actionbar.py,355,6,0,0,0
kivy,C:\Users\Zhifei Chen\Desktop\pysmell\subjects_for_metrics\kivy\kivy\uix\actionbar.py,391,21,0,0,0
kivy,C:\Users\Zhifei Chen\Desktop\pysmell\subjects_for_metrics\kivy\kivy\uix\actionbar.py,620,2,0,0,0
kivy,C:\Users\Zhifei Chen\Desktop\pysmell\subjects_for_metrics\kivy\kivy\uix\actionbar.py,627,15,0,0,0
kivy,C:\Users\Zhifei Chen\Desktop\pysmell\subjects_for_metrics\kivy\kivy\uix\actionbar.py,743,2,0,0,0
kivy,C:\Users\Zhifei Chen\Desktop\pysmell\subjects_for_metrics\kivy\kivy\uix\anchorlayout.py,34,9,0,0,0
kivy,C:\Users\Zhifei Chen\Desktop\pysmell\subjects_for_metrics\kivy\kivy\uix\behaviors.py,100,19,0,0,0
kivy,C:\Users\Zhifei Chen\Desktop\pysmell\subjects_for_metrics\kivy\kivy\uix\behaviors.py,243,13,0,0,0
kivy,C:\Users\Zhifei Chen\Desktop\pysmell\subjects_for_metrics\kivy\kivy\uix\behaviors.py,348,23,1,0,0
kivy,C:\Users\Zhifei Chen\Desktop\pysmell\subjects_for_metrics\kivy\kivy\uix\behaviors.py,534,44,1,0,1
kivy,C:\Users\Zhifei Chen\Desktop\pysmell\subjects_for_metrics\kivy\kivy\uix\behaviors.py,1029,43,1,0,1
kivy,C:\Users\Zhifei Chen\Desktop\pysmell\subjects_for_metrics\kivy\kivy\uix\behaviors.py,1577,3,0,0,0
kivy,C:\Users\Zhifei Chen\Desktop\pysmell\subjects_for_metrics\kivy\kivy\uix\boxlayout.py,68,11,0,0,0
kivy,C:\Users\Zhifei Chen\Desktop\pysmell\subjects_for_metrics\kivy\kivy\uix\bubble.py,75,2,0,0,0
kivy,C:\Users\Zhifei Chen\Desktop\pysmell\subjects_for_metrics\kivy\kivy\uix\bubble.py,86,2,0,0,0
kivy,C:\Users\Zhifei Chen\Desktop\pysmell\subjects_for_metrics\kivy\kivy\uix\bubble.py,90,34,1,0,0
kivy,C:\Users\Zhifei Chen\Desktop\pysmell\subjects_for_metrics\kivy\kivy\uix\button.py,45,17,0,0,0
kivy,C:\Users\Zhifei Chen\Desktop\pysmell\subjects_for_metrics\kivy\kivy\uix\camera.py,36,12,0,0,0
kivy,C:\Users\Zhifei Chen\Desktop\pysmell\subjects_for_metrics\kivy\kivy\uix\carousel.py,56,62,1,1,1
kivy,C:\Users\Zhifei Chen\Desktop\pysmell\subjects_for_metrics\kivy\kivy\uix\carousel.py,613,2,0,0,0
kivy,C:\Users\Zhifei Chen\Desktop\pysmell\subjects_for_metrics\kivy\kivy\uix\checkbox.py,38,30,1,0,0
kivy,C:\Users\Zhifei Chen\Desktop\pysmell\subjects_for_metrics\kivy\kivy\uix\codeinput.py,55,18,0,0,0
kivy,C:\Users\Zhifei Chen\Desktop\pysmell\subjects_for_metrics\kivy\kivy\uix\codeinput.py,220,2,0,0,0
kivy,C:\Users\Zhifei Chen\Desktop\pysmell\subjects_for_metrics\kivy\kivy\uix\colorpicker.py,75,33,1,0,0
kivy,C:\Users\Zhifei Chen\Desktop\pysmell\subjects_for_metrics\kivy\kivy\uix\colorpicker.py,294,5,0,0,0
kivy,C:\Users\Zhifei Chen\Desktop\pysmell\subjects_for_metrics\kivy\kivy\uix\colorpicker.py,364,21,0,0,0
kivy,C:\Users\Zhifei Chen\Desktop\pysmell\subjects_for_metrics\kivy\kivy\uix\colorpicker.py,458,2,0,0,0
kivy,C:\Users\Zhifei Chen\Desktop\pysmell\subjects_for_metrics\kivy\kivy\uix\dropdown.py,105,2,0,0,0
kivy,C:\Users\Zhifei Chen\Desktop\pysmell\subjects_for_metrics\kivy\kivy\uix\dropdown.py,111,29,1,0,0
kivy,C:\Users\Zhifei Chen\Desktop\pysmell\subjects_for_metrics\kivy\kivy\uix\effectwidget.py,358,10,0,0,0
kivy,C:\Users\Zhifei Chen\Desktop\pysmell\subjects_for_metrics\kivy\kivy\uix\effectwidget.py,423,6,0,0,0
kivy,C:\Users\Zhifei Chen\Desktop\pysmell\subjects_for_metrics\kivy\kivy\uix\effectwidget.py,463,2,0,0,0
kivy,C:\Users\Zhifei Chen\Desktop\pysmell\subjects_for_metrics\kivy\kivy\uix\effectwidget.py,470,2,0,0,0
kivy,C:\Users\Zhifei Chen\Desktop\pysmell\subjects_for_metrics\kivy\kivy\uix\effectwidget.py,477,2,0,0,0
kivy,C:\Users\Zhifei Chen\Desktop\pysmell\subjects_for_metrics\kivy\kivy\uix\effectwidget.py,484,6,0,0,0
kivy,C:\Users\Zhifei Chen\Desktop\pysmell\subjects_for_metrics\kivy\kivy\uix\effectwidget.py,507,6,0,0,0
kivy,C:\Users\Zhifei Chen\Desktop\pysmell\subjects_for_metrics\kivy\kivy\uix\effectwidget.py,531,6,0,0,0
kivy,C:\Users\Zhifei Chen\Desktop\pysmell\subjects_for_metrics\kivy\kivy\uix\effectwidget.py,553,6,0,0,0
kivy,C:\Users\Zhifei Chen\Desktop\pysmell\subjects_for_metrics\kivy\kivy\uix\effectwidget.py,575,2,0,0,0
kivy,C:\Users\Zhifei Chen\Desktop\pysmell\subjects_for_metrics\kivy\kivy\uix\effectwidget.py,582,3,0,0,0
kivy,C:\Users\Zhifei Chen\Desktop\pysmell\subjects_for_metrics\kivy\kivy\uix\effectwidget.py,603,18,0,0,0
kivy,C:\Users\Zhifei Chen\Desktop\pysmell\subjects_for_metrics\kivy\kivy\uix\filechooser.py,132,5,0,0,0
kivy,C:\Users\Zhifei Chen\Desktop\pysmell\subjects_for_metrics\kivy\kivy\uix\filechooser.py,160,5,0,0,0
kivy,C:\Users\Zhifei Chen\Desktop\pysmell\subjects_for_metrics\kivy\kivy\uix\filechooser.py,191,11,0,0,0
kivy,C:\Users\Zhifei Chen\Desktop\pysmell\subjects_for_metrics\kivy\kivy\uix\filechooser.py,232,2,0,0,0
kivy,C:\Users\Zhifei Chen\Desktop\pysmell\subjects_for_metrics\kivy\kivy\uix\filechooser.py,236,11,0,0,0
kivy,C:\Users\Zhifei Chen\Desktop\pysmell\subjects_for_metrics\kivy\kivy\uix\filechooser.py,270,5,0,0,0
kivy,C:\Users\Zhifei Chen\Desktop\pysmell\subjects_for_metrics\kivy\kivy\uix\filechooser.py,286,5,0,0,0
kivy,C:\Users\Zhifei Chen\Desktop\pysmell\subjects_for_metrics\kivy\kivy\uix\filechooser.py,303,59,1,1,1
kivy,C:\Users\Zhifei Chen\Desktop\pysmell\subjects_for_metrics\kivy\kivy\uix\filechooser.py,867,2,0,0,0
kivy,C:\Users\Zhifei Chen\Desktop\pysmell\subjects_for_metrics\kivy\kivy\uix\filechooser.py,875,2,0,0,0
kivy,C:\Users\Zhifei Chen\Desktop\pysmell\subjects_for_metrics\kivy\kivy\uix\filechooser.py,883,26,1,0,0
kivy,C:\Users\Zhifei Chen\Desktop\pysmell\subjects_for_metrics\kivy\kivy\uix\filechooser.py,1075,2,0,0,0
kivy,C:\Users\Zhifei Chen\Desktop\pysmell\subjects_for_metrics\kivy\kivy\uix\floatlayout.py,60,5,0,0,0
kivy,C:\Users\Zhifei Chen\Desktop\pysmell\subjects_for_metrics\kivy\kivy\uix\gesturesurface.py,32,17,0,0,0
kivy,C:\Users\Zhifei Chen\Desktop\pysmell\subjects_for_metrics\kivy\kivy\uix\gesturesurface.py,197,28,1,0,0
kivy,C:\Users\Zhifei Chen\Desktop\pysmell\subjects_for_metrics\kivy\kivy\uix\gridlayout.py,107,2,0,0,0
kivy,C:\Users\Zhifei Chen\Desktop\pysmell\subjects_for_metrics\kivy\kivy\uix\gridlayout.py,113,32,1,0,0
kivy,C:\Users\Zhifei Chen\Desktop\pysmell\subjects_for_metrics\kivy\kivy\uix\image.py,64,36,1,0,0
kivy,C:\Users\Zhifei Chen\Desktop\pysmell\subjects_for_metrics\kivy\kivy\uix\image.py,322,7,0,0,0
kivy,C:\Users\Zhifei Chen\Desktop\pysmell\subjects_for_metrics\kivy\kivy\uix\label.py,229,67,1,1,1
kivy,C:\Users\Zhifei Chen\Desktop\pysmell\subjects_for_metrics\kivy\kivy\uix\layout.py,62,5,0,0,0
kivy,C:\Users\Zhifei Chen\Desktop\pysmell\subjects_for_metrics\kivy\kivy\uix\listview.py,548,8,0,0,0
kivy,C:\Users\Zhifei Chen\Desktop\pysmell\subjects_for_metrics\kivy\kivy\uix\listview.py,589,4,0,0,0
kivy,C:\Users\Zhifei Chen\Desktop\pysmell\subjects_for_metrics\kivy\kivy\uix\listview.py,600,10,0,0,0
kivy,C:\Users\Zhifei Chen\Desktop\pysmell\subjects_for_metrics\kivy\kivy\uix\listview.py,645,6,0,0,0
kivy,C:\Users\Zhifei Chen\Desktop\pysmell\subjects_for_metrics\kivy\kivy\uix\listview.py,672,15,0,0,0
kivy,C:\Users\Zhifei Chen\Desktop\pysmell\subjects_for_metrics\kivy\kivy\uix\listview.py,787,27,1,0,0
kivy,C:\Users\Zhifei Chen\Desktop\pysmell\subjects_for_metrics\kivy\kivy\uix\modalview.py,84,31,1,0,0
kivy,C:\Users\Zhifei Chen\Desktop\pysmell\subjects_for_metrics\kivy\kivy\uix\pagelayout.py,39,12,0,0,0
kivy,C:\Users\Zhifei Chen\Desktop\pysmell\subjects_for_metrics\kivy\kivy\uix\popup.py,86,1,0,0,0
kivy,C:\Users\Zhifei Chen\Desktop\pysmell\subjects_for_metrics\kivy\kivy\uix\popup.py,94,22,0,0,0
kivy,C:\Users\Zhifei Chen\Desktop\pysmell\subjects_for_metrics\kivy\kivy\uix\progressbar.py,32,12,0,0,0
kivy,C:\Users\Zhifei Chen\Desktop\pysmell\subjects_for_metrics\kivy\kivy\uix\relativelayout.py,250,9,0,0,0
kivy,C:\Users\Zhifei Chen\Desktop\pysmell\subjects_for_metrics\kivy\kivy\uix\rst.py,89,2,0,0,0
kivy,C:\Users\Zhifei Chen\Desktop\pysmell\subjects_for_metrics\kivy\kivy\uix\rst.py,92,2,0,0,0
kivy,C:\Users\Zhifei Chen\Desktop\pysmell\subjects_for_metrics\kivy\kivy\uix\rst.py,95,8,0,0,0
kivy,C:\Users\Zhifei Chen\Desktop\pysmell\subjects_for_metrics\kivy\kivy\uix\rst.py,389,2,0,0,0
kivy,C:\Users\Zhifei Chen\Desktop\pysmell\subjects_for_metrics\kivy\kivy\uix\rst.py,393,47,1,0,1
kivy,C:\Users\Zhifei Chen\Desktop\pysmell\subjects_for_metrics\kivy\kivy\uix\rst.py,673,3,0,0,0
kivy,C:\Users\Zhifei Chen\Desktop\pysmell\subjects_for_metrics\kivy\kivy\uix\rst.py,680,4,0,0,0
kivy,C:\Users\Zhifei Chen\Desktop\pysmell\subjects_for_metrics\kivy\kivy\uix\rst.py,689,3,0,0,0
kivy,C:\Users\Zhifei Chen\Desktop\pysmell\subjects_for_metrics\kivy\kivy\uix\rst.py,696,2,0,0,0
kivy,C:\Users\Zhifei Chen\Desktop\pysmell\subjects_for_metrics\kivy\kivy\uix\rst.py,700,2,0,0,0
kivy,C:\Users\Zhifei Chen\Desktop\pysmell\subjects_for_metrics\kivy\kivy\uix\rst.py,704,2,0,0,0
kivy,C:\Users\Zhifei Chen\Desktop\pysmell\subjects_for_metrics\kivy\kivy\uix\rst.py,708,2,0,0,0
kivy,C:\Users\Zhifei Chen\Desktop\pysmell\subjects_for_metrics\kivy\kivy\uix\rst.py,712,2,0,0,0
kivy,C:\Users\Zhifei Chen\Desktop\pysmell\subjects_for_metrics\kivy\kivy\uix\rst.py,717,2,0,0,0
kivy,C:\Users\Zhifei Chen\Desktop\pysmell\subjects_for_metrics\kivy\kivy\uix\rst.py,721,2,0,0,0
kivy,C:\Users\Zhifei Chen\Desktop\pysmell\subjects_for_metrics\kivy\kivy\uix\rst.py,725,2,0,0,0
kivy,C:\Users\Zhifei Chen\Desktop\pysmell\subjects_for_metrics\kivy\kivy\uix\rst.py,729,2,0,0,0
kivy,C:\Users\Zhifei Chen\Desktop\pysmell\subjects_for_metrics\kivy\kivy\uix\rst.py,733,2,0,0,0
kivy,C:\Users\Zhifei Chen\Desktop\pysmell\subjects_for_metrics\kivy\kivy\uix\rst.py,737,2,0,0,0
kivy,C:\Users\Zhifei Chen\Desktop\pysmell\subjects_for_metrics\kivy\kivy\uix\rst.py,742,2,0,0,0
kivy,C:\Users\Zhifei Chen\Desktop\pysmell\subjects_for_metrics\kivy\kivy\uix\rst.py,747,2,0,0,0
kivy,C:\Users\Zhifei Chen\Desktop\pysmell\subjects_for_metrics\kivy\kivy\uix\rst.py,751,2,0,0,0
kivy,C:\Users\Zhifei Chen\Desktop\pysmell\subjects_for_metrics\kivy\kivy\uix\rst.py,756,2,0,0,0
kivy,C:\Users\Zhifei Chen\Desktop\pysmell\subjects_for_metrics\kivy\kivy\uix\rst.py,760,2,0,0,0
kivy,C:\Users\Zhifei Chen\Desktop\pysmell\subjects_for_metrics\kivy\kivy\uix\rst.py,764,2,0,0,0
kivy,C:\Users\Zhifei Chen\Desktop\pysmell\subjects_for_metrics\kivy\kivy\uix\rst.py,768,2,0,0,0
kivy,C:\Users\Zhifei Chen\Desktop\pysmell\subjects_for_metrics\kivy\kivy\uix\rst.py,772,2,0,0,0
kivy,C:\Users\Zhifei Chen\Desktop\pysmell\subjects_for_metrics\kivy\kivy\uix\rst.py,776,2,0,0,0
kivy,C:\Users\Zhifei Chen\Desktop\pysmell\subjects_for_metrics\kivy\kivy\uix\rst.py,780,2,0,0,0
kivy,C:\Users\Zhifei Chen\Desktop\pysmell\subjects_for_metrics\kivy\kivy\uix\rst.py,785,6,0,0,0
kivy,C:\Users\Zhifei Chen\Desktop\pysmell\subjects_for_metrics\kivy\kivy\uix\rst.py,826,8,0,0,0
kivy,C:\Users\Zhifei Chen\Desktop\pysmell\subjects_for_metrics\kivy\kivy\uix\sandbox.py,47,3,0,0,0
kivy,C:\Users\Zhifei Chen\Desktop\pysmell\subjects_for_metrics\kivy\kivy\uix\sandbox.py,59,2,0,0,0
kivy,C:\Users\Zhifei Chen\Desktop\pysmell\subjects_for_metrics\kivy\kivy\uix\sandbox.py,63,17,0,0,0
kivy,C:\Users\Zhifei Chen\Desktop\pysmell\subjects_for_metrics\kivy\kivy\uix\sandbox.py,155,3,0,0,0
kivy,C:\Users\Zhifei Chen\Desktop\pysmell\subjects_for_metrics\kivy\kivy\uix\scatter.py,101,78,1,1,1
kivy,C:\Users\Zhifei Chen\Desktop\pysmell\subjects_for_metrics\kivy\kivy\uix\scatter.py,607,3,0,0,0
kivy,C:\Users\Zhifei Chen\Desktop\pysmell\subjects_for_metrics\kivy\kivy\uix\scatterlayout.py,56,7,0,0,0
kivy,C:\Users\Zhifei Chen\Desktop\pysmell\subjects_for_metrics\kivy\kivy\uix\scatterlayout.py,83,3,0,0,0
kivy,C:\Users\Zhifei Chen\Desktop\pysmell\subjects_for_metrics\kivy\kivy\uix\screenmanager.py,203,2,0,0,0
kivy,C:\Users\Zhifei Chen\Desktop\pysmell\subjects_for_metrics\kivy\kivy\uix\screenmanager.py,209,15,0,0,0
kivy,C:\Users\Zhifei Chen\Desktop\pysmell\subjects_for_metrics\kivy\kivy\uix\screenmanager.py,293,21,0,0,0
kivy,C:\Users\Zhifei Chen\Desktop\pysmell\subjects_for_metrics\kivy\kivy\uix\screenmanager.py,418,14,0,0,0
kivy,C:\Users\Zhifei Chen\Desktop\pysmell\subjects_for_metrics\kivy\kivy\uix\screenmanager.py,533,3,0,0,0
kivy,C:\Users\Zhifei Chen\Desktop\pysmell\subjects_for_metrics\kivy\kivy\uix\screenmanager.py,548,5,0,0,0
kivy,C:\Users\Zhifei Chen\Desktop\pysmell\subjects_for_metrics\kivy\kivy\uix\screenmanager.py,592,4,0,0,0
kivy,C:\Users\Zhifei Chen\Desktop\pysmell\subjects_for_metrics\kivy\kivy\uix\screenmanager.py,635,4,0,0,0
kivy,C:\Users\Zhifei Chen\Desktop\pysmell\subjects_for_metrics\kivy\kivy\uix\screenmanager.py,654,4,0,0,0
kivy,C:\Users\Zhifei Chen\Desktop\pysmell\subjects_for_metrics\kivy\kivy\uix\screenmanager.py,673,6,0,0,0
kivy,C:\Users\Zhifei Chen\Desktop\pysmell\subjects_for_metrics\kivy\kivy\uix\screenmanager.py,730,6,0,0,0
kivy,C:\Users\Zhifei Chen\Desktop\pysmell\subjects_for_metrics\kivy\kivy\uix\screenmanager.py,785,31,1,0,0
kivy,C:\Users\Zhifei Chen\Desktop\pysmell\subjects_for_metrics\kivy\kivy\uix\screenmanager.py,1105,4,0,0,0
kivy,C:\Users\Zhifei Chen\Desktop\pysmell\subjects_for_metrics\kivy\kivy\uix\scrollview.py,136,84,1,1,1
kivy,C:\Users\Zhifei Chen\Desktop\pysmell\subjects_for_metrics\kivy\kivy\uix\scrollview.py,1051,2,0,0,0
kivy,C:\Users\Zhifei Chen\Desktop\pysmell\subjects_for_metrics\kivy\kivy\uix\selectableview.py,4,8,0,0,0
kivy,C:\Users\Zhifei Chen\Desktop\pysmell\subjects_for_metrics\kivy\kivy\uix\settings.py,195,2,0,0,0
kivy,C:\Users\Zhifei Chen\Desktop\pysmell\subjects_for_metrics\kivy\kivy\uix\settings.py,200,26,1,0,0
kivy,C:\Users\Zhifei Chen\Desktop\pysmell\subjects_for_metrics\kivy\kivy\uix\settings.py,328,3,0,0,0
kivy,C:\Users\Zhifei Chen\Desktop\pysmell\subjects_for_metrics\kivy\kivy\uix\settings.py,350,9,0,0,0
kivy,C:\Users\Zhifei Chen\Desktop\pysmell\subjects_for_metrics\kivy\kivy\uix\settings.py,425,9,0,0,0
kivy,C:\Users\Zhifei Chen\Desktop\pysmell\subjects_for_metrics\kivy\kivy\uix\settings.py,503,2,0,0,0
kivy,C:\Users\Zhifei Chen\Desktop\pysmell\subjects_for_metrics\kivy\kivy\uix\settings.py,525,8,0,0,0
kivy,C:\Users\Zhifei Chen\Desktop\pysmell\subjects_for_metrics\kivy\kivy\uix\settings.py,584,2,0,0,0
kivy,C:\Users\Zhifei Chen\Desktop\pysmell\subjects_for_metrics\kivy\kivy\uix\settings.py,591,11,0,0,0
kivy,C:\Users\Zhifei Chen\Desktop\pysmell\subjects_for_metrics\kivy\kivy\uix\settings.py,649,9,0,0,0
kivy,C:\Users\Zhifei Chen\Desktop\pysmell\subjects_for_metrics\kivy\kivy\uix\settings.py,711,9,0,0,0
kivy,C:\Users\Zhifei Chen\Desktop\pysmell\subjects_for_metrics\kivy\kivy\uix\settings.py,768,13,0,0,0
kivy,C:\Users\Zhifei Chen\Desktop\pysmell\subjects_for_metrics\kivy\kivy\uix\settings.py,856,15,0,0,0
kivy,C:\Users\Zhifei Chen\Desktop\pysmell\subjects_for_metrics\kivy\kivy\uix\settings.py,1011,1,0,0,0
kivy,C:\Users\Zhifei Chen\Desktop\pysmell\subjects_for_metrics\kivy\kivy\uix\settings.py,1019,2,0,0,0
kivy,C:\Users\Zhifei Chen\Desktop\pysmell\subjects_for_metrics\kivy\kivy\uix\settings.py,1029,4,0,0,0
kivy,C:\Users\Zhifei Chen\Desktop\pysmell\subjects_for_metrics\kivy\kivy\uix\settings.py,1044,2,0,0,0
kivy,C:\Users\Zhifei Chen\Desktop\pysmell\subjects_for_metrics\kivy\kivy\uix\settings.py,1064,2,0,0,0
kivy,C:\Users\Zhifei Chen\Desktop\pysmell\subjects_for_metrics\kivy\kivy\uix\settings.py,1080,7,0,0,0
kivy,C:\Users\Zhifei Chen\Desktop\pysmell\subjects_for_metrics\kivy\kivy\uix\settings.py,1112,9,0,0,0
kivy,C:\Users\Zhifei Chen\Desktop\pysmell\subjects_for_metrics\kivy\kivy\uix\settings.py,1145,9,0,0,0
kivy,C:\Users\Zhifei Chen\Desktop\pysmell\subjects_for_metrics\kivy\kivy\uix\settings.py,1207,5,0,0,0
kivy,C:\Users\Zhifei Chen\Desktop\pysmell\subjects_for_metrics\kivy\kivy\uix\settings.py,1223,2,0,0,0
kivy,C:\Users\Zhifei Chen\Desktop\pysmell\subjects_for_metrics\kivy\kivy\uix\slider.py,29,28,1,0,0
kivy,C:\Users\Zhifei Chen\Desktop\pysmell\subjects_for_metrics\kivy\kivy\uix\slider.py,227,2,0,0,0
kivy,C:\Users\Zhifei Chen\Desktop\pysmell\subjects_for_metrics\kivy\kivy\uix\spinner.py,48,2,0,0,0
kivy,C:\Users\Zhifei Chen\Desktop\pysmell\subjects_for_metrics\kivy\kivy\uix\spinner.py,56,16,0,0,0
kivy,C:\Users\Zhifei Chen\Desktop\pysmell\subjects_for_metrics\kivy\kivy\uix\splitter.py,54,2,0,0,0
kivy,C:\Users\Zhifei Chen\Desktop\pysmell\subjects_for_metrics\kivy\kivy\uix\splitter.py,61,35,1,0,0
kivy,C:\Users\Zhifei Chen\Desktop\pysmell\subjects_for_metrics\kivy\kivy\uix\splitter.py,376,2,0,0,0
kivy,C:\Users\Zhifei Chen\Desktop\pysmell\subjects_for_metrics\kivy\kivy\uix\stacklayout.py,39,15,0,0,0
kivy,C:\Users\Zhifei Chen\Desktop\pysmell\subjects_for_metrics\kivy\kivy\uix\stencilview.py,34,2,0,0,0
kivy,C:\Users\Zhifei Chen\Desktop\pysmell\subjects_for_metrics\kivy\kivy\uix\switch.py,45,12,0,0,0
kivy,C:\Users\Zhifei Chen\Desktop\pysmell\subjects_for_metrics\kivy\kivy\uix\tabbedpanel.py,140,2,0,0,0
kivy,C:\Users\Zhifei Chen\Desktop\pysmell\subjects_for_metrics\kivy\kivy\uix\tabbedpanel.py,146,5,0,0,0
kivy,C:\Users\Zhifei Chen\Desktop\pysmell\subjects_for_metrics\kivy\kivy\uix\tabbedpanel.py,182,3,0,0,0
kivy,C:\Users\Zhifei Chen\Desktop\pysmell\subjects_for_metrics\kivy\kivy\uix\tabbedpanel.py,216,3,0,0,0
kivy,C:\Users\Zhifei Chen\Desktop\pysmell\subjects_for_metrics\kivy\kivy\uix\tabbedpanel.py,229,6,0,0,0
kivy,C:\Users\Zhifei Chen\Desktop\pysmell\subjects_for_metrics\kivy\kivy\uix\tabbedpanel.py,254,2,0,0,0
kivy,C:\Users\Zhifei Chen\Desktop\pysmell\subjects_for_metrics\kivy\kivy\uix\tabbedpanel.py,260,69,1,1,1
kivy,C:\Users\Zhifei Chen\Desktop\pysmell\subjects_for_metrics\kivy\kivy\uix\textinput.py,219,8,0,0,0
kivy,C:\Users\Zhifei Chen\Desktop\pysmell\subjects_for_metrics\kivy\kivy\uix\textinput.py,266,17,0,0,0
kivy,C:\Users\Zhifei Chen\Desktop\pysmell\subjects_for_metrics\kivy\kivy\uix\textinput.py,387,207,1,1,1
kivy,C:\Users\Zhifei Chen\Desktop\pysmell\subjects_for_metrics\kivy\kivy\uix\textinput.py,3044,2,0,0,0
kivy,C:\Users\Zhifei Chen\Desktop\pysmell\subjects_for_metrics\kivy\kivy\uix\togglebutton.py,30,2,0,0,0
kivy,C:\Users\Zhifei Chen\Desktop\pysmell\subjects_for_metrics\kivy\kivy\uix\treeview.py,118,2,0,0,0
kivy,C:\Users\Zhifei Chen\Desktop\pysmell\subjects_for_metrics\kivy\kivy\uix\treeview.py,124,26,1,0,0
kivy,C:\Users\Zhifei Chen\Desktop\pysmell\subjects_for_metrics\kivy\kivy\uix\treeview.py,244,1,0,0,0
kivy,C:\Users\Zhifei Chen\Desktop\pysmell\subjects_for_metrics\kivy\kivy\uix\treeview.py,253,44,1,0,1
kivy,C:\Users\Zhifei Chen\Desktop\pysmell\subjects_for_metrics\kivy\kivy\uix\treeview.py,625,2,0,0,0
kivy,C:\Users\Zhifei Chen\Desktop\pysmell\subjects_for_metrics\kivy\kivy\uix\video.py,37,28,1,0,0
kivy,C:\Users\Zhifei Chen\Desktop\pysmell\subjects_for_metrics\kivy\kivy\uix\video.py,242,3,0,0,0
kivy,C:\Users\Zhifei Chen\Desktop\pysmell\subjects_for_metrics\kivy\kivy\uix\videoplayer.py,98,5,0,0,0
kivy,C:\Users\Zhifei Chen\Desktop\pysmell\subjects_for_metrics\kivy\kivy\uix\videoplayer.py,132,3,0,0,0
kivy,C:\Users\Zhifei Chen\Desktop\pysmell\subjects_for_metrics\kivy\kivy\uix\videoplayer.py,145,3,0,0,0
kivy,C:\Users\Zhifei Chen\Desktop\pysmell\subjects_for_metrics\kivy\kivy\uix\videoplayer.py,155,15,0,0,0
kivy,C:\Users\Zhifei Chen\Desktop\pysmell\subjects_for_metrics\kivy\kivy\uix\videoplayer.py,242,5,0,0,0
kivy,C:\Users\Zhifei Chen\Desktop\pysmell\subjects_for_metrics\kivy\kivy\uix\videoplayer.py,254,7,0,0,0
kivy,C:\Users\Zhifei Chen\Desktop\pysmell\subjects_for_metrics\kivy\kivy\uix\videoplayer.py,285,67,1,1,1
kivy,C:\Users\Zhifei Chen\Desktop\pysmell\subjects_for_metrics\kivy\kivy\uix\vkeyboard.py,135,78,1,1,1
kivy,C:\Users\Zhifei Chen\Desktop\pysmell\subjects_for_metrics\kivy\kivy\uix\widget.py,243,2,0,0,0
kivy,C:\Users\Zhifei Chen\Desktop\pysmell\subjects_for_metrics\kivy\kivy\uix\widget.py,249,2,0,0,0
kivy,C:\Users\Zhifei Chen\Desktop\pysmell\subjects_for_metrics\kivy\kivy\uix\widget.py,265,85,1,1,1
