subject,file,lineno,NBC,experience-based,statistics-based,tuning machine
kivy,C:\Users\Zhifei Chen\Desktop\pysmell\subjects_for_metrics\kivy\setup.py,208,1,0,0,0
kivy,C:\Users\Zhifei Chen\Desktop\pysmell\subjects_for_metrics\kivy\setup.py,434,1,0,0,0
kivy,C:\Users\Zhifei Chen\Desktop\pysmell\subjects_for_metrics\kivy\doc\sources\sphinxext\autodoc.py,7,1,0,0,0
kivy,C:\Users\Zhifei Chen\Desktop\pysmell\subjects_for_metrics\kivy\doc\sources\sphinxext\kivy_pygments_theme.py,7,1,0,0,0
kivy,C:\Users\Zhifei Chen\Desktop\pysmell\subjects_for_metrics\kivy\doc\sources\sphinxext\preprocess.py,11,1,0,0,0
kivy,C:\Users\Zhifei Chen\Desktop\pysmell\subjects_for_metrics\kivy\examples\3Drendering\main.py,26,1,0,0,0
kivy,C:\Users\Zhifei Chen\Desktop\pysmell\subjects_for_metrics\kivy\examples\3Drendering\main.py,70,1,0,0,0
kivy,C:\Users\Zhifei Chen\Desktop\pysmell\subjects_for_metrics\kivy\examples\3Drendering\objloader.py,1,1,0,0,0
kivy,C:\Users\Zhifei Chen\Desktop\pysmell\subjects_for_metrics\kivy\examples\android\compass\main.py,35,1,0,0,0
kivy,C:\Users\Zhifei Chen\Desktop\pysmell\subjects_for_metrics\kivy\examples\android\takepicture\main.py,41,1,0,0,0
kivy,C:\Users\Zhifei Chen\Desktop\pysmell\subjects_for_metrics\kivy\examples\android\takepicture\main.py,45,1,0,0,0
kivy,C:\Users\Zhifei Chen\Desktop\pysmell\subjects_for_metrics\kivy\examples\animation\animate.py,18,1,0,0,0
kivy,C:\Users\Zhifei Chen\Desktop\pysmell\subjects_for_metrics\kivy\examples\application\app_suite.py,33,1,0,0,0
kivy,C:\Users\Zhifei Chen\Desktop\pysmell\subjects_for_metrics\kivy\examples\application\app_suite.py,44,1,0,0,0
kivy,C:\Users\Zhifei Chen\Desktop\pysmell\subjects_for_metrics\kivy\examples\application\app_suite.py,54,1,0,0,0
kivy,C:\Users\Zhifei Chen\Desktop\pysmell\subjects_for_metrics\kivy\examples\application\app_suite.py,64,1,0,0,0
kivy,C:\Users\Zhifei Chen\Desktop\pysmell\subjects_for_metrics\kivy\examples\application\app_suite.py,78,1,0,0,0
kivy,C:\Users\Zhifei Chen\Desktop\pysmell\subjects_for_metrics\kivy\examples\application\app_suite.py,86,1,0,0,0
kivy,C:\Users\Zhifei Chen\Desktop\pysmell\subjects_for_metrics\kivy\examples\application\app_with_build.py,16,1,0,0,0
kivy,C:\Users\Zhifei Chen\Desktop\pysmell\subjects_for_metrics\kivy\examples\application\app_with_kv.py,20,1,0,0,0
kivy,C:\Users\Zhifei Chen\Desktop\pysmell\subjects_for_metrics\kivy\examples\application\app_with_kv_in_template1.py,22,1,0,0,0
kivy,C:\Users\Zhifei Chen\Desktop\pysmell\subjects_for_metrics\kivy\examples\audio\main.py,26,1,0,0,0
kivy,C:\Users\Zhifei Chen\Desktop\pysmell\subjects_for_metrics\kivy\examples\audio\main.py,53,1,0,0,0
kivy,C:\Users\Zhifei Chen\Desktop\pysmell\subjects_for_metrics\kivy\examples\audio\main.py,57,1,0,0,0
kivy,C:\Users\Zhifei Chen\Desktop\pysmell\subjects_for_metrics\kivy\examples\camera\main.py,35,1,0,0,0
kivy,C:\Users\Zhifei Chen\Desktop\pysmell\subjects_for_metrics\kivy\examples\canvas\bezier.py,18,1,0,0,0
kivy,C:\Users\Zhifei Chen\Desktop\pysmell\subjects_for_metrics\kivy\examples\canvas\bezier.py,90,1,0,0,0
kivy,C:\Users\Zhifei Chen\Desktop\pysmell\subjects_for_metrics\kivy\examples\canvas\canvas_stress.py,22,1,0,0,0
kivy,C:\Users\Zhifei Chen\Desktop\pysmell\subjects_for_metrics\kivy\examples\canvas\circle.py,79,1,0,0,0
kivy,C:\Users\Zhifei Chen\Desktop\pysmell\subjects_for_metrics\kivy\examples\canvas\fbo_canvas.py,23,1,0,0,0
kivy,C:\Users\Zhifei Chen\Desktop\pysmell\subjects_for_metrics\kivy\examples\canvas\fbo_canvas.py,73,1,0,0,0
kivy,C:\Users\Zhifei Chen\Desktop\pysmell\subjects_for_metrics\kivy\examples\canvas\lines.py,138,1,0,0,0
kivy,C:\Users\Zhifei Chen\Desktop\pysmell\subjects_for_metrics\kivy\examples\canvas\lines.py,192,1,0,0,0
kivy,C:\Users\Zhifei Chen\Desktop\pysmell\subjects_for_metrics\kivy\examples\canvas\lines_extended.py,131,1,0,0,0
kivy,C:\Users\Zhifei Chen\Desktop\pysmell\subjects_for_metrics\kivy\examples\canvas\lines_extended.py,135,1,0,0,0
kivy,C:\Users\Zhifei Chen\Desktop\pysmell\subjects_for_metrics\kivy\examples\canvas\lines_extended.py,139,1,0,0,0
kivy,C:\Users\Zhifei Chen\Desktop\pysmell\subjects_for_metrics\kivy\examples\canvas\lines_extended.py,143,1,0,0,0
kivy,C:\Users\Zhifei Chen\Desktop\pysmell\subjects_for_metrics\kivy\examples\canvas\lines_extended.py,147,1,0,0,0
kivy,C:\Users\Zhifei Chen\Desktop\pysmell\subjects_for_metrics\kivy\examples\canvas\lines_extended.py,151,1,0,0,0
kivy,C:\Users\Zhifei Chen\Desktop\pysmell\subjects_for_metrics\kivy\examples\canvas\lines_extended.py,155,1,0,0,0
kivy,C:\Users\Zhifei Chen\Desktop\pysmell\subjects_for_metrics\kivy\examples\canvas\lines_extended.py,159,1,0,0,0
kivy,C:\Users\Zhifei Chen\Desktop\pysmell\subjects_for_metrics\kivy\examples\canvas\lines_extended.py,163,1,0,0,0
kivy,C:\Users\Zhifei Chen\Desktop\pysmell\subjects_for_metrics\kivy\examples\canvas\lines_extended.py,167,1,0,0,0
kivy,C:\Users\Zhifei Chen\Desktop\pysmell\subjects_for_metrics\kivy\examples\canvas\mesh.py,19,1,0,0,0
kivy,C:\Users\Zhifei Chen\Desktop\pysmell\subjects_for_metrics\kivy\examples\canvas\mesh_manipulation.py,67,1,0,0,0
kivy,C:\Users\Zhifei Chen\Desktop\pysmell\subjects_for_metrics\kivy\examples\canvas\multitexture.py,61,1,0,0,0
kivy,C:\Users\Zhifei Chen\Desktop\pysmell\subjects_for_metrics\kivy\examples\canvas\multitexture.py,96,1,0,0,0
kivy,C:\Users\Zhifei Chen\Desktop\pysmell\subjects_for_metrics\kivy\examples\canvas\multitexture.py,103,1,0,0,0
kivy,C:\Users\Zhifei Chen\Desktop\pysmell\subjects_for_metrics\kivy\examples\canvas\repeat_texture.py,50,1,0,0,0
kivy,C:\Users\Zhifei Chen\Desktop\pysmell\subjects_for_metrics\kivy\examples\canvas\repeat_texture.py,54,1,0,0,0
kivy,C:\Users\Zhifei Chen\Desktop\pysmell\subjects_for_metrics\kivy\examples\canvas\rotation.py,30,1,0,0,0
kivy,C:\Users\Zhifei Chen\Desktop\pysmell\subjects_for_metrics\kivy\examples\canvas\rounded_rectangle.py,16,1,0,0,0
kivy,C:\Users\Zhifei Chen\Desktop\pysmell\subjects_for_metrics\kivy\examples\canvas\rounded_rectangle.py,111,1,0,0,0
kivy,C:\Users\Zhifei Chen\Desktop\pysmell\subjects_for_metrics\kivy\examples\canvas\scale.py,32,1,0,0,0
kivy,C:\Users\Zhifei Chen\Desktop\pysmell\subjects_for_metrics\kivy\examples\canvas\stencil_canvas.py,25,1,0,0,0
kivy,C:\Users\Zhifei Chen\Desktop\pysmell\subjects_for_metrics\kivy\examples\canvas\stencil_canvas.py,37,1,0,0,0
kivy,C:\Users\Zhifei Chen\Desktop\pysmell\subjects_for_metrics\kivy\examples\canvas\tesselate.py,55,1,0,0,0
kivy,C:\Users\Zhifei Chen\Desktop\pysmell\subjects_for_metrics\kivy\examples\canvas\tesselate.py,143,1,0,0,0
kivy,C:\Users\Zhifei Chen\Desktop\pysmell\subjects_for_metrics\kivy\examples\canvas\texture.py,25,1,0,0,0
kivy,C:\Users\Zhifei Chen\Desktop\pysmell\subjects_for_metrics\kivy\examples\container\main.py,20,1,0,0,0
kivy,C:\Users\Zhifei Chen\Desktop\pysmell\subjects_for_metrics\kivy\examples\container\main.py,28,1,0,0,0
kivy,C:\Users\Zhifei Chen\Desktop\pysmell\subjects_for_metrics\kivy\examples\demo\camera_puzzle.py,25,1,0,0,0
kivy,C:\Users\Zhifei Chen\Desktop\pysmell\subjects_for_metrics\kivy\examples\demo\camera_puzzle.py,81,1,0,0,0
kivy,C:\Users\Zhifei Chen\Desktop\pysmell\subjects_for_metrics\kivy\examples\demo\kivycatalog\main.py,50,1,0,0,0
kivy,C:\Users\Zhifei Chen\Desktop\pysmell\subjects_for_metrics\kivy\examples\demo\kivycatalog\main.py,80,1,0,0,0
kivy,C:\Users\Zhifei Chen\Desktop\pysmell\subjects_for_metrics\kivy\examples\demo\kivycatalog\main.py,98,1,0,0,0
kivy,C:\Users\Zhifei Chen\Desktop\pysmell\subjects_for_metrics\kivy\examples\demo\kivycatalog\main.py,178,1,0,0,0
kivy,C:\Users\Zhifei Chen\Desktop\pysmell\subjects_for_metrics\kivy\examples\demo\multistroke\gesturedatabase.py,21,1,0,0,0
kivy,C:\Users\Zhifei Chen\Desktop\pysmell\subjects_for_metrics\kivy\examples\demo\multistroke\gesturedatabase.py,25,1,0,0,0
kivy,C:\Users\Zhifei Chen\Desktop\pysmell\subjects_for_metrics\kivy\examples\demo\multistroke\gesturedatabase.py,29,1,0,0,0
kivy,C:\Users\Zhifei Chen\Desktop\pysmell\subjects_for_metrics\kivy\examples\demo\multistroke\gesturedatabase.py,81,1,0,0,0
kivy,C:\Users\Zhifei Chen\Desktop\pysmell\subjects_for_metrics\kivy\examples\demo\multistroke\helpers.py,21,1,0,0,0
kivy,C:\Users\Zhifei Chen\Desktop\pysmell\subjects_for_metrics\kivy\examples\demo\multistroke\historymanager.py,26,1,0,0,0
kivy,C:\Users\Zhifei Chen\Desktop\pysmell\subjects_for_metrics\kivy\examples\demo\multistroke\historymanager.py,143,1,0,0,0
kivy,C:\Users\Zhifei Chen\Desktop\pysmell\subjects_for_metrics\kivy\examples\demo\multistroke\historymanager.py,149,1,0,0,0
kivy,C:\Users\Zhifei Chen\Desktop\pysmell\subjects_for_metrics\kivy\examples\demo\multistroke\historymanager.py,161,1,0,0,0
kivy,C:\Users\Zhifei Chen\Desktop\pysmell\subjects_for_metrics\kivy\examples\demo\multistroke\historymanager.py,165,1,0,0,0
kivy,C:\Users\Zhifei Chen\Desktop\pysmell\subjects_for_metrics\kivy\examples\demo\multistroke\historymanager.py,217,1,0,0,0
kivy,C:\Users\Zhifei Chen\Desktop\pysmell\subjects_for_metrics\kivy\examples\demo\multistroke\main.py,36,1,0,0,0
kivy,C:\Users\Zhifei Chen\Desktop\pysmell\subjects_for_metrics\kivy\examples\demo\multistroke\main.py,40,1,0,0,0
kivy,C:\Users\Zhifei Chen\Desktop\pysmell\subjects_for_metrics\kivy\examples\demo\multistroke\main.py,44,1,0,0,0
kivy,C:\Users\Zhifei Chen\Desktop\pysmell\subjects_for_metrics\kivy\examples\demo\multistroke\settings.py,16,1,0,0,0
kivy,C:\Users\Zhifei Chen\Desktop\pysmell\subjects_for_metrics\kivy\examples\demo\multistroke\settings.py,20,1,0,0,0
kivy,C:\Users\Zhifei Chen\Desktop\pysmell\subjects_for_metrics\kivy\examples\demo\multistroke\settings.py,25,1,0,0,0
kivy,C:\Users\Zhifei Chen\Desktop\pysmell\subjects_for_metrics\kivy\examples\demo\multistroke\settings.py,30,1,0,0,0
kivy,C:\Users\Zhifei Chen\Desktop\pysmell\subjects_for_metrics\kivy\examples\demo\multistroke\settings.py,35,1,0,0,0
kivy,C:\Users\Zhifei Chen\Desktop\pysmell\subjects_for_metrics\kivy\examples\demo\multistroke\settings.py,39,1,0,0,0
kivy,C:\Users\Zhifei Chen\Desktop\pysmell\subjects_for_metrics\kivy\examples\demo\multistroke\settings.py,48,1,0,0,0
kivy,C:\Users\Zhifei Chen\Desktop\pysmell\subjects_for_metrics\kivy\examples\demo\pictures\main.py,40,1,0,0,0
kivy,C:\Users\Zhifei Chen\Desktop\pysmell\subjects_for_metrics\kivy\examples\demo\pictures\main.py,52,1,0,0,0
kivy,C:\Users\Zhifei Chen\Desktop\pysmell\subjects_for_metrics\kivy\examples\demo\shadereditor\main.py,66,1,0,0,0
kivy,C:\Users\Zhifei Chen\Desktop\pysmell\subjects_for_metrics\kivy\examples\demo\shadereditor\main.py,91,1,0,0,0
kivy,C:\Users\Zhifei Chen\Desktop\pysmell\subjects_for_metrics\kivy\examples\demo\shadereditor\main.py,129,1,0,0,0
kivy,C:\Users\Zhifei Chen\Desktop\pysmell\subjects_for_metrics\kivy\examples\demo\showcase\main.py,39,1,0,0,0
kivy,C:\Users\Zhifei Chen\Desktop\pysmell\subjects_for_metrics\kivy\examples\demo\showcase\main.py,48,1,0,0,0
kivy,C:\Users\Zhifei Chen\Desktop\pysmell\subjects_for_metrics\kivy\examples\demo\touchtracer\main.py,49,1,0,0,0
kivy,C:\Users\Zhifei Chen\Desktop\pysmell\subjects_for_metrics\kivy\examples\demo\touchtracer\main.py,138,1,0,0,0
kivy,C:\Users\Zhifei Chen\Desktop\pysmell\subjects_for_metrics\kivy\examples\frameworks\twisted\echo_client_app.py,10,1,0,0,0
kivy,C:\Users\Zhifei Chen\Desktop\pysmell\subjects_for_metrics\kivy\examples\frameworks\twisted\echo_client_app.py,18,1,0,0,0
kivy,C:\Users\Zhifei Chen\Desktop\pysmell\subjects_for_metrics\kivy\examples\frameworks\twisted\echo_client_app.py,40,1,0,0,0
kivy,C:\Users\Zhifei Chen\Desktop\pysmell\subjects_for_metrics\kivy\examples\frameworks\twisted\echo_server_app.py,10,1,0,0,0
kivy,C:\Users\Zhifei Chen\Desktop\pysmell\subjects_for_metrics\kivy\examples\frameworks\twisted\echo_server_app.py,17,1,0,0,0
kivy,C:\Users\Zhifei Chen\Desktop\pysmell\subjects_for_metrics\kivy\examples\frameworks\twisted\echo_server_app.py,28,1,0,0,0
kivy,C:\Users\Zhifei Chen\Desktop\pysmell\subjects_for_metrics\kivy\examples\frameworks\twisted\twistd_app.py,18,1,0,0,0
kivy,C:\Users\Zhifei Chen\Desktop\pysmell\subjects_for_metrics\kivy\examples\frameworks\twisted\twistd_app.py,41,1,0,0,0
kivy,C:\Users\Zhifei Chen\Desktop\pysmell\subjects_for_metrics\kivy\examples\frameworks\twisted\twistd_app.py,60,1,0,0,0
kivy,C:\Users\Zhifei Chen\Desktop\pysmell\subjects_for_metrics\kivy\examples\gestures\gesture_board.py,23,1,0,0,0
kivy,C:\Users\Zhifei Chen\Desktop\pysmell\subjects_for_metrics\kivy\examples\gestures\gesture_board.py,91,1,0,0,0
kivy,C:\Users\Zhifei Chen\Desktop\pysmell\subjects_for_metrics\kivy\examples\guide\designwithkv\main.py,9,1,0,0,0
kivy,C:\Users\Zhifei Chen\Desktop\pysmell\subjects_for_metrics\kivy\examples\guide\designwithkv\main.py,22,1,0,0,0
kivy,C:\Users\Zhifei Chen\Desktop\pysmell\subjects_for_metrics\kivy\examples\guide\firstwidget\1_skeleton.py,5,1,0,0,0
kivy,C:\Users\Zhifei Chen\Desktop\pysmell\subjects_for_metrics\kivy\examples\guide\firstwidget\1_skeleton.py,9,1,0,0,0
kivy,C:\Users\Zhifei Chen\Desktop\pysmell\subjects_for_metrics\kivy\examples\guide\firstwidget\2_print_touch.py,5,1,0,0,0
kivy,C:\Users\Zhifei Chen\Desktop\pysmell\subjects_for_metrics\kivy\examples\guide\firstwidget\2_print_touch.py,10,1,0,0,0
kivy,C:\Users\Zhifei Chen\Desktop\pysmell\subjects_for_metrics\kivy\examples\guide\firstwidget\3_draw_ellipse.py,6,1,0,0,0
kivy,C:\Users\Zhifei Chen\Desktop\pysmell\subjects_for_metrics\kivy\examples\guide\firstwidget\3_draw_ellipse.py,15,1,0,0,0
kivy,C:\Users\Zhifei Chen\Desktop\pysmell\subjects_for_metrics\kivy\examples\guide\firstwidget\4_draw_line.py,6,1,0,0,0
kivy,C:\Users\Zhifei Chen\Desktop\pysmell\subjects_for_metrics\kivy\examples\guide\firstwidget\4_draw_line.py,19,1,0,0,0
kivy,C:\Users\Zhifei Chen\Desktop\pysmell\subjects_for_metrics\kivy\examples\guide\firstwidget\5_random_colors.py,7,1,0,0,0
kivy,C:\Users\Zhifei Chen\Desktop\pysmell\subjects_for_metrics\kivy\examples\guide\firstwidget\5_random_colors.py,21,1,0,0,0
kivy,C:\Users\Zhifei Chen\Desktop\pysmell\subjects_for_metrics\kivy\examples\guide\firstwidget\6_button.py,8,1,0,0,0
kivy,C:\Users\Zhifei Chen\Desktop\pysmell\subjects_for_metrics\kivy\examples\guide\firstwidget\6_button.py,22,1,0,0,0
kivy,C:\Users\Zhifei Chen\Desktop\pysmell\subjects_for_metrics\kivy\examples\guide\quickstart\main.py,8,1,0,0,0
kivy,C:\Users\Zhifei Chen\Desktop\pysmell\subjects_for_metrics\kivy\examples\includes\main.py,6,1,0,0,0
kivy,C:\Users\Zhifei Chen\Desktop\pysmell\subjects_for_metrics\kivy\examples\includes\main.py,10,1,0,0,0
kivy,C:\Users\Zhifei Chen\Desktop\pysmell\subjects_for_metrics\kivy\examples\includes\main.py,14,1,0,0,0
kivy,C:\Users\Zhifei Chen\Desktop\pysmell\subjects_for_metrics\kivy\examples\keyboard\main.py,109,1,0,0,0
kivy,C:\Users\Zhifei Chen\Desktop\pysmell\subjects_for_metrics\kivy\examples\keyboard\main.py,153,1,0,0,0
kivy,C:\Users\Zhifei Chen\Desktop\pysmell\subjects_for_metrics\kivy\examples\keyboard\main.py,209,1,0,0,0
kivy,C:\Users\Zhifei Chen\Desktop\pysmell\subjects_for_metrics\kivy\examples\kinect\kinectviewer.py,146,1,0,0,0
kivy,C:\Users\Zhifei Chen\Desktop\pysmell\subjects_for_metrics\kivy\examples\kinect\kinectviewer.py,168,1,0,0,0
kivy,C:\Users\Zhifei Chen\Desktop\pysmell\subjects_for_metrics\kivy\examples\kinect\kinectviewer.py,227,1,0,0,0
kivy,C:\Users\Zhifei Chen\Desktop\pysmell\subjects_for_metrics\kivy\examples\kv\builder_template.py,15,1,0,0,0
kivy,C:\Users\Zhifei Chen\Desktop\pysmell\subjects_for_metrics\kivy\examples\kv\kvrun.py,7,1,0,0,0
kivy,C:\Users\Zhifei Chen\Desktop\pysmell\subjects_for_metrics\kivy\examples\kv\ids\id_in_kv\id_in_kv.py,15,1,0,0,0
kivy,C:\Users\Zhifei Chen\Desktop\pysmell\subjects_for_metrics\kivy\examples\kv\ids\kv_and_py\kv_and_py.py,15,1,0,0,0
kivy,C:\Users\Zhifei Chen\Desktop\pysmell\subjects_for_metrics\kivy\examples\kv\ids\kv_and_py\kv_and_py.py,29,1,0,0,0
kivy,C:\Users\Zhifei Chen\Desktop\pysmell\subjects_for_metrics\kivy\examples\miscellaneous\two_panes.py,38,1,0,0,0
kivy,C:\Users\Zhifei Chen\Desktop\pysmell\subjects_for_metrics\kivy\examples\miscellaneous\two_panes.py,42,1,0,0,0
kivy,C:\Users\Zhifei Chen\Desktop\pysmell\subjects_for_metrics\kivy\examples\RST_Editor\main.py,10,1,0,0,0
kivy,C:\Users\Zhifei Chen\Desktop\pysmell\subjects_for_metrics\kivy\examples\RST_Editor\main.py,15,1,0,0,0
kivy,C:\Users\Zhifei Chen\Desktop\pysmell\subjects_for_metrics\kivy\examples\RST_Editor\main.py,21,1,0,0,0
kivy,C:\Users\Zhifei Chen\Desktop\pysmell\subjects_for_metrics\kivy\examples\RST_Editor\main.py,54,1,0,0,0
kivy,C:\Users\Zhifei Chen\Desktop\pysmell\subjects_for_metrics\kivy\examples\settings\main.py,51,1,0,0,0
kivy,C:\Users\Zhifei Chen\Desktop\pysmell\subjects_for_metrics\kivy\examples\settings\main.py,104,1,0,0,0
kivy,C:\Users\Zhifei Chen\Desktop\pysmell\subjects_for_metrics\kivy\examples\shader\plasma.py,54,1,0,0,0
kivy,C:\Users\Zhifei Chen\Desktop\pysmell\subjects_for_metrics\kivy\examples\shader\plasma.py,87,1,0,0,0
kivy,C:\Users\Zhifei Chen\Desktop\pysmell\subjects_for_metrics\kivy\examples\shader\shadertree.py,101,1,0,0,0
kivy,C:\Users\Zhifei Chen\Desktop\pysmell\subjects_for_metrics\kivy\examples\shader\shadertree.py,165,1,0,0,0
kivy,C:\Users\Zhifei Chen\Desktop\pysmell\subjects_for_metrics\kivy\examples\shader\shadertree.py,169,1,0,0,0
kivy,C:\Users\Zhifei Chen\Desktop\pysmell\subjects_for_metrics\kivy\examples\svg\main-smaa.py,67,1,0,0,0
kivy,C:\Users\Zhifei Chen\Desktop\pysmell\subjects_for_metrics\kivy\examples\svg\main-smaa.py,77,1,0,0,0
kivy,C:\Users\Zhifei Chen\Desktop\pysmell\subjects_for_metrics\kivy\examples\svg\main.py,11,1,0,0,0
kivy,C:\Users\Zhifei Chen\Desktop\pysmell\subjects_for_metrics\kivy\examples\svg\main.py,20,1,0,0,0
kivy,C:\Users\Zhifei Chen\Desktop\pysmell\subjects_for_metrics\kivy\examples\tutorials\notes\final\main.py,22,1,0,0,0
kivy,C:\Users\Zhifei Chen\Desktop\pysmell\subjects_for_metrics\kivy\examples\tutorials\notes\final\main.py,57,1,0,0,0
kivy,C:\Users\Zhifei Chen\Desktop\pysmell\subjects_for_metrics\kivy\examples\tutorials\notes\final\main.py,64,1,0,0,0
kivy,C:\Users\Zhifei Chen\Desktop\pysmell\subjects_for_metrics\kivy\examples\tutorials\notes\final\main.py,70,1,0,0,0
kivy,C:\Users\Zhifei Chen\Desktop\pysmell\subjects_for_metrics\kivy\examples\tutorials\notes\final\main.py,81,1,0,0,0
kivy,C:\Users\Zhifei Chen\Desktop\pysmell\subjects_for_metrics\kivy\examples\tutorials\pong\main.py,12,1,0,0,0
kivy,C:\Users\Zhifei Chen\Desktop\pysmell\subjects_for_metrics\kivy\examples\tutorials\pong\main.py,24,1,0,0,0
kivy,C:\Users\Zhifei Chen\Desktop\pysmell\subjects_for_metrics\kivy\examples\tutorials\pong\main.py,33,1,0,0,0
kivy,C:\Users\Zhifei Chen\Desktop\pysmell\subjects_for_metrics\kivy\examples\tutorials\pong\main.py,68,1,0,0,0
kivy,C:\Users\Zhifei Chen\Desktop\pysmell\subjects_for_metrics\kivy\examples\tutorials\pong\steps\step1\main.py,5,1,0,0,0
kivy,C:\Users\Zhifei Chen\Desktop\pysmell\subjects_for_metrics\kivy\examples\tutorials\pong\steps\step1\main.py,9,1,0,0,0
kivy,C:\Users\Zhifei Chen\Desktop\pysmell\subjects_for_metrics\kivy\examples\tutorials\pong\steps\step2\main.py,5,1,0,0,0
kivy,C:\Users\Zhifei Chen\Desktop\pysmell\subjects_for_metrics\kivy\examples\tutorials\pong\steps\step2\main.py,9,1,0,0,0
kivy,C:\Users\Zhifei Chen\Desktop\pysmell\subjects_for_metrics\kivy\examples\tutorials\pong\steps\step3\main.py,7,1,0,0,0
kivy,C:\Users\Zhifei Chen\Desktop\pysmell\subjects_for_metrics\kivy\examples\tutorials\pong\steps\step3\main.py,16,1,0,0,0
kivy,C:\Users\Zhifei Chen\Desktop\pysmell\subjects_for_metrics\kivy\examples\tutorials\pong\steps\step3\main.py,20,1,0,0,0
kivy,C:\Users\Zhifei Chen\Desktop\pysmell\subjects_for_metrics\kivy\examples\tutorials\pong\steps\step4\main.py,10,1,0,0,0
kivy,C:\Users\Zhifei Chen\Desktop\pysmell\subjects_for_metrics\kivy\examples\tutorials\pong\steps\step4\main.py,19,1,0,0,0
kivy,C:\Users\Zhifei Chen\Desktop\pysmell\subjects_for_metrics\kivy\examples\tutorials\pong\steps\step4\main.py,38,1,0,0,0
kivy,C:\Users\Zhifei Chen\Desktop\pysmell\subjects_for_metrics\kivy\examples\tutorials\pong\steps\step5\main.py,9,1,0,0,0
kivy,C:\Users\Zhifei Chen\Desktop\pysmell\subjects_for_metrics\kivy\examples\tutorials\pong\steps\step5\main.py,21,1,0,0,0
kivy,C:\Users\Zhifei Chen\Desktop\pysmell\subjects_for_metrics\kivy\examples\tutorials\pong\steps\step5\main.py,30,1,0,0,0
kivy,C:\Users\Zhifei Chen\Desktop\pysmell\subjects_for_metrics\kivy\examples\tutorials\pong\steps\step5\main.py,65,1,0,0,0
kivy,C:\Users\Zhifei Chen\Desktop\pysmell\subjects_for_metrics\kivy\examples\widgets\accordion_1.py,6,1,0,0,0
kivy,C:\Users\Zhifei Chen\Desktop\pysmell\subjects_for_metrics\kivy\examples\widgets\asyncimage.py,23,1,0,0,0
kivy,C:\Users\Zhifei Chen\Desktop\pysmell\subjects_for_metrics\kivy\examples\widgets\asyncimage.py,27,1,0,0,0
kivy,C:\Users\Zhifei Chen\Desktop\pysmell\subjects_for_metrics\kivy\examples\widgets\boxlayout_poshint.py,44,1,0,0,0
kivy,C:\Users\Zhifei Chen\Desktop\pysmell\subjects_for_metrics\kivy\examples\widgets\boxlayout_poshint.py,48,1,0,0,0
kivy,C:\Users\Zhifei Chen\Desktop\pysmell\subjects_for_metrics\kivy\examples\widgets\bubble_test.py,28,1,0,0,0
kivy,C:\Users\Zhifei Chen\Desktop\pysmell\subjects_for_metrics\kivy\examples\widgets\bubble_test.py,32,1,0,0,0
kivy,C:\Users\Zhifei Chen\Desktop\pysmell\subjects_for_metrics\kivy\examples\widgets\bubble_test.py,52,1,0,0,0
kivy,C:\Users\Zhifei Chen\Desktop\pysmell\subjects_for_metrics\kivy\examples\widgets\camera.py,27,1,0,0,0
kivy,C:\Users\Zhifei Chen\Desktop\pysmell\subjects_for_metrics\kivy\examples\widgets\carousel_buttons.py,37,1,0,0,0
kivy,C:\Users\Zhifei Chen\Desktop\pysmell\subjects_for_metrics\kivy\examples\widgets\carousel_buttons.py,41,1,0,0,0
kivy,C:\Users\Zhifei Chen\Desktop\pysmell\subjects_for_metrics\kivy\examples\widgets\codeinput.py,61,1,0,0,0
kivy,C:\Users\Zhifei Chen\Desktop\pysmell\subjects_for_metrics\kivy\examples\widgets\codeinput.py,65,1,0,0,0
kivy,C:\Users\Zhifei Chen\Desktop\pysmell\subjects_for_metrics\kivy\examples\widgets\codeinput.py,77,1,0,0,0
kivy,C:\Users\Zhifei Chen\Desktop\pysmell\subjects_for_metrics\kivy\examples\widgets\codeinput.py,90,1,0,0,0
kivy,C:\Users\Zhifei Chen\Desktop\pysmell\subjects_for_metrics\kivy\examples\widgets\colorpicker.py,134,1,0,0,0
kivy,C:\Users\Zhifei Chen\Desktop\pysmell\subjects_for_metrics\kivy\examples\widgets\colorpicker.py,138,1,0,0,0
kivy,C:\Users\Zhifei Chen\Desktop\pysmell\subjects_for_metrics\kivy\examples\widgets\colorpicker.py,196,1,0,0,0
kivy,C:\Users\Zhifei Chen\Desktop\pysmell\subjects_for_metrics\kivy\examples\widgets\colorpicker.py,209,1,0,0,0
kivy,C:\Users\Zhifei Chen\Desktop\pysmell\subjects_for_metrics\kivy\examples\widgets\compound_selection.py,8,2,0,1,0
kivy,C:\Users\Zhifei Chen\Desktop\pysmell\subjects_for_metrics\kivy\examples\widgets\customcollide.py,69,1,0,0,0
kivy,C:\Users\Zhifei Chen\Desktop\pysmell\subjects_for_metrics\kivy\examples\widgets\effectwidget.py,29,1,0,0,0
kivy,C:\Users\Zhifei Chen\Desktop\pysmell\subjects_for_metrics\kivy\examples\widgets\effectwidget.py,33,1,0,0,0
kivy,C:\Users\Zhifei Chen\Desktop\pysmell\subjects_for_metrics\kivy\examples\widgets\effectwidget.py,37,1,0,0,0
kivy,C:\Users\Zhifei Chen\Desktop\pysmell\subjects_for_metrics\kivy\examples\widgets\effectwidget.py,41,1,0,0,0
kivy,C:\Users\Zhifei Chen\Desktop\pysmell\subjects_for_metrics\kivy\examples\widgets\effectwidget.py,199,1,0,0,0
kivy,C:\Users\Zhifei Chen\Desktop\pysmell\subjects_for_metrics\kivy\examples\widgets\effectwidget2.py,24,1,0,0,0
kivy,C:\Users\Zhifei Chen\Desktop\pysmell\subjects_for_metrics\kivy\examples\widgets\effectwidget3_advanced.py,25,1,0,0,0
kivy,C:\Users\Zhifei Chen\Desktop\pysmell\subjects_for_metrics\kivy\examples\widgets\effectwidget3_advanced.py,38,1,0,0,0
kivy,C:\Users\Zhifei Chen\Desktop\pysmell\subjects_for_metrics\kivy\examples\widgets\fbowidget.py,42,1,0,0,0
kivy,C:\Users\Zhifei Chen\Desktop\pysmell\subjects_for_metrics\kivy\examples\widgets\fbowidget.py,87,1,0,0,0
kivy,C:\Users\Zhifei Chen\Desktop\pysmell\subjects_for_metrics\kivy\examples\widgets\focus_behavior.py,9,1,0,0,0
kivy,C:\Users\Zhifei Chen\Desktop\pysmell\subjects_for_metrics\kivy\examples\widgets\focus_behavior.py,31,2,0,1,0
kivy,C:\Users\Zhifei Chen\Desktop\pysmell\subjects_for_metrics\kivy\examples\widgets\focus_behavior.py,48,2,0,1,0
kivy,C:\Users\Zhifei Chen\Desktop\pysmell\subjects_for_metrics\kivy\examples\widgets\focus_behavior.py,52,2,0,1,0
kivy,C:\Users\Zhifei Chen\Desktop\pysmell\subjects_for_metrics\kivy\examples\widgets\focus_behavior.py,56,1,0,0,0
kivy,C:\Users\Zhifei Chen\Desktop\pysmell\subjects_for_metrics\kivy\examples\widgets\image_mipmap.py,18,1,0,0,0
kivy,C:\Users\Zhifei Chen\Desktop\pysmell\subjects_for_metrics\kivy\examples\widgets\keyboardlistener.py,8,1,0,0,0
kivy,C:\Users\Zhifei Chen\Desktop\pysmell\subjects_for_metrics\kivy\examples\widgets\label_mipmap.py,17,1,0,0,0
kivy,C:\Users\Zhifei Chen\Desktop\pysmell\subjects_for_metrics\kivy\examples\widgets\label_sizing.py,147,1,0,0,0
kivy,C:\Users\Zhifei Chen\Desktop\pysmell\subjects_for_metrics\kivy\examples\widgets\label_text_size.py,38,1,0,0,0
kivy,C:\Users\Zhifei Chen\Desktop\pysmell\subjects_for_metrics\kivy\examples\widgets\label_with_markup.py,15,1,0,0,0
kivy,C:\Users\Zhifei Chen\Desktop\pysmell\subjects_for_metrics\kivy\examples\widgets\popup_with_kv.py,21,1,0,0,0
kivy,C:\Users\Zhifei Chen\Desktop\pysmell\subjects_for_metrics\kivy\examples\widgets\popup_with_kv.py,25,1,0,0,0
kivy,C:\Users\Zhifei Chen\Desktop\pysmell\subjects_for_metrics\kivy\examples\widgets\rstexample.py,122,1,0,0,0
kivy,C:\Users\Zhifei Chen\Desktop\pysmell\subjects_for_metrics\kivy\examples\widgets\scatter.py,5,1,0,0,0
kivy,C:\Users\Zhifei Chen\Desktop\pysmell\subjects_for_metrics\kivy\examples\widgets\scatter.py,9,1,0,0,0
kivy,C:\Users\Zhifei Chen\Desktop\pysmell\subjects_for_metrics\kivy\examples\widgets\screenmanager.py,92,1,0,0,0
kivy,C:\Users\Zhifei Chen\Desktop\pysmell\subjects_for_metrics\kivy\examples\widgets\screenmanager.py,96,1,0,0,0
kivy,C:\Users\Zhifei Chen\Desktop\pysmell\subjects_for_metrics\kivy\examples\widgets\scrollview.py,10,1,0,0,0
kivy,C:\Users\Zhifei Chen\Desktop\pysmell\subjects_for_metrics\kivy\examples\widgets\settings.py,13,1,0,0,0
kivy,C:\Users\Zhifei Chen\Desktop\pysmell\subjects_for_metrics\kivy\examples\widgets\shorten_text.py,75,1,0,0,0
kivy,C:\Users\Zhifei Chen\Desktop\pysmell\subjects_for_metrics\kivy\examples\widgets\tabbedpanel.py,41,1,0,0,0
kivy,C:\Users\Zhifei Chen\Desktop\pysmell\subjects_for_metrics\kivy\examples\widgets\tabbedpanel.py,45,1,0,0,0
kivy,C:\Users\Zhifei Chen\Desktop\pysmell\subjects_for_metrics\kivy\examples\widgets\tabbed_panel_showcase.py,15,1,0,0,0
kivy,C:\Users\Zhifei Chen\Desktop\pysmell\subjects_for_metrics\kivy\examples\widgets\tabbed_panel_showcase.py,19,1,0,0,0
kivy,C:\Users\Zhifei Chen\Desktop\pysmell\subjects_for_metrics\kivy\examples\widgets\tabbed_panel_showcase.py,256,1,0,0,0
kivy,C:\Users\Zhifei Chen\Desktop\pysmell\subjects_for_metrics\kivy\examples\widgets\tabbed_panel_showcase.py,279,1,0,0,0
kivy,C:\Users\Zhifei Chen\Desktop\pysmell\subjects_for_metrics\kivy\examples\widgets\tabbed_panel_showcase.py,283,1,0,0,0
kivy,C:\Users\Zhifei Chen\Desktop\pysmell\subjects_for_metrics\kivy\examples\widgets\tabbed_panel_showcase.py,289,1,0,0,0
kivy,C:\Users\Zhifei Chen\Desktop\pysmell\subjects_for_metrics\kivy\examples\widgets\tabbed_panel_showcase.py,293,1,0,0,0
kivy,C:\Users\Zhifei Chen\Desktop\pysmell\subjects_for_metrics\kivy\examples\widgets\tabbed_panel_showcase.py,297,1,0,0,0
kivy,C:\Users\Zhifei Chen\Desktop\pysmell\subjects_for_metrics\kivy\examples\widgets\tabbed_panel_showcase.py,322,1,0,0,0
kivy,C:\Users\Zhifei Chen\Desktop\pysmell\subjects_for_metrics\kivy\examples\widgets\textalign.py,8,1,0,0,0
kivy,C:\Users\Zhifei Chen\Desktop\pysmell\subjects_for_metrics\kivy\examples\widgets\textalign.py,12,1,0,0,0
kivy,C:\Users\Zhifei Chen\Desktop\pysmell\subjects_for_metrics\kivy\examples\widgets\textalign.py,17,1,0,0,0
kivy,C:\Users\Zhifei Chen\Desktop\pysmell\subjects_for_metrics\kivy\examples\widgets\unicode_textinput.py,115,1,0,0,0
kivy,C:\Users\Zhifei Chen\Desktop\pysmell\subjects_for_metrics\kivy\examples\widgets\unicode_textinput.py,119,1,0,0,0
kivy,C:\Users\Zhifei Chen\Desktop\pysmell\subjects_for_metrics\kivy\examples\widgets\unicode_textinput.py,124,1,0,0,0
kivy,C:\Users\Zhifei Chen\Desktop\pysmell\subjects_for_metrics\kivy\examples\widgets\unicode_textinput.py,217,1,0,0,0
kivy,C:\Users\Zhifei Chen\Desktop\pysmell\subjects_for_metrics\kivy\examples\widgets\videoplayer.py,14,1,0,0,0
kivy,C:\Users\Zhifei Chen\Desktop\pysmell\subjects_for_metrics\kivy\examples\widgets\lists\fruit_detail_view.py,13,1,0,0,0
kivy,C:\Users\Zhifei Chen\Desktop\pysmell\subjects_for_metrics\kivy\examples\widgets\lists\fruit_detail_view.py,48,1,0,0,0
kivy,C:\Users\Zhifei Chen\Desktop\pysmell\subjects_for_metrics\kivy\examples\widgets\lists\fruit_detail_view.py,84,1,0,0,0
kivy,C:\Users\Zhifei Chen\Desktop\pysmell\subjects_for_metrics\kivy\examples\widgets\lists\list_cascade.py,22,1,0,0,0
kivy,C:\Users\Zhifei Chen\Desktop\pysmell\subjects_for_metrics\kivy\examples\widgets\lists\list_cascade.py,50,1,0,0,0
kivy,C:\Users\Zhifei Chen\Desktop\pysmell\subjects_for_metrics\kivy\examples\widgets\lists\list_cascade.py,58,1,0,0,0
kivy,C:\Users\Zhifei Chen\Desktop\pysmell\subjects_for_metrics\kivy\examples\widgets\lists\list_cascade.py,85,1,0,0,0
kivy,C:\Users\Zhifei Chen\Desktop\pysmell\subjects_for_metrics\kivy\examples\widgets\lists\list_cascade_dict.py,14,1,0,0,0
kivy,C:\Users\Zhifei Chen\Desktop\pysmell\subjects_for_metrics\kivy\examples\widgets\lists\list_cascade_dict.py,26,1,0,0,0
kivy,C:\Users\Zhifei Chen\Desktop\pysmell\subjects_for_metrics\kivy\examples\widgets\lists\list_cascade_images.py,43,1,0,0,0
kivy,C:\Users\Zhifei Chen\Desktop\pysmell\subjects_for_metrics\kivy\examples\widgets\lists\list_cascade_images.py,55,1,0,0,0
kivy,C:\Users\Zhifei Chen\Desktop\pysmell\subjects_for_metrics\kivy\examples\widgets\lists\list_composite.py,9,1,0,0,0
kivy,C:\Users\Zhifei Chen\Desktop\pysmell\subjects_for_metrics\kivy\examples\widgets\lists\list_kv.py,30,1,0,0,0
kivy,C:\Users\Zhifei Chen\Desktop\pysmell\subjects_for_metrics\kivy\examples\widgets\lists\list_master_detail.py,10,1,0,0,0
kivy,C:\Users\Zhifei Chen\Desktop\pysmell\subjects_for_metrics\kivy\examples\widgets\lists\list_ops.py,12,1,0,0,0
kivy,C:\Users\Zhifei Chen\Desktop\pysmell\subjects_for_metrics\kivy\examples\widgets\lists\list_ops.py,48,1,0,0,0
kivy,C:\Users\Zhifei Chen\Desktop\pysmell\subjects_for_metrics\kivy\examples\widgets\lists\list_ops.py,111,1,0,0,0
kivy,C:\Users\Zhifei Chen\Desktop\pysmell\subjects_for_metrics\kivy\examples\widgets\lists\list_reset_data.py,16,1,0,0,0
kivy,C:\Users\Zhifei Chen\Desktop\pysmell\subjects_for_metrics\kivy\examples\widgets\lists\list_reset_data.py,22,1,0,0,0
kivy,C:\Users\Zhifei Chen\Desktop\pysmell\subjects_for_metrics\kivy\examples\widgets\lists\list_simple.py,5,1,0,0,0
kivy,C:\Users\Zhifei Chen\Desktop\pysmell\subjects_for_metrics\kivy\examples\widgets\lists\list_simple_in_kv.py,16,1,0,0,0
kivy,C:\Users\Zhifei Chen\Desktop\pysmell\subjects_for_metrics\kivy\examples\widgets\lists\list_simple_in_kv.py,21,1,0,0,0
kivy,C:\Users\Zhifei Chen\Desktop\pysmell\subjects_for_metrics\kivy\examples\widgets\lists\list_simple_in_kv_2.py,27,1,0,0,0
kivy,C:\Users\Zhifei Chen\Desktop\pysmell\subjects_for_metrics\kivy\examples\widgets\lists\list_simple_in_kv_2.py,32,1,0,0,0
kivy,C:\Users\Zhifei Chen\Desktop\pysmell\subjects_for_metrics\kivy\examples\widgets\lists\list_two_up.py,8,1,0,0,0
kivy,C:\Users\Zhifei Chen\Desktop\pysmell\subjects_for_metrics\kivy\examples\widgets\lists\list_two_up.py,26,1,0,0,0
kivy,C:\Users\Zhifei Chen\Desktop\pysmell\subjects_for_metrics\kivy\examples\widgets\sequenced_images\main.py,14,1,0,0,0
kivy,C:\Users\Zhifei Chen\Desktop\pysmell\subjects_for_metrics\kivy\examples\widgets\sequenced_images\main.py,19,1,0,0,0
kivy,C:\Users\Zhifei Chen\Desktop\pysmell\subjects_for_metrics\kivy\examples\widgets\sequenced_images\main.py,24,1,0,0,0
kivy,C:\Users\Zhifei Chen\Desktop\pysmell\subjects_for_metrics\kivy\examples\widgets\sequenced_images\main.py,29,1,0,0,0
kivy,C:\Users\Zhifei Chen\Desktop\pysmell\subjects_for_metrics\kivy\examples\widgets\sequenced_images\main.py,50,1,0,0,0
kivy,C:\Users\Zhifei Chen\Desktop\pysmell\subjects_for_metrics\kivy\examples\widgets\sequenced_images\main.py,142,1,0,0,0
kivy,C:\Users\Zhifei Chen\Desktop\pysmell\subjects_for_metrics\kivy\examples\widgets\sequenced_images\uix\custom_button.py,12,1,0,0,0
kivy,C:\Users\Zhifei Chen\Desktop\pysmell\subjects_for_metrics\kivy\kivy\animation.py,93,1,0,0,0
kivy,C:\Users\Zhifei Chen\Desktop\pysmell\subjects_for_metrics\kivy\kivy\animation.py,381,1,0,0,0
kivy,C:\Users\Zhifei Chen\Desktop\pysmell\subjects_for_metrics\kivy\kivy\animation.py,454,1,0,0,0
kivy,C:\Users\Zhifei Chen\Desktop\pysmell\subjects_for_metrics\kivy\kivy\animation.py,502,1,0,0,0
kivy,C:\Users\Zhifei Chen\Desktop\pysmell\subjects_for_metrics\kivy\kivy\app.py,335,1,0,0,0
kivy,C:\Users\Zhifei Chen\Desktop\pysmell\subjects_for_metrics\kivy\kivy\atlas.py,151,1,0,0,0
kivy,C:\Users\Zhifei Chen\Desktop\pysmell\subjects_for_metrics\kivy\kivy\base.py,38,1,0,0,0
kivy,C:\Users\Zhifei Chen\Desktop\pysmell\subjects_for_metrics\kivy\kivy\base.py,95,1,0,0,0
kivy,C:\Users\Zhifei Chen\Desktop\pysmell\subjects_for_metrics\kivy\kivy\cache.py,34,1,0,0,0
kivy,C:\Users\Zhifei Chen\Desktop\pysmell\subjects_for_metrics\kivy\kivy\clock.py,276,1,0,0,0
kivy,C:\Users\Zhifei Chen\Desktop\pysmell\subjects_for_metrics\kivy\kivy\clock.py,390,1,0,0,0
kivy,C:\Users\Zhifei Chen\Desktop\pysmell\subjects_for_metrics\kivy\kivy\config.py,307,2,0,1,0
kivy,C:\Users\Zhifei Chen\Desktop\pysmell\subjects_for_metrics\kivy\kivy\context.py,27,1,0,0,0
kivy,C:\Users\Zhifei Chen\Desktop\pysmell\subjects_for_metrics\kivy\kivy\context.py,54,1,0,0,0
kivy,C:\Users\Zhifei Chen\Desktop\pysmell\subjects_for_metrics\kivy\kivy\factory.py,46,1,0,0,0
kivy,C:\Users\Zhifei Chen\Desktop\pysmell\subjects_for_metrics\kivy\kivy\factory.py,50,1,0,0,0
kivy,C:\Users\Zhifei Chen\Desktop\pysmell\subjects_for_metrics\kivy\kivy\gesture.py,46,1,0,0,0
kivy,C:\Users\Zhifei Chen\Desktop\pysmell\subjects_for_metrics\kivy\kivy\interactive.py,179,1,0,0,0
kivy,C:\Users\Zhifei Chen\Desktop\pysmell\subjects_for_metrics\kivy\kivy\interactive.py,295,1,0,0,0
kivy,C:\Users\Zhifei Chen\Desktop\pysmell\subjects_for_metrics\kivy\kivy\lang.py,873,1,0,0,0
kivy,C:\Users\Zhifei Chen\Desktop\pysmell\subjects_for_metrics\kivy\kivy\lang.py,935,1,0,0,0
kivy,C:\Users\Zhifei Chen\Desktop\pysmell\subjects_for_metrics\kivy\kivy\lang.py,962,1,0,0,0
kivy,C:\Users\Zhifei Chen\Desktop\pysmell\subjects_for_metrics\kivy\kivy\lang.py,968,1,0,0,0
kivy,C:\Users\Zhifei Chen\Desktop\pysmell\subjects_for_metrics\kivy\kivy\lang.py,1045,1,0,0,0
kivy,C:\Users\Zhifei Chen\Desktop\pysmell\subjects_for_metrics\kivy\kivy\lang.py,1198,1,0,0,0
kivy,C:\Users\Zhifei Chen\Desktop\pysmell\subjects_for_metrics\kivy\kivy\lang.py,1709,1,0,0,0
kivy,C:\Users\Zhifei Chen\Desktop\pysmell\subjects_for_metrics\kivy\kivy\lang.py,1721,1,0,0,0
kivy,C:\Users\Zhifei Chen\Desktop\pysmell\subjects_for_metrics\kivy\kivy\lang.py,1728,1,0,0,0
kivy,C:\Users\Zhifei Chen\Desktop\pysmell\subjects_for_metrics\kivy\kivy\lang.py,1734,1,0,0,0
kivy,C:\Users\Zhifei Chen\Desktop\pysmell\subjects_for_metrics\kivy\kivy\lang.py,1758,1,0,0,0
kivy,C:\Users\Zhifei Chen\Desktop\pysmell\subjects_for_metrics\kivy\kivy\loader.py,56,1,0,0,0
kivy,C:\Users\Zhifei Chen\Desktop\pysmell\subjects_for_metrics\kivy\kivy\loader.py,79,1,0,0,0
kivy,C:\Users\Zhifei Chen\Desktop\pysmell\subjects_for_metrics\kivy\kivy\loader.py,470,1,0,0,0
kivy,C:\Users\Zhifei Chen\Desktop\pysmell\subjects_for_metrics\kivy\kivy\loader.py,489,1,0,0,0
kivy,C:\Users\Zhifei Chen\Desktop\pysmell\subjects_for_metrics\kivy\kivy\loader.py,508,1,0,0,0
kivy,C:\Users\Zhifei Chen\Desktop\pysmell\subjects_for_metrics\kivy\kivy\logger.py,104,1,0,0,0
kivy,C:\Users\Zhifei Chen\Desktop\pysmell\subjects_for_metrics\kivy\kivy\logger.py,221,1,0,0,0
kivy,C:\Users\Zhifei Chen\Desktop\pysmell\subjects_for_metrics\kivy\kivy\logger.py,229,1,0,0,0
kivy,C:\Users\Zhifei Chen\Desktop\pysmell\subjects_for_metrics\kivy\kivy\logger.py,253,1,0,0,0
kivy,C:\Users\Zhifei Chen\Desktop\pysmell\subjects_for_metrics\kivy\kivy\logger.py,267,1,0,0,0
kivy,C:\Users\Zhifei Chen\Desktop\pysmell\subjects_for_metrics\kivy\kivy\metrics.py,146,1,0,0,0
kivy,C:\Users\Zhifei Chen\Desktop\pysmell\subjects_for_metrics\kivy\kivy\multistroke.py,149,1,0,0,0
kivy,C:\Users\Zhifei Chen\Desktop\pysmell\subjects_for_metrics\kivy\kivy\multistroke.py,157,1,0,0,0
kivy,C:\Users\Zhifei Chen\Desktop\pysmell\subjects_for_metrics\kivy\kivy\multistroke.py,645,1,0,0,0
kivy,C:\Users\Zhifei Chen\Desktop\pysmell\subjects_for_metrics\kivy\kivy\multistroke.py,795,1,0,0,0
kivy,C:\Users\Zhifei Chen\Desktop\pysmell\subjects_for_metrics\kivy\kivy\multistroke.py,1073,1,0,0,0
kivy,C:\Users\Zhifei Chen\Desktop\pysmell\subjects_for_metrics\kivy\kivy\multistroke.py,1169,1,0,0,0
kivy,C:\Users\Zhifei Chen\Desktop\pysmell\subjects_for_metrics\kivy\kivy\parser.py,17,1,0,0,0
kivy,C:\Users\Zhifei Chen\Desktop\pysmell\subjects_for_metrics\kivy\kivy\utils.py,325,1,0,0,0
kivy,C:\Users\Zhifei Chen\Desktop\pysmell\subjects_for_metrics\kivy\kivy\utils.py,342,1,0,0,0
kivy,C:\Users\Zhifei Chen\Desktop\pysmell\subjects_for_metrics\kivy\kivy\utils.py,393,1,0,0,0
kivy,C:\Users\Zhifei Chen\Desktop\pysmell\subjects_for_metrics\kivy\kivy\utils.py,484,1,0,0,0
kivy,C:\Users\Zhifei Chen\Desktop\pysmell\subjects_for_metrics\kivy\kivy\vector.py,88,1,0,0,0
kivy,C:\Users\Zhifei Chen\Desktop\pysmell\subjects_for_metrics\kivy\kivy\weakmethod.py,75,1,0,0,0
kivy,C:\Users\Zhifei Chen\Desktop\pysmell\subjects_for_metrics\kivy\kivy\adapters\adapter.py,51,1,0,0,0
kivy,C:\Users\Zhifei Chen\Desktop\pysmell\subjects_for_metrics\kivy\kivy\adapters\dictadapter.py,27,1,0,0,0
kivy,C:\Users\Zhifei Chen\Desktop\pysmell\subjects_for_metrics\kivy\kivy\adapters\listadapter.py,56,2,0,1,0
kivy,C:\Users\Zhifei Chen\Desktop\pysmell\subjects_for_metrics\kivy\kivy\adapters\models.py,49,1,0,0,0
kivy,C:\Users\Zhifei Chen\Desktop\pysmell\subjects_for_metrics\kivy\kivy\adapters\simplelistadapter.py,25,1,0,0,0
kivy,C:\Users\Zhifei Chen\Desktop\pysmell\subjects_for_metrics\kivy\kivy\core\__init__.py,29,1,0,0,0
kivy,C:\Users\Zhifei Chen\Desktop\pysmell\subjects_for_metrics\kivy\kivy\core\audio\audio_avplayer.py,19,1,0,0,0
kivy,C:\Users\Zhifei Chen\Desktop\pysmell\subjects_for_metrics\kivy\kivy\core\audio\audio_ffpyplayer.py,78,1,0,0,0
kivy,C:\Users\Zhifei Chen\Desktop\pysmell\subjects_for_metrics\kivy\kivy\core\audio\audio_gi.py,25,1,0,0,0
kivy,C:\Users\Zhifei Chen\Desktop\pysmell\subjects_for_metrics\kivy\kivy\core\audio\audio_gstplayer.py,37,1,0,0,0
kivy,C:\Users\Zhifei Chen\Desktop\pysmell\subjects_for_metrics\kivy\kivy\core\audio\audio_pygame.py,30,1,0,0,0
kivy,C:\Users\Zhifei Chen\Desktop\pysmell\subjects_for_metrics\kivy\kivy\core\audio\audio_pygst.py,34,1,0,0,0
kivy,C:\Users\Zhifei Chen\Desktop\pysmell\subjects_for_metrics\kivy\kivy\core\audio\__init__.py,76,1,0,0,0
kivy,C:\Users\Zhifei Chen\Desktop\pysmell\subjects_for_metrics\kivy\kivy\core\camera\camera_android.py,16,1,0,0,0
kivy,C:\Users\Zhifei Chen\Desktop\pysmell\subjects_for_metrics\kivy\kivy\core\camera\camera_android.py,31,1,0,0,0
kivy,C:\Users\Zhifei Chen\Desktop\pysmell\subjects_for_metrics\kivy\kivy\core\camera\camera_gi.py,30,1,0,0,0
kivy,C:\Users\Zhifei Chen\Desktop\pysmell\subjects_for_metrics\kivy\kivy\core\camera\camera_gi.py,43,1,0,0,0
kivy,C:\Users\Zhifei Chen\Desktop\pysmell\subjects_for_metrics\kivy\kivy\core\camera\camera_opencv.py,41,1,0,0,0
kivy,C:\Users\Zhifei Chen\Desktop\pysmell\subjects_for_metrics\kivy\kivy\core\camera\camera_pygst.py,28,1,0,0,0
kivy,C:\Users\Zhifei Chen\Desktop\pysmell\subjects_for_metrics\kivy\kivy\core\camera\camera_videocapture.py,20,1,0,0,0
kivy,C:\Users\Zhifei Chen\Desktop\pysmell\subjects_for_metrics\kivy\kivy\core\camera\__init__.py,26,1,0,0,0
kivy,C:\Users\Zhifei Chen\Desktop\pysmell\subjects_for_metrics\kivy\kivy\core\clipboard\clipboard_android.py,22,1,0,0,0
kivy,C:\Users\Zhifei Chen\Desktop\pysmell\subjects_for_metrics\kivy\kivy\core\clipboard\clipboard_dbusklipper.py,21,1,0,0,0
kivy,C:\Users\Zhifei Chen\Desktop\pysmell\subjects_for_metrics\kivy\kivy\core\clipboard\clipboard_dummy.py,11,1,0,0,0
kivy,C:\Users\Zhifei Chen\Desktop\pysmell\subjects_for_metrics\kivy\kivy\core\clipboard\clipboard_gtk3.py,18,1,0,0,0
kivy,C:\Users\Zhifei Chen\Desktop\pysmell\subjects_for_metrics\kivy\kivy\core\clipboard\clipboard_nspaste.py,24,1,0,0,0
kivy,C:\Users\Zhifei Chen\Desktop\pysmell\subjects_for_metrics\kivy\kivy\core\clipboard\clipboard_pygame.py,21,1,0,0,0
kivy,C:\Users\Zhifei Chen\Desktop\pysmell\subjects_for_metrics\kivy\kivy\core\clipboard\clipboard_sdl2.py,20,1,0,0,0
kivy,C:\Users\Zhifei Chen\Desktop\pysmell\subjects_for_metrics\kivy\kivy\core\clipboard\clipboard_winctypes.py,21,1,0,0,0
kivy,C:\Users\Zhifei Chen\Desktop\pysmell\subjects_for_metrics\kivy\kivy\core\clipboard\clipboard_xclip.py,23,1,0,0,0
kivy,C:\Users\Zhifei Chen\Desktop\pysmell\subjects_for_metrics\kivy\kivy\core\clipboard\clipboard_xsel.py,21,1,0,0,0
kivy,C:\Users\Zhifei Chen\Desktop\pysmell\subjects_for_metrics\kivy\kivy\core\clipboard\_clipboard_ext.py,10,1,0,0,0
kivy,C:\Users\Zhifei Chen\Desktop\pysmell\subjects_for_metrics\kivy\kivy\core\clipboard\__init__.py,35,1,0,0,0
kivy,C:\Users\Zhifei Chen\Desktop\pysmell\subjects_for_metrics\kivy\kivy\core\image\img_dds.py,12,1,0,0,0
kivy,C:\Users\Zhifei Chen\Desktop\pysmell\subjects_for_metrics\kivy\kivy\core\image\img_ffpyplayer.py,33,1,0,0,0
kivy,C:\Users\Zhifei Chen\Desktop\pysmell\subjects_for_metrics\kivy\kivy\core\image\img_gif.py,44,1,0,0,0
kivy,C:\Users\Zhifei Chen\Desktop\pysmell\subjects_for_metrics\kivy\kivy\core\image\img_gif.py,147,1,0,0,0
kivy,C:\Users\Zhifei Chen\Desktop\pysmell\subjects_for_metrics\kivy\kivy\core\image\img_gif.py,226,1,0,0,0
kivy,C:\Users\Zhifei Chen\Desktop\pysmell\subjects_for_metrics\kivy\kivy\core\image\img_gif.py,295,1,0,0,0
kivy,C:\Users\Zhifei Chen\Desktop\pysmell\subjects_for_metrics\kivy\kivy\core\image\img_pil.py,16,1,0,0,0
kivy,C:\Users\Zhifei Chen\Desktop\pysmell\subjects_for_metrics\kivy\kivy\core\image\img_pygame.py,18,1,0,0,0
kivy,C:\Users\Zhifei Chen\Desktop\pysmell\subjects_for_metrics\kivy\kivy\core\image\img_sdl2.py,14,1,0,0,0
kivy,C:\Users\Zhifei Chen\Desktop\pysmell\subjects_for_metrics\kivy\kivy\core\image\img_tex.py,13,1,0,0,0
kivy,C:\Users\Zhifei Chen\Desktop\pysmell\subjects_for_metrics\kivy\kivy\core\image\__init__.py,66,1,0,0,0
kivy,C:\Users\Zhifei Chen\Desktop\pysmell\subjects_for_metrics\kivy\kivy\core\image\__init__.py,181,1,0,0,0
kivy,C:\Users\Zhifei Chen\Desktop\pysmell\subjects_for_metrics\kivy\kivy\core\image\__init__.py,303,1,0,0,0
kivy,C:\Users\Zhifei Chen\Desktop\pysmell\subjects_for_metrics\kivy\kivy\core\image\__init__.py,436,1,0,0,0
kivy,C:\Users\Zhifei Chen\Desktop\pysmell\subjects_for_metrics\kivy\kivy\core\spelling\spelling_enchant.py,12,1,0,0,0
kivy,C:\Users\Zhifei Chen\Desktop\pysmell\subjects_for_metrics\kivy\kivy\core\spelling\spelling_osxappkit.py,21,1,0,0,0
kivy,C:\Users\Zhifei Chen\Desktop\pysmell\subjects_for_metrics\kivy\kivy\core\spelling\__init__.py,32,1,0,0,0
kivy,C:\Users\Zhifei Chen\Desktop\pysmell\subjects_for_metrics\kivy\kivy\core\spelling\__init__.py,39,1,0,0,0
kivy,C:\Users\Zhifei Chen\Desktop\pysmell\subjects_for_metrics\kivy\kivy\core\spelling\__init__.py,47,1,0,0,0
kivy,C:\Users\Zhifei Chen\Desktop\pysmell\subjects_for_metrics\kivy\kivy\core\text\markup.py,60,1,0,0,0
kivy,C:\Users\Zhifei Chen\Desktop\pysmell\subjects_for_metrics\kivy\kivy\core\text\text_pil.py,20,1,0,0,0
kivy,C:\Users\Zhifei Chen\Desktop\pysmell\subjects_for_metrics\kivy\kivy\core\text\text_pygame.py,27,1,0,0,0
kivy,C:\Users\Zhifei Chen\Desktop\pysmell\subjects_for_metrics\kivy\kivy\core\text\text_sdl2.py,16,1,0,0,0
kivy,C:\Users\Zhifei Chen\Desktop\pysmell\subjects_for_metrics\kivy\kivy\core\text\__init__.py,60,1,0,0,0
kivy,C:\Users\Zhifei Chen\Desktop\pysmell\subjects_for_metrics\kivy\kivy\core\video\video_ffmpeg.py,27,1,0,0,0
kivy,C:\Users\Zhifei Chen\Desktop\pysmell\subjects_for_metrics\kivy\kivy\core\video\video_ffpyplayer.py,84,1,0,0,0
kivy,C:\Users\Zhifei Chen\Desktop\pysmell\subjects_for_metrics\kivy\kivy\core\video\video_gi.py,45,1,0,0,0
kivy,C:\Users\Zhifei Chen\Desktop\pysmell\subjects_for_metrics\kivy\kivy\core\video\video_gi.py,83,1,0,0,0
kivy,C:\Users\Zhifei Chen\Desktop\pysmell\subjects_for_metrics\kivy\kivy\core\video\video_gstplayer.py,50,1,0,0,0
kivy,C:\Users\Zhifei Chen\Desktop\pysmell\subjects_for_metrics\kivy\kivy\core\video\video_null.py,9,1,0,0,0
kivy,C:\Users\Zhifei Chen\Desktop\pysmell\subjects_for_metrics\kivy\kivy\core\video\video_pyglet.py,30,1,0,0,0
kivy,C:\Users\Zhifei Chen\Desktop\pysmell\subjects_for_metrics\kivy\kivy\core\video\video_pygst.py,74,1,0,0,0
kivy,C:\Users\Zhifei Chen\Desktop\pysmell\subjects_for_metrics\kivy\kivy\core\video\__init__.py,29,1,0,0,0
kivy,C:\Users\Zhifei Chen\Desktop\pysmell\subjects_for_metrics\kivy\kivy\core\window\window_egl_rpi.py,25,1,0,0,0
kivy,C:\Users\Zhifei Chen\Desktop\pysmell\subjects_for_metrics\kivy\kivy\core\window\window_pygame.py,35,1,0,0,0
kivy,C:\Users\Zhifei Chen\Desktop\pysmell\subjects_for_metrics\kivy\kivy\core\window\window_sdl2.py,94,1,0,0,0
kivy,C:\Users\Zhifei Chen\Desktop\pysmell\subjects_for_metrics\kivy\kivy\core\window\window_sdl2.py,103,1,0,0,0
kivy,C:\Users\Zhifei Chen\Desktop\pysmell\subjects_for_metrics\kivy\kivy\core\window\window_sdl2.py,133,1,0,0,0
kivy,C:\Users\Zhifei Chen\Desktop\pysmell\subjects_for_metrics\kivy\kivy\core\window\__init__.py,37,1,0,0,0
kivy,C:\Users\Zhifei Chen\Desktop\pysmell\subjects_for_metrics\kivy\kivy\core\window\__init__.py,198,1,0,0,0
kivy,C:\Users\Zhifei Chen\Desktop\pysmell\subjects_for_metrics\kivy\kivy\effects\dampedscroll.py,21,1,0,0,0
kivy,C:\Users\Zhifei Chen\Desktop\pysmell\subjects_for_metrics\kivy\kivy\effects\kinetic.py,48,1,0,0,0
kivy,C:\Users\Zhifei Chen\Desktop\pysmell\subjects_for_metrics\kivy\kivy\effects\opacityscroll.py,16,1,0,0,0
kivy,C:\Users\Zhifei Chen\Desktop\pysmell\subjects_for_metrics\kivy\kivy\effects\scroll.py,27,1,0,0,0
kivy,C:\Users\Zhifei Chen\Desktop\pysmell\subjects_for_metrics\kivy\kivy\extras\highlight.py,11,1,0,0,0
kivy,C:\Users\Zhifei Chen\Desktop\pysmell\subjects_for_metrics\kivy\kivy\garden\__init__.py,83,1,0,0,0
kivy,C:\Users\Zhifei Chen\Desktop\pysmell\subjects_for_metrics\kivy\kivy\input\motionevent.py,96,1,0,0,0
kivy,C:\Users\Zhifei Chen\Desktop\pysmell\subjects_for_metrics\kivy\kivy\input\motionevent.py,108,1,0,0,0
kivy,C:\Users\Zhifei Chen\Desktop\pysmell\subjects_for_metrics\kivy\kivy\input\motionevent.py,125,1,0,0,0
kivy,C:\Users\Zhifei Chen\Desktop\pysmell\subjects_for_metrics\kivy\kivy\input\provider.py,15,1,0,0,0
kivy,C:\Users\Zhifei Chen\Desktop\pysmell\subjects_for_metrics\kivy\kivy\input\recorder.py,105,1,0,0,0
kivy,C:\Users\Zhifei Chen\Desktop\pysmell\subjects_for_metrics\kivy\kivy\input\recorder.py,113,1,0,0,0
kivy,C:\Users\Zhifei Chen\Desktop\pysmell\subjects_for_metrics\kivy\kivy\input\shape.py,11,1,0,0,0
kivy,C:\Users\Zhifei Chen\Desktop\pysmell\subjects_for_metrics\kivy\kivy\input\shape.py,16,1,0,0,0
kivy,C:\Users\Zhifei Chen\Desktop\pysmell\subjects_for_metrics\kivy\kivy\input\postproc\calibration.py,37,1,0,0,0
kivy,C:\Users\Zhifei Chen\Desktop\pysmell\subjects_for_metrics\kivy\kivy\input\postproc\dejitter.py,20,1,0,0,0
kivy,C:\Users\Zhifei Chen\Desktop\pysmell\subjects_for_metrics\kivy\kivy\input\postproc\doubletap.py,15,1,0,0,0
kivy,C:\Users\Zhifei Chen\Desktop\pysmell\subjects_for_metrics\kivy\kivy\input\postproc\ignorelist.py,14,1,0,0,0
kivy,C:\Users\Zhifei Chen\Desktop\pysmell\subjects_for_metrics\kivy\kivy\input\postproc\retaintouch.py,15,1,0,0,0
kivy,C:\Users\Zhifei Chen\Desktop\pysmell\subjects_for_metrics\kivy\kivy\input\postproc\tripletap.py,18,1,0,0,0
kivy,C:\Users\Zhifei Chen\Desktop\pysmell\subjects_for_metrics\kivy\kivy\input\providers\androidjoystick.py,30,1,0,0,0
kivy,C:\Users\Zhifei Chen\Desktop\pysmell\subjects_for_metrics\kivy\kivy\input\providers\androidjoystick.py,42,1,0,0,0
kivy,C:\Users\Zhifei Chen\Desktop\pysmell\subjects_for_metrics\kivy\kivy\input\providers\hidinput.py,56,1,0,0,0
kivy,C:\Users\Zhifei Chen\Desktop\pysmell\subjects_for_metrics\kivy\kivy\input\providers\hidinput.py,310,1,0,0,0
kivy,C:\Users\Zhifei Chen\Desktop\pysmell\subjects_for_metrics\kivy\kivy\input\providers\leapfinger.py,24,1,0,0,0
kivy,C:\Users\Zhifei Chen\Desktop\pysmell\subjects_for_metrics\kivy\kivy\input\providers\leapfinger.py,39,1,0,0,0
kivy,C:\Users\Zhifei Chen\Desktop\pysmell\subjects_for_metrics\kivy\kivy\input\providers\leapfinger.py,50,1,0,0,0
kivy,C:\Users\Zhifei Chen\Desktop\pysmell\subjects_for_metrics\kivy\kivy\input\providers\linuxwacom.py,35,1,0,0,0
kivy,C:\Users\Zhifei Chen\Desktop\pysmell\subjects_for_metrics\kivy\kivy\input\providers\linuxwacom.py,131,1,0,0,0
kivy,C:\Users\Zhifei Chen\Desktop\pysmell\subjects_for_metrics\kivy\kivy\input\providers\mactouch.py,38,1,0,0,0
kivy,C:\Users\Zhifei Chen\Desktop\pysmell\subjects_for_metrics\kivy\kivy\input\providers\mactouch.py,42,1,0,0,0
kivy,C:\Users\Zhifei Chen\Desktop\pysmell\subjects_for_metrics\kivy\kivy\input\providers\mactouch.py,46,1,0,0,0
kivy,C:\Users\Zhifei Chen\Desktop\pysmell\subjects_for_metrics\kivy\kivy\input\providers\mactouch.py,91,1,0,0,0
kivy,C:\Users\Zhifei Chen\Desktop\pysmell\subjects_for_metrics\kivy\kivy\input\providers\mactouch.py,112,1,0,0,0
kivy,C:\Users\Zhifei Chen\Desktop\pysmell\subjects_for_metrics\kivy\kivy\input\providers\mouse.py,81,1,0,0,0
kivy,C:\Users\Zhifei Chen\Desktop\pysmell\subjects_for_metrics\kivy\kivy\input\providers\mouse.py,130,1,0,0,0
kivy,C:\Users\Zhifei Chen\Desktop\pysmell\subjects_for_metrics\kivy\kivy\input\providers\mtdev.py,46,1,0,0,0
kivy,C:\Users\Zhifei Chen\Desktop\pysmell\subjects_for_metrics\kivy\kivy\input\providers\mtdev.py,86,1,0,0,0
kivy,C:\Users\Zhifei Chen\Desktop\pysmell\subjects_for_metrics\kivy\kivy\input\providers\probesysfs.py,66,1,0,0,0
kivy,C:\Users\Zhifei Chen\Desktop\pysmell\subjects_for_metrics\kivy\kivy\input\providers\probesysfs.py,149,1,0,0,0
kivy,C:\Users\Zhifei Chen\Desktop\pysmell\subjects_for_metrics\kivy\kivy\input\providers\tuio.py,51,1,0,0,0
kivy,C:\Users\Zhifei Chen\Desktop\pysmell\subjects_for_metrics\kivy\kivy\input\providers\tuio.py,202,1,0,0,0
kivy,C:\Users\Zhifei Chen\Desktop\pysmell\subjects_for_metrics\kivy\kivy\input\providers\tuio.py,242,1,0,0,0
kivy,C:\Users\Zhifei Chen\Desktop\pysmell\subjects_for_metrics\kivy\kivy\input\providers\tuio.py,271,1,0,0,0
kivy,C:\Users\Zhifei Chen\Desktop\pysmell\subjects_for_metrics\kivy\kivy\input\providers\tuio.py,303,1,0,0,0
kivy,C:\Users\Zhifei Chen\Desktop\pysmell\subjects_for_metrics\kivy\kivy\input\providers\wm_pen.py,17,1,0,0,0
kivy,C:\Users\Zhifei Chen\Desktop\pysmell\subjects_for_metrics\kivy\kivy\input\providers\wm_pen.py,44,1,0,0,0
kivy,C:\Users\Zhifei Chen\Desktop\pysmell\subjects_for_metrics\kivy\kivy\input\providers\wm_pen.py,76,1,0,0,0
kivy,C:\Users\Zhifei Chen\Desktop\pysmell\subjects_for_metrics\kivy\kivy\input\providers\wm_touch.py,19,1,0,0,0
kivy,C:\Users\Zhifei Chen\Desktop\pysmell\subjects_for_metrics\kivy\kivy\input\providers\wm_touch.py,60,1,0,0,0
kivy,C:\Users\Zhifei Chen\Desktop\pysmell\subjects_for_metrics\kivy\kivy\input\providers\wm_touch.py,91,1,0,0,0
kivy,C:\Users\Zhifei Chen\Desktop\pysmell\subjects_for_metrics\kivy\kivy\input\providers\wm_touch.py,133,1,0,0,0
kivy,C:\Users\Zhifei Chen\Desktop\pysmell\subjects_for_metrics\kivy\kivy\lib\ddsfile.py,145,1,0,0,0
kivy,C:\Users\Zhifei Chen\Desktop\pysmell\subjects_for_metrics\kivy\kivy\lib\ddsfile.py,158,1,0,0,0
kivy,C:\Users\Zhifei Chen\Desktop\pysmell\subjects_for_metrics\kivy\kivy\lib\ddsfile.py,162,1,0,0,0
kivy,C:\Users\Zhifei Chen\Desktop\pysmell\subjects_for_metrics\kivy\kivy\lib\mtdev.py,75,1,0,0,0
kivy,C:\Users\Zhifei Chen\Desktop\pysmell\subjects_for_metrics\kivy\kivy\lib\mtdev.py,81,1,0,0,0
kivy,C:\Users\Zhifei Chen\Desktop\pysmell\subjects_for_metrics\kivy\kivy\lib\mtdev.py,89,1,0,0,0
kivy,C:\Users\Zhifei Chen\Desktop\pysmell\subjects_for_metrics\kivy\kivy\lib\mtdev.py,99,1,0,0,0
kivy,C:\Users\Zhifei Chen\Desktop\pysmell\subjects_for_metrics\kivy\kivy\lib\mtdev.py,108,1,0,0,0
kivy,C:\Users\Zhifei Chen\Desktop\pysmell\subjects_for_metrics\kivy\kivy\lib\osc\oscAPI.py,66,1,0,0,0
kivy,C:\Users\Zhifei Chen\Desktop\pysmell\subjects_for_metrics\kivy\kivy\lib\osc\oscAPI.py,101,1,0,0,0
kivy,C:\Users\Zhifei Chen\Desktop\pysmell\subjects_for_metrics\kivy\kivy\lib\osc\oscAPI.py,187,1,0,0,0
kivy,C:\Users\Zhifei Chen\Desktop\pysmell\subjects_for_metrics\kivy\kivy\modules\console.py,294,2,0,1,0
kivy,C:\Users\Zhifei Chen\Desktop\pysmell\subjects_for_metrics\kivy\kivy\modules\console.py,312,1,0,0,0
kivy,C:\Users\Zhifei Chen\Desktop\pysmell\subjects_for_metrics\kivy\kivy\modules\console.py,317,1,0,0,0
kivy,C:\Users\Zhifei Chen\Desktop\pysmell\subjects_for_metrics\kivy\kivy\modules\console.py,322,1,0,0,0
kivy,C:\Users\Zhifei Chen\Desktop\pysmell\subjects_for_metrics\kivy\kivy\modules\console.py,327,1,0,0,0
kivy,C:\Users\Zhifei Chen\Desktop\pysmell\subjects_for_metrics\kivy\kivy\modules\console.py,331,1,0,0,0
kivy,C:\Users\Zhifei Chen\Desktop\pysmell\subjects_for_metrics\kivy\kivy\modules\console.py,359,1,0,0,0
kivy,C:\Users\Zhifei Chen\Desktop\pysmell\subjects_for_metrics\kivy\kivy\modules\console.py,365,1,0,0,0
kivy,C:\Users\Zhifei Chen\Desktop\pysmell\subjects_for_metrics\kivy\kivy\modules\console.py,379,1,0,0,0
kivy,C:\Users\Zhifei Chen\Desktop\pysmell\subjects_for_metrics\kivy\kivy\modules\console.py,395,1,0,0,0
kivy,C:\Users\Zhifei Chen\Desktop\pysmell\subjects_for_metrics\kivy\kivy\modules\console.py,437,1,0,0,0
kivy,C:\Users\Zhifei Chen\Desktop\pysmell\subjects_for_metrics\kivy\kivy\modules\console.py,454,1,0,0,0
kivy,C:\Users\Zhifei Chen\Desktop\pysmell\subjects_for_metrics\kivy\kivy\modules\console.py,615,2,0,1,0
kivy,C:\Users\Zhifei Chen\Desktop\pysmell\subjects_for_metrics\kivy\kivy\modules\console.py,619,1,0,0,0
kivy,C:\Users\Zhifei Chen\Desktop\pysmell\subjects_for_metrics\kivy\kivy\modules\console.py,673,1,0,0,0
kivy,C:\Users\Zhifei Chen\Desktop\pysmell\subjects_for_metrics\kivy\kivy\modules\console.py,720,1,0,0,0
kivy,C:\Users\Zhifei Chen\Desktop\pysmell\subjects_for_metrics\kivy\kivy\modules\console.py,750,1,0,0,0
kivy,C:\Users\Zhifei Chen\Desktop\pysmell\subjects_for_metrics\kivy\kivy\modules\inspector.py,239,2,0,1,0
kivy,C:\Users\Zhifei Chen\Desktop\pysmell\subjects_for_metrics\kivy\kivy\modules\inspector.py,261,2,0,1,0
kivy,C:\Users\Zhifei Chen\Desktop\pysmell\subjects_for_metrics\kivy\kivy\modules\inspector.py,265,1,0,0,0
kivy,C:\Users\Zhifei Chen\Desktop\pysmell\subjects_for_metrics\kivy\kivy\modules\inspector.py,319,1,0,0,0
kivy,C:\Users\Zhifei Chen\Desktop\pysmell\subjects_for_metrics\kivy\kivy\modules\monitor.py,44,1,0,0,0
kivy,C:\Users\Zhifei Chen\Desktop\pysmell\subjects_for_metrics\kivy\kivy\modules\_webdebugger.py,20,1,0,0,0
kivy,C:\Users\Zhifei Chen\Desktop\pysmell\subjects_for_metrics\kivy\kivy\modules\_webdebugger.py,55,1,0,0,0
kivy,C:\Users\Zhifei Chen\Desktop\pysmell\subjects_for_metrics\kivy\kivy\network\urlrequest.py,96,1,0,0,0
kivy,C:\Users\Zhifei Chen\Desktop\pysmell\subjects_for_metrics\kivy\kivy\storage\dictstore.py,20,1,0,0,0
kivy,C:\Users\Zhifei Chen\Desktop\pysmell\subjects_for_metrics\kivy\kivy\storage\jsonstore.py,18,1,0,0,0
kivy,C:\Users\Zhifei Chen\Desktop\pysmell\subjects_for_metrics\kivy\kivy\storage\redisstore.py,40,1,0,0,0
kivy,C:\Users\Zhifei Chen\Desktop\pysmell\subjects_for_metrics\kivy\kivy\storage\__init__.py,129,1,0,0,0
kivy,C:\Users\Zhifei Chen\Desktop\pysmell\subjects_for_metrics\kivy\kivy\tests\common.py,19,1,0,0,0
kivy,C:\Users\Zhifei Chen\Desktop\pysmell\subjects_for_metrics\kivy\kivy\tests\perf_test_textinput.py,36,2,0,1,0
kivy,C:\Users\Zhifei Chen\Desktop\pysmell\subjects_for_metrics\kivy\kivy\tests\test_adapters.py,204,1,0,0,0
kivy,C:\Users\Zhifei Chen\Desktop\pysmell\subjects_for_metrics\kivy\kivy\tests\test_adapters.py,212,1,0,0,0
kivy,C:\Users\Zhifei Chen\Desktop\pysmell\subjects_for_metrics\kivy\kivy\tests\test_adapters.py,232,1,0,0,0
kivy,C:\Users\Zhifei Chen\Desktop\pysmell\subjects_for_metrics\kivy\kivy\tests\test_adapters.py,278,1,0,0,0
kivy,C:\Users\Zhifei Chen\Desktop\pysmell\subjects_for_metrics\kivy\kivy\tests\test_adapters.py,384,1,0,0,0
kivy,C:\Users\Zhifei Chen\Desktop\pysmell\subjects_for_metrics\kivy\kivy\tests\test_adapters.py,414,1,0,0,0
kivy,C:\Users\Zhifei Chen\Desktop\pysmell\subjects_for_metrics\kivy\kivy\tests\test_adapters.py,447,1,0,0,0
kivy,C:\Users\Zhifei Chen\Desktop\pysmell\subjects_for_metrics\kivy\kivy\tests\test_adapters.py,450,1,0,0,0
kivy,C:\Users\Zhifei Chen\Desktop\pysmell\subjects_for_metrics\kivy\kivy\tests\test_adapters.py,592,1,0,0,0
kivy,C:\Users\Zhifei Chen\Desktop\pysmell\subjects_for_metrics\kivy\kivy\tests\test_adapters.py,624,1,0,0,0
kivy,C:\Users\Zhifei Chen\Desktop\pysmell\subjects_for_metrics\kivy\kivy\tests\test_adapters.py,628,1,0,0,0
kivy,C:\Users\Zhifei Chen\Desktop\pysmell\subjects_for_metrics\kivy\kivy\tests\test_adapters.py,634,1,0,0,0
kivy,C:\Users\Zhifei Chen\Desktop\pysmell\subjects_for_metrics\kivy\kivy\tests\test_adapters.py,1023,1,0,0,0
kivy,C:\Users\Zhifei Chen\Desktop\pysmell\subjects_for_metrics\kivy\kivy\tests\test_adapters.py,1112,1,0,0,0
kivy,C:\Users\Zhifei Chen\Desktop\pysmell\subjects_for_metrics\kivy\kivy\tests\test_adapters.py,1142,1,0,0,0
kivy,C:\Users\Zhifei Chen\Desktop\pysmell\subjects_for_metrics\kivy\kivy\tests\test_animations.py,14,1,0,0,0
kivy,C:\Users\Zhifei Chen\Desktop\pysmell\subjects_for_metrics\kivy\kivy\tests\test_animations.py,80,1,0,0,0
kivy,C:\Users\Zhifei Chen\Desktop\pysmell\subjects_for_metrics\kivy\kivy\tests\test_app.py,8,1,0,0,0
kivy,C:\Users\Zhifei Chen\Desktop\pysmell\subjects_for_metrics\kivy\kivy\tests\test_app.py,16,1,0,0,0
kivy,C:\Users\Zhifei Chen\Desktop\pysmell\subjects_for_metrics\kivy\kivy\tests\test_audio.py,15,1,0,0,0
kivy,C:\Users\Zhifei Chen\Desktop\pysmell\subjects_for_metrics\kivy\kivy\tests\test_audio.py,55,1,0,0,0
kivy,C:\Users\Zhifei Chen\Desktop\pysmell\subjects_for_metrics\kivy\kivy\tests\test_audio.py,62,1,0,0,0
kivy,C:\Users\Zhifei Chen\Desktop\pysmell\subjects_for_metrics\kivy\kivy\tests\test_clipboard.py,4,1,0,0,0
kivy,C:\Users\Zhifei Chen\Desktop\pysmell\subjects_for_metrics\kivy\kivy\tests\test_clock.py,16,1,0,0,0
kivy,C:\Users\Zhifei Chen\Desktop\pysmell\subjects_for_metrics\kivy\kivy\tests\test_filechooser.py,4,1,0,0,0
kivy,C:\Users\Zhifei Chen\Desktop\pysmell\subjects_for_metrics\kivy\kivy\tests\test_filechooser_unicode.py,14,1,0,0,0
kivy,C:\Users\Zhifei Chen\Desktop\pysmell\subjects_for_metrics\kivy\kivy\tests\test_fonts.py,5,1,0,0,0
kivy,C:\Users\Zhifei Chen\Desktop\pysmell\subjects_for_metrics\kivy\kivy\tests\test_graphics.py,11,1,0,0,0
kivy,C:\Users\Zhifei Chen\Desktop\pysmell\subjects_for_metrics\kivy\kivy\tests\test_graphics.py,91,1,0,0,0
kivy,C:\Users\Zhifei Chen\Desktop\pysmell\subjects_for_metrics\kivy\kivy\tests\test_image.py,4,1,0,0,0
kivy,C:\Users\Zhifei Chen\Desktop\pysmell\subjects_for_metrics\kivy\kivy\tests\test_invalid_lang.py,5,1,0,0,0
kivy,C:\Users\Zhifei Chen\Desktop\pysmell\subjects_for_metrics\kivy\kivy\tests\test_issue_1084.py,34,1,0,0,0
kivy,C:\Users\Zhifei Chen\Desktop\pysmell\subjects_for_metrics\kivy\kivy\tests\test_issue_1091.py,6,1,0,0,0
kivy,C:\Users\Zhifei Chen\Desktop\pysmell\subjects_for_metrics\kivy\kivy\tests\test_issue_599.py,6,1,0,0,0
kivy,C:\Users\Zhifei Chen\Desktop\pysmell\subjects_for_metrics\kivy\kivy\tests\test_issue_599.py,10,1,0,0,0
kivy,C:\Users\Zhifei Chen\Desktop\pysmell\subjects_for_metrics\kivy\kivy\tests\test_issue_609.py,4,1,0,0,0
kivy,C:\Users\Zhifei Chen\Desktop\pysmell\subjects_for_metrics\kivy\kivy\tests\test_issue_883.py,5,1,0,0,0
kivy,C:\Users\Zhifei Chen\Desktop\pysmell\subjects_for_metrics\kivy\kivy\tests\test_lang.py,11,1,0,0,0
kivy,C:\Users\Zhifei Chen\Desktop\pysmell\subjects_for_metrics\kivy\kivy\tests\test_lang.py,43,1,0,0,0
kivy,C:\Users\Zhifei Chen\Desktop\pysmell\subjects_for_metrics\kivy\kivy\tests\test_lang.py,47,1,0,0,0
kivy,C:\Users\Zhifei Chen\Desktop\pysmell\subjects_for_metrics\kivy\kivy\tests\test_lang.py,51,1,0,0,0
kivy,C:\Users\Zhifei Chen\Desktop\pysmell\subjects_for_metrics\kivy\kivy\tests\test_lang.py,55,1,0,0,0
kivy,C:\Users\Zhifei Chen\Desktop\pysmell\subjects_for_metrics\kivy\kivy\tests\test_lang_complex.py,36,1,0,0,0
kivy,C:\Users\Zhifei Chen\Desktop\pysmell\subjects_for_metrics\kivy\kivy\tests\test_lang_complex.py,52,1,0,0,0
kivy,C:\Users\Zhifei Chen\Desktop\pysmell\subjects_for_metrics\kivy\kivy\tests\test_lang_complex.py,65,1,0,0,0
kivy,C:\Users\Zhifei Chen\Desktop\pysmell\subjects_for_metrics\kivy\kivy\tests\test_lang_complex.py,69,1,0,0,0
kivy,C:\Users\Zhifei Chen\Desktop\pysmell\subjects_for_metrics\kivy\kivy\tests\test_lang_complex.py,72,1,0,0,0
kivy,C:\Users\Zhifei Chen\Desktop\pysmell\subjects_for_metrics\kivy\kivy\tests\test_multistroke.py,42,1,0,0,0
kivy,C:\Users\Zhifei Chen\Desktop\pysmell\subjects_for_metrics\kivy\kivy\tests\test_properties.py,10,1,0,0,0
kivy,C:\Users\Zhifei Chen\Desktop\pysmell\subjects_for_metrics\kivy\kivy\tests\test_properties.py,17,1,0,0,0
kivy,C:\Users\Zhifei Chen\Desktop\pysmell\subjects_for_metrics\kivy\kivy\tests\test_properties.py,293,1,0,0,0
kivy,C:\Users\Zhifei Chen\Desktop\pysmell\subjects_for_metrics\kivy\kivy\tests\test_properties.py,428,1,0,0,0
kivy,C:\Users\Zhifei Chen\Desktop\pysmell\subjects_for_metrics\kivy\kivy\tests\test_properties.py,431,1,0,0,0
kivy,C:\Users\Zhifei Chen\Desktop\pysmell\subjects_for_metrics\kivy\kivy\tests\test_properties.py,434,1,0,0,0
kivy,C:\Users\Zhifei Chen\Desktop\pysmell\subjects_for_metrics\kivy\kivy\tests\test_properties.py,438,1,0,0,0
kivy,C:\Users\Zhifei Chen\Desktop\pysmell\subjects_for_metrics\kivy\kivy\tests\test_properties.py,441,1,0,0,0
kivy,C:\Users\Zhifei Chen\Desktop\pysmell\subjects_for_metrics\kivy\kivy\tests\test_selection.py,180,1,0,0,0
kivy,C:\Users\Zhifei Chen\Desktop\pysmell\subjects_for_metrics\kivy\kivy\tests\test_selection.py,189,1,0,0,0
kivy,C:\Users\Zhifei Chen\Desktop\pysmell\subjects_for_metrics\kivy\kivy\tests\test_selection.py,214,1,0,0,0
kivy,C:\Users\Zhifei Chen\Desktop\pysmell\subjects_for_metrics\kivy\kivy\tests\test_selection.py,224,1,0,0,0
kivy,C:\Users\Zhifei Chen\Desktop\pysmell\subjects_for_metrics\kivy\kivy\tests\test_selection.py,236,1,0,0,0
kivy,C:\Users\Zhifei Chen\Desktop\pysmell\subjects_for_metrics\kivy\kivy\tests\test_selection.py,425,1,0,0,0
kivy,C:\Users\Zhifei Chen\Desktop\pysmell\subjects_for_metrics\kivy\kivy\tests\test_storage.py,10,1,0,0,0
kivy,C:\Users\Zhifei Chen\Desktop\pysmell\subjects_for_metrics\kivy\kivy\tests\test_uix_anchorlayout.py,9,1,0,0,0
kivy,C:\Users\Zhifei Chen\Desktop\pysmell\subjects_for_metrics\kivy\kivy\tests\test_uix_boxlayout.py,12,1,0,0,0
kivy,C:\Users\Zhifei Chen\Desktop\pysmell\subjects_for_metrics\kivy\kivy\tests\test_uix_gridlayout.py,12,1,0,0,0
kivy,C:\Users\Zhifei Chen\Desktop\pysmell\subjects_for_metrics\kivy\kivy\tests\test_uix_layout.py,12,1,0,0,0
kivy,C:\Users\Zhifei Chen\Desktop\pysmell\subjects_for_metrics\kivy\kivy\tests\test_uix_listview.py,14,1,0,0,0
kivy,C:\Users\Zhifei Chen\Desktop\pysmell\subjects_for_metrics\kivy\kivy\tests\test_uix_listview.py,43,1,0,0,0
kivy,C:\Users\Zhifei Chen\Desktop\pysmell\subjects_for_metrics\kivy\kivy\tests\test_uix_listview.py,156,1,0,0,0
kivy,C:\Users\Zhifei Chen\Desktop\pysmell\subjects_for_metrics\kivy\kivy\tests\test_uix_listview.py,191,1,0,0,0
kivy,C:\Users\Zhifei Chen\Desktop\pysmell\subjects_for_metrics\kivy\kivy\tests\test_uix_relativelayout.py,15,1,0,0,0
kivy,C:\Users\Zhifei Chen\Desktop\pysmell\subjects_for_metrics\kivy\kivy\tests\test_uix_relativelayout.py,25,1,0,0,0
kivy,C:\Users\Zhifei Chen\Desktop\pysmell\subjects_for_metrics\kivy\kivy\tests\test_uix_stacklayout.py,12,1,0,0,0
kivy,C:\Users\Zhifei Chen\Desktop\pysmell\subjects_for_metrics\kivy\kivy\tests\test_uix_widget.py,4,1,0,0,0
kivy,C:\Users\Zhifei Chen\Desktop\pysmell\subjects_for_metrics\kivy\kivy\tests\test_uix_widget.py,95,1,0,0,0
kivy,C:\Users\Zhifei Chen\Desktop\pysmell\subjects_for_metrics\kivy\kivy\tests\test_uix_widget.py,101,1,0,0,0
kivy,C:\Users\Zhifei Chen\Desktop\pysmell\subjects_for_metrics\kivy\kivy\tests\test_uix_widget.py,104,1,0,0,0
kivy,C:\Users\Zhifei Chen\Desktop\pysmell\subjects_for_metrics\kivy\kivy\tests\test_uix_widget.py,107,1,0,0,0
kivy,C:\Users\Zhifei Chen\Desktop\pysmell\subjects_for_metrics\kivy\kivy\tests\test_urlrequest.py,21,1,0,0,0
kivy,C:\Users\Zhifei Chen\Desktop\pysmell\subjects_for_metrics\kivy\kivy\tests\test_utils.py,20,1,0,0,0
kivy,C:\Users\Zhifei Chen\Desktop\pysmell\subjects_for_metrics\kivy\kivy\tests\test_vector.py,7,1,0,0,0
kivy,C:\Users\Zhifei Chen\Desktop\pysmell\subjects_for_metrics\kivy\kivy\tests\test_video.py,5,1,0,0,0
kivy,C:\Users\Zhifei Chen\Desktop\pysmell\subjects_for_metrics\kivy\kivy\tests\test_widget.py,4,1,0,0,0
kivy,C:\Users\Zhifei Chen\Desktop\pysmell\subjects_for_metrics\kivy\kivy\tests\test_widget_walk.py,4,1,0,0,0
kivy,C:\Users\Zhifei Chen\Desktop\pysmell\subjects_for_metrics\kivy\kivy\tests\visual_test_label.py,282,1,0,0,0
kivy,C:\Users\Zhifei Chen\Desktop\pysmell\subjects_for_metrics\kivy\kivy\tools\benchmark.py,36,1,0,0,0
kivy,C:\Users\Zhifei Chen\Desktop\pysmell\subjects_for_metrics\kivy\kivy\tools\generate-icons.py,16,1,0,0,0
kivy,C:\Users\Zhifei Chen\Desktop\pysmell\subjects_for_metrics\kivy\kivy\tools\texturecompress.py,40,1,0,0,0
kivy,C:\Users\Zhifei Chen\Desktop\pysmell\subjects_for_metrics\kivy\kivy\tools\texturecompress.py,113,1,0,0,0
kivy,C:\Users\Zhifei Chen\Desktop\pysmell\subjects_for_metrics\kivy\kivy\tools\texturecompress.py,165,1,0,0,0
kivy,C:\Users\Zhifei Chen\Desktop\pysmell\subjects_for_metrics\kivy\kivy\tools\extensions\make-kivyext.py,159,1,0,0,0
kivy,C:\Users\Zhifei Chen\Desktop\pysmell\subjects_for_metrics\kivy\kivy\tools\packaging\factory.py,22,1,0,0,0
kivy,C:\Users\Zhifei Chen\Desktop\pysmell\subjects_for_metrics\kivy\kivy\tools\pep8checker\pep8.py,1157,1,0,0,0
kivy,C:\Users\Zhifei Chen\Desktop\pysmell\subjects_for_metrics\kivy\kivy\tools\pep8checker\pep8.py,1382,1,0,0,0
kivy,C:\Users\Zhifei Chen\Desktop\pysmell\subjects_for_metrics\kivy\kivy\tools\pep8checker\pep8.py,1472,1,0,0,0
kivy,C:\Users\Zhifei Chen\Desktop\pysmell\subjects_for_metrics\kivy\kivy\tools\pep8checker\pep8.py,1476,1,0,0,0
kivy,C:\Users\Zhifei Chen\Desktop\pysmell\subjects_for_metrics\kivy\kivy\tools\pep8checker\pep8.py,1511,1,0,0,0
kivy,C:\Users\Zhifei Chen\Desktop\pysmell\subjects_for_metrics\kivy\kivy\tools\pep8checker\pep8.py,1524,1,0,0,0
kivy,C:\Users\Zhifei Chen\Desktop\pysmell\subjects_for_metrics\kivy\kivy\tools\pep8checker\pep8.py,1563,1,0,0,0
kivy,C:\Users\Zhifei Chen\Desktop\pysmell\subjects_for_metrics\kivy\kivy\tools\pep8checker\pep8kivy.py,16,1,0,0,0
kivy,C:\Users\Zhifei Chen\Desktop\pysmell\subjects_for_metrics\kivy\kivy\uix\abstractview.py,25,1,0,0,0
kivy,C:\Users\Zhifei Chen\Desktop\pysmell\subjects_for_metrics\kivy\kivy\uix\accordion.py,97,1,0,0,0
kivy,C:\Users\Zhifei Chen\Desktop\pysmell\subjects_for_metrics\kivy\kivy\uix\accordion.py,103,1,0,0,0
kivy,C:\Users\Zhifei Chen\Desktop\pysmell\subjects_for_metrics\kivy\kivy\uix\accordion.py,320,1,0,0,0
kivy,C:\Users\Zhifei Chen\Desktop\pysmell\subjects_for_metrics\kivy\kivy\uix\actionbar.py,56,1,0,0,0
kivy,C:\Users\Zhifei Chen\Desktop\pysmell\subjects_for_metrics\kivy\kivy\uix\actionbar.py,62,1,0,0,0
kivy,C:\Users\Zhifei Chen\Desktop\pysmell\subjects_for_metrics\kivy\kivy\uix\actionbar.py,127,2,0,1,0
kivy,C:\Users\Zhifei Chen\Desktop\pysmell\subjects_for_metrics\kivy\kivy\uix\actionbar.py,151,2,0,1,0
kivy,C:\Users\Zhifei Chen\Desktop\pysmell\subjects_for_metrics\kivy\kivy\uix\actionbar.py,224,2,0,1,0
kivy,C:\Users\Zhifei Chen\Desktop\pysmell\subjects_for_metrics\kivy\kivy\uix\actionbar.py,234,2,0,1,0
kivy,C:\Users\Zhifei Chen\Desktop\pysmell\subjects_for_metrics\kivy\kivy\uix\actionbar.py,240,2,0,1,0
kivy,C:\Users\Zhifei Chen\Desktop\pysmell\subjects_for_metrics\kivy\kivy\uix\actionbar.py,246,2,0,1,0
kivy,C:\Users\Zhifei Chen\Desktop\pysmell\subjects_for_metrics\kivy\kivy\uix\actionbar.py,259,1,0,0,0
kivy,C:\Users\Zhifei Chen\Desktop\pysmell\subjects_for_metrics\kivy\kivy\uix\actionbar.py,265,2,0,1,0
kivy,C:\Users\Zhifei Chen\Desktop\pysmell\subjects_for_metrics\kivy\kivy\uix\actionbar.py,355,1,0,0,0
kivy,C:\Users\Zhifei Chen\Desktop\pysmell\subjects_for_metrics\kivy\kivy\uix\actionbar.py,391,1,0,0,0
kivy,C:\Users\Zhifei Chen\Desktop\pysmell\subjects_for_metrics\kivy\kivy\uix\actionbar.py,620,1,0,0,0
kivy,C:\Users\Zhifei Chen\Desktop\pysmell\subjects_for_metrics\kivy\kivy\uix\actionbar.py,627,1,0,0,0
kivy,C:\Users\Zhifei Chen\Desktop\pysmell\subjects_for_metrics\kivy\kivy\uix\actionbar.py,743,1,0,0,0
kivy,C:\Users\Zhifei Chen\Desktop\pysmell\subjects_for_metrics\kivy\kivy\uix\anchorlayout.py,34,1,0,0,0
kivy,C:\Users\Zhifei Chen\Desktop\pysmell\subjects_for_metrics\kivy\kivy\uix\behaviors.py,100,1,0,0,0
kivy,C:\Users\Zhifei Chen\Desktop\pysmell\subjects_for_metrics\kivy\kivy\uix\behaviors.py,243,1,0,0,0
kivy,C:\Users\Zhifei Chen\Desktop\pysmell\subjects_for_metrics\kivy\kivy\uix\behaviors.py,348,1,0,0,0
kivy,C:\Users\Zhifei Chen\Desktop\pysmell\subjects_for_metrics\kivy\kivy\uix\behaviors.py,534,1,0,0,0
kivy,C:\Users\Zhifei Chen\Desktop\pysmell\subjects_for_metrics\kivy\kivy\uix\behaviors.py,1029,1,0,0,0
kivy,C:\Users\Zhifei Chen\Desktop\pysmell\subjects_for_metrics\kivy\kivy\uix\behaviors.py,1577,1,0,0,0
kivy,C:\Users\Zhifei Chen\Desktop\pysmell\subjects_for_metrics\kivy\kivy\uix\boxlayout.py,68,1,0,0,0
kivy,C:\Users\Zhifei Chen\Desktop\pysmell\subjects_for_metrics\kivy\kivy\uix\bubble.py,75,1,0,0,0
kivy,C:\Users\Zhifei Chen\Desktop\pysmell\subjects_for_metrics\kivy\kivy\uix\bubble.py,86,1,0,0,0
kivy,C:\Users\Zhifei Chen\Desktop\pysmell\subjects_for_metrics\kivy\kivy\uix\bubble.py,90,1,0,0,0
kivy,C:\Users\Zhifei Chen\Desktop\pysmell\subjects_for_metrics\kivy\kivy\uix\button.py,45,2,0,1,0
kivy,C:\Users\Zhifei Chen\Desktop\pysmell\subjects_for_metrics\kivy\kivy\uix\camera.py,36,1,0,0,0
kivy,C:\Users\Zhifei Chen\Desktop\pysmell\subjects_for_metrics\kivy\kivy\uix\carousel.py,56,1,0,0,0
kivy,C:\Users\Zhifei Chen\Desktop\pysmell\subjects_for_metrics\kivy\kivy\uix\carousel.py,613,1,0,0,0
kivy,C:\Users\Zhifei Chen\Desktop\pysmell\subjects_for_metrics\kivy\kivy\uix\checkbox.py,38,2,0,1,0
kivy,C:\Users\Zhifei Chen\Desktop\pysmell\subjects_for_metrics\kivy\kivy\uix\codeinput.py,55,2,0,1,0
kivy,C:\Users\Zhifei Chen\Desktop\pysmell\subjects_for_metrics\kivy\kivy\uix\codeinput.py,220,1,0,0,0
kivy,C:\Users\Zhifei Chen\Desktop\pysmell\subjects_for_metrics\kivy\kivy\uix\colorpicker.py,75,1,0,0,0
kivy,C:\Users\Zhifei Chen\Desktop\pysmell\subjects_for_metrics\kivy\kivy\uix\colorpicker.py,294,1,0,0,0
kivy,C:\Users\Zhifei Chen\Desktop\pysmell\subjects_for_metrics\kivy\kivy\uix\colorpicker.py,364,1,0,0,0
kivy,C:\Users\Zhifei Chen\Desktop\pysmell\subjects_for_metrics\kivy\kivy\uix\colorpicker.py,458,1,0,0,0
kivy,C:\Users\Zhifei Chen\Desktop\pysmell\subjects_for_metrics\kivy\kivy\uix\dropdown.py,105,1,0,0,0
kivy,C:\Users\Zhifei Chen\Desktop\pysmell\subjects_for_metrics\kivy\kivy\uix\dropdown.py,111,1,0,0,0
kivy,C:\Users\Zhifei Chen\Desktop\pysmell\subjects_for_metrics\kivy\kivy\uix\effectwidget.py,358,1,0,0,0
kivy,C:\Users\Zhifei Chen\Desktop\pysmell\subjects_for_metrics\kivy\kivy\uix\effectwidget.py,423,1,0,0,0
kivy,C:\Users\Zhifei Chen\Desktop\pysmell\subjects_for_metrics\kivy\kivy\uix\effectwidget.py,463,1,0,0,0
kivy,C:\Users\Zhifei Chen\Desktop\pysmell\subjects_for_metrics\kivy\kivy\uix\effectwidget.py,470,1,0,0,0
kivy,C:\Users\Zhifei Chen\Desktop\pysmell\subjects_for_metrics\kivy\kivy\uix\effectwidget.py,477,1,0,0,0
kivy,C:\Users\Zhifei Chen\Desktop\pysmell\subjects_for_metrics\kivy\kivy\uix\effectwidget.py,484,1,0,0,0
kivy,C:\Users\Zhifei Chen\Desktop\pysmell\subjects_for_metrics\kivy\kivy\uix\effectwidget.py,507,1,0,0,0
kivy,C:\Users\Zhifei Chen\Desktop\pysmell\subjects_for_metrics\kivy\kivy\uix\effectwidget.py,531,1,0,0,0
kivy,C:\Users\Zhifei Chen\Desktop\pysmell\subjects_for_metrics\kivy\kivy\uix\effectwidget.py,553,1,0,0,0
kivy,C:\Users\Zhifei Chen\Desktop\pysmell\subjects_for_metrics\kivy\kivy\uix\effectwidget.py,575,1,0,0,0
kivy,C:\Users\Zhifei Chen\Desktop\pysmell\subjects_for_metrics\kivy\kivy\uix\effectwidget.py,582,1,0,0,0
kivy,C:\Users\Zhifei Chen\Desktop\pysmell\subjects_for_metrics\kivy\kivy\uix\effectwidget.py,603,1,0,0,0
kivy,C:\Users\Zhifei Chen\Desktop\pysmell\subjects_for_metrics\kivy\kivy\uix\filechooser.py,132,1,0,0,0
kivy,C:\Users\Zhifei Chen\Desktop\pysmell\subjects_for_metrics\kivy\kivy\uix\filechooser.py,160,1,0,0,0
kivy,C:\Users\Zhifei Chen\Desktop\pysmell\subjects_for_metrics\kivy\kivy\uix\filechooser.py,191,1,0,0,0
kivy,C:\Users\Zhifei Chen\Desktop\pysmell\subjects_for_metrics\kivy\kivy\uix\filechooser.py,232,1,0,0,0
kivy,C:\Users\Zhifei Chen\Desktop\pysmell\subjects_for_metrics\kivy\kivy\uix\filechooser.py,236,1,0,0,0
kivy,C:\Users\Zhifei Chen\Desktop\pysmell\subjects_for_metrics\kivy\kivy\uix\filechooser.py,270,1,0,0,0
kivy,C:\Users\Zhifei Chen\Desktop\pysmell\subjects_for_metrics\kivy\kivy\uix\filechooser.py,286,1,0,0,0
kivy,C:\Users\Zhifei Chen\Desktop\pysmell\subjects_for_metrics\kivy\kivy\uix\filechooser.py,303,1,0,0,0
kivy,C:\Users\Zhifei Chen\Desktop\pysmell\subjects_for_metrics\kivy\kivy\uix\filechooser.py,867,1,0,0,0
kivy,C:\Users\Zhifei Chen\Desktop\pysmell\subjects_for_metrics\kivy\kivy\uix\filechooser.py,875,1,0,0,0
kivy,C:\Users\Zhifei Chen\Desktop\pysmell\subjects_for_metrics\kivy\kivy\uix\filechooser.py,883,1,0,0,0
kivy,C:\Users\Zhifei Chen\Desktop\pysmell\subjects_for_metrics\kivy\kivy\uix\filechooser.py,1075,1,0,0,0
kivy,C:\Users\Zhifei Chen\Desktop\pysmell\subjects_for_metrics\kivy\kivy\uix\floatlayout.py,60,1,0,0,0
kivy,C:\Users\Zhifei Chen\Desktop\pysmell\subjects_for_metrics\kivy\kivy\uix\gesturesurface.py,32,1,0,0,0
kivy,C:\Users\Zhifei Chen\Desktop\pysmell\subjects_for_metrics\kivy\kivy\uix\gesturesurface.py,197,1,0,0,0
kivy,C:\Users\Zhifei Chen\Desktop\pysmell\subjects_for_metrics\kivy\kivy\uix\gridlayout.py,107,1,0,0,0
kivy,C:\Users\Zhifei Chen\Desktop\pysmell\subjects_for_metrics\kivy\kivy\uix\gridlayout.py,113,1,0,0,0
kivy,C:\Users\Zhifei Chen\Desktop\pysmell\subjects_for_metrics\kivy\kivy\uix\image.py,64,1,0,0,0
kivy,C:\Users\Zhifei Chen\Desktop\pysmell\subjects_for_metrics\kivy\kivy\uix\image.py,322,1,0,0,0
kivy,C:\Users\Zhifei Chen\Desktop\pysmell\subjects_for_metrics\kivy\kivy\uix\label.py,229,1,0,0,0
kivy,C:\Users\Zhifei Chen\Desktop\pysmell\subjects_for_metrics\kivy\kivy\uix\layout.py,62,1,0,0,0
kivy,C:\Users\Zhifei Chen\Desktop\pysmell\subjects_for_metrics\kivy\kivy\uix\listview.py,548,1,0,0,0
kivy,C:\Users\Zhifei Chen\Desktop\pysmell\subjects_for_metrics\kivy\kivy\uix\listview.py,589,1,0,0,0
kivy,C:\Users\Zhifei Chen\Desktop\pysmell\subjects_for_metrics\kivy\kivy\uix\listview.py,600,3,1,1,1
kivy,C:\Users\Zhifei Chen\Desktop\pysmell\subjects_for_metrics\kivy\kivy\uix\listview.py,645,3,1,1,1
kivy,C:\Users\Zhifei Chen\Desktop\pysmell\subjects_for_metrics\kivy\kivy\uix\listview.py,672,2,0,1,0
kivy,C:\Users\Zhifei Chen\Desktop\pysmell\subjects_for_metrics\kivy\kivy\uix\listview.py,787,2,0,1,0
kivy,C:\Users\Zhifei Chen\Desktop\pysmell\subjects_for_metrics\kivy\kivy\uix\modalview.py,84,1,0,0,0
kivy,C:\Users\Zhifei Chen\Desktop\pysmell\subjects_for_metrics\kivy\kivy\uix\pagelayout.py,39,1,0,0,0
kivy,C:\Users\Zhifei Chen\Desktop\pysmell\subjects_for_metrics\kivy\kivy\uix\popup.py,86,1,0,0,0
kivy,C:\Users\Zhifei Chen\Desktop\pysmell\subjects_for_metrics\kivy\kivy\uix\popup.py,94,1,0,0,0
kivy,C:\Users\Zhifei Chen\Desktop\pysmell\subjects_for_metrics\kivy\kivy\uix\progressbar.py,32,1,0,0,0
kivy,C:\Users\Zhifei Chen\Desktop\pysmell\subjects_for_metrics\kivy\kivy\uix\relativelayout.py,250,1,0,0,0
kivy,C:\Users\Zhifei Chen\Desktop\pysmell\subjects_for_metrics\kivy\kivy\uix\rst.py,89,2,0,1,0
kivy,C:\Users\Zhifei Chen\Desktop\pysmell\subjects_for_metrics\kivy\kivy\uix\rst.py,92,2,0,1,0
kivy,C:\Users\Zhifei Chen\Desktop\pysmell\subjects_for_metrics\kivy\kivy\uix\rst.py,95,1,0,0,0
kivy,C:\Users\Zhifei Chen\Desktop\pysmell\subjects_for_metrics\kivy\kivy\uix\rst.py,389,1,0,0,0
kivy,C:\Users\Zhifei Chen\Desktop\pysmell\subjects_for_metrics\kivy\kivy\uix\rst.py,393,1,0,0,0
kivy,C:\Users\Zhifei Chen\Desktop\pysmell\subjects_for_metrics\kivy\kivy\uix\rst.py,673,1,0,0,0
kivy,C:\Users\Zhifei Chen\Desktop\pysmell\subjects_for_metrics\kivy\kivy\uix\rst.py,680,1,0,0,0
kivy,C:\Users\Zhifei Chen\Desktop\pysmell\subjects_for_metrics\kivy\kivy\uix\rst.py,689,1,0,0,0
kivy,C:\Users\Zhifei Chen\Desktop\pysmell\subjects_for_metrics\kivy\kivy\uix\rst.py,696,1,0,0,0
kivy,C:\Users\Zhifei Chen\Desktop\pysmell\subjects_for_metrics\kivy\kivy\uix\rst.py,700,1,0,0,0
kivy,C:\Users\Zhifei Chen\Desktop\pysmell\subjects_for_metrics\kivy\kivy\uix\rst.py,704,1,0,0,0
kivy,C:\Users\Zhifei Chen\Desktop\pysmell\subjects_for_metrics\kivy\kivy\uix\rst.py,708,1,0,0,0
kivy,C:\Users\Zhifei Chen\Desktop\pysmell\subjects_for_metrics\kivy\kivy\uix\rst.py,712,1,0,0,0
kivy,C:\Users\Zhifei Chen\Desktop\pysmell\subjects_for_metrics\kivy\kivy\uix\rst.py,717,1,0,0,0
kivy,C:\Users\Zhifei Chen\Desktop\pysmell\subjects_for_metrics\kivy\kivy\uix\rst.py,721,1,0,0,0
kivy,C:\Users\Zhifei Chen\Desktop\pysmell\subjects_for_metrics\kivy\kivy\uix\rst.py,725,1,0,0,0
kivy,C:\Users\Zhifei Chen\Desktop\pysmell\subjects_for_metrics\kivy\kivy\uix\rst.py,729,1,0,0,0
kivy,C:\Users\Zhifei Chen\Desktop\pysmell\subjects_for_metrics\kivy\kivy\uix\rst.py,733,1,0,0,0
kivy,C:\Users\Zhifei Chen\Desktop\pysmell\subjects_for_metrics\kivy\kivy\uix\rst.py,737,1,0,0,0
kivy,C:\Users\Zhifei Chen\Desktop\pysmell\subjects_for_metrics\kivy\kivy\uix\rst.py,742,1,0,0,0
kivy,C:\Users\Zhifei Chen\Desktop\pysmell\subjects_for_metrics\kivy\kivy\uix\rst.py,747,1,0,0,0
kivy,C:\Users\Zhifei Chen\Desktop\pysmell\subjects_for_metrics\kivy\kivy\uix\rst.py,751,1,0,0,0
kivy,C:\Users\Zhifei Chen\Desktop\pysmell\subjects_for_metrics\kivy\kivy\uix\rst.py,756,1,0,0,0
kivy,C:\Users\Zhifei Chen\Desktop\pysmell\subjects_for_metrics\kivy\kivy\uix\rst.py,760,1,0,0,0
kivy,C:\Users\Zhifei Chen\Desktop\pysmell\subjects_for_metrics\kivy\kivy\uix\rst.py,764,1,0,0,0
kivy,C:\Users\Zhifei Chen\Desktop\pysmell\subjects_for_metrics\kivy\kivy\uix\rst.py,768,1,0,0,0
kivy,C:\Users\Zhifei Chen\Desktop\pysmell\subjects_for_metrics\kivy\kivy\uix\rst.py,772,1,0,0,0
kivy,C:\Users\Zhifei Chen\Desktop\pysmell\subjects_for_metrics\kivy\kivy\uix\rst.py,776,1,0,0,0
kivy,C:\Users\Zhifei Chen\Desktop\pysmell\subjects_for_metrics\kivy\kivy\uix\rst.py,780,1,0,0,0
kivy,C:\Users\Zhifei Chen\Desktop\pysmell\subjects_for_metrics\kivy\kivy\uix\rst.py,785,1,0,0,0
kivy,C:\Users\Zhifei Chen\Desktop\pysmell\subjects_for_metrics\kivy\kivy\uix\rst.py,826,1,0,0,0
kivy,C:\Users\Zhifei Chen\Desktop\pysmell\subjects_for_metrics\kivy\kivy\uix\sandbox.py,47,1,0,0,0
kivy,C:\Users\Zhifei Chen\Desktop\pysmell\subjects_for_metrics\kivy\kivy\uix\sandbox.py,59,1,0,0,0
kivy,C:\Users\Zhifei Chen\Desktop\pysmell\subjects_for_metrics\kivy\kivy\uix\sandbox.py,63,1,0,0,0
kivy,C:\Users\Zhifei Chen\Desktop\pysmell\subjects_for_metrics\kivy\kivy\uix\sandbox.py,155,1,0,0,0
kivy,C:\Users\Zhifei Chen\Desktop\pysmell\subjects_for_metrics\kivy\kivy\uix\scatter.py,101,1,0,0,0
kivy,C:\Users\Zhifei Chen\Desktop\pysmell\subjects_for_metrics\kivy\kivy\uix\scatter.py,607,1,0,0,0
kivy,C:\Users\Zhifei Chen\Desktop\pysmell\subjects_for_metrics\kivy\kivy\uix\scatterlayout.py,56,1,0,0,0
kivy,C:\Users\Zhifei Chen\Desktop\pysmell\subjects_for_metrics\kivy\kivy\uix\scatterlayout.py,83,1,0,0,0
kivy,C:\Users\Zhifei Chen\Desktop\pysmell\subjects_for_metrics\kivy\kivy\uix\screenmanager.py,203,1,0,0,0
kivy,C:\Users\Zhifei Chen\Desktop\pysmell\subjects_for_metrics\kivy\kivy\uix\screenmanager.py,209,1,0,0,0
kivy,C:\Users\Zhifei Chen\Desktop\pysmell\subjects_for_metrics\kivy\kivy\uix\screenmanager.py,293,1,0,0,0
kivy,C:\Users\Zhifei Chen\Desktop\pysmell\subjects_for_metrics\kivy\kivy\uix\screenmanager.py,418,1,0,0,0
kivy,C:\Users\Zhifei Chen\Desktop\pysmell\subjects_for_metrics\kivy\kivy\uix\screenmanager.py,533,1,0,0,0
kivy,C:\Users\Zhifei Chen\Desktop\pysmell\subjects_for_metrics\kivy\kivy\uix\screenmanager.py,548,1,0,0,0
kivy,C:\Users\Zhifei Chen\Desktop\pysmell\subjects_for_metrics\kivy\kivy\uix\screenmanager.py,592,1,0,0,0
kivy,C:\Users\Zhifei Chen\Desktop\pysmell\subjects_for_metrics\kivy\kivy\uix\screenmanager.py,635,1,0,0,0
kivy,C:\Users\Zhifei Chen\Desktop\pysmell\subjects_for_metrics\kivy\kivy\uix\screenmanager.py,654,1,0,0,0
kivy,C:\Users\Zhifei Chen\Desktop\pysmell\subjects_for_metrics\kivy\kivy\uix\screenmanager.py,673,1,0,0,0
kivy,C:\Users\Zhifei Chen\Desktop\pysmell\subjects_for_metrics\kivy\kivy\uix\screenmanager.py,730,1,0,0,0
kivy,C:\Users\Zhifei Chen\Desktop\pysmell\subjects_for_metrics\kivy\kivy\uix\screenmanager.py,785,1,0,0,0
kivy,C:\Users\Zhifei Chen\Desktop\pysmell\subjects_for_metrics\kivy\kivy\uix\screenmanager.py,1105,1,0,0,0
kivy,C:\Users\Zhifei Chen\Desktop\pysmell\subjects_for_metrics\kivy\kivy\uix\scrollview.py,136,1,0,0,0
kivy,C:\Users\Zhifei Chen\Desktop\pysmell\subjects_for_metrics\kivy\kivy\uix\scrollview.py,1051,1,0,0,0
kivy,C:\Users\Zhifei Chen\Desktop\pysmell\subjects_for_metrics\kivy\kivy\uix\selectableview.py,4,1,0,0,0
kivy,C:\Users\Zhifei Chen\Desktop\pysmell\subjects_for_metrics\kivy\kivy\uix\settings.py,195,1,0,0,0
kivy,C:\Users\Zhifei Chen\Desktop\pysmell\subjects_for_metrics\kivy\kivy\uix\settings.py,200,1,0,0,0
kivy,C:\Users\Zhifei Chen\Desktop\pysmell\subjects_for_metrics\kivy\kivy\uix\settings.py,328,1,0,0,0
kivy,C:\Users\Zhifei Chen\Desktop\pysmell\subjects_for_metrics\kivy\kivy\uix\settings.py,350,1,0,0,0
kivy,C:\Users\Zhifei Chen\Desktop\pysmell\subjects_for_metrics\kivy\kivy\uix\settings.py,425,1,0,0,0
kivy,C:\Users\Zhifei Chen\Desktop\pysmell\subjects_for_metrics\kivy\kivy\uix\settings.py,503,1,0,0,0
kivy,C:\Users\Zhifei Chen\Desktop\pysmell\subjects_for_metrics\kivy\kivy\uix\settings.py,525,1,0,0,0
kivy,C:\Users\Zhifei Chen\Desktop\pysmell\subjects_for_metrics\kivy\kivy\uix\settings.py,584,1,0,0,0
kivy,C:\Users\Zhifei Chen\Desktop\pysmell\subjects_for_metrics\kivy\kivy\uix\settings.py,591,1,0,0,0
kivy,C:\Users\Zhifei Chen\Desktop\pysmell\subjects_for_metrics\kivy\kivy\uix\settings.py,649,1,0,0,0
kivy,C:\Users\Zhifei Chen\Desktop\pysmell\subjects_for_metrics\kivy\kivy\uix\settings.py,711,1,0,0,0
kivy,C:\Users\Zhifei Chen\Desktop\pysmell\subjects_for_metrics\kivy\kivy\uix\settings.py,768,1,0,0,0
kivy,C:\Users\Zhifei Chen\Desktop\pysmell\subjects_for_metrics\kivy\kivy\uix\settings.py,856,1,0,0,0
kivy,C:\Users\Zhifei Chen\Desktop\pysmell\subjects_for_metrics\kivy\kivy\uix\settings.py,1011,1,0,0,0
kivy,C:\Users\Zhifei Chen\Desktop\pysmell\subjects_for_metrics\kivy\kivy\uix\settings.py,1019,1,0,0,0
kivy,C:\Users\Zhifei Chen\Desktop\pysmell\subjects_for_metrics\kivy\kivy\uix\settings.py,1029,1,0,0,0
kivy,C:\Users\Zhifei Chen\Desktop\pysmell\subjects_for_metrics\kivy\kivy\uix\settings.py,1044,1,0,0,0
kivy,C:\Users\Zhifei Chen\Desktop\pysmell\subjects_for_metrics\kivy\kivy\uix\settings.py,1064,1,0,0,0
kivy,C:\Users\Zhifei Chen\Desktop\pysmell\subjects_for_metrics\kivy\kivy\uix\settings.py,1080,1,0,0,0
kivy,C:\Users\Zhifei Chen\Desktop\pysmell\subjects_for_metrics\kivy\kivy\uix\settings.py,1112,1,0,0,0
kivy,C:\Users\Zhifei Chen\Desktop\pysmell\subjects_for_metrics\kivy\kivy\uix\settings.py,1145,1,0,0,0
kivy,C:\Users\Zhifei Chen\Desktop\pysmell\subjects_for_metrics\kivy\kivy\uix\settings.py,1207,1,0,0,0
kivy,C:\Users\Zhifei Chen\Desktop\pysmell\subjects_for_metrics\kivy\kivy\uix\settings.py,1223,1,0,0,0
kivy,C:\Users\Zhifei Chen\Desktop\pysmell\subjects_for_metrics\kivy\kivy\uix\slider.py,29,1,0,0,0
kivy,C:\Users\Zhifei Chen\Desktop\pysmell\subjects_for_metrics\kivy\kivy\uix\slider.py,227,1,0,0,0
kivy,C:\Users\Zhifei Chen\Desktop\pysmell\subjects_for_metrics\kivy\kivy\uix\spinner.py,48,1,0,0,0
kivy,C:\Users\Zhifei Chen\Desktop\pysmell\subjects_for_metrics\kivy\kivy\uix\spinner.py,56,1,0,0,0
kivy,C:\Users\Zhifei Chen\Desktop\pysmell\subjects_for_metrics\kivy\kivy\uix\splitter.py,54,1,0,0,0
kivy,C:\Users\Zhifei Chen\Desktop\pysmell\subjects_for_metrics\kivy\kivy\uix\splitter.py,61,1,0,0,0
kivy,C:\Users\Zhifei Chen\Desktop\pysmell\subjects_for_metrics\kivy\kivy\uix\splitter.py,376,1,0,0,0
kivy,C:\Users\Zhifei Chen\Desktop\pysmell\subjects_for_metrics\kivy\kivy\uix\stacklayout.py,39,1,0,0,0
kivy,C:\Users\Zhifei Chen\Desktop\pysmell\subjects_for_metrics\kivy\kivy\uix\stencilview.py,34,1,0,0,0
kivy,C:\Users\Zhifei Chen\Desktop\pysmell\subjects_for_metrics\kivy\kivy\uix\switch.py,45,1,0,0,0
kivy,C:\Users\Zhifei Chen\Desktop\pysmell\subjects_for_metrics\kivy\kivy\uix\tabbedpanel.py,140,1,0,0,0
kivy,C:\Users\Zhifei Chen\Desktop\pysmell\subjects_for_metrics\kivy\kivy\uix\tabbedpanel.py,146,1,0,0,0
kivy,C:\Users\Zhifei Chen\Desktop\pysmell\subjects_for_metrics\kivy\kivy\uix\tabbedpanel.py,182,1,0,0,0
kivy,C:\Users\Zhifei Chen\Desktop\pysmell\subjects_for_metrics\kivy\kivy\uix\tabbedpanel.py,216,1,0,0,0
kivy,C:\Users\Zhifei Chen\Desktop\pysmell\subjects_for_metrics\kivy\kivy\uix\tabbedpanel.py,229,1,0,0,0
kivy,C:\Users\Zhifei Chen\Desktop\pysmell\subjects_for_metrics\kivy\kivy\uix\tabbedpanel.py,254,1,0,0,0
kivy,C:\Users\Zhifei Chen\Desktop\pysmell\subjects_for_metrics\kivy\kivy\uix\tabbedpanel.py,260,1,0,0,0
kivy,C:\Users\Zhifei Chen\Desktop\pysmell\subjects_for_metrics\kivy\kivy\uix\textinput.py,219,2,0,1,0
kivy,C:\Users\Zhifei Chen\Desktop\pysmell\subjects_for_metrics\kivy\kivy\uix\textinput.py,266,1,0,0,0
kivy,C:\Users\Zhifei Chen\Desktop\pysmell\subjects_for_metrics\kivy\kivy\uix\textinput.py,387,2,0,1,0
kivy,C:\Users\Zhifei Chen\Desktop\pysmell\subjects_for_metrics\kivy\kivy\uix\textinput.py,3044,1,0,0,0
kivy,C:\Users\Zhifei Chen\Desktop\pysmell\subjects_for_metrics\kivy\kivy\uix\togglebutton.py,30,2,0,1,0
kivy,C:\Users\Zhifei Chen\Desktop\pysmell\subjects_for_metrics\kivy\kivy\uix\treeview.py,118,1,0,0,0
kivy,C:\Users\Zhifei Chen\Desktop\pysmell\subjects_for_metrics\kivy\kivy\uix\treeview.py,124,1,0,0,0
kivy,C:\Users\Zhifei Chen\Desktop\pysmell\subjects_for_metrics\kivy\kivy\uix\treeview.py,244,2,0,1,0
kivy,C:\Users\Zhifei Chen\Desktop\pysmell\subjects_for_metrics\kivy\kivy\uix\treeview.py,253,1,0,0,0
kivy,C:\Users\Zhifei Chen\Desktop\pysmell\subjects_for_metrics\kivy\kivy\uix\treeview.py,625,1,0,0,0
kivy,C:\Users\Zhifei Chen\Desktop\pysmell\subjects_for_metrics\kivy\kivy\uix\video.py,37,1,0,0,0
kivy,C:\Users\Zhifei Chen\Desktop\pysmell\subjects_for_metrics\kivy\kivy\uix\video.py,242,1,0,0,0
kivy,C:\Users\Zhifei Chen\Desktop\pysmell\subjects_for_metrics\kivy\kivy\uix\videoplayer.py,98,1,0,0,0
kivy,C:\Users\Zhifei Chen\Desktop\pysmell\subjects_for_metrics\kivy\kivy\uix\videoplayer.py,132,1,0,0,0
kivy,C:\Users\Zhifei Chen\Desktop\pysmell\subjects_for_metrics\kivy\kivy\uix\videoplayer.py,145,1,0,0,0
kivy,C:\Users\Zhifei Chen\Desktop\pysmell\subjects_for_metrics\kivy\kivy\uix\videoplayer.py,155,1,0,0,0
kivy,C:\Users\Zhifei Chen\Desktop\pysmell\subjects_for_metrics\kivy\kivy\uix\videoplayer.py,242,1,0,0,0
kivy,C:\Users\Zhifei Chen\Desktop\pysmell\subjects_for_metrics\kivy\kivy\uix\videoplayer.py,254,1,0,0,0
kivy,C:\Users\Zhifei Chen\Desktop\pysmell\subjects_for_metrics\kivy\kivy\uix\videoplayer.py,285,1,0,0,0
kivy,C:\Users\Zhifei Chen\Desktop\pysmell\subjects_for_metrics\kivy\kivy\uix\vkeyboard.py,135,1,0,0,0
kivy,C:\Users\Zhifei Chen\Desktop\pysmell\subjects_for_metrics\kivy\kivy\uix\widget.py,243,1,0,0,0
kivy,C:\Users\Zhifei Chen\Desktop\pysmell\subjects_for_metrics\kivy\kivy\uix\widget.py,249,1,0,0,0
kivy,C:\Users\Zhifei Chen\Desktop\pysmell\subjects_for_metrics\kivy\kivy\uix\widget.py,265,1,0,0,0
