subject,file,lineno,NOC,PAR,NOO,experience-based,statistics-based,tuning machine
kivy,C:\Users\Zhifei Chen\Desktop\pysmell\subjects_for_metrics\kivy\doc\autobuild.py,211,52,1,7,1,0,0
kivy,C:\Users\Zhifei Chen\Desktop\pysmell\subjects_for_metrics\kivy\doc\gallery.py,152,19,1,3,0,0,0
kivy,C:\Users\Zhifei Chen\Desktop\pysmell\subjects_for_metrics\kivy\examples\demo\multistroke\gesturedatabase.py,103,17,1,3,0,0,0
kivy,C:\Users\Zhifei Chen\Desktop\pysmell\subjects_for_metrics\kivy\examples\demo\multistroke\historymanager.py,204,21,1,5,0,0,0
kivy,C:\Users\Zhifei Chen\Desktop\pysmell\subjects_for_metrics\kivy\examples\widgets\settings.py,24,50,1,4,0,0,0
kivy,C:\Users\Zhifei Chen\Desktop\pysmell\subjects_for_metrics\kivy\examples\widgets\settings.py,27,50,1,4,0,0,0
kivy,C:\Users\Zhifei Chen\Desktop\pysmell\subjects_for_metrics\kivy\examples\widgets\settings.py,30,54,1,4,0,0,0
kivy,C:\Users\Zhifei Chen\Desktop\pysmell\subjects_for_metrics\kivy\examples\widgets\settings.py,41,39,1,4,0,0,0
kivy,C:\Users\Zhifei Chen\Desktop\pysmell\subjects_for_metrics\kivy\examples\widgets\settings.py,43,38,1,4,0,0,0
kivy,C:\Users\Zhifei Chen\Desktop\pysmell\subjects_for_metrics\kivy\examples\widgets\lists\list_cascade.py,99,82,2,8,1,0,0
kivy,C:\Users\Zhifei Chen\Desktop\pysmell\subjects_for_metrics\kivy\examples\widgets\lists\list_cascade_dict.py,44,71,2,9,1,0,0
kivy,C:\Users\Zhifei Chen\Desktop\pysmell\subjects_for_metrics\kivy\examples\widgets\lists\list_cascade_images.py,69,71,2,9,1,0,0
kivy,C:\Users\Zhifei Chen\Desktop\pysmell\subjects_for_metrics\kivy\examples\widgets\lists\list_cascade_images.py,92,71,2,9,1,0,0
kivy,C:\Users\Zhifei Chen\Desktop\pysmell\subjects_for_metrics\kivy\examples\widgets\lists\list_composite.py,26,291,2,43,1,1,1
kivy,C:\Users\Zhifei Chen\Desktop\pysmell\subjects_for_metrics\kivy\examples\widgets\lists\list_kv.py,40,104,2,13,1,1,0
kivy,C:\Users\Zhifei Chen\Desktop\pysmell\subjects_for_metrics\kivy\examples\widgets\lists\list_master_detail.py,22,71,2,9,1,0,0
kivy,C:\Users\Zhifei Chen\Desktop\pysmell\subjects_for_metrics\kivy\examples\widgets\lists\list_ops.py,174,71,2,9,1,0,0
kivy,C:\Users\Zhifei Chen\Desktop\pysmell\subjects_for_metrics\kivy\examples\widgets\lists\list_reset_data.py,35,68,2,8,1,0,0
kivy,C:\Users\Zhifei Chen\Desktop\pysmell\subjects_for_metrics\kivy\examples\widgets\lists\list_two_up.py,38,71,2,9,1,0,0
kivy,C:\Users\Zhifei Chen\Desktop\pysmell\subjects_for_metrics\kivy\kivy\atlas.py,287,38,1,13,0,0,0
kivy,C:\Users\Zhifei Chen\Desktop\pysmell\subjects_for_metrics\kivy\kivy\atlas.py,333,22,1,7,0,0,0
kivy,C:\Users\Zhifei Chen\Desktop\pysmell\subjects_for_metrics\kivy\kivy\compat.py,34,20,1,3,0,0,0
kivy,C:\Users\Zhifei Chen\Desktop\pysmell\subjects_for_metrics\kivy\kivy\compat.py,35,22,1,3,0,0,0
kivy,C:\Users\Zhifei Chen\Desktop\pysmell\subjects_for_metrics\kivy\kivy\compat.py,36,21,1,3,0,0,0
kivy,C:\Users\Zhifei Chen\Desktop\pysmell\subjects_for_metrics\kivy\kivy\compat.py,38,22,1,5,0,0,0
kivy,C:\Users\Zhifei Chen\Desktop\pysmell\subjects_for_metrics\kivy\kivy\compat.py,39,24,1,5,0,0,0
kivy,C:\Users\Zhifei Chen\Desktop\pysmell\subjects_for_metrics\kivy\kivy\compat.py,40,23,1,5,0,0,0
kivy,C:\Users\Zhifei Chen\Desktop\pysmell\subjects_for_metrics\kivy\kivy\geometry.py,83,11,1,2,0,0,0
kivy,C:\Users\Zhifei Chen\Desktop\pysmell\subjects_for_metrics\kivy\kivy\gesture.py,119,13,1,2,0,0,0
kivy,C:\Users\Zhifei Chen\Desktop\pysmell\subjects_for_metrics\kivy\kivy\gesture.py,125,13,1,2,0,0,0
kivy,C:\Users\Zhifei Chen\Desktop\pysmell\subjects_for_metrics\kivy\kivy\gesture.py,131,13,1,2,0,0,0
kivy,C:\Users\Zhifei Chen\Desktop\pysmell\subjects_for_metrics\kivy\kivy\gesture.py,137,13,1,2,0,0,0
kivy,C:\Users\Zhifei Chen\Desktop\pysmell\subjects_for_metrics\kivy\kivy\lang.py,890,51,1,6,0,0,0
kivy,C:\Users\Zhifei Chen\Desktop\pysmell\subjects_for_metrics\kivy\kivy\logger.py,131,18,1,3,0,0,0
kivy,C:\Users\Zhifei Chen\Desktop\pysmell\subjects_for_metrics\kivy\kivy\multistroke.py,311,18,1,2,0,0,0
kivy,C:\Users\Zhifei Chen\Desktop\pysmell\subjects_for_metrics\kivy\kivy\multistroke.py,743,27,1,5,0,0,0
kivy,C:\Users\Zhifei Chen\Desktop\pysmell\subjects_for_metrics\kivy\kivy\vector.py,142,15,2,3,0,0,0
kivy,C:\Users\Zhifei Chen\Desktop\pysmell\subjects_for_metrics\kivy\kivy\vector.py,157,15,2,3,0,0,0
kivy,C:\Users\Zhifei Chen\Desktop\pysmell\subjects_for_metrics\kivy\kivy\adapters\args_converters.py,50,59,2,7,1,0,0
kivy,C:\Users\Zhifei Chen\Desktop\pysmell\subjects_for_metrics\kivy\kivy\core\audio\__init__.py,162,29,1,3,0,0,0
kivy,C:\Users\Zhifei Chen\Desktop\pysmell\subjects_for_metrics\kivy\kivy\core\camera\camera_android.py,87,37,1,3,0,0,0
kivy,C:\Users\Zhifei Chen\Desktop\pysmell\subjects_for_metrics\kivy\kivy\core\camera\__init__.py,82,33,1,3,0,0,0
kivy,C:\Users\Zhifei Chen\Desktop\pysmell\subjects_for_metrics\kivy\kivy\core\camera\__init__.py,83,36,2,4,0,0,0
kivy,C:\Users\Zhifei Chen\Desktop\pysmell\subjects_for_metrics\kivy\kivy\core\camera\__init__.py,95,28,1,3,0,0,0
kivy,C:\Users\Zhifei Chen\Desktop\pysmell\subjects_for_metrics\kivy\kivy\core\camera\__init__.py,96,31,2,4,0,0,0
kivy,C:\Users\Zhifei Chen\Desktop\pysmell\subjects_for_metrics\kivy\kivy\core\camera\__init__.py,101,30,1,3,0,0,0
kivy,C:\Users\Zhifei Chen\Desktop\pysmell\subjects_for_metrics\kivy\kivy\core\video\__init__.py,114,31,1,3,0,0,0
kivy,C:\Users\Zhifei Chen\Desktop\pysmell\subjects_for_metrics\kivy\kivy\core\video\__init__.py,115,34,2,4,0,0,0
kivy,C:\Users\Zhifei Chen\Desktop\pysmell\subjects_for_metrics\kivy\kivy\core\video\__init__.py,124,31,1,3,0,0,0
kivy,C:\Users\Zhifei Chen\Desktop\pysmell\subjects_for_metrics\kivy\kivy\core\video\__init__.py,125,34,2,4,0,0,0
kivy,C:\Users\Zhifei Chen\Desktop\pysmell\subjects_for_metrics\kivy\kivy\core\video\__init__.py,134,29,1,3,0,0,0
kivy,C:\Users\Zhifei Chen\Desktop\pysmell\subjects_for_metrics\kivy\kivy\core\video\__init__.py,135,32,2,4,0,0,0
kivy,C:\Users\Zhifei Chen\Desktop\pysmell\subjects_for_metrics\kivy\kivy\core\video\__init__.py,141,31,1,3,0,0,0
kivy,C:\Users\Zhifei Chen\Desktop\pysmell\subjects_for_metrics\kivy\kivy\core\video\__init__.py,147,30,1,3,0,0,0
kivy,C:\Users\Zhifei Chen\Desktop\pysmell\subjects_for_metrics\kivy\kivy\core\video\__init__.py,153,28,1,3,0,0,0
kivy,C:\Users\Zhifei Chen\Desktop\pysmell\subjects_for_metrics\kivy\kivy\core\window\__init__.py,670,32,0,3,0,0,0
kivy,C:\Users\Zhifei Chen\Desktop\pysmell\subjects_for_metrics\kivy\kivy\core\window\__init__.py,671,32,0,3,0,0,0
kivy,C:\Users\Zhifei Chen\Desktop\pysmell\subjects_for_metrics\kivy\kivy\core\window\__init__.py,876,32,1,4,0,0,0
kivy,C:\Users\Zhifei Chen\Desktop\pysmell\subjects_for_metrics\kivy\kivy\input\providers\mactouch.py,88,12,1,1,0,0,0
kivy,C:\Users\Zhifei Chen\Desktop\pysmell\subjects_for_metrics\kivy\kivy\input\providers\tuio.py,234,17,1,2,0,0,0
kivy,C:\Users\Zhifei Chen\Desktop\pysmell\subjects_for_metrics\kivy\kivy\input\providers\tuio.py,235,17,1,2,0,0,0
kivy,C:\Users\Zhifei Chen\Desktop\pysmell\subjects_for_metrics\kivy\kivy\input\providers\tuio.py,236,17,1,2,0,0,0
kivy,C:\Users\Zhifei Chen\Desktop\pysmell\subjects_for_metrics\kivy\kivy\input\providers\tuio.py,237,17,1,2,0,0,0
kivy,C:\Users\Zhifei Chen\Desktop\pysmell\subjects_for_metrics\kivy\kivy\input\providers\tuio.py,238,17,1,2,0,0,0
kivy,C:\Users\Zhifei Chen\Desktop\pysmell\subjects_for_metrics\kivy\kivy\input\providers\tuio.py,239,17,1,2,0,0,0
kivy,C:\Users\Zhifei Chen\Desktop\pysmell\subjects_for_metrics\kivy\kivy\input\providers\wm_pen.py,51,20,1,2,0,0,0
kivy,C:\Users\Zhifei Chen\Desktop\pysmell\subjects_for_metrics\kivy\kivy\input\providers\wm_pen.py,52,19,1,2,0,0,0
kivy,C:\Users\Zhifei Chen\Desktop\pysmell\subjects_for_metrics\kivy\kivy\input\providers\wm_pen.py,53,33,1,5,0,0,0
kivy,C:\Users\Zhifei Chen\Desktop\pysmell\subjects_for_metrics\kivy\kivy\input\providers\wm_pen.py,54,33,1,5,0,0,0
kivy,C:\Users\Zhifei Chen\Desktop\pysmell\subjects_for_metrics\kivy\kivy\input\providers\wm_touch.py,98,20,1,2,0,0,0
kivy,C:\Users\Zhifei Chen\Desktop\pysmell\subjects_for_metrics\kivy\kivy\input\providers\wm_touch.py,99,19,1,2,0,0,0
kivy,C:\Users\Zhifei Chen\Desktop\pysmell\subjects_for_metrics\kivy\kivy\input\providers\wm_touch.py,100,33,1,5,0,0,0
kivy,C:\Users\Zhifei Chen\Desktop\pysmell\subjects_for_metrics\kivy\kivy\input\providers\wm_touch.py,101,33,1,5,0,0,0
kivy,C:\Users\Zhifei Chen\Desktop\pysmell\subjects_for_metrics\kivy\kivy\modules\webdebugger.py,30,13,0,1,0,0,0
kivy,C:\Users\Zhifei Chen\Desktop\pysmell\subjects_for_metrics\kivy\kivy\storage\__init__.py,405,21,1,3,0,0,0
kivy,C:\Users\Zhifei Chen\Desktop\pysmell\subjects_for_metrics\kivy\kivy\tests\test_adapters.py,236,82,2,8,1,0,0
kivy,C:\Users\Zhifei Chen\Desktop\pysmell\subjects_for_metrics\kivy\kivy\tests\test_adapters.py,281,71,2,9,1,0,0
kivy,C:\Users\Zhifei Chen\Desktop\pysmell\subjects_for_metrics\kivy\kivy\tests\test_adapters.py,292,344,2,51,1,1,1
kivy,C:\Users\Zhifei Chen\Desktop\pysmell\subjects_for_metrics\kivy\kivy\tests\test_adapters.py,461,68,2,9,1,0,0
kivy,C:\Users\Zhifei Chen\Desktop\pysmell\subjects_for_metrics\kivy\kivy\tests\test_adapters.py,491,63,2,7,1,0,0
kivy,C:\Users\Zhifei Chen\Desktop\pysmell\subjects_for_metrics\kivy\kivy\tests\test_adapters.py,527,82,2,8,1,0,0
kivy,C:\Users\Zhifei Chen\Desktop\pysmell\subjects_for_metrics\kivy\kivy\tests\test_adapters.py,566,71,2,9,1,0,0
kivy,C:\Users\Zhifei Chen\Desktop\pysmell\subjects_for_metrics\kivy\kivy\tests\test_adapters.py,602,68,2,8,1,0,0
kivy,C:\Users\Zhifei Chen\Desktop\pysmell\subjects_for_metrics\kivy\kivy\tests\test_adapters.py,642,68,2,8,1,0,0
kivy,C:\Users\Zhifei Chen\Desktop\pysmell\subjects_for_metrics\kivy\kivy\tests\test_adapters.py,705,82,2,8,1,0,0
kivy,C:\Users\Zhifei Chen\Desktop\pysmell\subjects_for_metrics\kivy\kivy\tests\test_adapters.py,730,82,2,8,1,0,0
kivy,C:\Users\Zhifei Chen\Desktop\pysmell\subjects_for_metrics\kivy\kivy\tests\test_adapters.py,774,71,2,9,1,0,0
kivy,C:\Users\Zhifei Chen\Desktop\pysmell\subjects_for_metrics\kivy\kivy\tests\test_adapters.py,805,71,2,9,1,0,0
kivy,C:\Users\Zhifei Chen\Desktop\pysmell\subjects_for_metrics\kivy\kivy\tests\test_adapters.py,835,82,2,8,1,0,0
kivy,C:\Users\Zhifei Chen\Desktop\pysmell\subjects_for_metrics\kivy\kivy\tests\test_adapters.py,864,104,2,13,1,1,0
kivy,C:\Users\Zhifei Chen\Desktop\pysmell\subjects_for_metrics\kivy\kivy\tests\test_adapters.py,897,82,2,8,1,0,0
kivy,C:\Users\Zhifei Chen\Desktop\pysmell\subjects_for_metrics\kivy\kivy\tests\test_adapters.py,913,101,2,11,1,0,0
kivy,C:\Users\Zhifei Chen\Desktop\pysmell\subjects_for_metrics\kivy\kivy\tests\test_adapters.py,936,69,2,7,1,0,0
kivy,C:\Users\Zhifei Chen\Desktop\pysmell\subjects_for_metrics\kivy\kivy\tests\test_adapters.py,1034,71,2,9,1,0,0
kivy,C:\Users\Zhifei Chen\Desktop\pysmell\subjects_for_metrics\kivy\kivy\tests\test_adapters.py,1122,71,2,9,1,0,0
kivy,C:\Users\Zhifei Chen\Desktop\pysmell\subjects_for_metrics\kivy\kivy\tests\test_adapters.py,1154,71,2,9,1,0,0
kivy,C:\Users\Zhifei Chen\Desktop\pysmell\subjects_for_metrics\kivy\kivy\tests\test_adapters.py,1195,71,2,9,1,0,0
kivy,C:\Users\Zhifei Chen\Desktop\pysmell\subjects_for_metrics\kivy\kivy\tests\test_adapters.py,1230,71,2,9,1,0,0
kivy,C:\Users\Zhifei Chen\Desktop\pysmell\subjects_for_metrics\kivy\kivy\tests\test_adapters.py,1266,71,2,9,1,0,0
kivy,C:\Users\Zhifei Chen\Desktop\pysmell\subjects_for_metrics\kivy\kivy\tests\test_adapters.py,1319,71,2,9,1,0,0
kivy,C:\Users\Zhifei Chen\Desktop\pysmell\subjects_for_metrics\kivy\kivy\tests\test_properties.py,376,26,1,6,0,0,0
kivy,C:\Users\Zhifei Chen\Desktop\pysmell\subjects_for_metrics\kivy\kivy\tests\test_selection.py,240,82,2,8,1,0,0
kivy,C:\Users\Zhifei Chen\Desktop\pysmell\subjects_for_metrics\kivy\kivy\tests\test_selection.py,428,71,2,9,1,0,0
kivy,C:\Users\Zhifei Chen\Desktop\pysmell\subjects_for_metrics\kivy\kivy\tests\test_storage.py,57,24,0,4,0,0,0
kivy,C:\Users\Zhifei Chen\Desktop\pysmell\subjects_for_metrics\kivy\kivy\tests\test_storage.py,85,25,0,4,0,0,0
kivy,C:\Users\Zhifei Chen\Desktop\pysmell\subjects_for_metrics\kivy\kivy\tests\test_storage.py,86,28,0,4,0,0,0
kivy,C:\Users\Zhifei Chen\Desktop\pysmell\subjects_for_metrics\kivy\kivy\tests\test_storage.py,93,27,0,4,0,0,0
kivy,C:\Users\Zhifei Chen\Desktop\pysmell\subjects_for_metrics\kivy\kivy\tests\test_storage.py,94,24,0,4,0,0,0
kivy,C:\Users\Zhifei Chen\Desktop\pysmell\subjects_for_metrics\kivy\kivy\tests\test_uix_listview.py,54,63,2,7,1,0,0
kivy,C:\Users\Zhifei Chen\Desktop\pysmell\subjects_for_metrics\kivy\kivy\tests\test_uix_listview.py,89,71,2,9,1,0,0
kivy,C:\Users\Zhifei Chen\Desktop\pysmell\subjects_for_metrics\kivy\kivy\tests\test_uix_listview.py,110,71,2,9,1,0,0
kivy,C:\Users\Zhifei Chen\Desktop\pysmell\subjects_for_metrics\kivy\kivy\tests\test_video.py,18,22,1,2,0,0,0
kivy,C:\Users\Zhifei Chen\Desktop\pysmell\subjects_for_metrics\kivy\kivy\tests\test_video.py,23,22,1,2,0,0,0
kivy,C:\Users\Zhifei Chen\Desktop\pysmell\subjects_for_metrics\kivy\kivy\tests\visual_test_label.py,278,45,0,4,0,0,0
kivy,C:\Users\Zhifei Chen\Desktop\pysmell\subjects_for_metrics\kivy\kivy\tools\benchmark.py,113,39,1,10,0,0,0
kivy,C:\Users\Zhifei Chen\Desktop\pysmell\subjects_for_metrics\kivy\kivy\tools\benchmark.py,147,39,1,10,0,0,0
kivy,C:\Users\Zhifei Chen\Desktop\pysmell\subjects_for_metrics\kivy\kivy\uix\dropdown.py,343,41,2,5,0,0,0
kivy,C:\Users\Zhifei Chen\Desktop\pysmell\subjects_for_metrics\kivy\kivy\uix\dropdown.py,346,29,1,5,0,0,0
kivy,C:\Users\Zhifei Chen\Desktop\pysmell\subjects_for_metrics\kivy\kivy\uix\filechooser.py,802,9,0,1,0,0,0
kivy,C:\Users\Zhifei Chen\Desktop\pysmell\subjects_for_metrics\kivy\kivy\uix\filechooser.py,1082,39,0,8,0,0,0
kivy,C:\Users\Zhifei Chen\Desktop\pysmell\subjects_for_metrics\kivy\kivy\uix\filechooser.py,1083,34,0,8,0,0,0
kivy,C:\Users\Zhifei Chen\Desktop\pysmell\subjects_for_metrics\kivy\kivy\uix\listview.py,905,73,1,6,0,0,0
kivy,C:\Users\Zhifei Chen\Desktop\pysmell\subjects_for_metrics\kivy\kivy\uix\modalview.py,187,33,0,4,0,0,0
kivy,C:\Users\Zhifei Chen\Desktop\pysmell\subjects_for_metrics\kivy\kivy\uix\scatter.py,456,29,1,5,0,0,0
kivy,C:\Users\Zhifei Chen\Desktop\pysmell\subjects_for_metrics\kivy\kivy\uix\settings.py,686,33,1,4,0,0,0
kivy,C:\Users\Zhifei Chen\Desktop\pysmell\subjects_for_metrics\kivy\kivy\uix\settings.py,742,33,1,4,0,0,0
kivy,C:\Users\Zhifei Chen\Desktop\pysmell\subjects_for_metrics\kivy\kivy\uix\settings.py,936,33,1,4,0,0,0
kivy,C:\Users\Zhifei Chen\Desktop\pysmell\subjects_for_metrics\kivy\kivy\uix\settings.py,1096,33,1,4,0,0,0
kivy,C:\Users\Zhifei Chen\Desktop\pysmell\subjects_for_metrics\kivy\kivy\uix\spinner.py,142,35,1,5,0,0,0
kivy,C:\Users\Zhifei Chen\Desktop\pysmell\subjects_for_metrics\kivy\kivy\uix\textinput.py,249,43,2,9,0,0,0
kivy,C:\Users\Zhifei Chen\Desktop\pysmell\subjects_for_metrics\kivy\kivy\uix\textinput.py,305,43,2,9,0,0,0
kivy,C:\Users\Zhifei Chen\Desktop\pysmell\subjects_for_metrics\kivy\kivy\uix\textinput.py,370,44,0,6,0,0,0
kivy,C:\Users\Zhifei Chen\Desktop\pysmell\subjects_for_metrics\kivy\kivy\uix\textinput.py,383,38,0,4,0,0,0
kivy,C:\Users\Zhifei Chen\Desktop\pysmell\subjects_for_metrics\kivy\kivy\uix\textinput.py,1262,46,1,9,0,0,0
kivy,C:\Users\Zhifei Chen\Desktop\pysmell\subjects_for_metrics\kivy\kivy\uix\textinput.py,1273,40,1,5,0,0,0
kivy,C:\Users\Zhifei Chen\Desktop\pysmell\subjects_for_metrics\kivy\kivy\uix\textinput.py,1281,26,1,3,0,0,0
kivy,C:\Users\Zhifei Chen\Desktop\pysmell\subjects_for_metrics\kivy\kivy\uix\textinput.py,1548,42,0,4,0,0,0
kivy,C:\Users\Zhifei Chen\Desktop\pysmell\subjects_for_metrics\kivy\kivy\uix\textinput.py,1549,42,0,4,0,0,0
kivy,C:\Users\Zhifei Chen\Desktop\pysmell\subjects_for_metrics\kivy\kivy\uix\textinput.py,1751,49,1,4,0,0,0
kivy,C:\Users\Zhifei Chen\Desktop\pysmell\subjects_for_metrics\kivy\kivy\uix\textinput.py,1752,49,1,4,0,0,0
kivy,C:\Users\Zhifei Chen\Desktop\pysmell\subjects_for_metrics\kivy\kivy\uix\textinput.py,2323,32,1,3,0,0,0
