subject,file,lineno,DOC,experience-based,statistics-based,tuning machine
kivy,C:\Users\Zhifei Chen\Desktop\pysmell\subjects_for_metrics\kivy\doc\gallery.py,159,2,0,0,0
kivy,C:\Users\Zhifei Chen\Desktop\pysmell\subjects_for_metrics\kivy\doc\gallery.py,235,2,0,0,0
kivy,C:\Users\Zhifei Chen\Desktop\pysmell\subjects_for_metrics\kivy\doc\sources\sphinxext\autodoc.py,8,2,0,0,0
kivy,C:\Users\Zhifei Chen\Desktop\pysmell\subjects_for_metrics\kivy\examples\canvas\fbo_canvas.py,74,2,0,0,0
kivy,C:\Users\Zhifei Chen\Desktop\pysmell\subjects_for_metrics\kivy\examples\demo\showcase\main.py,145,2,0,0,0
kivy,C:\Users\Zhifei Chen\Desktop\pysmell\subjects_for_metrics\kivy\examples\demo\showcase\main.py,165,2,0,0,0
kivy,C:\Users\Zhifei Chen\Desktop\pysmell\subjects_for_metrics\kivy\examples\demo\showcase\main.py,181,2,0,0,0
kivy,C:\Users\Zhifei Chen\Desktop\pysmell\subjects_for_metrics\kivy\examples\demo\showcase\main.py,199,2,0,0,0
kivy,C:\Users\Zhifei Chen\Desktop\pysmell\subjects_for_metrics\kivy\examples\demo\showcase\main.py,220,2,0,0,0
kivy,C:\Users\Zhifei Chen\Desktop\pysmell\subjects_for_metrics\kivy\examples\kinect\kinectviewer.py,229,2,0,0,0
kivy,C:\Users\Zhifei Chen\Desktop\pysmell\subjects_for_metrics\kivy\examples\shader\shadertree.py,170,2,0,0,0
kivy,C:\Users\Zhifei Chen\Desktop\pysmell\subjects_for_metrics\kivy\examples\widgets\compound_selection.py,10,2,0,0,0
kivy,C:\Users\Zhifei Chen\Desktop\pysmell\subjects_for_metrics\kivy\examples\widgets\tabbed_panel_showcase.py,259,2,0,0,0
kivy,C:\Users\Zhifei Chen\Desktop\pysmell\subjects_for_metrics\kivy\examples\widgets\sequenced_images\main.py,54,2,0,0,0
kivy,C:\Users\Zhifei Chen\Desktop\pysmell\subjects_for_metrics\kivy\examples\widgets\sequenced_images\uix\custom_button.py,25,2,0,0,0
kivy,C:\Users\Zhifei Chen\Desktop\pysmell\subjects_for_metrics\kivy\kivy\clock.py,648,3,1,0,0
kivy,C:\Users\Zhifei Chen\Desktop\pysmell\subjects_for_metrics\kivy\kivy\geometry.py,51,2,0,0,0
kivy,C:\Users\Zhifei Chen\Desktop\pysmell\subjects_for_metrics\kivy\kivy\interactive.py,303,2,0,0,0
kivy,C:\Users\Zhifei Chen\Desktop\pysmell\subjects_for_metrics\kivy\kivy\multistroke.py,468,3,1,0,0
kivy,C:\Users\Zhifei Chen\Desktop\pysmell\subjects_for_metrics\kivy\kivy\support.py,13,2,0,0,0
kivy,C:\Users\Zhifei Chen\Desktop\pysmell\subjects_for_metrics\kivy\kivy\support.py,64,2,0,0,0
kivy,C:\Users\Zhifei Chen\Desktop\pysmell\subjects_for_metrics\kivy\kivy\support.py,144,2,0,0,0
kivy,C:\Users\Zhifei Chen\Desktop\pysmell\subjects_for_metrics\kivy\kivy\utils.py,294,2,0,0,0
kivy,C:\Users\Zhifei Chen\Desktop\pysmell\subjects_for_metrics\kivy\kivy\__init__.py,57,2,0,0,0
kivy,C:\Users\Zhifei Chen\Desktop\pysmell\subjects_for_metrics\kivy\kivy\core\clipboard\clipboard_android.py,46,2,0,0,0
kivy,C:\Users\Zhifei Chen\Desktop\pysmell\subjects_for_metrics\kivy\kivy\core\image\img_gif.py,457,2,0,0,0
kivy,C:\Users\Zhifei Chen\Desktop\pysmell\subjects_for_metrics\kivy\kivy\core\text\markup.py,422,2,0,0,0
kivy,C:\Users\Zhifei Chen\Desktop\pysmell\subjects_for_metrics\kivy\kivy\input\providers\hidinput.py,393,2,0,0,0
kivy,C:\Users\Zhifei Chen\Desktop\pysmell\subjects_for_metrics\kivy\kivy\input\providers\linuxwacom.py,206,2,0,0,0
kivy,C:\Users\Zhifei Chen\Desktop\pysmell\subjects_for_metrics\kivy\kivy\input\providers\mtdev.py,165,2,0,0,0
kivy,C:\Users\Zhifei Chen\Desktop\pysmell\subjects_for_metrics\kivy\kivy\modules\console.py,284,2,0,0,0
kivy,C:\Users\Zhifei Chen\Desktop\pysmell\subjects_for_metrics\kivy\kivy\tests\common.py,208,2,0,0,0
kivy,C:\Users\Zhifei Chen\Desktop\pysmell\subjects_for_metrics\kivy\kivy\tests\common.py,239,2,0,0,0
kivy,C:\Users\Zhifei Chen\Desktop\pysmell\subjects_for_metrics\kivy\kivy\tests\perf_test_textinput.py,53,2,0,0,0
kivy,C:\Users\Zhifei Chen\Desktop\pysmell\subjects_for_metrics\kivy\kivy\tests\perf_test_textinput.py,73,2,0,0,0
kivy,C:\Users\Zhifei Chen\Desktop\pysmell\subjects_for_metrics\kivy\kivy\tests\perf_test_textinput.py,104,2,0,0,0
kivy,C:\Users\Zhifei Chen\Desktop\pysmell\subjects_for_metrics\kivy\kivy\tests\perf_test_textinput.py,136,2,0,0,0
kivy,C:\Users\Zhifei Chen\Desktop\pysmell\subjects_for_metrics\kivy\kivy\tests\perf_test_textinput.py,160,2,0,0,0
kivy,C:\Users\Zhifei Chen\Desktop\pysmell\subjects_for_metrics\kivy\kivy\tests\test_adapters.py,309,2,0,0,0
kivy,C:\Users\Zhifei Chen\Desktop\pysmell\subjects_for_metrics\kivy\kivy\tests\test_adapters.py,318,2,0,0,0
kivy,C:\Users\Zhifei Chen\Desktop\pysmell\subjects_for_metrics\kivy\kivy\tests\test_adapters.py,378,2,0,0,0
kivy,C:\Users\Zhifei Chen\Desktop\pysmell\subjects_for_metrics\kivy\kivy\tests\test_adapters.py,1312,2,0,0,0
kivy,C:\Users\Zhifei Chen\Desktop\pysmell\subjects_for_metrics\kivy\kivy\tests\test_properties.py,31,2,0,0,0
kivy,C:\Users\Zhifei Chen\Desktop\pysmell\subjects_for_metrics\kivy\kivy\tests\test_properties.py,134,2,0,0,0
kivy,C:\Users\Zhifei Chen\Desktop\pysmell\subjects_for_metrics\kivy\kivy\tests\test_properties.py,191,2,0,0,0
kivy,C:\Users\Zhifei Chen\Desktop\pysmell\subjects_for_metrics\kivy\kivy\tests\test_properties.py,251,2,0,0,0
kivy,C:\Users\Zhifei Chen\Desktop\pysmell\subjects_for_metrics\kivy\kivy\tests\test_uix_anchorlayout.py,11,2,0,0,0
kivy,C:\Users\Zhifei Chen\Desktop\pysmell\subjects_for_metrics\kivy\kivy\tests\test_uix_boxlayout.py,14,2,0,0,0
kivy,C:\Users\Zhifei Chen\Desktop\pysmell\subjects_for_metrics\kivy\kivy\tests\test_video.py,7,2,0,0,0
kivy,C:\Users\Zhifei Chen\Desktop\pysmell\subjects_for_metrics\kivy\kivy\tests\test_widget_walk.py,6,2,0,0,0
kivy,C:\Users\Zhifei Chen\Desktop\pysmell\subjects_for_metrics\kivy\kivy\tools\pep8checker\pep8.py,1675,2,0,0,0
kivy,C:\Users\Zhifei Chen\Desktop\pysmell\subjects_for_metrics\kivy\kivy\uix\behaviors.py,220,2,0,0,0
kivy,C:\Users\Zhifei Chen\Desktop\pysmell\subjects_for_metrics\kivy\kivy\uix\behaviors.py,1191,2,0,0,0
kivy,C:\Users\Zhifei Chen\Desktop\pysmell\subjects_for_metrics\kivy\kivy\uix\carousel.py,448,2,0,0,0
kivy,C:\Users\Zhifei Chen\Desktop\pysmell\subjects_for_metrics\kivy\kivy\uix\sandbox.py,37,2,0,0,0
kivy,C:\Users\Zhifei Chen\Desktop\pysmell\subjects_for_metrics\kivy\kivy\uix\screenmanager.py,491,2,0,0,0
kivy,C:\Users\Zhifei Chen\Desktop\pysmell\subjects_for_metrics\kivy\kivy\uix\screenmanager.py,986,2,0,0,0
kivy,C:\Users\Zhifei Chen\Desktop\pysmell\subjects_for_metrics\kivy\kivy\uix\textinput.py,444,2,0,0,0
