subject,file,lineno,MLOC,experience-based,statistics-based,tuning machine
jieba,C:\Users\Zhifei Chen\Desktop\pysmell\subjects_for_metrics\jieba\jieba\_compat.py,25,6,0,0,0
jieba,C:\Users\Zhifei Chen\Desktop\pysmell\subjects_for_metrics\jieba\jieba\__init__.py,47,2,0,0,0
jieba,C:\Users\Zhifei Chen\Desktop\pysmell\subjects_for_metrics\jieba\jieba\__init__.py,53,8,0,0,0
jieba,C:\Users\Zhifei Chen\Desktop\pysmell\subjects_for_metrics\jieba\jieba\__init__.py,63,1,0,0,0
jieba,C:\Users\Zhifei Chen\Desktop\pysmell\subjects_for_metrics\jieba\jieba\__init__.py,66,18,0,0,0
jieba,C:\Users\Zhifei Chen\Desktop\pysmell\subjects_for_metrics\jieba\jieba\__init__.py,86,59,1,1,1
jieba,C:\Users\Zhifei Chen\Desktop\pysmell\subjects_for_metrics\jieba\jieba\__init__.py,160,2,0,0,0
jieba,C:\Users\Zhifei Chen\Desktop\pysmell\subjects_for_metrics\jieba\jieba\__init__.py,164,6,0,0,0
jieba,C:\Users\Zhifei Chen\Desktop\pysmell\subjects_for_metrics\jieba\jieba\__init__.py,172,15,0,0,0
jieba,C:\Users\Zhifei Chen\Desktop\pysmell\subjects_for_metrics\jieba\jieba\__init__.py,190,10,0,0,0
jieba,C:\Users\Zhifei Chen\Desktop\pysmell\subjects_for_metrics\jieba\jieba\__init__.py,203,20,0,0,0
jieba,C:\Users\Zhifei Chen\Desktop\pysmell\subjects_for_metrics\jieba\jieba\__init__.py,226,33,1,1,0
jieba,C:\Users\Zhifei Chen\Desktop\pysmell\subjects_for_metrics\jieba\jieba\__init__.py,266,26,1,0,0
jieba,C:\Users\Zhifei Chen\Desktop\pysmell\subjects_for_metrics\jieba\jieba\__init__.py,308,13,0,0,0
jieba,C:\Users\Zhifei Chen\Desktop\pysmell\subjects_for_metrics\jieba\jieba\__init__.py,326,1,0,0,0
jieba,C:\Users\Zhifei Chen\Desktop\pysmell\subjects_for_metrics\jieba\jieba\__init__.py,329,1,0,0,0
jieba,C:\Users\Zhifei Chen\Desktop\pysmell\subjects_for_metrics\jieba\jieba\__init__.py,335,1,0,0,0
jieba,C:\Users\Zhifei Chen\Desktop\pysmell\subjects_for_metrics\jieba\jieba\__init__.py,338,1,0,0,0
jieba,C:\Users\Zhifei Chen\Desktop\pysmell\subjects_for_metrics\jieba\jieba\__init__.py,341,1,0,0,0
jieba,C:\Users\Zhifei Chen\Desktop\pysmell\subjects_for_metrics\jieba\jieba\__init__.py,344,1,0,0,0
jieba,C:\Users\Zhifei Chen\Desktop\pysmell\subjects_for_metrics\jieba\jieba\__init__.py,347,21,0,0,0
jieba,C:\Users\Zhifei Chen\Desktop\pysmell\subjects_for_metrics\jieba\jieba\__init__.py,383,11,0,0,0
jieba,C:\Users\Zhifei Chen\Desktop\pysmell\subjects_for_metrics\jieba\jieba\__init__.py,402,1,0,0,0
jieba,C:\Users\Zhifei Chen\Desktop\pysmell\subjects_for_metrics\jieba\jieba\__init__.py,408,16,0,0,0
jieba,C:\Users\Zhifei Chen\Desktop\pysmell\subjects_for_metrics\jieba\jieba\__init__.py,439,22,0,0,0
jieba,C:\Users\Zhifei Chen\Desktop\pysmell\subjects_for_metrics\jieba\jieba\__init__.py,472,6,0,0,0
jieba,C:\Users\Zhifei Chen\Desktop\pysmell\subjects_for_metrics\jieba\jieba\__init__.py,505,1,0,0,0
jieba,C:\Users\Zhifei Chen\Desktop\pysmell\subjects_for_metrics\jieba\jieba\__init__.py,509,1,0,0,0
jieba,C:\Users\Zhifei Chen\Desktop\pysmell\subjects_for_metrics\jieba\jieba\__init__.py,513,1,0,0,0
jieba,C:\Users\Zhifei Chen\Desktop\pysmell\subjects_for_metrics\jieba\jieba\__init__.py,517,1,0,0,0
jieba,C:\Users\Zhifei Chen\Desktop\pysmell\subjects_for_metrics\jieba\jieba\__init__.py,521,1,0,0,0
jieba,C:\Users\Zhifei Chen\Desktop\pysmell\subjects_for_metrics\jieba\jieba\__init__.py,525,9,0,0,0
jieba,C:\Users\Zhifei Chen\Desktop\pysmell\subjects_for_metrics\jieba\jieba\__init__.py,538,7,0,0,0
jieba,C:\Users\Zhifei Chen\Desktop\pysmell\subjects_for_metrics\jieba\jieba\__init__.py,549,12,0,0,0
jieba,C:\Users\Zhifei Chen\Desktop\pysmell\subjects_for_metrics\jieba\jieba\__init__.py,572,6,0,0,0
jieba,C:\Users\Zhifei Chen\Desktop\pysmell\subjects_for_metrics\jieba\jieba\analyse\analyzer.py,21,10,0,0,0
jieba,C:\Users\Zhifei Chen\Desktop\pysmell\subjects_for_metrics\jieba\jieba\analyse\analyzer.py,34,3,0,0,0
jieba,C:\Users\Zhifei Chen\Desktop\pysmell\subjects_for_metrics\jieba\jieba\analyse\textrank.py,16,1,0,0,0
jieba,C:\Users\Zhifei Chen\Desktop\pysmell\subjects_for_metrics\jieba\jieba\analyse\textrank.py,19,1,0,0,0
jieba,C:\Users\Zhifei Chen\Desktop\pysmell\subjects_for_metrics\jieba\jieba\analyse\textrank.py,24,22,0,0,0
jieba,C:\Users\Zhifei Chen\Desktop\pysmell\subjects_for_metrics\jieba\jieba\analyse\textrank.py,59,4,0,0,0
jieba,C:\Users\Zhifei Chen\Desktop\pysmell\subjects_for_metrics\jieba\jieba\analyse\textrank.py,65,2,0,0,0
jieba,C:\Users\Zhifei Chen\Desktop\pysmell\subjects_for_metrics\jieba\jieba\analyse\textrank.py,69,21,0,0,0
jieba,C:\Users\Zhifei Chen\Desktop\pysmell\subjects_for_metrics\jieba\jieba\analyse\tfidf.py,23,6,0,0,0
jieba,C:\Users\Zhifei Chen\Desktop\pysmell\subjects_for_metrics\jieba\jieba\analyse\tfidf.py,31,1,0,0,0
jieba,C:\Users\Zhifei Chen\Desktop\pysmell\subjects_for_metrics\jieba\jieba\analyse\tfidf.py,37,5,0,0,0
jieba,C:\Users\Zhifei Chen\Desktop\pysmell\subjects_for_metrics\jieba\jieba\analyse\tfidf.py,44,9,0,0,0
jieba,C:\Users\Zhifei Chen\Desktop\pysmell\subjects_for_metrics\jieba\jieba\analyse\tfidf.py,55,1,0,0,0
jieba,C:\Users\Zhifei Chen\Desktop\pysmell\subjects_for_metrics\jieba\jieba\analyse\tfidf.py,61,5,0,0,0
jieba,C:\Users\Zhifei Chen\Desktop\pysmell\subjects_for_metrics\jieba\jieba\analyse\tfidf.py,68,5,0,0,0
jieba,C:\Users\Zhifei Chen\Desktop\pysmell\subjects_for_metrics\jieba\jieba\analyse\tfidf.py,75,22,0,0,0
jieba,C:\Users\Zhifei Chen\Desktop\pysmell\subjects_for_metrics\jieba\jieba\analyse\__init__.py,16,1,0,0,0
jieba,C:\Users\Zhifei Chen\Desktop\pysmell\subjects_for_metrics\jieba\jieba\finalseg\__init__.py,23,15,0,0,0
jieba,C:\Users\Zhifei Chen\Desktop\pysmell\subjects_for_metrics\jieba\jieba\finalseg\__init__.py,52,17,0,0,0
jieba,C:\Users\Zhifei Chen\Desktop\pysmell\subjects_for_metrics\jieba\jieba\finalseg\__init__.py,74,15,0,0,0
jieba,C:\Users\Zhifei Chen\Desktop\pysmell\subjects_for_metrics\jieba\jieba\finalseg\__init__.py,96,10,0,0,0
jieba,C:\Users\Zhifei Chen\Desktop\pysmell\subjects_for_metrics\jieba\jieba\posseg\viterbi.py,10,1,0,0,0
jieba,C:\Users\Zhifei Chen\Desktop\pysmell\subjects_for_metrics\jieba\jieba\posseg\viterbi.py,14,31,1,1,0
jieba,C:\Users\Zhifei Chen\Desktop\pysmell\subjects_for_metrics\jieba\jieba\posseg\__init__.py,26,20,0,0,0
jieba,C:\Users\Zhifei Chen\Desktop\pysmell\subjects_for_metrics\jieba\jieba\posseg\__init__.py,65,2,0,0,0
jieba,C:\Users\Zhifei Chen\Desktop\pysmell\subjects_for_metrics\jieba\jieba\posseg\__init__.py,69,1,0,0,0
jieba,C:\Users\Zhifei Chen\Desktop\pysmell\subjects_for_metrics\jieba\jieba\posseg\__init__.py,72,1,0,0,0
jieba,C:\Users\Zhifei Chen\Desktop\pysmell\subjects_for_metrics\jieba\jieba\posseg\__init__.py,75,3,0,0,0
jieba,C:\Users\Zhifei Chen\Desktop\pysmell\subjects_for_metrics\jieba\jieba\posseg\__init__.py,81,1,0,0,0
jieba,C:\Users\Zhifei Chen\Desktop\pysmell\subjects_for_metrics\jieba\jieba\posseg\__init__.py,84,1,0,0,0
jieba,C:\Users\Zhifei Chen\Desktop\pysmell\subjects_for_metrics\jieba\jieba\posseg\__init__.py,90,2,0,0,0
jieba,C:\Users\Zhifei Chen\Desktop\pysmell\subjects_for_metrics\jieba\jieba\posseg\__init__.py,94,1,0,0,0
jieba,C:\Users\Zhifei Chen\Desktop\pysmell\subjects_for_metrics\jieba\jieba\posseg\__init__.py,97,3,0,0,0
jieba,C:\Users\Zhifei Chen\Desktop\pysmell\subjects_for_metrics\jieba\jieba\posseg\__init__.py,103,1,0,0,0
jieba,C:\Users\Zhifei Chen\Desktop\pysmell\subjects_for_metrics\jieba\jieba\posseg\__init__.py,107,12,0,0,0
jieba,C:\Users\Zhifei Chen\Desktop\pysmell\subjects_for_metrics\jieba\jieba\posseg\__init__.py,121,3,0,0,0
jieba,C:\Users\Zhifei Chen\Desktop\pysmell\subjects_for_metrics\jieba\jieba\posseg\__init__.py,126,15,0,0,0
jieba,C:\Users\Zhifei Chen\Desktop\pysmell\subjects_for_metrics\jieba\jieba\posseg\__init__.py,144,13,0,0,0
jieba,C:\Users\Zhifei Chen\Desktop\pysmell\subjects_for_metrics\jieba\jieba\posseg\__init__.py,161,20,0,0,0
jieba,C:\Users\Zhifei Chen\Desktop\pysmell\subjects_for_metrics\jieba\jieba\posseg\__init__.py,184,32,1,1,0
jieba,C:\Users\Zhifei Chen\Desktop\pysmell\subjects_for_metrics\jieba\jieba\posseg\__init__.py,224,19,0,0,0
jieba,C:\Users\Zhifei Chen\Desktop\pysmell\subjects_for_metrics\jieba\jieba\posseg\__init__.py,251,1,0,0,0
jieba,C:\Users\Zhifei Chen\Desktop\pysmell\subjects_for_metrics\jieba\jieba\posseg\__init__.py,254,1,0,0,0
jieba,C:\Users\Zhifei Chen\Desktop\pysmell\subjects_for_metrics\jieba\jieba\posseg\__init__.py,257,2,0,0,0
jieba,C:\Users\Zhifei Chen\Desktop\pysmell\subjects_for_metrics\jieba\jieba\posseg\__init__.py,261,1,0,0,0
jieba,C:\Users\Zhifei Chen\Desktop\pysmell\subjects_for_metrics\jieba\jieba\posseg\__init__.py,273,1,0,0,0
jieba,C:\Users\Zhifei Chen\Desktop\pysmell\subjects_for_metrics\jieba\jieba\posseg\__init__.py,277,1,0,0,0
jieba,C:\Users\Zhifei Chen\Desktop\pysmell\subjects_for_metrics\jieba\jieba\posseg\__init__.py,281,11,0,0,0
jieba,C:\Users\Zhifei Chen\Desktop\pysmell\subjects_for_metrics\jieba\jieba\posseg\__init__.py,303,1,0,0,0
jieba,C:\Users\Zhifei Chen\Desktop\pysmell\subjects_for_metrics\jieba\test\jieba_test.py,103,0,0,0,0
jieba,C:\Users\Zhifei Chen\Desktop\pysmell\subjects_for_metrics\jieba\test\jieba_test.py,106,1,0,0,0
jieba,C:\Users\Zhifei Chen\Desktop\pysmell\subjects_for_metrics\jieba\test\jieba_test.py,109,7,0,0,0
jieba,C:\Users\Zhifei Chen\Desktop\pysmell\subjects_for_metrics\jieba\test\jieba_test.py,118,7,0,0,0
jieba,C:\Users\Zhifei Chen\Desktop\pysmell\subjects_for_metrics\jieba\test\jieba_test.py,127,7,0,0,0
jieba,C:\Users\Zhifei Chen\Desktop\pysmell\subjects_for_metrics\jieba\test\jieba_test.py,137,7,0,0,0
jieba,C:\Users\Zhifei Chen\Desktop\pysmell\subjects_for_metrics\jieba\test\jieba_test.py,146,8,0,0,0
jieba,C:\Users\Zhifei Chen\Desktop\pysmell\subjects_for_metrics\jieba\test\jieba_test.py,156,8,0,0,0
jieba,C:\Users\Zhifei Chen\Desktop\pysmell\subjects_for_metrics\jieba\test\jieba_test.py,166,7,0,0,0
jieba,C:\Users\Zhifei Chen\Desktop\pysmell\subjects_for_metrics\jieba\test\jieba_test.py,175,8,0,0,0
jieba,C:\Users\Zhifei Chen\Desktop\pysmell\subjects_for_metrics\jieba\test\jieba_test.py,185,8,0,0,0
jieba,C:\Users\Zhifei Chen\Desktop\pysmell\subjects_for_metrics\jieba\test\jieba_test.py,195,7,0,0,0
jieba,C:\Users\Zhifei Chen\Desktop\pysmell\subjects_for_metrics\jieba\test\test.py,7,2,0,0,0
jieba,C:\Users\Zhifei Chen\Desktop\pysmell\subjects_for_metrics\jieba\test\test_change_dictpath.py,7,2,0,0,0
jieba,C:\Users\Zhifei Chen\Desktop\pysmell\subjects_for_metrics\jieba\test\test_change_dictpath.py,11,9,0,0,0
jieba,C:\Users\Zhifei Chen\Desktop\pysmell\subjects_for_metrics\jieba\test\test_cutall.py,7,4,0,0,0
jieba,C:\Users\Zhifei Chen\Desktop\pysmell\subjects_for_metrics\jieba\test\test_cut_for_search.py,7,4,0,0,0
jieba,C:\Users\Zhifei Chen\Desktop\pysmell\subjects_for_metrics\jieba\test\test_lock.py,7,3,0,0,0
jieba,C:\Users\Zhifei Chen\Desktop\pysmell\subjects_for_metrics\jieba\test\test_multithread.py,9,8,0,0,0
jieba,C:\Users\Zhifei Chen\Desktop\pysmell\subjects_for_metrics\jieba\test\test_no_hmm.py,7,2,0,0,0
jieba,C:\Users\Zhifei Chen\Desktop\pysmell\subjects_for_metrics\jieba\test\test_pos.py,7,4,0,0,0
jieba,C:\Users\Zhifei Chen\Desktop\pysmell\subjects_for_metrics\jieba\test\test_pos_no_hmm.py,7,4,0,0,0
jieba,C:\Users\Zhifei Chen\Desktop\pysmell\subjects_for_metrics\jieba\test\test_tokenize.py,9,4,0,0,0
jieba,C:\Users\Zhifei Chen\Desktop\pysmell\subjects_for_metrics\jieba\test\test_tokenize_no_hmm.py,9,4,0,0,0
jieba,C:\Users\Zhifei Chen\Desktop\pysmell\subjects_for_metrics\jieba\test\parallel\test.py,8,4,0,0,0
jieba,C:\Users\Zhifei Chen\Desktop\pysmell\subjects_for_metrics\jieba\test\parallel\test2.py,8,4,0,0,0
jieba,C:\Users\Zhifei Chen\Desktop\pysmell\subjects_for_metrics\jieba\test\parallel\test_cut_for_search.py,8,4,0,0,0
jieba,C:\Users\Zhifei Chen\Desktop\pysmell\subjects_for_metrics\jieba\test\parallel\test_pos.py,9,4,0,0,0
