subject,tag,file,lineno,PAR
tornado,v4.2.0,E:\my code\pysmell\subject_raw\tornado\tornado\tornado\auth.py,864,6
tornado,v4.2.0,E:\my code\pysmell\subject_raw\tornado\tornado\tornado\auth.py,911,7
tornado,v4.2.0,E:\my code\pysmell\subject_raw\tornado\tornado\tornado\simple_httpclient.py,183,10
tornado,v4.2.0,E:\my code\pysmell\subject_raw\tornado\tornado\tornado\template.py,585,6
tornado,v4.2.0,E:\my code\pysmell\subject_raw\tornado\tornado\tornado\platform\twisted.py,103,6
scipy,v0.16.0b2,E:\my code\pysmell\subject_raw\scipy\scipy\scipy\cluster\hierarchy.py,1633,9
scipy,v0.16.0b2,E:\my code\pysmell\subject_raw\scipy\scipy\scipy\cluster\hierarchy.py,2149,9
scipy,v0.16.0b2,E:\my code\pysmell\subject_raw\scipy\scipy\scipy\cluster\hierarchy.py,2175,10
scipy,v0.16.0b2,E:\my code\pysmell\subject_raw\scipy\scipy\scipy\fftpack\basic.py,155,6
scipy,v0.16.0b2,E:\my code\pysmell\subject_raw\scipy\scipy\scipy\fftpack\basic.py,484,6
scipy,v0.16.0b2,E:\my code\pysmell\subject_raw\scipy\scipy\scipy\fftpack\realtransforms.py,239,6
scipy,v0.16.0b2,E:\my code\pysmell\subject_raw\scipy\scipy\scipy\fftpack\realtransforms.py,244,6
scipy,v0.16.0b2,E:\my code\pysmell\subject_raw\scipy\scipy\scipy\fftpack\realtransforms.py,249,6
scipy,v0.16.0b2,E:\my code\pysmell\subject_raw\scipy\scipy\scipy\fftpack\tests\test_basic.py,727,7
scipy,v0.16.0b2,E:\my code\pysmell\subject_raw\scipy\scipy\scipy\fftpack\tests\test_basic.py,737,6
scipy,v0.16.0b2,E:\my code\pysmell\subject_raw\scipy\scipy\scipy\fftpack\tests\test_basic.py,785,6
scipy,v0.16.0b2,E:\my code\pysmell\subject_raw\scipy\scipy\scipy\fftpack\tests\test_pseudo_diffs.py,343,6
scipy,v0.16.0b2,E:\my code\pysmell\subject_raw\scipy\scipy\scipy\fftpack\tests\test_real_transforms.py,465,10
scipy,v0.16.0b2,E:\my code\pysmell\subject_raw\scipy\scipy\scipy\fftpack\tests\test_real_transforms.py,475,6
scipy,v0.16.0b2,E:\my code\pysmell\subject_raw\scipy\scipy\scipy\integrate\quadpack.py,358,9
scipy,v0.16.0b2,E:\my code\pysmell\subject_raw\scipy\scipy\scipy\integrate\quadpack.py,389,13
scipy,v0.16.0b2,E:\my code\pysmell\subject_raw\scipy\scipy\scipy\integrate\quadpack.py,502,6
scipy,v0.16.0b2,E:\my code\pysmell\subject_raw\scipy\scipy\scipy\integrate\quadpack.py,509,7
scipy,v0.16.0b2,E:\my code\pysmell\subject_raw\scipy\scipy\scipy\integrate\quadrature.py,297,6
scipy,v0.16.0b2,E:\my code\pysmell\subject_raw\scipy\scipy\scipy\integrate\_ode.py,642,8
scipy,v0.16.0b2,E:\my code\pysmell\subject_raw\scipy\scipy\scipy\integrate\_ode.py,650,8
scipy,v0.16.0b2,E:\my code\pysmell\subject_raw\scipy\scipy\scipy\integrate\_ode.py,655,8
scipy,v0.16.0b2,E:\my code\pysmell\subject_raw\scipy\scipy\scipy\integrate\_ode.py,833,8
scipy,v0.16.0b2,E:\my code\pysmell\subject_raw\scipy\scipy\scipy\integrate\_ode.py,1013,8
scipy,v0.16.0b2,E:\my code\pysmell\subject_raw\scipy\scipy\scipy\integrate\_ode.py,1022,8
scipy,v0.16.0b2,E:\my code\pysmell\subject_raw\scipy\scipy\scipy\integrate\_ode.py,1184,8
scipy,v0.16.0b2,E:\my code\pysmell\subject_raw\scipy\scipy\scipy\integrate\tests\test_banded_ode_solvers.py,164,6
scipy,v0.16.0b2,E:\my code\pysmell\subject_raw\scipy\scipy\scipy\integrate\tests\test_banded_ode_solvers.py,203,6
scipy,v0.16.0b2,E:\my code\pysmell\subject_raw\scipy\scipy\scipy\integrate\tests\test_quadpack.py,244,6
scipy,v0.16.0b2,E:\my code\pysmell\subject_raw\scipy\scipy\scipy\interpolate\fitpack2.py,1074,6
scipy,v0.16.0b2,E:\my code\pysmell\subject_raw\scipy\scipy\scipy\interpolate\fitpack2.py,1448,6
scipy,v0.16.0b2,E:\my code\pysmell\subject_raw\scipy\scipy\scipy\interpolate\polyint.py,743,7
scipy,v0.16.0b2,E:\my code\pysmell\subject_raw\scipy\scipy\scipy\io\netcdf.py,813,6
scipy,v0.16.0b2,E:\my code\pysmell\subject_raw\scipy\scipy\scipy\io\harwell_boeing\hb.py,211,14
scipy,v0.16.0b2,E:\my code\pysmell\subject_raw\scipy\scipy\scipy\io\matlab\mio4.py,85,6
scipy,v0.16.0b2,E:\my code\pysmell\subject_raw\scipy\scipy\scipy\linalg\blas.py,221,9
scipy,v0.16.0b2,E:\my code\pysmell\subject_raw\scipy\scipy\scipy\linalg\decomp.py,49,6
scipy,v0.16.0b2,E:\my code\pysmell\subject_raw\scipy\scipy\scipy\linalg\_interpolative_backend.py,374,6
scipy,v0.16.0b2,E:\my code\pysmell\subject_raw\scipy\scipy\scipy\linalg\_interpolative_backend.py,1168,6
scipy,v0.16.0b2,E:\my code\pysmell\subject_raw\scipy\scipy\scipy\linalg\tests\test_decomp.py,614,7
scipy,v0.16.0b2,E:\my code\pysmell\subject_raw\scipy\scipy\scipy\linalg\tests\test_decomp.py,634,7
scipy,v0.16.0b2,E:\my code\pysmell\subject_raw\scipy\scipy\scipy\linalg\tests\test_decomp_update.py,357,6
scipy,v0.16.0b2,E:\my code\pysmell\subject_raw\scipy\scipy\scipy\linalg\tests\test_decomp_update.py,1658,6
scipy,v0.16.0b2,E:\my code\pysmell\subject_raw\scipy\scipy\scipy\linalg\tests\test_matfuncs.py,692,6
scipy,v0.16.0b2,E:\my code\pysmell\subject_raw\scipy\scipy\scipy\ndimage\filters.py,431,7
scipy,v0.16.0b2,E:\my code\pysmell\subject_raw\scipy\scipy\scipy\ndimage\filters.py,510,7
scipy,v0.16.0b2,E:\my code\pysmell\subject_raw\scipy\scipy\scipy\ndimage\filters.py,521,7
scipy,v0.16.0b2,E:\my code\pysmell\subject_raw\scipy\scipy\scipy\ndimage\filters.py,872,9
scipy,v0.16.0b2,E:\my code\pysmell\subject_raw\scipy\scipy\scipy\ndimage\interpolation.py,124,11
scipy,v0.16.0b2,E:\my code\pysmell\subject_raw\scipy\scipy\scipy\ndimage\measurements.py,273,6
scipy,v0.16.0b2,E:\my code\pysmell\subject_raw\scipy\scipy\scipy\ndimage\morphology.py,215,9
scipy,v0.16.0b2,E:\my code\pysmell\subject_raw\scipy\scipy\scipy\ndimage\tests\test_ndimage.py,609,7
scipy,v0.16.0b2,E:\my code\pysmell\subject_raw\scipy\scipy\scipy\ndimage\tests\test_ndimage.py,658,7
scipy,v0.16.0b2,E:\my code\pysmell\subject_raw\scipy\scipy\scipy\optimize\linesearch.py,419,7
scipy,v0.16.0b2,E:\my code\pysmell\subject_raw\scipy\scipy\scipy\optimize\linesearch.py,474,11
scipy,v0.16.0b2,E:\my code\pysmell\subject_raw\scipy\scipy\scipy\optimize\linesearch.py,753,7
scipy,v0.16.0b2,E:\my code\pysmell\subject_raw\scipy\scipy\scipy\optimize\minpack.py,18,6
scipy,v0.16.0b2,E:\my code\pysmell\subject_raw\scipy\scipy\scipy\optimize\nonlin.py,682,7
scipy,v0.16.0b2,E:\my code\pysmell\subject_raw\scipy\scipy\scipy\optimize\nonlin.py,995,7
scipy,v0.16.0b2,E:\my code\pysmell\subject_raw\scipy\scipy\scipy\optimize\nonlin.py,1036,7
scipy,v0.16.0b2,E:\my code\pysmell\subject_raw\scipy\scipy\scipy\optimize\nonlin.py,1155,7
scipy,v0.16.0b2,E:\my code\pysmell\subject_raw\scipy\scipy\scipy\optimize\nonlin.py,1228,7
scipy,v0.16.0b2,E:\my code\pysmell\subject_raw\scipy\scipy\scipy\optimize\nonlin.py,1268,7
scipy,v0.16.0b2,E:\my code\pysmell\subject_raw\scipy\scipy\scipy\optimize\nonlin.py,1319,7
scipy,v0.16.0b2,E:\my code\pysmell\subject_raw\scipy\scipy\scipy\optimize\optimize.py,680,8
scipy,v0.16.0b2,E:\my code\pysmell\subject_raw\scipy\scipy\scipy\optimize\optimize.py,2407,6
scipy,v0.16.0b2,E:\my code\pysmell\subject_raw\scipy\scipy\scipy\optimize\tests\test_linesearch.py,40,6
scipy,v0.16.0b2,E:\my code\pysmell\subject_raw\scipy\scipy\scipy\optimize\tests\test_minpack.py,335,7
scipy,v0.16.0b2,E:\my code\pysmell\subject_raw\scipy\scipy\scipy\signal\filter_design.py,2260,7
scipy,v0.16.0b2,E:\my code\pysmell\subject_raw\scipy\scipy\scipy\signal\ltisys.py,1602,6
scipy,v0.16.0b2,E:\my code\pysmell\subject_raw\scipy\scipy\scipy\signal\ltisys.py,1836,6
scipy,v0.16.0b2,E:\my code\pysmell\subject_raw\scipy\scipy\scipy\signal\ltisys.py,1959,6
scipy,v0.16.0b2,E:\my code\pysmell\subject_raw\scipy\scipy\scipy\signal\spectral.py,904,6
scipy,v0.16.0b2,E:\my code\pysmell\subject_raw\scipy\scipy\scipy\signal\_savitzky_golay.py,169,10
scipy,v0.16.0b2,E:\my code\pysmell\subject_raw\scipy\scipy\scipy\signal\_savitzky_golay.py,213,7
scipy,v0.16.0b2,E:\my code\pysmell\subject_raw\scipy\scipy\scipy\signal\tests\test_signaltools.py,708,6
scipy,v0.16.0b2,E:\my code\pysmell\subject_raw\scipy\scipy\scipy\sparse\base.py,802,6
scipy,v0.16.0b2,E:\my code\pysmell\subject_raw\scipy\scipy\scipy\sparse\compressed.py,839,6
scipy,v0.16.0b2,E:\my code\pysmell\subject_raw\scipy\scipy\scipy\sparse\linalg\_expm_multiply.py,169,6
scipy,v0.16.0b2,E:\my code\pysmell\subject_raw\scipy\scipy\scipy\sparse\linalg\_expm_multiply.py,593,7
scipy,v0.16.0b2,E:\my code\pysmell\subject_raw\scipy\scipy\scipy\sparse\linalg\_expm_multiply.py,602,8
scipy,v0.16.0b2,E:\my code\pysmell\subject_raw\scipy\scipy\scipy\sparse\linalg\_expm_multiply.py,631,8
scipy,v0.16.0b2,E:\my code\pysmell\subject_raw\scipy\scipy\scipy\sparse\linalg\isolve\iterative\test.py,7,6
scipy,v0.16.0b2,E:\my code\pysmell\subject_raw\scipy\scipy\scipy\sparse\linalg\isolve\iterative\test.py,17,6
scipy,v0.16.0b2,E:\my code\pysmell\subject_raw\scipy\scipy\scipy\special\generate_ufuncs.py,703,6
scipy,v0.16.0b2,E:\my code\pysmell\subject_raw\scipy\scipy\scipy\special\generate_ufuncs.py,841,6
scipy,v0.16.0b2,E:\my code\pysmell\subject_raw\scipy\scipy\scipy\special\orthogonal.py,166,8
scipy,v0.16.0b2,E:\my code\pysmell\subject_raw\scipy\scipy\scipy\special\tests\test_ellip_harm.py,26,7
scipy,v0.16.0b2,E:\my code\pysmell\subject_raw\scipy\scipy\scipy\special\tests\test_ellip_harm.py,30,7
scipy,v0.16.0b2,E:\my code\pysmell\subject_raw\scipy\scipy\scipy\special\tests\test_ellip_harm.py,34,8
scipy,v0.16.0b2,E:\my code\pysmell\subject_raw\scipy\scipy\scipy\special\tests\test_ellip_harm.py,48,8
scipy,v0.16.0b2,E:\my code\pysmell\subject_raw\scipy\scipy\scipy\special\tests\test_orthogonal.py,276,6
scipy,v0.16.0b2,E:\my code\pysmell\subject_raw\scipy\scipy\scipy\stats\morestats.py,1216,6
scipy,v0.16.0b2,E:\my code\pysmell\subject_raw\scipy\scipy\scipy\stats\morestats.py,1260,6
scipy,v0.16.0b2,E:\my code\pysmell\subject_raw\scipy\scipy\scipy\stats\mstats_basic.py,2043,6
scipy,v0.16.0b2,E:\my code\pysmell\subject_raw\scipy\scipy\scipy\stats\stats.py,3382,6
scipy,v0.16.0b2,E:\my code\pysmell\subject_raw\scipy\scipy\scipy\stats\stats.py,4598,6
scipy,v0.16.0b2,E:\my code\pysmell\subject_raw\scipy\scipy\scipy\stats\_continuous_distns.py,2423,6
scipy,v0.16.0b2,E:\my code\pysmell\subject_raw\scipy\scipy\scipy\stats\_continuous_distns.py,2427,6
scipy,v0.16.0b2,E:\my code\pysmell\subject_raw\scipy\scipy\scipy\stats\_distn_infrastructure.py,368,7
scipy,v0.16.0b2,E:\my code\pysmell\subject_raw\scipy\scipy\scipy\stats\_multivariate.py,425,6
scipy,v0.16.0b2,E:\my code\pysmell\subject_raw\scipy\scipy\scipy\stats\_multivariate.py,1196,7
scipy,v0.16.0b2,E:\my code\pysmell\subject_raw\scipy\scipy\scipy\stats\_multivariate.py,1404,6
scipy,v0.16.0b2,E:\my code\pysmell\subject_raw\scipy\scipy\scipy\stats\_multivariate.py,1448,7
scipy,v0.16.0b2,E:\my code\pysmell\subject_raw\scipy\scipy\scipy\stats\_multivariate.py,1847,6
scipy,v0.16.0b2,E:\my code\pysmell\subject_raw\scipy\scipy\scipy\stats\_multivariate.py,2062,7
scipy,v0.16.0b2,E:\my code\pysmell\subject_raw\scipy\scipy\scipy\stats\tests\common_tests.py,76,6
scipy,v0.16.0b2,E:\my code\pysmell\subject_raw\scipy\scipy\scipy\stats\tests\common_tests.py,85,6
scipy,v0.16.0b2,E:\my code\pysmell\subject_raw\scipy\scipy\scipy\stats\tests\test_continuous_basic.py,229,8
scipy,v0.16.0b2,E:\my code\pysmell\subject_raw\scipy\scipy\scipy\stats\tests\test_stats.py,1729,7
scipy,v0.16.0b2,E:\my code\pysmell\subject_raw\scipy\scipy\scipy\weave\build_tools.py,540,8
scipy,v0.16.0b2,E:\my code\pysmell\subject_raw\scipy\scipy\scipy\weave\inline_tools.py,451,6
ansible,v1.9.2-0.1.rc1,E:\my code\pysmell\subject_raw\ansible\ansible\hacking\module_formatter.py,218,7
ansible,v1.9.2-0.1.rc1,E:\my code\pysmell\subject_raw\ansible\ansible\hacking\module_formatter.py,301,10
ansible,v1.9.2-0.1.rc1,E:\my code\pysmell\subject_raw\ansible\ansible\hacking\module_formatter.py,315,6
ansible,v1.9.2-0.1.rc1,E:\my code\pysmell\subject_raw\ansible\ansible\lib\ansible\runner\connection.py,34,8
ansible,v1.9.2-0.1.rc1,E:\my code\pysmell\subject_raw\ansible\ansible\lib\ansible\runner\__init__.py,841,6
ansible,v1.9.2-0.1.rc1,E:\my code\pysmell\subject_raw\ansible\ansible\lib\ansible\runner\__init__.py,1326,6
ansible,v1.9.2-0.1.rc1,E:\my code\pysmell\subject_raw\ansible\ansible\lib\ansible\runner\action_plugins\add_host.py,37,7
ansible,v1.9.2-0.1.rc1,E:\my code\pysmell\subject_raw\ansible\ansible\lib\ansible\runner\action_plugins\assemble.py,76,7
ansible,v1.9.2-0.1.rc1,E:\my code\pysmell\subject_raw\ansible\ansible\lib\ansible\runner\action_plugins\assert.py,31,7
ansible,v1.9.2-0.1.rc1,E:\my code\pysmell\subject_raw\ansible\ansible\lib\ansible\runner\action_plugins\async.py,25,7
ansible,v1.9.2-0.1.rc1,E:\my code\pysmell\subject_raw\ansible\ansible\lib\ansible\runner\action_plugins\copy.py,43,7
ansible,v1.9.2-0.1.rc1,E:\my code\pysmell\subject_raw\ansible\ansible\lib\ansible\runner\action_plugins\copy.py,333,6
ansible,v1.9.2-0.1.rc1,E:\my code\pysmell\subject_raw\ansible\ansible\lib\ansible\runner\action_plugins\debug.py,33,7
ansible,v1.9.2-0.1.rc1,E:\my code\pysmell\subject_raw\ansible\ansible\lib\ansible\runner\action_plugins\fail.py,31,7
ansible,v1.9.2-0.1.rc1,E:\my code\pysmell\subject_raw\ansible\ansible\lib\ansible\runner\action_plugins\fetch.py,36,7
ansible,v1.9.2-0.1.rc1,E:\my code\pysmell\subject_raw\ansible\ansible\lib\ansible\runner\action_plugins\group_by.py,36,7
ansible,v1.9.2-0.1.rc1,E:\my code\pysmell\subject_raw\ansible\ansible\lib\ansible\runner\action_plugins\include_vars.py,31,7
ansible,v1.9.2-0.1.rc1,E:\my code\pysmell\subject_raw\ansible\ansible\lib\ansible\runner\action_plugins\normal.py,36,7
ansible,v1.9.2-0.1.rc1,E:\my code\pysmell\subject_raw\ansible\ansible\lib\ansible\runner\action_plugins\patch.py,26,7
ansible,v1.9.2-0.1.rc1,E:\my code\pysmell\subject_raw\ansible\ansible\lib\ansible\runner\action_plugins\pause.py,50,7
ansible,v1.9.2-0.1.rc1,E:\my code\pysmell\subject_raw\ansible\ansible\lib\ansible\runner\action_plugins\raw.py,31,7
ansible,v1.9.2-0.1.rc1,E:\my code\pysmell\subject_raw\ansible\ansible\lib\ansible\runner\action_plugins\script.py,35,7
ansible,v1.9.2-0.1.rc1,E:\my code\pysmell\subject_raw\ansible\ansible\lib\ansible\runner\action_plugins\set_fact.py,28,7
ansible,v1.9.2-0.1.rc1,E:\my code\pysmell\subject_raw\ansible\ansible\lib\ansible\runner\action_plugins\synchronize.py,92,7
ansible,v1.9.2-0.1.rc1,E:\my code\pysmell\subject_raw\ansible\ansible\lib\ansible\runner\action_plugins\template.py,52,7
ansible,v1.9.2-0.1.rc1,E:\my code\pysmell\subject_raw\ansible\ansible\lib\ansible\runner\action_plugins\unarchive.py,41,7
ansible,v1.9.2-0.1.rc1,E:\my code\pysmell\subject_raw\ansible\ansible\lib\ansible\runner\action_plugins\win_copy.py,43,7
ansible,v1.9.2-0.1.rc1,E:\my code\pysmell\subject_raw\ansible\ansible\lib\ansible\runner\action_plugins\win_copy.py,329,6
ansible,v1.9.2-0.1.rc1,E:\my code\pysmell\subject_raw\ansible\ansible\lib\ansible\runner\action_plugins\win_template.py,33,7
ansible,v1.9.2-0.1.rc1,E:\my code\pysmell\subject_raw\ansible\ansible\lib\ansible\runner\connection_plugins\accelerate.py,41,9
ansible,v1.9.2-0.1.rc1,E:\my code\pysmell\subject_raw\ansible\ansible\lib\ansible\runner\connection_plugins\chroot.py,32,6
ansible,v1.9.2-0.1.rc1,E:\my code\pysmell\subject_raw\ansible\ansible\lib\ansible\runner\connection_plugins\fireball.py,37,6
ansible,v1.9.2-0.1.rc1,E:\my code\pysmell\subject_raw\ansible\ansible\lib\ansible\runner\connection_plugins\funcd.py,42,6
ansible,v1.9.2-0.1.rc1,E:\my code\pysmell\subject_raw\ansible\ansible\lib\ansible\runner\connection_plugins\jail.py,60,6
ansible,v1.9.2-0.1.rc1,E:\my code\pysmell\subject_raw\ansible\ansible\lib\ansible\runner\connection_plugins\libvirt_lxc.py,43,6
ansible,v1.9.2-0.1.rc1,E:\my code\pysmell\subject_raw\ansible\ansible\lib\ansible\runner\connection_plugins\local.py,33,6
ansible,v1.9.2-0.1.rc1,E:\my code\pysmell\subject_raw\ansible\ansible\lib\ansible\runner\connection_plugins\paramiko_ssh.py,116,9
ansible,v1.9.2-0.1.rc1,E:\my code\pysmell\subject_raw\ansible\ansible\lib\ansible\runner\connection_plugins\ssh.py,41,9
ansible,v1.9.2-0.1.rc1,E:\my code\pysmell\subject_raw\ansible\ansible\lib\ansible\runner\connection_plugins\winrm.py,56,8
ansible,v1.9.2-0.1.rc1,E:\my code\pysmell\subject_raw\ansible\ansible\lib\ansible\runner\connection_plugins\zone.py,67,6
ansible,v1.9.2-0.1.rc1,E:\my code\pysmell\subject_raw\ansible\ansible\lib\ansible\utils\template.py,160,6
ansible,v1.9.2-0.1.rc1,E:\my code\pysmell\subject_raw\ansible\ansible\v2\ansible\executor\playbook_executor.py,38,6
ansible,v1.9.2-0.1.rc1,E:\my code\pysmell\subject_raw\ansible\ansible\v2\ansible\executor\task_executor.py,46,7
ansible,v1.9.2-0.1.rc1,E:\my code\pysmell\subject_raw\ansible\ansible\v2\ansible\executor\task_queue_manager.py,50,6
ansible,v1.9.2-0.1.rc1,E:\my code\pysmell\subject_raw\ansible\ansible\v2\ansible\executor\process\worker.py,54,6
ansible,v1.9.2-0.1.rc1,E:\my code\pysmell\subject_raw\ansible\ansible\v2\ansible\plugins\action\__init__.py,47,6
ansible,v1.9.2-0.1.rc1,E:\my code\pysmell\subject_raw\ansible\ansible\v2\ansible\plugins\connections\accelerate.py,41,9
ansible,v1.9.2-0.1.rc1,E:\my code\pysmell\subject_raw\ansible\ansible\v2\ansible\plugins\connections\chroot.py,31,6
ansible,v1.9.2-0.1.rc1,E:\my code\pysmell\subject_raw\ansible\ansible\v2\ansible\plugins\connections\fireball.py,37,6
ansible,v1.9.2-0.1.rc1,E:\my code\pysmell\subject_raw\ansible\ansible\v2\ansible\plugins\connections\funcd.py,42,6
ansible,v1.9.2-0.1.rc1,E:\my code\pysmell\subject_raw\ansible\ansible\v2\ansible\plugins\connections\jail.py,59,6
ansible,v1.9.2-0.1.rc1,E:\my code\pysmell\subject_raw\ansible\ansible\v2\ansible\plugins\connections\libvirt_lxc.py,42,6
ansible,v1.9.2-0.1.rc1,E:\my code\pysmell\subject_raw\ansible\ansible\v2\ansible\plugins\connections\paramiko_ssh.py,116,9
ansible,v1.9.2-0.1.rc1,E:\my code\pysmell\subject_raw\ansible\ansible\v2\ansible\plugins\connections\winrm.py,50,8
ansible,v1.9.2-0.1.rc1,E:\my code\pysmell\subject_raw\ansible\ansible\v2\hacking\module_formatter.py,218,7
ansible,v1.9.2-0.1.rc1,E:\my code\pysmell\subject_raw\ansible\ansible\v2\hacking\module_formatter.py,301,10
ansible,v1.9.2-0.1.rc1,E:\my code\pysmell\subject_raw\ansible\ansible\v2\hacking\module_formatter.py,315,6
boto,2.38.0,E:\my code\pysmell\subject_raw\boto\boto\boto\connection.py,305,10
boto,2.38.0,E:\my code\pysmell\subject_raw\boto\boto\boto\utils.py,599,7
boto,2.38.0,E:\my code\pysmell\subject_raw\boto\boto\boto\awslambda\layer1.py,405,7
boto,2.38.0,E:\my code\pysmell\subject_raw\boto\boto\boto\cloudformation\connection.py,98,13
boto,2.38.0,E:\my code\pysmell\subject_raw\boto\boto\boto\directconnect\layer1.py,83,6
boto,2.38.0,E:\my code\pysmell\subject_raw\boto\boto\boto\dynamodb\layer2.py,48,6
boto,2.38.0,E:\my code\pysmell\subject_raw\boto\boto\boto\ec2\securitygroup.py,97,8
boto,2.38.0,E:\my code\pysmell\subject_raw\boto\boto\boto\ec2\securitygroup.py,118,8
boto,2.38.0,E:\my code\pysmell\subject_raw\boto\boto\boto\ec2\cloudwatch\metric.py,107,7
boto,2.38.0,E:\my code\pysmell\subject_raw\boto\boto\boto\ec2\cloudwatch\__init__.py,177,7
boto,2.38.0,E:\my code\pysmell\subject_raw\boto\boto\boto\emr\instance_group.py,23,6
boto,2.38.0,E:\my code\pysmell\subject_raw\boto\boto\boto\glacier\concurrent.py,217,7
boto,2.38.0,E:\my code\pysmell\subject_raw\boto\boto\boto\glacier\job.py,147,6
boto,2.38.0,E:\my code\pysmell\subject_raw\boto\boto\boto\glacier\layer1.py,1193,7
boto,2.38.0,E:\my code\pysmell\subject_raw\boto\boto\boto\glacier\utils.py,170,6
boto,2.38.0,E:\my code\pysmell\subject_raw\boto\boto\boto\gs\bucket.py,411,8
boto,2.38.0,E:\my code\pysmell\subject_raw\boto\boto\boto\gs\resumable_upload_handler.py,316,9
boto,2.38.0,E:\my code\pysmell\subject_raw\boto\boto\boto\gs\resumable_upload_handler.py,410,7
boto,2.38.0,E:\my code\pysmell\subject_raw\boto\boto\boto\pyami\installers\__init__.py,30,9
boto,2.38.0,E:\my code\pysmell\subject_raw\boto\boto\boto\rds\__init__.py,138,6
boto,2.38.0,E:\my code\pysmell\subject_raw\boto\boto\boto\rds2\layer1.py,321,7
boto,2.38.0,E:\my code\pysmell\subject_raw\boto\boto\boto\redshift\layer1.py,947,7
boto,2.38.0,E:\my code\pysmell\subject_raw\boto\boto\boto\route53\zone.py,62,7
boto,2.38.0,E:\my code\pysmell\subject_raw\boto\boto\boto\route53\domains\layer1.py,273,6
boto,2.38.0,E:\my code\pysmell\subject_raw\boto\boto\boto\route53\domains\layer1.py,464,7
boto,2.38.0,E:\my code\pysmell\subject_raw\boto\boto\boto\s3\resumable_download_handler.py,175,9
boto,2.38.0,E:\my code\pysmell\subject_raw\boto\boto\boto\sdb\db\manager\sdbmanager.py,403,10
boto,2.38.0,E:\my code\pysmell\subject_raw\boto\boto\boto\sdb\db\manager\xmlmanager.py,185,10
boto,2.38.0,E:\my code\pysmell\subject_raw\boto\boto\boto\vpc\__init__.py,621,6
boto,2.38.0,E:\my code\pysmell\subject_raw\boto\boto\boto\vpc\__init__.py,689,6
ipython,rel-3.1.0,E:\my code\pysmell\subject_raw\ipython\ipython\docs\sphinxext\magics.py,20,6
ipython,rel-3.1.0,E:\my code\pysmell\subject_raw\ipython\ipython\IPython\core\ultratb.py,940,6
ipython,rel-3.1.0,E:\my code\pysmell\subject_raw\ipython\ipython\IPython\core\magics\execution.py,72,7
ipython,rel-3.1.0,E:\my code\pysmell\subject_raw\ipython\ipython\IPython\sphinxext\ipython_directive.py,547,8
ipython,rel-3.1.0,E:\my code\pysmell\subject_raw\ipython\ipython\IPython\testing\plugin\ipdoctest.py,126,8
ipython,rel-3.1.0,E:\my code\pysmell\subject_raw\ipython\ipython\IPython\testing\plugin\ipdoctest.py,550,6
ipython,rel-3.1.0,E:\my code\pysmell\subject_raw\ipython\ipython\IPython\utils\PyColorize.py,213,6
ipython,rel-3.1.0,E:\my code\pysmell\subject_raw\ipython\ipython\IPython\utils\text.py,542,6
numpy,v1.9.2,E:\my code\pysmell\subject_raw\numpy\numpy\numpy\core\arrayprint.py,470,8
numpy,v1.9.2,E:\my code\pysmell\subject_raw\numpy\numpy\numpy\core\machar.py,113,6
numpy,v1.9.2,E:\my code\pysmell\subject_raw\numpy\numpy\numpy\core\code_generators\genapi.py,377,7
numpy,v1.9.2,E:\my code\pysmell\subject_raw\numpy\numpy\numpy\core\code_generators\generate_umath.py,111,7
numpy,v1.9.2,E:\my code\pysmell\subject_raw\numpy\numpy\numpy\core\tests\test_multiarray.py,1885,6
numpy,v1.9.2,E:\my code\pysmell\subject_raw\numpy\numpy\numpy\core\tests\test_multiarray.py,1889,6
numpy,v1.9.2,E:\my code\pysmell\subject_raw\numpy\numpy\numpy\core\tests\test_multiarray.py,2339,6
numpy,v1.9.2,E:\my code\pysmell\subject_raw\numpy\numpy\numpy\core\tests\test_multiarray.py,2423,6
numpy,v1.9.2,E:\my code\pysmell\subject_raw\numpy\numpy\numpy\core\tests\test_multiarray.py,3913,6
numpy,v1.9.2,E:\my code\pysmell\subject_raw\numpy\numpy\numpy\core\tests\test_multiarray.py,3917,6
numpy,v1.9.2,E:\my code\pysmell\subject_raw\numpy\numpy\numpy\core\tests\test_umath.py,1166,6
numpy,v1.9.2,E:\my code\pysmell\subject_raw\numpy\numpy\numpy\core\tests\test_umath.py,1204,6
numpy,v1.9.2,E:\my code\pysmell\subject_raw\numpy\numpy\numpy\core\tests\test_umath.py,1208,6
numpy,v1.9.2,E:\my code\pysmell\subject_raw\numpy\numpy\numpy\core\tests\test_umath.py,1212,6
numpy,v1.9.2,E:\my code\pysmell\subject_raw\numpy\numpy\numpy\core\tests\test_umath.py,1216,6
numpy,v1.9.2,E:\my code\pysmell\subject_raw\numpy\numpy\numpy\core\tests\test_umath.py,1220,6
numpy,v1.9.2,E:\my code\pysmell\subject_raw\numpy\numpy\numpy\core\tests\test_umath.py,1285,6
numpy,v1.9.2,E:\my code\pysmell\subject_raw\numpy\numpy\numpy\core\tests\test_umath.py,1388,6
numpy,v1.9.2,E:\my code\pysmell\subject_raw\numpy\numpy\numpy\core\tests\test_umath.py,1393,6
numpy,v1.9.2,E:\my code\pysmell\subject_raw\numpy\numpy\numpy\distutils\mingw32ccompiler.py,184,8
numpy,v1.9.2,E:\my code\pysmell\subject_raw\numpy\numpy\numpy\distutils\npy_pkg_config.py,121,6
numpy,v1.9.2,E:\my code\pysmell\subject_raw\numpy\numpy\numpy\distutils\unixccompiler.py,20,7
numpy,v1.9.2,E:\my code\pysmell\subject_raw\numpy\numpy\numpy\distutils\command\config.py,117,7
numpy,v1.9.2,E:\my code\pysmell\subject_raw\numpy\numpy\numpy\distutils\fcompiler\__init__.py,562,7
numpy,v1.9.2,E:\my code\pysmell\subject_raw\numpy\numpy\numpy\lib\financial.py,517,6
numpy,v1.9.2,E:\my code\pysmell\subject_raw\numpy\numpy\numpy\lib\tests\test_arraysetops.py,19,6
numpy,v1.9.2,E:\my code\pysmell\subject_raw\numpy\numpy\numpy\testing\noseclasses.py,66,8
nltk,3.0.2,E:\my code\pysmell\subject_raw\nltk\nltk\nltk\collocations.py,244,9
nltk,3.0.2,E:\my code\pysmell\subject_raw\nltk\nltk\nltk\collocations.py,290,6
nltk,3.0.2,E:\my code\pysmell\subject_raw\nltk\nltk\nltk\downloader.py,1858,6
nltk,3.0.2,E:\my code\pysmell\subject_raw\nltk\nltk\nltk\featstruct.py,272,6
nltk,3.0.2,E:\my code\pysmell\subject_raw\nltk\nltk\nltk\featstruct.py,1174,6
nltk,3.0.2,E:\my code\pysmell\subject_raw\nltk\nltk\nltk\featstruct.py,1362,8
nltk,3.0.2,E:\my code\pysmell\subject_raw\nltk\nltk\nltk\featstruct.py,1445,9
nltk,3.0.2,E:\my code\pysmell\subject_raw\nltk\nltk\nltk\featstruct.py,2054,6
nltk,3.0.2,E:\my code\pysmell\subject_raw\nltk\nltk\nltk\featstruct.py,2098,6
nltk,3.0.2,E:\my code\pysmell\subject_raw\nltk\nltk\nltk\featstruct.py,2298,8
nltk,3.0.2,E:\my code\pysmell\subject_raw\nltk\nltk\nltk\align\gale_church.py,93,6
nltk,3.0.2,E:\my code\pysmell\subject_raw\nltk\nltk\nltk\align\ibm3.py,260,6
nltk,3.0.2,E:\my code\pysmell\subject_raw\nltk\nltk\nltk\align\ibm3.py,331,6
nltk,3.0.2,E:\my code\pysmell\subject_raw\nltk\nltk\nltk\align\phrase_based.py,9,11
nltk,3.0.2,E:\my code\pysmell\subject_raw\nltk\nltk\nltk\chunk\util.py,516,9
nltk,3.0.2,E:\my code\pysmell\subject_raw\nltk\nltk\nltk\classify\maxent.py,1222,8
nltk,3.0.2,E:\my code\pysmell\subject_raw\nltk\nltk\nltk\corpus\reader\aligned.py,93,8
nltk,3.0.2,E:\my code\pysmell\subject_raw\nltk\nltk\nltk\corpus\reader\bnc.py,96,6
nltk,3.0.2,E:\my code\pysmell\subject_raw\nltk\nltk\nltk\corpus\reader\bnc.py,169,6
nltk,3.0.2,E:\my code\pysmell\subject_raw\nltk\nltk\nltk\corpus\reader\chasen.py,66,6
nltk,3.0.2,E:\my code\pysmell\subject_raw\nltk\nltk\nltk\corpus\reader\childes.py,261,9
nltk,3.0.2,E:\my code\pysmell\subject_raw\nltk\nltk\nltk\corpus\reader\chunked.py,159,10
nltk,3.0.2,E:\my code\pysmell\subject_raw\nltk\nltk\nltk\corpus\reader\conll.py,381,6
nltk,3.0.2,E:\my code\pysmell\subject_raw\nltk\nltk\nltk\corpus\reader\conll.py,493,6
nltk,3.0.2,E:\my code\pysmell\subject_raw\nltk\nltk\nltk\corpus\reader\nombank.py,167,9
nltk,3.0.2,E:\my code\pysmell\subject_raw\nltk\nltk\nltk\corpus\reader\ppattach.py,49,7
nltk,3.0.2,E:\my code\pysmell\subject_raw\nltk\nltk\nltk\corpus\reader\propbank.py,166,9
nltk,3.0.2,E:\my code\pysmell\subject_raw\nltk\nltk\nltk\corpus\reader\semcor.py,92,6
nltk,3.0.2,E:\my code\pysmell\subject_raw\nltk\nltk\nltk\corpus\reader\semcor.py,102,6
nltk,3.0.2,E:\my code\pysmell\subject_raw\nltk\nltk\nltk\corpus\reader\semcor.py,218,7
nltk,3.0.2,E:\my code\pysmell\subject_raw\nltk\nltk\nltk\corpus\reader\tagged.py,225,10
nltk,3.0.2,E:\my code\pysmell\subject_raw\nltk\nltk\nltk\corpus\reader\timit.py,422,10
nltk,3.0.2,E:\my code\pysmell\subject_raw\nltk\nltk\nltk\corpus\reader\wordnet.py,245,7
nltk,3.0.2,E:\my code\pysmell\subject_raw\nltk\nltk\nltk\draw\tree.py,394,8
nltk,3.0.2,E:\my code\pysmell\subject_raw\nltk\nltk\nltk\inference\resolution.py,309,7
nltk,3.0.2,E:\my code\pysmell\subject_raw\nltk\nltk\nltk\inference\resolution.py,338,7
nltk,3.0.2,E:\my code\pysmell\subject_raw\nltk\nltk\nltk\inference\resolution.py,407,6
nltk,3.0.2,E:\my code\pysmell\subject_raw\nltk\nltk\nltk\inference\resolution.py,416,6
nltk,3.0.2,E:\my code\pysmell\subject_raw\nltk\nltk\nltk\inference\tableau.py,90,7
nltk,3.0.2,E:\my code\pysmell\subject_raw\nltk\nltk\nltk\inference\tableau.py,106,7
nltk,3.0.2,E:\my code\pysmell\subject_raw\nltk\nltk\nltk\inference\tableau.py,122,7
nltk,3.0.2,E:\my code\pysmell\subject_raw\nltk\nltk\nltk\inference\tableau.py,132,7
nltk,3.0.2,E:\my code\pysmell\subject_raw\nltk\nltk\nltk\inference\tableau.py,142,7
nltk,3.0.2,E:\my code\pysmell\subject_raw\nltk\nltk\nltk\inference\tableau.py,157,7
nltk,3.0.2,E:\my code\pysmell\subject_raw\nltk\nltk\nltk\inference\tableau.py,173,7
nltk,3.0.2,E:\my code\pysmell\subject_raw\nltk\nltk\nltk\inference\tableau.py,185,7
nltk,3.0.2,E:\my code\pysmell\subject_raw\nltk\nltk\nltk\inference\tableau.py,189,7
nltk,3.0.2,E:\my code\pysmell\subject_raw\nltk\nltk\nltk\inference\tableau.py,193,7
nltk,3.0.2,E:\my code\pysmell\subject_raw\nltk\nltk\nltk\inference\tableau.py,197,7
nltk,3.0.2,E:\my code\pysmell\subject_raw\nltk\nltk\nltk\inference\tableau.py,202,7
nltk,3.0.2,E:\my code\pysmell\subject_raw\nltk\nltk\nltk\inference\tableau.py,207,7
nltk,3.0.2,E:\my code\pysmell\subject_raw\nltk\nltk\nltk\inference\tableau.py,212,7
nltk,3.0.2,E:\my code\pysmell\subject_raw\nltk\nltk\nltk\inference\tableau.py,219,7
nltk,3.0.2,E:\my code\pysmell\subject_raw\nltk\nltk\nltk\inference\tableau.py,226,7
nltk,3.0.2,E:\my code\pysmell\subject_raw\nltk\nltk\nltk\inference\tableau.py,233,7
nltk,3.0.2,E:\my code\pysmell\subject_raw\nltk\nltk\nltk\inference\tableau.py,242,7
nltk,3.0.2,E:\my code\pysmell\subject_raw\nltk\nltk\nltk\inference\tableau.py,251,7
nltk,3.0.2,E:\my code\pysmell\subject_raw\nltk\nltk\nltk\inference\tableau.py,262,7
nltk,3.0.2,E:\my code\pysmell\subject_raw\nltk\nltk\nltk\inference\tableau.py,268,7
nltk,3.0.2,E:\my code\pysmell\subject_raw\nltk\nltk\nltk\metrics\segmentation.py,105,6
nltk,3.0.2,E:\my code\pysmell\subject_raw\nltk\nltk\nltk\misc\wordfinder.py,22,6
nltk,3.0.2,E:\my code\pysmell\subject_raw\nltk\nltk\nltk\misc\wordfinder.py,31,7
nltk,3.0.2,E:\my code\pysmell\subject_raw\nltk\nltk\nltk\parse\chart.py,1287,6
nltk,3.0.2,E:\my code\pysmell\subject_raw\nltk\nltk\nltk\parse\nonprojectivedependencyparser.py,284,6
nltk,3.0.2,E:\my code\pysmell\subject_raw\nltk\nltk\nltk\parse\projectivedependencyparser.py,36,6
nltk,3.0.2,E:\my code\pysmell\subject_raw\nltk\nltk\nltk\sem\boxer.py,945,8
nltk,3.0.2,E:\my code\pysmell\subject_raw\nltk\nltk\nltk\sem\boxer.py,972,8
nltk,3.0.2,E:\my code\pysmell\subject_raw\nltk\nltk\nltk\sem\boxer.py,998,8
nltk,3.0.2,E:\my code\pysmell\subject_raw\nltk\nltk\nltk\sem\boxer.py,1021,6
nltk,3.0.2,E:\my code\pysmell\subject_raw\nltk\nltk\nltk\sem\boxer.py,1048,6
nltk,3.0.2,E:\my code\pysmell\subject_raw\nltk\nltk\nltk\sem\boxer.py,1069,7
nltk,3.0.2,E:\my code\pysmell\subject_raw\nltk\nltk\nltk\sem\boxer.py,1088,6
nltk,3.0.2,E:\my code\pysmell\subject_raw\nltk\nltk\nltk\sem\boxer.py,1112,8
nltk,3.0.2,E:\my code\pysmell\subject_raw\nltk\nltk\nltk\sem\glue.py,327,6
nltk,3.0.2,E:\my code\pysmell\subject_raw\nltk\nltk\nltk\sem\hole.py,196,7
nltk,3.0.2,E:\my code\pysmell\subject_raw\nltk\nltk\nltk\tag\hmm.py,134,6
matplotlib,v1.4.3,E:\my code\pysmell\subject_raw\matplotlib\matplotlib\doc\sphinxext\math_symbol_table.py,132,9
matplotlib,v1.4.3,E:\my code\pysmell\subject_raw\matplotlib\matplotlib\doc\users\plotting\examples\custom_boxstyle02.py,25,6
matplotlib,v1.4.3,E:\my code\pysmell\subject_raw\matplotlib\matplotlib\doc\users\plotting\examples\demo_gridspec06.py,18,6
matplotlib,v1.4.3,E:\my code\pysmell\subject_raw\matplotlib\matplotlib\examples\pylab_examples\anchored_artists.py,45,6
matplotlib,v1.4.3,E:\my code\pysmell\subject_raw\matplotlib\matplotlib\examples\pylab_examples\anchored_artists.py,63,6
matplotlib,v1.4.3,E:\my code\pysmell\subject_raw\matplotlib\matplotlib\examples\pylab_examples\axes_zoom_effect.py,8,7
matplotlib,v1.4.3,E:\my code\pysmell\subject_raw\matplotlib\matplotlib\lib\matplotlib\backend_bases.py,244,6
matplotlib,v1.4.3,E:\my code\pysmell\subject_raw\matplotlib\matplotlib\lib\matplotlib\backend_bases.py,274,14
matplotlib,v1.4.3,E:\my code\pysmell\subject_raw\matplotlib\matplotlib\lib\matplotlib\backend_bases.py,313,11
matplotlib,v1.4.3,E:\my code\pysmell\subject_raw\matplotlib\matplotlib\lib\matplotlib\backend_bases.py,394,6
matplotlib,v1.4.3,E:\my code\pysmell\subject_raw\matplotlib\matplotlib\lib\matplotlib\backend_bases.py,411,14
matplotlib,v1.4.3,E:\my code\pysmell\subject_raw\matplotlib\matplotlib\lib\matplotlib\backend_bases.py,550,7
matplotlib,v1.4.3,E:\my code\pysmell\subject_raw\matplotlib\matplotlib\lib\matplotlib\backend_bases.py,555,7
matplotlib,v1.4.3,E:\my code\pysmell\subject_raw\matplotlib\matplotlib\lib\matplotlib\backend_bases.py,594,7
matplotlib,v1.4.3,E:\my code\pysmell\subject_raw\matplotlib\matplotlib\lib\matplotlib\backend_bases.py,634,8
matplotlib,v1.4.3,E:\my code\pysmell\subject_raw\matplotlib\matplotlib\lib\matplotlib\backend_bases.py,1589,6
matplotlib,v1.4.3,E:\my code\pysmell\subject_raw\matplotlib\matplotlib\lib\matplotlib\backend_bases.py,2745,6
matplotlib,v1.4.3,E:\my code\pysmell\subject_raw\matplotlib\matplotlib\lib\matplotlib\backend_bases.py,3304,7
matplotlib,v1.4.3,E:\my code\pysmell\subject_raw\matplotlib\matplotlib\lib\matplotlib\bezier.py,23,8
matplotlib,v1.4.3,E:\my code\pysmell\subject_raw\matplotlib\matplotlib\lib\matplotlib\bezier.py,418,6
matplotlib,v1.4.3,E:\my code\pysmell\subject_raw\matplotlib\matplotlib\lib\matplotlib\contour.py,261,6
matplotlib,v1.4.3,E:\my code\pysmell\subject_raw\matplotlib\matplotlib\lib\matplotlib\contour.py,518,6
matplotlib,v1.4.3,E:\my code\pysmell\subject_raw\matplotlib\matplotlib\lib\matplotlib\contour.py,530,6
matplotlib,v1.4.3,E:\my code\pysmell\subject_raw\matplotlib\matplotlib\lib\matplotlib\contour.py,538,6
matplotlib,v1.4.3,E:\my code\pysmell\subject_raw\matplotlib\matplotlib\lib\matplotlib\dviread.py,248,6
matplotlib,v1.4.3,E:\my code\pysmell\subject_raw\matplotlib\matplotlib\lib\matplotlib\dviread.py,313,12
matplotlib,v1.4.3,E:\my code\pysmell\subject_raw\matplotlib\matplotlib\lib\matplotlib\dviread.py,397,8
matplotlib,v1.4.3,E:\my code\pysmell\subject_raw\matplotlib\matplotlib\lib\matplotlib\figure.py,1247,6
matplotlib,v1.4.3,E:\my code\pysmell\subject_raw\matplotlib\matplotlib\lib\matplotlib\image.py,235,6
matplotlib,v1.4.3,E:\my code\pysmell\subject_raw\matplotlib\matplotlib\lib\matplotlib\legend.py,431,6
matplotlib,v1.4.3,E:\my code\pysmell\subject_raw\matplotlib\matplotlib\lib\matplotlib\legend.py,436,6
matplotlib,v1.4.3,E:\my code\pysmell\subject_raw\matplotlib\matplotlib\lib\matplotlib\legend_handler.py,82,8
matplotlib,v1.4.3,E:\my code\pysmell\subject_raw\matplotlib\matplotlib\lib\matplotlib\legend_handler.py,128,9
matplotlib,v1.4.3,E:\my code\pysmell\subject_raw\matplotlib\matplotlib\lib\matplotlib\legend_handler.py,147,7
matplotlib,v1.4.3,E:\my code\pysmell\subject_raw\matplotlib\matplotlib\lib\matplotlib\legend_handler.py,169,7
matplotlib,v1.4.3,E:\my code\pysmell\subject_raw\matplotlib\matplotlib\lib\matplotlib\legend_handler.py,185,9
matplotlib,v1.4.3,E:\my code\pysmell\subject_raw\matplotlib\matplotlib\lib\matplotlib\legend_handler.py,237,8
matplotlib,v1.4.3,E:\my code\pysmell\subject_raw\matplotlib\matplotlib\lib\matplotlib\legend_handler.py,248,9
matplotlib,v1.4.3,E:\my code\pysmell\subject_raw\matplotlib\matplotlib\lib\matplotlib\legend_handler.py,276,9
matplotlib,v1.4.3,E:\my code\pysmell\subject_raw\matplotlib\matplotlib\lib\matplotlib\legend_handler.py,305,8
matplotlib,v1.4.3,E:\my code\pysmell\subject_raw\matplotlib\matplotlib\lib\matplotlib\legend_handler.py,341,9
matplotlib,v1.4.3,E:\my code\pysmell\subject_raw\matplotlib\matplotlib\lib\matplotlib\legend_handler.py,400,7
matplotlib,v1.4.3,E:\my code\pysmell\subject_raw\matplotlib\matplotlib\lib\matplotlib\legend_handler.py,410,9
matplotlib,v1.4.3,E:\my code\pysmell\subject_raw\matplotlib\matplotlib\lib\matplotlib\legend_handler.py,512,7
matplotlib,v1.4.3,E:\my code\pysmell\subject_raw\matplotlib\matplotlib\lib\matplotlib\legend_handler.py,520,9
matplotlib,v1.4.3,E:\my code\pysmell\subject_raw\matplotlib\matplotlib\lib\matplotlib\legend_handler.py,570,9
matplotlib,v1.4.3,E:\my code\pysmell\subject_raw\matplotlib\matplotlib\lib\matplotlib\legend_handler.py,613,9
matplotlib,v1.4.3,E:\my code\pysmell\subject_raw\matplotlib\matplotlib\lib\matplotlib\mathtext.py,422,10
matplotlib,v1.4.3,E:\my code\pysmell\subject_raw\matplotlib\matplotlib\lib\matplotlib\mathtext.py,441,6
matplotlib,v1.4.3,E:\my code\pysmell\subject_raw\matplotlib\matplotlib\lib\matplotlib\mathtext.py,480,8
matplotlib,v1.4.3,E:\my code\pysmell\subject_raw\matplotlib\matplotlib\lib\matplotlib\mathtext.py,597,6
matplotlib,v1.4.3,E:\my code\pysmell\subject_raw\matplotlib\matplotlib\lib\matplotlib\mathtext.py,656,10
matplotlib,v1.4.3,E:\my code\pysmell\subject_raw\matplotlib\matplotlib\lib\matplotlib\mathtext.py,1061,6
matplotlib,v1.4.3,E:\my code\pysmell\subject_raw\matplotlib\matplotlib\lib\matplotlib\mathtext.py,1139,10
matplotlib,v1.4.3,E:\my code\pysmell\subject_raw\matplotlib\matplotlib\lib\matplotlib\mathtext.py,2356,6
matplotlib,v1.4.3,E:\my code\pysmell\subject_raw\matplotlib\matplotlib\lib\matplotlib\mathtext.py,2769,7
matplotlib,v1.4.3,E:\my code\pysmell\subject_raw\matplotlib\matplotlib\lib\matplotlib\mlab.py,4019,6
matplotlib,v1.4.3,E:\my code\pysmell\subject_raw\matplotlib\matplotlib\lib\matplotlib\offsetbox.py,206,6
matplotlib,v1.4.3,E:\my code\pysmell\subject_raw\matplotlib\matplotlib\lib\matplotlib\patches.py,998,6
matplotlib,v1.4.3,E:\my code\pysmell\subject_raw\matplotlib\matplotlib\lib\matplotlib\patches.py,1093,6
matplotlib,v1.4.3,E:\my code\pysmell\subject_raw\matplotlib\matplotlib\lib\matplotlib\patches.py,1133,6
matplotlib,v1.4.3,E:\my code\pysmell\subject_raw\matplotlib\matplotlib\lib\matplotlib\patches.py,1303,6
matplotlib,v1.4.3,E:\my code\pysmell\subject_raw\matplotlib\matplotlib\lib\matplotlib\patches.py,1929,6
matplotlib,v1.4.3,E:\my code\pysmell\subject_raw\matplotlib\matplotlib\lib\matplotlib\patches.py,1940,6
matplotlib,v1.4.3,E:\my code\pysmell\subject_raw\matplotlib\matplotlib\lib\matplotlib\patches.py,1988,6
matplotlib,v1.4.3,E:\my code\pysmell\subject_raw\matplotlib\matplotlib\lib\matplotlib\patches.py,2016,6
matplotlib,v1.4.3,E:\my code\pysmell\subject_raw\matplotlib\matplotlib\lib\matplotlib\patches.py,2035,6
matplotlib,v1.4.3,E:\my code\pysmell\subject_raw\matplotlib\matplotlib\lib\matplotlib\patches.py,2073,6
matplotlib,v1.4.3,E:\my code\pysmell\subject_raw\matplotlib\matplotlib\lib\matplotlib\patches.py,2095,6
matplotlib,v1.4.3,E:\my code\pysmell\subject_raw\matplotlib\matplotlib\lib\matplotlib\patches.py,2152,6
matplotlib,v1.4.3,E:\my code\pysmell\subject_raw\matplotlib\matplotlib\lib\matplotlib\patches.py,2216,6
matplotlib,v1.4.3,E:\my code\pysmell\subject_raw\matplotlib\matplotlib\lib\matplotlib\patches.py,2270,6
matplotlib,v1.4.3,E:\my code\pysmell\subject_raw\matplotlib\matplotlib\lib\matplotlib\patches.py,2353,6
matplotlib,v1.4.3,E:\my code\pysmell\subject_raw\matplotlib\matplotlib\lib\matplotlib\patches.py,2374,6
matplotlib,v1.4.3,E:\my code\pysmell\subject_raw\matplotlib\matplotlib\lib\matplotlib\patches.py,3257,9
matplotlib,v1.4.3,E:\my code\pysmell\subject_raw\matplotlib\matplotlib\lib\matplotlib\patches.py,3513,7
matplotlib,v1.4.3,E:\my code\pysmell\subject_raw\matplotlib\matplotlib\lib\matplotlib\patheffects.py,109,7
matplotlib,v1.4.3,E:\my code\pysmell\subject_raw\matplotlib\matplotlib\lib\matplotlib\patheffects.py,128,6
matplotlib,v1.4.3,E:\my code\pysmell\subject_raw\matplotlib\matplotlib\lib\matplotlib\patheffects.py,150,8
matplotlib,v1.4.3,E:\my code\pysmell\subject_raw\matplotlib\matplotlib\lib\matplotlib\patheffects.py,186,6
matplotlib,v1.4.3,E:\my code\pysmell\subject_raw\matplotlib\matplotlib\lib\matplotlib\patheffects.py,207,6
matplotlib,v1.4.3,E:\my code\pysmell\subject_raw\matplotlib\matplotlib\lib\matplotlib\patheffects.py,256,6
matplotlib,v1.4.3,E:\my code\pysmell\subject_raw\matplotlib\matplotlib\lib\matplotlib\patheffects.py,289,6
matplotlib,v1.4.3,E:\my code\pysmell\subject_raw\matplotlib\matplotlib\lib\matplotlib\patheffects.py,333,6
matplotlib,v1.4.3,E:\my code\pysmell\subject_raw\matplotlib\matplotlib\lib\matplotlib\patheffects.py,383,6
matplotlib,v1.4.3,E:\my code\pysmell\subject_raw\matplotlib\matplotlib\lib\matplotlib\quiver.py,233,7
matplotlib,v1.4.3,E:\my code\pysmell\subject_raw\matplotlib\matplotlib\lib\matplotlib\quiver.py,968,12
matplotlib,v1.4.3,E:\my code\pysmell\subject_raw\matplotlib\matplotlib\lib\matplotlib\transforms.py,1710,6
matplotlib,v1.4.3,E:\my code\pysmell\subject_raw\matplotlib\matplotlib\lib\matplotlib\transforms.py,1796,6
matplotlib,v1.4.3,E:\my code\pysmell\subject_raw\matplotlib\matplotlib\lib\matplotlib\widgets.py,301,6
matplotlib,v1.4.3,E:\my code\pysmell\subject_raw\matplotlib\matplotlib\lib\matplotlib\axes\_axes.py,4229,6
matplotlib,v1.4.3,E:\my code\pysmell\subject_raw\matplotlib\matplotlib\lib\matplotlib\backends\backend_agg.py,169,7
matplotlib,v1.4.3,E:\my code\pysmell\subject_raw\matplotlib\matplotlib\lib\matplotlib\backends\backend_agg.py,184,7
matplotlib,v1.4.3,E:\my code\pysmell\subject_raw\matplotlib\matplotlib\lib\matplotlib\backends\backend_agg.py,249,7
matplotlib,v1.4.3,E:\my code\pysmell\subject_raw\matplotlib\matplotlib\lib\matplotlib\backends\backend_cairo.py,188,7
matplotlib,v1.4.3,E:\my code\pysmell\subject_raw\matplotlib\matplotlib\lib\matplotlib\backends\backend_cairo.py,221,7
matplotlib,v1.4.3,E:\my code\pysmell\subject_raw\matplotlib\matplotlib\lib\matplotlib\backends\backend_gdk.py,141,7
matplotlib,v1.4.3,E:\my code\pysmell\subject_raw\matplotlib\matplotlib\lib\matplotlib\backends\backend_gdk.py,165,7
matplotlib,v1.4.3,E:\my code\pysmell\subject_raw\matplotlib\matplotlib\lib\matplotlib\backends\backend_gdk.py,213,7
matplotlib,v1.4.3,E:\my code\pysmell\subject_raw\matplotlib\matplotlib\lib\matplotlib\backends\backend_gtk.py,670,6
matplotlib,v1.4.3,E:\my code\pysmell\subject_raw\matplotlib\matplotlib\lib\matplotlib\backends\backend_gtk3.py,546,6
matplotlib,v1.4.3,E:\my code\pysmell\subject_raw\matplotlib\matplotlib\lib\matplotlib\backends\backend_gtk3.py,776,7
matplotlib,v1.4.3,E:\my code\pysmell\subject_raw\matplotlib\matplotlib\lib\matplotlib\backends\backend_macosx.py,60,6
matplotlib,v1.4.3,E:\my code\pysmell\subject_raw\matplotlib\matplotlib\lib\matplotlib\backends\backend_macosx.py,66,14
matplotlib,v1.4.3,E:\my code\pysmell\subject_raw\matplotlib\matplotlib\lib\matplotlib\backends\backend_macosx.py,85,11
matplotlib,v1.4.3,E:\my code\pysmell\subject_raw\matplotlib\matplotlib\lib\matplotlib\backends\backend_macosx.py,116,7
matplotlib,v1.4.3,E:\my code\pysmell\subject_raw\matplotlib\matplotlib\lib\matplotlib\backends\backend_macosx.py,129,7
matplotlib,v1.4.3,E:\my code\pysmell\subject_raw\matplotlib\matplotlib\lib\matplotlib\backends\backend_macosx.py,135,7
matplotlib,v1.4.3,E:\my code\pysmell\subject_raw\matplotlib\matplotlib\lib\matplotlib\backends\backend_macosx.py,403,6
matplotlib,v1.4.3,E:\my code\pysmell\subject_raw\matplotlib\matplotlib\lib\matplotlib\backends\backend_mixed.py,19,6
matplotlib,v1.4.3,E:\my code\pysmell\subject_raw\matplotlib\matplotlib\lib\matplotlib\backends\backend_pdf.py,1327,8
matplotlib,v1.4.3,E:\my code\pysmell\subject_raw\matplotlib\matplotlib\lib\matplotlib\backends\backend_pdf.py,1371,7
matplotlib,v1.4.3,E:\my code\pysmell\subject_raw\matplotlib\matplotlib\lib\matplotlib\backends\backend_pdf.py,1614,14
matplotlib,v1.4.3,E:\my code\pysmell\subject_raw\matplotlib\matplotlib\lib\matplotlib\backends\backend_pdf.py,1684,6
matplotlib,v1.4.3,E:\my code\pysmell\subject_raw\matplotlib\matplotlib\lib\matplotlib\backends\backend_pdf.py,1751,7
matplotlib,v1.4.3,E:\my code\pysmell\subject_raw\matplotlib\matplotlib\lib\matplotlib\backends\backend_pdf.py,1817,7
matplotlib,v1.4.3,E:\my code\pysmell\subject_raw\matplotlib\matplotlib\lib\matplotlib\backends\backend_pdf.py,1912,7
matplotlib,v1.4.3,E:\my code\pysmell\subject_raw\matplotlib\matplotlib\lib\matplotlib\backends\backend_pgf.py,447,6
matplotlib,v1.4.3,E:\my code\pysmell\subject_raw\matplotlib\matplotlib\lib\matplotlib\backends\backend_pgf.py,644,7
matplotlib,v1.4.3,E:\my code\pysmell\subject_raw\matplotlib\matplotlib\lib\matplotlib\backends\backend_pgf.py,647,7
matplotlib,v1.4.3,E:\my code\pysmell\subject_raw\matplotlib\matplotlib\lib\matplotlib\backends\backend_ps.py,569,6
matplotlib,v1.4.3,E:\my code\pysmell\subject_raw\matplotlib\matplotlib\lib\matplotlib\backends\backend_ps.py,622,14
matplotlib,v1.4.3,E:\my code\pysmell\subject_raw\matplotlib\matplotlib\lib\matplotlib\backends\backend_ps.py,665,7
matplotlib,v1.4.3,E:\my code\pysmell\subject_raw\matplotlib\matplotlib\lib\matplotlib\backends\backend_ps.py,700,7
matplotlib,v1.4.3,E:\my code\pysmell\subject_raw\matplotlib\matplotlib\lib\matplotlib\backends\backend_ps.py,813,7
matplotlib,v1.4.3,E:\my code\pysmell\subject_raw\matplotlib\matplotlib\lib\matplotlib\backends\backend_ps.py,1245,10
matplotlib,v1.4.3,E:\my code\pysmell\subject_raw\matplotlib\matplotlib\lib\matplotlib\backends\backend_ps.py,1404,7
matplotlib,v1.4.3,E:\my code\pysmell\subject_raw\matplotlib\matplotlib\lib\matplotlib\backends\backend_qt5.py,686,6
matplotlib,v1.4.3,E:\my code\pysmell\subject_raw\matplotlib\matplotlib\lib\matplotlib\backends\backend_svg.py,580,6
matplotlib,v1.4.3,E:\my code\pysmell\subject_raw\matplotlib\matplotlib\lib\matplotlib\backends\backend_svg.py,623,14
matplotlib,v1.4.3,E:\my code\pysmell\subject_raw\matplotlib\matplotlib\lib\matplotlib\backends\backend_svg.py,886,8
matplotlib,v1.4.3,E:\my code\pysmell\subject_raw\matplotlib\matplotlib\lib\matplotlib\backends\backend_svg.py,1009,8
matplotlib,v1.4.3,E:\my code\pysmell\subject_raw\matplotlib\matplotlib\lib\matplotlib\backends\backend_svg.py,1151,7
matplotlib,v1.4.3,E:\my code\pysmell\subject_raw\matplotlib\matplotlib\lib\matplotlib\backends\backend_svg.py,1154,7
matplotlib,v1.4.3,E:\my code\pysmell\subject_raw\matplotlib\matplotlib\lib\matplotlib\backends\backend_template.py,118,7
matplotlib,v1.4.3,E:\my code\pysmell\subject_raw\matplotlib\matplotlib\lib\matplotlib\backends\backend_tkagg.py,716,6
matplotlib,v1.4.3,E:\my code\pysmell\subject_raw\matplotlib\matplotlib\lib\matplotlib\backends\backend_tkagg.py,945,7
matplotlib,v1.4.3,E:\my code\pysmell\subject_raw\matplotlib\matplotlib\lib\matplotlib\backends\backend_webagg_core.py,413,6
matplotlib,v1.4.3,E:\my code\pysmell\subject_raw\matplotlib\matplotlib\lib\matplotlib\backends\backend_wx.py,293,7
matplotlib,v1.4.3,E:\my code\pysmell\subject_raw\matplotlib\matplotlib\lib\matplotlib\backends\backend_wx.py,1687,6
matplotlib,v1.4.3,E:\my code\pysmell\subject_raw\matplotlib\matplotlib\lib\matplotlib\sphinxext\mathmpl.py,38,9
matplotlib,v1.4.3,E:\my code\pysmell\subject_raw\matplotlib\matplotlib\lib\matplotlib\sphinxext\only_directives.py,30,9
matplotlib,v1.4.3,E:\my code\pysmell\subject_raw\matplotlib\matplotlib\lib\matplotlib\sphinxext\only_directives.py,34,9
matplotlib,v1.4.3,E:\my code\pysmell\subject_raw\matplotlib\matplotlib\lib\matplotlib\sphinxext\plot_directive.py,179,9
matplotlib,v1.4.3,E:\my code\pysmell\subject_raw\matplotlib\matplotlib\lib\matplotlib\sphinxext\plot_directive.py,529,7
matplotlib,v1.4.3,E:\my code\pysmell\subject_raw\matplotlib\matplotlib\lib\matplotlib\sphinxext\plot_directive.py,653,6
matplotlib,v1.4.3,E:\my code\pysmell\subject_raw\matplotlib\matplotlib\lib\matplotlib\tests\test_backend_bases.py,25,6
matplotlib,v1.4.3,E:\my code\pysmell\subject_raw\matplotlib\matplotlib\lib\mpl_toolkits\axes_grid1\anchored_artists.py,19,7
matplotlib,v1.4.3,E:\my code\pysmell\subject_raw\matplotlib\matplotlib\lib\mpl_toolkits\axes_grid1\anchored_artists.py,52,7
matplotlib,v1.4.3,E:\my code\pysmell\subject_raw\matplotlib\matplotlib\lib\mpl_toolkits\axes_grid1\anchored_artists.py,70,6
matplotlib,v1.4.3,E:\my code\pysmell\subject_raw\matplotlib\matplotlib\lib\mpl_toolkits\axes_grid1\axes_divider.py,731,9
matplotlib,v1.4.3,E:\my code\pysmell\subject_raw\matplotlib\matplotlib\lib\mpl_toolkits\axes_grid1\inset_locator.py,235,8
matplotlib,v1.4.3,E:\my code\pysmell\subject_raw\matplotlib\matplotlib\lib\mpl_toolkits\axisartist\angle_helper.py,376,6
matplotlib,v1.4.3,E:\my code\pysmell\subject_raw\matplotlib\matplotlib\lib\mpl_toolkits\axisartist\floating_axes.py,227,6
matplotlib,v1.4.3,E:\my code\pysmell\subject_raw\matplotlib\matplotlib\lib\mpl_toolkits\axisartist\grid_finder.py,21,6
matplotlib,v1.4.3,E:\my code\pysmell\subject_raw\matplotlib\matplotlib\lib\mpl_toolkits\axisartist\grid_finder.py,141,7
matplotlib,v1.4.3,E:\my code\pysmell\subject_raw\matplotlib\matplotlib\lib\mpl_toolkits\mplot3d\art3d.py,107,6
matplotlib,v1.4.3,E:\my code\pysmell\subject_raw\matplotlib\matplotlib\lib\mpl_toolkits\mplot3d\axes3d.py,1462,6
matplotlib,v1.4.3,E:\my code\pysmell\subject_raw\matplotlib\matplotlib\lib\mpl_toolkits\mplot3d\axes3d.py,1535,6
matplotlib,v1.4.3,E:\my code\pysmell\subject_raw\matplotlib\matplotlib\lib\mpl_toolkits\mplot3d\axes3d.py,1715,6
matplotlib,v1.4.3,E:\my code\pysmell\subject_raw\matplotlib\matplotlib\lib\mpl_toolkits\mplot3d\axes3d.py,1973,6
matplotlib,v1.4.3,E:\my code\pysmell\subject_raw\matplotlib\matplotlib\lib\mpl_toolkits\mplot3d\axes3d.py,2066,6
matplotlib,v1.4.3,E:\my code\pysmell\subject_raw\matplotlib\matplotlib\lib\mpl_toolkits\mplot3d\axes3d.py,2317,9
matplotlib,v1.4.3,E:\my code\pysmell\subject_raw\matplotlib\matplotlib\lib\mpl_toolkits\mplot3d\axis3d.py,73,7
matplotlib,v1.4.3,E:\my code\pysmell\subject_raw\matplotlib\matplotlib\lib\mpl_toolkits\mplot3d\proj3d.py,99,6
matplotlib,v1.4.3,E:\my code\pysmell\subject_raw\matplotlib\matplotlib\unit\ellipse_large.py,24,7
matplotlib,v1.4.3,E:\my code\pysmell\subject_raw\matplotlib\matplotlib\unit\virtualenv.py,1261,6
django,1.8.2,E:\my code\pysmell\subject_raw\django\django\django\contrib\admin\filters.py,121,7
django,1.8.2,E:\my code\pysmell\subject_raw\django\django\django\contrib\admin\filters.py,153,7
django,1.8.2,E:\my code\pysmell\subject_raw\django\django\django\contrib\admin\filters.py,163,7
django,1.8.2,E:\my code\pysmell\subject_raw\django\django\django\contrib\admin\filters.py,220,7
django,1.8.2,E:\my code\pysmell\subject_raw\django\django\django\contrib\admin\filters.py,257,7
django,1.8.2,E:\my code\pysmell\subject_raw\django\django\django\contrib\admin\filters.py,284,7
django,1.8.2,E:\my code\pysmell\subject_raw\django\django\django\contrib\admin\filters.py,350,7
django,1.8.2,E:\my code\pysmell\subject_raw\django\django\django\contrib\admin\helpers.py,274,6
django,1.8.2,E:\my code\pysmell\subject_raw\django\django\django\contrib\admin\models.py,19,6
django,1.8.2,E:\my code\pysmell\subject_raw\django\django\django\contrib\admin\views\main.py,41,13
django,1.8.2,E:\my code\pysmell\subject_raw\django\django\django\contrib\auth\forms.py,196,6
django,1.8.2,E:\my code\pysmell\subject_raw\django\django\django\contrib\auth\models.py,135,7
django,1.8.2,E:\my code\pysmell\subject_raw\django\django\django\contrib\contenttypes\fields.py,156,6
django,1.8.2,E:\my code\pysmell\subject_raw\django\django\django\core\files\uploadedfile.py,92,7
django,1.8.2,E:\my code\pysmell\subject_raw\django\django\django\core\serializers\xml_serializer.py,323,8
django,1.8.2,E:\my code\pysmell\subject_raw\django\django\django\core\serializers\xml_serializer.py,327,6
django,1.8.2,E:\my code\pysmell\subject_raw\django\django\django\core\serializers\xml_serializer.py,364,7
django,1.8.2,E:\my code\pysmell\subject_raw\django\django\django\db\backends\base\schema.py,484,8
django,1.8.2,E:\my code\pysmell\subject_raw\django\django\django\db\backends\sqlite3\schema.py,241,8
django,1.8.2,E:\my code\pysmell\subject_raw\django\django\django\db\models\base.py,791,7
django,1.8.2,E:\my code\pysmell\subject_raw\django\django\django\db\models\base.py,819,6
django,1.8.2,E:\my code\pysmell\subject_raw\django\django\django\db\models\sql\datastructures.py,46,7
django,1.8.2,E:\my code\pysmell\subject_raw\django\django\django\db\models\sql\query.py,1698,7
django,1.8.2,E:\my code\pysmell\subject_raw\django\django\django\forms\forms.py,187,6
django,1.8.2,E:\my code\pysmell\subject_raw\django\django\django\forms\widgets.py,167,6
django,1.8.2,E:\my code\pysmell\subject_raw\django\django\django\forms\widgets.py,622,6
django,1.8.2,E:\my code\pysmell\subject_raw\django\django\django\forms\widgets.py,1036,7
django,1.8.2,E:\my code\pysmell\subject_raw\django\django\django\template\defaulttags.py,281,6
django,1.8.2,E:\my code\pysmell\subject_raw\django\django\django\template\library.py,194,6
django,1.8.2,E:\my code\pysmell\subject_raw\django\django\django\template\library.py,209,6
django,1.8.2,E:\my code\pysmell\subject_raw\django\django\django\template\library.py,243,8
django,1.8.2,E:\my code\pysmell\subject_raw\django\django\django\templatetags\cache.py,13,6
django,1.8.2,E:\my code\pysmell\subject_raw\django\django\django\test\client.py,141,6
django,1.8.2,E:\my code\pysmell\subject_raw\django\django\django\test\testcases.py,105,6
django,1.8.2,E:\my code\pysmell\subject_raw\django\django\django\test\testcases.py,346,6
django,1.8.2,E:\my code\pysmell\subject_raw\django\django\django\test\testcases.py,462,6
django,1.8.2,E:\my code\pysmell\subject_raw\django\django\django\utils\text.py,159,6
django,1.8.2,E:\my code\pysmell\subject_raw\django\django\tests\runtests.py,238,7
django,1.8.2,E:\my code\pysmell\subject_raw\django\django\tests\aggregation\tests.py,1073,6
django,1.8.2,E:\my code\pysmell\subject_raw\django\django\tests\auth_tests\test_forms.py,452,6
django,1.8.2,E:\my code\pysmell\subject_raw\django\django\tests\middleware_exceptions\tests.py,157,7
django,1.8.2,E:\my code\pysmell\subject_raw\django\django\tests\migrations\test_autodetector.py,460,6
django,1.8.2,E:\my code\pysmell\subject_raw\django\django\tests\migrations\test_autodetector.py,486,6
