subject,tag,file,lineno,LEC,DNC,NCT
tornado,v4.2.0,E:\my code\pysmell\subject_raw\tornado\tornado\tornado\test\httpserver_test.py,189,3,,
scipy,v0.16.0b2,E:\my code\pysmell\subject_raw\scipy\scipy\scipy\io\matlab\mio5.py,180,3,,
scipy,v0.16.0b2,E:\my code\pysmell\subject_raw\scipy\scipy\scipy\io\matlab\mio5.py,378,3,,
scipy,v0.16.0b2,E:\my code\pysmell\subject_raw\scipy\scipy\scipy\io\matlab\mio5.py,456,3,,
scipy,v0.16.0b2,E:\my code\pysmell\subject_raw\scipy\scipy\scipy\io\matlab\mio5.py,457,3,,
scipy,v0.16.0b2,E:\my code\pysmell\subject_raw\scipy\scipy\scipy\io\matlab\mio5.py,458,3,,
scipy,v0.16.0b2,E:\my code\pysmell\subject_raw\scipy\scipy\scipy\io\matlab\mio5.py,459,3,,
scipy,v0.16.0b2,E:\my code\pysmell\subject_raw\scipy\scipy\scipy\io\matlab\tests\test_mio.py,158,3,,
scipy,v0.16.0b2,E:\my code\pysmell\subject_raw\scipy\scipy\scipy\io\matlab\tests\test_mio.py,159,3,,
scipy,v0.16.0b2,E:\my code\pysmell\subject_raw\scipy\scipy\scipy\io\matlab\tests\test_mio.py,168,4,,
scipy,v0.16.0b2,E:\my code\pysmell\subject_raw\scipy\scipy\scipy\io\matlab\tests\test_mio.py,1002,3,,
scipy,v0.16.0b2,E:\my code\pysmell\subject_raw\scipy\scipy\scipy\linalg\_cython_signature_generator.py,26,3,,
scipy,v0.16.0b2,E:\my code\pysmell\subject_raw\scipy\scipy\scipy\sparse\compressed.py,795,3,,
scipy,v0.16.0b2,E:\my code\pysmell\subject_raw\scipy\scipy\scipy\sparse\compressed.py,796,3,,
scipy,v0.16.0b2,E:\my code\pysmell\subject_raw\scipy\scipy\scipy\spatial\tests\test_qhull.py,829,3,,
ansible,v1.9.2-0.1.rc1,E:\my code\pysmell\subject_raw\ansible\ansible\lib\ansible\module_utils\a10.py,83,3,,
ansible,v1.9.2-0.1.rc1,E:\my code\pysmell\subject_raw\ansible\ansible\lib\ansible\module_utils\facts.py,582,3,,
ansible,v1.9.2-0.1.rc1,E:\my code\pysmell\subject_raw\ansible\ansible\lib\ansible\module_utils\facts.py,2123,3,,
ansible,v1.9.2-0.1.rc1,E:\my code\pysmell\subject_raw\ansible\ansible\lib\ansible\playbook\play.py,446,3,,
ansible,v1.9.2-0.1.rc1,E:\my code\pysmell\subject_raw\ansible\ansible\lib\ansible\playbook\play.py,447,3,,
ansible,v1.9.2-0.1.rc1,E:\my code\pysmell\subject_raw\ansible\ansible\plugins\inventory\collins.py,129,3,,
ansible,v1.9.2-0.1.rc1,E:\my code\pysmell\subject_raw\ansible\ansible\plugins\inventory\collins.py,326,3,,
ansible,v1.9.2-0.1.rc1,E:\my code\pysmell\subject_raw\ansible\ansible\plugins\inventory\collins.py,332,3,,
ansible,v1.9.2-0.1.rc1,E:\my code\pysmell\subject_raw\ansible\ansible\plugins\inventory\collins.py,339,3,,
ansible,v1.9.2-0.1.rc1,E:\my code\pysmell\subject_raw\ansible\ansible\plugins\inventory\collins.py,340,3,,
ansible,v1.9.2-0.1.rc1,E:\my code\pysmell\subject_raw\ansible\ansible\plugins\inventory\collins.py,354,3,,
ansible,v1.9.2-0.1.rc1,E:\my code\pysmell\subject_raw\ansible\ansible\plugins\inventory\collins.py,357,3,,
ansible,v1.9.2-0.1.rc1,E:\my code\pysmell\subject_raw\ansible\ansible\plugins\inventory\ec2.py,541,3,,
ansible,v1.9.2-0.1.rc1,E:\my code\pysmell\subject_raw\ansible\ansible\plugins\inventory\ec2.py,625,3,,
ansible,v1.9.2-0.1.rc1,E:\my code\pysmell\subject_raw\ansible\ansible\plugins\inventory\gce.py,217,3,,
ansible,v1.9.2-0.1.rc1,E:\my code\pysmell\subject_raw\ansible\ansible\plugins\inventory\gce.py,264,3,,
ansible,v1.9.2-0.1.rc1,E:\my code\pysmell\subject_raw\ansible\ansible\plugins\inventory\jail.py,30,3,,
ansible,v1.9.2-0.1.rc1,E:\my code\pysmell\subject_raw\ansible\ansible\plugins\inventory\libvirt_lxc.py,30,3,,
ansible,v1.9.2-0.1.rc1,E:\my code\pysmell\subject_raw\ansible\ansible\plugins\inventory\openshift.py,109,3,,
ansible,v1.9.2-0.1.rc1,E:\my code\pysmell\subject_raw\ansible\ansible\plugins\inventory\softlayer.py,59,3,,
ansible,v1.9.2-0.1.rc1,E:\my code\pysmell\subject_raw\ansible\ansible\plugins\inventory\softlayer.py,113,3,,
ansible,v1.9.2-0.1.rc1,E:\my code\pysmell\subject_raw\ansible\ansible\plugins\inventory\vbox.py,85,3,,
ansible,v1.9.2-0.1.rc1,E:\my code\pysmell\subject_raw\ansible\ansible\plugins\inventory\vmware.py,316,3,,
ansible,v1.9.2-0.1.rc1,E:\my code\pysmell\subject_raw\ansible\ansible\plugins\inventory\vmware.py,325,3,,
ansible,v1.9.2-0.1.rc1,E:\my code\pysmell\subject_raw\ansible\ansible\plugins\inventory\zone.py,36,3,,
ansible,v1.9.2-0.1.rc1,E:\my code\pysmell\subject_raw\ansible\ansible\v2\ansible\module_utils\a10.py,83,3,,
ansible,v1.9.2-0.1.rc1,E:\my code\pysmell\subject_raw\ansible\ansible\v2\ansible\module_utils\facts.py,538,3,,
ansible,v1.9.2-0.1.rc1,E:\my code\pysmell\subject_raw\ansible\ansible\v2\ansible\module_utils\facts.py,2049,3,,
boto,2.38.0,E:\my code\pysmell\subject_raw\boto\boto\boto\cloudformation\connection.py,404,3,,
boto,2.38.0,E:\my code\pysmell\subject_raw\boto\boto\boto\cloudformation\connection.py,538,3,,
boto,2.38.0,E:\my code\pysmell\subject_raw\boto\boto\boto\cloudformation\connection.py,869,3,,
boto,2.38.0,E:\my code\pysmell\subject_raw\boto\boto\boto\cloudformation\connection.py,887,3,,
boto,2.38.0,E:\my code\pysmell\subject_raw\boto\boto\boto\cloudsearch2\domain.py,249,3,,
boto,2.38.0,E:\my code\pysmell\subject_raw\boto\boto\boto\cloudsearch2\domain.py,446,3,,
boto,2.38.0,E:\my code\pysmell\subject_raw\boto\boto\boto\cloudsearch2\domain.py,463,3,,
boto,2.38.0,E:\my code\pysmell\subject_raw\boto\boto\boto\cloudsearch2\domain.py,528,3,,
boto,2.38.0,E:\my code\pysmell\subject_raw\boto\boto\boto\cloudsearch2\layer2.py,66,3,,
boto,2.38.0,E:\my code\pysmell\subject_raw\boto\boto\boto\cloudsearch2\layer2.py,79,3,,
boto,2.38.0,E:\my code\pysmell\subject_raw\boto\boto\boto\dynamodb\table.py,55,3,,
boto,2.38.0,E:\my code\pysmell\subject_raw\boto\boto\boto\dynamodb\table.py,73,3,,
boto,2.38.0,E:\my code\pysmell\subject_raw\boto\boto\boto\dynamodb\table.py,74,3,,
boto,2.38.0,E:\my code\pysmell\subject_raw\boto\boto\boto\kinesis\layer1.py,742,3,,
boto,2.38.0,E:\my code\pysmell\subject_raw\boto\boto\boto\kinesis\layer1.py,745,3,,
boto,2.38.0,E:\my code\pysmell\subject_raw\boto\boto\boto\route53\status.py,37,3,,
boto,2.38.0,E:\my code\pysmell\subject_raw\boto\boto\tests\integration\cloudsearch2\test_layers.py,45,3,,
boto,2.38.0,E:\my code\pysmell\subject_raw\boto\boto\tests\integration\cloudtrail\test_cloudtrail.py,53,4,,
boto,2.38.0,E:\my code\pysmell\subject_raw\boto\boto\tests\integration\cloudtrail\test_cloudtrail.py,72,3,,
boto,2.38.0,E:\my code\pysmell\subject_raw\boto\boto\tests\integration\cloudtrail\test_cloudtrail.py,73,3,,
boto,2.38.0,E:\my code\pysmell\subject_raw\boto\boto\tests\integration\datapipeline\test_layer1.py,65,3,,
boto,2.38.0,E:\my code\pysmell\subject_raw\boto\boto\tests\integration\datapipeline\test_layer1.py,111,4,,
boto,2.38.0,E:\my code\pysmell\subject_raw\boto\boto\tests\integration\dynamodb\test_layer2.py,332,3,,
boto,2.38.0,E:\my code\pysmell\subject_raw\boto\boto\tests\integration\dynamodb2\test_layer1.py,141,3,,
boto,2.38.0,E:\my code\pysmell\subject_raw\boto\boto\tests\integration\dynamodb2\test_layer1.py,142,3,,
boto,2.38.0,E:\my code\pysmell\subject_raw\boto\boto\tests\integration\dynamodb2\test_layer1.py,143,3,,
boto,2.38.0,E:\my code\pysmell\subject_raw\boto\boto\tests\integration\dynamodb2\test_layer1.py,284,3,,
boto,2.38.0,E:\my code\pysmell\subject_raw\boto\boto\tests\integration\dynamodb2\test_layer1.py,285,3,,
boto,2.38.0,E:\my code\pysmell\subject_raw\boto\boto\tests\integration\dynamodb2\test_layer1.py,286,3,,
boto,2.38.0,E:\my code\pysmell\subject_raw\boto\boto\tests\integration\dynamodb2\test_layer1.py,359,3,,
boto,2.38.0,E:\my code\pysmell\subject_raw\boto\boto\tests\integration\dynamodb2\test_layer1.py,360,3,,
boto,2.38.0,E:\my code\pysmell\subject_raw\boto\boto\tests\integration\dynamodb2\test_layer1.py,361,3,,
boto,2.38.0,E:\my code\pysmell\subject_raw\boto\boto\tests\integration\elasticache\test_layer1.py,37,5,,
boto,2.38.0,E:\my code\pysmell\subject_raw\boto\boto\tests\integration\elastictranscoder\test_layer1.py,50,4,,
boto,2.38.0,E:\my code\pysmell\subject_raw\boto\boto\tests\integration\elastictranscoder\test_layer1.py,95,3,,
boto,2.38.0,E:\my code\pysmell\subject_raw\boto\boto\tests\integration\elastictranscoder\test_layer1.py,105,3,,
boto,2.38.0,E:\my code\pysmell\subject_raw\boto\boto\tests\integration\iam\test_password_policy.py,48,4,,
boto,2.38.0,E:\my code\pysmell\subject_raw\boto\boto\tests\integration\iam\test_password_policy.py,70,3,,
boto,2.38.0,E:\my code\pysmell\subject_raw\boto\boto\tests\integration\kinesis\test_kinesis.py,53,4,,
boto,2.38.0,E:\my code\pysmell\subject_raw\boto\boto\tests\integration\rds2\test_connection.py,63,4,,
boto,2.38.0,E:\my code\pysmell\subject_raw\boto\boto\tests\integration\rds2\test_connection.py,80,4,,
boto,2.38.0,E:\my code\pysmell\subject_raw\boto\boto\tests\integration\rds2\test_connection.py,89,4,,
boto,2.38.0,E:\my code\pysmell\subject_raw\boto\boto\tests\integration\redshift\test_layer1.py,100,3,,
boto,2.38.0,E:\my code\pysmell\subject_raw\boto\boto\tests\integration\redshift\test_layer1.py,108,5,,
boto,2.38.0,E:\my code\pysmell\subject_raw\boto\boto\tests\integration\redshift\test_layer1.py,116,4,,
boto,2.38.0,E:\my code\pysmell\subject_raw\boto\boto\tests\integration\redshift\test_layer1.py,119,4,,
boto,2.38.0,E:\my code\pysmell\subject_raw\boto\boto\tests\integration\redshift\test_layer1.py,131,4,,
boto,2.38.0,E:\my code\pysmell\subject_raw\boto\boto\tests\integration\route53\test_health_check.py,34,4,,
boto,2.38.0,E:\my code\pysmell\subject_raw\boto\boto\tests\integration\route53\test_health_check.py,35,4,,
boto,2.38.0,E:\my code\pysmell\subject_raw\boto\boto\tests\integration\route53\test_health_check.py,37,4,,
boto,2.38.0,E:\my code\pysmell\subject_raw\boto\boto\tests\integration\route53\test_health_check.py,38,4,,
boto,2.38.0,E:\my code\pysmell\subject_raw\boto\boto\tests\integration\route53\test_health_check.py,40,3,,
boto,2.38.0,E:\my code\pysmell\subject_raw\boto\boto\tests\integration\route53\test_health_check.py,45,4,,
boto,2.38.0,E:\my code\pysmell\subject_raw\boto\boto\tests\integration\route53\test_health_check.py,46,4,,
boto,2.38.0,E:\my code\pysmell\subject_raw\boto\boto\tests\integration\route53\test_health_check.py,48,4,,
boto,2.38.0,E:\my code\pysmell\subject_raw\boto\boto\tests\integration\route53\test_health_check.py,49,4,,
boto,2.38.0,E:\my code\pysmell\subject_raw\boto\boto\tests\integration\route53\test_health_check.py,51,3,,
boto,2.38.0,E:\my code\pysmell\subject_raw\boto\boto\tests\integration\route53\test_health_check.py,52,3,,
boto,2.38.0,E:\my code\pysmell\subject_raw\boto\boto\tests\integration\route53\test_health_check.py,57,4,,
boto,2.38.0,E:\my code\pysmell\subject_raw\boto\boto\tests\integration\route53\test_health_check.py,58,4,,
boto,2.38.0,E:\my code\pysmell\subject_raw\boto\boto\tests\integration\route53\test_health_check.py,60,4,,
boto,2.38.0,E:\my code\pysmell\subject_raw\boto\boto\tests\integration\route53\test_health_check.py,61,4,,
boto,2.38.0,E:\my code\pysmell\subject_raw\boto\boto\tests\integration\route53\test_health_check.py,63,3,,
boto,2.38.0,E:\my code\pysmell\subject_raw\boto\boto\tests\integration\route53\test_health_check.py,64,3,,
boto,2.38.0,E:\my code\pysmell\subject_raw\boto\boto\tests\integration\route53\test_health_check.py,73,3,,
boto,2.38.0,E:\my code\pysmell\subject_raw\boto\boto\tests\integration\route53\test_health_check.py,74,3,,
boto,2.38.0,E:\my code\pysmell\subject_raw\boto\boto\tests\integration\route53\test_health_check.py,79,3,,
boto,2.38.0,E:\my code\pysmell\subject_raw\boto\boto\tests\integration\route53\test_health_check.py,95,4,,
boto,2.38.0,E:\my code\pysmell\subject_raw\boto\boto\tests\integration\route53\test_health_check.py,96,4,,
boto,2.38.0,E:\my code\pysmell\subject_raw\boto\boto\tests\integration\route53\test_health_check.py,98,4,,
boto,2.38.0,E:\my code\pysmell\subject_raw\boto\boto\tests\integration\route53\test_health_check.py,99,4,,
boto,2.38.0,E:\my code\pysmell\subject_raw\boto\boto\tests\integration\route53\test_health_check.py,101,4,,
boto,2.38.0,E:\my code\pysmell\subject_raw\boto\boto\tests\integration\route53\test_health_check.py,102,3,,
boto,2.38.0,E:\my code\pysmell\subject_raw\boto\boto\tests\integration\route53\test_health_check.py,107,4,,
boto,2.38.0,E:\my code\pysmell\subject_raw\boto\boto\tests\integration\route53\test_health_check.py,108,4,,
boto,2.38.0,E:\my code\pysmell\subject_raw\boto\boto\tests\integration\route53\test_health_check.py,110,4,,
boto,2.38.0,E:\my code\pysmell\subject_raw\boto\boto\tests\integration\route53\test_health_check.py,111,4,,
boto,2.38.0,E:\my code\pysmell\subject_raw\boto\boto\tests\integration\route53\test_health_check.py,113,4,,
boto,2.38.0,E:\my code\pysmell\subject_raw\boto\boto\tests\integration\route53\test_health_check.py,114,3,,
boto,2.38.0,E:\my code\pysmell\subject_raw\boto\boto\tests\integration\route53\test_health_check.py,122,3,,
boto,2.38.0,E:\my code\pysmell\subject_raw\boto\boto\tests\integration\route53\test_health_check.py,128,3,,
boto,2.38.0,E:\my code\pysmell\subject_raw\boto\boto\tests\integration\route53\test_health_check.py,151,3,,
boto,2.38.0,E:\my code\pysmell\subject_raw\boto\boto\tests\integration\route53\test_health_check.py,155,3,,
boto,2.38.0,E:\my code\pysmell\subject_raw\boto\boto\tests\integration\route53\test_health_check.py,161,3,,
boto,2.38.0,E:\my code\pysmell\subject_raw\boto\boto\tests\integration\route53\test_health_check.py,165,3,,
boto,2.38.0,E:\my code\pysmell\subject_raw\boto\boto\tests\integration\sns\test_sns_sqs_subscription.py,61,3,,
boto,2.38.0,E:\my code\pysmell\subject_raw\boto\boto\tests\integration\sns\test_sns_sqs_subscription.py,87,3,,
boto,2.38.0,E:\my code\pysmell\subject_raw\boto\boto\tests\integration\support\test_layer1.py,72,4,,
boto,2.38.0,E:\my code\pysmell\subject_raw\boto\boto\tests\unit\beanstalk\test_layer1.py,33,3,,
boto,2.38.0,E:\my code\pysmell\subject_raw\boto\boto\tests\unit\beanstalk\test_layer1.py,36,3,,
boto,2.38.0,E:\my code\pysmell\subject_raw\boto\boto\tests\unit\beanstalk\test_layer1.py,72,3,,
boto,2.38.0,E:\my code\pysmell\subject_raw\boto\boto\tests\unit\cloudsearch\test_document.py,141,3,,
boto,2.38.0,E:\my code\pysmell\subject_raw\boto\boto\tests\unit\cloudsearch\test_document.py,143,3,,
boto,2.38.0,E:\my code\pysmell\subject_raw\boto\boto\tests\unit\cloudsearch\test_document.py,145,3,,
boto,2.38.0,E:\my code\pysmell\subject_raw\boto\boto\tests\unit\cloudsearch2\test_connection.py,59,3,,
boto,2.38.0,E:\my code\pysmell\subject_raw\boto\boto\tests\unit\cloudsearch2\test_connection.py,76,3,,
boto,2.38.0,E:\my code\pysmell\subject_raw\boto\boto\tests\unit\cloudsearch2\test_connection.py,89,3,,
boto,2.38.0,E:\my code\pysmell\subject_raw\boto\boto\tests\unit\cloudsearch2\test_connection.py,99,3,,
boto,2.38.0,E:\my code\pysmell\subject_raw\boto\boto\tests\unit\cloudsearch2\test_connection.py,112,3,,
boto,2.38.0,E:\my code\pysmell\subject_raw\boto\boto\tests\unit\cloudsearch2\test_connection.py,237,3,,
boto,2.38.0,E:\my code\pysmell\subject_raw\boto\boto\tests\unit\cloudsearch2\test_document.py,157,3,,
boto,2.38.0,E:\my code\pysmell\subject_raw\boto\boto\tests\unit\cloudsearch2\test_document.py,159,3,,
boto,2.38.0,E:\my code\pysmell\subject_raw\boto\boto\tests\unit\cloudsearch2\test_document.py,161,3,,
boto,2.38.0,E:\my code\pysmell\subject_raw\boto\boto\tests\unit\cloudsearch2\test_search.py,214,3,,
boto,2.38.0,E:\my code\pysmell\subject_raw\boto\boto\tests\unit\cloudtrail\test_layer1.py,30,3,,
boto,2.38.0,E:\my code\pysmell\subject_raw\boto\boto\tests\unit\cloudtrail\test_layer1.py,43,3,,
boto,2.38.0,E:\my code\pysmell\subject_raw\boto\boto\tests\unit\directconnect\test_layer1.py,53,3,,
boto,2.38.0,E:\my code\pysmell\subject_raw\boto\boto\tests\unit\dynamodb2\test_table.py,2914,3,,
boto,2.38.0,E:\my code\pysmell\subject_raw\boto\boto\tests\unit\ec2\test_instancestatus.py,37,3,,
boto,2.38.0,E:\my code\pysmell\subject_raw\boto\boto\tests\unit\iam\test_connection.py,55,3,,
boto,2.38.0,E:\my code\pysmell\subject_raw\boto\boto\tests\unit\iam\test_connection.py,335,3,,
boto,2.38.0,E:\my code\pysmell\subject_raw\boto\boto\tests\unit\iam\test_connection.py,360,3,,
boto,2.38.0,E:\my code\pysmell\subject_raw\boto\boto\tests\unit\iam\test_connection.py,392,4,,
boto,2.38.0,E:\my code\pysmell\subject_raw\boto\boto\tests\unit\iam\test_connection.py,432,4,,
boto,2.38.0,E:\my code\pysmell\subject_raw\boto\boto\tests\unit\kinesis\test_kinesis.py,70,3,,
boto,2.38.0,E:\my code\pysmell\subject_raw\boto\boto\tests\unit\kinesis\test_kinesis.py,71,3,,
boto,2.38.0,E:\my code\pysmell\subject_raw\boto\boto\tests\unit\rds2\test_connection.py,140,5,,
boto,2.38.0,E:\my code\pysmell\subject_raw\boto\boto\tests\unit\rds2\test_connection.py,160,4,,
boto,2.38.0,E:\my code\pysmell\subject_raw\boto\boto\tests\unit\rds2\test_connection.py,165,4,,
boto,2.38.0,E:\my code\pysmell\subject_raw\boto\boto\tests\unit\rds2\test_connection.py,169,4,,
boto,2.38.0,E:\my code\pysmell\subject_raw\boto\boto\tests\unit\rds2\test_connection.py,174,4,,
boto,2.38.0,E:\my code\pysmell\subject_raw\boto\boto\tests\unit\rds2\test_connection.py,178,4,,
boto,2.38.0,E:\my code\pysmell\subject_raw\boto\boto\tests\unit\rds2\test_connection.py,182,4,,
boto,2.38.0,E:\my code\pysmell\subject_raw\boto\boto\tests\unit\rds2\test_connection.py,186,4,,
boto,2.38.0,E:\my code\pysmell\subject_raw\boto\boto\tests\unit\rds2\test_connection.py,190,4,,
boto,2.38.0,E:\my code\pysmell\subject_raw\boto\boto\tests\unit\rds2\test_connection.py,194,4,,
boto,2.38.0,E:\my code\pysmell\subject_raw\boto\boto\tests\unit\route53\test_connection.py,165,3,,
boto,2.38.0,E:\my code\pysmell\subject_raw\boto\boto\tests\unit\route53\test_connection.py,172,4,,
boto,2.38.0,E:\my code\pysmell\subject_raw\boto\boto\tests\unit\route53\test_connection.py,225,4,,
boto,2.38.0,E:\my code\pysmell\subject_raw\boto\boto\tests\unit\route53\test_connection.py,227,4,,
boto,2.38.0,E:\my code\pysmell\subject_raw\boto\boto\tests\unit\route53\test_connection.py,229,4,,
boto,2.38.0,E:\my code\pysmell\subject_raw\boto\boto\tests\unit\route53\test_connection.py,276,3,,
boto,2.38.0,E:\my code\pysmell\subject_raw\boto\boto\tests\unit\route53\test_connection.py,323,3,,
boto,2.38.0,E:\my code\pysmell\subject_raw\boto\boto\tests\unit\route53\test_connection.py,326,3,,
boto,2.38.0,E:\my code\pysmell\subject_raw\boto\boto\tests\unit\route53\test_connection.py,329,3,,
boto,2.38.0,E:\my code\pysmell\subject_raw\boto\boto\tests\unit\route53\test_connection.py,607,3,,
boto,2.38.0,E:\my code\pysmell\subject_raw\boto\boto\tests\unit\route53\test_connection.py,614,3,,
boto,2.38.0,E:\my code\pysmell\subject_raw\boto\boto\tests\unit\route53\test_connection.py,680,3,,
boto,2.38.0,E:\my code\pysmell\subject_raw\boto\boto\tests\unit\route53\test_connection.py,686,3,,
boto,2.38.0,E:\my code\pysmell\subject_raw\boto\boto\tests\unit\sns\test_connection.py,70,3,,
ipython,rel-3.1.0,E:\my code\pysmell\subject_raw\ipython\ipython\tools\git-mpr.py,51,3,,
ipython,rel-3.1.0,E:\my code\pysmell\subject_raw\ipython\ipython\tools\test_pr.py,96,3,,
ipython,rel-3.1.0,E:\my code\pysmell\subject_raw\ipython\ipython\tools\test_pr.py,98,4,,
ipython,rel-3.1.0,E:\my code\pysmell\subject_raw\ipython\ipython\tools\test_pr.py,127,3,,
ipython,rel-3.1.0,E:\my code\pysmell\subject_raw\ipython\ipython\tools\test_pr.py,129,3,,
ipython,rel-3.1.0,E:\my code\pysmell\subject_raw\ipython\ipython\tools\test_pr.py,148,3,,
ipython,rel-3.1.0,E:\my code\pysmell\subject_raw\ipython\ipython\tools\test_pr.py,181,3,,
numpy,v1.9.2,E:\my code\pysmell\subject_raw\numpy\numpy\numpy\core\tests\test_nditer.py,1897,3,,
numpy,v1.9.2,E:\my code\pysmell\subject_raw\numpy\numpy\numpy\core\tests\test_nditer.py,1941,3,,
numpy,v1.9.2,E:\my code\pysmell\subject_raw\numpy\numpy\numpy\core\tests\test_nditer.py,1942,3,,
numpy,v1.9.2,E:\my code\pysmell\subject_raw\numpy\numpy\numpy\core\tests\test_nditer.py,1957,3,,
numpy,v1.9.2,E:\my code\pysmell\subject_raw\numpy\numpy\numpy\core\tests\test_nditer.py,1958,3,,
numpy,v1.9.2,E:\my code\pysmell\subject_raw\numpy\numpy\numpy\core\tests\test_numerictypes.py,274,3,,
numpy,v1.9.2,E:\my code\pysmell\subject_raw\numpy\numpy\numpy\core\tests\test_numerictypes.py,275,3,,
numpy,v1.9.2,E:\my code\pysmell\subject_raw\numpy\numpy\numpy\core\tests\test_numerictypes.py,278,3,,
numpy,v1.9.2,E:\my code\pysmell\subject_raw\numpy\numpy\numpy\core\tests\test_numerictypes.py,279,3,,
numpy,v1.9.2,E:\my code\pysmell\subject_raw\numpy\numpy\numpy\core\tests\test_numerictypes.py,282,3,,
numpy,v1.9.2,E:\my code\pysmell\subject_raw\numpy\numpy\numpy\core\tests\test_numerictypes.py,283,3,,
numpy,v1.9.2,E:\my code\pysmell\subject_raw\numpy\numpy\numpy\core\tests\test_numerictypes.py,286,3,,
numpy,v1.9.2,E:\my code\pysmell\subject_raw\numpy\numpy\numpy\core\tests\test_numerictypes.py,287,3,,
numpy,v1.9.2,E:\my code\pysmell\subject_raw\numpy\numpy\numpy\core\tests\test_numerictypes.py,294,3,,
numpy,v1.9.2,E:\my code\pysmell\subject_raw\numpy\numpy\numpy\core\tests\test_numerictypes.py,295,3,,
numpy,v1.9.2,E:\my code\pysmell\subject_raw\numpy\numpy\numpy\core\tests\test_numerictypes.py,296,3,,
numpy,v1.9.2,E:\my code\pysmell\subject_raw\numpy\numpy\numpy\core\tests\test_numerictypes.py,297,3,,
numpy,v1.9.2,E:\my code\pysmell\subject_raw\numpy\numpy\numpy\core\tests\test_numerictypes.py,299,3,,
numpy,v1.9.2,E:\my code\pysmell\subject_raw\numpy\numpy\numpy\core\tests\test_numerictypes.py,300,4,,
numpy,v1.9.2,E:\my code\pysmell\subject_raw\numpy\numpy\numpy\core\tests\test_numerictypes.py,301,4,,
numpy,v1.9.2,E:\my code\pysmell\subject_raw\numpy\numpy\numpy\core\tests\test_numerictypes.py,303,3,,
numpy,v1.9.2,E:\my code\pysmell\subject_raw\numpy\numpy\numpy\core\tests\test_numerictypes.py,304,4,,
numpy,v1.9.2,E:\my code\pysmell\subject_raw\numpy\numpy\numpy\core\tests\test_numerictypes.py,305,4,,
numpy,v1.9.2,E:\my code\pysmell\subject_raw\numpy\numpy\numpy\core\tests\test_numerictypes.py,322,3,,
numpy,v1.9.2,E:\my code\pysmell\subject_raw\numpy\numpy\numpy\core\tests\test_numerictypes.py,323,3,,
numpy,v1.9.2,E:\my code\pysmell\subject_raw\numpy\numpy\numpy\core\tests\test_regression.py,116,3,,
numpy,v1.9.2,E:\my code\pysmell\subject_raw\numpy\numpy\numpy\core\tests\test_regression.py,202,3,,
numpy,v1.9.2,E:\my code\pysmell\subject_raw\numpy\numpy\numpy\core\tests\test_regression.py,205,3,,
numpy,v1.9.2,E:\my code\pysmell\subject_raw\numpy\numpy\numpy\core\tests\test_regression.py,207,3,,
numpy,v1.9.2,E:\my code\pysmell\subject_raw\numpy\numpy\numpy\core\tests\test_regression.py,686,3,,
numpy,v1.9.2,E:\my code\pysmell\subject_raw\numpy\numpy\numpy\core\tests\test_regression.py,1786,3,,
numpy,v1.9.2,E:\my code\pysmell\subject_raw\numpy\numpy\numpy\core\tests\test_regression.py,1786,3,,
numpy,v1.9.2,E:\my code\pysmell\subject_raw\numpy\numpy\numpy\core\tests\test_regression.py,1787,4,,
numpy,v1.9.2,E:\my code\pysmell\subject_raw\numpy\numpy\numpy\core\tests\test_regression.py,1787,4,,
numpy,v1.9.2,E:\my code\pysmell\subject_raw\numpy\numpy\numpy\core\tests\test_regression.py,1788,3,,
numpy,v1.9.2,E:\my code\pysmell\subject_raw\numpy\numpy\numpy\core\tests\test_regression.py,1788,3,,
numpy,v1.9.2,E:\my code\pysmell\subject_raw\numpy\numpy\numpy\f2py\capi_maps.py,587,3,,
numpy,v1.9.2,E:\my code\pysmell\subject_raw\numpy\numpy\numpy\f2py\capi_maps.py,588,4,,
numpy,v1.9.2,E:\my code\pysmell\subject_raw\numpy\numpy\numpy\f2py\capi_maps.py,604,3,,
numpy,v1.9.2,E:\my code\pysmell\subject_raw\numpy\numpy\numpy\f2py\capi_maps.py,605,3,,
numpy,v1.9.2,E:\my code\pysmell\subject_raw\numpy\numpy\numpy\f2py\capi_maps.py,722,3,,
numpy,v1.9.2,E:\my code\pysmell\subject_raw\numpy\numpy\numpy\f2py\capi_maps.py,723,3,,
numpy,v1.9.2,E:\my code\pysmell\subject_raw\numpy\numpy\numpy\f2py\crackfortran.py,583,3,,
numpy,v1.9.2,E:\my code\pysmell\subject_raw\numpy\numpy\numpy\f2py\crackfortran.py,588,3,,
numpy,v1.9.2,E:\my code\pysmell\subject_raw\numpy\numpy\numpy\f2py\crackfortran.py,592,3,,
numpy,v1.9.2,E:\my code\pysmell\subject_raw\numpy\numpy\numpy\f2py\crackfortran.py,660,3,,
numpy,v1.9.2,E:\my code\pysmell\subject_raw\numpy\numpy\numpy\f2py\crackfortran.py,904,3,,
numpy,v1.9.2,E:\my code\pysmell\subject_raw\numpy\numpy\numpy\f2py\crackfortran.py,904,3,,
numpy,v1.9.2,E:\my code\pysmell\subject_raw\numpy\numpy\numpy\f2py\crackfortran.py,904,3,,
numpy,v1.9.2,E:\my code\pysmell\subject_raw\numpy\numpy\numpy\f2py\crackfortran.py,916,3,,
numpy,v1.9.2,E:\my code\pysmell\subject_raw\numpy\numpy\numpy\f2py\crackfortran.py,920,3,,
numpy,v1.9.2,E:\my code\pysmell\subject_raw\numpy\numpy\numpy\f2py\crackfortran.py,931,3,,
numpy,v1.9.2,E:\my code\pysmell\subject_raw\numpy\numpy\numpy\f2py\crackfortran.py,1178,3,,
numpy,v1.9.2,E:\my code\pysmell\subject_raw\numpy\numpy\numpy\f2py\crackfortran.py,1183,4,,
numpy,v1.9.2,E:\my code\pysmell\subject_raw\numpy\numpy\numpy\f2py\crackfortran.py,1194,4,,
numpy,v1.9.2,E:\my code\pysmell\subject_raw\numpy\numpy\numpy\f2py\crackfortran.py,1316,3,,
numpy,v1.9.2,E:\my code\pysmell\subject_raw\numpy\numpy\numpy\f2py\crackfortran.py,1407,3,,
numpy,v1.9.2,E:\my code\pysmell\subject_raw\numpy\numpy\numpy\f2py\crackfortran.py,1733,3,,
numpy,v1.9.2,E:\my code\pysmell\subject_raw\numpy\numpy\numpy\f2py\crackfortran.py,1735,3,,
numpy,v1.9.2,E:\my code\pysmell\subject_raw\numpy\numpy\numpy\f2py\crackfortran.py,1796,3,,
numpy,v1.9.2,E:\my code\pysmell\subject_raw\numpy\numpy\numpy\f2py\crackfortran.py,2120,3,,
numpy,v1.9.2,E:\my code\pysmell\subject_raw\numpy\numpy\numpy\f2py\crackfortran.py,2168,3,,
numpy,v1.9.2,E:\my code\pysmell\subject_raw\numpy\numpy\numpy\f2py\crackfortran.py,2173,3,,
numpy,v1.9.2,E:\my code\pysmell\subject_raw\numpy\numpy\numpy\f2py\crackfortran.py,2177,3,,
numpy,v1.9.2,E:\my code\pysmell\subject_raw\numpy\numpy\numpy\f2py\crackfortran.py,2182,3,,
numpy,v1.9.2,E:\my code\pysmell\subject_raw\numpy\numpy\numpy\f2py\crackfortran.py,2344,3,,
numpy,v1.9.2,E:\my code\pysmell\subject_raw\numpy\numpy\numpy\f2py\crackfortran.py,2346,3,,
numpy,v1.9.2,E:\my code\pysmell\subject_raw\numpy\numpy\numpy\f2py\crackfortran.py,2348,3,,
numpy,v1.9.2,E:\my code\pysmell\subject_raw\numpy\numpy\numpy\f2py\crackfortran.py,2350,3,,
numpy,v1.9.2,E:\my code\pysmell\subject_raw\numpy\numpy\numpy\f2py\crackfortran.py,2351,3,,
numpy,v1.9.2,E:\my code\pysmell\subject_raw\numpy\numpy\numpy\f2py\crackfortran.py,2639,3,,
numpy,v1.9.2,E:\my code\pysmell\subject_raw\numpy\numpy\numpy\f2py\crackfortran.py,2642,3,,
nltk,3.0.2,E:\my code\pysmell\subject_raw\nltk\nltk\nltk\tree.py,642,3,,
nltk,3.0.2,E:\my code\pysmell\subject_raw\nltk\nltk\nltk\align\ibm2.py,88,4,,
nltk,3.0.2,E:\my code\pysmell\subject_raw\nltk\nltk\nltk\align\ibm2.py,111,4,,
nltk,3.0.2,E:\my code\pysmell\subject_raw\nltk\nltk\nltk\align\ibm2.py,118,4,,
nltk,3.0.2,E:\my code\pysmell\subject_raw\nltk\nltk\nltk\align\ibm2.py,121,4,,
nltk,3.0.2,E:\my code\pysmell\subject_raw\nltk\nltk\nltk\align\ibm2.py,122,3,,
nltk,3.0.2,E:\my code\pysmell\subject_raw\nltk\nltk\nltk\align\ibm2.py,138,4,,
nltk,3.0.2,E:\my code\pysmell\subject_raw\nltk\nltk\nltk\align\ibm2.py,145,4,,
nltk,3.0.2,E:\my code\pysmell\subject_raw\nltk\nltk\nltk\align\ibm2.py,149,3,,
nltk,3.0.2,E:\my code\pysmell\subject_raw\nltk\nltk\nltk\align\ibm2.py,164,4,,
nltk,3.0.2,E:\my code\pysmell\subject_raw\nltk\nltk\nltk\align\ibm2.py,164,4,,
nltk,3.0.2,E:\my code\pysmell\subject_raw\nltk\nltk\nltk\align\ibm2.py,164,3,,
nltk,3.0.2,E:\my code\pysmell\subject_raw\nltk\nltk\nltk\align\ibm2.py,184,4,,
nltk,3.0.2,E:\my code\pysmell\subject_raw\nltk\nltk\nltk\align\ibm2.py,188,4,,
nltk,3.0.2,E:\my code\pysmell\subject_raw\nltk\nltk\nltk\align\ibm3.py,146,4,,
nltk,3.0.2,E:\my code\pysmell\subject_raw\nltk\nltk\nltk\align\ibm3.py,147,3,,
nltk,3.0.2,E:\my code\pysmell\subject_raw\nltk\nltk\nltk\align\ibm3.py,190,4,,
nltk,3.0.2,E:\my code\pysmell\subject_raw\nltk\nltk\nltk\align\ibm3.py,190,4,,
nltk,3.0.2,E:\my code\pysmell\subject_raw\nltk\nltk\nltk\align\ibm3.py,190,3,,
nltk,3.0.2,E:\my code\pysmell\subject_raw\nltk\nltk\nltk\align\ibm3.py,246,4,,
nltk,3.0.2,E:\my code\pysmell\subject_raw\nltk\nltk\nltk\align\ibm3.py,325,4,,
nltk,3.0.2,E:\my code\pysmell\subject_raw\nltk\nltk\nltk\align\ibm3.py,387,4,,
nltk,3.0.2,E:\my code\pysmell\subject_raw\nltk\nltk\nltk\align\ibm3.py,391,4,,
nltk,3.0.2,E:\my code\pysmell\subject_raw\nltk\nltk\nltk\corpus\reader\lin.py,58,3,,
nltk,3.0.2,E:\my code\pysmell\subject_raw\nltk\nltk\nltk\corpus\reader\lin.py,81,3,,
nltk,3.0.2,E:\my code\pysmell\subject_raw\nltk\nltk\nltk\corpus\reader\lin.py,83,3,,
nltk,3.0.2,E:\my code\pysmell\subject_raw\nltk\nltk\nltk\corpus\reader\wordnet.py,423,3,,
nltk,3.0.2,E:\my code\pysmell\subject_raw\nltk\nltk\nltk\corpus\reader\wordnet.py,1080,3,,
nltk,3.0.2,E:\my code\pysmell\subject_raw\nltk\nltk\nltk\corpus\reader\wordnet.py,1081,3,,
nltk,3.0.2,E:\my code\pysmell\subject_raw\nltk\nltk\nltk\corpus\reader\wordnet.py,1421,3,,
nltk,3.0.2,E:\my code\pysmell\subject_raw\nltk\nltk\nltk\corpus\reader\wordnet.py,1469,3,,
nltk,3.0.2,E:\my code\pysmell\subject_raw\nltk\nltk\nltk\parse\dependencygraph.py,112,3,,
nltk,3.0.2,E:\my code\pysmell\subject_raw\nltk\nltk\nltk\parse\dependencygraph.py,300,3,,
nltk,3.0.2,E:\my code\pysmell\subject_raw\nltk\nltk\nltk\parse\dependencygraph.py,302,3,,
nltk,3.0.2,E:\my code\pysmell\subject_raw\nltk\nltk\nltk\parse\dependencygraph.py,303,4,,
nltk,3.0.2,E:\my code\pysmell\subject_raw\nltk\nltk\nltk\parse\nonprojectivedependencyparser.py,729,3,,
nltk,3.0.2,E:\my code\pysmell\subject_raw\nltk\nltk\nltk\parse\recursivedescent.py,516,3,,
nltk,3.0.2,E:\my code\pysmell\subject_raw\nltk\nltk\nltk\sem\relextract.py,160,3,,
nltk,3.0.2,E:\my code\pysmell\subject_raw\nltk\nltk\nltk\sem\relextract.py,169,3,,
nltk,3.0.2,E:\my code\pysmell\subject_raw\nltk\nltk\nltk\tag\brill_trainer.py,346,3,,
nltk,3.0.2,E:\my code\pysmell\subject_raw\nltk\nltk\nltk\tag\brill_trainer.py,382,3,,
nltk,3.0.2,E:\my code\pysmell\subject_raw\nltk\nltk\nltk\tag\brill_trainer.py,493,3,,
nltk,3.0.2,E:\my code\pysmell\subject_raw\nltk\nltk\nltk\tag\brill_trainer.py,527,3,,
nltk,3.0.2,E:\my code\pysmell\subject_raw\nltk\nltk\nltk\tag\brill_trainer_orig.py,281,3,,
nltk,3.0.2,E:\my code\pysmell\subject_raw\nltk\nltk\nltk\tag\brill_trainer_orig.py,351,3,,
nltk,3.0.2,E:\my code\pysmell\subject_raw\nltk\nltk\nltk\tag\mapping.py,62,3,,
matplotlib,v1.4.3,E:\my code\pysmell\subject_raw\matplotlib\matplotlib\lib\matplotlib\sankey.py,702,3,,
matplotlib,v1.4.3,E:\my code\pysmell\subject_raw\matplotlib\matplotlib\lib\matplotlib\sankey.py,702,3,,
matplotlib,v1.4.3,E:\my code\pysmell\subject_raw\matplotlib\matplotlib\lib\matplotlib\sankey.py,703,3,,
matplotlib,v1.4.3,E:\my code\pysmell\subject_raw\matplotlib\matplotlib\lib\matplotlib\sankey.py,704,3,,
matplotlib,v1.4.3,E:\my code\pysmell\subject_raw\matplotlib\matplotlib\lib\matplotlib\sankey.py,717,3,,
matplotlib,v1.4.3,E:\my code\pysmell\subject_raw\matplotlib\matplotlib\lib\matplotlib\sankey.py,717,3,,
matplotlib,v1.4.3,E:\my code\pysmell\subject_raw\matplotlib\matplotlib\lib\matplotlib\sankey.py,718,3,,
matplotlib,v1.4.3,E:\my code\pysmell\subject_raw\matplotlib\matplotlib\lib\matplotlib\sankey.py,719,3,,
matplotlib,v1.4.3,E:\my code\pysmell\subject_raw\matplotlib\matplotlib\lib\mpl_toolkits\axisartist\grid_finder.py,128,3,,
matplotlib,v1.4.3,E:\my code\pysmell\subject_raw\matplotlib\matplotlib\lib\mpl_toolkits\axisartist\grid_finder.py,134,3,,
matplotlib,v1.4.3,E:\my code\pysmell\subject_raw\matplotlib\matplotlib\lib\mpl_toolkits\axisartist\grid_helper_curvelinear.py,463,3,,
matplotlib,v1.4.3,E:\my code\pysmell\subject_raw\matplotlib\matplotlib\lib\mpl_toolkits\axisartist\grid_helper_curvelinear.py,464,3,,
matplotlib,v1.4.3,E:\my code\pysmell\subject_raw\matplotlib\matplotlib\lib\mpl_toolkits\axisartist\grid_helper_curvelinear.py,469,3,,
matplotlib,v1.4.3,E:\my code\pysmell\subject_raw\matplotlib\matplotlib\lib\mpl_toolkits\axisartist\grid_helper_curvelinear.py,470,3,,
django,1.8.2,E:\my code\pysmell\subject_raw\django\django\tests\runtests.py,151,3,,
django,1.8.2,E:\my code\pysmell\subject_raw\django\django\tests\admin_views\test_adminsite.py,64,3,,
django,1.8.2,E:\my code\pysmell\subject_raw\django\django\tests\backends\tests.py,289,3,,
django,1.8.2,E:\my code\pysmell\subject_raw\django\django\tests\forms_tests\tests\test_forms.py,2397,3,,
django,1.8.2,E:\my code\pysmell\subject_raw\django\django\tests\generic_views\test_list.py,35,3,,
django,1.8.2,E:\my code\pysmell\subject_raw\django\django\tests\gis_tests\geoapp\test_serializers.py,33,4,,
django,1.8.2,E:\my code\pysmell\subject_raw\django\django\tests\gis_tests\geoapp\test_serializers.py,34,4,,
django,1.8.2,E:\my code\pysmell\subject_raw\django\django\tests\gis_tests\geoapp\test_serializers.py,47,4,,
django,1.8.2,E:\my code\pysmell\subject_raw\django\django\tests\gis_tests\geoapp\test_serializers.py,52,4,,
django,1.8.2,E:\my code\pysmell\subject_raw\django\django\tests\gis_tests\geoapp\test_serializers.py,63,3,,
django,1.8.2,E:\my code\pysmell\subject_raw\django\django\tests\gis_tests\geoapp\test_serializers.py,64,3,,
django,1.8.2,E:\my code\pysmell\subject_raw\django\django\tests\gis_tests\geoapp\test_serializers.py,70,4,,
django,1.8.2,E:\my code\pysmell\subject_raw\django\django\tests\migrations\test_operations.py,1289,3,,
django,1.8.2,E:\my code\pysmell\subject_raw\django\django\tests\modeladmin\tests.py,411,3,,
django,1.8.2,E:\my code\pysmell\subject_raw\django\django\tests\modeladmin\tests.py,413,3,,
django,1.8.2,E:\my code\pysmell\subject_raw\django\django\tests\postgres_tests\test_ranges.py,213,3,,
django,1.8.2,E:\my code\pysmell\subject_raw\django\django\tests\postgres_tests\test_ranges.py,213,3,,
django,1.8.2,E:\my code\pysmell\subject_raw\django\django\tests\postgres_tests\test_ranges.py,215,3,,
django,1.8.2,E:\my code\pysmell\subject_raw\django\django\tests\postgres_tests\test_ranges.py,215,3,,
django,1.8.2,E:\my code\pysmell\subject_raw\django\django\tests\schema\tests.py,282,3,,
django,1.8.2,E:\my code\pysmell\subject_raw\django\django\tests\schema\tests.py,305,3,,
django,1.8.2,E:\my code\pysmell\subject_raw\django\django\tests\schema\tests.py,396,3,,
django,1.8.2,E:\my code\pysmell\subject_raw\django\django\tests\schema\tests.py,406,3,,
django,1.8.2,E:\my code\pysmell\subject_raw\django\django\tests\schema\tests.py,415,3,,
django,1.8.2,E:\my code\pysmell\subject_raw\django\django\tests\schema\tests.py,471,3,,
django,1.8.2,E:\my code\pysmell\subject_raw\django\django\tests\schema\tests.py,486,3,,
django,1.8.2,E:\my code\pysmell\subject_raw\django\django\tests\schema\tests.py,532,3,,
django,1.8.2,E:\my code\pysmell\subject_raw\django\django\tests\schema\tests.py,541,3,,
django,1.8.2,E:\my code\pysmell\subject_raw\django\django\tests\staticfiles_tests\tests.py,229,3,,
django,1.8.2,E:\my code\pysmell\subject_raw\django\django\tests\timezones\tests.py,669,3,,
