subject,file,lineno,NOC,NOFF,NOO,experience-based,statistics-based,tuning machine
wagtail,C:\Users\Zhifei Chen\Desktop\pysmell\subjects_for_metrics\wagtail\wagtail\contrib\wagtailapi\endpoints.py,123,44,2,6,0,0,0
wagtail,C:\Users\Zhifei Chen\Desktop\pysmell\subjects_for_metrics\wagtail\wagtail\contrib\wagtailapi\serializers.py,179,72,1,8,0,0,0
wagtail,C:\Users\Zhifei Chen\Desktop\pysmell\subjects_for_metrics\wagtail\wagtail\contrib\wagtailapi\serializers.py,268,122,1,11,0,0,0
wagtail,C:\Users\Zhifei Chen\Desktop\pysmell\subjects_for_metrics\wagtail\wagtail\contrib\wagtailapi\tests\test_documents.py,20,41,1,7,0,0,0
wagtail,C:\Users\Zhifei Chen\Desktop\pysmell\subjects_for_metrics\wagtail\wagtail\contrib\wagtailapi\tests\test_images.py,20,38,1,7,0,0,0
wagtail,C:\Users\Zhifei Chen\Desktop\pysmell\subjects_for_metrics\wagtail\wagtail\contrib\wagtailapi\tests\test_pages.py,29,37,1,7,0,0,0
wagtail,C:\Users\Zhifei Chen\Desktop\pysmell\subjects_for_metrics\wagtail\wagtail\contrib\wagtailfrontendcache\signal_handlers.py,19,58,2,9,0,0,0
wagtail,C:\Users\Zhifei Chen\Desktop\pysmell\subjects_for_metrics\wagtail\wagtail\contrib\wagtailmedusa\renderers.py,21,39,1,7,0,0,0
wagtail,C:\Users\Zhifei Chen\Desktop\pysmell\subjects_for_metrics\wagtail\wagtail\contrib\wagtailroutablepage\models.py,51,61,1,12,0,0,0
wagtail,C:\Users\Zhifei Chen\Desktop\pysmell\subjects_for_metrics\wagtail\wagtail\contrib\wagtailsearchpromotions\views.py,85,54,1,5,0,0,0
wagtail,C:\Users\Zhifei Chen\Desktop\pysmell\subjects_for_metrics\wagtail\wagtail\contrib\wagtailsearchpromotions\views.py,121,54,1,5,0,0,0
wagtail,C:\Users\Zhifei Chen\Desktop\pysmell\subjects_for_metrics\wagtail\wagtail\contrib\wagtailsitemaps\tests.py,45,43,1,7,0,0,0
wagtail,C:\Users\Zhifei Chen\Desktop\pysmell\subjects_for_metrics\wagtail\wagtail\contrib\wagtailsitemaps\tests.py,59,43,1,7,0,0,0
wagtail,C:\Users\Zhifei Chen\Desktop\pysmell\subjects_for_metrics\wagtail\wagtail\wagtailadmin\edit_handlers.py,269,99,2,13,1,0,0
wagtail,C:\Users\Zhifei Chen\Desktop\pysmell\subjects_for_metrics\wagtail\wagtail\wagtailadmin\edit_handlers.py,328,41,1,6,0,0,0
wagtail,C:\Users\Zhifei Chen\Desktop\pysmell\subjects_for_metrics\wagtail\wagtail\wagtailadmin\edit_handlers.py,334,95,1,10,0,0,0
wagtail,C:\Users\Zhifei Chen\Desktop\pysmell\subjects_for_metrics\wagtail\wagtail\wagtailadmin\edit_handlers.py,355,51,1,7,0,0,0
wagtail,C:\Users\Zhifei Chen\Desktop\pysmell\subjects_for_metrics\wagtail\wagtail\wagtailadmin\edit_handlers.py,372,51,1,7,0,0,0
wagtail,C:\Users\Zhifei Chen\Desktop\pysmell\subjects_for_metrics\wagtail\wagtail\wagtailadmin\edit_handlers.py,390,51,1,7,0,0,0
wagtail,C:\Users\Zhifei Chen\Desktop\pysmell\subjects_for_metrics\wagtail\wagtail\wagtailadmin\edit_handlers.py,414,51,1,7,0,0,0
wagtail,C:\Users\Zhifei Chen\Desktop\pysmell\subjects_for_metrics\wagtail\wagtail\wagtailadmin\menu.py,64,53,1,8,0,0,0
wagtail,C:\Users\Zhifei Chen\Desktop\pysmell\subjects_for_metrics\wagtail\wagtail\wagtailadmin\menu.py,68,65,2,8,0,0,0
wagtail,C:\Users\Zhifei Chen\Desktop\pysmell\subjects_for_metrics\wagtail\wagtail\wagtailadmin\menu.py,71,76,2,10,0,0,0
wagtail,C:\Users\Zhifei Chen\Desktop\pysmell\subjects_for_metrics\wagtail\wagtail\wagtailadmin\taggable.py,26,33,1,7,0,0,0
wagtail,C:\Users\Zhifei Chen\Desktop\pysmell\subjects_for_metrics\wagtail\wagtail\wagtailadmin\utils.py,157,174,2,20,1,0,0
wagtail,C:\Users\Zhifei Chen\Desktop\pysmell\subjects_for_metrics\wagtail\wagtail\wagtailadmin\widgets.py,172,120,1,10,0,0,0
wagtail,C:\Users\Zhifei Chen\Desktop\pysmell\subjects_for_metrics\wagtail\wagtail\wagtailadmin\templatetags\wagtailadmin_tags.py,110,102,1,9,0,0,0
wagtail,C:\Users\Zhifei Chen\Desktop\pysmell\subjects_for_metrics\wagtail\wagtail\wagtailadmin\templatetags\wagtailadmin_tags.py,125,39,1,7,0,0,0
wagtail,C:\Users\Zhifei Chen\Desktop\pysmell\subjects_for_metrics\wagtail\wagtail\wagtailadmin\tests\test_edit_handlers.py,110,53,1,6,0,0,0
wagtail,C:\Users\Zhifei Chen\Desktop\pysmell\subjects_for_metrics\wagtail\wagtail\wagtailadmin\tests\test_edit_handlers.py,122,82,1,11,0,0,0
wagtail,C:\Users\Zhifei Chen\Desktop\pysmell\subjects_for_metrics\wagtail\wagtail\wagtailadmin\tests\test_edit_handlers.py,128,85,1,11,0,0,0
wagtail,C:\Users\Zhifei Chen\Desktop\pysmell\subjects_for_metrics\wagtail\wagtail\wagtailadmin\tests\test_edit_handlers.py,134,44,1,6,0,0,0
wagtail,C:\Users\Zhifei Chen\Desktop\pysmell\subjects_for_metrics\wagtail\wagtail\wagtailadmin\tests\test_pages_views.py,925,60,1,7,0,0,0
wagtail,C:\Users\Zhifei Chen\Desktop\pysmell\subjects_for_metrics\wagtail\wagtail\wagtailadmin\tests\test_pages_views.py,1193,31,1,6,0,0,0
wagtail,C:\Users\Zhifei Chen\Desktop\pysmell\subjects_for_metrics\wagtail\wagtail\wagtailadmin\tests\test_page_chooser.py,84,60,1,9,0,0,0
wagtail,C:\Users\Zhifei Chen\Desktop\pysmell\subjects_for_metrics\wagtail\wagtail\wagtailadmin\tests\test_page_chooser.py,126,60,1,9,0,0,0
wagtail,C:\Users\Zhifei Chen\Desktop\pysmell\subjects_for_metrics\wagtail\wagtail\wagtailadmin\tests\test_page_chooser.py,227,48,1,8,0,0,0
wagtail,C:\Users\Zhifei Chen\Desktop\pysmell\subjects_for_metrics\wagtail\wagtail\wagtailadmin\tests\test_page_chooser.py,260,48,1,8,0,0,0
wagtail,C:\Users\Zhifei Chen\Desktop\pysmell\subjects_for_metrics\wagtail\wagtail\wagtailadmin\views\chooser.py,98,67,1,5,0,0,0
wagtail,C:\Users\Zhifei Chen\Desktop\pysmell\subjects_for_metrics\wagtail\wagtail\wagtailadmin\views\pages.py,278,92,2,14,1,0,0
wagtail,C:\Users\Zhifei Chen\Desktop\pysmell\subjects_for_metrics\wagtail\wagtail\wagtailadmin\views\tags.py,13,22,1,4,0,0,0
wagtail,C:\Users\Zhifei Chen\Desktop\pysmell\subjects_for_metrics\wagtail\wagtail\wagtailadmin\views\userbar.py,20,36,1,6,0,0,0
wagtail,C:\Users\Zhifei Chen\Desktop\pysmell\subjects_for_metrics\wagtail\wagtail\wagtailadmin\views\userbar.py,23,35,2,4,0,0,0
wagtail,C:\Users\Zhifei Chen\Desktop\pysmell\subjects_for_metrics\wagtail\wagtail\wagtailadmin\views\userbar.py,44,36,1,6,0,0,0
wagtail,C:\Users\Zhifei Chen\Desktop\pysmell\subjects_for_metrics\wagtail\wagtail\wagtailadmin\views\userbar.py,47,35,2,4,0,0,0
wagtail,C:\Users\Zhifei Chen\Desktop\pysmell\subjects_for_metrics\wagtail\wagtail\wagtailcore\models.py,143,133,1,17,1,0,0
wagtail,C:\Users\Zhifei Chen\Desktop\pysmell\subjects_for_metrics\wagtail\wagtail\wagtailcore\models.py,169,66,1,7,0,0,0
wagtail,C:\Users\Zhifei Chen\Desktop\pysmell\subjects_for_metrics\wagtail\wagtail\wagtailcore\models.py,347,108,3,19,1,1,1
wagtail,C:\Users\Zhifei Chen\Desktop\pysmell\subjects_for_metrics\wagtail\wagtail\wagtailcore\models.py,656,90,2,12,1,0,0
wagtail,C:\Users\Zhifei Chen\Desktop\pysmell\subjects_for_metrics\wagtail\wagtail\wagtailcore\models.py,670,90,2,12,1,0,0
wagtail,C:\Users\Zhifei Chen\Desktop\pysmell\subjects_for_metrics\wagtail\wagtail\wagtailcore\models.py,680,67,1,16,1,0,0
wagtail,C:\Users\Zhifei Chen\Desktop\pysmell\subjects_for_metrics\wagtail\wagtail\wagtailcore\models.py,1224,72,2,9,0,0,0
wagtail,C:\Users\Zhifei Chen\Desktop\pysmell\subjects_for_metrics\wagtail\wagtail\wagtailcore\models.py,1299,96,2,13,1,0,0
wagtail,C:\Users\Zhifei Chen\Desktop\pysmell\subjects_for_metrics\wagtail\wagtail\wagtailcore\query.py,97,73,1,21,1,0,0
wagtail,C:\Users\Zhifei Chen\Desktop\pysmell\subjects_for_metrics\wagtail\wagtail\wagtailcore\query.py,162,59,2,9,0,0,0
wagtail,C:\Users\Zhifei Chen\Desktop\pysmell\subjects_for_metrics\wagtail\wagtail\wagtailcore\query.py,232,63,1,10,0,0,0
wagtail,C:\Users\Zhifei Chen\Desktop\pysmell\subjects_for_metrics\wagtail\wagtail\wagtailcore\query.py,240,28,1,5,0,0,0
wagtail,C:\Users\Zhifei Chen\Desktop\pysmell\subjects_for_metrics\wagtail\wagtail\wagtailcore\views.py,17,51,2,7,0,0,0
wagtail,C:\Users\Zhifei Chen\Desktop\pysmell\subjects_for_metrics\wagtail\wagtail\wagtailcore\blocks\base.py,34,46,2,6,0,0,0
wagtail,C:\Users\Zhifei Chen\Desktop\pysmell\subjects_for_metrics\wagtail\wagtail\wagtailcore\blocks\base.py,85,54,1,7,0,0,0
wagtail,C:\Users\Zhifei Chen\Desktop\pysmell\subjects_for_metrics\wagtail\wagtail\wagtailcore\blocks\field_block.py,207,41,1,9,0,0,0
wagtail,C:\Users\Zhifei Chen\Desktop\pysmell\subjects_for_metrics\wagtail\wagtail\wagtailcore\blocks\field_block.py,393,74,1,7,0,0,0
wagtail,C:\Users\Zhifei Chen\Desktop\pysmell\subjects_for_metrics\wagtail\wagtail\wagtailcore\blocks\field_block.py,396,35,1,4,0,0,0
wagtail,C:\Users\Zhifei Chen\Desktop\pysmell\subjects_for_metrics\wagtail\wagtail\wagtailcore\blocks\list_block.py,83,137,2,22,1,0,1
wagtail,C:\Users\Zhifei Chen\Desktop\pysmell\subjects_for_metrics\wagtail\wagtail\wagtailcore\blocks\list_block.py,108,32,1,5,0,0,0
wagtail,C:\Users\Zhifei Chen\Desktop\pysmell\subjects_for_metrics\wagtail\wagtail\wagtailcore\blocks\list_block.py,131,48,1,7,0,0,0
wagtail,C:\Users\Zhifei Chen\Desktop\pysmell\subjects_for_metrics\wagtail\wagtail\wagtailcore\blocks\list_block.py,138,53,1,7,0,0,0
wagtail,C:\Users\Zhifei Chen\Desktop\pysmell\subjects_for_metrics\wagtail\wagtail\wagtailcore\blocks\list_block.py,144,62,1,8,0,0,0
wagtail,C:\Users\Zhifei Chen\Desktop\pysmell\subjects_for_metrics\wagtail\wagtail\wagtailcore\blocks\stream_block.py,72,179,1,24,1,1,1
wagtail,C:\Users\Zhifei Chen\Desktop\pysmell\subjects_for_metrics\wagtail\wagtail\wagtailcore\blocks\stream_block.py,119,61,2,8,0,0,0
wagtail,C:\Users\Zhifei Chen\Desktop\pysmell\subjects_for_metrics\wagtail\wagtail\wagtailcore\blocks\stream_block.py,122,161,2,25,1,1,1
wagtail,C:\Users\Zhifei Chen\Desktop\pysmell\subjects_for_metrics\wagtail\wagtail\wagtailcore\blocks\stream_block.py,156,90,1,8,0,0,0
wagtail,C:\Users\Zhifei Chen\Desktop\pysmell\subjects_for_metrics\wagtail\wagtail\wagtailcore\blocks\stream_block.py,185,74,2,9,0,0,0
wagtail,C:\Users\Zhifei Chen\Desktop\pysmell\subjects_for_metrics\wagtail\wagtail\wagtailcore\blocks\stream_block.py,195,92,1,14,1,0,0
wagtail,C:\Users\Zhifei Chen\Desktop\pysmell\subjects_for_metrics\wagtail\wagtail\wagtailcore\blocks\stream_block.py,201,53,1,8,0,0,0
wagtail,C:\Users\Zhifei Chen\Desktop\pysmell\subjects_for_metrics\wagtail\wagtail\wagtailcore\blocks\struct_block.py,78,158,1,28,1,1,1
wagtail,C:\Users\Zhifei Chen\Desktop\pysmell\subjects_for_metrics\wagtail\wagtail\wagtailcore\blocks\struct_block.py,94,113,1,19,1,0,0
wagtail,C:\Users\Zhifei Chen\Desktop\pysmell\subjects_for_metrics\wagtail\wagtail\wagtailcore\blocks\struct_block.py,117,137,2,22,1,0,1
wagtail,C:\Users\Zhifei Chen\Desktop\pysmell\subjects_for_metrics\wagtail\wagtail\wagtailcore\blocks\struct_block.py,129,80,1,15,1,0,0
wagtail,C:\Users\Zhifei Chen\Desktop\pysmell\subjects_for_metrics\wagtail\wagtail\wagtailcore\blocks\struct_block.py,165,54,1,11,0,0,0
wagtail,C:\Users\Zhifei Chen\Desktop\pysmell\subjects_for_metrics\wagtail\wagtail\wagtailcore\blocks\struct_block.py,185,83,1,17,1,0,0
wagtail,C:\Users\Zhifei Chen\Desktop\pysmell\subjects_for_metrics\wagtail\wagtail\wagtailcore\blocks\utils.py,17,48,1,13,0,0,0
wagtail,C:\Users\Zhifei Chen\Desktop\pysmell\subjects_for_metrics\wagtail\wagtail\wagtailcore\management\commands\publish_scheduled_pages.py,67,93,2,10,0,0,0
wagtail,C:\Users\Zhifei Chen\Desktop\pysmell\subjects_for_metrics\wagtail\wagtail\wagtailcore\management\commands\replace_text.py,10,114,2,17,1,0,0
wagtail,C:\Users\Zhifei Chen\Desktop\pysmell\subjects_for_metrics\wagtail\wagtail\wagtailcore\management\commands\replace_text.py,34,68,1,7,0,0,0
wagtail,C:\Users\Zhifei Chen\Desktop\pysmell\subjects_for_metrics\wagtail\wagtail\wagtailcore\tests\test_migrations.py,17,74,2,11,0,0,0
wagtail,C:\Users\Zhifei Chen\Desktop\pysmell\subjects_for_metrics\wagtail\wagtail\wagtailcore\tests\test_migrations.py,24,108,2,14,1,0,0
wagtail,C:\Users\Zhifei Chen\Desktop\pysmell\subjects_for_metrics\wagtail\wagtail\wagtailcore\tests\test_migrations.py,30,67,1,14,1,0,0
wagtail,C:\Users\Zhifei Chen\Desktop\pysmell\subjects_for_metrics\wagtail\wagtail\wagtailcore\tests\test_migrations.py,48,202,3,25,1,1,1
wagtail,C:\Users\Zhifei Chen\Desktop\pysmell\subjects_for_metrics\wagtail\wagtail\wagtailcore\tests\test_migrations.py,50,70,1,9,0,0,0
wagtail,C:\Users\Zhifei Chen\Desktop\pysmell\subjects_for_metrics\wagtail\wagtail\wagtailcore\tests\test_page_model.py,342,38,1,13,0,0,0
wagtail,C:\Users\Zhifei Chen\Desktop\pysmell\subjects_for_metrics\wagtail\wagtail\wagtailcore\tests\test_page_model.py,345,40,1,11,0,0,0
wagtail,C:\Users\Zhifei Chen\Desktop\pysmell\subjects_for_metrics\wagtail\wagtail\wagtailcore\tests\test_page_model.py,458,59,1,7,0,0,0
wagtail,C:\Users\Zhifei Chen\Desktop\pysmell\subjects_for_metrics\wagtail\wagtail\wagtailcore\tests\test_streamfield.py,78,44,1,5,0,0,0
wagtail,C:\Users\Zhifei Chen\Desktop\pysmell\subjects_for_metrics\wagtail\wagtail\wagtaildocs\wagtail_hooks.py,41,53,1,6,0,0,0
wagtail,C:\Users\Zhifei Chen\Desktop\pysmell\subjects_for_metrics\wagtail\wagtail\wagtailforms\forms.py,54,53,1,13,0,0,0
wagtail,C:\Users\Zhifei Chen\Desktop\pysmell\subjects_for_metrics\wagtail\wagtail\wagtailforms\forms.py,55,47,1,9,0,0,0
wagtail,C:\Users\Zhifei Chen\Desktop\pysmell\subjects_for_metrics\wagtail\wagtail\wagtailforms\models.py,114,70,2,10,0,0,0
wagtail,C:\Users\Zhifei Chen\Desktop\pysmell\subjects_for_metrics\wagtail\wagtail\wagtailforms\models.py,218,77,1,21,1,0,0
wagtail,C:\Users\Zhifei Chen\Desktop\pysmell\subjects_for_metrics\wagtail\wagtail\wagtailforms\views.py,51,69,1,10,0,0,0
wagtail,C:\Users\Zhifei Chen\Desktop\pysmell\subjects_for_metrics\wagtail\wagtail\wagtailforms\views.py,79,35,1,5,0,0,0
wagtail,C:\Users\Zhifei Chen\Desktop\pysmell\subjects_for_metrics\wagtail\wagtail\wagtailforms\views.py,92,35,1,5,0,0,0
wagtail,C:\Users\Zhifei Chen\Desktop\pysmell\subjects_for_metrics\wagtail\wagtail\wagtailforms\views.py,96,49,1,8,0,0,0
wagtail,C:\Users\Zhifei Chen\Desktop\pysmell\subjects_for_metrics\wagtail\wagtail\wagtailimages\forms.py,42,58,1,8,0,0,0
wagtail,C:\Users\Zhifei Chen\Desktop\pysmell\subjects_for_metrics\wagtail\wagtail\wagtailimages\models.py,55,52,2,12,0,0,0
wagtail,C:\Users\Zhifei Chen\Desktop\pysmell\subjects_for_metrics\wagtail\wagtail\wagtailimages\models.py,191,23,1,5,0,0,0
wagtail,C:\Users\Zhifei Chen\Desktop\pysmell\subjects_for_metrics\wagtail\wagtail\wagtailimages\models.py,192,23,1,5,0,0,0
wagtail,C:\Users\Zhifei Chen\Desktop\pysmell\subjects_for_metrics\wagtail\wagtail\wagtailimages\models.py,193,23,1,5,0,0,0
wagtail,C:\Users\Zhifei Chen\Desktop\pysmell\subjects_for_metrics\wagtail\wagtail\wagtailimages\models.py,194,23,1,5,0,0,0
wagtail,C:\Users\Zhifei Chen\Desktop\pysmell\subjects_for_metrics\wagtail\wagtail\wagtailimages\models.py,200,32,1,5,0,0,0
wagtail,C:\Users\Zhifei Chen\Desktop\pysmell\subjects_for_metrics\wagtail\wagtail\wagtailimages\models.py,201,32,1,5,0,0,0
wagtail,C:\Users\Zhifei Chen\Desktop\pysmell\subjects_for_metrics\wagtail\wagtail\wagtailimages\models.py,202,32,1,5,0,0,0
wagtail,C:\Users\Zhifei Chen\Desktop\pysmell\subjects_for_metrics\wagtail\wagtail\wagtailimages\models.py,203,32,1,5,0,0,0
wagtail,C:\Users\Zhifei Chen\Desktop\pysmell\subjects_for_metrics\wagtail\wagtail\wagtailimages\wagtail_hooks.py,41,53,1,6,0,0,0
wagtail,C:\Users\Zhifei Chen\Desktop\pysmell\subjects_for_metrics\wagtail\wagtail\wagtailimages\views\multiple.py,78,64,2,16,0,0,0
wagtail,C:\Users\Zhifei Chen\Desktop\pysmell\subjects_for_metrics\wagtail\wagtail\wagtailimages\views\multiple.py,78,22,1,5,0,0,0
wagtail,C:\Users\Zhifei Chen\Desktop\pysmell\subjects_for_metrics\wagtail\wagtail\wagtailsearch\index.py,47,71,2,9,0,0,0
wagtail,C:\Users\Zhifei Chen\Desktop\pysmell\subjects_for_metrics\wagtail\wagtail\wagtailsearch\index.py,54,71,2,9,0,0,0
wagtail,C:\Users\Zhifei Chen\Desktop\pysmell\subjects_for_metrics\wagtail\wagtail\wagtailsearch\index.py,74,91,2,14,1,0,0
wagtail,C:\Users\Zhifei Chen\Desktop\pysmell\subjects_for_metrics\wagtail\wagtail\wagtailsearch\utils.py,15,49,2,7,0,0,0
wagtail,C:\Users\Zhifei Chen\Desktop\pysmell\subjects_for_metrics\wagtail\wagtail\wagtailsearch\backends\base.py,31,108,1,14,1,0,0
wagtail,C:\Users\Zhifei Chen\Desktop\pysmell\subjects_for_metrics\wagtail\wagtail\wagtailsearch\backends\base.py,40,108,1,14,1,0,0
wagtail,C:\Users\Zhifei Chen\Desktop\pysmell\subjects_for_metrics\wagtail\wagtail\wagtailsearch\backends\base.py,83,71,1,7,0,0,0
wagtail,C:\Users\Zhifei Chen\Desktop\pysmell\subjects_for_metrics\wagtail\wagtail\wagtailsearch\backends\base.py,84,58,2,4,0,0,0
wagtail,C:\Users\Zhifei Chen\Desktop\pysmell\subjects_for_metrics\wagtail\wagtail\wagtailsearch\backends\db.py,37,64,1,6,0,0,0
wagtail,C:\Users\Zhifei Chen\Desktop\pysmell\subjects_for_metrics\wagtail\wagtail\wagtailsearch\backends\elasticsearch.py,127,71,1,9,0,0,0
wagtail,C:\Users\Zhifei Chen\Desktop\pysmell\subjects_for_metrics\wagtail\wagtail\wagtailsearch\backends\elasticsearch.py,240,36,2,6,0,0,0
wagtail,C:\Users\Zhifei Chen\Desktop\pysmell\subjects_for_metrics\wagtail\wagtail\wagtailsearch\backends\elasticsearch.py,409,52,1,13,0,0,0
wagtail,C:\Users\Zhifei Chen\Desktop\pysmell\subjects_for_metrics\wagtail\wagtail\wagtailsearch\backends\elasticsearch.py,412,26,1,7,0,0,0
wagtail,C:\Users\Zhifei Chen\Desktop\pysmell\subjects_for_metrics\wagtail\wagtail\wagtailsearch\backends\elasticsearch.py,420,46,2,12,0,0,0
wagtail,C:\Users\Zhifei Chen\Desktop\pysmell\subjects_for_metrics\wagtail\wagtail\wagtailsearch\management\commands\update_index.py,15,67,1,8,0,0,0
wagtail,C:\Users\Zhifei Chen\Desktop\pysmell\subjects_for_metrics\wagtail\wagtail\wagtailsearch\tests\test_elasticsearch_backend.py,450,169,1,22,1,0,1
wagtail,C:\Users\Zhifei Chen\Desktop\pysmell\subjects_for_metrics\wagtail\wagtail\wagtailsearch\views\frontend.py,80,88,2,12,1,0,0
wagtail,C:\Users\Zhifei Chen\Desktop\pysmell\subjects_for_metrics\wagtail\wagtail\wagtailsnippets\models.py,17,66,1,7,0,0,0
wagtail,C:\Users\Zhifei Chen\Desktop\pysmell\subjects_for_metrics\wagtail\wagtail\wagtailsnippets\tests.py,264,84,2,11,0,0,0
wagtail,C:\Users\Zhifei Chen\Desktop\pysmell\subjects_for_metrics\wagtail\wagtail\wagtailsnippets\views\snippets.py,68,154,2,15,1,0,0
wagtail,C:\Users\Zhifei Chen\Desktop\pysmell\subjects_for_metrics\wagtail\wagtail\wagtailsnippets\views\snippets.py,85,71,1,9,0,0,0
wagtail,C:\Users\Zhifei Chen\Desktop\pysmell\subjects_for_metrics\wagtail\wagtail\wagtailsnippets\views\snippets.py,88,49,1,7,0,0,0
