subject,file,lineno,NOC,NOL,experience-based,statistics-based,tuning machine
wagtail,C:\Users\Zhifei Chen\Desktop\pysmell\subjects_for_metrics\wagtail\wagtail\contrib\wagtailapi\utils.py,12,38,1,0,0,0
wagtail,C:\Users\Zhifei Chen\Desktop\pysmell\subjects_for_metrics\wagtail\wagtail\contrib\wagtailsearchpromotions\views.py,43,42,1,0,0,0
wagtail,C:\Users\Zhifei Chen\Desktop\pysmell\subjects_for_metrics\wagtail\wagtail\tests\customuser\migrations\0001_initial.py,24,178,3,1,1,1
wagtail,C:\Users\Zhifei Chen\Desktop\pysmell\subjects_for_metrics\wagtail\wagtail\tests\customuser\migrations\0001_initial.py,38,470,3,1,1,1
wagtail,C:\Users\Zhifei Chen\Desktop\pysmell\subjects_for_metrics\wagtail\wagtail\tests\customuser\migrations\0001_initial.py,56,178,3,1,1,1
wagtail,C:\Users\Zhifei Chen\Desktop\pysmell\subjects_for_metrics\wagtail\wagtail\tests\demosite\migrations\0001_initial.py,109,34,1,0,0,0
wagtail,C:\Users\Zhifei Chen\Desktop\pysmell\subjects_for_metrics\wagtail\wagtail\tests\demosite\migrations\0001_initial.py,266,34,1,0,0,0
wagtail,C:\Users\Zhifei Chen\Desktop\pysmell\subjects_for_metrics\wagtail\wagtail\tests\testapp\blocks.py,10,53,1,0,0,0
wagtail,C:\Users\Zhifei Chen\Desktop\pysmell\subjects_for_metrics\wagtail\wagtail\wagtailadmin\widgets.py,167,31,1,0,0,0
wagtail,C:\Users\Zhifei Chen\Desktop\pysmell\subjects_for_metrics\wagtail\wagtail\wagtailadmin\widgets.py,177,25,1,0,0,0
wagtail,C:\Users\Zhifei Chen\Desktop\pysmell\subjects_for_metrics\wagtail\wagtail\wagtailadmin\views\chooser.py,154,80,1,1,0,0
wagtail,C:\Users\Zhifei Chen\Desktop\pysmell\subjects_for_metrics\wagtail\wagtail\wagtailadmin\views\chooser.py,185,125,1,1,1,1
wagtail,C:\Users\Zhifei Chen\Desktop\pysmell\subjects_for_metrics\wagtail\wagtail\wagtailadmin\views\pages.py,690,19,1,0,0,0
wagtail,C:\Users\Zhifei Chen\Desktop\pysmell\subjects_for_metrics\wagtail\wagtail\wagtailadmin\views\pages.py,697,19,1,0,0,0
wagtail,C:\Users\Zhifei Chen\Desktop\pysmell\subjects_for_metrics\wagtail\wagtail\wagtailcore\models.py,74,42,1,0,0,0
wagtail,C:\Users\Zhifei Chen\Desktop\pysmell\subjects_for_metrics\wagtail\wagtail\wagtailcore\models.py,74,41,1,0,0,0
wagtail,C:\Users\Zhifei Chen\Desktop\pysmell\subjects_for_metrics\wagtail\wagtail\wagtailcore\models.py,549,37,1,0,0,0
wagtail,C:\Users\Zhifei Chen\Desktop\pysmell\subjects_for_metrics\wagtail\wagtail\wagtailcore\models.py,559,38,1,0,0,0
wagtail,C:\Users\Zhifei Chen\Desktop\pysmell\subjects_for_metrics\wagtail\wagtail\wagtailcore\blocks\field_block.py,47,47,1,0,0,0
wagtail,C:\Users\Zhifei Chen\Desktop\pysmell\subjects_for_metrics\wagtail\wagtail\wagtailcore\blocks\list_block.py,84,33,1,0,0,0
wagtail,C:\Users\Zhifei Chen\Desktop\pysmell\subjects_for_metrics\wagtail\wagtail\wagtailcore\blocks\stream_block.py,123,33,1,0,0,0
wagtail,C:\Users\Zhifei Chen\Desktop\pysmell\subjects_for_metrics\wagtail\wagtail\wagtailcore\blocks\struct_block.py,119,78,1,1,0,0
wagtail,C:\Users\Zhifei Chen\Desktop\pysmell\subjects_for_metrics\wagtail\wagtail\wagtailcore\management\commands\fixtree.py,85,30,1,0,0,0
wagtail,C:\Users\Zhifei Chen\Desktop\pysmell\subjects_for_metrics\wagtail\wagtail\wagtailcore\migrations\0001_squashed_0016_change_page_url_path_to_text_field.py,22,47,1,0,0,0
wagtail,C:\Users\Zhifei Chen\Desktop\pysmell\subjects_for_metrics\wagtail\wagtail\wagtailcore\migrations\0002_initial_data.py,19,47,1,0,0,0
wagtail,C:\Users\Zhifei Chen\Desktop\pysmell\subjects_for_metrics\wagtail\wagtail\wagtaildocs\migrations\0002_initial_data.py,17,51,1,0,0,0
wagtail,C:\Users\Zhifei Chen\Desktop\pysmell\subjects_for_metrics\wagtail\wagtail\wagtailembeds\embeds.py,70,40,1,0,0,0
wagtail,C:\Users\Zhifei Chen\Desktop\pysmell\subjects_for_metrics\wagtail\wagtail\wagtailembeds\embeds.py,71,52,1,0,0,0
wagtail,C:\Users\Zhifei Chen\Desktop\pysmell\subjects_for_metrics\wagtail\wagtail\wagtailembeds\embeds.py,72,56,1,0,0,0
wagtail,C:\Users\Zhifei Chen\Desktop\pysmell\subjects_for_metrics\wagtail\wagtail\wagtailembeds\embeds.py,109,40,1,0,0,0
wagtail,C:\Users\Zhifei Chen\Desktop\pysmell\subjects_for_metrics\wagtail\wagtail\wagtailembeds\embeds.py,110,52,1,0,0,0
wagtail,C:\Users\Zhifei Chen\Desktop\pysmell\subjects_for_metrics\wagtail\wagtail\wagtailembeds\embeds.py,111,56,1,0,0,0
wagtail,C:\Users\Zhifei Chen\Desktop\pysmell\subjects_for_metrics\wagtail\wagtail\wagtailembeds\tests.py,47,27,1,0,0,0
wagtail,C:\Users\Zhifei Chen\Desktop\pysmell\subjects_for_metrics\wagtail\wagtail\wagtailimages\models.py,55,23,1,0,0,0
wagtail,C:\Users\Zhifei Chen\Desktop\pysmell\subjects_for_metrics\wagtail\wagtail\wagtailimages\migrations\0002_initial_data.py,17,48,1,0,0,0
wagtail,C:\Users\Zhifei Chen\Desktop\pysmell\subjects_for_metrics\wagtail\wagtail\wagtailredirects\views.py,51,42,1,0,0,0
wagtail,C:\Users\Zhifei Chen\Desktop\pysmell\subjects_for_metrics\wagtail\wagtail\wagtailsearch\models.py,36,15,1,0,0,0
wagtail,C:\Users\Zhifei Chen\Desktop\pysmell\subjects_for_metrics\wagtail\wagtail\wagtailsearch\backends\base.py,149,33,1,0,0,0
wagtail,C:\Users\Zhifei Chen\Desktop\pysmell\subjects_for_metrics\wagtail\wagtail\wagtailsearch\backends\base.py,150,31,1,0,0,0
wagtail,C:\Users\Zhifei Chen\Desktop\pysmell\subjects_for_metrics\wagtail\wagtail\wagtailsearch\backends\elasticsearch.py,343,24,1,0,0,0
wagtail,C:\Users\Zhifei Chen\Desktop\pysmell\subjects_for_metrics\wagtail\wagtail\wagtailsearch\backends\elasticsearch.py,575,18,1,0,0,0
wagtail,C:\Users\Zhifei Chen\Desktop\pysmell\subjects_for_metrics\wagtail\wagtail\wagtailusers\templatetags\wagtailusers_tags.py,42,45,1,0,0,0
