subject,file,lineno,CLOC,experience-based,statistics-based,tuning machine
Dshell,C:\Users\Zhifei Chen\Desktop\pysmell\subjects_for_metrics\Dshell\bin\decode.py,235,5,0,0,0
Dshell,C:\Users\Zhifei Chen\Desktop\pysmell\subjects_for_metrics\Dshell\decoders\dhcp\dhcp.py,7,3,0,0,0
Dshell,C:\Users\Zhifei Chen\Desktop\pysmell\subjects_for_metrics\Dshell\decoders\dns\dns-asn.py,7,4,0,0,0
Dshell,C:\Users\Zhifei Chen\Desktop\pysmell\subjects_for_metrics\Dshell\decoders\dns\dns-cc.py,7,4,0,0,0
Dshell,C:\Users\Zhifei Chen\Desktop\pysmell\subjects_for_metrics\Dshell\decoders\dns\dns.py,6,4,0,0,0
Dshell,C:\Users\Zhifei Chen\Desktop\pysmell\subjects_for_metrics\Dshell\decoders\dns\innuendo-dns.py,6,5,0,0,0
Dshell,C:\Users\Zhifei Chen\Desktop\pysmell\subjects_for_metrics\Dshell\decoders\dns\reservedips.py,8,5,0,0,0
Dshell,C:\Users\Zhifei Chen\Desktop\pysmell\subjects_for_metrics\Dshell\decoders\filter\asn-filter.py,6,8,0,0,0
Dshell,C:\Users\Zhifei Chen\Desktop\pysmell\subjects_for_metrics\Dshell\decoders\filter\country.py,10,8,0,0,0
Dshell,C:\Users\Zhifei Chen\Desktop\pysmell\subjects_for_metrics\Dshell\decoders\filter\snort.py,4,6,0,0,0
Dshell,C:\Users\Zhifei Chen\Desktop\pysmell\subjects_for_metrics\Dshell\decoders\filter\track.py,9,8,0,0,0
Dshell,C:\Users\Zhifei Chen\Desktop\pysmell\subjects_for_metrics\Dshell\decoders\flows\large-flows.py,5,4,0,0,0
Dshell,C:\Users\Zhifei Chen\Desktop\pysmell\subjects_for_metrics\Dshell\decoders\flows\long-flows.py,5,3,0,0,0
Dshell,C:\Users\Zhifei Chen\Desktop\pysmell\subjects_for_metrics\Dshell\decoders\flows\netflow.py,5,5,0,0,0
Dshell,C:\Users\Zhifei Chen\Desktop\pysmell\subjects_for_metrics\Dshell\decoders\flows\reverse-flow.py,3,4,0,0,0
Dshell,C:\Users\Zhifei Chen\Desktop\pysmell\subjects_for_metrics\Dshell\decoders\ftp\ftp.py,21,14,0,0,0
Dshell,C:\Users\Zhifei Chen\Desktop\pysmell\subjects_for_metrics\Dshell\decoders\http\flash-detect.py,7,12,0,0,0
Dshell,C:\Users\Zhifei Chen\Desktop\pysmell\subjects_for_metrics\Dshell\decoders\http\httpdump.py,10,4,0,0,0
Dshell,C:\Users\Zhifei Chen\Desktop\pysmell\subjects_for_metrics\Dshell\decoders\http\ms15-034.py,5,3,0,0,0
Dshell,C:\Users\Zhifei Chen\Desktop\pysmell\subjects_for_metrics\Dshell\decoders\http\rip-http.py,17,5,0,0,0
Dshell,C:\Users\Zhifei Chen\Desktop\pysmell\subjects_for_metrics\Dshell\decoders\http\rip-http.py,111,5,0,0,0
Dshell,C:\Users\Zhifei Chen\Desktop\pysmell\subjects_for_metrics\Dshell\decoders\http\web.py,9,6,0,0,0
Dshell,C:\Users\Zhifei Chen\Desktop\pysmell\subjects_for_metrics\Dshell\decoders\misc\followstream.py,14,5,0,0,0
Dshell,C:\Users\Zhifei Chen\Desktop\pysmell\subjects_for_metrics\Dshell\decoders\misc\grep.py,9,10,0,0,0
Dshell,C:\Users\Zhifei Chen\Desktop\pysmell\subjects_for_metrics\Dshell\decoders\misc\merge.py,5,3,0,0,0
Dshell,C:\Users\Zhifei Chen\Desktop\pysmell\subjects_for_metrics\Dshell\decoders\misc\synrst.py,5,3,0,0,0
Dshell,C:\Users\Zhifei Chen\Desktop\pysmell\subjects_for_metrics\Dshell\decoders\misc\writer.py,12,5,0,0,0
Dshell,C:\Users\Zhifei Chen\Desktop\pysmell\subjects_for_metrics\Dshell\decoders\misc\xor.py,6,8,0,0,0
Dshell,C:\Users\Zhifei Chen\Desktop\pysmell\subjects_for_metrics\Dshell\decoders\protocol\ether.py,8,3,0,0,0
Dshell,C:\Users\Zhifei Chen\Desktop\pysmell\subjects_for_metrics\Dshell\decoders\protocol\ip.py,7,4,0,0,0
Dshell,C:\Users\Zhifei Chen\Desktop\pysmell\subjects_for_metrics\Dshell\decoders\protocol\protocol.py,12,3,0,0,0
Dshell,C:\Users\Zhifei Chen\Desktop\pysmell\subjects_for_metrics\Dshell\decoders\smb\psexec.py,31,6,0,0,0
Dshell,C:\Users\Zhifei Chen\Desktop\pysmell\subjects_for_metrics\Dshell\decoders\smb\psexec.py,68,8,0,0,0
Dshell,C:\Users\Zhifei Chen\Desktop\pysmell\subjects_for_metrics\Dshell\decoders\smb\rip-smb-uploads.py,24,5,0,0,0
Dshell,C:\Users\Zhifei Chen\Desktop\pysmell\subjects_for_metrics\Dshell\decoders\smb\smbfiles.py,28,6,0,0,0
Dshell,C:\Users\Zhifei Chen\Desktop\pysmell\subjects_for_metrics\Dshell\decoders\smb\smbfiles.py,61,5,0,0,0
Dshell,C:\Users\Zhifei Chen\Desktop\pysmell\subjects_for_metrics\Dshell\decoders\templates\PacketDecoder.py,8,3,0,0,0
Dshell,C:\Users\Zhifei Chen\Desktop\pysmell\subjects_for_metrics\Dshell\decoders\templates\SessionDecoder.py,8,7,0,0,0
Dshell,C:\Users\Zhifei Chen\Desktop\pysmell\subjects_for_metrics\Dshell\decoders\tftp\tftp.py,48,13,0,0,0
Dshell,C:\Users\Zhifei Chen\Desktop\pysmell\subjects_for_metrics\Dshell\lib\dfile.py,37,10,0,0,0
Dshell,C:\Users\Zhifei Chen\Desktop\pysmell\subjects_for_metrics\Dshell\lib\dnsdecoder.py,8,6,0,0,0
Dshell,C:\Users\Zhifei Chen\Desktop\pysmell\subjects_for_metrics\Dshell\lib\dnsdecoder.py,88,2,0,0,0
Dshell,C:\Users\Zhifei Chen\Desktop\pysmell\subjects_for_metrics\Dshell\lib\dshell.py,22,28,1,0,0
Dshell,C:\Users\Zhifei Chen\Desktop\pysmell\subjects_for_metrics\Dshell\lib\dshell.py,441,12,0,0,0
Dshell,C:\Users\Zhifei Chen\Desktop\pysmell\subjects_for_metrics\Dshell\lib\dshell.py,577,2,0,0,0
Dshell,C:\Users\Zhifei Chen\Desktop\pysmell\subjects_for_metrics\Dshell\lib\dshell.py,581,4,0,0,0
Dshell,C:\Users\Zhifei Chen\Desktop\pysmell\subjects_for_metrics\Dshell\lib\dshell.py,644,2,0,0,0
Dshell,C:\Users\Zhifei Chen\Desktop\pysmell\subjects_for_metrics\Dshell\lib\dshell.py,648,4,0,0,0
Dshell,C:\Users\Zhifei Chen\Desktop\pysmell\subjects_for_metrics\Dshell\lib\dshell.py,728,2,0,0,0
Dshell,C:\Users\Zhifei Chen\Desktop\pysmell\subjects_for_metrics\Dshell\lib\dshell.py,732,11,0,0,0
Dshell,C:\Users\Zhifei Chen\Desktop\pysmell\subjects_for_metrics\Dshell\lib\dshell.py,789,5,0,0,0
Dshell,C:\Users\Zhifei Chen\Desktop\pysmell\subjects_for_metrics\Dshell\lib\dshell.py,835,8,0,0,0
Dshell,C:\Users\Zhifei Chen\Desktop\pysmell\subjects_for_metrics\Dshell\lib\dshell.py,952,8,0,0,0
Dshell,C:\Users\Zhifei Chen\Desktop\pysmell\subjects_for_metrics\Dshell\lib\httpdecoder.py,11,7,0,0,0
Dshell,C:\Users\Zhifei Chen\Desktop\pysmell\subjects_for_metrics\Dshell\lib\httpdecoder.py,88,2,0,0,0
Dshell,C:\Users\Zhifei Chen\Desktop\pysmell\subjects_for_metrics\Dshell\lib\smbdecoder.py,42,9,0,0,0
Dshell,C:\Users\Zhifei Chen\Desktop\pysmell\subjects_for_metrics\Dshell\lib\smbdecoder.py,130,2,0,0,0
Dshell,C:\Users\Zhifei Chen\Desktop\pysmell\subjects_for_metrics\Dshell\lib\smbdecoder.py,134,9,0,0,0
Dshell,C:\Users\Zhifei Chen\Desktop\pysmell\subjects_for_metrics\Dshell\lib\smbdecoder.py,300,1,0,0,0
Dshell,C:\Users\Zhifei Chen\Desktop\pysmell\subjects_for_metrics\Dshell\lib\smbdecoder.py,372,1,0,0,0
Dshell,C:\Users\Zhifei Chen\Desktop\pysmell\subjects_for_metrics\Dshell\lib\smbdecoder.py,416,2,0,0,0
Dshell,C:\Users\Zhifei Chen\Desktop\pysmell\subjects_for_metrics\Dshell\lib\output\colorout.py,14,18,0,0,0
Dshell,C:\Users\Zhifei Chen\Desktop\pysmell\subjects_for_metrics\Dshell\lib\output\csvout.py,9,6,0,0,0
Dshell,C:\Users\Zhifei Chen\Desktop\pysmell\subjects_for_metrics\Dshell\lib\output\jsonout.py,10,5,0,0,0
Dshell,C:\Users\Zhifei Chen\Desktop\pysmell\subjects_for_metrics\Dshell\lib\output\netflowout.py,11,5,0,0,0
Dshell,C:\Users\Zhifei Chen\Desktop\pysmell\subjects_for_metrics\Dshell\lib\output\output.py,15,13,0,0,0
Dshell,C:\Users\Zhifei Chen\Desktop\pysmell\subjects_for_metrics\Dshell\lib\output\output.py,201,4,0,0,0
Dshell,C:\Users\Zhifei Chen\Desktop\pysmell\subjects_for_metrics\Dshell\lib\output\output.py,257,6,0,0,0
Dshell,C:\Users\Zhifei Chen\Desktop\pysmell\subjects_for_metrics\Dshell\lib\output\output.py,281,21,0,0,0
Dshell,C:\Users\Zhifei Chen\Desktop\pysmell\subjects_for_metrics\Dshell\lib\output\output.py,471,3,0,0,0
Dshell,C:\Users\Zhifei Chen\Desktop\pysmell\subjects_for_metrics\Dshell\lib\output\output.py,492,3,0,0,0
Dshell,C:\Users\Zhifei Chen\Desktop\pysmell\subjects_for_metrics\Dshell\lib\output\output.py,531,7,0,0,0
Dshell,C:\Users\Zhifei Chen\Desktop\pysmell\subjects_for_metrics\Dshell\lib\output\xmlout.py,11,7,0,0,0
