subject,file,lineno,PAR,experience-based,statistics-based,tuning machine
Dshell,C:\Users\Zhifei Chen\Desktop\pysmell\subjects_for_metrics\Dshell\bin\decode.py,25,0,0,0,0
Dshell,C:\Users\Zhifei Chen\Desktop\pysmell\subjects_for_metrics\Dshell\bin\decode.py,63,1,0,0,0
Dshell,C:\Users\Zhifei Chen\Desktop\pysmell\subjects_for_metrics\Dshell\bin\decode.py,78,1,0,0,0
Dshell,C:\Users\Zhifei Chen\Desktop\pysmell\subjects_for_metrics\Dshell\bin\decode.py,95,1,0,0,0
Dshell,C:\Users\Zhifei Chen\Desktop\pysmell\subjects_for_metrics\Dshell\bin\decode.py,128,1,0,0,0
Dshell,C:\Users\Zhifei Chen\Desktop\pysmell\subjects_for_metrics\Dshell\bin\decode.py,142,5,1,1,1
Dshell,C:\Users\Zhifei Chen\Desktop\pysmell\subjects_for_metrics\Dshell\bin\decode.py,176,3,0,0,0
Dshell,C:\Users\Zhifei Chen\Desktop\pysmell\subjects_for_metrics\Dshell\bin\decode.py,217,2,0,0,0
Dshell,C:\Users\Zhifei Chen\Desktop\pysmell\subjects_for_metrics\Dshell\bin\decode.py,237,2,0,0,0
Dshell,C:\Users\Zhifei Chen\Desktop\pysmell\subjects_for_metrics\Dshell\bin\decode.py,241,2,0,0,0
Dshell,C:\Users\Zhifei Chen\Desktop\pysmell\subjects_for_metrics\Dshell\bin\decode.py,257,3,0,0,0
Dshell,C:\Users\Zhifei Chen\Desktop\pysmell\subjects_for_metrics\Dshell\bin\decode.py,271,4,0,1,0
Dshell,C:\Users\Zhifei Chen\Desktop\pysmell\subjects_for_metrics\Dshell\bin\decode.py,279,1,0,0,0
Dshell,C:\Users\Zhifei Chen\Desktop\pysmell\subjects_for_metrics\Dshell\bin\decode.py,293,5,1,1,1
Dshell,C:\Users\Zhifei Chen\Desktop\pysmell\subjects_for_metrics\Dshell\bin\decode.py,390,2,0,0,0
Dshell,C:\Users\Zhifei Chen\Desktop\pysmell\subjects_for_metrics\Dshell\bin\decode.py,935,3,0,0,0
Dshell,C:\Users\Zhifei Chen\Desktop\pysmell\subjects_for_metrics\Dshell\bin\pcapanon.py,20,2,0,0,0
Dshell,C:\Users\Zhifei Chen\Desktop\pysmell\subjects_for_metrics\Dshell\bin\pcapanon.py,31,1,0,0,0
Dshell,C:\Users\Zhifei Chen\Desktop\pysmell\subjects_for_metrics\Dshell\bin\pcapanon.py,50,2,0,0,0
Dshell,C:\Users\Zhifei Chen\Desktop\pysmell\subjects_for_metrics\Dshell\bin\pcapanon.py,79,4,0,1,0
Dshell,C:\Users\Zhifei Chen\Desktop\pysmell\subjects_for_metrics\Dshell\bin\pcapanon.py,101,1,0,0,0
Dshell,C:\Users\Zhifei Chen\Desktop\pysmell\subjects_for_metrics\Dshell\bin\pcapanon.py,105,1,0,0,0
Dshell,C:\Users\Zhifei Chen\Desktop\pysmell\subjects_for_metrics\Dshell\bin\pcapanon.py,112,1,0,0,0
Dshell,C:\Users\Zhifei Chen\Desktop\pysmell\subjects_for_metrics\Dshell\bin\pcapanon.py,120,1,0,0,0
Dshell,C:\Users\Zhifei Chen\Desktop\pysmell\subjects_for_metrics\Dshell\bin\pcapanon.py,127,2,0,0,0
Dshell,C:\Users\Zhifei Chen\Desktop\pysmell\subjects_for_metrics\Dshell\decoders\dhcp\dhcp.py,9,1,0,0,0
Dshell,C:\Users\Zhifei Chen\Desktop\pysmell\subjects_for_metrics\Dshell\decoders\dhcp\dhcp.py,53,3,0,0,0
Dshell,C:\Users\Zhifei Chen\Desktop\pysmell\subjects_for_metrics\Dshell\decoders\dns\dns-asn.py,9,1,0,0,0
Dshell,C:\Users\Zhifei Chen\Desktop\pysmell\subjects_for_metrics\Dshell\decoders\dns\dns-asn.py,19,2,0,0,0
Dshell,C:\Users\Zhifei Chen\Desktop\pysmell\subjects_for_metrics\Dshell\decoders\dns\dns-asn.py,27,5,1,1,1
Dshell,C:\Users\Zhifei Chen\Desktop\pysmell\subjects_for_metrics\Dshell\decoders\dns\dns-cc.py,9,1,0,0,0
Dshell,C:\Users\Zhifei Chen\Desktop\pysmell\subjects_for_metrics\Dshell\decoders\dns\dns-cc.py,21,2,0,0,0
Dshell,C:\Users\Zhifei Chen\Desktop\pysmell\subjects_for_metrics\Dshell\decoders\dns\dns-cc.py,29,5,1,1,1
Dshell,C:\Users\Zhifei Chen\Desktop\pysmell\subjects_for_metrics\Dshell\decoders\dns\dns.py,8,1,0,0,0
Dshell,C:\Users\Zhifei Chen\Desktop\pysmell\subjects_for_metrics\Dshell\decoders\dns\dns.py,21,2,0,0,0
Dshell,C:\Users\Zhifei Chen\Desktop\pysmell\subjects_for_metrics\Dshell\decoders\dns\dns.py,51,5,1,1,1
Dshell,C:\Users\Zhifei Chen\Desktop\pysmell\subjects_for_metrics\Dshell\decoders\dns\innuendo-dns.py,23,1,0,0,0
Dshell,C:\Users\Zhifei Chen\Desktop\pysmell\subjects_for_metrics\Dshell\decoders\dns\innuendo-dns.py,32,2,0,0,0
Dshell,C:\Users\Zhifei Chen\Desktop\pysmell\subjects_for_metrics\Dshell\decoders\dns\innuendo-dns.py,36,1,0,0,0
Dshell,C:\Users\Zhifei Chen\Desktop\pysmell\subjects_for_metrics\Dshell\decoders\dns\innuendo-dns.py,38,5,1,1,1
Dshell,C:\Users\Zhifei Chen\Desktop\pysmell\subjects_for_metrics\Dshell\decoders\dns\reservedips.py,10,1,0,0,0
Dshell,C:\Users\Zhifei Chen\Desktop\pysmell\subjects_for_metrics\Dshell\decoders\dns\reservedips.py,89,2,0,0,0
Dshell,C:\Users\Zhifei Chen\Desktop\pysmell\subjects_for_metrics\Dshell\decoders\dns\reservedips.py,95,2,0,0,0
Dshell,C:\Users\Zhifei Chen\Desktop\pysmell\subjects_for_metrics\Dshell\decoders\dns\reservedips.py,103,5,1,1,1
Dshell,C:\Users\Zhifei Chen\Desktop\pysmell\subjects_for_metrics\Dshell\decoders\filter\asn-filter.py,8,2,0,0,0
Dshell,C:\Users\Zhifei Chen\Desktop\pysmell\subjects_for_metrics\Dshell\decoders\filter\asn-filter.py,51,2,0,0,0
Dshell,C:\Users\Zhifei Chen\Desktop\pysmell\subjects_for_metrics\Dshell\decoders\filter\asn-filter.py,63,5,1,1,1
Dshell,C:\Users\Zhifei Chen\Desktop\pysmell\subjects_for_metrics\Dshell\decoders\filter\asn-filter.py,72,2,0,0,0
Dshell,C:\Users\Zhifei Chen\Desktop\pysmell\subjects_for_metrics\Dshell\decoders\filter\asn-filter.py,78,2,0,0,0
Dshell,C:\Users\Zhifei Chen\Desktop\pysmell\subjects_for_metrics\Dshell\decoders\filter\asn-filter.py,90,2,0,0,0
Dshell,C:\Users\Zhifei Chen\Desktop\pysmell\subjects_for_metrics\Dshell\decoders\filter\asn-filter.py,94,2,0,0,0
Dshell,C:\Users\Zhifei Chen\Desktop\pysmell\subjects_for_metrics\Dshell\decoders\filter\country.py,14,2,0,0,0
Dshell,C:\Users\Zhifei Chen\Desktop\pysmell\subjects_for_metrics\Dshell\decoders\filter\country.py,71,2,0,0,0
Dshell,C:\Users\Zhifei Chen\Desktop\pysmell\subjects_for_metrics\Dshell\decoders\filter\country.py,83,5,1,1,1
Dshell,C:\Users\Zhifei Chen\Desktop\pysmell\subjects_for_metrics\Dshell\decoders\filter\country.py,92,2,0,0,0
Dshell,C:\Users\Zhifei Chen\Desktop\pysmell\subjects_for_metrics\Dshell\decoders\filter\country.py,98,2,0,0,0
Dshell,C:\Users\Zhifei Chen\Desktop\pysmell\subjects_for_metrics\Dshell\decoders\filter\country.py,116,2,0,0,0
Dshell,C:\Users\Zhifei Chen\Desktop\pysmell\subjects_for_metrics\Dshell\decoders\filter\country.py,120,2,0,0,0
Dshell,C:\Users\Zhifei Chen\Desktop\pysmell\subjects_for_metrics\Dshell\decoders\filter\snort.py,6,1,0,0,0
Dshell,C:\Users\Zhifei Chen\Desktop\pysmell\subjects_for_metrics\Dshell\decoders\filter\snort.py,49,1,0,0,0
Dshell,C:\Users\Zhifei Chen\Desktop\pysmell\subjects_for_metrics\Dshell\decoders\filter\snort.py,74,5,1,1,1
Dshell,C:\Users\Zhifei Chen\Desktop\pysmell\subjects_for_metrics\Dshell\decoders\filter\snort.py,79,5,1,1,1
Dshell,C:\Users\Zhifei Chen\Desktop\pysmell\subjects_for_metrics\Dshell\decoders\filter\snort.py,110,2,0,0,0
Dshell,C:\Users\Zhifei Chen\Desktop\pysmell\subjects_for_metrics\Dshell\decoders\filter\track.py,13,2,0,0,0
Dshell,C:\Users\Zhifei Chen\Desktop\pysmell\subjects_for_metrics\Dshell\decoders\filter\track.py,41,1,0,0,0
Dshell,C:\Users\Zhifei Chen\Desktop\pysmell\subjects_for_metrics\Dshell\decoders\filter\track.py,65,2,0,0,0
Dshell,C:\Users\Zhifei Chen\Desktop\pysmell\subjects_for_metrics\Dshell\decoders\filter\track.py,78,5,1,1,1
Dshell,C:\Users\Zhifei Chen\Desktop\pysmell\subjects_for_metrics\Dshell\decoders\filter\track.py,97,2,0,0,0
Dshell,C:\Users\Zhifei Chen\Desktop\pysmell\subjects_for_metrics\Dshell\decoders\filter\track.py,113,2,0,0,0
Dshell,C:\Users\Zhifei Chen\Desktop\pysmell\subjects_for_metrics\Dshell\decoders\filter\track.py,124,2,0,0,0
Dshell,C:\Users\Zhifei Chen\Desktop\pysmell\subjects_for_metrics\Dshell\decoders\flows\large-flows.py,7,1,0,0,0
Dshell,C:\Users\Zhifei Chen\Desktop\pysmell\subjects_for_metrics\Dshell\decoders\flows\large-flows.py,19,1,0,0,0
Dshell,C:\Users\Zhifei Chen\Desktop\pysmell\subjects_for_metrics\Dshell\decoders\flows\large-flows.py,27,2,0,0,0
Dshell,C:\Users\Zhifei Chen\Desktop\pysmell\subjects_for_metrics\Dshell\decoders\flows\long-flows.py,7,1,0,0,0
Dshell,C:\Users\Zhifei Chen\Desktop\pysmell\subjects_for_metrics\Dshell\decoders\flows\long-flows.py,20,2,0,0,0
Dshell,C:\Users\Zhifei Chen\Desktop\pysmell\subjects_for_metrics\Dshell\decoders\flows\netflow.py,7,1,0,0,0
Dshell,C:\Users\Zhifei Chen\Desktop\pysmell\subjects_for_metrics\Dshell\decoders\flows\netflow.py,19,1,0,0,0
Dshell,C:\Users\Zhifei Chen\Desktop\pysmell\subjects_for_metrics\Dshell\decoders\flows\netflow.py,25,2,0,0,0
Dshell,C:\Users\Zhifei Chen\Desktop\pysmell\subjects_for_metrics\Dshell\decoders\flows\netflow.py,28,1,0,0,0
Dshell,C:\Users\Zhifei Chen\Desktop\pysmell\subjects_for_metrics\Dshell\decoders\flows\reverse-flow.py,7,1,0,0,0
Dshell,C:\Users\Zhifei Chen\Desktop\pysmell\subjects_for_metrics\Dshell\decoders\flows\reverse-flow.py,48,1,0,0,0
Dshell,C:\Users\Zhifei Chen\Desktop\pysmell\subjects_for_metrics\Dshell\decoders\flows\reverse-flow.py,57,2,0,0,0
Dshell,C:\Users\Zhifei Chen\Desktop\pysmell\subjects_for_metrics\Dshell\decoders\ftp\ftp.py,23,1,0,0,0
Dshell,C:\Users\Zhifei Chen\Desktop\pysmell\subjects_for_metrics\Dshell\decoders\ftp\ftp.py,44,1,0,0,0
Dshell,C:\Users\Zhifei Chen\Desktop\pysmell\subjects_for_metrics\Dshell\decoders\ftp\ftp.py,55,1,0,0,0
Dshell,C:\Users\Zhifei Chen\Desktop\pysmell\subjects_for_metrics\Dshell\decoders\ftp\ftp.py,67,2,0,0,0
Dshell,C:\Users\Zhifei Chen\Desktop\pysmell\subjects_for_metrics\Dshell\decoders\ftp\ftp.py,82,2,0,0,0
Dshell,C:\Users\Zhifei Chen\Desktop\pysmell\subjects_for_metrics\Dshell\decoders\ftp\ftp.py,112,1,0,0,0
Dshell,C:\Users\Zhifei Chen\Desktop\pysmell\subjects_for_metrics\Dshell\decoders\ftp\ftp.py,130,3,0,0,0
Dshell,C:\Users\Zhifei Chen\Desktop\pysmell\subjects_for_metrics\Dshell\decoders\ftp\ftp.py,238,2,0,0,0
Dshell,C:\Users\Zhifei Chen\Desktop\pysmell\subjects_for_metrics\Dshell\decoders\ftp\ftp.py,248,2,0,0,0
Dshell,C:\Users\Zhifei Chen\Desktop\pysmell\subjects_for_metrics\Dshell\decoders\ftp\ftp.py,269,3,0,0,0
Dshell,C:\Users\Zhifei Chen\Desktop\pysmell\subjects_for_metrics\Dshell\decoders\http\flash-detect.py,17,1,0,0,0
Dshell,C:\Users\Zhifei Chen\Desktop\pysmell\subjects_for_metrics\Dshell\decoders\http\flash-detect.py,100,1,0,0,0
Dshell,C:\Users\Zhifei Chen\Desktop\pysmell\subjects_for_metrics\Dshell\decoders\http\flash-detect.py,106,6,1,1,1
Dshell,C:\Users\Zhifei Chen\Desktop\pysmell\subjects_for_metrics\Dshell\decoders\http\flash-detect.py,154,3,0,0,0
Dshell,C:\Users\Zhifei Chen\Desktop\pysmell\subjects_for_metrics\Dshell\decoders\http\flash-detect.py,177,2,0,0,0
Dshell,C:\Users\Zhifei Chen\Desktop\pysmell\subjects_for_metrics\Dshell\decoders\http\flash-detect.py,185,2,0,0,0
Dshell,C:\Users\Zhifei Chen\Desktop\pysmell\subjects_for_metrics\Dshell\decoders\http\flash-detect.py,213,3,0,0,0
Dshell,C:\Users\Zhifei Chen\Desktop\pysmell\subjects_for_metrics\Dshell\decoders\http\httpdump.py,12,1,0,0,0
Dshell,C:\Users\Zhifei Chen\Desktop\pysmell\subjects_for_metrics\Dshell\decoders\http\httpdump.py,33,6,1,1,1
Dshell,C:\Users\Zhifei Chen\Desktop\pysmell\subjects_for_metrics\Dshell\decoders\http\httpdump.py,140,2,0,0,0
Dshell,C:\Users\Zhifei Chen\Desktop\pysmell\subjects_for_metrics\Dshell\decoders\http\ms15-034.py,22,1,0,0,0
Dshell,C:\Users\Zhifei Chen\Desktop\pysmell\subjects_for_metrics\Dshell\decoders\http\ms15-034.py,42,6,1,1,1
Dshell,C:\Users\Zhifei Chen\Desktop\pysmell\subjects_for_metrics\Dshell\decoders\http\rip-http.py,19,1,0,0,0
Dshell,C:\Users\Zhifei Chen\Desktop\pysmell\subjects_for_metrics\Dshell\decoders\http\rip-http.py,33,1,0,0,0
Dshell,C:\Users\Zhifei Chen\Desktop\pysmell\subjects_for_metrics\Dshell\decoders\http\rip-http.py,51,3,0,0,0
Dshell,C:\Users\Zhifei Chen\Desktop\pysmell\subjects_for_metrics\Dshell\decoders\http\rip-http.py,54,6,1,1,1
Dshell,C:\Users\Zhifei Chen\Desktop\pysmell\subjects_for_metrics\Dshell\decoders\http\rip-http.py,113,3,0,0,0
Dshell,C:\Users\Zhifei Chen\Desktop\pysmell\subjects_for_metrics\Dshell\decoders\http\rip-http.py,129,1,0,0,0
Dshell,C:\Users\Zhifei Chen\Desktop\pysmell\subjects_for_metrics\Dshell\decoders\http\rip-http.py,146,2,0,0,0
Dshell,C:\Users\Zhifei Chen\Desktop\pysmell\subjects_for_metrics\Dshell\decoders\http\rip-http.py,177,1,0,0,0
Dshell,C:\Users\Zhifei Chen\Desktop\pysmell\subjects_for_metrics\Dshell\decoders\http\rip-http.py,181,1,0,0,0
Dshell,C:\Users\Zhifei Chen\Desktop\pysmell\subjects_for_metrics\Dshell\decoders\http\web.py,11,1,0,0,0
Dshell,C:\Users\Zhifei Chen\Desktop\pysmell\subjects_for_metrics\Dshell\decoders\http\web.py,26,6,1,1,1
Dshell,C:\Users\Zhifei Chen\Desktop\pysmell\subjects_for_metrics\Dshell\decoders\http\web.py,101,2,0,0,0
Dshell,C:\Users\Zhifei Chen\Desktop\pysmell\subjects_for_metrics\Dshell\decoders\http\web.py,110,2,0,0,0
Dshell,C:\Users\Zhifei Chen\Desktop\pysmell\subjects_for_metrics\Dshell\decoders\http\web.py,137,3,0,0,0
Dshell,C:\Users\Zhifei Chen\Desktop\pysmell\subjects_for_metrics\Dshell\decoders\misc\followstream.py,16,1,0,0,0
Dshell,C:\Users\Zhifei Chen\Desktop\pysmell\subjects_for_metrics\Dshell\decoders\misc\followstream.py,52,5,1,1,1
Dshell,C:\Users\Zhifei Chen\Desktop\pysmell\subjects_for_metrics\Dshell\decoders\misc\followstream.py,63,1,0,0,0
Dshell,C:\Users\Zhifei Chen\Desktop\pysmell\subjects_for_metrics\Dshell\decoders\misc\followstream.py,72,2,0,0,0
Dshell,C:\Users\Zhifei Chen\Desktop\pysmell\subjects_for_metrics\Dshell\decoders\misc\grep.py,11,1,0,0,0
Dshell,C:\Users\Zhifei Chen\Desktop\pysmell\subjects_for_metrics\Dshell\decoders\misc\grep.py,89,1,0,0,0
Dshell,C:\Users\Zhifei Chen\Desktop\pysmell\subjects_for_metrics\Dshell\decoders\misc\grep.py,127,2,0,0,0
Dshell,C:\Users\Zhifei Chen\Desktop\pysmell\subjects_for_metrics\Dshell\decoders\misc\grep.py,131,3,0,0,0
Dshell,C:\Users\Zhifei Chen\Desktop\pysmell\subjects_for_metrics\Dshell\decoders\misc\grep.py,139,2,0,0,0
Dshell,C:\Users\Zhifei Chen\Desktop\pysmell\subjects_for_metrics\Dshell\decoders\misc\grep.py,159,4,0,1,0
Dshell,C:\Users\Zhifei Chen\Desktop\pysmell\subjects_for_metrics\Dshell\decoders\misc\grep.py,167,2,0,0,0
Dshell,C:\Users\Zhifei Chen\Desktop\pysmell\subjects_for_metrics\Dshell\decoders\misc\grep.py,180,3,0,0,0
Dshell,C:\Users\Zhifei Chen\Desktop\pysmell\subjects_for_metrics\Dshell\decoders\misc\grep.py,190,3,0,0,0
Dshell,C:\Users\Zhifei Chen\Desktop\pysmell\subjects_for_metrics\Dshell\decoders\misc\merge.py,13,1,0,0,0
Dshell,C:\Users\Zhifei Chen\Desktop\pysmell\subjects_for_metrics\Dshell\decoders\misc\merge.py,22,5,1,1,1
Dshell,C:\Users\Zhifei Chen\Desktop\pysmell\subjects_for_metrics\Dshell\decoders\misc\synrst.py,11,1,0,0,0
Dshell,C:\Users\Zhifei Chen\Desktop\pysmell\subjects_for_metrics\Dshell\decoders\misc\synrst.py,20,1,0,0,0
Dshell,C:\Users\Zhifei Chen\Desktop\pysmell\subjects_for_metrics\Dshell\decoders\misc\writer.py,20,2,0,0,0
Dshell,C:\Users\Zhifei Chen\Desktop\pysmell\subjects_for_metrics\Dshell\decoders\misc\writer.py,34,4,0,1,0
Dshell,C:\Users\Zhifei Chen\Desktop\pysmell\subjects_for_metrics\Dshell\decoders\misc\writer.py,39,5,1,1,1
Dshell,C:\Users\Zhifei Chen\Desktop\pysmell\subjects_for_metrics\Dshell\decoders\misc\writer.py,46,2,0,0,0
Dshell,C:\Users\Zhifei Chen\Desktop\pysmell\subjects_for_metrics\Dshell\decoders\misc\xor.py,8,1,0,0,0
Dshell,C:\Users\Zhifei Chen\Desktop\pysmell\subjects_for_metrics\Dshell\decoders\misc\xor.py,26,3,0,0,0
Dshell,C:\Users\Zhifei Chen\Desktop\pysmell\subjects_for_metrics\Dshell\decoders\misc\xor.py,35,2,0,0,0
Dshell,C:\Users\Zhifei Chen\Desktop\pysmell\subjects_for_metrics\Dshell\decoders\misc\xor.py,50,2,0,0,0
Dshell,C:\Users\Zhifei Chen\Desktop\pysmell\subjects_for_metrics\Dshell\decoders\misc\xor.py,59,3,0,0,0
Dshell,C:\Users\Zhifei Chen\Desktop\pysmell\subjects_for_metrics\Dshell\decoders\misc\xor.py,90,2,0,0,0
Dshell,C:\Users\Zhifei Chen\Desktop\pysmell\subjects_for_metrics\Dshell\decoders\misc\xor.py,107,2,0,0,0
Dshell,C:\Users\Zhifei Chen\Desktop\pysmell\subjects_for_metrics\Dshell\decoders\protocol\ether.py,10,1,0,0,0
Dshell,C:\Users\Zhifei Chen\Desktop\pysmell\subjects_for_metrics\Dshell\decoders\protocol\ether.py,18,5,1,1,1
Dshell,C:\Users\Zhifei Chen\Desktop\pysmell\subjects_for_metrics\Dshell\decoders\protocol\ip.py,11,1,0,0,0
Dshell,C:\Users\Zhifei Chen\Desktop\pysmell\subjects_for_metrics\Dshell\decoders\protocol\ip.py,19,1,0,0,0
Dshell,C:\Users\Zhifei Chen\Desktop\pysmell\subjects_for_metrics\Dshell\decoders\protocol\protocol.py,23,1,0,0,0
Dshell,C:\Users\Zhifei Chen\Desktop\pysmell\subjects_for_metrics\Dshell\decoders\protocol\protocol.py,31,2,0,0,0
Dshell,C:\Users\Zhifei Chen\Desktop\pysmell\subjects_for_metrics\Dshell\decoders\smb\psexec.py,33,1,0,0,0
Dshell,C:\Users\Zhifei Chen\Desktop\pysmell\subjects_for_metrics\Dshell\decoders\smb\psexec.py,57,3,0,0,0
Dshell,C:\Users\Zhifei Chen\Desktop\pysmell\subjects_for_metrics\Dshell\decoders\smb\psexec.py,60,2,0,0,0
Dshell,C:\Users\Zhifei Chen\Desktop\pysmell\subjects_for_metrics\Dshell\decoders\smb\psexec.py,70,6,1,1,1
Dshell,C:\Users\Zhifei Chen\Desktop\pysmell\subjects_for_metrics\Dshell\decoders\smb\psexec.py,87,4,0,1,0
Dshell,C:\Users\Zhifei Chen\Desktop\pysmell\subjects_for_metrics\Dshell\decoders\smb\psexec.py,101,3,0,0,0
Dshell,C:\Users\Zhifei Chen\Desktop\pysmell\subjects_for_metrics\Dshell\decoders\smb\psexec.py,107,2,0,0,0
Dshell,C:\Users\Zhifei Chen\Desktop\pysmell\subjects_for_metrics\Dshell\decoders\smb\psexec.py,112,1,0,0,0
Dshell,C:\Users\Zhifei Chen\Desktop\pysmell\subjects_for_metrics\Dshell\decoders\smb\psexec.py,118,1,0,0,0
Dshell,C:\Users\Zhifei Chen\Desktop\pysmell\subjects_for_metrics\Dshell\decoders\smb\psexec.py,139,1,0,0,0
Dshell,C:\Users\Zhifei Chen\Desktop\pysmell\subjects_for_metrics\Dshell\decoders\smb\psexec.py,157,1,0,0,0
Dshell,C:\Users\Zhifei Chen\Desktop\pysmell\subjects_for_metrics\Dshell\decoders\smb\psexec.py,163,2,0,0,0
Dshell,C:\Users\Zhifei Chen\Desktop\pysmell\subjects_for_metrics\Dshell\decoders\smb\rip-smb-uploads.py,26,1,0,0,0
Dshell,C:\Users\Zhifei Chen\Desktop\pysmell\subjects_for_metrics\Dshell\decoders\smb\rip-smb-uploads.py,44,1,0,0,0
Dshell,C:\Users\Zhifei Chen\Desktop\pysmell\subjects_for_metrics\Dshell\decoders\smb\rip-smb-uploads.py,52,2,0,0,0
Dshell,C:\Users\Zhifei Chen\Desktop\pysmell\subjects_for_metrics\Dshell\decoders\smb\rip-smb-uploads.py,102,3,0,0,0
Dshell,C:\Users\Zhifei Chen\Desktop\pysmell\subjects_for_metrics\Dshell\decoders\smb\smbfiles.py,30,1,0,0,0
Dshell,C:\Users\Zhifei Chen\Desktop\pysmell\subjects_for_metrics\Dshell\decoders\smb\smbfiles.py,50,3,0,0,0
Dshell,C:\Users\Zhifei Chen\Desktop\pysmell\subjects_for_metrics\Dshell\decoders\smb\smbfiles.py,53,2,0,0,0
Dshell,C:\Users\Zhifei Chen\Desktop\pysmell\subjects_for_metrics\Dshell\decoders\smb\smbfiles.py,63,9,1,1,1
Dshell,C:\Users\Zhifei Chen\Desktop\pysmell\subjects_for_metrics\Dshell\decoders\smb\smbfiles.py,77,2,0,0,0
Dshell,C:\Users\Zhifei Chen\Desktop\pysmell\subjects_for_metrics\Dshell\decoders\smb\smbfiles.py,81,2,0,0,0
Dshell,C:\Users\Zhifei Chen\Desktop\pysmell\subjects_for_metrics\Dshell\decoders\smb\smbfiles.py,85,1,0,0,0
Dshell,C:\Users\Zhifei Chen\Desktop\pysmell\subjects_for_metrics\Dshell\decoders\smb\smbfiles.py,111,1,0,0,0
Dshell,C:\Users\Zhifei Chen\Desktop\pysmell\subjects_for_metrics\Dshell\decoders\smb\smbfiles.py,114,2,0,0,0
Dshell,C:\Users\Zhifei Chen\Desktop\pysmell\subjects_for_metrics\Dshell\decoders\templates\PacketDecoder.py,12,2,0,0,0
Dshell,C:\Users\Zhifei Chen\Desktop\pysmell\subjects_for_metrics\Dshell\decoders\templates\PacketDecoder.py,26,2,0,0,0
Dshell,C:\Users\Zhifei Chen\Desktop\pysmell\subjects_for_metrics\Dshell\decoders\templates\SessionDecoder.py,12,2,0,0,0
Dshell,C:\Users\Zhifei Chen\Desktop\pysmell\subjects_for_metrics\Dshell\decoders\templates\SessionDecoder.py,26,3,0,0,0
Dshell,C:\Users\Zhifei Chen\Desktop\pysmell\subjects_for_metrics\Dshell\decoders\templates\SessionDecoder.py,31,2,0,0,0
Dshell,C:\Users\Zhifei Chen\Desktop\pysmell\subjects_for_metrics\Dshell\decoders\templates\SessionDecoder.py,35,3,0,0,0
Dshell,C:\Users\Zhifei Chen\Desktop\pysmell\subjects_for_metrics\Dshell\decoders\templates\SessionDecoder.py,39,2,0,0,0
Dshell,C:\Users\Zhifei Chen\Desktop\pysmell\subjects_for_metrics\Dshell\decoders\templates\SessionDecoder.py,43,2,0,0,0
Dshell,C:\Users\Zhifei Chen\Desktop\pysmell\subjects_for_metrics\Dshell\decoders\tftp\tftp.py,58,2,0,0,0
Dshell,C:\Users\Zhifei Chen\Desktop\pysmell\subjects_for_metrics\Dshell\decoders\tftp\tftp.py,88,1,0,0,0
Dshell,C:\Users\Zhifei Chen\Desktop\pysmell\subjects_for_metrics\Dshell\decoders\tftp\tftp.py,98,1,0,0,0
Dshell,C:\Users\Zhifei Chen\Desktop\pysmell\subjects_for_metrics\Dshell\decoders\tftp\tftp.py,106,1,0,0,0
Dshell,C:\Users\Zhifei Chen\Desktop\pysmell\subjects_for_metrics\Dshell\decoders\tftp\tftp.py,221,2,0,0,0
Dshell,C:\Users\Zhifei Chen\Desktop\pysmell\subjects_for_metrics\Dshell\decoders\tftp\tftp.py,263,3,0,0,0
Dshell,C:\Users\Zhifei Chen\Desktop\pysmell\subjects_for_metrics\Dshell\lib\dfile.py,39,2,0,0,0
Dshell,C:\Users\Zhifei Chen\Desktop\pysmell\subjects_for_metrics\Dshell\lib\dfile.py,60,1,0,0,0
Dshell,C:\Users\Zhifei Chen\Desktop\pysmell\subjects_for_metrics\Dshell\lib\dfile.py,66,1,0,0,0
Dshell,C:\Users\Zhifei Chen\Desktop\pysmell\subjects_for_metrics\Dshell\lib\dfile.py,72,1,0,0,0
Dshell,C:\Users\Zhifei Chen\Desktop\pysmell\subjects_for_metrics\Dshell\lib\dfile.py,78,1,0,0,0
Dshell,C:\Users\Zhifei Chen\Desktop\pysmell\subjects_for_metrics\Dshell\lib\dfile.py,95,1,0,0,0
Dshell,C:\Users\Zhifei Chen\Desktop\pysmell\subjects_for_metrics\Dshell\lib\dfile.py,109,1,0,0,0
Dshell,C:\Users\Zhifei Chen\Desktop\pysmell\subjects_for_metrics\Dshell\lib\dfile.py,135,2,0,0,0
Dshell,C:\Users\Zhifei Chen\Desktop\pysmell\subjects_for_metrics\Dshell\lib\dfile.py,151,2,0,0,0
Dshell,C:\Users\Zhifei Chen\Desktop\pysmell\subjects_for_metrics\Dshell\lib\dnsdecoder.py,26,2,0,0,0
Dshell,C:\Users\Zhifei Chen\Desktop\pysmell\subjects_for_metrics\Dshell\lib\dnsdecoder.py,32,3,0,0,0
Dshell,C:\Users\Zhifei Chen\Desktop\pysmell\subjects_for_metrics\Dshell\lib\dnsdecoder.py,51,3,0,0,0
Dshell,C:\Users\Zhifei Chen\Desktop\pysmell\subjects_for_metrics\Dshell\lib\dnsdecoder.py,71,2,0,0,0
Dshell,C:\Users\Zhifei Chen\Desktop\pysmell\subjects_for_metrics\Dshell\lib\dnsdecoder.py,82,1,0,0,0
Dshell,C:\Users\Zhifei Chen\Desktop\pysmell\subjects_for_metrics\Dshell\lib\dnsdecoder.py,90,1,0,0,0
Dshell,C:\Users\Zhifei Chen\Desktop\pysmell\subjects_for_metrics\Dshell\lib\dshell.py,58,1,0,0,0
Dshell,C:\Users\Zhifei Chen\Desktop\pysmell\subjects_for_metrics\Dshell\lib\dshell.py,62,2,0,0,0
Dshell,C:\Users\Zhifei Chen\Desktop\pysmell\subjects_for_metrics\Dshell\lib\dshell.py,137,3,0,0,0
Dshell,C:\Users\Zhifei Chen\Desktop\pysmell\subjects_for_metrics\Dshell\lib\dshell.py,173,3,0,0,0
Dshell,C:\Users\Zhifei Chen\Desktop\pysmell\subjects_for_metrics\Dshell\lib\dshell.py,177,3,0,0,0
Dshell,C:\Users\Zhifei Chen\Desktop\pysmell\subjects_for_metrics\Dshell\lib\dshell.py,187,2,0,0,0
Dshell,C:\Users\Zhifei Chen\Desktop\pysmell\subjects_for_metrics\Dshell\lib\dshell.py,192,2,0,0,0
Dshell,C:\Users\Zhifei Chen\Desktop\pysmell\subjects_for_metrics\Dshell\lib\dshell.py,196,2,0,0,0
Dshell,C:\Users\Zhifei Chen\Desktop\pysmell\subjects_for_metrics\Dshell\lib\dshell.py,201,2,0,0,0
Dshell,C:\Users\Zhifei Chen\Desktop\pysmell\subjects_for_metrics\Dshell\lib\dshell.py,205,1,0,0,0
Dshell,C:\Users\Zhifei Chen\Desktop\pysmell\subjects_for_metrics\Dshell\lib\dshell.py,209,1,0,0,0
Dshell,C:\Users\Zhifei Chen\Desktop\pysmell\subjects_for_metrics\Dshell\lib\dshell.py,216,1,0,0,0
Dshell,C:\Users\Zhifei Chen\Desktop\pysmell\subjects_for_metrics\Dshell\lib\dshell.py,225,1,0,0,0
Dshell,C:\Users\Zhifei Chen\Desktop\pysmell\subjects_for_metrics\Dshell\lib\dshell.py,229,1,0,0,0
Dshell,C:\Users\Zhifei Chen\Desktop\pysmell\subjects_for_metrics\Dshell\lib\dshell.py,233,1,0,0,0
Dshell,C:\Users\Zhifei Chen\Desktop\pysmell\subjects_for_metrics\Dshell\lib\dshell.py,240,2,0,0,0
Dshell,C:\Users\Zhifei Chen\Desktop\pysmell\subjects_for_metrics\Dshell\lib\dshell.py,253,2,0,0,0
Dshell,C:\Users\Zhifei Chen\Desktop\pysmell\subjects_for_metrics\Dshell\lib\dshell.py,271,2,0,0,0
Dshell,C:\Users\Zhifei Chen\Desktop\pysmell\subjects_for_metrics\Dshell\lib\dshell.py,289,2,0,0,0
Dshell,C:\Users\Zhifei Chen\Desktop\pysmell\subjects_for_metrics\Dshell\lib\dshell.py,319,2,0,0,0
Dshell,C:\Users\Zhifei Chen\Desktop\pysmell\subjects_for_metrics\Dshell\lib\dshell.py,324,2,0,0,0
Dshell,C:\Users\Zhifei Chen\Desktop\pysmell\subjects_for_metrics\Dshell\lib\dshell.py,334,1,0,0,0
Dshell,C:\Users\Zhifei Chen\Desktop\pysmell\subjects_for_metrics\Dshell\lib\dshell.py,339,2,0,0,0
Dshell,C:\Users\Zhifei Chen\Desktop\pysmell\subjects_for_metrics\Dshell\lib\dshell.py,345,2,0,0,0
Dshell,C:\Users\Zhifei Chen\Desktop\pysmell\subjects_for_metrics\Dshell\lib\dshell.py,357,3,0,0,0
Dshell,C:\Users\Zhifei Chen\Desktop\pysmell\subjects_for_metrics\Dshell\lib\dshell.py,415,3,0,0,0
Dshell,C:\Users\Zhifei Chen\Desktop\pysmell\subjects_for_metrics\Dshell\lib\dshell.py,467,2,0,0,0
Dshell,C:\Users\Zhifei Chen\Desktop\pysmell\subjects_for_metrics\Dshell\lib\dshell.py,477,2,0,0,0
Dshell,C:\Users\Zhifei Chen\Desktop\pysmell\subjects_for_metrics\Dshell\lib\dshell.py,501,5,1,1,1
Dshell,C:\Users\Zhifei Chen\Desktop\pysmell\subjects_for_metrics\Dshell\lib\dshell.py,568,5,1,1,1
Dshell,C:\Users\Zhifei Chen\Desktop\pysmell\subjects_for_metrics\Dshell\lib\dshell.py,589,2,0,0,0
Dshell,C:\Users\Zhifei Chen\Desktop\pysmell\subjects_for_metrics\Dshell\lib\dshell.py,597,5,1,1,1
Dshell,C:\Users\Zhifei Chen\Desktop\pysmell\subjects_for_metrics\Dshell\lib\dshell.py,637,5,1,1,1
Dshell,C:\Users\Zhifei Chen\Desktop\pysmell\subjects_for_metrics\Dshell\lib\dshell.py,674,2,0,0,0
Dshell,C:\Users\Zhifei Chen\Desktop\pysmell\subjects_for_metrics\Dshell\lib\dshell.py,686,5,1,1,1
Dshell,C:\Users\Zhifei Chen\Desktop\pysmell\subjects_for_metrics\Dshell\lib\dshell.py,694,5,1,1,1
Dshell,C:\Users\Zhifei Chen\Desktop\pysmell\subjects_for_metrics\Dshell\lib\dshell.py,741,3,0,0,0
Dshell,C:\Users\Zhifei Chen\Desktop\pysmell\subjects_for_metrics\Dshell\lib\dshell.py,748,3,0,0,0
Dshell,C:\Users\Zhifei Chen\Desktop\pysmell\subjects_for_metrics\Dshell\lib\dshell.py,759,4,0,1,0
Dshell,C:\Users\Zhifei Chen\Desktop\pysmell\subjects_for_metrics\Dshell\lib\dshell.py,763,3,0,0,0
Dshell,C:\Users\Zhifei Chen\Desktop\pysmell\subjects_for_metrics\Dshell\lib\dshell.py,767,3,0,0,0
Dshell,C:\Users\Zhifei Chen\Desktop\pysmell\subjects_for_metrics\Dshell\lib\dshell.py,772,1,0,0,0
Dshell,C:\Users\Zhifei Chen\Desktop\pysmell\subjects_for_metrics\Dshell\lib\dshell.py,777,1,0,0,0
Dshell,C:\Users\Zhifei Chen\Desktop\pysmell\subjects_for_metrics\Dshell\lib\dshell.py,781,1,0,0,0
Dshell,C:\Users\Zhifei Chen\Desktop\pysmell\subjects_for_metrics\Dshell\lib\dshell.py,784,2,0,0,0
Dshell,C:\Users\Zhifei Chen\Desktop\pysmell\subjects_for_metrics\Dshell\lib\dshell.py,786,3,0,0,0
Dshell,C:\Users\Zhifei Chen\Desktop\pysmell\subjects_for_metrics\Dshell\lib\dshell.py,801,4,0,1,0
Dshell,C:\Users\Zhifei Chen\Desktop\pysmell\subjects_for_metrics\Dshell\lib\dshell.py,824,1,0,0,0
Dshell,C:\Users\Zhifei Chen\Desktop\pysmell\subjects_for_metrics\Dshell\lib\dshell.py,828,1,0,0,0
Dshell,C:\Users\Zhifei Chen\Desktop\pysmell\subjects_for_metrics\Dshell\lib\dshell.py,831,1,0,0,0
Dshell,C:\Users\Zhifei Chen\Desktop\pysmell\subjects_for_metrics\Dshell\lib\dshell.py,861,4,0,1,0
Dshell,C:\Users\Zhifei Chen\Desktop\pysmell\subjects_for_metrics\Dshell\lib\dshell.py,891,1,0,0,0
Dshell,C:\Users\Zhifei Chen\Desktop\pysmell\subjects_for_metrics\Dshell\lib\dshell.py,908,4,0,1,0
Dshell,C:\Users\Zhifei Chen\Desktop\pysmell\subjects_for_metrics\Dshell\lib\dshell.py,936,1,0,0,0
Dshell,C:\Users\Zhifei Chen\Desktop\pysmell\subjects_for_metrics\Dshell\lib\dshell.py,942,1,0,0,0
Dshell,C:\Users\Zhifei Chen\Desktop\pysmell\subjects_for_metrics\Dshell\lib\dshell.py,946,1,0,0,0
Dshell,C:\Users\Zhifei Chen\Desktop\pysmell\subjects_for_metrics\Dshell\lib\dshell.py,965,4,0,1,0
Dshell,C:\Users\Zhifei Chen\Desktop\pysmell\subjects_for_metrics\Dshell\lib\dshell.py,975,3,0,0,0
Dshell,C:\Users\Zhifei Chen\Desktop\pysmell\subjects_for_metrics\Dshell\lib\dshell.py,988,1,0,0,0
Dshell,C:\Users\Zhifei Chen\Desktop\pysmell\subjects_for_metrics\Dshell\lib\dshell.py,991,1,0,0,0
Dshell,C:\Users\Zhifei Chen\Desktop\pysmell\subjects_for_metrics\Dshell\lib\dshell.py,995,1,0,0,0
Dshell,C:\Users\Zhifei Chen\Desktop\pysmell\subjects_for_metrics\Dshell\lib\dshell.py,1040,1,0,0,0
Dshell,C:\Users\Zhifei Chen\Desktop\pysmell\subjects_for_metrics\Dshell\lib\httpdecoder.py,27,2,0,0,0
Dshell,C:\Users\Zhifei Chen\Desktop\pysmell\subjects_for_metrics\Dshell\lib\httpdecoder.py,34,2,0,0,0
Dshell,C:\Users\Zhifei Chen\Desktop\pysmell\subjects_for_metrics\Dshell\lib\httpdecoder.py,37,3,0,0,0
Dshell,C:\Users\Zhifei Chen\Desktop\pysmell\subjects_for_metrics\Dshell\lib\httpdecoder.py,65,2,0,0,0
Dshell,C:\Users\Zhifei Chen\Desktop\pysmell\subjects_for_metrics\Dshell\lib\httpdecoder.py,76,2,0,0,0
Dshell,C:\Users\Zhifei Chen\Desktop\pysmell\subjects_for_metrics\Dshell\lib\httpdecoder.py,84,2,0,0,0
Dshell,C:\Users\Zhifei Chen\Desktop\pysmell\subjects_for_metrics\Dshell\lib\httpdecoder.py,90,1,0,0,0
Dshell,C:\Users\Zhifei Chen\Desktop\pysmell\subjects_for_metrics\Dshell\lib\smbdecoder.py,44,2,0,0,0
Dshell,C:\Users\Zhifei Chen\Desktop\pysmell\subjects_for_metrics\Dshell\lib\smbdecoder.py,48,2,0,0,0
Dshell,C:\Users\Zhifei Chen\Desktop\pysmell\subjects_for_metrics\Dshell\lib\smbdecoder.py,51,3,0,0,0
Dshell,C:\Users\Zhifei Chen\Desktop\pysmell\subjects_for_metrics\Dshell\lib\smbdecoder.py,63,4,0,1,0
Dshell,C:\Users\Zhifei Chen\Desktop\pysmell\subjects_for_metrics\Dshell\lib\smbdecoder.py,94,2,0,0,0
Dshell,C:\Users\Zhifei Chen\Desktop\pysmell\subjects_for_metrics\Dshell\lib\smbdecoder.py,105,1,0,0,0
Dshell,C:\Users\Zhifei Chen\Desktop\pysmell\subjects_for_metrics\Dshell\lib\smbdecoder.py,115,2,0,0,0
Dshell,C:\Users\Zhifei Chen\Desktop\pysmell\subjects_for_metrics\Dshell\lib\smbdecoder.py,125,2,0,0,0
Dshell,C:\Users\Zhifei Chen\Desktop\pysmell\subjects_for_metrics\Dshell\lib\smbdecoder.py,136,2,0,0,0
Dshell,C:\Users\Zhifei Chen\Desktop\pysmell\subjects_for_metrics\Dshell\lib\smbdecoder.py,165,2,0,0,0
Dshell,C:\Users\Zhifei Chen\Desktop\pysmell\subjects_for_metrics\Dshell\lib\smbdecoder.py,180,2,0,0,0
Dshell,C:\Users\Zhifei Chen\Desktop\pysmell\subjects_for_metrics\Dshell\lib\smbdecoder.py,193,2,0,0,0
Dshell,C:\Users\Zhifei Chen\Desktop\pysmell\subjects_for_metrics\Dshell\lib\smbdecoder.py,201,2,0,0,0
Dshell,C:\Users\Zhifei Chen\Desktop\pysmell\subjects_for_metrics\Dshell\lib\smbdecoder.py,218,2,0,0,0
Dshell,C:\Users\Zhifei Chen\Desktop\pysmell\subjects_for_metrics\Dshell\lib\smbdecoder.py,230,2,0,0,0
Dshell,C:\Users\Zhifei Chen\Desktop\pysmell\subjects_for_metrics\Dshell\lib\smbdecoder.py,247,2,0,0,0
Dshell,C:\Users\Zhifei Chen\Desktop\pysmell\subjects_for_metrics\Dshell\lib\smbdecoder.py,281,2,0,0,0
Dshell,C:\Users\Zhifei Chen\Desktop\pysmell\subjects_for_metrics\Dshell\lib\smbdecoder.py,316,2,0,0,0
Dshell,C:\Users\Zhifei Chen\Desktop\pysmell\subjects_for_metrics\Dshell\lib\smbdecoder.py,383,2,0,0,0
Dshell,C:\Users\Zhifei Chen\Desktop\pysmell\subjects_for_metrics\Dshell\lib\smbdecoder.py,409,1,0,0,0
Dshell,C:\Users\Zhifei Chen\Desktop\pysmell\subjects_for_metrics\Dshell\lib\smbdecoder.py,418,1,0,0,0
Dshell,C:\Users\Zhifei Chen\Desktop\pysmell\subjects_for_metrics\Dshell\lib\util.py,11,2,0,0,0
Dshell,C:\Users\Zhifei Chen\Desktop\pysmell\subjects_for_metrics\Dshell\lib\util.py,29,1,0,0,0
Dshell,C:\Users\Zhifei Chen\Desktop\pysmell\subjects_for_metrics\Dshell\lib\util.py,79,1,0,0,0
Dshell,C:\Users\Zhifei Chen\Desktop\pysmell\subjects_for_metrics\Dshell\lib\util.py,103,1,0,0,0
Dshell,C:\Users\Zhifei Chen\Desktop\pysmell\subjects_for_metrics\Dshell\lib\util.py,128,1,0,0,0
Dshell,C:\Users\Zhifei Chen\Desktop\pysmell\subjects_for_metrics\Dshell\lib\util.py,152,1,0,0,0
Dshell,C:\Users\Zhifei Chen\Desktop\pysmell\subjects_for_metrics\Dshell\lib\util.py,164,2,0,0,0
Dshell,C:\Users\Zhifei Chen\Desktop\pysmell\subjects_for_metrics\Dshell\lib\util.py,185,1,0,0,0
Dshell,C:\Users\Zhifei Chen\Desktop\pysmell\subjects_for_metrics\Dshell\lib\util.py,191,1,0,0,0
Dshell,C:\Users\Zhifei Chen\Desktop\pysmell\subjects_for_metrics\Dshell\lib\util.py,197,0,0,0,0
Dshell,C:\Users\Zhifei Chen\Desktop\pysmell\subjects_for_metrics\Dshell\lib\util.py,204,1,0,0,0
Dshell,C:\Users\Zhifei Chen\Desktop\pysmell\subjects_for_metrics\Dshell\lib\util.py,207,1,0,0,0
Dshell,C:\Users\Zhifei Chen\Desktop\pysmell\subjects_for_metrics\Dshell\lib\util.py,221,2,0,0,0
Dshell,C:\Users\Zhifei Chen\Desktop\pysmell\subjects_for_metrics\Dshell\lib\util.py,261,2,0,0,0
Dshell,C:\Users\Zhifei Chen\Desktop\pysmell\subjects_for_metrics\Dshell\lib\util.py,283,1,0,0,0
Dshell,C:\Users\Zhifei Chen\Desktop\pysmell\subjects_for_metrics\Dshell\lib\output\colorout.py,64,2,0,0,0
Dshell,C:\Users\Zhifei Chen\Desktop\pysmell\subjects_for_metrics\Dshell\lib\output\colorout.py,67,3,0,0,0
Dshell,C:\Users\Zhifei Chen\Desktop\pysmell\subjects_for_metrics\Dshell\lib\output\colorout.py,126,1,0,0,0
Dshell,C:\Users\Zhifei Chen\Desktop\pysmell\subjects_for_metrics\Dshell\lib\output\colorout.py,140,2,0,0,0
Dshell,C:\Users\Zhifei Chen\Desktop\pysmell\subjects_for_metrics\Dshell\lib\output\colorout.py,148,1,0,0,0
Dshell,C:\Users\Zhifei Chen\Desktop\pysmell\subjects_for_metrics\Dshell\lib\output\colorout.py,158,1,0,0,0
Dshell,C:\Users\Zhifei Chen\Desktop\pysmell\subjects_for_metrics\Dshell\lib\output\colorout.py,164,1,0,0,0
Dshell,C:\Users\Zhifei Chen\Desktop\pysmell\subjects_for_metrics\Dshell\lib\output\colorout.py,169,3,0,0,0
Dshell,C:\Users\Zhifei Chen\Desktop\pysmell\subjects_for_metrics\Dshell\lib\output\colorout.py,230,2,0,0,0
Dshell,C:\Users\Zhifei Chen\Desktop\pysmell\subjects_for_metrics\Dshell\lib\output\colorout.py,234,4,0,1,0
Dshell,C:\Users\Zhifei Chen\Desktop\pysmell\subjects_for_metrics\Dshell\lib\output\colorout.py,309,3,0,0,0
Dshell,C:\Users\Zhifei Chen\Desktop\pysmell\subjects_for_metrics\Dshell\lib\output\colorout.py,320,1,0,0,0
Dshell,C:\Users\Zhifei Chen\Desktop\pysmell\subjects_for_metrics\Dshell\lib\output\colorout.py,365,1,0,0,0
Dshell,C:\Users\Zhifei Chen\Desktop\pysmell\subjects_for_metrics\Dshell\lib\output\csvout.py,26,3,0,0,0
Dshell,C:\Users\Zhifei Chen\Desktop\pysmell\subjects_for_metrics\Dshell\lib\output\jsonout.py,29,3,0,0,0
Dshell,C:\Users\Zhifei Chen\Desktop\pysmell\subjects_for_metrics\Dshell\lib\output\jsonout.py,50,3,0,0,0
Dshell,C:\Users\Zhifei Chen\Desktop\pysmell\subjects_for_metrics\Dshell\lib\output\netflowout.py,21,3,0,0,0
Dshell,C:\Users\Zhifei Chen\Desktop\pysmell\subjects_for_metrics\Dshell\lib\output\netflowout.py,29,3,0,0,0
Dshell,C:\Users\Zhifei Chen\Desktop\pysmell\subjects_for_metrics\Dshell\lib\output\netflowout.py,42,1,0,0,0
Dshell,C:\Users\Zhifei Chen\Desktop\pysmell\subjects_for_metrics\Dshell\lib\output\netflowout.py,55,3,0,0,0
Dshell,C:\Users\Zhifei Chen\Desktop\pysmell\subjects_for_metrics\Dshell\lib\output\output.py,29,3,0,0,0
Dshell,C:\Users\Zhifei Chen\Desktop\pysmell\subjects_for_metrics\Dshell\lib\output\output.py,65,4,0,1,0
Dshell,C:\Users\Zhifei Chen\Desktop\pysmell\subjects_for_metrics\Dshell\lib\output\output.py,71,1,0,0,0
Dshell,C:\Users\Zhifei Chen\Desktop\pysmell\subjects_for_metrics\Dshell\lib\output\output.py,135,3,0,0,0
Dshell,C:\Users\Zhifei Chen\Desktop\pysmell\subjects_for_metrics\Dshell\lib\output\output.py,176,2,0,0,0
Dshell,C:\Users\Zhifei Chen\Desktop\pysmell\subjects_for_metrics\Dshell\lib\output\output.py,187,1,0,0,0
Dshell,C:\Users\Zhifei Chen\Desktop\pysmell\subjects_for_metrics\Dshell\lib\output\output.py,191,4,0,1,0
Dshell,C:\Users\Zhifei Chen\Desktop\pysmell\subjects_for_metrics\Dshell\lib\output\output.py,203,3,0,0,0
Dshell,C:\Users\Zhifei Chen\Desktop\pysmell\subjects_for_metrics\Dshell\lib\output\output.py,241,3,0,0,0
Dshell,C:\Users\Zhifei Chen\Desktop\pysmell\subjects_for_metrics\Dshell\lib\output\output.py,250,1,0,0,0
Dshell,C:\Users\Zhifei Chen\Desktop\pysmell\subjects_for_metrics\Dshell\lib\output\output.py,266,3,0,0,0
Dshell,C:\Users\Zhifei Chen\Desktop\pysmell\subjects_for_metrics\Dshell\lib\output\output.py,271,3,0,0,0
Dshell,C:\Users\Zhifei Chen\Desktop\pysmell\subjects_for_metrics\Dshell\lib\output\output.py,329,3,0,0,0
Dshell,C:\Users\Zhifei Chen\Desktop\pysmell\subjects_for_metrics\Dshell\lib\output\output.py,369,1,0,0,0
Dshell,C:\Users\Zhifei Chen\Desktop\pysmell\subjects_for_metrics\Dshell\lib\output\output.py,395,1,0,0,0
Dshell,C:\Users\Zhifei Chen\Desktop\pysmell\subjects_for_metrics\Dshell\lib\output\output.py,400,3,0,0,0
Dshell,C:\Users\Zhifei Chen\Desktop\pysmell\subjects_for_metrics\Dshell\lib\output\output.py,407,1,0,0,0
Dshell,C:\Users\Zhifei Chen\Desktop\pysmell\subjects_for_metrics\Dshell\lib\output\output.py,428,2,0,0,0
Dshell,C:\Users\Zhifei Chen\Desktop\pysmell\subjects_for_metrics\Dshell\lib\output\output.py,475,3,0,0,0
Dshell,C:\Users\Zhifei Chen\Desktop\pysmell\subjects_for_metrics\Dshell\lib\output\output.py,483,4,0,1,0
Dshell,C:\Users\Zhifei Chen\Desktop\pysmell\subjects_for_metrics\Dshell\lib\output\output.py,496,2,0,0,0
Dshell,C:\Users\Zhifei Chen\Desktop\pysmell\subjects_for_metrics\Dshell\lib\output\output.py,503,3,0,0,0
Dshell,C:\Users\Zhifei Chen\Desktop\pysmell\subjects_for_metrics\Dshell\lib\output\output.py,535,3,0,0,0
Dshell,C:\Users\Zhifei Chen\Desktop\pysmell\subjects_for_metrics\Dshell\lib\output\output.py,539,3,0,0,0
Dshell,C:\Users\Zhifei Chen\Desktop\pysmell\subjects_for_metrics\Dshell\lib\output\output.py,541,3,0,0,0
Dshell,C:\Users\Zhifei Chen\Desktop\pysmell\subjects_for_metrics\Dshell\lib\output\output.py,543,3,0,0,0
Dshell,C:\Users\Zhifei Chen\Desktop\pysmell\subjects_for_metrics\Dshell\lib\output\output.py,545,4,0,1,0
Dshell,C:\Users\Zhifei Chen\Desktop\pysmell\subjects_for_metrics\Dshell\lib\output\output.py,548,1,0,0,0
Dshell,C:\Users\Zhifei Chen\Desktop\pysmell\subjects_for_metrics\Dshell\lib\output\xmlout.py,15,3,0,0,0
Dshell,C:\Users\Zhifei Chen\Desktop\pysmell\subjects_for_metrics\Dshell\lib\output\xmlout.py,22,3,0,0,0
Dshell,C:\Users\Zhifei Chen\Desktop\pysmell\subjects_for_metrics\Dshell\lib\output\xmlout.py,28,3,0,0,0
Dshell,C:\Users\Zhifei Chen\Desktop\pysmell\subjects_for_metrics\Dshell\lib\output\xmlout.py,49,2,0,0,0
Dshell,C:\Users\Zhifei Chen\Desktop\pysmell\subjects_for_metrics\Dshell\lib\output\xmlout.py,52,2,0,0,0
Dshell,C:\Users\Zhifei Chen\Desktop\pysmell\subjects_for_metrics\Dshell\lib\output\xmlout.py,54,1,0,0,0
