subject,file,lineno,MLOC,experience-based,statistics-based,tuning machine
Dshell,C:\Users\Zhifei Chen\Desktop\pysmell\subjects_for_metrics\Dshell\bin\decode.py,25,29,1,1,0
Dshell,C:\Users\Zhifei Chen\Desktop\pysmell\subjects_for_metrics\Dshell\bin\decode.py,63,7,0,0,0
Dshell,C:\Users\Zhifei Chen\Desktop\pysmell\subjects_for_metrics\Dshell\bin\decode.py,78,10,0,0,0
Dshell,C:\Users\Zhifei Chen\Desktop\pysmell\subjects_for_metrics\Dshell\bin\decode.py,95,27,1,0,0
Dshell,C:\Users\Zhifei Chen\Desktop\pysmell\subjects_for_metrics\Dshell\bin\decode.py,128,8,0,0,0
Dshell,C:\Users\Zhifei Chen\Desktop\pysmell\subjects_for_metrics\Dshell\bin\decode.py,142,22,0,0,0
Dshell,C:\Users\Zhifei Chen\Desktop\pysmell\subjects_for_metrics\Dshell\bin\decode.py,176,26,1,0,0
Dshell,C:\Users\Zhifei Chen\Desktop\pysmell\subjects_for_metrics\Dshell\bin\decode.py,217,6,0,0,0
Dshell,C:\Users\Zhifei Chen\Desktop\pysmell\subjects_for_metrics\Dshell\bin\decode.py,237,1,0,0,0
Dshell,C:\Users\Zhifei Chen\Desktop\pysmell\subjects_for_metrics\Dshell\bin\decode.py,241,12,0,0,0
Dshell,C:\Users\Zhifei Chen\Desktop\pysmell\subjects_for_metrics\Dshell\bin\decode.py,257,7,0,0,0
Dshell,C:\Users\Zhifei Chen\Desktop\pysmell\subjects_for_metrics\Dshell\bin\decode.py,271,5,0,0,0
Dshell,C:\Users\Zhifei Chen\Desktop\pysmell\subjects_for_metrics\Dshell\bin\decode.py,279,9,0,0,0
Dshell,C:\Users\Zhifei Chen\Desktop\pysmell\subjects_for_metrics\Dshell\bin\decode.py,293,52,1,1,1
Dshell,C:\Users\Zhifei Chen\Desktop\pysmell\subjects_for_metrics\Dshell\bin\decode.py,390,318,1,1,1
Dshell,C:\Users\Zhifei Chen\Desktop\pysmell\subjects_for_metrics\Dshell\bin\decode.py,935,19,0,0,0
Dshell,C:\Users\Zhifei Chen\Desktop\pysmell\subjects_for_metrics\Dshell\bin\pcapanon.py,20,5,0,0,0
Dshell,C:\Users\Zhifei Chen\Desktop\pysmell\subjects_for_metrics\Dshell\bin\pcapanon.py,31,15,0,0,0
Dshell,C:\Users\Zhifei Chen\Desktop\pysmell\subjects_for_metrics\Dshell\bin\pcapanon.py,50,22,0,0,0
Dshell,C:\Users\Zhifei Chen\Desktop\pysmell\subjects_for_metrics\Dshell\bin\pcapanon.py,79,14,0,0,0
Dshell,C:\Users\Zhifei Chen\Desktop\pysmell\subjects_for_metrics\Dshell\bin\pcapanon.py,101,1,0,0,0
Dshell,C:\Users\Zhifei Chen\Desktop\pysmell\subjects_for_metrics\Dshell\bin\pcapanon.py,105,3,0,0,0
Dshell,C:\Users\Zhifei Chen\Desktop\pysmell\subjects_for_metrics\Dshell\bin\pcapanon.py,112,4,0,0,0
Dshell,C:\Users\Zhifei Chen\Desktop\pysmell\subjects_for_metrics\Dshell\bin\pcapanon.py,120,3,0,0,0
Dshell,C:\Users\Zhifei Chen\Desktop\pysmell\subjects_for_metrics\Dshell\bin\pcapanon.py,127,21,0,0,0
Dshell,C:\Users\Zhifei Chen\Desktop\pysmell\subjects_for_metrics\Dshell\decoders\dhcp\dhcp.py,9,3,0,0,0
Dshell,C:\Users\Zhifei Chen\Desktop\pysmell\subjects_for_metrics\Dshell\decoders\dhcp\dhcp.py,53,18,0,0,0
Dshell,C:\Users\Zhifei Chen\Desktop\pysmell\subjects_for_metrics\Dshell\decoders\dns\dns-asn.py,9,0,0,0,0
Dshell,C:\Users\Zhifei Chen\Desktop\pysmell\subjects_for_metrics\Dshell\decoders\dns\dns-asn.py,19,6,0,0,0
Dshell,C:\Users\Zhifei Chen\Desktop\pysmell\subjects_for_metrics\Dshell\decoders\dns\dns-asn.py,27,34,1,1,0
Dshell,C:\Users\Zhifei Chen\Desktop\pysmell\subjects_for_metrics\Dshell\decoders\dns\dns-cc.py,9,0,0,0,0
Dshell,C:\Users\Zhifei Chen\Desktop\pysmell\subjects_for_metrics\Dshell\decoders\dns\dns-cc.py,21,6,0,0,0
Dshell,C:\Users\Zhifei Chen\Desktop\pysmell\subjects_for_metrics\Dshell\decoders\dns\dns-cc.py,29,42,1,1,0
Dshell,C:\Users\Zhifei Chen\Desktop\pysmell\subjects_for_metrics\Dshell\decoders\dns\dns.py,8,0,0,0,0
Dshell,C:\Users\Zhifei Chen\Desktop\pysmell\subjects_for_metrics\Dshell\decoders\dns\dns.py,21,24,1,0,0
Dshell,C:\Users\Zhifei Chen\Desktop\pysmell\subjects_for_metrics\Dshell\decoders\dns\dns.py,51,54,1,1,1
Dshell,C:\Users\Zhifei Chen\Desktop\pysmell\subjects_for_metrics\Dshell\decoders\dns\innuendo-dns.py,23,1,0,0,0
Dshell,C:\Users\Zhifei Chen\Desktop\pysmell\subjects_for_metrics\Dshell\decoders\dns\innuendo-dns.py,32,1,0,0,0
Dshell,C:\Users\Zhifei Chen\Desktop\pysmell\subjects_for_metrics\Dshell\decoders\dns\innuendo-dns.py,36,1,0,0,0
Dshell,C:\Users\Zhifei Chen\Desktop\pysmell\subjects_for_metrics\Dshell\decoders\dns\innuendo-dns.py,38,24,1,0,0
Dshell,C:\Users\Zhifei Chen\Desktop\pysmell\subjects_for_metrics\Dshell\decoders\dns\reservedips.py,10,32,1,1,0
Dshell,C:\Users\Zhifei Chen\Desktop\pysmell\subjects_for_metrics\Dshell\decoders\dns\reservedips.py,89,4,0,0,0
Dshell,C:\Users\Zhifei Chen\Desktop\pysmell\subjects_for_metrics\Dshell\decoders\dns\reservedips.py,95,6,0,0,0
Dshell,C:\Users\Zhifei Chen\Desktop\pysmell\subjects_for_metrics\Dshell\decoders\dns\reservedips.py,103,33,1,1,0
Dshell,C:\Users\Zhifei Chen\Desktop\pysmell\subjects_for_metrics\Dshell\decoders\filter\asn-filter.py,8,8,0,0,0
Dshell,C:\Users\Zhifei Chen\Desktop\pysmell\subjects_for_metrics\Dshell\decoders\filter\asn-filter.py,51,9,0,0,0
Dshell,C:\Users\Zhifei Chen\Desktop\pysmell\subjects_for_metrics\Dshell\decoders\filter\asn-filter.py,63,4,0,0,0
Dshell,C:\Users\Zhifei Chen\Desktop\pysmell\subjects_for_metrics\Dshell\decoders\filter\asn-filter.py,72,3,0,0,0
Dshell,C:\Users\Zhifei Chen\Desktop\pysmell\subjects_for_metrics\Dshell\decoders\filter\asn-filter.py,78,7,0,0,0
Dshell,C:\Users\Zhifei Chen\Desktop\pysmell\subjects_for_metrics\Dshell\decoders\filter\asn-filter.py,90,2,0,0,0
Dshell,C:\Users\Zhifei Chen\Desktop\pysmell\subjects_for_metrics\Dshell\decoders\filter\asn-filter.py,94,2,0,0,0
Dshell,C:\Users\Zhifei Chen\Desktop\pysmell\subjects_for_metrics\Dshell\decoders\filter\country.py,14,8,0,0,0
Dshell,C:\Users\Zhifei Chen\Desktop\pysmell\subjects_for_metrics\Dshell\decoders\filter\country.py,71,9,0,0,0
Dshell,C:\Users\Zhifei Chen\Desktop\pysmell\subjects_for_metrics\Dshell\decoders\filter\country.py,83,4,0,0,0
Dshell,C:\Users\Zhifei Chen\Desktop\pysmell\subjects_for_metrics\Dshell\decoders\filter\country.py,92,3,0,0,0
Dshell,C:\Users\Zhifei Chen\Desktop\pysmell\subjects_for_metrics\Dshell\decoders\filter\country.py,98,13,0,0,0
Dshell,C:\Users\Zhifei Chen\Desktop\pysmell\subjects_for_metrics\Dshell\decoders\filter\country.py,116,2,0,0,0
Dshell,C:\Users\Zhifei Chen\Desktop\pysmell\subjects_for_metrics\Dshell\decoders\filter\country.py,120,2,0,0,0
Dshell,C:\Users\Zhifei Chen\Desktop\pysmell\subjects_for_metrics\Dshell\decoders\filter\snort.py,6,1,0,0,0
Dshell,C:\Users\Zhifei Chen\Desktop\pysmell\subjects_for_metrics\Dshell\decoders\filter\snort.py,49,19,0,0,0
Dshell,C:\Users\Zhifei Chen\Desktop\pysmell\subjects_for_metrics\Dshell\decoders\filter\snort.py,74,2,0,0,0
Dshell,C:\Users\Zhifei Chen\Desktop\pysmell\subjects_for_metrics\Dshell\decoders\filter\snort.py,79,23,0,0,0
Dshell,C:\Users\Zhifei Chen\Desktop\pysmell\subjects_for_metrics\Dshell\decoders\filter\snort.py,110,73,1,1,1
Dshell,C:\Users\Zhifei Chen\Desktop\pysmell\subjects_for_metrics\Dshell\decoders\filter\track.py,13,9,0,0,0
Dshell,C:\Users\Zhifei Chen\Desktop\pysmell\subjects_for_metrics\Dshell\decoders\filter\track.py,41,20,0,0,0
Dshell,C:\Users\Zhifei Chen\Desktop\pysmell\subjects_for_metrics\Dshell\decoders\filter\track.py,65,9,0,0,0
Dshell,C:\Users\Zhifei Chen\Desktop\pysmell\subjects_for_metrics\Dshell\decoders\filter\track.py,78,11,0,0,0
Dshell,C:\Users\Zhifei Chen\Desktop\pysmell\subjects_for_metrics\Dshell\decoders\filter\track.py,97,9,0,0,0
Dshell,C:\Users\Zhifei Chen\Desktop\pysmell\subjects_for_metrics\Dshell\decoders\filter\track.py,113,8,0,0,0
Dshell,C:\Users\Zhifei Chen\Desktop\pysmell\subjects_for_metrics\Dshell\decoders\filter\track.py,124,6,0,0,0
Dshell,C:\Users\Zhifei Chen\Desktop\pysmell\subjects_for_metrics\Dshell\decoders\flows\large-flows.py,7,2,0,0,0
Dshell,C:\Users\Zhifei Chen\Desktop\pysmell\subjects_for_metrics\Dshell\decoders\flows\large-flows.py,19,6,0,0,0
Dshell,C:\Users\Zhifei Chen\Desktop\pysmell\subjects_for_metrics\Dshell\decoders\flows\large-flows.py,27,2,0,0,0
Dshell,C:\Users\Zhifei Chen\Desktop\pysmell\subjects_for_metrics\Dshell\decoders\flows\long-flows.py,7,3,0,0,0
Dshell,C:\Users\Zhifei Chen\Desktop\pysmell\subjects_for_metrics\Dshell\decoders\flows\long-flows.py,20,2,0,0,0
Dshell,C:\Users\Zhifei Chen\Desktop\pysmell\subjects_for_metrics\Dshell\decoders\flows\netflow.py,7,1,0,0,0
Dshell,C:\Users\Zhifei Chen\Desktop\pysmell\subjects_for_metrics\Dshell\decoders\flows\netflow.py,19,3,0,0,0
Dshell,C:\Users\Zhifei Chen\Desktop\pysmell\subjects_for_metrics\Dshell\decoders\flows\netflow.py,25,0,0,0,0
Dshell,C:\Users\Zhifei Chen\Desktop\pysmell\subjects_for_metrics\Dshell\decoders\flows\netflow.py,28,1,0,0,0
Dshell,C:\Users\Zhifei Chen\Desktop\pysmell\subjects_for_metrics\Dshell\decoders\flows\reverse-flow.py,7,0,0,0,0
Dshell,C:\Users\Zhifei Chen\Desktop\pysmell\subjects_for_metrics\Dshell\decoders\flows\reverse-flow.py,48,7,0,0,0
Dshell,C:\Users\Zhifei Chen\Desktop\pysmell\subjects_for_metrics\Dshell\decoders\flows\reverse-flow.py,57,4,0,0,0
Dshell,C:\Users\Zhifei Chen\Desktop\pysmell\subjects_for_metrics\Dshell\decoders\ftp\ftp.py,23,0,0,0,0
Dshell,C:\Users\Zhifei Chen\Desktop\pysmell\subjects_for_metrics\Dshell\decoders\ftp\ftp.py,44,8,0,0,0
Dshell,C:\Users\Zhifei Chen\Desktop\pysmell\subjects_for_metrics\Dshell\decoders\ftp\ftp.py,55,7,0,0,0
Dshell,C:\Users\Zhifei Chen\Desktop\pysmell\subjects_for_metrics\Dshell\decoders\ftp\ftp.py,67,8,0,0,0
Dshell,C:\Users\Zhifei Chen\Desktop\pysmell\subjects_for_metrics\Dshell\decoders\ftp\ftp.py,82,17,0,0,0
Dshell,C:\Users\Zhifei Chen\Desktop\pysmell\subjects_for_metrics\Dshell\decoders\ftp\ftp.py,112,13,0,0,0
Dshell,C:\Users\Zhifei Chen\Desktop\pysmell\subjects_for_metrics\Dshell\decoders\ftp\ftp.py,130,65,1,1,1
Dshell,C:\Users\Zhifei Chen\Desktop\pysmell\subjects_for_metrics\Dshell\decoders\ftp\ftp.py,238,4,0,0,0
Dshell,C:\Users\Zhifei Chen\Desktop\pysmell\subjects_for_metrics\Dshell\decoders\ftp\ftp.py,248,16,0,0,0
Dshell,C:\Users\Zhifei Chen\Desktop\pysmell\subjects_for_metrics\Dshell\decoders\ftp\ftp.py,269,15,0,0,0
Dshell,C:\Users\Zhifei Chen\Desktop\pysmell\subjects_for_metrics\Dshell\decoders\http\flash-detect.py,17,1,0,0,0
Dshell,C:\Users\Zhifei Chen\Desktop\pysmell\subjects_for_metrics\Dshell\decoders\http\flash-detect.py,100,3,0,0,0
Dshell,C:\Users\Zhifei Chen\Desktop\pysmell\subjects_for_metrics\Dshell\decoders\http\flash-detect.py,106,30,1,1,0
Dshell,C:\Users\Zhifei Chen\Desktop\pysmell\subjects_for_metrics\Dshell\decoders\http\flash-detect.py,154,11,0,0,0
Dshell,C:\Users\Zhifei Chen\Desktop\pysmell\subjects_for_metrics\Dshell\decoders\http\flash-detect.py,177,4,0,0,0
Dshell,C:\Users\Zhifei Chen\Desktop\pysmell\subjects_for_metrics\Dshell\decoders\http\flash-detect.py,185,21,0,0,0
Dshell,C:\Users\Zhifei Chen\Desktop\pysmell\subjects_for_metrics\Dshell\decoders\http\flash-detect.py,213,15,0,0,0
Dshell,C:\Users\Zhifei Chen\Desktop\pysmell\subjects_for_metrics\Dshell\decoders\http\httpdump.py,12,2,0,0,0
Dshell,C:\Users\Zhifei Chen\Desktop\pysmell\subjects_for_metrics\Dshell\decoders\http\httpdump.py,33,79,1,1,1
Dshell,C:\Users\Zhifei Chen\Desktop\pysmell\subjects_for_metrics\Dshell\decoders\http\httpdump.py,140,2,0,0,0
Dshell,C:\Users\Zhifei Chen\Desktop\pysmell\subjects_for_metrics\Dshell\decoders\http\ms15-034.py,22,0,0,0,0
Dshell,C:\Users\Zhifei Chen\Desktop\pysmell\subjects_for_metrics\Dshell\decoders\http\ms15-034.py,42,17,0,0,0
Dshell,C:\Users\Zhifei Chen\Desktop\pysmell\subjects_for_metrics\Dshell\decoders\http\rip-http.py,19,0,0,0,0
Dshell,C:\Users\Zhifei Chen\Desktop\pysmell\subjects_for_metrics\Dshell\decoders\http\rip-http.py,33,13,0,0,0
Dshell,C:\Users\Zhifei Chen\Desktop\pysmell\subjects_for_metrics\Dshell\decoders\http\rip-http.py,51,1,0,0,0
Dshell,C:\Users\Zhifei Chen\Desktop\pysmell\subjects_for_metrics\Dshell\decoders\http\rip-http.py,54,50,1,1,0
Dshell,C:\Users\Zhifei Chen\Desktop\pysmell\subjects_for_metrics\Dshell\decoders\http\rip-http.py,113,11,0,0,0
Dshell,C:\Users\Zhifei Chen\Desktop\pysmell\subjects_for_metrics\Dshell\decoders\http\rip-http.py,129,15,0,0,0
Dshell,C:\Users\Zhifei Chen\Desktop\pysmell\subjects_for_metrics\Dshell\decoders\http\rip-http.py,146,26,1,0,0
Dshell,C:\Users\Zhifei Chen\Desktop\pysmell\subjects_for_metrics\Dshell\decoders\http\rip-http.py,177,1,0,0,0
Dshell,C:\Users\Zhifei Chen\Desktop\pysmell\subjects_for_metrics\Dshell\decoders\http\rip-http.py,181,13,0,0,0
Dshell,C:\Users\Zhifei Chen\Desktop\pysmell\subjects_for_metrics\Dshell\decoders\http\web.py,11,1,0,0,0
Dshell,C:\Users\Zhifei Chen\Desktop\pysmell\subjects_for_metrics\Dshell\decoders\http\web.py,26,54,1,1,1
Dshell,C:\Users\Zhifei Chen\Desktop\pysmell\subjects_for_metrics\Dshell\decoders\http\web.py,101,6,0,0,0
Dshell,C:\Users\Zhifei Chen\Desktop\pysmell\subjects_for_metrics\Dshell\decoders\http\web.py,110,25,1,0,0
Dshell,C:\Users\Zhifei Chen\Desktop\pysmell\subjects_for_metrics\Dshell\decoders\http\web.py,137,1,0,0,0
Dshell,C:\Users\Zhifei Chen\Desktop\pysmell\subjects_for_metrics\Dshell\decoders\misc\followstream.py,16,1,0,0,0
Dshell,C:\Users\Zhifei Chen\Desktop\pysmell\subjects_for_metrics\Dshell\decoders\misc\followstream.py,52,7,0,0,0
Dshell,C:\Users\Zhifei Chen\Desktop\pysmell\subjects_for_metrics\Dshell\decoders\misc\followstream.py,63,4,0,0,0
Dshell,C:\Users\Zhifei Chen\Desktop\pysmell\subjects_for_metrics\Dshell\decoders\misc\followstream.py,72,24,1,0,0
Dshell,C:\Users\Zhifei Chen\Desktop\pysmell\subjects_for_metrics\Dshell\decoders\misc\grep.py,11,1,0,0,0
Dshell,C:\Users\Zhifei Chen\Desktop\pysmell\subjects_for_metrics\Dshell\decoders\misc\grep.py,89,20,0,0,0
Dshell,C:\Users\Zhifei Chen\Desktop\pysmell\subjects_for_metrics\Dshell\decoders\misc\grep.py,127,1,0,0,0
Dshell,C:\Users\Zhifei Chen\Desktop\pysmell\subjects_for_metrics\Dshell\decoders\misc\grep.py,131,4,0,0,0
Dshell,C:\Users\Zhifei Chen\Desktop\pysmell\subjects_for_metrics\Dshell\decoders\misc\grep.py,139,12,0,0,0
Dshell,C:\Users\Zhifei Chen\Desktop\pysmell\subjects_for_metrics\Dshell\decoders\misc\grep.py,159,6,0,0,0
Dshell,C:\Users\Zhifei Chen\Desktop\pysmell\subjects_for_metrics\Dshell\decoders\misc\grep.py,167,9,0,0,0
Dshell,C:\Users\Zhifei Chen\Desktop\pysmell\subjects_for_metrics\Dshell\decoders\misc\grep.py,180,6,0,0,0
Dshell,C:\Users\Zhifei Chen\Desktop\pysmell\subjects_for_metrics\Dshell\decoders\misc\grep.py,190,6,0,0,0
Dshell,C:\Users\Zhifei Chen\Desktop\pysmell\subjects_for_metrics\Dshell\decoders\misc\merge.py,13,1,0,0,0
Dshell,C:\Users\Zhifei Chen\Desktop\pysmell\subjects_for_metrics\Dshell\decoders\misc\merge.py,22,3,0,0,0
Dshell,C:\Users\Zhifei Chen\Desktop\pysmell\subjects_for_metrics\Dshell\decoders\misc\synrst.py,11,1,0,0,0
Dshell,C:\Users\Zhifei Chen\Desktop\pysmell\subjects_for_metrics\Dshell\decoders\misc\synrst.py,20,13,0,0,0
Dshell,C:\Users\Zhifei Chen\Desktop\pysmell\subjects_for_metrics\Dshell\decoders\misc\writer.py,20,2,0,0,0
Dshell,C:\Users\Zhifei Chen\Desktop\pysmell\subjects_for_metrics\Dshell\decoders\misc\writer.py,34,3,0,0,0
Dshell,C:\Users\Zhifei Chen\Desktop\pysmell\subjects_for_metrics\Dshell\decoders\misc\writer.py,39,3,0,0,0
Dshell,C:\Users\Zhifei Chen\Desktop\pysmell\subjects_for_metrics\Dshell\decoders\misc\writer.py,46,0,0,0,0
Dshell,C:\Users\Zhifei Chen\Desktop\pysmell\subjects_for_metrics\Dshell\decoders\misc\xor.py,8,3,0,0,0
Dshell,C:\Users\Zhifei Chen\Desktop\pysmell\subjects_for_metrics\Dshell\decoders\misc\xor.py,26,5,0,0,0
Dshell,C:\Users\Zhifei Chen\Desktop\pysmell\subjects_for_metrics\Dshell\decoders\misc\xor.py,35,8,0,0,0
Dshell,C:\Users\Zhifei Chen\Desktop\pysmell\subjects_for_metrics\Dshell\decoders\misc\xor.py,50,1,0,0,0
Dshell,C:\Users\Zhifei Chen\Desktop\pysmell\subjects_for_metrics\Dshell\decoders\misc\xor.py,59,18,0,0,0
Dshell,C:\Users\Zhifei Chen\Desktop\pysmell\subjects_for_metrics\Dshell\decoders\misc\xor.py,90,5,0,0,0
Dshell,C:\Users\Zhifei Chen\Desktop\pysmell\subjects_for_metrics\Dshell\decoders\misc\xor.py,107,4,0,0,0
Dshell,C:\Users\Zhifei Chen\Desktop\pysmell\subjects_for_metrics\Dshell\decoders\protocol\ether.py,10,0,0,0,0
Dshell,C:\Users\Zhifei Chen\Desktop\pysmell\subjects_for_metrics\Dshell\decoders\protocol\ether.py,18,7,0,0,0
Dshell,C:\Users\Zhifei Chen\Desktop\pysmell\subjects_for_metrics\Dshell\decoders\protocol\ip.py,11,0,0,0,0
Dshell,C:\Users\Zhifei Chen\Desktop\pysmell\subjects_for_metrics\Dshell\decoders\protocol\ip.py,19,5,0,0,0
Dshell,C:\Users\Zhifei Chen\Desktop\pysmell\subjects_for_metrics\Dshell\decoders\protocol\protocol.py,23,0,0,0,0
Dshell,C:\Users\Zhifei Chen\Desktop\pysmell\subjects_for_metrics\Dshell\decoders\protocol\protocol.py,31,3,0,0,0
Dshell,C:\Users\Zhifei Chen\Desktop\pysmell\subjects_for_metrics\Dshell\decoders\smb\psexec.py,33,6,0,0,0
Dshell,C:\Users\Zhifei Chen\Desktop\pysmell\subjects_for_metrics\Dshell\decoders\smb\psexec.py,57,1,0,0,0
Dshell,C:\Users\Zhifei Chen\Desktop\pysmell\subjects_for_metrics\Dshell\decoders\smb\psexec.py,60,2,0,0,0
Dshell,C:\Users\Zhifei Chen\Desktop\pysmell\subjects_for_metrics\Dshell\decoders\smb\psexec.py,70,15,0,0,0
Dshell,C:\Users\Zhifei Chen\Desktop\pysmell\subjects_for_metrics\Dshell\decoders\smb\psexec.py,87,10,0,0,0
Dshell,C:\Users\Zhifei Chen\Desktop\pysmell\subjects_for_metrics\Dshell\decoders\smb\psexec.py,101,4,0,0,0
Dshell,C:\Users\Zhifei Chen\Desktop\pysmell\subjects_for_metrics\Dshell\decoders\smb\psexec.py,107,3,0,0,0
Dshell,C:\Users\Zhifei Chen\Desktop\pysmell\subjects_for_metrics\Dshell\decoders\smb\psexec.py,112,1,0,0,0
Dshell,C:\Users\Zhifei Chen\Desktop\pysmell\subjects_for_metrics\Dshell\decoders\smb\psexec.py,118,16,0,0,0
Dshell,C:\Users\Zhifei Chen\Desktop\pysmell\subjects_for_metrics\Dshell\decoders\smb\psexec.py,139,14,0,0,0
Dshell,C:\Users\Zhifei Chen\Desktop\pysmell\subjects_for_metrics\Dshell\decoders\smb\psexec.py,157,3,0,0,0
Dshell,C:\Users\Zhifei Chen\Desktop\pysmell\subjects_for_metrics\Dshell\decoders\smb\psexec.py,163,64,1,1,1
Dshell,C:\Users\Zhifei Chen\Desktop\pysmell\subjects_for_metrics\Dshell\decoders\smb\rip-smb-uploads.py,26,5,0,0,0
Dshell,C:\Users\Zhifei Chen\Desktop\pysmell\subjects_for_metrics\Dshell\decoders\smb\rip-smb-uploads.py,44,6,0,0,0
Dshell,C:\Users\Zhifei Chen\Desktop\pysmell\subjects_for_metrics\Dshell\decoders\smb\rip-smb-uploads.py,52,37,1,1,0
Dshell,C:\Users\Zhifei Chen\Desktop\pysmell\subjects_for_metrics\Dshell\decoders\smb\rip-smb-uploads.py,102,15,0,0,0
Dshell,C:\Users\Zhifei Chen\Desktop\pysmell\subjects_for_metrics\Dshell\decoders\smb\smbfiles.py,30,4,0,0,0
Dshell,C:\Users\Zhifei Chen\Desktop\pysmell\subjects_for_metrics\Dshell\decoders\smb\smbfiles.py,50,1,0,0,0
Dshell,C:\Users\Zhifei Chen\Desktop\pysmell\subjects_for_metrics\Dshell\decoders\smb\smbfiles.py,53,2,0,0,0
Dshell,C:\Users\Zhifei Chen\Desktop\pysmell\subjects_for_metrics\Dshell\decoders\smb\smbfiles.py,63,12,0,0,0
Dshell,C:\Users\Zhifei Chen\Desktop\pysmell\subjects_for_metrics\Dshell\decoders\smb\smbfiles.py,77,2,0,0,0
Dshell,C:\Users\Zhifei Chen\Desktop\pysmell\subjects_for_metrics\Dshell\decoders\smb\smbfiles.py,81,2,0,0,0
Dshell,C:\Users\Zhifei Chen\Desktop\pysmell\subjects_for_metrics\Dshell\decoders\smb\smbfiles.py,85,21,0,0,0
Dshell,C:\Users\Zhifei Chen\Desktop\pysmell\subjects_for_metrics\Dshell\decoders\smb\smbfiles.py,111,0,0,0,0
Dshell,C:\Users\Zhifei Chen\Desktop\pysmell\subjects_for_metrics\Dshell\decoders\smb\smbfiles.py,114,58,1,1,1
Dshell,C:\Users\Zhifei Chen\Desktop\pysmell\subjects_for_metrics\Dshell\decoders\templates\PacketDecoder.py,12,7,0,0,0
Dshell,C:\Users\Zhifei Chen\Desktop\pysmell\subjects_for_metrics\Dshell\decoders\templates\PacketDecoder.py,26,1,0,0,0
Dshell,C:\Users\Zhifei Chen\Desktop\pysmell\subjects_for_metrics\Dshell\decoders\templates\SessionDecoder.py,12,7,0,0,0
Dshell,C:\Users\Zhifei Chen\Desktop\pysmell\subjects_for_metrics\Dshell\decoders\templates\SessionDecoder.py,26,1,0,0,0
Dshell,C:\Users\Zhifei Chen\Desktop\pysmell\subjects_for_metrics\Dshell\decoders\templates\SessionDecoder.py,31,1,0,0,0
Dshell,C:\Users\Zhifei Chen\Desktop\pysmell\subjects_for_metrics\Dshell\decoders\templates\SessionDecoder.py,35,1,0,0,0
Dshell,C:\Users\Zhifei Chen\Desktop\pysmell\subjects_for_metrics\Dshell\decoders\templates\SessionDecoder.py,39,1,0,0,0
Dshell,C:\Users\Zhifei Chen\Desktop\pysmell\subjects_for_metrics\Dshell\decoders\templates\SessionDecoder.py,43,0,0,0,0
Dshell,C:\Users\Zhifei Chen\Desktop\pysmell\subjects_for_metrics\Dshell\decoders\tftp\tftp.py,58,11,0,0,0
Dshell,C:\Users\Zhifei Chen\Desktop\pysmell\subjects_for_metrics\Dshell\decoders\tftp\tftp.py,88,7,0,0,0
Dshell,C:\Users\Zhifei Chen\Desktop\pysmell\subjects_for_metrics\Dshell\decoders\tftp\tftp.py,98,5,0,0,0
Dshell,C:\Users\Zhifei Chen\Desktop\pysmell\subjects_for_metrics\Dshell\decoders\tftp\tftp.py,106,81,1,1,1
Dshell,C:\Users\Zhifei Chen\Desktop\pysmell\subjects_for_metrics\Dshell\decoders\tftp\tftp.py,221,22,0,0,0
Dshell,C:\Users\Zhifei Chen\Desktop\pysmell\subjects_for_metrics\Dshell\decoders\tftp\tftp.py,263,15,0,0,0
Dshell,C:\Users\Zhifei Chen\Desktop\pysmell\subjects_for_metrics\Dshell\lib\dfile.py,39,11,0,0,0
Dshell,C:\Users\Zhifei Chen\Desktop\pysmell\subjects_for_metrics\Dshell\lib\dfile.py,60,1,0,0,0
Dshell,C:\Users\Zhifei Chen\Desktop\pysmell\subjects_for_metrics\Dshell\lib\dfile.py,66,1,0,0,0
Dshell,C:\Users\Zhifei Chen\Desktop\pysmell\subjects_for_metrics\Dshell\lib\dfile.py,72,1,0,0,0
Dshell,C:\Users\Zhifei Chen\Desktop\pysmell\subjects_for_metrics\Dshell\lib\dfile.py,78,9,0,0,0
Dshell,C:\Users\Zhifei Chen\Desktop\pysmell\subjects_for_metrics\Dshell\lib\dfile.py,95,9,0,0,0
Dshell,C:\Users\Zhifei Chen\Desktop\pysmell\subjects_for_metrics\Dshell\lib\dfile.py,109,15,0,0,0
Dshell,C:\Users\Zhifei Chen\Desktop\pysmell\subjects_for_metrics\Dshell\lib\dfile.py,135,8,0,0,0
Dshell,C:\Users\Zhifei Chen\Desktop\pysmell\subjects_for_metrics\Dshell\lib\dfile.py,151,22,0,0,0
Dshell,C:\Users\Zhifei Chen\Desktop\pysmell\subjects_for_metrics\Dshell\lib\dnsdecoder.py,26,4,0,0,0
Dshell,C:\Users\Zhifei Chen\Desktop\pysmell\subjects_for_metrics\Dshell\lib\dnsdecoder.py,32,14,0,0,0
Dshell,C:\Users\Zhifei Chen\Desktop\pysmell\subjects_for_metrics\Dshell\lib\dnsdecoder.py,51,14,0,0,0
Dshell,C:\Users\Zhifei Chen\Desktop\pysmell\subjects_for_metrics\Dshell\lib\dnsdecoder.py,71,7,0,0,0
Dshell,C:\Users\Zhifei Chen\Desktop\pysmell\subjects_for_metrics\Dshell\lib\dnsdecoder.py,82,2,0,0,0
Dshell,C:\Users\Zhifei Chen\Desktop\pysmell\subjects_for_metrics\Dshell\lib\dnsdecoder.py,90,0,0,0,0
Dshell,C:\Users\Zhifei Chen\Desktop\pysmell\subjects_for_metrics\Dshell\lib\dshell.py,58,1,0,0,0
Dshell,C:\Users\Zhifei Chen\Desktop\pysmell\subjects_for_metrics\Dshell\lib\dshell.py,62,49,1,1,0
Dshell,C:\Users\Zhifei Chen\Desktop\pysmell\subjects_for_metrics\Dshell\lib\dshell.py,137,10,0,0,0
Dshell,C:\Users\Zhifei Chen\Desktop\pysmell\subjects_for_metrics\Dshell\lib\dshell.py,173,1,0,0,0
Dshell,C:\Users\Zhifei Chen\Desktop\pysmell\subjects_for_metrics\Dshell\lib\dshell.py,177,7,0,0,0
Dshell,C:\Users\Zhifei Chen\Desktop\pysmell\subjects_for_metrics\Dshell\lib\dshell.py,187,2,0,0,0
Dshell,C:\Users\Zhifei Chen\Desktop\pysmell\subjects_for_metrics\Dshell\lib\dshell.py,192,1,0,0,0
Dshell,C:\Users\Zhifei Chen\Desktop\pysmell\subjects_for_metrics\Dshell\lib\dshell.py,196,2,0,0,0
Dshell,C:\Users\Zhifei Chen\Desktop\pysmell\subjects_for_metrics\Dshell\lib\dshell.py,201,1,0,0,0
Dshell,C:\Users\Zhifei Chen\Desktop\pysmell\subjects_for_metrics\Dshell\lib\dshell.py,205,2,0,0,0
Dshell,C:\Users\Zhifei Chen\Desktop\pysmell\subjects_for_metrics\Dshell\lib\dshell.py,209,3,0,0,0
Dshell,C:\Users\Zhifei Chen\Desktop\pysmell\subjects_for_metrics\Dshell\lib\dshell.py,216,5,0,0,0
Dshell,C:\Users\Zhifei Chen\Desktop\pysmell\subjects_for_metrics\Dshell\lib\dshell.py,225,2,0,0,0
Dshell,C:\Users\Zhifei Chen\Desktop\pysmell\subjects_for_metrics\Dshell\lib\dshell.py,229,2,0,0,0
Dshell,C:\Users\Zhifei Chen\Desktop\pysmell\subjects_for_metrics\Dshell\lib\dshell.py,233,3,0,0,0
Dshell,C:\Users\Zhifei Chen\Desktop\pysmell\subjects_for_metrics\Dshell\lib\dshell.py,240,5,0,0,0
Dshell,C:\Users\Zhifei Chen\Desktop\pysmell\subjects_for_metrics\Dshell\lib\dshell.py,253,11,0,0,0
Dshell,C:\Users\Zhifei Chen\Desktop\pysmell\subjects_for_metrics\Dshell\lib\dshell.py,271,11,0,0,0
Dshell,C:\Users\Zhifei Chen\Desktop\pysmell\subjects_for_metrics\Dshell\lib\dshell.py,289,14,0,0,0
Dshell,C:\Users\Zhifei Chen\Desktop\pysmell\subjects_for_metrics\Dshell\lib\dshell.py,319,1,0,0,0
Dshell,C:\Users\Zhifei Chen\Desktop\pysmell\subjects_for_metrics\Dshell\lib\dshell.py,324,6,0,0,0
Dshell,C:\Users\Zhifei Chen\Desktop\pysmell\subjects_for_metrics\Dshell\lib\dshell.py,334,2,0,0,0
Dshell,C:\Users\Zhifei Chen\Desktop\pysmell\subjects_for_metrics\Dshell\lib\dshell.py,339,3,0,0,0
Dshell,C:\Users\Zhifei Chen\Desktop\pysmell\subjects_for_metrics\Dshell\lib\dshell.py,345,8,0,0,0
Dshell,C:\Users\Zhifei Chen\Desktop\pysmell\subjects_for_metrics\Dshell\lib\dshell.py,357,25,1,0,0
Dshell,C:\Users\Zhifei Chen\Desktop\pysmell\subjects_for_metrics\Dshell\lib\dshell.py,415,15,0,0,0
Dshell,C:\Users\Zhifei Chen\Desktop\pysmell\subjects_for_metrics\Dshell\lib\dshell.py,467,8,0,0,0
Dshell,C:\Users\Zhifei Chen\Desktop\pysmell\subjects_for_metrics\Dshell\lib\dshell.py,477,16,0,0,0
Dshell,C:\Users\Zhifei Chen\Desktop\pysmell\subjects_for_metrics\Dshell\lib\dshell.py,501,41,1,1,0
Dshell,C:\Users\Zhifei Chen\Desktop\pysmell\subjects_for_metrics\Dshell\lib\dshell.py,568,4,0,0,0
Dshell,C:\Users\Zhifei Chen\Desktop\pysmell\subjects_for_metrics\Dshell\lib\dshell.py,589,4,0,0,0
Dshell,C:\Users\Zhifei Chen\Desktop\pysmell\subjects_for_metrics\Dshell\lib\dshell.py,597,8,0,0,0
Dshell,C:\Users\Zhifei Chen\Desktop\pysmell\subjects_for_metrics\Dshell\lib\dshell.py,637,3,0,0,0
Dshell,C:\Users\Zhifei Chen\Desktop\pysmell\subjects_for_metrics\Dshell\lib\dshell.py,674,7,0,0,0
Dshell,C:\Users\Zhifei Chen\Desktop\pysmell\subjects_for_metrics\Dshell\lib\dshell.py,686,5,0,0,0
Dshell,C:\Users\Zhifei Chen\Desktop\pysmell\subjects_for_metrics\Dshell\lib\dshell.py,694,22,0,0,0
Dshell,C:\Users\Zhifei Chen\Desktop\pysmell\subjects_for_metrics\Dshell\lib\dshell.py,741,3,0,0,0
Dshell,C:\Users\Zhifei Chen\Desktop\pysmell\subjects_for_metrics\Dshell\lib\dshell.py,748,7,0,0,0
Dshell,C:\Users\Zhifei Chen\Desktop\pysmell\subjects_for_metrics\Dshell\lib\dshell.py,759,1,0,0,0
Dshell,C:\Users\Zhifei Chen\Desktop\pysmell\subjects_for_metrics\Dshell\lib\dshell.py,763,1,0,0,0
Dshell,C:\Users\Zhifei Chen\Desktop\pysmell\subjects_for_metrics\Dshell\lib\dshell.py,767,2,0,0,0
Dshell,C:\Users\Zhifei Chen\Desktop\pysmell\subjects_for_metrics\Dshell\lib\dshell.py,772,2,0,0,0
Dshell,C:\Users\Zhifei Chen\Desktop\pysmell\subjects_for_metrics\Dshell\lib\dshell.py,777,1,0,0,0
Dshell,C:\Users\Zhifei Chen\Desktop\pysmell\subjects_for_metrics\Dshell\lib\dshell.py,781,1,0,0,0
Dshell,C:\Users\Zhifei Chen\Desktop\pysmell\subjects_for_metrics\Dshell\lib\dshell.py,784,1,0,0,0
Dshell,C:\Users\Zhifei Chen\Desktop\pysmell\subjects_for_metrics\Dshell\lib\dshell.py,786,1,0,0,0
Dshell,C:\Users\Zhifei Chen\Desktop\pysmell\subjects_for_metrics\Dshell\lib\dshell.py,801,12,0,0,0
Dshell,C:\Users\Zhifei Chen\Desktop\pysmell\subjects_for_metrics\Dshell\lib\dshell.py,824,2,0,0,0
Dshell,C:\Users\Zhifei Chen\Desktop\pysmell\subjects_for_metrics\Dshell\lib\dshell.py,828,1,0,0,0
Dshell,C:\Users\Zhifei Chen\Desktop\pysmell\subjects_for_metrics\Dshell\lib\dshell.py,831,1,0,0,0
Dshell,C:\Users\Zhifei Chen\Desktop\pysmell\subjects_for_metrics\Dshell\lib\dshell.py,861,22,0,0,0
Dshell,C:\Users\Zhifei Chen\Desktop\pysmell\subjects_for_metrics\Dshell\lib\dshell.py,891,14,0,0,0
Dshell,C:\Users\Zhifei Chen\Desktop\pysmell\subjects_for_metrics\Dshell\lib\dshell.py,908,18,0,0,0
Dshell,C:\Users\Zhifei Chen\Desktop\pysmell\subjects_for_metrics\Dshell\lib\dshell.py,936,1,0,0,0
Dshell,C:\Users\Zhifei Chen\Desktop\pysmell\subjects_for_metrics\Dshell\lib\dshell.py,942,1,0,0,0
Dshell,C:\Users\Zhifei Chen\Desktop\pysmell\subjects_for_metrics\Dshell\lib\dshell.py,946,2,0,0,0
Dshell,C:\Users\Zhifei Chen\Desktop\pysmell\subjects_for_metrics\Dshell\lib\dshell.py,965,8,0,0,0
Dshell,C:\Users\Zhifei Chen\Desktop\pysmell\subjects_for_metrics\Dshell\lib\dshell.py,975,7,0,0,0
Dshell,C:\Users\Zhifei Chen\Desktop\pysmell\subjects_for_metrics\Dshell\lib\dshell.py,988,1,0,0,0
Dshell,C:\Users\Zhifei Chen\Desktop\pysmell\subjects_for_metrics\Dshell\lib\dshell.py,991,1,0,0,0
Dshell,C:\Users\Zhifei Chen\Desktop\pysmell\subjects_for_metrics\Dshell\lib\dshell.py,995,20,0,0,0
Dshell,C:\Users\Zhifei Chen\Desktop\pysmell\subjects_for_metrics\Dshell\lib\dshell.py,1040,2,0,0,0
Dshell,C:\Users\Zhifei Chen\Desktop\pysmell\subjects_for_metrics\Dshell\lib\httpdecoder.py,27,4,0,0,0
Dshell,C:\Users\Zhifei Chen\Desktop\pysmell\subjects_for_metrics\Dshell\lib\httpdecoder.py,34,1,0,0,0
Dshell,C:\Users\Zhifei Chen\Desktop\pysmell\subjects_for_metrics\Dshell\lib\httpdecoder.py,37,20,0,0,0
Dshell,C:\Users\Zhifei Chen\Desktop\pysmell\subjects_for_metrics\Dshell\lib\httpdecoder.py,65,4,0,0,0
Dshell,C:\Users\Zhifei Chen\Desktop\pysmell\subjects_for_metrics\Dshell\lib\httpdecoder.py,76,5,0,0,0
Dshell,C:\Users\Zhifei Chen\Desktop\pysmell\subjects_for_metrics\Dshell\lib\httpdecoder.py,84,0,0,0,0
Dshell,C:\Users\Zhifei Chen\Desktop\pysmell\subjects_for_metrics\Dshell\lib\httpdecoder.py,90,0,0,0,0
Dshell,C:\Users\Zhifei Chen\Desktop\pysmell\subjects_for_metrics\Dshell\lib\smbdecoder.py,44,2,0,0,0
Dshell,C:\Users\Zhifei Chen\Desktop\pysmell\subjects_for_metrics\Dshell\lib\smbdecoder.py,48,1,0,0,0
Dshell,C:\Users\Zhifei Chen\Desktop\pysmell\subjects_for_metrics\Dshell\lib\smbdecoder.py,51,8,0,0,0
Dshell,C:\Users\Zhifei Chen\Desktop\pysmell\subjects_for_metrics\Dshell\lib\smbdecoder.py,63,20,0,0,0
Dshell,C:\Users\Zhifei Chen\Desktop\pysmell\subjects_for_metrics\Dshell\lib\smbdecoder.py,94,7,0,0,0
Dshell,C:\Users\Zhifei Chen\Desktop\pysmell\subjects_for_metrics\Dshell\lib\smbdecoder.py,105,6,0,0,0
Dshell,C:\Users\Zhifei Chen\Desktop\pysmell\subjects_for_metrics\Dshell\lib\smbdecoder.py,115,7,0,0,0
Dshell,C:\Users\Zhifei Chen\Desktop\pysmell\subjects_for_metrics\Dshell\lib\smbdecoder.py,125,1,0,0,0
Dshell,C:\Users\Zhifei Chen\Desktop\pysmell\subjects_for_metrics\Dshell\lib\smbdecoder.py,136,6,0,0,0
Dshell,C:\Users\Zhifei Chen\Desktop\pysmell\subjects_for_metrics\Dshell\lib\smbdecoder.py,165,12,0,0,0
Dshell,C:\Users\Zhifei Chen\Desktop\pysmell\subjects_for_metrics\Dshell\lib\smbdecoder.py,180,10,0,0,0
Dshell,C:\Users\Zhifei Chen\Desktop\pysmell\subjects_for_metrics\Dshell\lib\smbdecoder.py,193,5,0,0,0
Dshell,C:\Users\Zhifei Chen\Desktop\pysmell\subjects_for_metrics\Dshell\lib\smbdecoder.py,201,10,0,0,0
Dshell,C:\Users\Zhifei Chen\Desktop\pysmell\subjects_for_metrics\Dshell\lib\smbdecoder.py,218,5,0,0,0
Dshell,C:\Users\Zhifei Chen\Desktop\pysmell\subjects_for_metrics\Dshell\lib\smbdecoder.py,230,10,0,0,0
Dshell,C:\Users\Zhifei Chen\Desktop\pysmell\subjects_for_metrics\Dshell\lib\smbdecoder.py,247,25,1,0,0
Dshell,C:\Users\Zhifei Chen\Desktop\pysmell\subjects_for_metrics\Dshell\lib\smbdecoder.py,281,12,0,0,0
Dshell,C:\Users\Zhifei Chen\Desktop\pysmell\subjects_for_metrics\Dshell\lib\smbdecoder.py,316,32,1,1,0
Dshell,C:\Users\Zhifei Chen\Desktop\pysmell\subjects_for_metrics\Dshell\lib\smbdecoder.py,383,13,0,0,0
Dshell,C:\Users\Zhifei Chen\Desktop\pysmell\subjects_for_metrics\Dshell\lib\smbdecoder.py,409,4,0,0,0
Dshell,C:\Users\Zhifei Chen\Desktop\pysmell\subjects_for_metrics\Dshell\lib\smbdecoder.py,418,0,0,0,0
Dshell,C:\Users\Zhifei Chen\Desktop\pysmell\subjects_for_metrics\Dshell\lib\util.py,11,2,0,0,0
Dshell,C:\Users\Zhifei Chen\Desktop\pysmell\subjects_for_metrics\Dshell\lib\util.py,29,30,1,1,0
Dshell,C:\Users\Zhifei Chen\Desktop\pysmell\subjects_for_metrics\Dshell\lib\util.py,79,6,0,0,0
Dshell,C:\Users\Zhifei Chen\Desktop\pysmell\subjects_for_metrics\Dshell\lib\util.py,103,11,0,0,0
Dshell,C:\Users\Zhifei Chen\Desktop\pysmell\subjects_for_metrics\Dshell\lib\util.py,128,11,0,0,0
Dshell,C:\Users\Zhifei Chen\Desktop\pysmell\subjects_for_metrics\Dshell\lib\util.py,152,3,0,0,0
Dshell,C:\Users\Zhifei Chen\Desktop\pysmell\subjects_for_metrics\Dshell\lib\util.py,164,13,0,0,0
Dshell,C:\Users\Zhifei Chen\Desktop\pysmell\subjects_for_metrics\Dshell\lib\util.py,185,3,0,0,0
Dshell,C:\Users\Zhifei Chen\Desktop\pysmell\subjects_for_metrics\Dshell\lib\util.py,191,1,0,0,0
Dshell,C:\Users\Zhifei Chen\Desktop\pysmell\subjects_for_metrics\Dshell\lib\util.py,197,4,0,0,0
Dshell,C:\Users\Zhifei Chen\Desktop\pysmell\subjects_for_metrics\Dshell\lib\util.py,204,1,0,0,0
Dshell,C:\Users\Zhifei Chen\Desktop\pysmell\subjects_for_metrics\Dshell\lib\util.py,207,1,0,0,0
Dshell,C:\Users\Zhifei Chen\Desktop\pysmell\subjects_for_metrics\Dshell\lib\util.py,221,15,0,0,0
Dshell,C:\Users\Zhifei Chen\Desktop\pysmell\subjects_for_metrics\Dshell\lib\util.py,261,9,0,0,0
Dshell,C:\Users\Zhifei Chen\Desktop\pysmell\subjects_for_metrics\Dshell\lib\util.py,283,7,0,0,0
Dshell,C:\Users\Zhifei Chen\Desktop\pysmell\subjects_for_metrics\Dshell\lib\output\colorout.py,64,1,0,0,0
Dshell,C:\Users\Zhifei Chen\Desktop\pysmell\subjects_for_metrics\Dshell\lib\output\colorout.py,67,31,1,1,0
Dshell,C:\Users\Zhifei Chen\Desktop\pysmell\subjects_for_metrics\Dshell\lib\output\colorout.py,126,5,0,0,0
Dshell,C:\Users\Zhifei Chen\Desktop\pysmell\subjects_for_metrics\Dshell\lib\output\colorout.py,140,5,0,0,0
Dshell,C:\Users\Zhifei Chen\Desktop\pysmell\subjects_for_metrics\Dshell\lib\output\colorout.py,148,3,0,0,0
Dshell,C:\Users\Zhifei Chen\Desktop\pysmell\subjects_for_metrics\Dshell\lib\output\colorout.py,158,3,0,0,0
Dshell,C:\Users\Zhifei Chen\Desktop\pysmell\subjects_for_metrics\Dshell\lib\output\colorout.py,164,3,0,0,0
Dshell,C:\Users\Zhifei Chen\Desktop\pysmell\subjects_for_metrics\Dshell\lib\output\colorout.py,169,34,1,1,0
Dshell,C:\Users\Zhifei Chen\Desktop\pysmell\subjects_for_metrics\Dshell\lib\output\colorout.py,230,0,0,0,0
Dshell,C:\Users\Zhifei Chen\Desktop\pysmell\subjects_for_metrics\Dshell\lib\output\colorout.py,234,55,1,1,1
Dshell,C:\Users\Zhifei Chen\Desktop\pysmell\subjects_for_metrics\Dshell\lib\output\colorout.py,309,7,0,0,0
Dshell,C:\Users\Zhifei Chen\Desktop\pysmell\subjects_for_metrics\Dshell\lib\output\colorout.py,320,3,0,0,0
Dshell,C:\Users\Zhifei Chen\Desktop\pysmell\subjects_for_metrics\Dshell\lib\output\colorout.py,365,5,0,0,0
Dshell,C:\Users\Zhifei Chen\Desktop\pysmell\subjects_for_metrics\Dshell\lib\output\csvout.py,26,24,1,0,0
Dshell,C:\Users\Zhifei Chen\Desktop\pysmell\subjects_for_metrics\Dshell\lib\output\jsonout.py,29,13,0,0,0
Dshell,C:\Users\Zhifei Chen\Desktop\pysmell\subjects_for_metrics\Dshell\lib\output\jsonout.py,50,26,1,0,0
Dshell,C:\Users\Zhifei Chen\Desktop\pysmell\subjects_for_metrics\Dshell\lib\output\netflowout.py,21,5,0,0,0
Dshell,C:\Users\Zhifei Chen\Desktop\pysmell\subjects_for_metrics\Dshell\lib\output\netflowout.py,29,9,0,0,0
Dshell,C:\Users\Zhifei Chen\Desktop\pysmell\subjects_for_metrics\Dshell\lib\output\netflowout.py,42,9,0,0,0
Dshell,C:\Users\Zhifei Chen\Desktop\pysmell\subjects_for_metrics\Dshell\lib\output\netflowout.py,55,2,0,0,0
Dshell,C:\Users\Zhifei Chen\Desktop\pysmell\subjects_for_metrics\Dshell\lib\output\output.py,29,12,0,0,0
Dshell,C:\Users\Zhifei Chen\Desktop\pysmell\subjects_for_metrics\Dshell\lib\output\output.py,65,1,0,0,0
Dshell,C:\Users\Zhifei Chen\Desktop\pysmell\subjects_for_metrics\Dshell\lib\output\output.py,71,40,1,1,0
Dshell,C:\Users\Zhifei Chen\Desktop\pysmell\subjects_for_metrics\Dshell\lib\output\output.py,135,22,0,0,0
Dshell,C:\Users\Zhifei Chen\Desktop\pysmell\subjects_for_metrics\Dshell\lib\output\output.py,176,5,0,0,0
Dshell,C:\Users\Zhifei Chen\Desktop\pysmell\subjects_for_metrics\Dshell\lib\output\output.py,187,2,0,0,0
Dshell,C:\Users\Zhifei Chen\Desktop\pysmell\subjects_for_metrics\Dshell\lib\output\output.py,191,6,0,0,0
Dshell,C:\Users\Zhifei Chen\Desktop\pysmell\subjects_for_metrics\Dshell\lib\output\output.py,203,27,1,0,0
Dshell,C:\Users\Zhifei Chen\Desktop\pysmell\subjects_for_metrics\Dshell\lib\output\output.py,241,6,0,0,0
Dshell,C:\Users\Zhifei Chen\Desktop\pysmell\subjects_for_metrics\Dshell\lib\output\output.py,250,3,0,0,0
Dshell,C:\Users\Zhifei Chen\Desktop\pysmell\subjects_for_metrics\Dshell\lib\output\output.py,266,3,0,0,0
Dshell,C:\Users\Zhifei Chen\Desktop\pysmell\subjects_for_metrics\Dshell\lib\output\output.py,271,5,0,0,0
Dshell,C:\Users\Zhifei Chen\Desktop\pysmell\subjects_for_metrics\Dshell\lib\output\output.py,329,14,0,0,0
Dshell,C:\Users\Zhifei Chen\Desktop\pysmell\subjects_for_metrics\Dshell\lib\output\output.py,369,19,0,0,0
Dshell,C:\Users\Zhifei Chen\Desktop\pysmell\subjects_for_metrics\Dshell\lib\output\output.py,395,2,0,0,0
Dshell,C:\Users\Zhifei Chen\Desktop\pysmell\subjects_for_metrics\Dshell\lib\output\output.py,400,3,0,0,0
Dshell,C:\Users\Zhifei Chen\Desktop\pysmell\subjects_for_metrics\Dshell\lib\output\output.py,407,12,0,0,0
Dshell,C:\Users\Zhifei Chen\Desktop\pysmell\subjects_for_metrics\Dshell\lib\output\output.py,428,32,1,1,0
Dshell,C:\Users\Zhifei Chen\Desktop\pysmell\subjects_for_metrics\Dshell\lib\output\output.py,475,3,0,0,0
Dshell,C:\Users\Zhifei Chen\Desktop\pysmell\subjects_for_metrics\Dshell\lib\output\output.py,483,5,0,0,0
Dshell,C:\Users\Zhifei Chen\Desktop\pysmell\subjects_for_metrics\Dshell\lib\output\output.py,496,5,0,0,0
Dshell,C:\Users\Zhifei Chen\Desktop\pysmell\subjects_for_metrics\Dshell\lib\output\output.py,503,19,0,0,0
Dshell,C:\Users\Zhifei Chen\Desktop\pysmell\subjects_for_metrics\Dshell\lib\output\output.py,535,2,0,0,0
Dshell,C:\Users\Zhifei Chen\Desktop\pysmell\subjects_for_metrics\Dshell\lib\output\output.py,539,0,0,0,0
Dshell,C:\Users\Zhifei Chen\Desktop\pysmell\subjects_for_metrics\Dshell\lib\output\output.py,541,0,0,0,0
Dshell,C:\Users\Zhifei Chen\Desktop\pysmell\subjects_for_metrics\Dshell\lib\output\output.py,543,0,0,0,0
Dshell,C:\Users\Zhifei Chen\Desktop\pysmell\subjects_for_metrics\Dshell\lib\output\output.py,545,0,0,0,0
Dshell,C:\Users\Zhifei Chen\Desktop\pysmell\subjects_for_metrics\Dshell\lib\output\output.py,548,1,0,0,0
Dshell,C:\Users\Zhifei Chen\Desktop\pysmell\subjects_for_metrics\Dshell\lib\output\xmlout.py,15,4,0,0,0
Dshell,C:\Users\Zhifei Chen\Desktop\pysmell\subjects_for_metrics\Dshell\lib\output\xmlout.py,22,3,0,0,0
Dshell,C:\Users\Zhifei Chen\Desktop\pysmell\subjects_for_metrics\Dshell\lib\output\xmlout.py,28,13,0,0,0
Dshell,C:\Users\Zhifei Chen\Desktop\pysmell\subjects_for_metrics\Dshell\lib\output\xmlout.py,49,1,0,0,0
Dshell,C:\Users\Zhifei Chen\Desktop\pysmell\subjects_for_metrics\Dshell\lib\output\xmlout.py,52,1,0,0,0
Dshell,C:\Users\Zhifei Chen\Desktop\pysmell\subjects_for_metrics\Dshell\lib\output\xmlout.py,54,1,0,0,0
