subject,file,lineno,LMC,experience-based,statistics-based,tuning machine
Dshell,C:\Users\Zhifei Chen\Desktop\pysmell\subjects_for_metrics\Dshell\bin\decode.py,74,2,0,0,0
Dshell,C:\Users\Zhifei Chen\Desktop\pysmell\subjects_for_metrics\Dshell\bin\decode.py,81,2,0,0,0
Dshell,C:\Users\Zhifei Chen\Desktop\pysmell\subjects_for_metrics\Dshell\bin\decode.py,82,2,0,0,0
Dshell,C:\Users\Zhifei Chen\Desktop\pysmell\subjects_for_metrics\Dshell\bin\decode.py,86,2,0,0,0
Dshell,C:\Users\Zhifei Chen\Desktop\pysmell\subjects_for_metrics\Dshell\bin\decode.py,88,2,0,0,0
Dshell,C:\Users\Zhifei Chen\Desktop\pysmell\subjects_for_metrics\Dshell\bin\decode.py,88,2,0,0,0
Dshell,C:\Users\Zhifei Chen\Desktop\pysmell\subjects_for_metrics\Dshell\bin\decode.py,160,2,0,0,0
Dshell,C:\Users\Zhifei Chen\Desktop\pysmell\subjects_for_metrics\Dshell\bin\decode.py,163,2,0,0,0
Dshell,C:\Users\Zhifei Chen\Desktop\pysmell\subjects_for_metrics\Dshell\bin\decode.py,221,2,0,0,0
Dshell,C:\Users\Zhifei Chen\Desktop\pysmell\subjects_for_metrics\Dshell\bin\decode.py,226,2,0,0,0
Dshell,C:\Users\Zhifei Chen\Desktop\pysmell\subjects_for_metrics\Dshell\bin\decode.py,228,2,0,0,0
Dshell,C:\Users\Zhifei Chen\Desktop\pysmell\subjects_for_metrics\Dshell\bin\decode.py,321,2,0,0,0
Dshell,C:\Users\Zhifei Chen\Desktop\pysmell\subjects_for_metrics\Dshell\bin\decode.py,322,2,0,0,0
Dshell,C:\Users\Zhifei Chen\Desktop\pysmell\subjects_for_metrics\Dshell\bin\decode.py,323,2,0,0,0
Dshell,C:\Users\Zhifei Chen\Desktop\pysmell\subjects_for_metrics\Dshell\bin\decode.py,324,2,0,0,0
Dshell,C:\Users\Zhifei Chen\Desktop\pysmell\subjects_for_metrics\Dshell\bin\decode.py,326,2,0,0,0
Dshell,C:\Users\Zhifei Chen\Desktop\pysmell\subjects_for_metrics\Dshell\bin\decode.py,331,2,0,0,0
Dshell,C:\Users\Zhifei Chen\Desktop\pysmell\subjects_for_metrics\Dshell\bin\decode.py,377,2,0,0,0
Dshell,C:\Users\Zhifei Chen\Desktop\pysmell\subjects_for_metrics\Dshell\bin\decode.py,393,2,0,0,0
Dshell,C:\Users\Zhifei Chen\Desktop\pysmell\subjects_for_metrics\Dshell\bin\decode.py,601,2,0,0,0
Dshell,C:\Users\Zhifei Chen\Desktop\pysmell\subjects_for_metrics\Dshell\bin\decode.py,677,2,0,0,0
Dshell,C:\Users\Zhifei Chen\Desktop\pysmell\subjects_for_metrics\Dshell\bin\decode.py,683,2,0,0,0
Dshell,C:\Users\Zhifei Chen\Desktop\pysmell\subjects_for_metrics\Dshell\bin\decode.py,699,2,0,0,0
Dshell,C:\Users\Zhifei Chen\Desktop\pysmell\subjects_for_metrics\Dshell\bin\decode.py,702,2,0,0,0
Dshell,C:\Users\Zhifei Chen\Desktop\pysmell\subjects_for_metrics\Dshell\bin\decode.py,770,2,0,0,0
Dshell,C:\Users\Zhifei Chen\Desktop\pysmell\subjects_for_metrics\Dshell\bin\decode.py,775,2,0,0,0
Dshell,C:\Users\Zhifei Chen\Desktop\pysmell\subjects_for_metrics\Dshell\bin\decode.py,799,2,0,0,0
Dshell,C:\Users\Zhifei Chen\Desktop\pysmell\subjects_for_metrics\Dshell\bin\decode.py,847,2,0,0,0
Dshell,C:\Users\Zhifei Chen\Desktop\pysmell\subjects_for_metrics\Dshell\bin\generate-dshellrc.py,21,2,0,0,0
Dshell,C:\Users\Zhifei Chen\Desktop\pysmell\subjects_for_metrics\Dshell\bin\generate-dshellrc.py,21,2,0,0,0
Dshell,C:\Users\Zhifei Chen\Desktop\pysmell\subjects_for_metrics\Dshell\decoders\dhcp\dhcp.py,10,2,0,0,0
Dshell,C:\Users\Zhifei Chen\Desktop\pysmell\subjects_for_metrics\Dshell\decoders\dhcp\dhcp.py,64,2,0,0,0
Dshell,C:\Users\Zhifei Chen\Desktop\pysmell\subjects_for_metrics\Dshell\decoders\dhcp\dhcp.py,70,2,0,0,0
Dshell,C:\Users\Zhifei Chen\Desktop\pysmell\subjects_for_metrics\Dshell\decoders\dhcp\dhcp.py,76,2,0,0,0
Dshell,C:\Users\Zhifei Chen\Desktop\pysmell\subjects_for_metrics\Dshell\decoders\dns\dns-asn.py,21,2,0,0,0
Dshell,C:\Users\Zhifei Chen\Desktop\pysmell\subjects_for_metrics\Dshell\decoders\dns\dns-asn.py,23,2,0,0,0
Dshell,C:\Users\Zhifei Chen\Desktop\pysmell\subjects_for_metrics\Dshell\decoders\dns\dns-asn.py,36,2,0,0,0
Dshell,C:\Users\Zhifei Chen\Desktop\pysmell\subjects_for_metrics\Dshell\decoders\dns\dns-asn.py,40,2,0,0,0
Dshell,C:\Users\Zhifei Chen\Desktop\pysmell\subjects_for_metrics\Dshell\decoders\dns\dns-asn.py,40,2,0,0,0
Dshell,C:\Users\Zhifei Chen\Desktop\pysmell\subjects_for_metrics\Dshell\decoders\dns\dns-asn.py,46,2,0,0,0
Dshell,C:\Users\Zhifei Chen\Desktop\pysmell\subjects_for_metrics\Dshell\decoders\dns\dns-asn.py,53,2,0,0,0
Dshell,C:\Users\Zhifei Chen\Desktop\pysmell\subjects_for_metrics\Dshell\decoders\dns\dns-cc.py,23,2,0,0,0
Dshell,C:\Users\Zhifei Chen\Desktop\pysmell\subjects_for_metrics\Dshell\decoders\dns\dns-cc.py,25,2,0,0,0
Dshell,C:\Users\Zhifei Chen\Desktop\pysmell\subjects_for_metrics\Dshell\decoders\dns\dns-cc.py,38,2,0,0,0
Dshell,C:\Users\Zhifei Chen\Desktop\pysmell\subjects_for_metrics\Dshell\decoders\dns\dns-cc.py,42,2,0,0,0
Dshell,C:\Users\Zhifei Chen\Desktop\pysmell\subjects_for_metrics\Dshell\decoders\dns\dns-cc.py,42,2,0,0,0
Dshell,C:\Users\Zhifei Chen\Desktop\pysmell\subjects_for_metrics\Dshell\decoders\dns\dns-cc.py,48,2,0,0,0
Dshell,C:\Users\Zhifei Chen\Desktop\pysmell\subjects_for_metrics\Dshell\decoders\dns\dns-cc.py,59,2,0,0,0
Dshell,C:\Users\Zhifei Chen\Desktop\pysmell\subjects_for_metrics\Dshell\decoders\dns\dns.py,23,2,0,0,0
Dshell,C:\Users\Zhifei Chen\Desktop\pysmell\subjects_for_metrics\Dshell\decoders\dns\dns.py,25,2,0,0,0
Dshell,C:\Users\Zhifei Chen\Desktop\pysmell\subjects_for_metrics\Dshell\decoders\dns\dns.py,27,2,0,0,0
Dshell,C:\Users\Zhifei Chen\Desktop\pysmell\subjects_for_metrics\Dshell\decoders\dns\dns.py,29,2,0,0,0
Dshell,C:\Users\Zhifei Chen\Desktop\pysmell\subjects_for_metrics\Dshell\decoders\dns\dns.py,30,2,0,0,0
Dshell,C:\Users\Zhifei Chen\Desktop\pysmell\subjects_for_metrics\Dshell\decoders\dns\dns.py,32,2,0,0,0
Dshell,C:\Users\Zhifei Chen\Desktop\pysmell\subjects_for_metrics\Dshell\decoders\dns\dns.py,40,2,0,0,0
Dshell,C:\Users\Zhifei Chen\Desktop\pysmell\subjects_for_metrics\Dshell\decoders\dns\dns.py,42,2,0,0,0
Dshell,C:\Users\Zhifei Chen\Desktop\pysmell\subjects_for_metrics\Dshell\decoders\dns\dns.py,44,2,0,0,0
Dshell,C:\Users\Zhifei Chen\Desktop\pysmell\subjects_for_metrics\Dshell\decoders\dns\dns.py,46,2,0,0,0
Dshell,C:\Users\Zhifei Chen\Desktop\pysmell\subjects_for_metrics\Dshell\decoders\dns\dns.py,64,2,0,0,0
Dshell,C:\Users\Zhifei Chen\Desktop\pysmell\subjects_for_metrics\Dshell\decoders\dns\dns.py,68,2,0,0,0
Dshell,C:\Users\Zhifei Chen\Desktop\pysmell\subjects_for_metrics\Dshell\decoders\dns\dns.py,68,2,0,0,0
Dshell,C:\Users\Zhifei Chen\Desktop\pysmell\subjects_for_metrics\Dshell\decoders\dns\dns.py,74,2,0,0,0
Dshell,C:\Users\Zhifei Chen\Desktop\pysmell\subjects_for_metrics\Dshell\decoders\dns\dns.py,80,2,0,0,0
Dshell,C:\Users\Zhifei Chen\Desktop\pysmell\subjects_for_metrics\Dshell\decoders\dns\dns.py,86,2,0,0,0
Dshell,C:\Users\Zhifei Chen\Desktop\pysmell\subjects_for_metrics\Dshell\decoders\dns\dns.py,88,2,0,0,0
Dshell,C:\Users\Zhifei Chen\Desktop\pysmell\subjects_for_metrics\Dshell\decoders\dns\dns.py,90,2,0,0,0
Dshell,C:\Users\Zhifei Chen\Desktop\pysmell\subjects_for_metrics\Dshell\decoders\dns\dns.py,92,2,0,0,0
Dshell,C:\Users\Zhifei Chen\Desktop\pysmell\subjects_for_metrics\Dshell\decoders\dns\dns.py,94,2,0,0,0
Dshell,C:\Users\Zhifei Chen\Desktop\pysmell\subjects_for_metrics\Dshell\decoders\dns\dns.py,96,2,0,0,0
Dshell,C:\Users\Zhifei Chen\Desktop\pysmell\subjects_for_metrics\Dshell\decoders\dns\dns.py,105,2,0,0,0
Dshell,C:\Users\Zhifei Chen\Desktop\pysmell\subjects_for_metrics\Dshell\decoders\dns\dns.py,105,2,0,0,0
Dshell,C:\Users\Zhifei Chen\Desktop\pysmell\subjects_for_metrics\Dshell\decoders\dns\innuendo-dns.py,50,2,0,0,0
Dshell,C:\Users\Zhifei Chen\Desktop\pysmell\subjects_for_metrics\Dshell\decoders\dns\innuendo-dns.py,50,2,0,0,0
Dshell,C:\Users\Zhifei Chen\Desktop\pysmell\subjects_for_metrics\Dshell\decoders\dns\innuendo-dns.py,54,2,0,0,0
Dshell,C:\Users\Zhifei Chen\Desktop\pysmell\subjects_for_metrics\Dshell\decoders\dns\innuendo-dns.py,54,2,0,0,0
Dshell,C:\Users\Zhifei Chen\Desktop\pysmell\subjects_for_metrics\Dshell\decoders\dns\innuendo-dns.py,57,2,0,0,0
Dshell,C:\Users\Zhifei Chen\Desktop\pysmell\subjects_for_metrics\Dshell\decoders\dns\reservedips.py,86,2,0,0,0
Dshell,C:\Users\Zhifei Chen\Desktop\pysmell\subjects_for_metrics\Dshell\decoders\dns\reservedips.py,97,2,0,0,0
Dshell,C:\Users\Zhifei Chen\Desktop\pysmell\subjects_for_metrics\Dshell\decoders\dns\reservedips.py,99,2,0,0,0
Dshell,C:\Users\Zhifei Chen\Desktop\pysmell\subjects_for_metrics\Dshell\decoders\dns\reservedips.py,112,2,0,0,0
Dshell,C:\Users\Zhifei Chen\Desktop\pysmell\subjects_for_metrics\Dshell\decoders\dns\reservedips.py,116,2,0,0,0
Dshell,C:\Users\Zhifei Chen\Desktop\pysmell\subjects_for_metrics\Dshell\decoders\dns\reservedips.py,116,2,0,0,0
Dshell,C:\Users\Zhifei Chen\Desktop\pysmell\subjects_for_metrics\Dshell\decoders\dns\reservedips.py,122,2,0,0,0
Dshell,C:\Users\Zhifei Chen\Desktop\pysmell\subjects_for_metrics\Dshell\decoders\dns\reservedips.py,129,2,0,0,0
Dshell,C:\Users\Zhifei Chen\Desktop\pysmell\subjects_for_metrics\Dshell\decoders\filter\asn-filter.py,12,2,0,0,0
Dshell,C:\Users\Zhifei Chen\Desktop\pysmell\subjects_for_metrics\Dshell\decoders\filter\asn-filter.py,58,2,0,0,0
Dshell,C:\Users\Zhifei Chen\Desktop\pysmell\subjects_for_metrics\Dshell\decoders\filter\asn-filter.py,60,2,0,0,0
Dshell,C:\Users\Zhifei Chen\Desktop\pysmell\subjects_for_metrics\Dshell\decoders\filter\asn-filter.py,61,2,0,0,0
Dshell,C:\Users\Zhifei Chen\Desktop\pysmell\subjects_for_metrics\Dshell\decoders\filter\asn-filter.py,68,2,0,0,0
Dshell,C:\Users\Zhifei Chen\Desktop\pysmell\subjects_for_metrics\Dshell\decoders\filter\asn-filter.py,83,2,0,0,0
Dshell,C:\Users\Zhifei Chen\Desktop\pysmell\subjects_for_metrics\Dshell\decoders\filter\asn-filter.py,83,2,0,0,0
Dshell,C:\Users\Zhifei Chen\Desktop\pysmell\subjects_for_metrics\Dshell\decoders\filter\asn-filter.py,85,2,0,0,0
Dshell,C:\Users\Zhifei Chen\Desktop\pysmell\subjects_for_metrics\Dshell\decoders\filter\asn-filter.py,85,2,0,0,0
Dshell,C:\Users\Zhifei Chen\Desktop\pysmell\subjects_for_metrics\Dshell\decoders\filter\country.py,21,2,0,0,0
Dshell,C:\Users\Zhifei Chen\Desktop\pysmell\subjects_for_metrics\Dshell\decoders\filter\country.py,78,2,0,0,0
Dshell,C:\Users\Zhifei Chen\Desktop\pysmell\subjects_for_metrics\Dshell\decoders\filter\country.py,80,2,0,0,0
Dshell,C:\Users\Zhifei Chen\Desktop\pysmell\subjects_for_metrics\Dshell\decoders\filter\country.py,81,2,0,0,0
Dshell,C:\Users\Zhifei Chen\Desktop\pysmell\subjects_for_metrics\Dshell\decoders\filter\country.py,88,2,0,0,0
Dshell,C:\Users\Zhifei Chen\Desktop\pysmell\subjects_for_metrics\Dshell\decoders\filter\snort.py,7,2,0,0,0
Dshell,C:\Users\Zhifei Chen\Desktop\pysmell\subjects_for_metrics\Dshell\decoders\filter\snort.py,71,2,0,0,0
Dshell,C:\Users\Zhifei Chen\Desktop\pysmell\subjects_for_metrics\Dshell\decoders\filter\snort.py,72,2,0,0,0
Dshell,C:\Users\Zhifei Chen\Desktop\pysmell\subjects_for_metrics\Dshell\decoders\filter\snort.py,77,2,0,0,0
Dshell,C:\Users\Zhifei Chen\Desktop\pysmell\subjects_for_metrics\Dshell\decoders\filter\snort.py,106,2,0,0,0
Dshell,C:\Users\Zhifei Chen\Desktop\pysmell\subjects_for_metrics\Dshell\decoders\filter\track.py,22,2,0,0,0
Dshell,C:\Users\Zhifei Chen\Desktop\pysmell\subjects_for_metrics\Dshell\decoders\filter\track.py,57,2,0,0,0
Dshell,C:\Users\Zhifei Chen\Desktop\pysmell\subjects_for_metrics\Dshell\decoders\filter\track.py,62,2,0,0,0
Dshell,C:\Users\Zhifei Chen\Desktop\pysmell\subjects_for_metrics\Dshell\decoders\filter\track.py,63,2,0,0,0
Dshell,C:\Users\Zhifei Chen\Desktop\pysmell\subjects_for_metrics\Dshell\decoders\filter\track.py,72,2,0,0,0
Dshell,C:\Users\Zhifei Chen\Desktop\pysmell\subjects_for_metrics\Dshell\decoders\filter\track.py,75,2,0,0,0
Dshell,C:\Users\Zhifei Chen\Desktop\pysmell\subjects_for_metrics\Dshell\decoders\filter\track.py,76,2,0,0,0
Dshell,C:\Users\Zhifei Chen\Desktop\pysmell\subjects_for_metrics\Dshell\decoders\filter\track.py,93,2,0,0,0
Dshell,C:\Users\Zhifei Chen\Desktop\pysmell\subjects_for_metrics\Dshell\decoders\filter\track.py,107,2,0,0,0
Dshell,C:\Users\Zhifei Chen\Desktop\pysmell\subjects_for_metrics\Dshell\decoders\flows\large-flows.py,8,2,0,0,0
Dshell,C:\Users\Zhifei Chen\Desktop\pysmell\subjects_for_metrics\Dshell\decoders\flows\long-flows.py,9,2,0,0,0
Dshell,C:\Users\Zhifei Chen\Desktop\pysmell\subjects_for_metrics\Dshell\decoders\flows\netflow.py,8,2,0,0,0
Dshell,C:\Users\Zhifei Chen\Desktop\pysmell\subjects_for_metrics\Dshell\decoders\flows\netflow.py,22,2,0,0,0
Dshell,C:\Users\Zhifei Chen\Desktop\pysmell\subjects_for_metrics\Dshell\decoders\flows\netflow.py,22,2,0,0,0
Dshell,C:\Users\Zhifei Chen\Desktop\pysmell\subjects_for_metrics\Dshell\decoders\flows\netflow.py,23,2,0,0,0
Dshell,C:\Users\Zhifei Chen\Desktop\pysmell\subjects_for_metrics\Dshell\decoders\flows\netflow.py,29,2,0,0,0
Dshell,C:\Users\Zhifei Chen\Desktop\pysmell\subjects_for_metrics\Dshell\decoders\flows\netflow.py,30,2,0,0,0
Dshell,C:\Users\Zhifei Chen\Desktop\pysmell\subjects_for_metrics\Dshell\decoders\flows\reverse-flow.py,8,2,0,0,0
Dshell,C:\Users\Zhifei Chen\Desktop\pysmell\subjects_for_metrics\Dshell\decoders\ftp\ftp.py,24,2,0,0,0
Dshell,C:\Users\Zhifei Chen\Desktop\pysmell\subjects_for_metrics\Dshell\decoders\ftp\ftp.py,45,2,0,0,0
Dshell,C:\Users\Zhifei Chen\Desktop\pysmell\subjects_for_metrics\Dshell\decoders\ftp\ftp.py,46,2,0,0,0
Dshell,C:\Users\Zhifei Chen\Desktop\pysmell\subjects_for_metrics\Dshell\decoders\ftp\ftp.py,53,2,0,0,0
Dshell,C:\Users\Zhifei Chen\Desktop\pysmell\subjects_for_metrics\Dshell\decoders\ftp\ftp.py,57,2,0,0,0
Dshell,C:\Users\Zhifei Chen\Desktop\pysmell\subjects_for_metrics\Dshell\decoders\ftp\ftp.py,116,2,0,0,0
Dshell,C:\Users\Zhifei Chen\Desktop\pysmell\subjects_for_metrics\Dshell\decoders\ftp\ftp.py,125,2,0,0,0
Dshell,C:\Users\Zhifei Chen\Desktop\pysmell\subjects_for_metrics\Dshell\decoders\ftp\ftp.py,125,2,0,0,0
Dshell,C:\Users\Zhifei Chen\Desktop\pysmell\subjects_for_metrics\Dshell\decoders\ftp\ftp.py,177,2,0,0,0
Dshell,C:\Users\Zhifei Chen\Desktop\pysmell\subjects_for_metrics\Dshell\decoders\ftp\ftp.py,177,2,0,0,0
Dshell,C:\Users\Zhifei Chen\Desktop\pysmell\subjects_for_metrics\Dshell\decoders\ftp\ftp.py,179,2,0,0,0
Dshell,C:\Users\Zhifei Chen\Desktop\pysmell\subjects_for_metrics\Dshell\decoders\ftp\ftp.py,179,2,0,0,0
Dshell,C:\Users\Zhifei Chen\Desktop\pysmell\subjects_for_metrics\Dshell\decoders\ftp\ftp.py,179,2,0,0,0
Dshell,C:\Users\Zhifei Chen\Desktop\pysmell\subjects_for_metrics\Dshell\decoders\ftp\ftp.py,181,2,0,0,0
Dshell,C:\Users\Zhifei Chen\Desktop\pysmell\subjects_for_metrics\Dshell\decoders\ftp\ftp.py,181,2,0,0,0
Dshell,C:\Users\Zhifei Chen\Desktop\pysmell\subjects_for_metrics\Dshell\decoders\ftp\ftp.py,183,2,0,0,0
Dshell,C:\Users\Zhifei Chen\Desktop\pysmell\subjects_for_metrics\Dshell\decoders\ftp\ftp.py,183,2,0,0,0
Dshell,C:\Users\Zhifei Chen\Desktop\pysmell\subjects_for_metrics\Dshell\decoders\ftp\ftp.py,196,2,0,0,0
Dshell,C:\Users\Zhifei Chen\Desktop\pysmell\subjects_for_metrics\Dshell\decoders\ftp\ftp.py,205,2,0,0,0
Dshell,C:\Users\Zhifei Chen\Desktop\pysmell\subjects_for_metrics\Dshell\decoders\ftp\ftp.py,205,2,0,0,0
Dshell,C:\Users\Zhifei Chen\Desktop\pysmell\subjects_for_metrics\Dshell\decoders\ftp\ftp.py,208,2,0,0,0
Dshell,C:\Users\Zhifei Chen\Desktop\pysmell\subjects_for_metrics\Dshell\decoders\ftp\ftp.py,249,2,0,0,0
Dshell,C:\Users\Zhifei Chen\Desktop\pysmell\subjects_for_metrics\Dshell\decoders\ftp\ftp.py,250,2,0,0,0
Dshell,C:\Users\Zhifei Chen\Desktop\pysmell\subjects_for_metrics\Dshell\decoders\ftp\ftp.py,258,2,0,0,0
Dshell,C:\Users\Zhifei Chen\Desktop\pysmell\subjects_for_metrics\Dshell\decoders\ftp\ftp.py,258,2,0,0,0
Dshell,C:\Users\Zhifei Chen\Desktop\pysmell\subjects_for_metrics\Dshell\decoders\ftp\ftp.py,258,2,0,0,0
Dshell,C:\Users\Zhifei Chen\Desktop\pysmell\subjects_for_metrics\Dshell\decoders\ftp\ftp.py,259,2,0,0,0
Dshell,C:\Users\Zhifei Chen\Desktop\pysmell\subjects_for_metrics\Dshell\decoders\ftp\ftp.py,282,2,0,0,0
Dshell,C:\Users\Zhifei Chen\Desktop\pysmell\subjects_for_metrics\Dshell\decoders\http\flash-detect.py,117,2,0,0,0
Dshell,C:\Users\Zhifei Chen\Desktop\pysmell\subjects_for_metrics\Dshell\decoders\http\flash-detect.py,150,2,0,0,0
Dshell,C:\Users\Zhifei Chen\Desktop\pysmell\subjects_for_metrics\Dshell\decoders\http\flash-detect.py,152,2,0,0,0
Dshell,C:\Users\Zhifei Chen\Desktop\pysmell\subjects_for_metrics\Dshell\decoders\http\flash-detect.py,180,2,0,0,0
Dshell,C:\Users\Zhifei Chen\Desktop\pysmell\subjects_for_metrics\Dshell\decoders\http\flash-detect.py,187,2,0,0,0
Dshell,C:\Users\Zhifei Chen\Desktop\pysmell\subjects_for_metrics\Dshell\decoders\http\flash-detect.py,188,2,0,0,0
Dshell,C:\Users\Zhifei Chen\Desktop\pysmell\subjects_for_metrics\Dshell\decoders\http\flash-detect.py,202,2,0,0,0
Dshell,C:\Users\Zhifei Chen\Desktop\pysmell\subjects_for_metrics\Dshell\decoders\http\flash-detect.py,203,2,0,0,0
Dshell,C:\Users\Zhifei Chen\Desktop\pysmell\subjects_for_metrics\Dshell\decoders\http\flash-detect.py,203,2,0,0,0
Dshell,C:\Users\Zhifei Chen\Desktop\pysmell\subjects_for_metrics\Dshell\decoders\http\flash-detect.py,204,2,0,0,0
Dshell,C:\Users\Zhifei Chen\Desktop\pysmell\subjects_for_metrics\Dshell\decoders\http\flash-detect.py,227,2,0,0,0
Dshell,C:\Users\Zhifei Chen\Desktop\pysmell\subjects_for_metrics\Dshell\decoders\http\httpdump.py,60,2,0,0,0
Dshell,C:\Users\Zhifei Chen\Desktop\pysmell\subjects_for_metrics\Dshell\decoders\http\httpdump.py,90,2,0,0,0
Dshell,C:\Users\Zhifei Chen\Desktop\pysmell\subjects_for_metrics\Dshell\decoders\http\httpdump.py,93,2,0,0,0
Dshell,C:\Users\Zhifei Chen\Desktop\pysmell\subjects_for_metrics\Dshell\decoders\http\httpdump.py,95,2,0,0,0
Dshell,C:\Users\Zhifei Chen\Desktop\pysmell\subjects_for_metrics\Dshell\decoders\http\httpdump.py,98,2,0,0,0
Dshell,C:\Users\Zhifei Chen\Desktop\pysmell\subjects_for_metrics\Dshell\decoders\http\httpdump.py,100,2,0,0,0
Dshell,C:\Users\Zhifei Chen\Desktop\pysmell\subjects_for_metrics\Dshell\decoders\http\httpdump.py,104,2,0,0,0
Dshell,C:\Users\Zhifei Chen\Desktop\pysmell\subjects_for_metrics\Dshell\decoders\http\httpdump.py,106,2,0,0,0
Dshell,C:\Users\Zhifei Chen\Desktop\pysmell\subjects_for_metrics\Dshell\decoders\http\httpdump.py,109,2,0,0,0
Dshell,C:\Users\Zhifei Chen\Desktop\pysmell\subjects_for_metrics\Dshell\decoders\http\httpdump.py,111,2,0,0,0
Dshell,C:\Users\Zhifei Chen\Desktop\pysmell\subjects_for_metrics\Dshell\decoders\http\httpdump.py,114,2,0,0,0
Dshell,C:\Users\Zhifei Chen\Desktop\pysmell\subjects_for_metrics\Dshell\decoders\http\httpdump.py,116,2,0,0,0
Dshell,C:\Users\Zhifei Chen\Desktop\pysmell\subjects_for_metrics\Dshell\decoders\http\httpdump.py,119,2,0,0,0
Dshell,C:\Users\Zhifei Chen\Desktop\pysmell\subjects_for_metrics\Dshell\decoders\http\httpdump.py,136,2,0,0,0
Dshell,C:\Users\Zhifei Chen\Desktop\pysmell\subjects_for_metrics\Dshell\decoders\http\httpdump.py,137,2,0,0,0
Dshell,C:\Users\Zhifei Chen\Desktop\pysmell\subjects_for_metrics\Dshell\decoders\http\rip-http.py,43,2,0,0,0
Dshell,C:\Users\Zhifei Chen\Desktop\pysmell\subjects_for_metrics\Dshell\decoders\http\rip-http.py,62,2,0,0,0
Dshell,C:\Users\Zhifei Chen\Desktop\pysmell\subjects_for_metrics\Dshell\decoders\http\rip-http.py,77,2,0,0,0
Dshell,C:\Users\Zhifei Chen\Desktop\pysmell\subjects_for_metrics\Dshell\decoders\http\rip-http.py,88,2,0,0,0
Dshell,C:\Users\Zhifei Chen\Desktop\pysmell\subjects_for_metrics\Dshell\decoders\http\rip-http.py,97,2,0,0,0
Dshell,C:\Users\Zhifei Chen\Desktop\pysmell\subjects_for_metrics\Dshell\decoders\http\rip-http.py,97,2,0,0,0
Dshell,C:\Users\Zhifei Chen\Desktop\pysmell\subjects_for_metrics\Dshell\decoders\http\rip-http.py,102,2,0,0,0
Dshell,C:\Users\Zhifei Chen\Desktop\pysmell\subjects_for_metrics\Dshell\decoders\http\rip-http.py,132,2,0,0,0
Dshell,C:\Users\Zhifei Chen\Desktop\pysmell\subjects_for_metrics\Dshell\decoders\http\rip-http.py,170,2,0,0,0
Dshell,C:\Users\Zhifei Chen\Desktop\pysmell\subjects_for_metrics\Dshell\decoders\http\rip-http.py,173,2,0,0,0
Dshell,C:\Users\Zhifei Chen\Desktop\pysmell\subjects_for_metrics\Dshell\decoders\http\rip-http.py,174,2,0,0,0
Dshell,C:\Users\Zhifei Chen\Desktop\pysmell\subjects_for_metrics\Dshell\decoders\http\rip-http.py,182,2,0,0,0
Dshell,C:\Users\Zhifei Chen\Desktop\pysmell\subjects_for_metrics\Dshell\decoders\http\web.py,95,2,0,0,0
Dshell,C:\Users\Zhifei Chen\Desktop\pysmell\subjects_for_metrics\Dshell\decoders\misc\followstream.py,17,2,0,0,0
Dshell,C:\Users\Zhifei Chen\Desktop\pysmell\subjects_for_metrics\Dshell\decoders\misc\followstream.py,66,2,0,0,0
Dshell,C:\Users\Zhifei Chen\Desktop\pysmell\subjects_for_metrics\Dshell\decoders\misc\followstream.py,70,2,0,0,0
Dshell,C:\Users\Zhifei Chen\Desktop\pysmell\subjects_for_metrics\Dshell\decoders\misc\grep.py,12,2,0,0,0
Dshell,C:\Users\Zhifei Chen\Desktop\pysmell\subjects_for_metrics\Dshell\decoders\misc\grep.py,122,2,0,0,0
Dshell,C:\Users\Zhifei Chen\Desktop\pysmell\subjects_for_metrics\Dshell\decoders\misc\grep.py,125,2,0,0,0
Dshell,C:\Users\Zhifei Chen\Desktop\pysmell\subjects_for_metrics\Dshell\decoders\misc\grep.py,152,2,0,0,0
Dshell,C:\Users\Zhifei Chen\Desktop\pysmell\subjects_for_metrics\Dshell\decoders\misc\grep.py,157,2,0,0,0
Dshell,C:\Users\Zhifei Chen\Desktop\pysmell\subjects_for_metrics\Dshell\decoders\misc\grep.py,169,2,0,0,0
Dshell,C:\Users\Zhifei Chen\Desktop\pysmell\subjects_for_metrics\Dshell\decoders\misc\grep.py,192,2,0,0,0
Dshell,C:\Users\Zhifei Chen\Desktop\pysmell\subjects_for_metrics\Dshell\decoders\misc\grep.py,195,2,0,0,0
Dshell,C:\Users\Zhifei Chen\Desktop\pysmell\subjects_for_metrics\Dshell\decoders\misc\merge.py,14,2,0,0,0
Dshell,C:\Users\Zhifei Chen\Desktop\pysmell\subjects_for_metrics\Dshell\decoders\misc\merge.py,24,2,0,0,0
Dshell,C:\Users\Zhifei Chen\Desktop\pysmell\subjects_for_metrics\Dshell\decoders\misc\synrst.py,12,2,0,0,0
Dshell,C:\Users\Zhifei Chen\Desktop\pysmell\subjects_for_metrics\Dshell\decoders\misc\synrst.py,21,2,0,0,0
Dshell,C:\Users\Zhifei Chen\Desktop\pysmell\subjects_for_metrics\Dshell\decoders\misc\synrst.py,32,2,0,0,0
Dshell,C:\Users\Zhifei Chen\Desktop\pysmell\subjects_for_metrics\Dshell\decoders\misc\writer.py,25,2,0,0,0
Dshell,C:\Users\Zhifei Chen\Desktop\pysmell\subjects_for_metrics\Dshell\decoders\misc\writer.py,44,2,0,0,0
Dshell,C:\Users\Zhifei Chen\Desktop\pysmell\subjects_for_metrics\Dshell\decoders\misc\xor.py,10,2,0,0,0
Dshell,C:\Users\Zhifei Chen\Desktop\pysmell\subjects_for_metrics\Dshell\decoders\misc\xor.py,27,2,0,0,0
Dshell,C:\Users\Zhifei Chen\Desktop\pysmell\subjects_for_metrics\Dshell\decoders\misc\xor.py,84,2,0,0,0
Dshell,C:\Users\Zhifei Chen\Desktop\pysmell\subjects_for_metrics\Dshell\decoders\misc\xor.py,94,2,0,0,0
Dshell,C:\Users\Zhifei Chen\Desktop\pysmell\subjects_for_metrics\Dshell\decoders\misc\xor.py,110,2,0,0,0
Dshell,C:\Users\Zhifei Chen\Desktop\pysmell\subjects_for_metrics\Dshell\decoders\protocol\ether.py,11,2,0,0,0
Dshell,C:\Users\Zhifei Chen\Desktop\pysmell\subjects_for_metrics\Dshell\decoders\protocol\ether.py,21,2,0,0,0
Dshell,C:\Users\Zhifei Chen\Desktop\pysmell\subjects_for_metrics\Dshell\decoders\protocol\ip.py,9,2,0,0,0
Dshell,C:\Users\Zhifei Chen\Desktop\pysmell\subjects_for_metrics\Dshell\decoders\protocol\ip.py,12,2,0,0,0
Dshell,C:\Users\Zhifei Chen\Desktop\pysmell\subjects_for_metrics\Dshell\decoders\protocol\ip.py,21,2,0,0,0
Dshell,C:\Users\Zhifei Chen\Desktop\pysmell\subjects_for_metrics\Dshell\decoders\protocol\ip.py,23,2,0,0,0
Dshell,C:\Users\Zhifei Chen\Desktop\pysmell\subjects_for_metrics\Dshell\decoders\protocol\protocol.py,24,2,0,0,0
Dshell,C:\Users\Zhifei Chen\Desktop\pysmell\subjects_for_metrics\Dshell\decoders\smb\psexec.py,62,2,0,0,0
Dshell,C:\Users\Zhifei Chen\Desktop\pysmell\subjects_for_metrics\Dshell\decoders\smb\psexec.py,90,2,0,0,0
Dshell,C:\Users\Zhifei Chen\Desktop\pysmell\subjects_for_metrics\Dshell\decoders\smb\psexec.py,92,2,0,0,0
Dshell,C:\Users\Zhifei Chen\Desktop\pysmell\subjects_for_metrics\Dshell\decoders\smb\psexec.py,103,2,0,0,0
Dshell,C:\Users\Zhifei Chen\Desktop\pysmell\subjects_for_metrics\Dshell\decoders\smb\psexec.py,120,2,0,0,0
Dshell,C:\Users\Zhifei Chen\Desktop\pysmell\subjects_for_metrics\Dshell\decoders\smb\psexec.py,125,2,0,0,0
Dshell,C:\Users\Zhifei Chen\Desktop\pysmell\subjects_for_metrics\Dshell\decoders\smb\psexec.py,126,2,0,0,0
Dshell,C:\Users\Zhifei Chen\Desktop\pysmell\subjects_for_metrics\Dshell\decoders\smb\psexec.py,126,2,0,0,0
Dshell,C:\Users\Zhifei Chen\Desktop\pysmell\subjects_for_metrics\Dshell\decoders\smb\psexec.py,126,2,0,0,0
Dshell,C:\Users\Zhifei Chen\Desktop\pysmell\subjects_for_metrics\Dshell\decoders\smb\psexec.py,127,2,0,0,0
Dshell,C:\Users\Zhifei Chen\Desktop\pysmell\subjects_for_metrics\Dshell\decoders\smb\psexec.py,127,2,0,0,0
Dshell,C:\Users\Zhifei Chen\Desktop\pysmell\subjects_for_metrics\Dshell\decoders\smb\psexec.py,128,2,0,0,0
Dshell,C:\Users\Zhifei Chen\Desktop\pysmell\subjects_for_metrics\Dshell\decoders\smb\psexec.py,128,2,0,0,0
Dshell,C:\Users\Zhifei Chen\Desktop\pysmell\subjects_for_metrics\Dshell\decoders\smb\psexec.py,129,2,0,0,0
Dshell,C:\Users\Zhifei Chen\Desktop\pysmell\subjects_for_metrics\Dshell\decoders\smb\psexec.py,129,2,0,0,0
Dshell,C:\Users\Zhifei Chen\Desktop\pysmell\subjects_for_metrics\Dshell\decoders\smb\psexec.py,130,2,0,0,0
Dshell,C:\Users\Zhifei Chen\Desktop\pysmell\subjects_for_metrics\Dshell\decoders\smb\psexec.py,130,2,0,0,0
Dshell,C:\Users\Zhifei Chen\Desktop\pysmell\subjects_for_metrics\Dshell\decoders\smb\psexec.py,133,2,0,0,0
Dshell,C:\Users\Zhifei Chen\Desktop\pysmell\subjects_for_metrics\Dshell\decoders\smb\psexec.py,143,2,0,0,0
Dshell,C:\Users\Zhifei Chen\Desktop\pysmell\subjects_for_metrics\Dshell\decoders\smb\psexec.py,149,2,0,0,0
Dshell,C:\Users\Zhifei Chen\Desktop\pysmell\subjects_for_metrics\Dshell\decoders\smb\psexec.py,151,2,0,0,0
Dshell,C:\Users\Zhifei Chen\Desktop\pysmell\subjects_for_metrics\Dshell\decoders\smb\psexec.py,158,2,0,0,0
Dshell,C:\Users\Zhifei Chen\Desktop\pysmell\subjects_for_metrics\Dshell\decoders\smb\psexec.py,231,2,0,0,0
Dshell,C:\Users\Zhifei Chen\Desktop\pysmell\subjects_for_metrics\Dshell\decoders\smb\rip-smb-uploads.py,45,2,0,0,0
Dshell,C:\Users\Zhifei Chen\Desktop\pysmell\subjects_for_metrics\Dshell\decoders\smb\rip-smb-uploads.py,73,2,0,0,0
Dshell,C:\Users\Zhifei Chen\Desktop\pysmell\subjects_for_metrics\Dshell\decoders\smb\rip-smb-uploads.py,79,2,0,0,0
Dshell,C:\Users\Zhifei Chen\Desktop\pysmell\subjects_for_metrics\Dshell\decoders\smb\rip-smb-uploads.py,92,2,0,0,0
Dshell,C:\Users\Zhifei Chen\Desktop\pysmell\subjects_for_metrics\Dshell\decoders\smb\rip-smb-uploads.py,96,2,0,0,0
Dshell,C:\Users\Zhifei Chen\Desktop\pysmell\subjects_for_metrics\Dshell\decoders\smb\rip-smb-uploads.py,113,2,0,0,0
Dshell,C:\Users\Zhifei Chen\Desktop\pysmell\subjects_for_metrics\Dshell\decoders\smb\rip-smb-uploads.py,116,2,0,0,0
Dshell,C:\Users\Zhifei Chen\Desktop\pysmell\subjects_for_metrics\Dshell\decoders\smb\smbfiles.py,55,2,0,0,0
Dshell,C:\Users\Zhifei Chen\Desktop\pysmell\subjects_for_metrics\Dshell\decoders\smb\smbfiles.py,86,2,0,0,0
Dshell,C:\Users\Zhifei Chen\Desktop\pysmell\subjects_for_metrics\Dshell\decoders\smb\smbfiles.py,86,2,0,0,0
Dshell,C:\Users\Zhifei Chen\Desktop\pysmell\subjects_for_metrics\Dshell\decoders\smb\smbfiles.py,96,2,0,0,0
Dshell,C:\Users\Zhifei Chen\Desktop\pysmell\subjects_for_metrics\Dshell\decoders\smb\smbfiles.py,103,2,0,0,0
Dshell,C:\Users\Zhifei Chen\Desktop\pysmell\subjects_for_metrics\Dshell\decoders\smb\smbfiles.py,105,2,0,0,0
Dshell,C:\Users\Zhifei Chen\Desktop\pysmell\subjects_for_metrics\Dshell\decoders\tftp\tftp.py,59,2,0,0,0
Dshell,C:\Users\Zhifei Chen\Desktop\pysmell\subjects_for_metrics\Dshell\decoders\tftp\tftp.py,90,2,0,0,0
Dshell,C:\Users\Zhifei Chen\Desktop\pysmell\subjects_for_metrics\Dshell\decoders\tftp\tftp.py,103,2,0,0,0
Dshell,C:\Users\Zhifei Chen\Desktop\pysmell\subjects_for_metrics\Dshell\decoders\tftp\tftp.py,257,2,0,0,0
Dshell,C:\Users\Zhifei Chen\Desktop\pysmell\subjects_for_metrics\Dshell\decoders\tftp\tftp.py,280,2,0,0,0
Dshell,C:\Users\Zhifei Chen\Desktop\pysmell\subjects_for_metrics\Dshell\lib\dfile.py,169,2,0,0,0
Dshell,C:\Users\Zhifei Chen\Desktop\pysmell\subjects_for_metrics\Dshell\lib\dfile.py,169,2,0,0,0
Dshell,C:\Users\Zhifei Chen\Desktop\pysmell\subjects_for_metrics\Dshell\lib\dfile.py,175,2,0,0,0
Dshell,C:\Users\Zhifei Chen\Desktop\pysmell\subjects_for_metrics\Dshell\lib\dnsdecoder.py,28,2,0,0,0
Dshell,C:\Users\Zhifei Chen\Desktop\pysmell\subjects_for_metrics\Dshell\lib\dnsdecoder.py,37,2,0,0,0
Dshell,C:\Users\Zhifei Chen\Desktop\pysmell\subjects_for_metrics\Dshell\lib\dnsdecoder.py,42,2,0,0,0
Dshell,C:\Users\Zhifei Chen\Desktop\pysmell\subjects_for_metrics\Dshell\lib\dnsdecoder.py,44,2,0,0,0
Dshell,C:\Users\Zhifei Chen\Desktop\pysmell\subjects_for_metrics\Dshell\lib\dnsdecoder.py,54,2,0,0,0
Dshell,C:\Users\Zhifei Chen\Desktop\pysmell\subjects_for_metrics\Dshell\lib\dnsdecoder.py,62,2,0,0,0
Dshell,C:\Users\Zhifei Chen\Desktop\pysmell\subjects_for_metrics\Dshell\lib\dnsdecoder.py,64,2,0,0,0
Dshell,C:\Users\Zhifei Chen\Desktop\pysmell\subjects_for_metrics\Dshell\lib\dnsdecoder.py,73,2,0,0,0
Dshell,C:\Users\Zhifei Chen\Desktop\pysmell\subjects_for_metrics\Dshell\lib\dnsdecoder.py,84,2,0,0,0
Dshell,C:\Users\Zhifei Chen\Desktop\pysmell\subjects_for_metrics\Dshell\lib\dnsdecoder.py,91,2,0,0,0
Dshell,C:\Users\Zhifei Chen\Desktop\pysmell\subjects_for_metrics\Dshell\lib\dshell.py,80,2,0,0,0
Dshell,C:\Users\Zhifei Chen\Desktop\pysmell\subjects_for_metrics\Dshell\lib\dshell.py,133,2,0,0,0
Dshell,C:\Users\Zhifei Chen\Desktop\pysmell\subjects_for_metrics\Dshell\lib\dshell.py,171,2,0,0,0
Dshell,C:\Users\Zhifei Chen\Desktop\pysmell\subjects_for_metrics\Dshell\lib\dshell.py,175,2,0,0,0
Dshell,C:\Users\Zhifei Chen\Desktop\pysmell\subjects_for_metrics\Dshell\lib\dshell.py,185,2,0,0,0
Dshell,C:\Users\Zhifei Chen\Desktop\pysmell\subjects_for_metrics\Dshell\lib\dshell.py,189,2,0,0,0
Dshell,C:\Users\Zhifei Chen\Desktop\pysmell\subjects_for_metrics\Dshell\lib\dshell.py,207,2,0,0,0
Dshell,C:\Users\Zhifei Chen\Desktop\pysmell\subjects_for_metrics\Dshell\lib\dshell.py,207,2,0,0,0
Dshell,C:\Users\Zhifei Chen\Desktop\pysmell\subjects_for_metrics\Dshell\lib\dshell.py,213,2,0,0,0
Dshell,C:\Users\Zhifei Chen\Desktop\pysmell\subjects_for_metrics\Dshell\lib\dshell.py,223,2,0,0,0
Dshell,C:\Users\Zhifei Chen\Desktop\pysmell\subjects_for_metrics\Dshell\lib\dshell.py,227,2,0,0,0
Dshell,C:\Users\Zhifei Chen\Desktop\pysmell\subjects_for_metrics\Dshell\lib\dshell.py,231,2,0,0,0
Dshell,C:\Users\Zhifei Chen\Desktop\pysmell\subjects_for_metrics\Dshell\lib\dshell.py,236,2,0,0,0
Dshell,C:\Users\Zhifei Chen\Desktop\pysmell\subjects_for_metrics\Dshell\lib\dshell.py,329,2,0,0,0
Dshell,C:\Users\Zhifei Chen\Desktop\pysmell\subjects_for_metrics\Dshell\lib\dshell.py,336,2,0,0,0
Dshell,C:\Users\Zhifei Chen\Desktop\pysmell\subjects_for_metrics\Dshell\lib\dshell.py,407,2,0,0,0
Dshell,C:\Users\Zhifei Chen\Desktop\pysmell\subjects_for_metrics\Dshell\lib\dshell.py,460,2,0,0,0
Dshell,C:\Users\Zhifei Chen\Desktop\pysmell\subjects_for_metrics\Dshell\lib\dshell.py,461,2,0,0,0
Dshell,C:\Users\Zhifei Chen\Desktop\pysmell\subjects_for_metrics\Dshell\lib\dshell.py,462,2,0,0,0
Dshell,C:\Users\Zhifei Chen\Desktop\pysmell\subjects_for_metrics\Dshell\lib\dshell.py,463,2,0,0,0
Dshell,C:\Users\Zhifei Chen\Desktop\pysmell\subjects_for_metrics\Dshell\lib\dshell.py,464,2,0,0,0
Dshell,C:\Users\Zhifei Chen\Desktop\pysmell\subjects_for_metrics\Dshell\lib\dshell.py,465,2,0,0,0
Dshell,C:\Users\Zhifei Chen\Desktop\pysmell\subjects_for_metrics\Dshell\lib\dshell.py,472,2,0,0,0
Dshell,C:\Users\Zhifei Chen\Desktop\pysmell\subjects_for_metrics\Dshell\lib\dshell.py,482,2,0,0,0
Dshell,C:\Users\Zhifei Chen\Desktop\pysmell\subjects_for_metrics\Dshell\lib\dshell.py,483,2,0,0,0
Dshell,C:\Users\Zhifei Chen\Desktop\pysmell\subjects_for_metrics\Dshell\lib\dshell.py,490,2,0,0,0
Dshell,C:\Users\Zhifei Chen\Desktop\pysmell\subjects_for_metrics\Dshell\lib\dshell.py,499,2,0,0,0
Dshell,C:\Users\Zhifei Chen\Desktop\pysmell\subjects_for_metrics\Dshell\lib\dshell.py,640,2,0,0,0
Dshell,C:\Users\Zhifei Chen\Desktop\pysmell\subjects_for_metrics\Dshell\lib\dshell.py,641,2,0,0,0
Dshell,C:\Users\Zhifei Chen\Desktop\pysmell\subjects_for_metrics\Dshell\lib\dshell.py,689,2,0,0,0
Dshell,C:\Users\Zhifei Chen\Desktop\pysmell\subjects_for_metrics\Dshell\lib\dshell.py,690,2,0,0,0
Dshell,C:\Users\Zhifei Chen\Desktop\pysmell\subjects_for_metrics\Dshell\lib\dshell.py,691,2,0,0,0
Dshell,C:\Users\Zhifei Chen\Desktop\pysmell\subjects_for_metrics\Dshell\lib\dshell.py,755,2,0,0,0
Dshell,C:\Users\Zhifei Chen\Desktop\pysmell\subjects_for_metrics\Dshell\lib\dshell.py,769,2,0,0,0
Dshell,C:\Users\Zhifei Chen\Desktop\pysmell\subjects_for_metrics\Dshell\lib\dshell.py,869,2,0,0,0
Dshell,C:\Users\Zhifei Chen\Desktop\pysmell\subjects_for_metrics\Dshell\lib\dshell.py,873,2,0,0,0
Dshell,C:\Users\Zhifei Chen\Desktop\pysmell\subjects_for_metrics\Dshell\lib\dshell.py,883,2,0,0,0
Dshell,C:\Users\Zhifei Chen\Desktop\pysmell\subjects_for_metrics\Dshell\lib\dshell.py,919,2,0,0,0
Dshell,C:\Users\Zhifei Chen\Desktop\pysmell\subjects_for_metrics\Dshell\lib\dshell.py,981,2,0,0,0
Dshell,C:\Users\Zhifei Chen\Desktop\pysmell\subjects_for_metrics\Dshell\lib\dshell.py,1015,2,0,0,0
Dshell,C:\Users\Zhifei Chen\Desktop\pysmell\subjects_for_metrics\Dshell\lib\dshell.py,1047,2,0,0,0
Dshell,C:\Users\Zhifei Chen\Desktop\pysmell\subjects_for_metrics\Dshell\lib\httpdecoder.py,30,2,0,0,0
Dshell,C:\Users\Zhifei Chen\Desktop\pysmell\subjects_for_metrics\Dshell\lib\httpdecoder.py,91,2,0,0,0
Dshell,C:\Users\Zhifei Chen\Desktop\pysmell\subjects_for_metrics\Dshell\lib\smbdecoder.py,46,2,0,0,0
Dshell,C:\Users\Zhifei Chen\Desktop\pysmell\subjects_for_metrics\Dshell\lib\smbdecoder.py,107,2,0,0,0
Dshell,C:\Users\Zhifei Chen\Desktop\pysmell\subjects_for_metrics\Dshell\lib\smbdecoder.py,419,2,0,0,0
Dshell,C:\Users\Zhifei Chen\Desktop\pysmell\subjects_for_metrics\Dshell\lib\util.py,53,2,0,0,0
Dshell,C:\Users\Zhifei Chen\Desktop\pysmell\subjects_for_metrics\Dshell\lib\util.py,56,2,0,0,0
Dshell,C:\Users\Zhifei Chen\Desktop\pysmell\subjects_for_metrics\Dshell\lib\output\colorout.py,111,2,0,0,0
Dshell,C:\Users\Zhifei Chen\Desktop\pysmell\subjects_for_metrics\Dshell\lib\output\colorout.py,130,2,0,0,0
Dshell,C:\Users\Zhifei Chen\Desktop\pysmell\subjects_for_metrics\Dshell\lib\output\colorout.py,144,2,0,0,0
Dshell,C:\Users\Zhifei Chen\Desktop\pysmell\subjects_for_metrics\Dshell\lib\output\colorout.py,146,2,0,0,0
Dshell,C:\Users\Zhifei Chen\Desktop\pysmell\subjects_for_metrics\Dshell\lib\output\colorout.py,162,2,0,0,0
Dshell,C:\Users\Zhifei Chen\Desktop\pysmell\subjects_for_metrics\Dshell\lib\output\colorout.py,241,2,0,0,0
Dshell,C:\Users\Zhifei Chen\Desktop\pysmell\subjects_for_metrics\Dshell\lib\output\colorout.py,244,2,0,0,0
Dshell,C:\Users\Zhifei Chen\Desktop\pysmell\subjects_for_metrics\Dshell\lib\output\colorout.py,245,2,0,0,0
Dshell,C:\Users\Zhifei Chen\Desktop\pysmell\subjects_for_metrics\Dshell\lib\output\colorout.py,247,2,0,0,0
Dshell,C:\Users\Zhifei Chen\Desktop\pysmell\subjects_for_metrics\Dshell\lib\output\colorout.py,281,2,0,0,0
Dshell,C:\Users\Zhifei Chen\Desktop\pysmell\subjects_for_metrics\Dshell\lib\output\colorout.py,283,2,0,0,0
Dshell,C:\Users\Zhifei Chen\Desktop\pysmell\subjects_for_metrics\Dshell\lib\output\colorout.py,303,2,0,0,0
Dshell,C:\Users\Zhifei Chen\Desktop\pysmell\subjects_for_metrics\Dshell\lib\output\colorout.py,314,2,0,0,0
Dshell,C:\Users\Zhifei Chen\Desktop\pysmell\subjects_for_metrics\Dshell\lib\output\colorout.py,316,2,0,0,0
Dshell,C:\Users\Zhifei Chen\Desktop\pysmell\subjects_for_metrics\Dshell\lib\output\colorout.py,318,2,0,0,0
Dshell,C:\Users\Zhifei Chen\Desktop\pysmell\subjects_for_metrics\Dshell\lib\output\csvout.py,64,2,0,0,0
Dshell,C:\Users\Zhifei Chen\Desktop\pysmell\subjects_for_metrics\Dshell\lib\output\csvout.py,68,2,0,0,0
Dshell,C:\Users\Zhifei Chen\Desktop\pysmell\subjects_for_metrics\Dshell\lib\output\jsonout.py,45,2,0,0,0
Dshell,C:\Users\Zhifei Chen\Desktop\pysmell\subjects_for_metrics\Dshell\lib\output\jsonout.py,48,2,0,0,0
Dshell,C:\Users\Zhifei Chen\Desktop\pysmell\subjects_for_metrics\Dshell\lib\output\jsonout.py,80,2,0,0,0
Dshell,C:\Users\Zhifei Chen\Desktop\pysmell\subjects_for_metrics\Dshell\lib\output\jsonout.py,83,2,0,0,0
Dshell,C:\Users\Zhifei Chen\Desktop\pysmell\subjects_for_metrics\Dshell\lib\output\netflowout.py,25,2,0,0,0
Dshell,C:\Users\Zhifei Chen\Desktop\pysmell\subjects_for_metrics\Dshell\lib\output\netflowout.py,27,2,0,0,0
Dshell,C:\Users\Zhifei Chen\Desktop\pysmell\subjects_for_metrics\Dshell\lib\output\netflowout.py,45,2,0,0,0
Dshell,C:\Users\Zhifei Chen\Desktop\pysmell\subjects_for_metrics\Dshell\lib\output\netflowout.py,47,2,0,0,0
Dshell,C:\Users\Zhifei Chen\Desktop\pysmell\subjects_for_metrics\Dshell\lib\output\netflowout.py,50,2,0,0,0
Dshell,C:\Users\Zhifei Chen\Desktop\pysmell\subjects_for_metrics\Dshell\lib\output\netflowout.py,52,2,0,0,0
Dshell,C:\Users\Zhifei Chen\Desktop\pysmell\subjects_for_metrics\Dshell\lib\output\netflowout.py,53,2,0,0,0
Dshell,C:\Users\Zhifei Chen\Desktop\pysmell\subjects_for_metrics\Dshell\lib\output\netflowout.py,56,2,0,0,0
Dshell,C:\Users\Zhifei Chen\Desktop\pysmell\subjects_for_metrics\Dshell\lib\output\netflowout.py,56,2,0,0,0
Dshell,C:\Users\Zhifei Chen\Desktop\pysmell\subjects_for_metrics\Dshell\lib\output\netflowout.py,84,2,0,0,0
Dshell,C:\Users\Zhifei Chen\Desktop\pysmell\subjects_for_metrics\Dshell\lib\output\output.py,69,2,0,0,0
Dshell,C:\Users\Zhifei Chen\Desktop\pysmell\subjects_for_metrics\Dshell\lib\output\output.py,95,2,0,0,0
Dshell,C:\Users\Zhifei Chen\Desktop\pysmell\subjects_for_metrics\Dshell\lib\output\output.py,98,2,0,0,0
Dshell,C:\Users\Zhifei Chen\Desktop\pysmell\subjects_for_metrics\Dshell\lib\output\output.py,114,2,0,0,0
Dshell,C:\Users\Zhifei Chen\Desktop\pysmell\subjects_for_metrics\Dshell\lib\output\output.py,130,2,0,0,0
Dshell,C:\Users\Zhifei Chen\Desktop\pysmell\subjects_for_metrics\Dshell\lib\output\output.py,131,2,0,0,0
Dshell,C:\Users\Zhifei Chen\Desktop\pysmell\subjects_for_metrics\Dshell\lib\output\output.py,147,2,0,0,0
Dshell,C:\Users\Zhifei Chen\Desktop\pysmell\subjects_for_metrics\Dshell\lib\output\output.py,167,2,0,0,0
Dshell,C:\Users\Zhifei Chen\Desktop\pysmell\subjects_for_metrics\Dshell\lib\output\output.py,173,2,0,0,0
Dshell,C:\Users\Zhifei Chen\Desktop\pysmell\subjects_for_metrics\Dshell\lib\output\output.py,182,2,0,0,0
Dshell,C:\Users\Zhifei Chen\Desktop\pysmell\subjects_for_metrics\Dshell\lib\output\output.py,189,2,0,0,0
Dshell,C:\Users\Zhifei Chen\Desktop\pysmell\subjects_for_metrics\Dshell\lib\output\output.py,244,2,0,0,0
Dshell,C:\Users\Zhifei Chen\Desktop\pysmell\subjects_for_metrics\Dshell\lib\output\output.py,246,2,0,0,0
Dshell,C:\Users\Zhifei Chen\Desktop\pysmell\subjects_for_metrics\Dshell\lib\output\output.py,248,2,0,0,0
Dshell,C:\Users\Zhifei Chen\Desktop\pysmell\subjects_for_metrics\Dshell\lib\output\output.py,253,2,0,0,0
Dshell,C:\Users\Zhifei Chen\Desktop\pysmell\subjects_for_metrics\Dshell\lib\output\output.py,276,2,0,0,0
Dshell,C:\Users\Zhifei Chen\Desktop\pysmell\subjects_for_metrics\Dshell\lib\output\output.py,278,2,0,0,0
Dshell,C:\Users\Zhifei Chen\Desktop\pysmell\subjects_for_metrics\Dshell\lib\output\output.py,363,2,0,0,0
Dshell,C:\Users\Zhifei Chen\Desktop\pysmell\subjects_for_metrics\Dshell\lib\output\output.py,397,2,0,0,0
Dshell,C:\Users\Zhifei Chen\Desktop\pysmell\subjects_for_metrics\Dshell\lib\output\output.py,411,2,0,0,0
Dshell,C:\Users\Zhifei Chen\Desktop\pysmell\subjects_for_metrics\Dshell\lib\output\output.py,412,2,0,0,0
Dshell,C:\Users\Zhifei Chen\Desktop\pysmell\subjects_for_metrics\Dshell\lib\output\output.py,416,2,0,0,0
Dshell,C:\Users\Zhifei Chen\Desktop\pysmell\subjects_for_metrics\Dshell\lib\output\output.py,478,2,0,0,0
Dshell,C:\Users\Zhifei Chen\Desktop\pysmell\subjects_for_metrics\Dshell\lib\output\output.py,485,2,0,0,0
Dshell,C:\Users\Zhifei Chen\Desktop\pysmell\subjects_for_metrics\Dshell\lib\output\output.py,488,2,0,0,0
Dshell,C:\Users\Zhifei Chen\Desktop\pysmell\subjects_for_metrics\Dshell\lib\output\output.py,489,2,0,0,0
Dshell,C:\Users\Zhifei Chen\Desktop\pysmell\subjects_for_metrics\Dshell\lib\output\output.py,546,2,0,0,0
Dshell,C:\Users\Zhifei Chen\Desktop\pysmell\subjects_for_metrics\Dshell\lib\output\output.py,549,2,0,0,0
Dshell,C:\Users\Zhifei Chen\Desktop\pysmell\subjects_for_metrics\Dshell\lib\output\xmlout.py,17,2,0,0,0
Dshell,C:\Users\Zhifei Chen\Desktop\pysmell\subjects_for_metrics\Dshell\lib\output\xmlout.py,26,2,0,0,0
