subject,file,lineno,LEC,DNC,NCT,experience-based,statistics-based,tuning machine
Dshell,C:\Users\Zhifei Chen\Desktop\pysmell\subjects_for_metrics\Dshell\install-ubuntu.py,13,,2,1,0,0,0
Dshell,C:\Users\Zhifei Chen\Desktop\pysmell\subjects_for_metrics\Dshell\install-ubuntu.py,13,1,,,0,0,0
Dshell,C:\Users\Zhifei Chen\Desktop\pysmell\subjects_for_metrics\Dshell\bin\decode.py,81,1,,,0,0,0
Dshell,C:\Users\Zhifei Chen\Desktop\pysmell\subjects_for_metrics\Dshell\bin\decode.py,86,1,,,0,0,0
Dshell,C:\Users\Zhifei Chen\Desktop\pysmell\subjects_for_metrics\Dshell\bin\decode.py,88,1,,,0,0,0
Dshell,C:\Users\Zhifei Chen\Desktop\pysmell\subjects_for_metrics\Dshell\bin\decode.py,91,1,,,0,0,0
Dshell,C:\Users\Zhifei Chen\Desktop\pysmell\subjects_for_metrics\Dshell\bin\decode.py,135,1,,,0,0,0
Dshell,C:\Users\Zhifei Chen\Desktop\pysmell\subjects_for_metrics\Dshell\bin\decode.py,392,1,,,0,0,0
Dshell,C:\Users\Zhifei Chen\Desktop\pysmell\subjects_for_metrics\Dshell\bin\decode.py,395,1,,,0,0,0
Dshell,C:\Users\Zhifei Chen\Desktop\pysmell\subjects_for_metrics\Dshell\bin\decode.py,534,1,,,0,0,0
Dshell,C:\Users\Zhifei Chen\Desktop\pysmell\subjects_for_metrics\Dshell\bin\decode.py,601,1,,,0,0,0
Dshell,C:\Users\Zhifei Chen\Desktop\pysmell\subjects_for_metrics\Dshell\bin\decode.py,604,1,,,0,0,0
Dshell,C:\Users\Zhifei Chen\Desktop\pysmell\subjects_for_metrics\Dshell\bin\decode.py,631,1,,,0,0,0
Dshell,C:\Users\Zhifei Chen\Desktop\pysmell\subjects_for_metrics\Dshell\bin\decode.py,680,1,,,0,0,0
Dshell,C:\Users\Zhifei Chen\Desktop\pysmell\subjects_for_metrics\Dshell\bin\decode.py,717,1,,,0,0,0
Dshell,C:\Users\Zhifei Chen\Desktop\pysmell\subjects_for_metrics\Dshell\bin\decode.py,725,2,,,0,0,0
Dshell,C:\Users\Zhifei Chen\Desktop\pysmell\subjects_for_metrics\Dshell\bin\decode.py,727,1,,,0,0,0
Dshell,C:\Users\Zhifei Chen\Desktop\pysmell\subjects_for_metrics\Dshell\bin\decode.py,803,1,,,0,0,0
Dshell,C:\Users\Zhifei Chen\Desktop\pysmell\subjects_for_metrics\Dshell\bin\decode.py,804,1,,,0,0,0
Dshell,C:\Users\Zhifei Chen\Desktop\pysmell\subjects_for_metrics\Dshell\bin\decode.py,832,1,,,0,0,0
Dshell,C:\Users\Zhifei Chen\Desktop\pysmell\subjects_for_metrics\Dshell\bin\decode.py,842,1,,,0,0,0
Dshell,C:\Users\Zhifei Chen\Desktop\pysmell\subjects_for_metrics\Dshell\bin\generate-dshellrc.py,7,1,,,0,0,0
Dshell,C:\Users\Zhifei Chen\Desktop\pysmell\subjects_for_metrics\Dshell\bin\generate-dshellrc.py,21,1,,,0,0,0
Dshell,C:\Users\Zhifei Chen\Desktop\pysmell\subjects_for_metrics\Dshell\bin\generate-dshellrc.py,21,1,,,0,0,0
Dshell,C:\Users\Zhifei Chen\Desktop\pysmell\subjects_for_metrics\Dshell\bin\generate-dshellrc.py,40,1,,,0,0,0
Dshell,C:\Users\Zhifei Chen\Desktop\pysmell\subjects_for_metrics\Dshell\bin\pcapanon.py,28,1,,,0,0,0
Dshell,C:\Users\Zhifei Chen\Desktop\pysmell\subjects_for_metrics\Dshell\bin\pcapanon.py,36,1,,,0,0,0
Dshell,C:\Users\Zhifei Chen\Desktop\pysmell\subjects_for_metrics\Dshell\bin\pcapanon.py,40,1,,,0,0,0
Dshell,C:\Users\Zhifei Chen\Desktop\pysmell\subjects_for_metrics\Dshell\bin\pcapanon.py,45,1,,,0,0,0
Dshell,C:\Users\Zhifei Chen\Desktop\pysmell\subjects_for_metrics\Dshell\bin\pcapanon.py,45,1,,,0,0,0
Dshell,C:\Users\Zhifei Chen\Desktop\pysmell\subjects_for_metrics\Dshell\bin\pcapanon.py,46,1,,,0,0,0
Dshell,C:\Users\Zhifei Chen\Desktop\pysmell\subjects_for_metrics\Dshell\bin\pcapanon.py,68,1,,,0,0,0
Dshell,C:\Users\Zhifei Chen\Desktop\pysmell\subjects_for_metrics\Dshell\bin\pcapanon.py,82,1,,,0,0,0
Dshell,C:\Users\Zhifei Chen\Desktop\pysmell\subjects_for_metrics\Dshell\bin\pcapanon.py,85,1,,,0,0,0
Dshell,C:\Users\Zhifei Chen\Desktop\pysmell\subjects_for_metrics\Dshell\bin\pcapanon.py,91,1,,,0,0,0
Dshell,C:\Users\Zhifei Chen\Desktop\pysmell\subjects_for_metrics\Dshell\bin\pcapanon.py,95,1,,,0,0,0
Dshell,C:\Users\Zhifei Chen\Desktop\pysmell\subjects_for_metrics\Dshell\bin\pcapanon.py,115,1,,,0,0,0
Dshell,C:\Users\Zhifei Chen\Desktop\pysmell\subjects_for_metrics\Dshell\bin\pcapanon.py,115,1,,,0,0,0
Dshell,C:\Users\Zhifei Chen\Desktop\pysmell\subjects_for_metrics\Dshell\bin\pcapanon.py,115,1,,,0,0,0
Dshell,C:\Users\Zhifei Chen\Desktop\pysmell\subjects_for_metrics\Dshell\bin\pcapanon.py,115,1,,,0,0,0
Dshell,C:\Users\Zhifei Chen\Desktop\pysmell\subjects_for_metrics\Dshell\bin\pcapanon.py,117,1,,,0,0,0
Dshell,C:\Users\Zhifei Chen\Desktop\pysmell\subjects_for_metrics\Dshell\bin\pcapanon.py,154,1,,,0,0,0
Dshell,C:\Users\Zhifei Chen\Desktop\pysmell\subjects_for_metrics\Dshell\bin\pcapanon.py,209,1,,,0,0,0
Dshell,C:\Users\Zhifei Chen\Desktop\pysmell\subjects_for_metrics\Dshell\bin\pcapanon.py,211,1,,,0,0,0
Dshell,C:\Users\Zhifei Chen\Desktop\pysmell\subjects_for_metrics\Dshell\decoders\dhcp\dhcp.py,73,1,,,0,0,0
Dshell,C:\Users\Zhifei Chen\Desktop\pysmell\subjects_for_metrics\Dshell\decoders\dns\dns-asn.py,21,1,,,0,0,0
Dshell,C:\Users\Zhifei Chen\Desktop\pysmell\subjects_for_metrics\Dshell\decoders\dns\dns-asn.py,22,1,,,0,0,0
Dshell,C:\Users\Zhifei Chen\Desktop\pysmell\subjects_for_metrics\Dshell\decoders\dns\dns-asn.py,23,1,,,0,0,0
Dshell,C:\Users\Zhifei Chen\Desktop\pysmell\subjects_for_metrics\Dshell\decoders\dns\dns-asn.py,24,1,,,0,0,0
Dshell,C:\Users\Zhifei Chen\Desktop\pysmell\subjects_for_metrics\Dshell\decoders\dns\dns-cc.py,17,,2,1,0,0,0
Dshell,C:\Users\Zhifei Chen\Desktop\pysmell\subjects_for_metrics\Dshell\decoders\dns\dns-cc.py,23,1,,,0,0,0
Dshell,C:\Users\Zhifei Chen\Desktop\pysmell\subjects_for_metrics\Dshell\decoders\dns\dns-cc.py,24,1,,,0,0,0
Dshell,C:\Users\Zhifei Chen\Desktop\pysmell\subjects_for_metrics\Dshell\decoders\dns\dns-cc.py,25,1,,,0,0,0
Dshell,C:\Users\Zhifei Chen\Desktop\pysmell\subjects_for_metrics\Dshell\decoders\dns\dns-cc.py,26,1,,,0,0,0
Dshell,C:\Users\Zhifei Chen\Desktop\pysmell\subjects_for_metrics\Dshell\decoders\dns\dns.py,14,,2,1,0,0,0
Dshell,C:\Users\Zhifei Chen\Desktop\pysmell\subjects_for_metrics\Dshell\decoders\dns\dns.py,23,1,,,0,0,0
Dshell,C:\Users\Zhifei Chen\Desktop\pysmell\subjects_for_metrics\Dshell\decoders\dns\dns.py,24,1,,,0,0,0
Dshell,C:\Users\Zhifei Chen\Desktop\pysmell\subjects_for_metrics\Dshell\decoders\dns\dns.py,25,1,,,0,0,0
Dshell,C:\Users\Zhifei Chen\Desktop\pysmell\subjects_for_metrics\Dshell\decoders\dns\dns.py,26,1,,,0,0,0
Dshell,C:\Users\Zhifei Chen\Desktop\pysmell\subjects_for_metrics\Dshell\decoders\dns\dns.py,27,1,,,0,0,0
Dshell,C:\Users\Zhifei Chen\Desktop\pysmell\subjects_for_metrics\Dshell\decoders\dns\dns.py,28,1,,,0,0,0
Dshell,C:\Users\Zhifei Chen\Desktop\pysmell\subjects_for_metrics\Dshell\decoders\dns\dns.py,29,1,,,0,0,0
Dshell,C:\Users\Zhifei Chen\Desktop\pysmell\subjects_for_metrics\Dshell\decoders\dns\dns.py,30,1,,,0,0,0
Dshell,C:\Users\Zhifei Chen\Desktop\pysmell\subjects_for_metrics\Dshell\decoders\dns\dns.py,32,1,,,0,0,0
Dshell,C:\Users\Zhifei Chen\Desktop\pysmell\subjects_for_metrics\Dshell\decoders\dns\dns.py,32,1,,,0,0,0
Dshell,C:\Users\Zhifei Chen\Desktop\pysmell\subjects_for_metrics\Dshell\decoders\dns\dns.py,34,1,,,0,0,0
Dshell,C:\Users\Zhifei Chen\Desktop\pysmell\subjects_for_metrics\Dshell\decoders\dns\dns.py,40,1,,,0,0,0
Dshell,C:\Users\Zhifei Chen\Desktop\pysmell\subjects_for_metrics\Dshell\decoders\dns\dns.py,41,1,,,0,0,0
Dshell,C:\Users\Zhifei Chen\Desktop\pysmell\subjects_for_metrics\Dshell\decoders\dns\dns.py,42,1,,,0,0,0
Dshell,C:\Users\Zhifei Chen\Desktop\pysmell\subjects_for_metrics\Dshell\decoders\dns\dns.py,43,1,,,0,0,0
Dshell,C:\Users\Zhifei Chen\Desktop\pysmell\subjects_for_metrics\Dshell\decoders\dns\dns.py,44,1,,,0,0,0
Dshell,C:\Users\Zhifei Chen\Desktop\pysmell\subjects_for_metrics\Dshell\decoders\dns\dns.py,45,1,,,0,0,0
Dshell,C:\Users\Zhifei Chen\Desktop\pysmell\subjects_for_metrics\Dshell\decoders\dns\dns.py,46,1,,,0,0,0
Dshell,C:\Users\Zhifei Chen\Desktop\pysmell\subjects_for_metrics\Dshell\decoders\dns\dns.py,47,1,,,0,0,0
Dshell,C:\Users\Zhifei Chen\Desktop\pysmell\subjects_for_metrics\Dshell\decoders\dns\innuendo-dns.py,50,1,,,0,0,0
Dshell,C:\Users\Zhifei Chen\Desktop\pysmell\subjects_for_metrics\Dshell\decoders\dns\innuendo-dns.py,51,1,,,0,0,0
Dshell,C:\Users\Zhifei Chen\Desktop\pysmell\subjects_for_metrics\Dshell\decoders\dns\innuendo-dns.py,58,1,,,0,0,0
Dshell,C:\Users\Zhifei Chen\Desktop\pysmell\subjects_for_metrics\Dshell\decoders\dns\innuendo-dns.py,69,1,,,0,0,0
Dshell,C:\Users\Zhifei Chen\Desktop\pysmell\subjects_for_metrics\Dshell\decoders\dns\reservedips.py,97,1,,,0,0,0
Dshell,C:\Users\Zhifei Chen\Desktop\pysmell\subjects_for_metrics\Dshell\decoders\dns\reservedips.py,98,1,,,0,0,0
Dshell,C:\Users\Zhifei Chen\Desktop\pysmell\subjects_for_metrics\Dshell\decoders\dns\reservedips.py,99,1,,,0,0,0
Dshell,C:\Users\Zhifei Chen\Desktop\pysmell\subjects_for_metrics\Dshell\decoders\dns\reservedips.py,100,1,,,0,0,0
Dshell,C:\Users\Zhifei Chen\Desktop\pysmell\subjects_for_metrics\Dshell\decoders\filter\asn-filter.py,43,,2,1,0,0,0
Dshell,C:\Users\Zhifei Chen\Desktop\pysmell\subjects_for_metrics\Dshell\decoders\filter\asn-filter.py,65,1,,,0,0,0
Dshell,C:\Users\Zhifei Chen\Desktop\pysmell\subjects_for_metrics\Dshell\decoders\filter\asn-filter.py,65,1,,,0,0,0
Dshell,C:\Users\Zhifei Chen\Desktop\pysmell\subjects_for_metrics\Dshell\decoders\filter\asn-filter.py,76,1,,,0,0,0
Dshell,C:\Users\Zhifei Chen\Desktop\pysmell\subjects_for_metrics\Dshell\decoders\filter\asn-filter.py,92,1,,,0,0,0
Dshell,C:\Users\Zhifei Chen\Desktop\pysmell\subjects_for_metrics\Dshell\decoders\filter\asn-filter.py,96,1,,,0,0,0
Dshell,C:\Users\Zhifei Chen\Desktop\pysmell\subjects_for_metrics\Dshell\decoders\filter\country.py,60,,2,1,0,0,0
Dshell,C:\Users\Zhifei Chen\Desktop\pysmell\subjects_for_metrics\Dshell\decoders\filter\country.py,85,1,,,0,0,0
Dshell,C:\Users\Zhifei Chen\Desktop\pysmell\subjects_for_metrics\Dshell\decoders\filter\country.py,85,1,,,0,0,0
Dshell,C:\Users\Zhifei Chen\Desktop\pysmell\subjects_for_metrics\Dshell\decoders\filter\country.py,96,1,,,0,0,0
Dshell,C:\Users\Zhifei Chen\Desktop\pysmell\subjects_for_metrics\Dshell\decoders\filter\country.py,118,1,,,0,0,0
Dshell,C:\Users\Zhifei Chen\Desktop\pysmell\subjects_for_metrics\Dshell\decoders\filter\country.py,122,1,,,0,0,0
Dshell,C:\Users\Zhifei Chen\Desktop\pysmell\subjects_for_metrics\Dshell\decoders\filter\snort.py,40,,2,1,0,0,0
Dshell,C:\Users\Zhifei Chen\Desktop\pysmell\subjects_for_metrics\Dshell\decoders\filter\snort.py,75,1,,,0,0,0
Dshell,C:\Users\Zhifei Chen\Desktop\pysmell\subjects_for_metrics\Dshell\decoders\filter\snort.py,82,1,,,0,0,0
Dshell,C:\Users\Zhifei Chen\Desktop\pysmell\subjects_for_metrics\Dshell\decoders\filter\snort.py,118,1,,,0,0,0
Dshell,C:\Users\Zhifei Chen\Desktop\pysmell\subjects_for_metrics\Dshell\decoders\filter\snort.py,120,1,,,0,0,0
Dshell,C:\Users\Zhifei Chen\Desktop\pysmell\subjects_for_metrics\Dshell\decoders\filter\snort.py,152,1,,,0,0,0
Dshell,C:\Users\Zhifei Chen\Desktop\pysmell\subjects_for_metrics\Dshell\decoders\filter\track.py,31,,2,1,0,0,0
Dshell,C:\Users\Zhifei Chen\Desktop\pysmell\subjects_for_metrics\Dshell\decoders\filter\track.py,45,1,,,0,0,0
Dshell,C:\Users\Zhifei Chen\Desktop\pysmell\subjects_for_metrics\Dshell\decoders\filter\track.py,60,1,,,0,0,0
Dshell,C:\Users\Zhifei Chen\Desktop\pysmell\subjects_for_metrics\Dshell\decoders\filter\track.py,81,2,,,0,0,0
Dshell,C:\Users\Zhifei Chen\Desktop\pysmell\subjects_for_metrics\Dshell\decoders\filter\track.py,82,2,,,0,0,0
Dshell,C:\Users\Zhifei Chen\Desktop\pysmell\subjects_for_metrics\Dshell\decoders\filter\track.py,83,2,,,0,0,0
Dshell,C:\Users\Zhifei Chen\Desktop\pysmell\subjects_for_metrics\Dshell\decoders\filter\track.py,84,2,,,0,0,0
Dshell,C:\Users\Zhifei Chen\Desktop\pysmell\subjects_for_metrics\Dshell\decoders\filter\track.py,87,1,,,0,0,0
Dshell,C:\Users\Zhifei Chen\Desktop\pysmell\subjects_for_metrics\Dshell\decoders\filter\track.py,103,,2,1,0,0,0
Dshell,C:\Users\Zhifei Chen\Desktop\pysmell\subjects_for_metrics\Dshell\decoders\filter\track.py,108,1,,,0,0,0
Dshell,C:\Users\Zhifei Chen\Desktop\pysmell\subjects_for_metrics\Dshell\decoders\filter\track.py,128,1,,,0,0,0
Dshell,C:\Users\Zhifei Chen\Desktop\pysmell\subjects_for_metrics\Dshell\decoders\filter\track.py,131,2,,,0,0,0
Dshell,C:\Users\Zhifei Chen\Desktop\pysmell\subjects_for_metrics\Dshell\decoders\filter\track.py,132,1,,,0,0,0
Dshell,C:\Users\Zhifei Chen\Desktop\pysmell\subjects_for_metrics\Dshell\decoders\filter\track.py,133,1,,,0,0,0
Dshell,C:\Users\Zhifei Chen\Desktop\pysmell\subjects_for_metrics\Dshell\decoders\flows\large-flows.py,13,,2,1,0,0,0
Dshell,C:\Users\Zhifei Chen\Desktop\pysmell\subjects_for_metrics\Dshell\decoders\flows\long-flows.py,14,,2,1,0,0,0
Dshell,C:\Users\Zhifei Chen\Desktop\pysmell\subjects_for_metrics\Dshell\decoders\flows\reverse-flow.py,40,,2,1,0,0,0
Dshell,C:\Users\Zhifei Chen\Desktop\pysmell\subjects_for_metrics\Dshell\decoders\ftp\ftp.py,29,,2,1,0,0,0
Dshell,C:\Users\Zhifei Chen\Desktop\pysmell\subjects_for_metrics\Dshell\decoders\ftp\ftp.py,45,2,,,0,0,0
Dshell,C:\Users\Zhifei Chen\Desktop\pysmell\subjects_for_metrics\Dshell\decoders\ftp\ftp.py,45,1,,,0,0,0
Dshell,C:\Users\Zhifei Chen\Desktop\pysmell\subjects_for_metrics\Dshell\decoders\ftp\ftp.py,45,2,,,0,0,0
Dshell,C:\Users\Zhifei Chen\Desktop\pysmell\subjects_for_metrics\Dshell\decoders\ftp\ftp.py,72,1,,,0,0,0
Dshell,C:\Users\Zhifei Chen\Desktop\pysmell\subjects_for_metrics\Dshell\decoders\ftp\ftp.py,72,,2,2,0,0,0
Dshell,C:\Users\Zhifei Chen\Desktop\pysmell\subjects_for_metrics\Dshell\decoders\ftp\ftp.py,74,1,,,0,0,0
Dshell,C:\Users\Zhifei Chen\Desktop\pysmell\subjects_for_metrics\Dshell\decoders\ftp\ftp.py,74,1,,,0,0,0
Dshell,C:\Users\Zhifei Chen\Desktop\pysmell\subjects_for_metrics\Dshell\decoders\ftp\ftp.py,76,1,,,0,0,0
Dshell,C:\Users\Zhifei Chen\Desktop\pysmell\subjects_for_metrics\Dshell\decoders\ftp\ftp.py,76,1,,,0,0,0
Dshell,C:\Users\Zhifei Chen\Desktop\pysmell\subjects_for_metrics\Dshell\decoders\ftp\ftp.py,80,1,,,0,0,0
Dshell,C:\Users\Zhifei Chen\Desktop\pysmell\subjects_for_metrics\Dshell\decoders\ftp\ftp.py,83,1,,,0,0,0
Dshell,C:\Users\Zhifei Chen\Desktop\pysmell\subjects_for_metrics\Dshell\decoders\ftp\ftp.py,90,1,,,0,0,0
Dshell,C:\Users\Zhifei Chen\Desktop\pysmell\subjects_for_metrics\Dshell\decoders\ftp\ftp.py,92,1,,,0,0,0
Dshell,C:\Users\Zhifei Chen\Desktop\pysmell\subjects_for_metrics\Dshell\decoders\ftp\ftp.py,94,1,,,0,0,0
Dshell,C:\Users\Zhifei Chen\Desktop\pysmell\subjects_for_metrics\Dshell\decoders\ftp\ftp.py,94,1,,,0,0,0
Dshell,C:\Users\Zhifei Chen\Desktop\pysmell\subjects_for_metrics\Dshell\decoders\ftp\ftp.py,96,1,,,0,0,0
Dshell,C:\Users\Zhifei Chen\Desktop\pysmell\subjects_for_metrics\Dshell\decoders\ftp\ftp.py,96,1,,,0,0,0
Dshell,C:\Users\Zhifei Chen\Desktop\pysmell\subjects_for_metrics\Dshell\decoders\ftp\ftp.py,97,1,,,0,0,0
Dshell,C:\Users\Zhifei Chen\Desktop\pysmell\subjects_for_metrics\Dshell\decoders\ftp\ftp.py,97,1,,,0,0,0
Dshell,C:\Users\Zhifei Chen\Desktop\pysmell\subjects_for_metrics\Dshell\decoders\ftp\ftp.py,99,1,,,0,0,0
Dshell,C:\Users\Zhifei Chen\Desktop\pysmell\subjects_for_metrics\Dshell\decoders\ftp\ftp.py,101,1,,,0,0,0
Dshell,C:\Users\Zhifei Chen\Desktop\pysmell\subjects_for_metrics\Dshell\decoders\ftp\ftp.py,101,1,,,0,0,0
Dshell,C:\Users\Zhifei Chen\Desktop\pysmell\subjects_for_metrics\Dshell\decoders\ftp\ftp.py,102,1,,,0,0,0
Dshell,C:\Users\Zhifei Chen\Desktop\pysmell\subjects_for_metrics\Dshell\decoders\ftp\ftp.py,102,1,,,0,0,0
Dshell,C:\Users\Zhifei Chen\Desktop\pysmell\subjects_for_metrics\Dshell\decoders\ftp\ftp.py,103,1,,,0,0,0
Dshell,C:\Users\Zhifei Chen\Desktop\pysmell\subjects_for_metrics\Dshell\decoders\ftp\ftp.py,106,1,,,0,0,0
Dshell,C:\Users\Zhifei Chen\Desktop\pysmell\subjects_for_metrics\Dshell\decoders\ftp\ftp.py,108,1,,,0,0,0
Dshell,C:\Users\Zhifei Chen\Desktop\pysmell\subjects_for_metrics\Dshell\decoders\ftp\ftp.py,109,1,,,0,0,0
Dshell,C:\Users\Zhifei Chen\Desktop\pysmell\subjects_for_metrics\Dshell\decoders\ftp\ftp.py,110,1,,,0,0,0
Dshell,C:\Users\Zhifei Chen\Desktop\pysmell\subjects_for_metrics\Dshell\decoders\ftp\ftp.py,114,1,,,0,0,0
Dshell,C:\Users\Zhifei Chen\Desktop\pysmell\subjects_for_metrics\Dshell\decoders\ftp\ftp.py,115,1,,,0,0,0
Dshell,C:\Users\Zhifei Chen\Desktop\pysmell\subjects_for_metrics\Dshell\decoders\ftp\ftp.py,116,2,,,0,0,0
Dshell,C:\Users\Zhifei Chen\Desktop\pysmell\subjects_for_metrics\Dshell\decoders\ftp\ftp.py,116,2,,,0,0,0
Dshell,C:\Users\Zhifei Chen\Desktop\pysmell\subjects_for_metrics\Dshell\decoders\ftp\ftp.py,119,1,,,0,0,0
Dshell,C:\Users\Zhifei Chen\Desktop\pysmell\subjects_for_metrics\Dshell\decoders\ftp\ftp.py,121,1,,,0,0,0
Dshell,C:\Users\Zhifei Chen\Desktop\pysmell\subjects_for_metrics\Dshell\decoders\ftp\ftp.py,122,1,,,0,0,0
Dshell,C:\Users\Zhifei Chen\Desktop\pysmell\subjects_for_metrics\Dshell\decoders\ftp\ftp.py,123,1,,,0,0,0
Dshell,C:\Users\Zhifei Chen\Desktop\pysmell\subjects_for_metrics\Dshell\decoders\ftp\ftp.py,125,1,,,0,0,0
Dshell,C:\Users\Zhifei Chen\Desktop\pysmell\subjects_for_metrics\Dshell\decoders\ftp\ftp.py,125,1,,,0,0,0
Dshell,C:\Users\Zhifei Chen\Desktop\pysmell\subjects_for_metrics\Dshell\decoders\ftp\ftp.py,125,2,,,0,0,0
Dshell,C:\Users\Zhifei Chen\Desktop\pysmell\subjects_for_metrics\Dshell\decoders\ftp\ftp.py,125,2,,,0,0,0
Dshell,C:\Users\Zhifei Chen\Desktop\pysmell\subjects_for_metrics\Dshell\decoders\ftp\ftp.py,132,1,,,0,0,0
Dshell,C:\Users\Zhifei Chen\Desktop\pysmell\subjects_for_metrics\Dshell\decoders\ftp\ftp.py,138,1,,,0,0,0
Dshell,C:\Users\Zhifei Chen\Desktop\pysmell\subjects_for_metrics\Dshell\decoders\ftp\ftp.py,158,1,,,0,0,0
Dshell,C:\Users\Zhifei Chen\Desktop\pysmell\subjects_for_metrics\Dshell\decoders\ftp\ftp.py,160,1,,,0,0,0
Dshell,C:\Users\Zhifei Chen\Desktop\pysmell\subjects_for_metrics\Dshell\decoders\ftp\ftp.py,162,1,,,0,0,0
Dshell,C:\Users\Zhifei Chen\Desktop\pysmell\subjects_for_metrics\Dshell\decoders\ftp\ftp.py,170,1,,,0,0,0
Dshell,C:\Users\Zhifei Chen\Desktop\pysmell\subjects_for_metrics\Dshell\decoders\ftp\ftp.py,177,1,,,0,0,0
Dshell,C:\Users\Zhifei Chen\Desktop\pysmell\subjects_for_metrics\Dshell\decoders\ftp\ftp.py,177,1,,,0,0,0
Dshell,C:\Users\Zhifei Chen\Desktop\pysmell\subjects_for_metrics\Dshell\decoders\ftp\ftp.py,177,1,,,0,0,0
Dshell,C:\Users\Zhifei Chen\Desktop\pysmell\subjects_for_metrics\Dshell\decoders\ftp\ftp.py,179,1,,,0,0,0
Dshell,C:\Users\Zhifei Chen\Desktop\pysmell\subjects_for_metrics\Dshell\decoders\ftp\ftp.py,179,1,,,0,0,0
Dshell,C:\Users\Zhifei Chen\Desktop\pysmell\subjects_for_metrics\Dshell\decoders\ftp\ftp.py,179,1,,,0,0,0
Dshell,C:\Users\Zhifei Chen\Desktop\pysmell\subjects_for_metrics\Dshell\decoders\ftp\ftp.py,181,1,,,0,0,0
Dshell,C:\Users\Zhifei Chen\Desktop\pysmell\subjects_for_metrics\Dshell\decoders\ftp\ftp.py,181,1,,,0,0,0
Dshell,C:\Users\Zhifei Chen\Desktop\pysmell\subjects_for_metrics\Dshell\decoders\ftp\ftp.py,181,1,,,0,0,0
Dshell,C:\Users\Zhifei Chen\Desktop\pysmell\subjects_for_metrics\Dshell\decoders\ftp\ftp.py,183,1,,,0,0,0
Dshell,C:\Users\Zhifei Chen\Desktop\pysmell\subjects_for_metrics\Dshell\decoders\ftp\ftp.py,183,1,,,0,0,0
Dshell,C:\Users\Zhifei Chen\Desktop\pysmell\subjects_for_metrics\Dshell\decoders\ftp\ftp.py,183,1,,,0,0,0
Dshell,C:\Users\Zhifei Chen\Desktop\pysmell\subjects_for_metrics\Dshell\decoders\ftp\ftp.py,190,1,,,0,0,0
Dshell,C:\Users\Zhifei Chen\Desktop\pysmell\subjects_for_metrics\Dshell\decoders\ftp\ftp.py,190,1,,,0,0,0
Dshell,C:\Users\Zhifei Chen\Desktop\pysmell\subjects_for_metrics\Dshell\decoders\ftp\ftp.py,190,1,,,0,0,0
Dshell,C:\Users\Zhifei Chen\Desktop\pysmell\subjects_for_metrics\Dshell\decoders\ftp\ftp.py,194,1,,,0,0,0
Dshell,C:\Users\Zhifei Chen\Desktop\pysmell\subjects_for_metrics\Dshell\decoders\ftp\ftp.py,195,1,,,0,0,0
Dshell,C:\Users\Zhifei Chen\Desktop\pysmell\subjects_for_metrics\Dshell\decoders\ftp\ftp.py,196,2,,,0,0,0
Dshell,C:\Users\Zhifei Chen\Desktop\pysmell\subjects_for_metrics\Dshell\decoders\ftp\ftp.py,196,2,,,0,0,0
Dshell,C:\Users\Zhifei Chen\Desktop\pysmell\subjects_for_metrics\Dshell\decoders\ftp\ftp.py,199,1,,,0,0,0
Dshell,C:\Users\Zhifei Chen\Desktop\pysmell\subjects_for_metrics\Dshell\decoders\ftp\ftp.py,201,1,,,0,0,0
Dshell,C:\Users\Zhifei Chen\Desktop\pysmell\subjects_for_metrics\Dshell\decoders\ftp\ftp.py,202,1,,,0,0,0
Dshell,C:\Users\Zhifei Chen\Desktop\pysmell\subjects_for_metrics\Dshell\decoders\ftp\ftp.py,203,1,,,0,0,0
Dshell,C:\Users\Zhifei Chen\Desktop\pysmell\subjects_for_metrics\Dshell\decoders\ftp\ftp.py,205,1,,,0,0,0
Dshell,C:\Users\Zhifei Chen\Desktop\pysmell\subjects_for_metrics\Dshell\decoders\ftp\ftp.py,205,1,,,0,0,0
Dshell,C:\Users\Zhifei Chen\Desktop\pysmell\subjects_for_metrics\Dshell\decoders\ftp\ftp.py,205,2,,,0,0,0
Dshell,C:\Users\Zhifei Chen\Desktop\pysmell\subjects_for_metrics\Dshell\decoders\ftp\ftp.py,205,2,,,0,0,0
Dshell,C:\Users\Zhifei Chen\Desktop\pysmell\subjects_for_metrics\Dshell\decoders\ftp\ftp.py,208,1,,,0,0,0
Dshell,C:\Users\Zhifei Chen\Desktop\pysmell\subjects_for_metrics\Dshell\decoders\ftp\ftp.py,208,1,,,0,0,0
Dshell,C:\Users\Zhifei Chen\Desktop\pysmell\subjects_for_metrics\Dshell\decoders\ftp\ftp.py,208,2,,,0,0,0
Dshell,C:\Users\Zhifei Chen\Desktop\pysmell\subjects_for_metrics\Dshell\decoders\ftp\ftp.py,208,2,,,0,0,0
Dshell,C:\Users\Zhifei Chen\Desktop\pysmell\subjects_for_metrics\Dshell\decoders\ftp\ftp.py,209,1,,,0,0,0
Dshell,C:\Users\Zhifei Chen\Desktop\pysmell\subjects_for_metrics\Dshell\decoders\ftp\ftp.py,211,1,,,0,0,0
Dshell,C:\Users\Zhifei Chen\Desktop\pysmell\subjects_for_metrics\Dshell\decoders\ftp\ftp.py,215,1,,,0,0,0
Dshell,C:\Users\Zhifei Chen\Desktop\pysmell\subjects_for_metrics\Dshell\decoders\ftp\ftp.py,215,1,,,0,0,0
Dshell,C:\Users\Zhifei Chen\Desktop\pysmell\subjects_for_metrics\Dshell\decoders\ftp\ftp.py,218,1,,,0,0,0
Dshell,C:\Users\Zhifei Chen\Desktop\pysmell\subjects_for_metrics\Dshell\decoders\ftp\ftp.py,218,1,,,0,0,0
Dshell,C:\Users\Zhifei Chen\Desktop\pysmell\subjects_for_metrics\Dshell\decoders\ftp\ftp.py,219,1,,,0,0,0
Dshell,C:\Users\Zhifei Chen\Desktop\pysmell\subjects_for_metrics\Dshell\decoders\ftp\ftp.py,221,1,,,0,0,0
Dshell,C:\Users\Zhifei Chen\Desktop\pysmell\subjects_for_metrics\Dshell\decoders\ftp\ftp.py,222,1,,,0,0,0
Dshell,C:\Users\Zhifei Chen\Desktop\pysmell\subjects_for_metrics\Dshell\decoders\ftp\ftp.py,230,1,,,0,0,0
Dshell,C:\Users\Zhifei Chen\Desktop\pysmell\subjects_for_metrics\Dshell\decoders\ftp\ftp.py,231,1,,,0,0,0
Dshell,C:\Users\Zhifei Chen\Desktop\pysmell\subjects_for_metrics\Dshell\decoders\ftp\ftp.py,233,1,,,0,0,0
Dshell,C:\Users\Zhifei Chen\Desktop\pysmell\subjects_for_metrics\Dshell\decoders\ftp\ftp.py,234,1,,,0,0,0
Dshell,C:\Users\Zhifei Chen\Desktop\pysmell\subjects_for_metrics\Dshell\decoders\ftp\ftp.py,241,1,,,0,0,0
Dshell,C:\Users\Zhifei Chen\Desktop\pysmell\subjects_for_metrics\Dshell\decoders\ftp\ftp.py,242,1,,,0,0,0
Dshell,C:\Users\Zhifei Chen\Desktop\pysmell\subjects_for_metrics\Dshell\decoders\ftp\ftp.py,242,1,,,0,0,0
Dshell,C:\Users\Zhifei Chen\Desktop\pysmell\subjects_for_metrics\Dshell\decoders\http\flash-detect.py,22,,2,1,0,0,0
Dshell,C:\Users\Zhifei Chen\Desktop\pysmell\subjects_for_metrics\Dshell\decoders\http\flash-detect.py,24,,2,1,0,0,0
Dshell,C:\Users\Zhifei Chen\Desktop\pysmell\subjects_for_metrics\Dshell\decoders\http\flash-detect.py,126,1,,,0,0,0
Dshell,C:\Users\Zhifei Chen\Desktop\pysmell\subjects_for_metrics\Dshell\decoders\http\flash-detect.py,134,1,,,0,0,0
Dshell,C:\Users\Zhifei Chen\Desktop\pysmell\subjects_for_metrics\Dshell\decoders\http\flash-detect.py,136,1,,,0,0,0
Dshell,C:\Users\Zhifei Chen\Desktop\pysmell\subjects_for_metrics\Dshell\decoders\http\flash-detect.py,137,1,,,0,0,0
Dshell,C:\Users\Zhifei Chen\Desktop\pysmell\subjects_for_metrics\Dshell\decoders\http\flash-detect.py,140,1,,,0,0,0
Dshell,C:\Users\Zhifei Chen\Desktop\pysmell\subjects_for_metrics\Dshell\decoders\http\flash-detect.py,143,1,,,0,0,0
Dshell,C:\Users\Zhifei Chen\Desktop\pysmell\subjects_for_metrics\Dshell\decoders\http\flash-detect.py,166,1,,,0,0,0
Dshell,C:\Users\Zhifei Chen\Desktop\pysmell\subjects_for_metrics\Dshell\decoders\http\flash-detect.py,166,1,,,0,0,0
Dshell,C:\Users\Zhifei Chen\Desktop\pysmell\subjects_for_metrics\Dshell\decoders\http\flash-detect.py,170,1,,,0,0,0
Dshell,C:\Users\Zhifei Chen\Desktop\pysmell\subjects_for_metrics\Dshell\decoders\http\flash-detect.py,173,1,,,0,0,0
Dshell,C:\Users\Zhifei Chen\Desktop\pysmell\subjects_for_metrics\Dshell\decoders\http\httpdump.py,17,,2,1,0,0,0
Dshell,C:\Users\Zhifei Chen\Desktop\pysmell\subjects_for_metrics\Dshell\decoders\http\httpdump.py,20,,2,1,0,0,0
Dshell,C:\Users\Zhifei Chen\Desktop\pysmell\subjects_for_metrics\Dshell\decoders\http\httpdump.py,66,1,,,0,0,0
Dshell,C:\Users\Zhifei Chen\Desktop\pysmell\subjects_for_metrics\Dshell\decoders\http\httpdump.py,96,1,,,0,0,0
Dshell,C:\Users\Zhifei Chen\Desktop\pysmell\subjects_for_metrics\Dshell\decoders\http\httpdump.py,101,1,,,0,0,0
Dshell,C:\Users\Zhifei Chen\Desktop\pysmell\subjects_for_metrics\Dshell\decoders\http\httpdump.py,107,1,,,0,0,0
Dshell,C:\Users\Zhifei Chen\Desktop\pysmell\subjects_for_metrics\Dshell\decoders\http\httpdump.py,112,1,,,0,0,0
Dshell,C:\Users\Zhifei Chen\Desktop\pysmell\subjects_for_metrics\Dshell\decoders\http\httpdump.py,117,1,,,0,0,0
Dshell,C:\Users\Zhifei Chen\Desktop\pysmell\subjects_for_metrics\Dshell\decoders\http\httpdump.py,142,1,,,0,0,0
Dshell,C:\Users\Zhifei Chen\Desktop\pysmell\subjects_for_metrics\Dshell\decoders\http\ms15-034.py,37,,2,1,0,0,0
Dshell,C:\Users\Zhifei Chen\Desktop\pysmell\subjects_for_metrics\Dshell\decoders\http\rip-http.py,25,,2,1,0,0,0
Dshell,C:\Users\Zhifei Chen\Desktop\pysmell\subjects_for_metrics\Dshell\decoders\http\rip-http.py,59,1,,,0,0,0
Dshell,C:\Users\Zhifei Chen\Desktop\pysmell\subjects_for_metrics\Dshell\decoders\http\rip-http.py,62,1,,,0,0,0
Dshell,C:\Users\Zhifei Chen\Desktop\pysmell\subjects_for_metrics\Dshell\decoders\http\rip-http.py,73,1,,,0,0,0
Dshell,C:\Users\Zhifei Chen\Desktop\pysmell\subjects_for_metrics\Dshell\decoders\http\rip-http.py,77,1,,,0,0,0
Dshell,C:\Users\Zhifei Chen\Desktop\pysmell\subjects_for_metrics\Dshell\decoders\http\rip-http.py,77,1,,,0,0,0
Dshell,C:\Users\Zhifei Chen\Desktop\pysmell\subjects_for_metrics\Dshell\decoders\http\rip-http.py,79,1,,,0,0,0
Dshell,C:\Users\Zhifei Chen\Desktop\pysmell\subjects_for_metrics\Dshell\decoders\http\rip-http.py,101,1,,,0,0,0
Dshell,C:\Users\Zhifei Chen\Desktop\pysmell\subjects_for_metrics\Dshell\decoders\http\rip-http.py,103,1,,,0,0,0
Dshell,C:\Users\Zhifei Chen\Desktop\pysmell\subjects_for_metrics\Dshell\decoders\http\rip-http.py,105,1,,,0,0,0
Dshell,C:\Users\Zhifei Chen\Desktop\pysmell\subjects_for_metrics\Dshell\decoders\http\rip-http.py,107,1,,,0,0,0
Dshell,C:\Users\Zhifei Chen\Desktop\pysmell\subjects_for_metrics\Dshell\decoders\http\rip-http.py,108,1,,,0,0,0
Dshell,C:\Users\Zhifei Chen\Desktop\pysmell\subjects_for_metrics\Dshell\decoders\http\rip-http.py,152,1,,,0,0,0
Dshell,C:\Users\Zhifei Chen\Desktop\pysmell\subjects_for_metrics\Dshell\decoders\http\web.py,16,,2,1,0,0,0
Dshell,C:\Users\Zhifei Chen\Desktop\pysmell\subjects_for_metrics\Dshell\decoders\http\web.py,19,,2,1,0,0,0
Dshell,C:\Users\Zhifei Chen\Desktop\pysmell\subjects_for_metrics\Dshell\decoders\http\web.py,48,1,,,0,0,0
Dshell,C:\Users\Zhifei Chen\Desktop\pysmell\subjects_for_metrics\Dshell\decoders\http\web.py,85,1,,,0,0,0
Dshell,C:\Users\Zhifei Chen\Desktop\pysmell\subjects_for_metrics\Dshell\decoders\misc\followstream.py,44,,2,1,0,0,0
Dshell,C:\Users\Zhifei Chen\Desktop\pysmell\subjects_for_metrics\Dshell\decoders\misc\grep.py,79,,2,1,0,0,0
Dshell,C:\Users\Zhifei Chen\Desktop\pysmell\subjects_for_metrics\Dshell\decoders\misc\grep.py,136,1,,,0,0,0
Dshell,C:\Users\Zhifei Chen\Desktop\pysmell\subjects_for_metrics\Dshell\decoders\misc\grep.py,137,1,,,0,0,0
Dshell,C:\Users\Zhifei Chen\Desktop\pysmell\subjects_for_metrics\Dshell\decoders\misc\grep.py,151,1,,,0,0,0
Dshell,C:\Users\Zhifei Chen\Desktop\pysmell\subjects_for_metrics\Dshell\decoders\misc\grep.py,153,1,,,0,0,0
Dshell,C:\Users\Zhifei Chen\Desktop\pysmell\subjects_for_metrics\Dshell\decoders\misc\grep.py,164,1,,,0,0,0
Dshell,C:\Users\Zhifei Chen\Desktop\pysmell\subjects_for_metrics\Dshell\decoders\misc\grep.py,170,1,,,0,0,0
Dshell,C:\Users\Zhifei Chen\Desktop\pysmell\subjects_for_metrics\Dshell\decoders\misc\grep.py,172,1,,,0,0,0
Dshell,C:\Users\Zhifei Chen\Desktop\pysmell\subjects_for_metrics\Dshell\decoders\misc\grep.py,174,1,,,0,0,0
Dshell,C:\Users\Zhifei Chen\Desktop\pysmell\subjects_for_metrics\Dshell\decoders\misc\grep.py,174,1,,,0,0,0
Dshell,C:\Users\Zhifei Chen\Desktop\pysmell\subjects_for_metrics\Dshell\decoders\misc\grep.py,175,1,,,0,0,0
Dshell,C:\Users\Zhifei Chen\Desktop\pysmell\subjects_for_metrics\Dshell\decoders\misc\synrst.py,27,1,,,0,0,0
Dshell,C:\Users\Zhifei Chen\Desktop\pysmell\subjects_for_metrics\Dshell\decoders\misc\synrst.py,34,1,,,0,0,0
Dshell,C:\Users\Zhifei Chen\Desktop\pysmell\subjects_for_metrics\Dshell\decoders\misc\xor.py,15,,2,1,0,0,0
Dshell,C:\Users\Zhifei Chen\Desktop\pysmell\subjects_for_metrics\Dshell\decoders\misc\xor.py,37,1,,,0,0,0
Dshell,C:\Users\Zhifei Chen\Desktop\pysmell\subjects_for_metrics\Dshell\decoders\misc\xor.py,39,1,,,0,0,0
Dshell,C:\Users\Zhifei Chen\Desktop\pysmell\subjects_for_metrics\Dshell\decoders\misc\xor.py,41,1,,,0,0,0
Dshell,C:\Users\Zhifei Chen\Desktop\pysmell\subjects_for_metrics\Dshell\decoders\misc\xor.py,52,1,,,0,0,0
Dshell,C:\Users\Zhifei Chen\Desktop\pysmell\subjects_for_metrics\Dshell\decoders\misc\xor.py,72,1,,,0,0,0
Dshell,C:\Users\Zhifei Chen\Desktop\pysmell\subjects_for_metrics\Dshell\decoders\misc\xor.py,75,1,,,0,0,0
Dshell,C:\Users\Zhifei Chen\Desktop\pysmell\subjects_for_metrics\Dshell\decoders\misc\xor.py,75,1,,,0,0,0
Dshell,C:\Users\Zhifei Chen\Desktop\pysmell\subjects_for_metrics\Dshell\decoders\misc\xor.py,78,1,,,0,0,0
Dshell,C:\Users\Zhifei Chen\Desktop\pysmell\subjects_for_metrics\Dshell\decoders\misc\xor.py,84,1,,,0,0,0
Dshell,C:\Users\Zhifei Chen\Desktop\pysmell\subjects_for_metrics\Dshell\decoders\misc\xor.py,92,1,,,0,0,0
Dshell,C:\Users\Zhifei Chen\Desktop\pysmell\subjects_for_metrics\Dshell\decoders\misc\xor.py,94,1,,,0,0,0
Dshell,C:\Users\Zhifei Chen\Desktop\pysmell\subjects_for_metrics\Dshell\decoders\misc\xor.py,96,1,,,0,0,0
Dshell,C:\Users\Zhifei Chen\Desktop\pysmell\subjects_for_metrics\Dshell\decoders\misc\xor.py,110,1,,,0,0,0
Dshell,C:\Users\Zhifei Chen\Desktop\pysmell\subjects_for_metrics\Dshell\decoders\misc\xor.py,111,1,,,0,0,0
Dshell,C:\Users\Zhifei Chen\Desktop\pysmell\subjects_for_metrics\Dshell\decoders\smb\psexec.py,45,2,,,0,0,0
Dshell,C:\Users\Zhifei Chen\Desktop\pysmell\subjects_for_metrics\Dshell\decoders\smb\psexec.py,45,2,,,0,0,0
Dshell,C:\Users\Zhifei Chen\Desktop\pysmell\subjects_for_metrics\Dshell\decoders\smb\psexec.py,45,2,,,0,0,0
Dshell,C:\Users\Zhifei Chen\Desktop\pysmell\subjects_for_metrics\Dshell\decoders\smb\psexec.py,45,2,,,0,0,0
Dshell,C:\Users\Zhifei Chen\Desktop\pysmell\subjects_for_metrics\Dshell\decoders\smb\psexec.py,47,,2,1,0,0,0
Dshell,C:\Users\Zhifei Chen\Desktop\pysmell\subjects_for_metrics\Dshell\decoders\smb\psexec.py,63,1,,,0,0,0
Dshell,C:\Users\Zhifei Chen\Desktop\pysmell\subjects_for_metrics\Dshell\decoders\smb\psexec.py,105,1,,,0,0,0
Dshell,C:\Users\Zhifei Chen\Desktop\pysmell\subjects_for_metrics\Dshell\decoders\smb\psexec.py,109,1,,,0,0,0
Dshell,C:\Users\Zhifei Chen\Desktop\pysmell\subjects_for_metrics\Dshell\decoders\smb\psexec.py,109,1,,,0,0,0
Dshell,C:\Users\Zhifei Chen\Desktop\pysmell\subjects_for_metrics\Dshell\decoders\smb\psexec.py,110,1,,,0,0,0
Dshell,C:\Users\Zhifei Chen\Desktop\pysmell\subjects_for_metrics\Dshell\decoders\smb\psexec.py,133,1,,,0,0,0
Dshell,C:\Users\Zhifei Chen\Desktop\pysmell\subjects_for_metrics\Dshell\decoders\smb\psexec.py,133,1,,,0,0,0
Dshell,C:\Users\Zhifei Chen\Desktop\pysmell\subjects_for_metrics\Dshell\decoders\smb\psexec.py,133,1,,,0,0,0
Dshell,C:\Users\Zhifei Chen\Desktop\pysmell\subjects_for_metrics\Dshell\decoders\smb\psexec.py,148,1,,,0,0,0
Dshell,C:\Users\Zhifei Chen\Desktop\pysmell\subjects_for_metrics\Dshell\decoders\smb\psexec.py,150,1,,,0,0,0
Dshell,C:\Users\Zhifei Chen\Desktop\pysmell\subjects_for_metrics\Dshell\decoders\smb\psexec.py,175,1,,,0,0,0
Dshell,C:\Users\Zhifei Chen\Desktop\pysmell\subjects_for_metrics\Dshell\decoders\smb\psexec.py,207,1,,,0,0,0
Dshell,C:\Users\Zhifei Chen\Desktop\pysmell\subjects_for_metrics\Dshell\decoders\smb\psexec.py,209,1,,,0,0,0
Dshell,C:\Users\Zhifei Chen\Desktop\pysmell\subjects_for_metrics\Dshell\decoders\smb\psexec.py,209,1,,,0,0,0
Dshell,C:\Users\Zhifei Chen\Desktop\pysmell\subjects_for_metrics\Dshell\decoders\smb\psexec.py,210,1,,,0,0,0
Dshell,C:\Users\Zhifei Chen\Desktop\pysmell\subjects_for_metrics\Dshell\decoders\smb\psexec.py,212,1,,,0,0,0
Dshell,C:\Users\Zhifei Chen\Desktop\pysmell\subjects_for_metrics\Dshell\decoders\smb\psexec.py,212,1,,,0,0,0
Dshell,C:\Users\Zhifei Chen\Desktop\pysmell\subjects_for_metrics\Dshell\decoders\smb\psexec.py,219,1,,,0,0,0
Dshell,C:\Users\Zhifei Chen\Desktop\pysmell\subjects_for_metrics\Dshell\decoders\smb\psexec.py,227,1,,,0,0,0
Dshell,C:\Users\Zhifei Chen\Desktop\pysmell\subjects_for_metrics\Dshell\decoders\smb\psexec.py,232,1,,,0,0,0
Dshell,C:\Users\Zhifei Chen\Desktop\pysmell\subjects_for_metrics\Dshell\decoders\smb\psexec.py,234,1,,,0,0,0
Dshell,C:\Users\Zhifei Chen\Desktop\pysmell\subjects_for_metrics\Dshell\decoders\smb\psexec.py,235,1,,,0,0,0
Dshell,C:\Users\Zhifei Chen\Desktop\pysmell\subjects_for_metrics\Dshell\decoders\smb\psexec.py,235,1,,,0,0,0
Dshell,C:\Users\Zhifei Chen\Desktop\pysmell\subjects_for_metrics\Dshell\decoders\smb\psexec.py,236,1,,,0,0,0
Dshell,C:\Users\Zhifei Chen\Desktop\pysmell\subjects_for_metrics\Dshell\decoders\smb\psexec.py,237,1,,,0,0,0
Dshell,C:\Users\Zhifei Chen\Desktop\pysmell\subjects_for_metrics\Dshell\decoders\smb\psexec.py,238,1,,,0,0,0
Dshell,C:\Users\Zhifei Chen\Desktop\pysmell\subjects_for_metrics\Dshell\decoders\smb\psexec.py,239,1,,,0,0,0
Dshell,C:\Users\Zhifei Chen\Desktop\pysmell\subjects_for_metrics\Dshell\decoders\smb\psexec.py,240,1,,,0,0,0
Dshell,C:\Users\Zhifei Chen\Desktop\pysmell\subjects_for_metrics\Dshell\decoders\smb\rip-smb-uploads.py,36,2,,,0,0,0
Dshell,C:\Users\Zhifei Chen\Desktop\pysmell\subjects_for_metrics\Dshell\decoders\smb\rip-smb-uploads.py,36,2,,,0,0,0
Dshell,C:\Users\Zhifei Chen\Desktop\pysmell\subjects_for_metrics\Dshell\decoders\smb\rip-smb-uploads.py,38,,2,1,0,0,0
Dshell,C:\Users\Zhifei Chen\Desktop\pysmell\subjects_for_metrics\Dshell\decoders\smb\rip-smb-uploads.py,73,1,,,0,0,0
Dshell,C:\Users\Zhifei Chen\Desktop\pysmell\subjects_for_metrics\Dshell\decoders\smb\rip-smb-uploads.py,80,1,,,0,0,0
Dshell,C:\Users\Zhifei Chen\Desktop\pysmell\subjects_for_metrics\Dshell\decoders\smb\rip-smb-uploads.py,93,1,,,0,0,0
Dshell,C:\Users\Zhifei Chen\Desktop\pysmell\subjects_for_metrics\Dshell\decoders\smb\rip-smb-uploads.py,94,1,,,0,0,0
Dshell,C:\Users\Zhifei Chen\Desktop\pysmell\subjects_for_metrics\Dshell\decoders\smb\rip-smb-uploads.py,95,1,,,0,0,0
Dshell,C:\Users\Zhifei Chen\Desktop\pysmell\subjects_for_metrics\Dshell\decoders\smb\rip-smb-uploads.py,98,1,,,0,0,0
Dshell,C:\Users\Zhifei Chen\Desktop\pysmell\subjects_for_metrics\Dshell\decoders\smb\rip-smb-uploads.py,99,1,,,0,0,0
Dshell,C:\Users\Zhifei Chen\Desktop\pysmell\subjects_for_metrics\Dshell\decoders\smb\smbfiles.py,42,2,,,0,0,0
Dshell,C:\Users\Zhifei Chen\Desktop\pysmell\subjects_for_metrics\Dshell\decoders\smb\smbfiles.py,42,2,,,0,0,0
Dshell,C:\Users\Zhifei Chen\Desktop\pysmell\subjects_for_metrics\Dshell\decoders\smb\smbfiles.py,42,2,,,0,0,0
Dshell,C:\Users\Zhifei Chen\Desktop\pysmell\subjects_for_metrics\Dshell\decoders\smb\smbfiles.py,42,2,,,0,0,0
Dshell,C:\Users\Zhifei Chen\Desktop\pysmell\subjects_for_metrics\Dshell\decoders\smb\smbfiles.py,44,,2,1,0,0,0
Dshell,C:\Users\Zhifei Chen\Desktop\pysmell\subjects_for_metrics\Dshell\decoders\smb\smbfiles.py,56,1,,,0,0,0
Dshell,C:\Users\Zhifei Chen\Desktop\pysmell\subjects_for_metrics\Dshell\decoders\smb\smbfiles.py,104,1,,,0,0,0
Dshell,C:\Users\Zhifei Chen\Desktop\pysmell\subjects_for_metrics\Dshell\decoders\smb\smbfiles.py,130,1,,,0,0,0
Dshell,C:\Users\Zhifei Chen\Desktop\pysmell\subjects_for_metrics\Dshell\decoders\smb\smbfiles.py,139,1,,,0,0,0
Dshell,C:\Users\Zhifei Chen\Desktop\pysmell\subjects_for_metrics\Dshell\decoders\smb\smbfiles.py,162,1,,,0,0,0
Dshell,C:\Users\Zhifei Chen\Desktop\pysmell\subjects_for_metrics\Dshell\decoders\smb\smbfiles.py,167,1,,,0,0,0
Dshell,C:\Users\Zhifei Chen\Desktop\pysmell\subjects_for_metrics\Dshell\decoders\smb\smbfiles.py,173,1,,,0,0,0
Dshell,C:\Users\Zhifei Chen\Desktop\pysmell\subjects_for_metrics\Dshell\decoders\smb\smbfiles.py,183,1,,,0,0,0
Dshell,C:\Users\Zhifei Chen\Desktop\pysmell\subjects_for_metrics\Dshell\decoders\smb\smbfiles.py,194,1,,,0,0,0
Dshell,C:\Users\Zhifei Chen\Desktop\pysmell\subjects_for_metrics\Dshell\decoders\smb\smbfiles.py,203,1,,,0,0,0
Dshell,C:\Users\Zhifei Chen\Desktop\pysmell\subjects_for_metrics\Dshell\decoders\smb\smbfiles.py,204,1,,,0,0,0
Dshell,C:\Users\Zhifei Chen\Desktop\pysmell\subjects_for_metrics\Dshell\decoders\tftp\tftp.py,65,,2,1,0,0,0
Dshell,C:\Users\Zhifei Chen\Desktop\pysmell\subjects_for_metrics\Dshell\decoders\tftp\tftp.py,71,,2,1,0,0,0
Dshell,C:\Users\Zhifei Chen\Desktop\pysmell\subjects_for_metrics\Dshell\decoders\tftp\tftp.py,103,1,,,0,0,0
Dshell,C:\Users\Zhifei Chen\Desktop\pysmell\subjects_for_metrics\Dshell\decoders\tftp\tftp.py,120,1,,,0,0,0
Dshell,C:\Users\Zhifei Chen\Desktop\pysmell\subjects_for_metrics\Dshell\decoders\tftp\tftp.py,128,1,,,0,0,0
Dshell,C:\Users\Zhifei Chen\Desktop\pysmell\subjects_for_metrics\Dshell\decoders\tftp\tftp.py,128,,2,1,0,0,0
Dshell,C:\Users\Zhifei Chen\Desktop\pysmell\subjects_for_metrics\Dshell\decoders\tftp\tftp.py,145,1,,,0,0,0
Dshell,C:\Users\Zhifei Chen\Desktop\pysmell\subjects_for_metrics\Dshell\decoders\tftp\tftp.py,145,,2,1,0,0,0
Dshell,C:\Users\Zhifei Chen\Desktop\pysmell\subjects_for_metrics\Dshell\decoders\tftp\tftp.py,162,1,,,0,0,0
Dshell,C:\Users\Zhifei Chen\Desktop\pysmell\subjects_for_metrics\Dshell\decoders\tftp\tftp.py,162,1,,,0,0,0
Dshell,C:\Users\Zhifei Chen\Desktop\pysmell\subjects_for_metrics\Dshell\decoders\tftp\tftp.py,164,1,,,0,0,0
Dshell,C:\Users\Zhifei Chen\Desktop\pysmell\subjects_for_metrics\Dshell\decoders\tftp\tftp.py,167,1,,,0,0,0
Dshell,C:\Users\Zhifei Chen\Desktop\pysmell\subjects_for_metrics\Dshell\decoders\tftp\tftp.py,168,1,,,0,0,0
Dshell,C:\Users\Zhifei Chen\Desktop\pysmell\subjects_for_metrics\Dshell\decoders\tftp\tftp.py,168,1,,,0,0,0
Dshell,C:\Users\Zhifei Chen\Desktop\pysmell\subjects_for_metrics\Dshell\decoders\tftp\tftp.py,169,1,,,0,0,0
Dshell,C:\Users\Zhifei Chen\Desktop\pysmell\subjects_for_metrics\Dshell\decoders\tftp\tftp.py,176,3,,,1,1,1
Dshell,C:\Users\Zhifei Chen\Desktop\pysmell\subjects_for_metrics\Dshell\decoders\tftp\tftp.py,177,2,,,0,0,0
Dshell,C:\Users\Zhifei Chen\Desktop\pysmell\subjects_for_metrics\Dshell\decoders\tftp\tftp.py,182,1,,,0,0,0
Dshell,C:\Users\Zhifei Chen\Desktop\pysmell\subjects_for_metrics\Dshell\decoders\tftp\tftp.py,182,1,,,0,0,0
Dshell,C:\Users\Zhifei Chen\Desktop\pysmell\subjects_for_metrics\Dshell\decoders\tftp\tftp.py,191,1,,,0,0,0
Dshell,C:\Users\Zhifei Chen\Desktop\pysmell\subjects_for_metrics\Dshell\decoders\tftp\tftp.py,192,1,,,0,0,0
Dshell,C:\Users\Zhifei Chen\Desktop\pysmell\subjects_for_metrics\Dshell\decoders\tftp\tftp.py,193,1,,,0,0,0
Dshell,C:\Users\Zhifei Chen\Desktop\pysmell\subjects_for_metrics\Dshell\decoders\tftp\tftp.py,196,2,,,0,0,0
Dshell,C:\Users\Zhifei Chen\Desktop\pysmell\subjects_for_metrics\Dshell\decoders\tftp\tftp.py,199,2,,,0,0,0
Dshell,C:\Users\Zhifei Chen\Desktop\pysmell\subjects_for_metrics\Dshell\decoders\tftp\tftp.py,206,1,,,0,0,0
Dshell,C:\Users\Zhifei Chen\Desktop\pysmell\subjects_for_metrics\Dshell\decoders\tftp\tftp.py,206,1,,,0,0,0
Dshell,C:\Users\Zhifei Chen\Desktop\pysmell\subjects_for_metrics\Dshell\decoders\tftp\tftp.py,207,1,,,0,0,0
Dshell,C:\Users\Zhifei Chen\Desktop\pysmell\subjects_for_metrics\Dshell\decoders\tftp\tftp.py,212,1,,,0,0,0
Dshell,C:\Users\Zhifei Chen\Desktop\pysmell\subjects_for_metrics\Dshell\decoders\tftp\tftp.py,213,1,,,0,0,0
Dshell,C:\Users\Zhifei Chen\Desktop\pysmell\subjects_for_metrics\Dshell\decoders\tftp\tftp.py,214,1,,,0,0,0
Dshell,C:\Users\Zhifei Chen\Desktop\pysmell\subjects_for_metrics\Dshell\decoders\tftp\tftp.py,226,1,,,0,0,0
Dshell,C:\Users\Zhifei Chen\Desktop\pysmell\subjects_for_metrics\Dshell\decoders\tftp\tftp.py,227,1,,,0,0,0
Dshell,C:\Users\Zhifei Chen\Desktop\pysmell\subjects_for_metrics\Dshell\decoders\tftp\tftp.py,232,1,,,0,0,0
Dshell,C:\Users\Zhifei Chen\Desktop\pysmell\subjects_for_metrics\Dshell\decoders\tftp\tftp.py,233,2,,,0,0,0
Dshell,C:\Users\Zhifei Chen\Desktop\pysmell\subjects_for_metrics\Dshell\decoders\tftp\tftp.py,237,1,,,0,0,0
Dshell,C:\Users\Zhifei Chen\Desktop\pysmell\subjects_for_metrics\Dshell\decoders\tftp\tftp.py,238,1,,,0,0,0
Dshell,C:\Users\Zhifei Chen\Desktop\pysmell\subjects_for_metrics\Dshell\decoders\tftp\tftp.py,238,1,,,0,0,0
Dshell,C:\Users\Zhifei Chen\Desktop\pysmell\subjects_for_metrics\Dshell\decoders\tftp\tftp.py,238,1,,,0,0,0
Dshell,C:\Users\Zhifei Chen\Desktop\pysmell\subjects_for_metrics\Dshell\decoders\tftp\tftp.py,238,1,,,0,0,0
Dshell,C:\Users\Zhifei Chen\Desktop\pysmell\subjects_for_metrics\Dshell\decoders\tftp\tftp.py,244,1,,,0,0,0
Dshell,C:\Users\Zhifei Chen\Desktop\pysmell\subjects_for_metrics\Dshell\decoders\tftp\tftp.py,244,1,,,0,0,0
Dshell,C:\Users\Zhifei Chen\Desktop\pysmell\subjects_for_metrics\Dshell\decoders\tftp\tftp.py,245,1,,,0,0,0
Dshell,C:\Users\Zhifei Chen\Desktop\pysmell\subjects_for_metrics\Dshell\decoders\tftp\tftp.py,245,1,,,0,0,0
Dshell,C:\Users\Zhifei Chen\Desktop\pysmell\subjects_for_metrics\Dshell\decoders\tftp\tftp.py,246,1,,,0,0,0
Dshell,C:\Users\Zhifei Chen\Desktop\pysmell\subjects_for_metrics\Dshell\decoders\tftp\tftp.py,246,1,,,0,0,0
Dshell,C:\Users\Zhifei Chen\Desktop\pysmell\subjects_for_metrics\Dshell\decoders\tftp\tftp.py,246,1,,,0,0,0
Dshell,C:\Users\Zhifei Chen\Desktop\pysmell\subjects_for_metrics\Dshell\decoders\tftp\tftp.py,251,1,,,0,0,0
Dshell,C:\Users\Zhifei Chen\Desktop\pysmell\subjects_for_metrics\Dshell\decoders\tftp\tftp.py,259,2,,,0,0,0
Dshell,C:\Users\Zhifei Chen\Desktop\pysmell\subjects_for_metrics\Dshell\decoders\tftp\tftp.py,261,1,,,0,0,0
Dshell,C:\Users\Zhifei Chen\Desktop\pysmell\subjects_for_metrics\Dshell\lib\dfile.py,143,1,,,0,0,0
Dshell,C:\Users\Zhifei Chen\Desktop\pysmell\subjects_for_metrics\Dshell\lib\dfile.py,165,1,,,0,0,0
Dshell,C:\Users\Zhifei Chen\Desktop\pysmell\subjects_for_metrics\Dshell\lib\dnsdecoder.py,36,2,,,0,0,0
Dshell,C:\Users\Zhifei Chen\Desktop\pysmell\subjects_for_metrics\Dshell\lib\dnsdecoder.py,36,2,,,0,0,0
Dshell,C:\Users\Zhifei Chen\Desktop\pysmell\subjects_for_metrics\Dshell\lib\dnsdecoder.py,36,1,,,0,0,0
Dshell,C:\Users\Zhifei Chen\Desktop\pysmell\subjects_for_metrics\Dshell\lib\dnsdecoder.py,36,1,,,0,0,0
Dshell,C:\Users\Zhifei Chen\Desktop\pysmell\subjects_for_metrics\Dshell\lib\dnsdecoder.py,43,1,,,0,0,0
Dshell,C:\Users\Zhifei Chen\Desktop\pysmell\subjects_for_metrics\Dshell\lib\dnsdecoder.py,46,1,,,0,0,0
Dshell,C:\Users\Zhifei Chen\Desktop\pysmell\subjects_for_metrics\Dshell\lib\dnsdecoder.py,48,1,,,0,0,0
Dshell,C:\Users\Zhifei Chen\Desktop\pysmell\subjects_for_metrics\Dshell\lib\dnsdecoder.py,48,1,,,0,0,0
Dshell,C:\Users\Zhifei Chen\Desktop\pysmell\subjects_for_metrics\Dshell\lib\dnsdecoder.py,49,1,,,0,0,0
Dshell,C:\Users\Zhifei Chen\Desktop\pysmell\subjects_for_metrics\Dshell\lib\dnsdecoder.py,63,1,,,0,0,0
Dshell,C:\Users\Zhifei Chen\Desktop\pysmell\subjects_for_metrics\Dshell\lib\dnsdecoder.py,66,1,,,0,0,0
Dshell,C:\Users\Zhifei Chen\Desktop\pysmell\subjects_for_metrics\Dshell\lib\dnsdecoder.py,68,1,,,0,0,0
Dshell,C:\Users\Zhifei Chen\Desktop\pysmell\subjects_for_metrics\Dshell\lib\dnsdecoder.py,68,1,,,0,0,0
Dshell,C:\Users\Zhifei Chen\Desktop\pysmell\subjects_for_metrics\Dshell\lib\dnsdecoder.py,69,1,,,0,0,0
Dshell,C:\Users\Zhifei Chen\Desktop\pysmell\subjects_for_metrics\Dshell\lib\dnsdecoder.py,74,1,,,0,0,0
Dshell,C:\Users\Zhifei Chen\Desktop\pysmell\subjects_for_metrics\Dshell\lib\dnsdecoder.py,80,1,,,0,0,0
Dshell,C:\Users\Zhifei Chen\Desktop\pysmell\subjects_for_metrics\Dshell\lib\dshell.py,170,1,,,0,0,0
Dshell,C:\Users\Zhifei Chen\Desktop\pysmell\subjects_for_metrics\Dshell\lib\dshell.py,180,1,,,0,0,0
Dshell,C:\Users\Zhifei Chen\Desktop\pysmell\subjects_for_metrics\Dshell\lib\dshell.py,180,1,,,0,0,0
Dshell,C:\Users\Zhifei Chen\Desktop\pysmell\subjects_for_metrics\Dshell\lib\dshell.py,180,1,,,0,0,0
Dshell,C:\Users\Zhifei Chen\Desktop\pysmell\subjects_for_metrics\Dshell\lib\dshell.py,182,1,,,0,0,0
Dshell,C:\Users\Zhifei Chen\Desktop\pysmell\subjects_for_metrics\Dshell\lib\dshell.py,182,1,,,0,0,0
Dshell,C:\Users\Zhifei Chen\Desktop\pysmell\subjects_for_metrics\Dshell\lib\dshell.py,184,1,,,0,0,0
Dshell,C:\Users\Zhifei Chen\Desktop\pysmell\subjects_for_metrics\Dshell\lib\dshell.py,184,1,,,0,0,0
Dshell,C:\Users\Zhifei Chen\Desktop\pysmell\subjects_for_metrics\Dshell\lib\dshell.py,238,1,,,0,0,0
Dshell,C:\Users\Zhifei Chen\Desktop\pysmell\subjects_for_metrics\Dshell\lib\dshell.py,238,1,,,0,0,0
Dshell,C:\Users\Zhifei Chen\Desktop\pysmell\subjects_for_metrics\Dshell\lib\dshell.py,248,1,,,0,0,0
Dshell,C:\Users\Zhifei Chen\Desktop\pysmell\subjects_for_metrics\Dshell\lib\dshell.py,251,1,,,0,0,0
Dshell,C:\Users\Zhifei Chen\Desktop\pysmell\subjects_for_metrics\Dshell\lib\dshell.py,306,1,,,0,0,0
Dshell,C:\Users\Zhifei Chen\Desktop\pysmell\subjects_for_metrics\Dshell\lib\dshell.py,317,1,,,0,0,0
Dshell,C:\Users\Zhifei Chen\Desktop\pysmell\subjects_for_metrics\Dshell\lib\dshell.py,347,1,,,0,0,0
Dshell,C:\Users\Zhifei Chen\Desktop\pysmell\subjects_for_metrics\Dshell\lib\dshell.py,348,1,,,0,0,0
Dshell,C:\Users\Zhifei Chen\Desktop\pysmell\subjects_for_metrics\Dshell\lib\dshell.py,348,1,,,0,0,0
Dshell,C:\Users\Zhifei Chen\Desktop\pysmell\subjects_for_metrics\Dshell\lib\dshell.py,349,1,,,0,0,0
Dshell,C:\Users\Zhifei Chen\Desktop\pysmell\subjects_for_metrics\Dshell\lib\dshell.py,349,1,,,0,0,0
Dshell,C:\Users\Zhifei Chen\Desktop\pysmell\subjects_for_metrics\Dshell\lib\dshell.py,349,1,,,0,0,0
Dshell,C:\Users\Zhifei Chen\Desktop\pysmell\subjects_for_metrics\Dshell\lib\dshell.py,369,2,,,0,0,0
Dshell,C:\Users\Zhifei Chen\Desktop\pysmell\subjects_for_metrics\Dshell\lib\dshell.py,369,2,,,0,0,0
Dshell,C:\Users\Zhifei Chen\Desktop\pysmell\subjects_for_metrics\Dshell\lib\dshell.py,370,1,,,0,0,0
Dshell,C:\Users\Zhifei Chen\Desktop\pysmell\subjects_for_metrics\Dshell\lib\dshell.py,370,1,,,0,0,0
Dshell,C:\Users\Zhifei Chen\Desktop\pysmell\subjects_for_metrics\Dshell\lib\dshell.py,376,1,,,0,0,0
Dshell,C:\Users\Zhifei Chen\Desktop\pysmell\subjects_for_metrics\Dshell\lib\dshell.py,483,1,,,0,0,0
Dshell,C:\Users\Zhifei Chen\Desktop\pysmell\subjects_for_metrics\Dshell\lib\dshell.py,494,1,,,0,0,0
Dshell,C:\Users\Zhifei Chen\Desktop\pysmell\subjects_for_metrics\Dshell\lib\dshell.py,683,1,,,0,0,0
Dshell,C:\Users\Zhifei Chen\Desktop\pysmell\subjects_for_metrics\Dshell\lib\dshell.py,756,1,,,0,0,0
Dshell,C:\Users\Zhifei Chen\Desktop\pysmell\subjects_for_metrics\Dshell\lib\dshell.py,757,1,,,0,0,0
Dshell,C:\Users\Zhifei Chen\Desktop\pysmell\subjects_for_metrics\Dshell\lib\dshell.py,765,1,,,0,0,0
Dshell,C:\Users\Zhifei Chen\Desktop\pysmell\subjects_for_metrics\Dshell\lib\dshell.py,784,1,,,0,0,0
Dshell,C:\Users\Zhifei Chen\Desktop\pysmell\subjects_for_metrics\Dshell\lib\dshell.py,786,1,,,0,0,0
Dshell,C:\Users\Zhifei Chen\Desktop\pysmell\subjects_for_metrics\Dshell\lib\dshell.py,806,,2,1,0,0,0
Dshell,C:\Users\Zhifei Chen\Desktop\pysmell\subjects_for_metrics\Dshell\lib\dshell.py,915,1,,,0,0,0
Dshell,C:\Users\Zhifei Chen\Desktop\pysmell\subjects_for_metrics\Dshell\lib\dshell.py,920,1,,,0,0,0
Dshell,C:\Users\Zhifei Chen\Desktop\pysmell\subjects_for_metrics\Dshell\lib\dshell.py,921,1,,,0,0,0
Dshell,C:\Users\Zhifei Chen\Desktop\pysmell\subjects_for_metrics\Dshell\lib\dshell.py,931,1,,,0,0,0
Dshell,C:\Users\Zhifei Chen\Desktop\pysmell\subjects_for_metrics\Dshell\lib\dshell.py,932,1,,,0,0,0
Dshell,C:\Users\Zhifei Chen\Desktop\pysmell\subjects_for_metrics\Dshell\lib\dshell.py,1033,2,,,0,0,0
Dshell,C:\Users\Zhifei Chen\Desktop\pysmell\subjects_for_metrics\Dshell\lib\dshell.py,1035,1,,,0,0,0
Dshell,C:\Users\Zhifei Chen\Desktop\pysmell\subjects_for_metrics\Dshell\lib\dshell.py,1036,2,,,0,0,0
Dshell,C:\Users\Zhifei Chen\Desktop\pysmell\subjects_for_metrics\Dshell\lib\dshell.py,1037,1,,,0,0,0
Dshell,C:\Users\Zhifei Chen\Desktop\pysmell\subjects_for_metrics\Dshell\lib\dshell.py,1048,2,,,0,0,0
Dshell,C:\Users\Zhifei Chen\Desktop\pysmell\subjects_for_metrics\Dshell\lib\httpdecoder.py,70,2,,,0,0,0
Dshell,C:\Users\Zhifei Chen\Desktop\pysmell\subjects_for_metrics\Dshell\lib\httpdecoder.py,72,2,,,0,0,0
Dshell,C:\Users\Zhifei Chen\Desktop\pysmell\subjects_for_metrics\Dshell\lib\httpdecoder.py,73,2,,,0,0,0
Dshell,C:\Users\Zhifei Chen\Desktop\pysmell\subjects_for_metrics\Dshell\lib\httpdecoder.py,74,1,,,0,0,0
Dshell,C:\Users\Zhifei Chen\Desktop\pysmell\subjects_for_metrics\Dshell\lib\smbdecoder.py,49,1,,,0,0,0
Dshell,C:\Users\Zhifei Chen\Desktop\pysmell\subjects_for_metrics\Dshell\lib\smbdecoder.py,80,2,,,0,0,0
Dshell,C:\Users\Zhifei Chen\Desktop\pysmell\subjects_for_metrics\Dshell\lib\smbdecoder.py,82,1,,,0,0,0
Dshell,C:\Users\Zhifei Chen\Desktop\pysmell\subjects_for_metrics\Dshell\lib\smbdecoder.py,83,2,,,0,0,0
Dshell,C:\Users\Zhifei Chen\Desktop\pysmell\subjects_for_metrics\Dshell\lib\smbdecoder.py,90,2,,,0,0,0
Dshell,C:\Users\Zhifei Chen\Desktop\pysmell\subjects_for_metrics\Dshell\lib\smbdecoder.py,97,1,,,0,0,0
Dshell,C:\Users\Zhifei Chen\Desktop\pysmell\subjects_for_metrics\Dshell\lib\smbdecoder.py,98,1,,,0,0,0
Dshell,C:\Users\Zhifei Chen\Desktop\pysmell\subjects_for_metrics\Dshell\lib\smbdecoder.py,99,2,,,0,0,0
Dshell,C:\Users\Zhifei Chen\Desktop\pysmell\subjects_for_metrics\Dshell\lib\smbdecoder.py,102,2,,,0,0,0
Dshell,C:\Users\Zhifei Chen\Desktop\pysmell\subjects_for_metrics\Dshell\lib\smbdecoder.py,103,1,,,0,0,0
Dshell,C:\Users\Zhifei Chen\Desktop\pysmell\subjects_for_metrics\Dshell\lib\smbdecoder.py,108,1,,,0,0,0
Dshell,C:\Users\Zhifei Chen\Desktop\pysmell\subjects_for_metrics\Dshell\lib\smbdecoder.py,109,2,,,0,0,0
Dshell,C:\Users\Zhifei Chen\Desktop\pysmell\subjects_for_metrics\Dshell\lib\smbdecoder.py,112,2,,,0,0,0
Dshell,C:\Users\Zhifei Chen\Desktop\pysmell\subjects_for_metrics\Dshell\lib\smbdecoder.py,113,1,,,0,0,0
Dshell,C:\Users\Zhifei Chen\Desktop\pysmell\subjects_for_metrics\Dshell\lib\smbdecoder.py,119,1,,,0,0,0
Dshell,C:\Users\Zhifei Chen\Desktop\pysmell\subjects_for_metrics\Dshell\lib\smbdecoder.py,119,1,,,0,0,0
Dshell,C:\Users\Zhifei Chen\Desktop\pysmell\subjects_for_metrics\Dshell\lib\smbdecoder.py,120,1,,,0,0,0
Dshell,C:\Users\Zhifei Chen\Desktop\pysmell\subjects_for_metrics\Dshell\lib\smbdecoder.py,122,1,,,0,0,0
Dshell,C:\Users\Zhifei Chen\Desktop\pysmell\subjects_for_metrics\Dshell\lib\smbdecoder.py,162,1,,,0,0,0
Dshell,C:\Users\Zhifei Chen\Desktop\pysmell\subjects_for_metrics\Dshell\lib\smbdecoder.py,163,1,,,0,0,0
Dshell,C:\Users\Zhifei Chen\Desktop\pysmell\subjects_for_metrics\Dshell\lib\util.py,38,1,,,0,0,0
Dshell,C:\Users\Zhifei Chen\Desktop\pysmell\subjects_for_metrics\Dshell\lib\util.py,41,1,,,0,0,0
Dshell,C:\Users\Zhifei Chen\Desktop\pysmell\subjects_for_metrics\Dshell\lib\util.py,51,1,,,0,0,0
Dshell,C:\Users\Zhifei Chen\Desktop\pysmell\subjects_for_metrics\Dshell\lib\util.py,51,1,,,0,0,0
Dshell,C:\Users\Zhifei Chen\Desktop\pysmell\subjects_for_metrics\Dshell\lib\util.py,51,1,,,0,0,0
Dshell,C:\Users\Zhifei Chen\Desktop\pysmell\subjects_for_metrics\Dshell\lib\util.py,51,1,,,0,0,0
Dshell,C:\Users\Zhifei Chen\Desktop\pysmell\subjects_for_metrics\Dshell\lib\util.py,54,1,,,0,0,0
Dshell,C:\Users\Zhifei Chen\Desktop\pysmell\subjects_for_metrics\Dshell\lib\util.py,58,1,,,0,0,0
Dshell,C:\Users\Zhifei Chen\Desktop\pysmell\subjects_for_metrics\Dshell\lib\util.py,58,1,,,0,0,0
Dshell,C:\Users\Zhifei Chen\Desktop\pysmell\subjects_for_metrics\Dshell\lib\util.py,59,1,,,0,0,0
Dshell,C:\Users\Zhifei Chen\Desktop\pysmell\subjects_for_metrics\Dshell\lib\util.py,59,1,,,0,0,0
Dshell,C:\Users\Zhifei Chen\Desktop\pysmell\subjects_for_metrics\Dshell\lib\util.py,60,1,,,0,0,0
Dshell,C:\Users\Zhifei Chen\Desktop\pysmell\subjects_for_metrics\Dshell\lib\util.py,60,1,,,0,0,0
Dshell,C:\Users\Zhifei Chen\Desktop\pysmell\subjects_for_metrics\Dshell\lib\util.py,61,1,,,0,0,0
Dshell,C:\Users\Zhifei Chen\Desktop\pysmell\subjects_for_metrics\Dshell\lib\util.py,61,1,,,0,0,0
Dshell,C:\Users\Zhifei Chen\Desktop\pysmell\subjects_for_metrics\Dshell\lib\util.py,134,1,,,0,0,0
Dshell,C:\Users\Zhifei Chen\Desktop\pysmell\subjects_for_metrics\Dshell\lib\util.py,155,1,,,0,0,0
Dshell,C:\Users\Zhifei Chen\Desktop\pysmell\subjects_for_metrics\Dshell\lib\util.py,170,1,,,0,0,0
Dshell,C:\Users\Zhifei Chen\Desktop\pysmell\subjects_for_metrics\Dshell\lib\util.py,177,1,,,0,0,0
Dshell,C:\Users\Zhifei Chen\Desktop\pysmell\subjects_for_metrics\Dshell\lib\util.py,200,1,,,0,0,0
Dshell,C:\Users\Zhifei Chen\Desktop\pysmell\subjects_for_metrics\Dshell\lib\util.py,200,1,,,0,0,0
Dshell,C:\Users\Zhifei Chen\Desktop\pysmell\subjects_for_metrics\Dshell\lib\util.py,204,1,,,0,0,0
Dshell,C:\Users\Zhifei Chen\Desktop\pysmell\subjects_for_metrics\Dshell\lib\util.py,232,1,,,0,0,0
Dshell,C:\Users\Zhifei Chen\Desktop\pysmell\subjects_for_metrics\Dshell\lib\util.py,234,1,,,0,0,0
Dshell,C:\Users\Zhifei Chen\Desktop\pysmell\subjects_for_metrics\Dshell\lib\util.py,235,1,,,0,0,0
Dshell,C:\Users\Zhifei Chen\Desktop\pysmell\subjects_for_metrics\Dshell\lib\util.py,236,1,,,0,0,0
Dshell,C:\Users\Zhifei Chen\Desktop\pysmell\subjects_for_metrics\Dshell\lib\util.py,238,1,,,0,0,0
Dshell,C:\Users\Zhifei Chen\Desktop\pysmell\subjects_for_metrics\Dshell\lib\util.py,238,1,,,0,0,0
Dshell,C:\Users\Zhifei Chen\Desktop\pysmell\subjects_for_metrics\Dshell\lib\util.py,240,1,,,0,0,0
Dshell,C:\Users\Zhifei Chen\Desktop\pysmell\subjects_for_metrics\Dshell\lib\output\colorout.py,70,1,,,0,0,0
Dshell,C:\Users\Zhifei Chen\Desktop\pysmell\subjects_for_metrics\Dshell\lib\output\colorout.py,71,1,,,0,0,0
Dshell,C:\Users\Zhifei Chen\Desktop\pysmell\subjects_for_metrics\Dshell\lib\output\colorout.py,78,1,,,0,0,0
Dshell,C:\Users\Zhifei Chen\Desktop\pysmell\subjects_for_metrics\Dshell\lib\output\colorout.py,79,1,,,0,0,0
Dshell,C:\Users\Zhifei Chen\Desktop\pysmell\subjects_for_metrics\Dshell\lib\output\colorout.py,86,1,,,0,0,0
Dshell,C:\Users\Zhifei Chen\Desktop\pysmell\subjects_for_metrics\Dshell\lib\output\colorout.py,88,1,,,0,0,0
Dshell,C:\Users\Zhifei Chen\Desktop\pysmell\subjects_for_metrics\Dshell\lib\output\colorout.py,98,1,,,0,0,0
Dshell,C:\Users\Zhifei Chen\Desktop\pysmell\subjects_for_metrics\Dshell\lib\output\colorout.py,106,1,,,0,0,0
Dshell,C:\Users\Zhifei Chen\Desktop\pysmell\subjects_for_metrics\Dshell\lib\output\colorout.py,172,1,,,0,0,0
Dshell,C:\Users\Zhifei Chen\Desktop\pysmell\subjects_for_metrics\Dshell\lib\output\colorout.py,176,1,,,0,0,0
Dshell,C:\Users\Zhifei Chen\Desktop\pysmell\subjects_for_metrics\Dshell\lib\output\colorout.py,184,1,,,0,0,0
Dshell,C:\Users\Zhifei Chen\Desktop\pysmell\subjects_for_metrics\Dshell\lib\output\colorout.py,185,1,,,0,0,0
Dshell,C:\Users\Zhifei Chen\Desktop\pysmell\subjects_for_metrics\Dshell\lib\output\colorout.py,191,1,,,0,0,0
Dshell,C:\Users\Zhifei Chen\Desktop\pysmell\subjects_for_metrics\Dshell\lib\output\colorout.py,197,1,,,0,0,0
Dshell,C:\Users\Zhifei Chen\Desktop\pysmell\subjects_for_metrics\Dshell\lib\output\colorout.py,200,1,,,0,0,0
Dshell,C:\Users\Zhifei Chen\Desktop\pysmell\subjects_for_metrics\Dshell\lib\output\colorout.py,201,1,,,0,0,0
Dshell,C:\Users\Zhifei Chen\Desktop\pysmell\subjects_for_metrics\Dshell\lib\output\colorout.py,206,1,,,0,0,0
Dshell,C:\Users\Zhifei Chen\Desktop\pysmell\subjects_for_metrics\Dshell\lib\output\colorout.py,207,1,,,0,0,0
Dshell,C:\Users\Zhifei Chen\Desktop\pysmell\subjects_for_metrics\Dshell\lib\output\colorout.py,314,1,,,0,0,0
Dshell,C:\Users\Zhifei Chen\Desktop\pysmell\subjects_for_metrics\Dshell\lib\output\csvout.py,23,,2,1,0,0,0
Dshell,C:\Users\Zhifei Chen\Desktop\pysmell\subjects_for_metrics\Dshell\lib\output\csvout.py,36,1,,,0,0,0
Dshell,C:\Users\Zhifei Chen\Desktop\pysmell\subjects_for_metrics\Dshell\lib\output\csvout.py,37,1,,,0,0,0
Dshell,C:\Users\Zhifei Chen\Desktop\pysmell\subjects_for_metrics\Dshell\lib\output\csvout.py,43,1,,,0,0,0
Dshell,C:\Users\Zhifei Chen\Desktop\pysmell\subjects_for_metrics\Dshell\lib\output\csvout.py,68,1,,,0,0,0
Dshell,C:\Users\Zhifei Chen\Desktop\pysmell\subjects_for_metrics\Dshell\lib\output\jsonout.py,34,1,,,0,0,0
Dshell,C:\Users\Zhifei Chen\Desktop\pysmell\subjects_for_metrics\Dshell\lib\output\jsonout.py,36,1,,,0,0,0
Dshell,C:\Users\Zhifei Chen\Desktop\pysmell\subjects_for_metrics\Dshell\lib\output\jsonout.py,36,1,,,0,0,0
Dshell,C:\Users\Zhifei Chen\Desktop\pysmell\subjects_for_metrics\Dshell\lib\output\jsonout.py,37,1,,,0,0,0
Dshell,C:\Users\Zhifei Chen\Desktop\pysmell\subjects_for_metrics\Dshell\lib\output\jsonout.py,38,1,,,0,0,0
Dshell,C:\Users\Zhifei Chen\Desktop\pysmell\subjects_for_metrics\Dshell\lib\output\jsonout.py,56,1,,,0,0,0
Dshell,C:\Users\Zhifei Chen\Desktop\pysmell\subjects_for_metrics\Dshell\lib\output\jsonout.py,57,1,,,0,0,0
Dshell,C:\Users\Zhifei Chen\Desktop\pysmell\subjects_for_metrics\Dshell\lib\output\jsonout.py,61,1,,,0,0,0
Dshell,C:\Users\Zhifei Chen\Desktop\pysmell\subjects_for_metrics\Dshell\lib\output\jsonout.py,66,1,,,0,0,0
Dshell,C:\Users\Zhifei Chen\Desktop\pysmell\subjects_for_metrics\Dshell\lib\output\jsonout.py,66,1,,,0,0,0
Dshell,C:\Users\Zhifei Chen\Desktop\pysmell\subjects_for_metrics\Dshell\lib\output\jsonout.py,67,1,,,0,0,0
Dshell,C:\Users\Zhifei Chen\Desktop\pysmell\subjects_for_metrics\Dshell\lib\output\jsonout.py,76,1,,,0,0,0
Dshell,C:\Users\Zhifei Chen\Desktop\pysmell\subjects_for_metrics\Dshell\lib\output\jsonout.py,79,1,,,0,0,0
Dshell,C:\Users\Zhifei Chen\Desktop\pysmell\subjects_for_metrics\Dshell\lib\output\jsonout.py,81,1,,,0,0,0
Dshell,C:\Users\Zhifei Chen\Desktop\pysmell\subjects_for_metrics\Dshell\lib\output\netflowout.py,31,1,,,0,0,0
Dshell,C:\Users\Zhifei Chen\Desktop\pysmell\subjects_for_metrics\Dshell\lib\output\netflowout.py,33,1,,,0,0,0
Dshell,C:\Users\Zhifei Chen\Desktop\pysmell\subjects_for_metrics\Dshell\lib\output\netflowout.py,37,1,,,0,0,0
Dshell,C:\Users\Zhifei Chen\Desktop\pysmell\subjects_for_metrics\Dshell\lib\output\netflowout.py,38,1,,,0,0,0
Dshell,C:\Users\Zhifei Chen\Desktop\pysmell\subjects_for_metrics\Dshell\lib\output\netflowout.py,48,1,,,0,0,0
Dshell,C:\Users\Zhifei Chen\Desktop\pysmell\subjects_for_metrics\Dshell\lib\output\netflowout.py,48,1,,,0,0,0
Dshell,C:\Users\Zhifei Chen\Desktop\pysmell\subjects_for_metrics\Dshell\lib\output\netflowout.py,49,1,,,0,0,0
Dshell,C:\Users\Zhifei Chen\Desktop\pysmell\subjects_for_metrics\Dshell\lib\output\netflowout.py,56,1,,,0,0,0
Dshell,C:\Users\Zhifei Chen\Desktop\pysmell\subjects_for_metrics\Dshell\lib\output\netflowout.py,57,1,,,0,0,0
Dshell,C:\Users\Zhifei Chen\Desktop\pysmell\subjects_for_metrics\Dshell\lib\output\netflowout.py,59,1,,,0,0,0
Dshell,C:\Users\Zhifei Chen\Desktop\pysmell\subjects_for_metrics\Dshell\lib\output\netflowout.py,61,1,,,0,0,0
Dshell,C:\Users\Zhifei Chen\Desktop\pysmell\subjects_for_metrics\Dshell\lib\output\netflowout.py,63,1,,,0,0,0
Dshell,C:\Users\Zhifei Chen\Desktop\pysmell\subjects_for_metrics\Dshell\lib\output\netflowout.py,65,1,,,0,0,0
Dshell,C:\Users\Zhifei Chen\Desktop\pysmell\subjects_for_metrics\Dshell\lib\output\netflowout.py,67,1,,,0,0,0
Dshell,C:\Users\Zhifei Chen\Desktop\pysmell\subjects_for_metrics\Dshell\lib\output\netflowout.py,69,1,,,0,0,0
Dshell,C:\Users\Zhifei Chen\Desktop\pysmell\subjects_for_metrics\Dshell\lib\output\netflowout.py,71,1,,,0,0,0
Dshell,C:\Users\Zhifei Chen\Desktop\pysmell\subjects_for_metrics\Dshell\lib\output\netflowout.py,73,1,,,0,0,0
Dshell,C:\Users\Zhifei Chen\Desktop\pysmell\subjects_for_metrics\Dshell\lib\output\netflowout.py,75,1,,,0,0,0
Dshell,C:\Users\Zhifei Chen\Desktop\pysmell\subjects_for_metrics\Dshell\lib\output\netflowout.py,77,1,,,0,0,0
Dshell,C:\Users\Zhifei Chen\Desktop\pysmell\subjects_for_metrics\Dshell\lib\output\netflowout.py,80,1,,,0,0,0
Dshell,C:\Users\Zhifei Chen\Desktop\pysmell\subjects_for_metrics\Dshell\lib\output\netflowout.py,80,1,,,0,0,0
Dshell,C:\Users\Zhifei Chen\Desktop\pysmell\subjects_for_metrics\Dshell\lib\output\output.py,49,1,,,0,0,0
Dshell,C:\Users\Zhifei Chen\Desktop\pysmell\subjects_for_metrics\Dshell\lib\output\output.py,96,1,,,0,0,0
Dshell,C:\Users\Zhifei Chen\Desktop\pysmell\subjects_for_metrics\Dshell\lib\output\output.py,102,1,,,0,0,0
Dshell,C:\Users\Zhifei Chen\Desktop\pysmell\subjects_for_metrics\Dshell\lib\output\output.py,106,1,,,0,0,0
Dshell,C:\Users\Zhifei Chen\Desktop\pysmell\subjects_for_metrics\Dshell\lib\output\output.py,107,1,,,0,0,0
Dshell,C:\Users\Zhifei Chen\Desktop\pysmell\subjects_for_metrics\Dshell\lib\output\output.py,110,1,,,0,0,0
Dshell,C:\Users\Zhifei Chen\Desktop\pysmell\subjects_for_metrics\Dshell\lib\output\output.py,113,1,,,0,0,0
Dshell,C:\Users\Zhifei Chen\Desktop\pysmell\subjects_for_metrics\Dshell\lib\output\output.py,116,1,,,0,0,0
Dshell,C:\Users\Zhifei Chen\Desktop\pysmell\subjects_for_metrics\Dshell\lib\output\output.py,133,1,,,0,0,0
Dshell,C:\Users\Zhifei Chen\Desktop\pysmell\subjects_for_metrics\Dshell\lib\output\output.py,146,1,,,0,0,0
Dshell,C:\Users\Zhifei Chen\Desktop\pysmell\subjects_for_metrics\Dshell\lib\output\output.py,147,1,,,0,0,0
Dshell,C:\Users\Zhifei Chen\Desktop\pysmell\subjects_for_metrics\Dshell\lib\output\output.py,148,1,,,0,0,0
Dshell,C:\Users\Zhifei Chen\Desktop\pysmell\subjects_for_metrics\Dshell\lib\output\output.py,150,1,,,0,0,0
Dshell,C:\Users\Zhifei Chen\Desktop\pysmell\subjects_for_metrics\Dshell\lib\output\output.py,152,1,,,0,0,0
Dshell,C:\Users\Zhifei Chen\Desktop\pysmell\subjects_for_metrics\Dshell\lib\output\output.py,154,1,,,0,0,0
Dshell,C:\Users\Zhifei Chen\Desktop\pysmell\subjects_for_metrics\Dshell\lib\output\output.py,156,1,,,0,0,0
Dshell,C:\Users\Zhifei Chen\Desktop\pysmell\subjects_for_metrics\Dshell\lib\output\output.py,157,1,,,0,0,0
Dshell,C:\Users\Zhifei Chen\Desktop\pysmell\subjects_for_metrics\Dshell\lib\output\output.py,163,1,,,0,0,0
Dshell,C:\Users\Zhifei Chen\Desktop\pysmell\subjects_for_metrics\Dshell\lib\output\output.py,163,1,,,0,0,0
Dshell,C:\Users\Zhifei Chen\Desktop\pysmell\subjects_for_metrics\Dshell\lib\output\output.py,167,1,,,0,0,0
Dshell,C:\Users\Zhifei Chen\Desktop\pysmell\subjects_for_metrics\Dshell\lib\output\output.py,167,1,,,0,0,0
Dshell,C:\Users\Zhifei Chen\Desktop\pysmell\subjects_for_metrics\Dshell\lib\output\output.py,173,1,,,0,0,0
Dshell,C:\Users\Zhifei Chen\Desktop\pysmell\subjects_for_metrics\Dshell\lib\output\output.py,182,1,,,0,0,0
Dshell,C:\Users\Zhifei Chen\Desktop\pysmell\subjects_for_metrics\Dshell\lib\output\output.py,214,1,,,0,0,0
Dshell,C:\Users\Zhifei Chen\Desktop\pysmell\subjects_for_metrics\Dshell\lib\output\output.py,217,1,,,0,0,0
Dshell,C:\Users\Zhifei Chen\Desktop\pysmell\subjects_for_metrics\Dshell\lib\output\output.py,219,1,,,0,0,0
Dshell,C:\Users\Zhifei Chen\Desktop\pysmell\subjects_for_metrics\Dshell\lib\output\output.py,222,1,,,0,0,0
Dshell,C:\Users\Zhifei Chen\Desktop\pysmell\subjects_for_metrics\Dshell\lib\output\output.py,309,,2,1,0,0,0
Dshell,C:\Users\Zhifei Chen\Desktop\pysmell\subjects_for_metrics\Dshell\lib\output\output.py,354,1,,,0,0,0
Dshell,C:\Users\Zhifei Chen\Desktop\pysmell\subjects_for_metrics\Dshell\lib\output\output.py,357,1,,,0,0,0
Dshell,C:\Users\Zhifei Chen\Desktop\pysmell\subjects_for_metrics\Dshell\lib\output\output.py,357,1,,,0,0,0
Dshell,C:\Users\Zhifei Chen\Desktop\pysmell\subjects_for_metrics\Dshell\lib\output\output.py,358,1,,,0,0,0
Dshell,C:\Users\Zhifei Chen\Desktop\pysmell\subjects_for_metrics\Dshell\lib\output\output.py,359,1,,,0,0,0
Dshell,C:\Users\Zhifei Chen\Desktop\pysmell\subjects_for_metrics\Dshell\lib\output\output.py,361,1,,,0,0,0
Dshell,C:\Users\Zhifei Chen\Desktop\pysmell\subjects_for_metrics\Dshell\lib\output\output.py,364,1,,,0,0,0
Dshell,C:\Users\Zhifei Chen\Desktop\pysmell\subjects_for_metrics\Dshell\lib\output\output.py,372,1,,,0,0,0
Dshell,C:\Users\Zhifei Chen\Desktop\pysmell\subjects_for_metrics\Dshell\lib\output\output.py,413,1,,,0,0,0
Dshell,C:\Users\Zhifei Chen\Desktop\pysmell\subjects_for_metrics\Dshell\lib\output\output.py,423,2,,,0,0,0
Dshell,C:\Users\Zhifei Chen\Desktop\pysmell\subjects_for_metrics\Dshell\lib\output\output.py,433,1,,,0,0,0
Dshell,C:\Users\Zhifei Chen\Desktop\pysmell\subjects_for_metrics\Dshell\lib\output\output.py,434,1,,,0,0,0
Dshell,C:\Users\Zhifei Chen\Desktop\pysmell\subjects_for_metrics\Dshell\lib\output\output.py,435,1,,,0,0,0
Dshell,C:\Users\Zhifei Chen\Desktop\pysmell\subjects_for_metrics\Dshell\lib\output\xmlout.py,36,1,,,0,0,0
Dshell,C:\Users\Zhifei Chen\Desktop\pysmell\subjects_for_metrics\Dshell\lib\output\xmlout.py,40,1,,,0,0,0
