subject,file,lineno,NOC,NOFF,NOO,experience-based,statistics-based,tuning machine
compose,C:\Users\Zhifei Chen\Desktop\pysmell\subjects_for_metrics\compose\compose\container.py,102,62,1,11,0,0,0
compose,C:\Users\Zhifei Chen\Desktop\pysmell\subjects_for_metrics\compose\compose\container.py,130,56,1,12,0,0,0
compose,C:\Users\Zhifei Chen\Desktop\pysmell\subjects_for_metrics\compose\compose\legacy.py,64,24,1,4,0,0,0
compose,C:\Users\Zhifei Chen\Desktop\pysmell\subjects_for_metrics\compose\compose\legacy.py,65,32,1,4,0,0,0
compose,C:\Users\Zhifei Chen\Desktop\pysmell\subjects_for_metrics\compose\compose\legacy.py,73,32,1,4,0,0,0
compose,C:\Users\Zhifei Chen\Desktop\pysmell\subjects_for_metrics\compose\compose\legacy.py,90,33,1,6,0,0,0
compose,C:\Users\Zhifei Chen\Desktop\pysmell\subjects_for_metrics\compose\compose\legacy.py,103,41,1,6,0,0,0
compose,C:\Users\Zhifei Chen\Desktop\pysmell\subjects_for_metrics\compose\compose\project.py,37,35,1,8,0,0,0
compose,C:\Users\Zhifei Chen\Desktop\pysmell\subjects_for_metrics\compose\compose\project.py,41,72,1,6,0,0,0
compose,C:\Users\Zhifei Chen\Desktop\pysmell\subjects_for_metrics\compose\compose\project.py,48,218,2,30,1,1,1
compose,C:\Users\Zhifei Chen\Desktop\pysmell\subjects_for_metrics\compose\compose\project.py,121,39,1,5,0,0,0
compose,C:\Users\Zhifei Chen\Desktop\pysmell\subjects_for_metrics\compose\compose\project.py,164,46,1,6,0,0,0
compose,C:\Users\Zhifei Chen\Desktop\pysmell\subjects_for_metrics\compose\compose\project.py,165,37,2,7,0,0,0
compose,C:\Users\Zhifei Chen\Desktop\pysmell\subjects_for_metrics\compose\compose\project.py,171,50,2,9,0,0,0
compose,C:\Users\Zhifei Chen\Desktop\pysmell\subjects_for_metrics\compose\compose\project.py,268,42,2,6,0,0,0
compose,C:\Users\Zhifei Chen\Desktop\pysmell\subjects_for_metrics\compose\compose\project.py,305,132,2,13,1,0,0
compose,C:\Users\Zhifei Chen\Desktop\pysmell\subjects_for_metrics\compose\compose\project.py,319,98,2,15,1,0,0
compose,C:\Users\Zhifei Chen\Desktop\pysmell\subjects_for_metrics\compose\compose\project.py,348,139,1,18,1,0,0
compose,C:\Users\Zhifei Chen\Desktop\pysmell\subjects_for_metrics\compose\compose\project.py,363,45,2,6,0,0,0
compose,C:\Users\Zhifei Chen\Desktop\pysmell\subjects_for_metrics\compose\compose\project.py,401,37,2,6,0,0,0
compose,C:\Users\Zhifei Chen\Desktop\pysmell\subjects_for_metrics\compose\compose\project.py,409,53,1,8,0,0,0
compose,C:\Users\Zhifei Chen\Desktop\pysmell\subjects_for_metrics\compose\compose\service.py,138,107,1,13,1,0,0
compose,C:\Users\Zhifei Chen\Desktop\pysmell\subjects_for_metrics\compose\compose\service.py,234,42,2,6,0,0,0
compose,C:\Users\Zhifei Chen\Desktop\pysmell\subjects_for_metrics\compose\compose\service.py,256,65,1,8,0,0,0
compose,C:\Users\Zhifei Chen\Desktop\pysmell\subjects_for_metrics\compose\compose\service.py,283,57,2,9,0,0,0
compose,C:\Users\Zhifei Chen\Desktop\pysmell\subjects_for_metrics\compose\compose\service.py,367,38,2,6,0,0,0
compose,C:\Users\Zhifei Chen\Desktop\pysmell\subjects_for_metrics\compose\compose\service.py,415,60,1,7,0,0,0
compose,C:\Users\Zhifei Chen\Desktop\pysmell\subjects_for_metrics\compose\compose\service.py,523,40,1,7,0,0,0
compose,C:\Users\Zhifei Chen\Desktop\pysmell\subjects_for_metrics\compose\compose\service.py,526,52,1,9,0,0,0
compose,C:\Users\Zhifei Chen\Desktop\pysmell\subjects_for_metrics\compose\compose\service.py,529,68,2,11,0,0,0
compose,C:\Users\Zhifei Chen\Desktop\pysmell\subjects_for_metrics\compose\compose\service.py,539,136,1,18,1,0,0
compose,C:\Users\Zhifei Chen\Desktop\pysmell\subjects_for_metrics\compose\compose\service.py,544,26,1,4,0,0,0
compose,C:\Users\Zhifei Chen\Desktop\pysmell\subjects_for_metrics\compose\compose\service.py,584,64,2,12,0,0,0
compose,C:\Users\Zhifei Chen\Desktop\pysmell\subjects_for_metrics\compose\compose\service.py,628,71,1,10,0,0,0
compose,C:\Users\Zhifei Chen\Desktop\pysmell\subjects_for_metrics\compose\compose\service.py,902,96,2,12,1,0,0
compose,C:\Users\Zhifei Chen\Desktop\pysmell\subjects_for_metrics\compose\compose\service.py,1033,45,1,7,0,0,0
compose,C:\Users\Zhifei Chen\Desktop\pysmell\subjects_for_metrics\compose\compose\cli\command.py,77,38,1,5,0,0,0
compose,C:\Users\Zhifei Chen\Desktop\pysmell\subjects_for_metrics\compose\compose\cli\formatter.py,20,19,1,3,0,0,0
compose,C:\Users\Zhifei Chen\Desktop\pysmell\subjects_for_metrics\compose\compose\cli\log_printer.py,56,61,1,6,0,0,0
compose,C:\Users\Zhifei Chen\Desktop\pysmell\subjects_for_metrics\compose\compose\cli\main.py,107,40,1,8,0,0,0
compose,C:\Users\Zhifei Chen\Desktop\pysmell\subjects_for_metrics\compose\compose\cli\main.py,318,42,2,6,0,0,0
compose,C:\Users\Zhifei Chen\Desktop\pysmell\subjects_for_metrics\compose\compose\cli\main.py,639,47,2,7,0,0,0
compose,C:\Users\Zhifei Chen\Desktop\pysmell\subjects_for_metrics\compose\compose\cli\main.py,658,24,1,4,0,0,0
compose,C:\Users\Zhifei Chen\Desktop\pysmell\subjects_for_metrics\compose\compose\cli\verbose_proxy.py,10,19,1,5,0,0,0
compose,C:\Users\Zhifei Chen\Desktop\pysmell\subjects_for_metrics\compose\compose\cli\verbose_proxy.py,11,59,1,9,0,0,0
compose,C:\Users\Zhifei Chen\Desktop\pysmell\subjects_for_metrics\compose\compose\config\config.py,109,41,1,8,0,0,0
compose,C:\Users\Zhifei Chen\Desktop\pysmell\subjects_for_metrics\compose\compose\config\config.py,116,43,1,8,0,0,0
compose,C:\Users\Zhifei Chen\Desktop\pysmell\subjects_for_metrics\compose\compose\config\config.py,156,77,2,13,1,0,0
compose,C:\Users\Zhifei Chen\Desktop\pysmell\subjects_for_metrics\compose\compose\config\config.py,189,95,1,11,0,0,0
compose,C:\Users\Zhifei Chen\Desktop\pysmell\subjects_for_metrics\compose\compose\config\config.py,196,104,1,15,1,0,0
compose,C:\Users\Zhifei Chen\Desktop\pysmell\subjects_for_metrics\compose\compose\config\config.py,261,50,1,11,0,0,0
compose,C:\Users\Zhifei Chen\Desktop\pysmell\subjects_for_metrics\compose\compose\config\config.py,434,49,1,6,0,0,0
compose,C:\Users\Zhifei Chen\Desktop\pysmell\subjects_for_metrics\compose\compose\config\config.py,442,31,1,5,0,0,0
compose,C:\Users\Zhifei Chen\Desktop\pysmell\subjects_for_metrics\compose\compose\config\config.py,489,86,1,11,0,0,0
compose,C:\Users\Zhifei Chen\Desktop\pysmell\subjects_for_metrics\compose\compose\config\config.py,527,42,1,5,0,0,0
compose,C:\Users\Zhifei Chen\Desktop\pysmell\subjects_for_metrics\compose\compose\config\config.py,533,37,1,7,0,0,0
compose,C:\Users\Zhifei Chen\Desktop\pysmell\subjects_for_metrics\compose\compose\config\config.py,575,28,1,5,0,0,0
compose,C:\Users\Zhifei Chen\Desktop\pysmell\subjects_for_metrics\compose\compose\config\errors.py,16,78,1,10,0,0,0
compose,C:\Users\Zhifei Chen\Desktop\pysmell\subjects_for_metrics\compose\compose\config\interpolation.py,15,113,1,13,1,0,0
compose,C:\Users\Zhifei Chen\Desktop\pysmell\subjects_for_metrics\compose\compose\config\interpolation.py,29,89,1,14,1,0,0
compose,C:\Users\Zhifei Chen\Desktop\pysmell\subjects_for_metrics\compose\compose\config\interpolation.py,54,67,1,12,1,0,0
compose,C:\Users\Zhifei Chen\Desktop\pysmell\subjects_for_metrics\compose\compose\config\interpolation.py,58,47,1,6,0,0,0
compose,C:\Users\Zhifei Chen\Desktop\pysmell\subjects_for_metrics\compose\compose\config\validation.py,159,67,2,8,0,0,0
compose,C:\Users\Zhifei Chen\Desktop\pysmell\subjects_for_metrics\compose\compose\config\validation.py,163,79,2,8,0,0,0
compose,C:\Users\Zhifei Chen\Desktop\pysmell\subjects_for_metrics\compose\compose\config\validation.py,168,57,2,10,0,0,0
compose,C:\Users\Zhifei Chen\Desktop\pysmell\subjects_for_metrics\compose\compose\config\validation.py,172,95,2,14,1,0,0
compose,C:\Users\Zhifei Chen\Desktop\pysmell\subjects_for_metrics\compose\compose\config\validation.py,182,70,2,8,0,0,0
compose,C:\Users\Zhifei Chen\Desktop\pysmell\subjects_for_metrics\compose\compose\config\validation.py,189,79,2,9,0,0,0
compose,C:\Users\Zhifei Chen\Desktop\pysmell\subjects_for_metrics\compose\compose\config\validation.py,256,28,1,6,0,0,0
compose,C:\Users\Zhifei Chen\Desktop\pysmell\subjects_for_metrics\compose\compose\config\validation.py,281,28,1,6,0,0,0
compose,C:\Users\Zhifei Chen\Desktop\pysmell\subjects_for_metrics\compose\compose\config\validation.py,318,70,1,9,0,0,0
compose,C:\Users\Zhifei Chen\Desktop\pysmell\subjects_for_metrics\compose\script\versions.py,83,95,1,14,1,0,0
compose,C:\Users\Zhifei Chen\Desktop\pysmell\subjects_for_metrics\compose\script\versions.py,94,40,1,9,0,0,0
compose,C:\Users\Zhifei Chen\Desktop\pysmell\subjects_for_metrics\compose\script\versions.py,113,51,1,10,0,0,0
compose,C:\Users\Zhifei Chen\Desktop\pysmell\subjects_for_metrics\compose\tests\integration\cli_test.py,259,32,1,6,0,0,0
compose,C:\Users\Zhifei Chen\Desktop\pysmell\subjects_for_metrics\compose\tests\integration\cli_test.py,264,32,1,6,0,0,0
compose,C:\Users\Zhifei Chen\Desktop\pysmell\subjects_for_metrics\compose\tests\integration\cli_test.py,273,32,1,6,0,0,0
compose,C:\Users\Zhifei Chen\Desktop\pysmell\subjects_for_metrics\compose\tests\integration\cli_test.py,278,32,1,6,0,0,0
compose,C:\Users\Zhifei Chen\Desktop\pysmell\subjects_for_metrics\compose\tests\integration\cli_test.py,335,27,1,6,0,0,0
compose,C:\Users\Zhifei Chen\Desktop\pysmell\subjects_for_metrics\compose\tests\integration\cli_test.py,340,27,1,6,0,0,0
compose,C:\Users\Zhifei Chen\Desktop\pysmell\subjects_for_metrics\compose\tests\integration\cli_test.py,353,42,1,4,0,0,0
compose,C:\Users\Zhifei Chen\Desktop\pysmell\subjects_for_metrics\compose\tests\integration\cli_test.py,361,42,1,4,0,0,0
compose,C:\Users\Zhifei Chen\Desktop\pysmell\subjects_for_metrics\compose\tests\integration\cli_test.py,724,35,1,6,0,0,0
compose,C:\Users\Zhifei Chen\Desktop\pysmell\subjects_for_metrics\compose\tests\integration\legacy_test.py,141,27,1,5,0,0,0
compose,C:\Users\Zhifei Chen\Desktop\pysmell\subjects_for_metrics\compose\tests\integration\project_test.py,40,24,1,4,0,0,0
compose,C:\Users\Zhifei Chen\Desktop\pysmell\subjects_for_metrics\compose\tests\integration\project_test.py,163,34,1,6,0,0,0
compose,C:\Users\Zhifei Chen\Desktop\pysmell\subjects_for_metrics\compose\tests\integration\project_test.py,166,34,1,6,0,0,0
compose,C:\Users\Zhifei Chen\Desktop\pysmell\subjects_for_metrics\compose\tests\integration\project_test.py,170,47,2,8,0,0,0
compose,C:\Users\Zhifei Chen\Desktop\pysmell\subjects_for_metrics\compose\tests\integration\project_test.py,174,47,2,8,0,0,0
compose,C:\Users\Zhifei Chen\Desktop\pysmell\subjects_for_metrics\compose\tests\integration\project_test.py,178,47,2,8,0,0,0
compose,C:\Users\Zhifei Chen\Desktop\pysmell\subjects_for_metrics\compose\tests\integration\project_test.py,181,47,2,8,0,0,0
compose,C:\Users\Zhifei Chen\Desktop\pysmell\subjects_for_metrics\compose\tests\integration\project_test.py,184,34,1,6,0,0,0
compose,C:\Users\Zhifei Chen\Desktop\pysmell\subjects_for_metrics\compose\tests\integration\project_test.py,235,46,2,9,0,0,0
compose,C:\Users\Zhifei Chen\Desktop\pysmell\subjects_for_metrics\compose\tests\integration\project_test.py,254,46,2,9,0,0,0
compose,C:\Users\Zhifei Chen\Desktop\pysmell\subjects_for_metrics\compose\tests\integration\project_test.py,279,34,1,4,0,0,0
compose,C:\Users\Zhifei Chen\Desktop\pysmell\subjects_for_metrics\compose\tests\integration\project_test.py,281,40,2,7,0,0,0
compose,C:\Users\Zhifei Chen\Desktop\pysmell\subjects_for_metrics\compose\tests\integration\service_test.py,53,30,1,6,0,0,0
compose,C:\Users\Zhifei Chen\Desktop\pysmell\subjects_for_metrics\compose\tests\integration\service_test.py,857,45,1,7,0,0,0
compose,C:\Users\Zhifei Chen\Desktop\pysmell\subjects_for_metrics\compose\tests\integration\state_test.py,56,58,2,7,0,0,0
compose,C:\Users\Zhifei Chen\Desktop\pysmell\subjects_for_metrics\compose\tests\integration\state_test.py,57,59,2,7,0,0,0
compose,C:\Users\Zhifei Chen\Desktop\pysmell\subjects_for_metrics\compose\tests\integration\state_test.py,116,40,1,4,0,0,0
compose,C:\Users\Zhifei Chen\Desktop\pysmell\subjects_for_metrics\compose\tests\integration\state_test.py,127,61,1,6,0,0,0
compose,C:\Users\Zhifei Chen\Desktop\pysmell\subjects_for_metrics\compose\tests\integration\state_test.py,138,61,1,6,0,0,0
compose,C:\Users\Zhifei Chen\Desktop\pysmell\subjects_for_metrics\compose\tests\integration\state_test.py,149,61,1,6,0,0,0
compose,C:\Users\Zhifei Chen\Desktop\pysmell\subjects_for_metrics\compose\tests\integration\state_test.py,215,30,1,4,0,0,0
compose,C:\Users\Zhifei Chen\Desktop\pysmell\subjects_for_metrics\compose\tests\unit\container_test.py,49,57,1,8,0,0,0
compose,C:\Users\Zhifei Chen\Desktop\pysmell\subjects_for_metrics\compose\tests\unit\multiplexer_test.py,13,11,1,3,0,0,0
compose,C:\Users\Zhifei Chen\Desktop\pysmell\subjects_for_metrics\compose\tests\unit\multiplexer_test.py,14,11,1,3,0,0,0
compose,C:\Users\Zhifei Chen\Desktop\pysmell\subjects_for_metrics\compose\tests\unit\multiplexer_test.py,21,16,1,6,0,0,0
compose,C:\Users\Zhifei Chen\Desktop\pysmell\subjects_for_metrics\compose\tests\unit\multiplexer_test.py,22,16,1,6,0,0,0
compose,C:\Users\Zhifei Chen\Desktop\pysmell\subjects_for_metrics\compose\tests\unit\multiplexer_test.py,41,16,1,6,0,0,0
compose,C:\Users\Zhifei Chen\Desktop\pysmell\subjects_for_metrics\compose\tests\unit\project_test.py,200,73,1,7,0,0,0
compose,C:\Users\Zhifei Chen\Desktop\pysmell\subjects_for_metrics\compose\tests\unit\project_test.py,288,32,1,6,0,0,0
compose,C:\Users\Zhifei Chen\Desktop\pysmell\subjects_for_metrics\compose\tests\unit\service_test.py,47,51,1,11,0,0,0
compose,C:\Users\Zhifei Chen\Desktop\pysmell\subjects_for_metrics\compose\tests\unit\service_test.py,50,32,1,6,0,0,0
compose,C:\Users\Zhifei Chen\Desktop\pysmell\subjects_for_metrics\compose\tests\unit\service_test.py,70,32,1,6,0,0,0
compose,C:\Users\Zhifei Chen\Desktop\pysmell\subjects_for_metrics\compose\tests\unit\service_test.py,96,73,1,7,0,0,0
compose,C:\Users\Zhifei Chen\Desktop\pysmell\subjects_for_metrics\compose\tests\unit\service_test.py,108,88,1,12,1,0,0
compose,C:\Users\Zhifei Chen\Desktop\pysmell\subjects_for_metrics\compose\tests\unit\config\config_test.py,469,44,1,9,0,0,0
