subject,file,lineno,PAR,experience-based,statistics-based,tuning machine
compose,C:\Users\Zhifei Chen\Desktop\pysmell\subjects_for_metrics\compose\setup.py,15,1,0,0,0
compose,C:\Users\Zhifei Chen\Desktop\pysmell\subjects_for_metrics\compose\setup.py,21,1,0,0,0
compose,C:\Users\Zhifei Chen\Desktop\pysmell\subjects_for_metrics\compose\compose\container.py,18,3,0,0,0
compose,C:\Users\Zhifei Chen\Desktop\pysmell\subjects_for_metrics\compose\compose\container.py,23,4,0,1,0
compose,C:\Users\Zhifei Chen\Desktop\pysmell\subjects_for_metrics\compose\compose\container.py,39,3,0,0,0
compose,C:\Users\Zhifei Chen\Desktop\pysmell\subjects_for_metrics\compose\compose\container.py,43,3,0,0,0
compose,C:\Users\Zhifei Chen\Desktop\pysmell\subjects_for_metrics\compose\compose\container.py,48,1,0,0,0
compose,C:\Users\Zhifei Chen\Desktop\pysmell\subjects_for_metrics\compose\compose\container.py,52,1,0,0,0
compose,C:\Users\Zhifei Chen\Desktop\pysmell\subjects_for_metrics\compose\compose\container.py,56,1,0,0,0
compose,C:\Users\Zhifei Chen\Desktop\pysmell\subjects_for_metrics\compose\compose\container.py,60,1,0,0,0
compose,C:\Users\Zhifei Chen\Desktop\pysmell\subjects_for_metrics\compose\compose\container.py,64,1,0,0,0
compose,C:\Users\Zhifei Chen\Desktop\pysmell\subjects_for_metrics\compose\compose\container.py,68,1,0,0,0
compose,C:\Users\Zhifei Chen\Desktop\pysmell\subjects_for_metrics\compose\compose\container.py,72,1,0,0,0
compose,C:\Users\Zhifei Chen\Desktop\pysmell\subjects_for_metrics\compose\compose\container.py,81,1,0,0,0
compose,C:\Users\Zhifei Chen\Desktop\pysmell\subjects_for_metrics\compose\compose\container.py,89,1,0,0,0
compose,C:\Users\Zhifei Chen\Desktop\pysmell\subjects_for_metrics\compose\compose\container.py,94,1,0,0,0
compose,C:\Users\Zhifei Chen\Desktop\pysmell\subjects_for_metrics\compose\compose\container.py,96,2,0,0,0
compose,C:\Users\Zhifei Chen\Desktop\pysmell\subjects_for_metrics\compose\compose\container.py,105,1,0,0,0
compose,C:\Users\Zhifei Chen\Desktop\pysmell\subjects_for_metrics\compose\compose\container.py,109,1,0,0,0
compose,C:\Users\Zhifei Chen\Desktop\pysmell\subjects_for_metrics\compose\compose\container.py,113,1,0,0,0
compose,C:\Users\Zhifei Chen\Desktop\pysmell\subjects_for_metrics\compose\compose\container.py,122,1,0,0,0
compose,C:\Users\Zhifei Chen\Desktop\pysmell\subjects_for_metrics\compose\compose\container.py,128,1,0,0,0
compose,C:\Users\Zhifei Chen\Desktop\pysmell\subjects_for_metrics\compose\compose\container.py,132,1,0,0,0
compose,C:\Users\Zhifei Chen\Desktop\pysmell\subjects_for_metrics\compose\compose\container.py,136,1,0,0,0
compose,C:\Users\Zhifei Chen\Desktop\pysmell\subjects_for_metrics\compose\compose\container.py,140,1,0,0,0
compose,C:\Users\Zhifei Chen\Desktop\pysmell\subjects_for_metrics\compose\compose\container.py,144,1,0,0,0
compose,C:\Users\Zhifei Chen\Desktop\pysmell\subjects_for_metrics\compose\compose\container.py,149,2,0,0,0
compose,C:\Users\Zhifei Chen\Desktop\pysmell\subjects_for_metrics\compose\compose\container.py,157,2,0,0,0
compose,C:\Users\Zhifei Chen\Desktop\pysmell\subjects_for_metrics\compose\compose\container.py,162,2,0,0,0
compose,C:\Users\Zhifei Chen\Desktop\pysmell\subjects_for_metrics\compose\compose\container.py,166,2,0,0,0
compose,C:\Users\Zhifei Chen\Desktop\pysmell\subjects_for_metrics\compose\compose\container.py,169,2,0,0,0
compose,C:\Users\Zhifei Chen\Desktop\pysmell\subjects_for_metrics\compose\compose\container.py,172,2,0,0,0
compose,C:\Users\Zhifei Chen\Desktop\pysmell\subjects_for_metrics\compose\compose\container.py,175,2,0,0,0
compose,C:\Users\Zhifei Chen\Desktop\pysmell\subjects_for_metrics\compose\compose\container.py,178,2,0,0,0
compose,C:\Users\Zhifei Chen\Desktop\pysmell\subjects_for_metrics\compose\compose\container.py,181,2,0,0,0
compose,C:\Users\Zhifei Chen\Desktop\pysmell\subjects_for_metrics\compose\compose\container.py,184,2,0,0,0
compose,C:\Users\Zhifei Chen\Desktop\pysmell\subjects_for_metrics\compose\compose\container.py,187,1,0,0,0
compose,C:\Users\Zhifei Chen\Desktop\pysmell\subjects_for_metrics\compose\compose\container.py,191,1,0,0,0
compose,C:\Users\Zhifei Chen\Desktop\pysmell\subjects_for_metrics\compose\compose\container.py,194,3,0,0,0
compose,C:\Users\Zhifei Chen\Desktop\pysmell\subjects_for_metrics\compose\compose\container.py,197,1,0,0,0
compose,C:\Users\Zhifei Chen\Desktop\pysmell\subjects_for_metrics\compose\compose\container.py,203,1,0,0,0
compose,C:\Users\Zhifei Chen\Desktop\pysmell\subjects_for_metrics\compose\compose\container.py,212,3,0,0,0
compose,C:\Users\Zhifei Chen\Desktop\pysmell\subjects_for_metrics\compose\compose\container.py,215,1,0,0,0
compose,C:\Users\Zhifei Chen\Desktop\pysmell\subjects_for_metrics\compose\compose\container.py,218,2,0,0,0
compose,C:\Users\Zhifei Chen\Desktop\pysmell\subjects_for_metrics\compose\compose\container.py,223,1,0,0,0
compose,C:\Users\Zhifei Chen\Desktop\pysmell\subjects_for_metrics\compose\compose\container.py,227,1,0,0,0
compose,C:\Users\Zhifei Chen\Desktop\pysmell\subjects_for_metrics\compose\compose\legacy.py,49,3,0,0,0
compose,C:\Users\Zhifei Chen\Desktop\pysmell\subjects_for_metrics\compose\compose\legacy.py,78,1,0,0,0
compose,C:\Users\Zhifei Chen\Desktop\pysmell\subjects_for_metrics\compose\compose\legacy.py,85,3,0,0,0
compose,C:\Users\Zhifei Chen\Desktop\pysmell\subjects_for_metrics\compose\compose\legacy.py,99,2,0,0,0
compose,C:\Users\Zhifei Chen\Desktop\pysmell\subjects_for_metrics\compose\compose\legacy.py,108,2,0,0,0
compose,C:\Users\Zhifei Chen\Desktop\pysmell\subjects_for_metrics\compose\compose\legacy.py,116,1,0,0,0
compose,C:\Users\Zhifei Chen\Desktop\pysmell\subjects_for_metrics\compose\compose\legacy.py,130,3,0,0,0
compose,C:\Users\Zhifei Chen\Desktop\pysmell\subjects_for_metrics\compose\compose\legacy.py,144,3,0,0,0
compose,C:\Users\Zhifei Chen\Desktop\pysmell\subjects_for_metrics\compose\compose\legacy.py,162,3,0,0,0
compose,C:\Users\Zhifei Chen\Desktop\pysmell\subjects_for_metrics\compose\compose\legacy.py,169,1,0,0,0
compose,C:\Users\Zhifei Chen\Desktop\pysmell\subjects_for_metrics\compose\compose\legacy.py,179,1,0,0,0
compose,C:\Users\Zhifei Chen\Desktop\pysmell\subjects_for_metrics\compose\compose\progress_stream.py,8,2,0,0,0
compose,C:\Users\Zhifei Chen\Desktop\pysmell\subjects_for_metrics\compose\compose\progress_stream.py,45,3,0,0,0
compose,C:\Users\Zhifei Chen\Desktop\pysmell\subjects_for_metrics\compose\compose\project.py,30,1,0,0,0
compose,C:\Users\Zhifei Chen\Desktop\pysmell\subjects_for_metrics\compose\compose\project.py,36,1,0,0,0
compose,C:\Users\Zhifei Chen\Desktop\pysmell\subjects_for_metrics\compose\compose\project.py,39,1,0,0,0
compose,C:\Users\Zhifei Chen\Desktop\pysmell\subjects_for_metrics\compose\compose\project.py,45,2,0,0,0
compose,C:\Users\Zhifei Chen\Desktop\pysmell\subjects_for_metrics\compose\compose\project.py,54,1,0,0,0
compose,C:\Users\Zhifei Chen\Desktop\pysmell\subjects_for_metrics\compose\compose\project.py,80,4,0,1,0
compose,C:\Users\Zhifei Chen\Desktop\pysmell\subjects_for_metrics\compose\compose\project.py,87,1,0,0,0
compose,C:\Users\Zhifei Chen\Desktop\pysmell\subjects_for_metrics\compose\compose\project.py,93,4,0,1,0
compose,C:\Users\Zhifei Chen\Desktop\pysmell\subjects_for_metrics\compose\compose\project.py,119,1,0,0,0
compose,C:\Users\Zhifei Chen\Desktop\pysmell\subjects_for_metrics\compose\compose\project.py,123,2,0,0,0
compose,C:\Users\Zhifei Chen\Desktop\pysmell\subjects_for_metrics\compose\compose\project.py,134,2,0,0,0
compose,C:\Users\Zhifei Chen\Desktop\pysmell\subjects_for_metrics\compose\compose\project.py,144,1,0,0,0
compose,C:\Users\Zhifei Chen\Desktop\pysmell\subjects_for_metrics\compose\compose\project.py,174,2,0,0,0
compose,C:\Users\Zhifei Chen\Desktop\pysmell\subjects_for_metrics\compose\compose\project.py,191,2,0,0,0
compose,C:\Users\Zhifei Chen\Desktop\pysmell\subjects_for_metrics\compose\compose\project.py,214,2,0,0,0
compose,C:\Users\Zhifei Chen\Desktop\pysmell\subjects_for_metrics\compose\compose\project.py,238,2,0,0,0
compose,C:\Users\Zhifei Chen\Desktop\pysmell\subjects_for_metrics\compose\compose\project.py,242,2,0,0,0
compose,C:\Users\Zhifei Chen\Desktop\pysmell\subjects_for_metrics\compose\compose\project.py,250,2,0,0,0
compose,C:\Users\Zhifei Chen\Desktop\pysmell\subjects_for_metrics\compose\compose\project.py,254,2,0,0,0
compose,C:\Users\Zhifei Chen\Desktop\pysmell\subjects_for_metrics\compose\compose\project.py,258,2,0,0,0
compose,C:\Users\Zhifei Chen\Desktop\pysmell\subjects_for_metrics\compose\compose\project.py,266,2,0,0,0
compose,C:\Users\Zhifei Chen\Desktop\pysmell\subjects_for_metrics\compose\compose\project.py,276,2,0,0,0
compose,C:\Users\Zhifei Chen\Desktop\pysmell\subjects_for_metrics\compose\compose\project.py,280,1,0,0,0
compose,C:\Users\Zhifei Chen\Desktop\pysmell\subjects_for_metrics\compose\compose\project.py,287,1,0,0,0
compose,C:\Users\Zhifei Chen\Desktop\pysmell\subjects_for_metrics\compose\compose\project.py,314,3,0,0,0
compose,C:\Users\Zhifei Chen\Desktop\pysmell\subjects_for_metrics\compose\compose\project.py,337,1,0,0,0
compose,C:\Users\Zhifei Chen\Desktop\pysmell\subjects_for_metrics\compose\compose\project.py,341,1,0,0,0
compose,C:\Users\Zhifei Chen\Desktop\pysmell\subjects_for_metrics\compose\compose\project.py,353,1,0,0,0
compose,C:\Users\Zhifei Chen\Desktop\pysmell\subjects_for_metrics\compose\compose\project.py,365,1,0,0,0
compose,C:\Users\Zhifei Chen\Desktop\pysmell\subjects_for_metrics\compose\compose\project.py,371,1,0,0,0
compose,C:\Users\Zhifei Chen\Desktop\pysmell\subjects_for_metrics\compose\compose\project.py,380,1,0,0,0
compose,C:\Users\Zhifei Chen\Desktop\pysmell\subjects_for_metrics\compose\compose\project.py,385,3,0,0,0
compose,C:\Users\Zhifei Chen\Desktop\pysmell\subjects_for_metrics\compose\compose\project.py,400,1,0,0,0
compose,C:\Users\Zhifei Chen\Desktop\pysmell\subjects_for_metrics\compose\compose\project.py,421,2,0,0,0
compose,C:\Users\Zhifei Chen\Desktop\pysmell\subjects_for_metrics\compose\compose\project.py,425,1,0,0,0
compose,C:\Users\Zhifei Chen\Desktop\pysmell\subjects_for_metrics\compose\compose\service.py,66,3,0,0,0
compose,C:\Users\Zhifei Chen\Desktop\pysmell\subjects_for_metrics\compose\compose\service.py,76,2,0,0,0
compose,C:\Users\Zhifei Chen\Desktop\pysmell\subjects_for_metrics\compose\compose\service.py,105,1,0,0,0
compose,C:\Users\Zhifei Chen\Desktop\pysmell\subjects_for_metrics\compose\compose\service.py,111,3,0,0,0
compose,C:\Users\Zhifei Chen\Desktop\pysmell\subjects_for_metrics\compose\compose\service.py,134,1,0,0,0
compose,C:\Users\Zhifei Chen\Desktop\pysmell\subjects_for_metrics\compose\compose\service.py,152,1,0,0,0
compose,C:\Users\Zhifei Chen\Desktop\pysmell\subjects_for_metrics\compose\compose\service.py,162,2,0,0,0
compose,C:\Users\Zhifei Chen\Desktop\pysmell\subjects_for_metrics\compose\compose\service.py,167,2,0,0,0
compose,C:\Users\Zhifei Chen\Desktop\pysmell\subjects_for_metrics\compose\compose\service.py,172,2,0,0,0
compose,C:\Users\Zhifei Chen\Desktop\pysmell\subjects_for_metrics\compose\compose\service.py,177,2,0,0,0
compose,C:\Users\Zhifei Chen\Desktop\pysmell\subjects_for_metrics\compose\compose\service.py,182,2,0,0,0
compose,C:\Users\Zhifei Chen\Desktop\pysmell\subjects_for_metrics\compose\compose\service.py,187,2,0,0,0
compose,C:\Users\Zhifei Chen\Desktop\pysmell\subjects_for_metrics\compose\compose\service.py,194,2,0,0,0
compose,C:\Users\Zhifei Chen\Desktop\pysmell\subjects_for_metrics\compose\compose\service.py,215,2,0,0,0
compose,C:\Users\Zhifei Chen\Desktop\pysmell\subjects_for_metrics\compose\compose\service.py,282,2,0,0,0
compose,C:\Users\Zhifei Chen\Desktop\pysmell\subjects_for_metrics\compose\compose\service.py,292,2,0,0,0
compose,C:\Users\Zhifei Chen\Desktop\pysmell\subjects_for_metrics\compose\compose\service.py,319,1,0,0,0
compose,C:\Users\Zhifei Chen\Desktop\pysmell\subjects_for_metrics\compose\compose\service.py,336,1,0,0,0
compose,C:\Users\Zhifei Chen\Desktop\pysmell\subjects_for_metrics\compose\compose\service.py,345,1,0,0,0
compose,C:\Users\Zhifei Chen\Desktop\pysmell\subjects_for_metrics\compose\compose\service.py,352,1,0,0,0
compose,C:\Users\Zhifei Chen\Desktop\pysmell\subjects_for_metrics\compose\compose\service.py,374,2,0,0,0
compose,C:\Users\Zhifei Chen\Desktop\pysmell\subjects_for_metrics\compose\compose\service.py,399,2,0,0,0
compose,C:\Users\Zhifei Chen\Desktop\pysmell\subjects_for_metrics\compose\compose\service.py,437,2,0,0,0
compose,C:\Users\Zhifei Chen\Desktop\pysmell\subjects_for_metrics\compose\compose\service.py,472,2,0,0,0
compose,C:\Users\Zhifei Chen\Desktop\pysmell\subjects_for_metrics\compose\compose\service.py,479,2,0,0,0
compose,C:\Users\Zhifei Chen\Desktop\pysmell\subjects_for_metrics\compose\compose\service.py,483,1,0,0,0
compose,C:\Users\Zhifei Chen\Desktop\pysmell\subjects_for_metrics\compose\compose\service.py,489,1,0,0,0
compose,C:\Users\Zhifei Chen\Desktop\pysmell\subjects_for_metrics\compose\compose\service.py,503,1,0,0,0
compose,C:\Users\Zhifei Chen\Desktop\pysmell\subjects_for_metrics\compose\compose\service.py,507,1,0,0,0
compose,C:\Users\Zhifei Chen\Desktop\pysmell\subjects_for_metrics\compose\compose\service.py,516,1,0,0,0
compose,C:\Users\Zhifei Chen\Desktop\pysmell\subjects_for_metrics\compose\compose\service.py,522,1,0,0,0
compose,C:\Users\Zhifei Chen\Desktop\pysmell\subjects_for_metrics\compose\compose\service.py,525,1,0,0,0
compose,C:\Users\Zhifei Chen\Desktop\pysmell\subjects_for_metrics\compose\compose\service.py,528,1,0,0,0
compose,C:\Users\Zhifei Chen\Desktop\pysmell\subjects_for_metrics\compose\compose\service.py,531,2,0,0,0
compose,C:\Users\Zhifei Chen\Desktop\pysmell\subjects_for_metrics\compose\compose\service.py,537,1,0,0,0
compose,C:\Users\Zhifei Chen\Desktop\pysmell\subjects_for_metrics\compose\compose\service.py,547,2,0,0,0
compose,C:\Users\Zhifei Chen\Desktop\pysmell\subjects_for_metrics\compose\compose\service.py,567,1,0,0,0
compose,C:\Users\Zhifei Chen\Desktop\pysmell\subjects_for_metrics\compose\compose\service.py,575,3,0,0,0
compose,C:\Users\Zhifei Chen\Desktop\pysmell\subjects_for_metrics\compose\compose\service.py,656,2,0,0,0
compose,C:\Users\Zhifei Chen\Desktop\pysmell\subjects_for_metrics\compose\compose\service.py,710,1,0,0,0
compose,C:\Users\Zhifei Chen\Desktop\pysmell\subjects_for_metrics\compose\compose\service.py,752,1,0,0,0
compose,C:\Users\Zhifei Chen\Desktop\pysmell\subjects_for_metrics\compose\compose\service.py,755,1,0,0,0
compose,C:\Users\Zhifei Chen\Desktop\pysmell\subjects_for_metrics\compose\compose\service.py,762,1,0,0,0
compose,C:\Users\Zhifei Chen\Desktop\pysmell\subjects_for_metrics\compose\compose\service.py,769,1,0,0,0
compose,C:\Users\Zhifei Chen\Desktop\pysmell\subjects_for_metrics\compose\compose\service.py,772,1,0,0,0
compose,C:\Users\Zhifei Chen\Desktop\pysmell\subjects_for_metrics\compose\compose\service.py,778,1,0,0,0
compose,C:\Users\Zhifei Chen\Desktop\pysmell\subjects_for_metrics\compose\compose\service.py,805,2,0,0,0
compose,C:\Users\Zhifei Chen\Desktop\pysmell\subjects_for_metrics\compose\compose\service.py,808,1,0,0,0
compose,C:\Users\Zhifei Chen\Desktop\pysmell\subjects_for_metrics\compose\compose\service.py,820,2,0,0,0
compose,C:\Users\Zhifei Chen\Desktop\pysmell\subjects_for_metrics\compose\compose\service.py,823,1,0,0,0
compose,C:\Users\Zhifei Chen\Desktop\pysmell\subjects_for_metrics\compose\compose\service.py,827,1,0,0,0
compose,C:\Users\Zhifei Chen\Desktop\pysmell\subjects_for_metrics\compose\compose\service.py,835,2,0,0,0
compose,C:\Users\Zhifei Chen\Desktop\pysmell\subjects_for_metrics\compose\compose\service.py,838,1,0,0,0
compose,C:\Users\Zhifei Chen\Desktop\pysmell\subjects_for_metrics\compose\compose\service.py,844,1,0,0,0
compose,C:\Users\Zhifei Chen\Desktop\pysmell\subjects_for_metrics\compose\compose\service.py,858,3,0,0,0
compose,C:\Users\Zhifei Chen\Desktop\pysmell\subjects_for_metrics\compose\compose\service.py,867,1,0,0,0
compose,C:\Users\Zhifei Chen\Desktop\pysmell\subjects_for_metrics\compose\compose\service.py,897,2,0,0,0
compose,C:\Users\Zhifei Chen\Desktop\pysmell\subjects_for_metrics\compose\compose\service.py,913,2,0,0,0
compose,C:\Users\Zhifei Chen\Desktop\pysmell\subjects_for_metrics\compose\compose\service.py,941,1,0,0,0
compose,C:\Users\Zhifei Chen\Desktop\pysmell\subjects_for_metrics\compose\compose\service.py,945,2,0,0,0
compose,C:\Users\Zhifei Chen\Desktop\pysmell\subjects_for_metrics\compose\compose\service.py,965,1,0,0,0
compose,C:\Users\Zhifei Chen\Desktop\pysmell\subjects_for_metrics\compose\compose\service.py,997,1,0,0,0
compose,C:\Users\Zhifei Chen\Desktop\pysmell\subjects_for_metrics\compose\compose\service.py,1013,1,0,0,0
compose,C:\Users\Zhifei Chen\Desktop\pysmell\subjects_for_metrics\compose\compose\service.py,1031,4,0,1,0
compose,C:\Users\Zhifei Chen\Desktop\pysmell\subjects_for_metrics\compose\compose\service.py,1047,1,0,0,0
compose,C:\Users\Zhifei Chen\Desktop\pysmell\subjects_for_metrics\compose\compose\service.py,1066,1,0,0,0
compose,C:\Users\Zhifei Chen\Desktop\pysmell\subjects_for_metrics\compose\compose\utils.py,20,4,0,1,0
compose,C:\Users\Zhifei Chen\Desktop\pysmell\subjects_for_metrics\compose\compose\utils.py,33,3,0,0,0
compose,C:\Users\Zhifei Chen\Desktop\pysmell\subjects_for_metrics\compose\compose\utils.py,83,1,0,0,0
compose,C:\Users\Zhifei Chen\Desktop\pysmell\subjects_for_metrics\compose\compose\utils.py,89,1,0,0,0
compose,C:\Users\Zhifei Chen\Desktop\pysmell\subjects_for_metrics\compose\compose\utils.py,102,1,0,0,0
compose,C:\Users\Zhifei Chen\Desktop\pysmell\subjects_for_metrics\compose\compose\utils.py,109,1,0,0,0
compose,C:\Users\Zhifei Chen\Desktop\pysmell\subjects_for_metrics\compose\compose\utils.py,134,1,0,0,0
compose,C:\Users\Zhifei Chen\Desktop\pysmell\subjects_for_metrics\compose\compose\utils.py,146,1,0,0,0
compose,C:\Users\Zhifei Chen\Desktop\pysmell\subjects_for_metrics\compose\compose\utils.py,154,4,0,1,0
compose,C:\Users\Zhifei Chen\Desktop\pysmell\subjects_for_metrics\compose\compose\utils.py,178,1,0,0,0
compose,C:\Users\Zhifei Chen\Desktop\pysmell\subjects_for_metrics\compose\compose\cli\colors.py,14,1,0,0,0
compose,C:\Users\Zhifei Chen\Desktop\pysmell\subjects_for_metrics\compose\compose\cli\colors.py,20,1,0,0,0
compose,C:\Users\Zhifei Chen\Desktop\pysmell\subjects_for_metrics\compose\compose\cli\colors.py,24,2,0,0,0
compose,C:\Users\Zhifei Chen\Desktop\pysmell\subjects_for_metrics\compose\compose\cli\colors.py,28,1,0,0,0
compose,C:\Users\Zhifei Chen\Desktop\pysmell\subjects_for_metrics\compose\compose\cli\colors.py,36,1,0,0,0
compose,C:\Users\Zhifei Chen\Desktop\pysmell\subjects_for_metrics\compose\compose\cli\command.py,27,1,0,0,0
compose,C:\Users\Zhifei Chen\Desktop\pysmell\subjects_for_metrics\compose\compose\cli\command.py,47,2,0,0,0
compose,C:\Users\Zhifei Chen\Desktop\pysmell\subjects_for_metrics\compose\compose\cli\command.py,58,1,0,0,0
compose,C:\Users\Zhifei Chen\Desktop\pysmell\subjects_for_metrics\compose\compose\cli\command.py,70,0,0,0,0
compose,C:\Users\Zhifei Chen\Desktop\pysmell\subjects_for_metrics\compose\compose\cli\command.py,82,1,0,0,0
compose,C:\Users\Zhifei Chen\Desktop\pysmell\subjects_for_metrics\compose\compose\cli\command.py,99,1,0,0,0
compose,C:\Users\Zhifei Chen\Desktop\pysmell\subjects_for_metrics\compose\compose\cli\command.py,100,1,0,0,0
compose,C:\Users\Zhifei Chen\Desktop\pysmell\subjects_for_metrics\compose\compose\cli\docker_client.py,15,0,0,0,0
compose,C:\Users\Zhifei Chen\Desktop\pysmell\subjects_for_metrics\compose\compose\cli\docopt_command.py,11,3,0,0,0
compose,C:\Users\Zhifei Chen\Desktop\pysmell\subjects_for_metrics\compose\compose\cli\docopt_command.py,19,1,0,0,0
compose,C:\Users\Zhifei Chen\Desktop\pysmell\subjects_for_metrics\compose\compose\cli\docopt_command.py,22,1,0,0,0
compose,C:\Users\Zhifei Chen\Desktop\pysmell\subjects_for_metrics\compose\compose\cli\docopt_command.py,25,3,0,0,0
compose,C:\Users\Zhifei Chen\Desktop\pysmell\subjects_for_metrics\compose\compose\cli\docopt_command.py,28,3,0,0,0
compose,C:\Users\Zhifei Chen\Desktop\pysmell\subjects_for_metrics\compose\compose\cli\docopt_command.py,44,2,0,0,0
compose,C:\Users\Zhifei Chen\Desktop\pysmell\subjects_for_metrics\compose\compose\cli\docopt_command.py,54,3,0,0,0
compose,C:\Users\Zhifei Chen\Desktop\pysmell\subjects_for_metrics\compose\compose\cli\errors.py,7,2,0,0,0
compose,C:\Users\Zhifei Chen\Desktop\pysmell\subjects_for_metrics\compose\compose\cli\errors.py,10,1,0,0,0
compose,C:\Users\Zhifei Chen\Desktop\pysmell\subjects_for_metrics\compose\compose\cli\errors.py,17,1,0,0,0
compose,C:\Users\Zhifei Chen\Desktop\pysmell\subjects_for_metrics\compose\compose\cli\errors.py,26,1,0,0,0
compose,C:\Users\Zhifei Chen\Desktop\pysmell\subjects_for_metrics\compose\compose\cli\errors.py,35,1,0,0,0
compose,C:\Users\Zhifei Chen\Desktop\pysmell\subjects_for_metrics\compose\compose\cli\errors.py,44,1,0,0,0
compose,C:\Users\Zhifei Chen\Desktop\pysmell\subjects_for_metrics\compose\compose\cli\errors.py,51,2,0,0,0
compose,C:\Users\Zhifei Chen\Desktop\pysmell\subjects_for_metrics\compose\compose\cli\formatter.py,9,1,0,0,0
compose,C:\Users\Zhifei Chen\Desktop\pysmell\subjects_for_metrics\compose\compose\cli\formatter.py,18,3,0,0,0
compose,C:\Users\Zhifei Chen\Desktop\pysmell\subjects_for_metrics\compose\compose\cli\log_printer.py,16,2,0,0,0
compose,C:\Users\Zhifei Chen\Desktop\pysmell\subjects_for_metrics\compose\compose\cli\log_printer.py,21,1,0,0,0
compose,C:\Users\Zhifei Chen\Desktop\pysmell\subjects_for_metrics\compose\compose\cli\log_printer.py,30,3,0,0,0
compose,C:\Users\Zhifei Chen\Desktop\pysmell\subjects_for_metrics\compose\compose\cli\log_printer.py,31,1,0,0,0
compose,C:\Users\Zhifei Chen\Desktop\pysmell\subjects_for_metrics\compose\compose\cli\log_printer.py,45,2,0,0,0
compose,C:\Users\Zhifei Chen\Desktop\pysmell\subjects_for_metrics\compose\compose\cli\log_printer.py,49,1,0,0,0
compose,C:\Users\Zhifei Chen\Desktop\pysmell\subjects_for_metrics\compose\compose\cli\log_printer.py,59,1,0,0,0
compose,C:\Users\Zhifei Chen\Desktop\pysmell\subjects_for_metrics\compose\compose\cli\log_printer.py,65,3,0,0,0
compose,C:\Users\Zhifei Chen\Desktop\pysmell\subjects_for_metrics\compose\compose\cli\log_printer.py,75,3,0,0,0
compose,C:\Users\Zhifei Chen\Desktop\pysmell\subjects_for_metrics\compose\compose\cli\log_printer.py,85,1,0,0,0
compose,C:\Users\Zhifei Chen\Desktop\pysmell\subjects_for_metrics\compose\compose\cli\main.py,49,1,0,0,0
compose,C:\Users\Zhifei Chen\Desktop\pysmell\subjects_for_metrics\compose\compose\cli\main.py,85,1,0,0,0
compose,C:\Users\Zhifei Chen\Desktop\pysmell\subjects_for_metrics\compose\compose\cli\main.py,94,1,0,0,0
compose,C:\Users\Zhifei Chen\Desktop\pysmell\subjects_for_metrics\compose\compose\cli\main.py,104,2,0,0,0
compose,C:\Users\Zhifei Chen\Desktop\pysmell\subjects_for_metrics\compose\compose\cli\main.py,150,1,0,0,0
compose,C:\Users\Zhifei Chen\Desktop\pysmell\subjects_for_metrics\compose\compose\cli\main.py,155,4,0,1,0
compose,C:\Users\Zhifei Chen\Desktop\pysmell\subjects_for_metrics\compose\compose\cli\main.py,167,3,0,0,0
compose,C:\Users\Zhifei Chen\Desktop\pysmell\subjects_for_metrics\compose\compose\cli\main.py,185,3,0,0,0
compose,C:\Users\Zhifei Chen\Desktop\pysmell\subjects_for_metrics\compose\compose\cli\main.py,194,3,0,0,0
compose,C:\Users\Zhifei Chen\Desktop\pysmell\subjects_for_metrics\compose\compose\cli\main.py,208,3,0,0,0
compose,C:\Users\Zhifei Chen\Desktop\pysmell\subjects_for_metrics\compose\compose\cli\main.py,223,3,0,0,0
compose,C:\Users\Zhifei Chen\Desktop\pysmell\subjects_for_metrics\compose\compose\cli\main.py,231,3,0,0,0
compose,C:\Users\Zhifei Chen\Desktop\pysmell\subjects_for_metrics\compose\compose\cli\main.py,252,3,0,0,0
compose,C:\Users\Zhifei Chen\Desktop\pysmell\subjects_for_metrics\compose\compose\cli\main.py,289,3,0,0,0
compose,C:\Users\Zhifei Chen\Desktop\pysmell\subjects_for_metrics\compose\compose\cli\main.py,307,3,0,0,0
compose,C:\Users\Zhifei Chen\Desktop\pysmell\subjects_for_metrics\compose\compose\cli\main.py,331,3,0,0,0
compose,C:\Users\Zhifei Chen\Desktop\pysmell\subjects_for_metrics\compose\compose\cli\main.py,453,3,0,0,0
compose,C:\Users\Zhifei Chen\Desktop\pysmell\subjects_for_metrics\compose\compose\cli\main.py,481,3,0,0,0
compose,C:\Users\Zhifei Chen\Desktop\pysmell\subjects_for_metrics\compose\compose\cli\main.py,489,3,0,0,0
compose,C:\Users\Zhifei Chen\Desktop\pysmell\subjects_for_metrics\compose\compose\cli\main.py,504,3,0,0,0
compose,C:\Users\Zhifei Chen\Desktop\pysmell\subjects_for_metrics\compose\compose\cli\main.py,517,3,0,0,0
compose,C:\Users\Zhifei Chen\Desktop\pysmell\subjects_for_metrics\compose\compose\cli\main.py,525,3,0,0,0
compose,C:\Users\Zhifei Chen\Desktop\pysmell\subjects_for_metrics\compose\compose\cli\main.py,581,3,0,0,0
compose,C:\Users\Zhifei Chen\Desktop\pysmell\subjects_for_metrics\compose\compose\cli\main.py,607,3,0,0,0
compose,C:\Users\Zhifei Chen\Desktop\pysmell\subjects_for_metrics\compose\compose\cli\main.py,622,1,0,0,0
compose,C:\Users\Zhifei Chen\Desktop\pysmell\subjects_for_metrics\compose\compose\cli\main.py,637,3,0,0,0
compose,C:\Users\Zhifei Chen\Desktop\pysmell\subjects_for_metrics\compose\compose\cli\main.py,643,4,0,1,0
compose,C:\Users\Zhifei Chen\Desktop\pysmell\subjects_for_metrics\compose\compose\cli\main.py,648,2,0,0,0
compose,C:\Users\Zhifei Chen\Desktop\pysmell\subjects_for_metrics\compose\compose\cli\main.py,657,1,0,0,0
compose,C:\Users\Zhifei Chen\Desktop\pysmell\subjects_for_metrics\compose\compose\cli\multiplexer.py,22,2,0,0,0
compose,C:\Users\Zhifei Chen\Desktop\pysmell\subjects_for_metrics\compose\compose\cli\multiplexer.py,27,1,0,0,0
compose,C:\Users\Zhifei Chen\Desktop\pysmell\subjects_for_metrics\compose\compose\cli\multiplexer.py,47,1,0,0,0
compose,C:\Users\Zhifei Chen\Desktop\pysmell\subjects_for_metrics\compose\compose\cli\multiplexer.py,54,2,0,0,0
compose,C:\Users\Zhifei Chen\Desktop\pysmell\subjects_for_metrics\compose\compose\cli\utils.py,16,1,0,0,0
compose,C:\Users\Zhifei Chen\Desktop\pysmell\subjects_for_metrics\compose\compose\cli\utils.py,38,2,0,0,0
compose,C:\Users\Zhifei Chen\Desktop\pysmell\subjects_for_metrics\compose\compose\cli\utils.py,51,1,0,0,0
compose,C:\Users\Zhifei Chen\Desktop\pysmell\subjects_for_metrics\compose\compose\cli\utils.py,55,1,0,0,0
compose,C:\Users\Zhifei Chen\Desktop\pysmell\subjects_for_metrics\compose\compose\cli\utils.py,59,1,0,0,0
compose,C:\Users\Zhifei Chen\Desktop\pysmell\subjects_for_metrics\compose\compose\cli\verbose_proxy.py,9,2,0,0,0
compose,C:\Users\Zhifei Chen\Desktop\pysmell\subjects_for_metrics\compose\compose\cli\verbose_proxy.py,15,2,0,0,0
compose,C:\Users\Zhifei Chen\Desktop\pysmell\subjects_for_metrics\compose\compose\cli\verbose_proxy.py,32,3,0,0,0
compose,C:\Users\Zhifei Chen\Desktop\pysmell\subjects_for_metrics\compose\compose\cli\verbose_proxy.py,38,2,0,0,0
compose,C:\Users\Zhifei Chen\Desktop\pysmell\subjects_for_metrics\compose\compose\cli\verbose_proxy.py,46,4,0,1,0
compose,C:\Users\Zhifei Chen\Desktop\pysmell\subjects_for_metrics\compose\compose\config\config.py,102,2,0,0,0
compose,C:\Users\Zhifei Chen\Desktop\pysmell\subjects_for_metrics\compose\compose\config\config.py,119,1,0,0,0
compose,C:\Users\Zhifei Chen\Desktop\pysmell\subjects_for_metrics\compose\compose\config\config.py,143,1,0,0,0
compose,C:\Users\Zhifei Chen\Desktop\pysmell\subjects_for_metrics\compose\compose\config\config.py,148,2,0,0,0
compose,C:\Users\Zhifei Chen\Desktop\pysmell\subjects_for_metrics\compose\compose\config\config.py,167,1,0,0,0
compose,C:\Users\Zhifei Chen\Desktop\pysmell\subjects_for_metrics\compose\compose\config\config.py,175,3,0,0,0
compose,C:\Users\Zhifei Chen\Desktop\pysmell\subjects_for_metrics\compose\compose\config\config.py,185,2,0,0,0
compose,C:\Users\Zhifei Chen\Desktop\pysmell\subjects_for_metrics\compose\compose\config\config.py,193,2,0,0,0
compose,C:\Users\Zhifei Chen\Desktop\pysmell\subjects_for_metrics\compose\compose\config\config.py,215,5,1,1,1
compose,C:\Users\Zhifei Chen\Desktop\pysmell\subjects_for_metrics\compose\compose\config\config.py,230,2,0,0,0
compose,C:\Users\Zhifei Chen\Desktop\pysmell\subjects_for_metrics\compose\compose\config\config.py,234,1,0,0,0
compose,C:\Users\Zhifei Chen\Desktop\pysmell\subjects_for_metrics\compose\compose\config\config.py,245,1,0,0,0
compose,C:\Users\Zhifei Chen\Desktop\pysmell\subjects_for_metrics\compose\compose\config\config.py,265,1,0,0,0
compose,C:\Users\Zhifei Chen\Desktop\pysmell\subjects_for_metrics\compose\compose\config\config.py,291,1,0,0,0
compose,C:\Users\Zhifei Chen\Desktop\pysmell\subjects_for_metrics\compose\compose\config\config.py,313,2,0,0,0
compose,C:\Users\Zhifei Chen\Desktop\pysmell\subjects_for_metrics\compose\compose\config\config.py,325,2,0,0,0
compose,C:\Users\Zhifei Chen\Desktop\pysmell\subjects_for_metrics\compose\compose\config\config.py,329,3,0,0,0
compose,C:\Users\Zhifei Chen\Desktop\pysmell\subjects_for_metrics\compose\compose\config\config.py,343,1,0,0,0
compose,C:\Users\Zhifei Chen\Desktop\pysmell\subjects_for_metrics\compose\compose\config\config.py,358,2,0,0,0
compose,C:\Users\Zhifei Chen\Desktop\pysmell\subjects_for_metrics\compose\compose\config\config.py,369,2,0,0,0
compose,C:\Users\Zhifei Chen\Desktop\pysmell\subjects_for_metrics\compose\compose\config\config.py,420,2,0,0,0
compose,C:\Users\Zhifei Chen\Desktop\pysmell\subjects_for_metrics\compose\compose\config\config.py,426,1,0,0,0
compose,C:\Users\Zhifei Chen\Desktop\pysmell\subjects_for_metrics\compose\compose\config\config.py,437,1,0,0,0
compose,C:\Users\Zhifei Chen\Desktop\pysmell\subjects_for_metrics\compose\compose\config\config.py,453,1,0,0,0
compose,C:\Users\Zhifei Chen\Desktop\pysmell\subjects_for_metrics\compose\compose\config\config.py,460,2,0,0,0
compose,C:\Users\Zhifei Chen\Desktop\pysmell\subjects_for_metrics\compose\compose\config\config.py,469,1,0,0,0
compose,C:\Users\Zhifei Chen\Desktop\pysmell\subjects_for_metrics\compose\compose\config\config.py,484,1,0,0,0
compose,C:\Users\Zhifei Chen\Desktop\pysmell\subjects_for_metrics\compose\compose\config\config.py,494,3,0,0,0
compose,C:\Users\Zhifei Chen\Desktop\pysmell\subjects_for_metrics\compose\compose\config\config.py,506,1,0,0,0
compose,C:\Users\Zhifei Chen\Desktop\pysmell\subjects_for_metrics\compose\compose\config\config.py,512,1,0,0,0
compose,C:\Users\Zhifei Chen\Desktop\pysmell\subjects_for_metrics\compose\compose\config\config.py,519,2,0,0,0
compose,C:\Users\Zhifei Chen\Desktop\pysmell\subjects_for_metrics\compose\compose\config\config.py,525,1,0,0,0
compose,C:\Users\Zhifei Chen\Desktop\pysmell\subjects_for_metrics\compose\compose\config\config.py,532,1,0,0,0
compose,C:\Users\Zhifei Chen\Desktop\pysmell\subjects_for_metrics\compose\compose\config\config.py,536,1,0,0,0
compose,C:\Users\Zhifei Chen\Desktop\pysmell\subjects_for_metrics\compose\compose\config\config.py,556,1,0,0,0
compose,C:\Users\Zhifei Chen\Desktop\pysmell\subjects_for_metrics\compose\compose\config\config.py,564,2,0,0,0
compose,C:\Users\Zhifei Chen\Desktop\pysmell\subjects_for_metrics\compose\compose\config\config.py,570,1,0,0,0
compose,C:\Users\Zhifei Chen\Desktop\pysmell\subjects_for_metrics\compose\compose\config\config.py,581,1,0,0,0
compose,C:\Users\Zhifei Chen\Desktop\pysmell\subjects_for_metrics\compose\compose\config\config.py,588,2,0,0,0
compose,C:\Users\Zhifei Chen\Desktop\pysmell\subjects_for_metrics\compose\compose\config\config.py,592,1,0,0,0
compose,C:\Users\Zhifei Chen\Desktop\pysmell\subjects_for_metrics\compose\compose\config\config.py,601,1,0,0,0
compose,C:\Users\Zhifei Chen\Desktop\pysmell\subjects_for_metrics\compose\compose\config\config.py,612,1,0,0,0
compose,C:\Users\Zhifei Chen\Desktop\pysmell\subjects_for_metrics\compose\compose\config\errors.py,2,2,0,0,0
compose,C:\Users\Zhifei Chen\Desktop\pysmell\subjects_for_metrics\compose\compose\config\errors.py,5,1,0,0,0
compose,C:\Users\Zhifei Chen\Desktop\pysmell\subjects_for_metrics\compose\compose\config\errors.py,10,2,0,0,0
compose,C:\Users\Zhifei Chen\Desktop\pysmell\subjects_for_metrics\compose\compose\config\errors.py,13,1,0,0,0
compose,C:\Users\Zhifei Chen\Desktop\pysmell\subjects_for_metrics\compose\compose\config\errors.py,23,2,0,0,0
compose,C:\Users\Zhifei Chen\Desktop\pysmell\subjects_for_metrics\compose\compose\config\interpolation.py,11,1,0,0,0
compose,C:\Users\Zhifei Chen\Desktop\pysmell\subjects_for_metrics\compose\compose\config\interpolation.py,20,3,0,0,0
compose,C:\Users\Zhifei Chen\Desktop\pysmell\subjects_for_metrics\compose\compose\config\interpolation.py,34,4,0,1,0
compose,C:\Users\Zhifei Chen\Desktop\pysmell\subjects_for_metrics\compose\compose\config\interpolation.py,49,2,0,0,0
compose,C:\Users\Zhifei Chen\Desktop\pysmell\subjects_for_metrics\compose\compose\config\interpolation.py,63,2,0,0,0
compose,C:\Users\Zhifei Chen\Desktop\pysmell\subjects_for_metrics\compose\compose\config\interpolation.py,71,3,0,0,0
compose,C:\Users\Zhifei Chen\Desktop\pysmell\subjects_for_metrics\compose\compose\config\interpolation.py,75,2,0,0,0
compose,C:\Users\Zhifei Chen\Desktop\pysmell\subjects_for_metrics\compose\compose\config\interpolation.py,90,2,0,0,0
compose,C:\Users\Zhifei Chen\Desktop\pysmell\subjects_for_metrics\compose\compose\config\validation.py,39,1,0,0,0
compose,C:\Users\Zhifei Chen\Desktop\pysmell\subjects_for_metrics\compose\compose\config\validation.py,52,1,0,0,0
compose,C:\Users\Zhifei Chen\Desktop\pysmell\subjects_for_metrics\compose\compose\config\validation.py,67,1,0,0,0
compose,C:\Users\Zhifei Chen\Desktop\pysmell\subjects_for_metrics\compose\compose\config\validation.py,76,1,0,0,0
compose,C:\Users\Zhifei Chen\Desktop\pysmell\subjects_for_metrics\compose\compose\config\validation.py,84,3,0,0,0
compose,C:\Users\Zhifei Chen\Desktop\pysmell\subjects_for_metrics\compose\compose\config\validation.py,97,3,0,0,0
compose,C:\Users\Zhifei Chen\Desktop\pysmell\subjects_for_metrics\compose\compose\config\validation.py,105,2,0,0,0
compose,C:\Users\Zhifei Chen\Desktop\pysmell\subjects_for_metrics\compose\compose\config\validation.py,112,1,0,0,0
compose,C:\Users\Zhifei Chen\Desktop\pysmell\subjects_for_metrics\compose\compose\config\validation.py,118,1,0,0,0
compose,C:\Users\Zhifei Chen\Desktop\pysmell\subjects_for_metrics\compose\compose\config\validation.py,124,1,0,0,0
compose,C:\Users\Zhifei Chen\Desktop\pysmell\subjects_for_metrics\compose\compose\config\validation.py,127,1,0,0,0
compose,C:\Users\Zhifei Chen\Desktop\pysmell\subjects_for_metrics\compose\compose\config\validation.py,130,1,0,0,0
compose,C:\Users\Zhifei Chen\Desktop\pysmell\subjects_for_metrics\compose\compose\config\validation.py,152,1,0,0,0
compose,C:\Users\Zhifei Chen\Desktop\pysmell\subjects_for_metrics\compose\compose\config\validation.py,288,1,0,0,0
compose,C:\Users\Zhifei Chen\Desktop\pysmell\subjects_for_metrics\compose\compose\config\validation.py,294,2,0,0,0
compose,C:\Users\Zhifei Chen\Desktop\pysmell\subjects_for_metrics\compose\compose\config\validation.py,300,2,0,0,0
compose,C:\Users\Zhifei Chen\Desktop\pysmell\subjects_for_metrics\compose\script\versions.py,39,2,0,0,0
compose,C:\Users\Zhifei Chen\Desktop\pysmell\subjects_for_metrics\compose\script\versions.py,46,1,0,0,0
compose,C:\Users\Zhifei Chen\Desktop\pysmell\subjects_for_metrics\compose\script\versions.py,50,1,0,0,0
compose,C:\Users\Zhifei Chen\Desktop\pysmell\subjects_for_metrics\compose\script\versions.py,59,1,0,0,0
compose,C:\Users\Zhifei Chen\Desktop\pysmell\subjects_for_metrics\compose\script\versions.py,64,1,0,0,0
compose,C:\Users\Zhifei Chen\Desktop\pysmell\subjects_for_metrics\compose\script\versions.py,89,1,0,0,0
compose,C:\Users\Zhifei Chen\Desktop\pysmell\subjects_for_metrics\compose\script\versions.py,97,1,0,0,0
compose,C:\Users\Zhifei Chen\Desktop\pysmell\subjects_for_metrics\compose\script\versions.py,104,1,0,0,0
compose,C:\Users\Zhifei Chen\Desktop\pysmell\subjects_for_metrics\compose\script\versions.py,117,1,0,0,0
compose,C:\Users\Zhifei Chen\Desktop\pysmell\subjects_for_metrics\compose\script\versions.py,126,0,0,0,0
compose,C:\Users\Zhifei Chen\Desktop\pysmell\subjects_for_metrics\compose\tests\integration\cli_test.py,20,1,0,0,0
compose,C:\Users\Zhifei Chen\Desktop\pysmell\subjects_for_metrics\compose\tests\integration\cli_test.py,27,1,0,0,0
compose,C:\Users\Zhifei Chen\Desktop\pysmell\subjects_for_metrics\compose\tests\integration\cli_test.py,35,1,0,0,0
compose,C:\Users\Zhifei Chen\Desktop\pysmell\subjects_for_metrics\compose\tests\integration\cli_test.py,45,1,0,0,0
compose,C:\Users\Zhifei Chen\Desktop\pysmell\subjects_for_metrics\compose\tests\integration\cli_test.py,56,1,0,0,0
compose,C:\Users\Zhifei Chen\Desktop\pysmell\subjects_for_metrics\compose\tests\integration\cli_test.py,62,1,0,0,0
compose,C:\Users\Zhifei Chen\Desktop\pysmell\subjects_for_metrics\compose\tests\integration\cli_test.py,73,1,0,0,0
compose,C:\Users\Zhifei Chen\Desktop\pysmell\subjects_for_metrics\compose\tests\integration\cli_test.py,88,2,0,0,0
compose,C:\Users\Zhifei Chen\Desktop\pysmell\subjects_for_metrics\compose\tests\integration\cli_test.py,94,2,0,0,0
compose,C:\Users\Zhifei Chen\Desktop\pysmell\subjects_for_metrics\compose\tests\integration\cli_test.py,102,2,0,0,0
compose,C:\Users\Zhifei Chen\Desktop\pysmell\subjects_for_metrics\compose\tests\integration\cli_test.py,109,1,0,0,0
compose,C:\Users\Zhifei Chen\Desktop\pysmell\subjects_for_metrics\compose\tests\integration\cli_test.py,122,1,0,0,0
compose,C:\Users\Zhifei Chen\Desktop\pysmell\subjects_for_metrics\compose\tests\integration\cli_test.py,134,1,0,0,0
compose,C:\Users\Zhifei Chen\Desktop\pysmell\subjects_for_metrics\compose\tests\integration\cli_test.py,146,1,0,0,0
compose,C:\Users\Zhifei Chen\Desktop\pysmell\subjects_for_metrics\compose\tests\integration\cli_test.py,158,1,0,0,0
compose,C:\Users\Zhifei Chen\Desktop\pysmell\subjects_for_metrics\compose\tests\integration\cli_test.py,171,1,0,0,0
compose,C:\Users\Zhifei Chen\Desktop\pysmell\subjects_for_metrics\compose\tests\integration\cli_test.py,189,1,0,0,0
compose,C:\Users\Zhifei Chen\Desktop\pysmell\subjects_for_metrics\compose\tests\integration\cli_test.py,207,1,0,0,0
compose,C:\Users\Zhifei Chen\Desktop\pysmell\subjects_for_metrics\compose\tests\integration\cli_test.py,234,1,0,0,0
compose,C:\Users\Zhifei Chen\Desktop\pysmell\subjects_for_metrics\compose\tests\integration\cli_test.py,244,1,0,0,0
compose,C:\Users\Zhifei Chen\Desktop\pysmell\subjects_for_metrics\compose\tests\integration\cli_test.py,254,1,0,0,0
compose,C:\Users\Zhifei Chen\Desktop\pysmell\subjects_for_metrics\compose\tests\integration\cli_test.py,268,1,0,0,0
compose,C:\Users\Zhifei Chen\Desktop\pysmell\subjects_for_metrics\compose\tests\integration\cli_test.py,282,1,0,0,0
compose,C:\Users\Zhifei Chen\Desktop\pysmell\subjects_for_metrics\compose\tests\integration\cli_test.py,286,1,0,0,0
compose,C:\Users\Zhifei Chen\Desktop\pysmell\subjects_for_metrics\compose\tests\integration\cli_test.py,299,2,0,0,0
compose,C:\Users\Zhifei Chen\Desktop\pysmell\subjects_for_metrics\compose\tests\integration\cli_test.py,312,2,0,0,0
compose,C:\Users\Zhifei Chen\Desktop\pysmell\subjects_for_metrics\compose\tests\integration\cli_test.py,321,2,0,0,0
compose,C:\Users\Zhifei Chen\Desktop\pysmell\subjects_for_metrics\compose\tests\integration\cli_test.py,328,2,0,0,0
compose,C:\Users\Zhifei Chen\Desktop\pysmell\subjects_for_metrics\compose\tests\integration\cli_test.py,344,2,0,0,0
compose,C:\Users\Zhifei Chen\Desktop\pysmell\subjects_for_metrics\compose\tests\integration\cli_test.py,365,2,0,0,0
compose,C:\Users\Zhifei Chen\Desktop\pysmell\subjects_for_metrics\compose\tests\integration\cli_test.py,380,2,0,0,0
compose,C:\Users\Zhifei Chen\Desktop\pysmell\subjects_for_metrics\compose\tests\integration\cli_test.py,391,2,0,0,0
compose,C:\Users\Zhifei Chen\Desktop\pysmell\subjects_for_metrics\compose\tests\integration\cli_test.py,402,2,0,0,0
compose,C:\Users\Zhifei Chen\Desktop\pysmell\subjects_for_metrics\compose\tests\integration\cli_test.py,422,2,0,0,0
compose,C:\Users\Zhifei Chen\Desktop\pysmell\subjects_for_metrics\compose\tests\integration\cli_test.py,440,2,0,0,0
compose,C:\Users\Zhifei Chen\Desktop\pysmell\subjects_for_metrics\compose\tests\integration\cli_test.py,463,2,0,0,0
compose,C:\Users\Zhifei Chen\Desktop\pysmell\subjects_for_metrics\compose\tests\integration\cli_test.py,482,2,0,0,0
compose,C:\Users\Zhifei Chen\Desktop\pysmell\subjects_for_metrics\compose\tests\integration\cli_test.py,501,2,0,0,0
compose,C:\Users\Zhifei Chen\Desktop\pysmell\subjects_for_metrics\compose\tests\integration\cli_test.py,511,1,0,0,0
compose,C:\Users\Zhifei Chen\Desktop\pysmell\subjects_for_metrics\compose\tests\integration\cli_test.py,525,1,0,0,0
compose,C:\Users\Zhifei Chen\Desktop\pysmell\subjects_for_metrics\compose\tests\integration\cli_test.py,536,1,0,0,0
compose,C:\Users\Zhifei Chen\Desktop\pysmell\subjects_for_metrics\compose\tests\integration\cli_test.py,547,1,0,0,0
compose,C:\Users\Zhifei Chen\Desktop\pysmell\subjects_for_metrics\compose\tests\integration\cli_test.py,551,1,0,0,0
compose,C:\Users\Zhifei Chen\Desktop\pysmell\subjects_for_metrics\compose\tests\integration\cli_test.py,562,1,0,0,0
compose,C:\Users\Zhifei Chen\Desktop\pysmell\subjects_for_metrics\compose\tests\integration\cli_test.py,574,1,0,0,0
compose,C:\Users\Zhifei Chen\Desktop\pysmell\subjects_for_metrics\compose\tests\integration\cli_test.py,585,1,0,0,0
compose,C:\Users\Zhifei Chen\Desktop\pysmell\subjects_for_metrics\compose\tests\integration\cli_test.py,601,1,0,0,0
compose,C:\Users\Zhifei Chen\Desktop\pysmell\subjects_for_metrics\compose\tests\integration\cli_test.py,623,1,0,0,0
compose,C:\Users\Zhifei Chen\Desktop\pysmell\subjects_for_metrics\compose\tests\integration\cli_test.py,628,2,0,0,0
compose,C:\Users\Zhifei Chen\Desktop\pysmell\subjects_for_metrics\compose\tests\integration\cli_test.py,637,1,0,0,0
compose,C:\Users\Zhifei Chen\Desktop\pysmell\subjects_for_metrics\compose\tests\integration\cli_test.py,644,2,0,0,0
compose,C:\Users\Zhifei Chen\Desktop\pysmell\subjects_for_metrics\compose\tests\integration\cli_test.py,657,1,0,0,0
compose,C:\Users\Zhifei Chen\Desktop\pysmell\subjects_for_metrics\compose\tests\integration\cli_test.py,666,1,0,0,0
compose,C:\Users\Zhifei Chen\Desktop\pysmell\subjects_for_metrics\compose\tests\integration\cli_test.py,681,1,0,0,0
compose,C:\Users\Zhifei Chen\Desktop\pysmell\subjects_for_metrics\compose\tests\integration\cli_test.py,692,1,0,0,0
compose,C:\Users\Zhifei Chen\Desktop\pysmell\subjects_for_metrics\compose\tests\integration\cli_test.py,719,1,0,0,0
compose,C:\Users\Zhifei Chen\Desktop\pysmell\subjects_for_metrics\compose\tests\integration\legacy_test.py,12,1,0,0,0
compose,C:\Users\Zhifei Chen\Desktop\pysmell\subjects_for_metrics\compose\tests\integration\legacy_test.py,20,1,0,0,0
compose,C:\Users\Zhifei Chen\Desktop\pysmell\subjects_for_metrics\compose\tests\integration\legacy_test.py,28,1,0,0,0
compose,C:\Users\Zhifei Chen\Desktop\pysmell\subjects_for_metrics\compose\tests\integration\legacy_test.py,36,1,0,0,0
compose,C:\Users\Zhifei Chen\Desktop\pysmell\subjects_for_metrics\compose\tests\integration\legacy_test.py,44,1,0,0,0
compose,C:\Users\Zhifei Chen\Desktop\pysmell\subjects_for_metrics\compose\tests\integration\legacy_test.py,52,1,0,0,0
compose,C:\Users\Zhifei Chen\Desktop\pysmell\subjects_for_metrics\compose\tests\integration\legacy_test.py,60,1,0,0,0
compose,C:\Users\Zhifei Chen\Desktop\pysmell\subjects_for_metrics\compose\tests\integration\legacy_test.py,68,1,0,0,0
compose,C:\Users\Zhifei Chen\Desktop\pysmell\subjects_for_metrics\compose\tests\integration\legacy_test.py,98,1,0,0,0
compose,C:\Users\Zhifei Chen\Desktop\pysmell\subjects_for_metrics\compose\tests\integration\legacy_test.py,125,1,0,0,0
compose,C:\Users\Zhifei Chen\Desktop\pysmell\subjects_for_metrics\compose\tests\integration\legacy_test.py,137,2,0,0,0
compose,C:\Users\Zhifei Chen\Desktop\pysmell\subjects_for_metrics\compose\tests\integration\legacy_test.py,145,1,0,0,0
compose,C:\Users\Zhifei Chen\Desktop\pysmell\subjects_for_metrics\compose\tests\integration\legacy_test.py,148,1,0,0,0
compose,C:\Users\Zhifei Chen\Desktop\pysmell\subjects_for_metrics\compose\tests\integration\legacy_test.py,151,1,0,0,0
compose,C:\Users\Zhifei Chen\Desktop\pysmell\subjects_for_metrics\compose\tests\integration\legacy_test.py,176,1,0,0,0
compose,C:\Users\Zhifei Chen\Desktop\pysmell\subjects_for_metrics\compose\tests\integration\project_test.py,12,1,0,0,0
compose,C:\Users\Zhifei Chen\Desktop\pysmell\subjects_for_metrics\compose\tests\integration\project_test.py,21,1,0,0,0
compose,C:\Users\Zhifei Chen\Desktop\pysmell\subjects_for_metrics\compose\tests\integration\project_test.py,31,1,0,0,0
compose,C:\Users\Zhifei Chen\Desktop\pysmell\subjects_for_metrics\compose\tests\integration\project_test.py,43,1,0,0,0
compose,C:\Users\Zhifei Chen\Desktop\pysmell\subjects_for_metrics\compose\tests\integration\project_test.py,58,1,0,0,0
compose,C:\Users\Zhifei Chen\Desktop\pysmell\subjects_for_metrics\compose\tests\integration\project_test.py,78,1,0,0,0
compose,C:\Users\Zhifei Chen\Desktop\pysmell\subjects_for_metrics\compose\tests\integration\project_test.py,99,1,0,0,0
compose,C:\Users\Zhifei Chen\Desktop\pysmell\subjects_for_metrics\compose\tests\integration\project_test.py,122,1,0,0,0
compose,C:\Users\Zhifei Chen\Desktop\pysmell\subjects_for_metrics\compose\tests\integration\project_test.py,148,1,0,0,0
compose,C:\Users\Zhifei Chen\Desktop\pysmell\subjects_for_metrics\compose\tests\integration\project_test.py,196,1,0,0,0
compose,C:\Users\Zhifei Chen\Desktop\pysmell\subjects_for_metrics\compose\tests\integration\project_test.py,208,1,0,0,0
compose,C:\Users\Zhifei Chen\Desktop\pysmell\subjects_for_metrics\compose\tests\integration\project_test.py,220,1,0,0,0
compose,C:\Users\Zhifei Chen\Desktop\pysmell\subjects_for_metrics\compose\tests\integration\project_test.py,239,1,0,0,0
compose,C:\Users\Zhifei Chen\Desktop\pysmell\subjects_for_metrics\compose\tests\integration\project_test.py,259,1,0,0,0
compose,C:\Users\Zhifei Chen\Desktop\pysmell\subjects_for_metrics\compose\tests\integration\project_test.py,286,1,0,0,0
compose,C:\Users\Zhifei Chen\Desktop\pysmell\subjects_for_metrics\compose\tests\integration\project_test.py,298,1,0,0,0
compose,C:\Users\Zhifei Chen\Desktop\pysmell\subjects_for_metrics\compose\tests\integration\project_test.py,313,1,0,0,0
compose,C:\Users\Zhifei Chen\Desktop\pysmell\subjects_for_metrics\compose\tests\integration\project_test.py,348,1,0,0,0
compose,C:\Users\Zhifei Chen\Desktop\pysmell\subjects_for_metrics\compose\tests\integration\project_test.py,384,1,0,0,0
compose,C:\Users\Zhifei Chen\Desktop\pysmell\subjects_for_metrics\compose\tests\integration\resilience_test.py,11,1,0,0,0
compose,C:\Users\Zhifei Chen\Desktop\pysmell\subjects_for_metrics\compose\tests\integration\resilience_test.py,19,1,0,0,0
compose,C:\Users\Zhifei Chen\Desktop\pysmell\subjects_for_metrics\compose\tests\integration\resilience_test.py,24,1,0,0,0
compose,C:\Users\Zhifei Chen\Desktop\pysmell\subjects_for_metrics\compose\tests\integration\resilience_test.py,33,1,0,0,0
compose,C:\Users\Zhifei Chen\Desktop\pysmell\subjects_for_metrics\compose\tests\integration\resilience_test.py,47,2,0,0,0
compose,C:\Users\Zhifei Chen\Desktop\pysmell\subjects_for_metrics\compose\tests\integration\service_test.py,31,2,0,0,0
compose,C:\Users\Zhifei Chen\Desktop\pysmell\subjects_for_metrics\compose\tests\integration\service_test.py,37,1,0,0,0
compose,C:\Users\Zhifei Chen\Desktop\pysmell\subjects_for_metrics\compose\tests\integration\service_test.py,57,1,0,0,0
compose,C:\Users\Zhifei Chen\Desktop\pysmell\subjects_for_metrics\compose\tests\integration\service_test.py,63,1,0,0,0
compose,C:\Users\Zhifei Chen\Desktop\pysmell\subjects_for_metrics\compose\tests\integration\service_test.py,68,1,0,0,0
compose,C:\Users\Zhifei Chen\Desktop\pysmell\subjects_for_metrics\compose\tests\integration\service_test.py,88,1,0,0,0
compose,C:\Users\Zhifei Chen\Desktop\pysmell\subjects_for_metrics\compose\tests\integration\service_test.py,104,1,0,0,0
compose,C:\Users\Zhifei Chen\Desktop\pysmell\subjects_for_metrics\compose\tests\integration\service_test.py,109,1,0,0,0
compose,C:\Users\Zhifei Chen\Desktop\pysmell\subjects_for_metrics\compose\tests\integration\service_test.py,115,1,0,0,0
compose,C:\Users\Zhifei Chen\Desktop\pysmell\subjects_for_metrics\compose\tests\integration\service_test.py,121,1,0,0,0
compose,C:\Users\Zhifei Chen\Desktop\pysmell\subjects_for_metrics\compose\tests\integration\service_test.py,127,1,0,0,0
compose,C:\Users\Zhifei Chen\Desktop\pysmell\subjects_for_metrics\compose\tests\integration\service_test.py,133,1,0,0,0
compose,C:\Users\Zhifei Chen\Desktop\pysmell\subjects_for_metrics\compose\tests\integration\service_test.py,164,1,0,0,0
compose,C:\Users\Zhifei Chen\Desktop\pysmell\subjects_for_metrics\compose\tests\integration\service_test.py,171,1,0,0,0
compose,C:\Users\Zhifei Chen\Desktop\pysmell\subjects_for_metrics\compose\tests\integration\service_test.py,179,1,0,0,0
compose,C:\Users\Zhifei Chen\Desktop\pysmell\subjects_for_metrics\compose\tests\integration\service_test.py,185,1,0,0,0
compose,C:\Users\Zhifei Chen\Desktop\pysmell\subjects_for_metrics\compose\tests\integration\service_test.py,192,1,0,0,0
compose,C:\Users\Zhifei Chen\Desktop\pysmell\subjects_for_metrics\compose\tests\integration\service_test.py,199,1,0,0,0
compose,C:\Users\Zhifei Chen\Desktop\pysmell\subjects_for_metrics\compose\tests\integration\service_test.py,205,1,0,0,0
compose,C:\Users\Zhifei Chen\Desktop\pysmell\subjects_for_metrics\compose\tests\integration\service_test.py,221,1,0,0,0
compose,C:\Users\Zhifei Chen\Desktop\pysmell\subjects_for_metrics\compose\tests\integration\service_test.py,233,1,0,0,0
compose,C:\Users\Zhifei Chen\Desktop\pysmell\subjects_for_metrics\compose\tests\integration\service_test.py,267,1,0,0,0
compose,C:\Users\Zhifei Chen\Desktop\pysmell\subjects_for_metrics\compose\tests\integration\service_test.py,290,1,0,0,0
compose,C:\Users\Zhifei Chen\Desktop\pysmell\subjects_for_metrics\compose\tests\integration\service_test.py,328,1,0,0,0
compose,C:\Users\Zhifei Chen\Desktop\pysmell\subjects_for_metrics\compose\tests\integration\service_test.py,351,1,0,0,0
compose,C:\Users\Zhifei Chen\Desktop\pysmell\subjects_for_metrics\compose\tests\integration\service_test.py,368,1,0,0,0
compose,C:\Users\Zhifei Chen\Desktop\pysmell\subjects_for_metrics\compose\tests\integration\service_test.py,373,1,0,0,0
compose,C:\Users\Zhifei Chen\Desktop\pysmell\subjects_for_metrics\compose\tests\integration\service_test.py,378,1,0,0,0
compose,C:\Users\Zhifei Chen\Desktop\pysmell\subjects_for_metrics\compose\tests\integration\service_test.py,394,1,0,0,0
compose,C:\Users\Zhifei Chen\Desktop\pysmell\subjects_for_metrics\compose\tests\integration\service_test.py,410,1,0,0,0
compose,C:\Users\Zhifei Chen\Desktop\pysmell\subjects_for_metrics\compose\tests\integration\service_test.py,428,1,0,0,0
compose,C:\Users\Zhifei Chen\Desktop\pysmell\subjects_for_metrics\compose\tests\integration\service_test.py,437,1,0,0,0
compose,C:\Users\Zhifei Chen\Desktop\pysmell\subjects_for_metrics\compose\tests\integration\service_test.py,453,1,0,0,0
compose,C:\Users\Zhifei Chen\Desktop\pysmell\subjects_for_metrics\compose\tests\integration\service_test.py,465,1,0,0,0
compose,C:\Users\Zhifei Chen\Desktop\pysmell\subjects_for_metrics\compose\tests\integration\service_test.py,477,1,0,0,0
compose,C:\Users\Zhifei Chen\Desktop\pysmell\subjects_for_metrics\compose\tests\integration\service_test.py,483,1,0,0,0
compose,C:\Users\Zhifei Chen\Desktop\pysmell\subjects_for_metrics\compose\tests\integration\service_test.py,493,1,0,0,0
compose,C:\Users\Zhifei Chen\Desktop\pysmell\subjects_for_metrics\compose\tests\integration\service_test.py,506,1,0,0,0
compose,C:\Users\Zhifei Chen\Desktop\pysmell\subjects_for_metrics\compose\tests\integration\service_test.py,511,1,0,0,0
compose,C:\Users\Zhifei Chen\Desktop\pysmell\subjects_for_metrics\compose\tests\integration\service_test.py,516,1,0,0,0
compose,C:\Users\Zhifei Chen\Desktop\pysmell\subjects_for_metrics\compose\tests\integration\service_test.py,521,1,0,0,0
compose,C:\Users\Zhifei Chen\Desktop\pysmell\subjects_for_metrics\compose\tests\integration\service_test.py,526,1,0,0,0
compose,C:\Users\Zhifei Chen\Desktop\pysmell\subjects_for_metrics\compose\tests\integration\service_test.py,532,1,0,0,0
compose,C:\Users\Zhifei Chen\Desktop\pysmell\subjects_for_metrics\compose\tests\integration\service_test.py,538,1,0,0,0
compose,C:\Users\Zhifei Chen\Desktop\pysmell\subjects_for_metrics\compose\tests\integration\service_test.py,559,1,0,0,0
compose,C:\Users\Zhifei Chen\Desktop\pysmell\subjects_for_metrics\compose\tests\integration\service_test.py,566,1,0,0,0
compose,C:\Users\Zhifei Chen\Desktop\pysmell\subjects_for_metrics\compose\tests\integration\service_test.py,585,1,0,0,0
compose,C:\Users\Zhifei Chen\Desktop\pysmell\subjects_for_metrics\compose\tests\integration\service_test.py,607,1,0,0,0
compose,C:\Users\Zhifei Chen\Desktop\pysmell\subjects_for_metrics\compose\tests\integration\service_test.py,631,1,0,0,0
compose,C:\Users\Zhifei Chen\Desktop\pysmell\subjects_for_metrics\compose\tests\integration\service_test.py,651,1,0,0,0
compose,C:\Users\Zhifei Chen\Desktop\pysmell\subjects_for_metrics\compose\tests\integration\service_test.py,670,2,0,0,0
compose,C:\Users\Zhifei Chen\Desktop\pysmell\subjects_for_metrics\compose\tests\integration\service_test.py,693,2,0,0,0
compose,C:\Users\Zhifei Chen\Desktop\pysmell\subjects_for_metrics\compose\tests\integration\service_test.py,712,1,0,0,0
compose,C:\Users\Zhifei Chen\Desktop\pysmell\subjects_for_metrics\compose\tests\integration\service_test.py,720,1,0,0,0
compose,C:\Users\Zhifei Chen\Desktop\pysmell\subjects_for_metrics\compose\tests\integration\service_test.py,725,1,0,0,0
compose,C:\Users\Zhifei Chen\Desktop\pysmell\subjects_for_metrics\compose\tests\integration\service_test.py,730,1,0,0,0
compose,C:\Users\Zhifei Chen\Desktop\pysmell\subjects_for_metrics\compose\tests\integration\service_test.py,735,1,0,0,0
compose,C:\Users\Zhifei Chen\Desktop\pysmell\subjects_for_metrics\compose\tests\integration\service_test.py,740,1,0,0,0
compose,C:\Users\Zhifei Chen\Desktop\pysmell\subjects_for_metrics\compose\tests\integration\service_test.py,745,1,0,0,0
compose,C:\Users\Zhifei Chen\Desktop\pysmell\subjects_for_metrics\compose\tests\integration\service_test.py,750,1,0,0,0
compose,C:\Users\Zhifei Chen\Desktop\pysmell\subjects_for_metrics\compose\tests\integration\service_test.py,755,1,0,0,0
compose,C:\Users\Zhifei Chen\Desktop\pysmell\subjects_for_metrics\compose\tests\integration\service_test.py,760,1,0,0,0
compose,C:\Users\Zhifei Chen\Desktop\pysmell\subjects_for_metrics\compose\tests\integration\service_test.py,765,1,0,0,0
compose,C:\Users\Zhifei Chen\Desktop\pysmell\subjects_for_metrics\compose\tests\integration\service_test.py,771,1,0,0,0
compose,C:\Users\Zhifei Chen\Desktop\pysmell\subjects_for_metrics\compose\tests\integration\service_test.py,776,1,0,0,0
compose,C:\Users\Zhifei Chen\Desktop\pysmell\subjects_for_metrics\compose\tests\integration\service_test.py,781,1,0,0,0
compose,C:\Users\Zhifei Chen\Desktop\pysmell\subjects_for_metrics\compose\tests\integration\service_test.py,786,1,0,0,0
compose,C:\Users\Zhifei Chen\Desktop\pysmell\subjects_for_metrics\compose\tests\integration\service_test.py,791,1,0,0,0
compose,C:\Users\Zhifei Chen\Desktop\pysmell\subjects_for_metrics\compose\tests\integration\service_test.py,796,1,0,0,0
compose,C:\Users\Zhifei Chen\Desktop\pysmell\subjects_for_metrics\compose\tests\integration\service_test.py,801,1,0,0,0
compose,C:\Users\Zhifei Chen\Desktop\pysmell\subjects_for_metrics\compose\tests\integration\service_test.py,807,1,0,0,0
compose,C:\Users\Zhifei Chen\Desktop\pysmell\subjects_for_metrics\compose\tests\integration\service_test.py,816,1,0,0,0
compose,C:\Users\Zhifei Chen\Desktop\pysmell\subjects_for_metrics\compose\tests\integration\service_test.py,826,1,0,0,0
compose,C:\Users\Zhifei Chen\Desktop\pysmell\subjects_for_metrics\compose\tests\integration\service_test.py,833,1,0,0,0
compose,C:\Users\Zhifei Chen\Desktop\pysmell\subjects_for_metrics\compose\tests\integration\service_test.py,864,1,0,0,0
compose,C:\Users\Zhifei Chen\Desktop\pysmell\subjects_for_metrics\compose\tests\integration\service_test.py,872,1,0,0,0
compose,C:\Users\Zhifei Chen\Desktop\pysmell\subjects_for_metrics\compose\tests\integration\service_test.py,882,1,0,0,0
compose,C:\Users\Zhifei Chen\Desktop\pysmell\subjects_for_metrics\compose\tests\integration\service_test.py,889,1,0,0,0
compose,C:\Users\Zhifei Chen\Desktop\pysmell\subjects_for_metrics\compose\tests\integration\service_test.py,896,1,0,0,0
compose,C:\Users\Zhifei Chen\Desktop\pysmell\subjects_for_metrics\compose\tests\integration\service_test.py,903,1,0,0,0
compose,C:\Users\Zhifei Chen\Desktop\pysmell\subjects_for_metrics\compose\tests\integration\service_test.py,916,1,0,0,0
compose,C:\Users\Zhifei Chen\Desktop\pysmell\subjects_for_metrics\compose\tests\integration\state_test.py,19,3,0,0,0
compose,C:\Users\Zhifei Chen\Desktop\pysmell\subjects_for_metrics\compose\tests\integration\state_test.py,26,2,0,0,0
compose,C:\Users\Zhifei Chen\Desktop\pysmell\subjects_for_metrics\compose\tests\integration\state_test.py,37,1,0,0,0
compose,C:\Users\Zhifei Chen\Desktop\pysmell\subjects_for_metrics\compose\tests\integration\state_test.py,45,1,0,0,0
compose,C:\Users\Zhifei Chen\Desktop\pysmell\subjects_for_metrics\compose\tests\integration\state_test.py,54,1,0,0,0
compose,C:\Users\Zhifei Chen\Desktop\pysmell\subjects_for_metrics\compose\tests\integration\state_test.py,75,1,0,0,0
compose,C:\Users\Zhifei Chen\Desktop\pysmell\subjects_for_metrics\compose\tests\integration\state_test.py,93,1,0,0,0
compose,C:\Users\Zhifei Chen\Desktop\pysmell\subjects_for_metrics\compose\tests\integration\state_test.py,113,1,0,0,0
compose,C:\Users\Zhifei Chen\Desktop\pysmell\subjects_for_metrics\compose\tests\integration\state_test.py,120,1,0,0,0
compose,C:\Users\Zhifei Chen\Desktop\pysmell\subjects_for_metrics\compose\tests\integration\state_test.py,131,1,0,0,0
compose,C:\Users\Zhifei Chen\Desktop\pysmell\subjects_for_metrics\compose\tests\integration\state_test.py,142,1,0,0,0
compose,C:\Users\Zhifei Chen\Desktop\pysmell\subjects_for_metrics\compose\tests\integration\state_test.py,153,1,0,0,0
compose,C:\Users\Zhifei Chen\Desktop\pysmell\subjects_for_metrics\compose\tests\integration\state_test.py,163,1,0,0,0
compose,C:\Users\Zhifei Chen\Desktop\pysmell\subjects_for_metrics\compose\tests\integration\state_test.py,182,1,0,0,0
compose,C:\Users\Zhifei Chen\Desktop\pysmell\subjects_for_metrics\compose\tests\integration\state_test.py,193,1,0,0,0
compose,C:\Users\Zhifei Chen\Desktop\pysmell\subjects_for_metrics\compose\tests\integration\state_test.py,197,1,0,0,0
compose,C:\Users\Zhifei Chen\Desktop\pysmell\subjects_for_metrics\compose\tests\integration\state_test.py,205,1,0,0,0
compose,C:\Users\Zhifei Chen\Desktop\pysmell\subjects_for_metrics\compose\tests\integration\state_test.py,222,1,0,0,0
compose,C:\Users\Zhifei Chen\Desktop\pysmell\subjects_for_metrics\compose\tests\integration\state_test.py,229,1,0,0,0
compose,C:\Users\Zhifei Chen\Desktop\pysmell\subjects_for_metrics\compose\tests\integration\state_test.py,236,1,0,0,0
compose,C:\Users\Zhifei Chen\Desktop\pysmell\subjects_for_metrics\compose\tests\integration\state_test.py,259,1,0,0,0
compose,C:\Users\Zhifei Chen\Desktop\pysmell\subjects_for_metrics\compose\tests\integration\state_test.py,283,1,0,0,0
compose,C:\Users\Zhifei Chen\Desktop\pysmell\subjects_for_metrics\compose\tests\integration\state_test.py,288,1,0,0,0
compose,C:\Users\Zhifei Chen\Desktop\pysmell\subjects_for_metrics\compose\tests\integration\state_test.py,293,1,0,0,0
compose,C:\Users\Zhifei Chen\Desktop\pysmell\subjects_for_metrics\compose\tests\integration\state_test.py,299,1,0,0,0
compose,C:\Users\Zhifei Chen\Desktop\pysmell\subjects_for_metrics\compose\tests\integration\testcases.py,16,1,0,0,0
compose,C:\Users\Zhifei Chen\Desktop\pysmell\subjects_for_metrics\compose\tests\integration\testcases.py,24,1,0,0,0
compose,C:\Users\Zhifei Chen\Desktop\pysmell\subjects_for_metrics\compose\tests\integration\testcases.py,28,1,0,0,0
compose,C:\Users\Zhifei Chen\Desktop\pysmell\subjects_for_metrics\compose\tests\integration\testcases.py,38,3,0,0,0
compose,C:\Users\Zhifei Chen\Desktop\pysmell\subjects_for_metrics\compose\tests\integration\testcases.py,74,3,0,0,0
compose,C:\Users\Zhifei Chen\Desktop\pysmell\subjects_for_metrics\compose\tests\integration\testcases.py,79,2,0,0,0
compose,C:\Users\Zhifei Chen\Desktop\pysmell\subjects_for_metrics\compose\tests\unit\cli_test.py,23,1,0,0,0
compose,C:\Users\Zhifei Chen\Desktop\pysmell\subjects_for_metrics\compose\tests\unit\cli_test.py,29,1,0,0,0
compose,C:\Users\Zhifei Chen\Desktop\pysmell\subjects_for_metrics\compose\tests\unit\cli_test.py,34,1,0,0,0
compose,C:\Users\Zhifei Chen\Desktop\pysmell\subjects_for_metrics\compose\tests\unit\cli_test.py,39,1,0,0,0
compose,C:\Users\Zhifei Chen\Desktop\pysmell\subjects_for_metrics\compose\tests\unit\cli_test.py,44,1,0,0,0
compose,C:\Users\Zhifei Chen\Desktop\pysmell\subjects_for_metrics\compose\tests\unit\cli_test.py,51,1,0,0,0
compose,C:\Users\Zhifei Chen\Desktop\pysmell\subjects_for_metrics\compose\tests\unit\cli_test.py,58,1,0,0,0
compose,C:\Users\Zhifei Chen\Desktop\pysmell\subjects_for_metrics\compose\tests\unit\cli_test.py,65,1,0,0,0
compose,C:\Users\Zhifei Chen\Desktop\pysmell\subjects_for_metrics\compose\tests\unit\cli_test.py,70,1,0,0,0
compose,C:\Users\Zhifei Chen\Desktop\pysmell\subjects_for_metrics\compose\tests\unit\cli_test.py,76,1,0,0,0
compose,C:\Users\Zhifei Chen\Desktop\pysmell\subjects_for_metrics\compose\tests\unit\cli_test.py,82,1,0,0,0
compose,C:\Users\Zhifei Chen\Desktop\pysmell\subjects_for_metrics\compose\tests\unit\cli_test.py,86,2,0,0,0
compose,C:\Users\Zhifei Chen\Desktop\pysmell\subjects_for_metrics\compose\tests\unit\cli_test.py,119,1,0,0,0
compose,C:\Users\Zhifei Chen\Desktop\pysmell\subjects_for_metrics\compose\tests\unit\cli_test.py,177,1,0,0,0
compose,C:\Users\Zhifei Chen\Desktop\pysmell\subjects_for_metrics\compose\tests\unit\container_test.py,13,1,0,0,0
compose,C:\Users\Zhifei Chen\Desktop\pysmell\subjects_for_metrics\compose\tests\unit\container_test.py,36,1,0,0,0
compose,C:\Users\Zhifei Chen\Desktop\pysmell\subjects_for_metrics\compose\tests\unit\container_test.py,48,1,0,0,0
compose,C:\Users\Zhifei Chen\Desktop\pysmell\subjects_for_metrics\compose\tests\unit\container_test.py,60,1,0,0,0
compose,C:\Users\Zhifei Chen\Desktop\pysmell\subjects_for_metrics\compose\tests\unit\container_test.py,75,1,0,0,0
compose,C:\Users\Zhifei Chen\Desktop\pysmell\subjects_for_metrics\compose\tests\unit\container_test.py,79,1,0,0,0
compose,C:\Users\Zhifei Chen\Desktop\pysmell\subjects_for_metrics\compose\tests\unit\container_test.py,85,1,0,0,0
compose,C:\Users\Zhifei Chen\Desktop\pysmell\subjects_for_metrics\compose\tests\unit\container_test.py,90,1,0,0,0
compose,C:\Users\Zhifei Chen\Desktop\pysmell\subjects_for_metrics\compose\tests\unit\container_test.py,95,1,0,0,0
compose,C:\Users\Zhifei Chen\Desktop\pysmell\subjects_for_metrics\compose\tests\unit\container_test.py,108,1,0,0,0
compose,C:\Users\Zhifei Chen\Desktop\pysmell\subjects_for_metrics\compose\tests\unit\container_test.py,112,1,0,0,0
compose,C:\Users\Zhifei Chen\Desktop\pysmell\subjects_for_metrics\compose\tests\unit\container_test.py,122,1,0,0,0
compose,C:\Users\Zhifei Chen\Desktop\pysmell\subjects_for_metrics\compose\tests\unit\container_test.py,132,1,0,0,0
compose,C:\Users\Zhifei Chen\Desktop\pysmell\subjects_for_metrics\compose\tests\unit\container_test.py,147,1,0,0,0
compose,C:\Users\Zhifei Chen\Desktop\pysmell\subjects_for_metrics\compose\tests\unit\interpolation_test.py,9,1,0,0,0
compose,C:\Users\Zhifei Chen\Desktop\pysmell\subjects_for_metrics\compose\tests\unit\interpolation_test.py,17,1,0,0,0
compose,C:\Users\Zhifei Chen\Desktop\pysmell\subjects_for_metrics\compose\tests\unit\interpolation_test.py,20,1,0,0,0
compose,C:\Users\Zhifei Chen\Desktop\pysmell\subjects_for_metrics\compose\tests\unit\interpolation_test.py,23,1,0,0,0
compose,C:\Users\Zhifei Chen\Desktop\pysmell\subjects_for_metrics\compose\tests\unit\interpolation_test.py,26,1,0,0,0
compose,C:\Users\Zhifei Chen\Desktop\pysmell\subjects_for_metrics\compose\tests\unit\multiplexer_test.py,7,1,0,0,0
compose,C:\Users\Zhifei Chen\Desktop\pysmell\subjects_for_metrics\compose\tests\unit\multiplexer_test.py,11,1,0,0,0
compose,C:\Users\Zhifei Chen\Desktop\pysmell\subjects_for_metrics\compose\tests\unit\multiplexer_test.py,19,1,0,0,0
compose,C:\Users\Zhifei Chen\Desktop\pysmell\subjects_for_metrics\compose\tests\unit\multiplexer_test.py,30,1,0,0,0
compose,C:\Users\Zhifei Chen\Desktop\pysmell\subjects_for_metrics\compose\tests\unit\multiplexer_test.py,34,1,0,0,0
compose,C:\Users\Zhifei Chen\Desktop\pysmell\subjects_for_metrics\compose\tests\unit\progress_stream_test.py,11,1,0,0,0
compose,C:\Users\Zhifei Chen\Desktop\pysmell\subjects_for_metrics\compose\tests\unit\progress_stream_test.py,20,1,0,0,0
compose,C:\Users\Zhifei Chen\Desktop\pysmell\subjects_for_metrics\compose\tests\unit\progress_stream_test.py,29,1,0,0,0
compose,C:\Users\Zhifei Chen\Desktop\pysmell\subjects_for_metrics\compose\tests\unit\project_test.py,14,1,0,0,0
compose,C:\Users\Zhifei Chen\Desktop\pysmell\subjects_for_metrics\compose\tests\unit\project_test.py,17,1,0,0,0
compose,C:\Users\Zhifei Chen\Desktop\pysmell\subjects_for_metrics\compose\tests\unit\project_test.py,34,1,0,0,0
compose,C:\Users\Zhifei Chen\Desktop\pysmell\subjects_for_metrics\compose\tests\unit\project_test.py,57,1,0,0,0
compose,C:\Users\Zhifei Chen\Desktop\pysmell\subjects_for_metrics\compose\tests\unit\project_test.py,75,1,0,0,0
compose,C:\Users\Zhifei Chen\Desktop\pysmell\subjects_for_metrics\compose\tests\unit\project_test.py,85,1,0,0,0
compose,C:\Users\Zhifei Chen\Desktop\pysmell\subjects_for_metrics\compose\tests\unit\project_test.py,99,1,0,0,0
compose,C:\Users\Zhifei Chen\Desktop\pysmell\subjects_for_metrics\compose\tests\unit\project_test.py,113,1,0,0,0
compose,C:\Users\Zhifei Chen\Desktop\pysmell\subjects_for_metrics\compose\tests\unit\project_test.py,142,1,0,0,0
compose,C:\Users\Zhifei Chen\Desktop\pysmell\subjects_for_metrics\compose\tests\unit\project_test.py,160,1,0,0,0
compose,C:\Users\Zhifei Chen\Desktop\pysmell\subjects_for_metrics\compose\tests\unit\project_test.py,173,1,0,0,0
compose,C:\Users\Zhifei Chen\Desktop\pysmell\subjects_for_metrics\compose\tests\unit\project_test.py,196,2,0,0,0
compose,C:\Users\Zhifei Chen\Desktop\pysmell\subjects_for_metrics\compose\tests\unit\project_test.py,216,1,0,0,0
compose,C:\Users\Zhifei Chen\Desktop\pysmell\subjects_for_metrics\compose\tests\unit\project_test.py,227,1,0,0,0
compose,C:\Users\Zhifei Chen\Desktop\pysmell\subjects_for_metrics\compose\tests\unit\project_test.py,241,1,0,0,0
compose,C:\Users\Zhifei Chen\Desktop\pysmell\subjects_for_metrics\compose\tests\unit\project_test.py,266,1,0,0,0
compose,C:\Users\Zhifei Chen\Desktop\pysmell\subjects_for_metrics\compose\tests\unit\service_test.py,32,1,0,0,0
compose,C:\Users\Zhifei Chen\Desktop\pysmell\subjects_for_metrics\compose\tests\unit\service_test.py,35,1,0,0,0
compose,C:\Users\Zhifei Chen\Desktop\pysmell\subjects_for_metrics\compose\tests\unit\service_test.py,40,1,0,0,0
compose,C:\Users\Zhifei Chen\Desktop\pysmell\subjects_for_metrics\compose\tests\unit\service_test.py,45,1,0,0,0
compose,C:\Users\Zhifei Chen\Desktop\pysmell\subjects_for_metrics\compose\tests\unit\service_test.py,62,1,0,0,0
compose,C:\Users\Zhifei Chen\Desktop\pysmell\subjects_for_metrics\compose\tests\unit\service_test.py,74,1,0,0,0
compose,C:\Users\Zhifei Chen\Desktop\pysmell\subjects_for_metrics\compose\tests\unit\service_test.py,83,1,0,0,0
compose,C:\Users\Zhifei Chen\Desktop\pysmell\subjects_for_metrics\compose\tests\unit\service_test.py,92,1,0,0,0
compose,C:\Users\Zhifei Chen\Desktop\pysmell\subjects_for_metrics\compose\tests\unit\service_test.py,103,1,0,0,0
compose,C:\Users\Zhifei Chen\Desktop\pysmell\subjects_for_metrics\compose\tests\unit\service_test.py,115,1,0,0,0
compose,C:\Users\Zhifei Chen\Desktop\pysmell\subjects_for_metrics\compose\tests\unit\service_test.py,127,1,0,0,0
compose,C:\Users\Zhifei Chen\Desktop\pysmell\subjects_for_metrics\compose\tests\unit\service_test.py,133,1,0,0,0
compose,C:\Users\Zhifei Chen\Desktop\pysmell\subjects_for_metrics\compose\tests\unit\service_test.py,149,1,0,0,0
compose,C:\Users\Zhifei Chen\Desktop\pysmell\subjects_for_metrics\compose\tests\unit\service_test.py,161,1,0,0,0
compose,C:\Users\Zhifei Chen\Desktop\pysmell\subjects_for_metrics\compose\tests\unit\service_test.py,174,1,0,0,0
compose,C:\Users\Zhifei Chen\Desktop\pysmell\subjects_for_metrics\compose\tests\unit\service_test.py,184,1,0,0,0
compose,C:\Users\Zhifei Chen\Desktop\pysmell\subjects_for_metrics\compose\tests\unit\service_test.py,195,1,0,0,0
compose,C:\Users\Zhifei Chen\Desktop\pysmell\subjects_for_metrics\compose\tests\unit\service_test.py,206,1,0,0,0
compose,C:\Users\Zhifei Chen\Desktop\pysmell\subjects_for_metrics\compose\tests\unit\service_test.py,216,1,0,0,0
compose,C:\Users\Zhifei Chen\Desktop\pysmell\subjects_for_metrics\compose\tests\unit\service_test.py,226,1,0,0,0
compose,C:\Users\Zhifei Chen\Desktop\pysmell\subjects_for_metrics\compose\tests\unit\service_test.py,239,1,0,0,0
compose,C:\Users\Zhifei Chen\Desktop\pysmell\subjects_for_metrics\compose\tests\unit\service_test.py,273,1,0,0,0
compose,C:\Users\Zhifei Chen\Desktop\pysmell\subjects_for_metrics\compose\tests\unit\service_test.py,279,2,0,0,0
compose,C:\Users\Zhifei Chen\Desktop\pysmell\subjects_for_metrics\compose\tests\unit\service_test.py,290,2,0,0,0
compose,C:\Users\Zhifei Chen\Desktop\pysmell\subjects_for_metrics\compose\tests\unit\service_test.py,300,1,0,0,0
compose,C:\Users\Zhifei Chen\Desktop\pysmell\subjects_for_metrics\compose\tests\unit\service_test.py,308,2,0,0,0
compose,C:\Users\Zhifei Chen\Desktop\pysmell\subjects_for_metrics\compose\tests\unit\service_test.py,318,2,0,0,0
compose,C:\Users\Zhifei Chen\Desktop\pysmell\subjects_for_metrics\compose\tests\unit\service_test.py,333,2,0,0,0
compose,C:\Users\Zhifei Chen\Desktop\pysmell\subjects_for_metrics\compose\tests\unit\service_test.py,342,1,0,0,0
compose,C:\Users\Zhifei Chen\Desktop\pysmell\subjects_for_metrics\compose\tests\unit\service_test.py,354,2,0,0,0
compose,C:\Users\Zhifei Chen\Desktop\pysmell\subjects_for_metrics\compose\tests\unit\service_test.py,359,2,0,0,0
compose,C:\Users\Zhifei Chen\Desktop\pysmell\subjects_for_metrics\compose\tests\unit\service_test.py,371,1,0,0,0
compose,C:\Users\Zhifei Chen\Desktop\pysmell\subjects_for_metrics\compose\tests\unit\service_test.py,381,1,0,0,0
compose,C:\Users\Zhifei Chen\Desktop\pysmell\subjects_for_metrics\compose\tests\unit\service_test.py,388,1,0,0,0
compose,C:\Users\Zhifei Chen\Desktop\pysmell\subjects_for_metrics\compose\tests\unit\service_test.py,395,1,0,0,0
compose,C:\Users\Zhifei Chen\Desktop\pysmell\subjects_for_metrics\compose\tests\unit\service_test.py,406,1,0,0,0
compose,C:\Users\Zhifei Chen\Desktop\pysmell\subjects_for_metrics\compose\tests\unit\service_test.py,426,1,0,0,0
compose,C:\Users\Zhifei Chen\Desktop\pysmell\subjects_for_metrics\compose\tests\unit\service_test.py,450,1,0,0,0
compose,C:\Users\Zhifei Chen\Desktop\pysmell\subjects_for_metrics\compose\tests\unit\service_test.py,456,1,0,0,0
compose,C:\Users\Zhifei Chen\Desktop\pysmell\subjects_for_metrics\compose\tests\unit\service_test.py,463,1,0,0,0
compose,C:\Users\Zhifei Chen\Desktop\pysmell\subjects_for_metrics\compose\tests\unit\service_test.py,478,1,0,0,0
compose,C:\Users\Zhifei Chen\Desktop\pysmell\subjects_for_metrics\compose\tests\unit\service_test.py,491,1,0,0,0
compose,C:\Users\Zhifei Chen\Desktop\pysmell\subjects_for_metrics\compose\tests\unit\service_test.py,500,1,0,0,0
compose,C:\Users\Zhifei Chen\Desktop\pysmell\subjects_for_metrics\compose\tests\unit\service_test.py,503,1,0,0,0
compose,C:\Users\Zhifei Chen\Desktop\pysmell\subjects_for_metrics\compose\tests\unit\service_test.py,507,1,0,0,0
compose,C:\Users\Zhifei Chen\Desktop\pysmell\subjects_for_metrics\compose\tests\unit\service_test.py,511,1,0,0,0
compose,C:\Users\Zhifei Chen\Desktop\pysmell\subjects_for_metrics\compose\tests\unit\service_test.py,518,1,0,0,0
compose,C:\Users\Zhifei Chen\Desktop\pysmell\subjects_for_metrics\compose\tests\unit\service_test.py,522,1,0,0,0
compose,C:\Users\Zhifei Chen\Desktop\pysmell\subjects_for_metrics\compose\tests\unit\service_test.py,537,1,0,0,0
compose,C:\Users\Zhifei Chen\Desktop\pysmell\subjects_for_metrics\compose\tests\unit\service_test.py,541,1,0,0,0
compose,C:\Users\Zhifei Chen\Desktop\pysmell\subjects_for_metrics\compose\tests\unit\service_test.py,573,1,0,0,0
compose,C:\Users\Zhifei Chen\Desktop\pysmell\subjects_for_metrics\compose\tests\unit\service_test.py,599,1,0,0,0
compose,C:\Users\Zhifei Chen\Desktop\pysmell\subjects_for_metrics\compose\tests\unit\service_test.py,630,1,0,0,0
compose,C:\Users\Zhifei Chen\Desktop\pysmell\subjects_for_metrics\compose\tests\unit\service_test.py,666,1,0,0,0
compose,C:\Users\Zhifei Chen\Desktop\pysmell\subjects_for_metrics\compose\tests\unit\service_test.py,671,2,0,0,0
compose,C:\Users\Zhifei Chen\Desktop\pysmell\subjects_for_metrics\compose\tests\unit\sort_service_test.py,7,1,0,0,0
compose,C:\Users\Zhifei Chen\Desktop\pysmell\subjects_for_metrics\compose\tests\unit\sort_service_test.py,27,1,0,0,0
compose,C:\Users\Zhifei Chen\Desktop\pysmell\subjects_for_metrics\compose\tests\unit\sort_service_test.py,48,1,0,0,0
compose,C:\Users\Zhifei Chen\Desktop\pysmell\subjects_for_metrics\compose\tests\unit\sort_service_test.py,69,1,0,0,0
compose,C:\Users\Zhifei Chen\Desktop\pysmell\subjects_for_metrics\compose\tests\unit\sort_service_test.py,90,1,0,0,0
compose,C:\Users\Zhifei Chen\Desktop\pysmell\subjects_for_metrics\compose\tests\unit\sort_service_test.py,111,1,0,0,0
compose,C:\Users\Zhifei Chen\Desktop\pysmell\subjects_for_metrics\compose\tests\unit\sort_service_test.py,132,1,0,0,0
compose,C:\Users\Zhifei Chen\Desktop\pysmell\subjects_for_metrics\compose\tests\unit\sort_service_test.py,158,1,0,0,0
compose,C:\Users\Zhifei Chen\Desktop\pysmell\subjects_for_metrics\compose\tests\unit\sort_service_test.py,178,1,0,0,0
compose,C:\Users\Zhifei Chen\Desktop\pysmell\subjects_for_metrics\compose\tests\unit\sort_service_test.py,201,1,0,0,0
compose,C:\Users\Zhifei Chen\Desktop\pysmell\subjects_for_metrics\compose\tests\unit\sort_service_test.py,225,1,0,0,0
compose,C:\Users\Zhifei Chen\Desktop\pysmell\subjects_for_metrics\compose\tests\unit\split_buffer_test.py,9,1,0,0,0
compose,C:\Users\Zhifei Chen\Desktop\pysmell\subjects_for_metrics\compose\tests\unit\split_buffer_test.py,10,1,0,0,0
compose,C:\Users\Zhifei Chen\Desktop\pysmell\subjects_for_metrics\compose\tests\unit\split_buffer_test.py,17,1,0,0,0
compose,C:\Users\Zhifei Chen\Desktop\pysmell\subjects_for_metrics\compose\tests\unit\split_buffer_test.py,18,1,0,0,0
compose,C:\Users\Zhifei Chen\Desktop\pysmell\subjects_for_metrics\compose\tests\unit\split_buffer_test.py,25,1,0,0,0
compose,C:\Users\Zhifei Chen\Desktop\pysmell\subjects_for_metrics\compose\tests\unit\split_buffer_test.py,26,1,0,0,0
compose,C:\Users\Zhifei Chen\Desktop\pysmell\subjects_for_metrics\compose\tests\unit\split_buffer_test.py,31,1,0,0,0
compose,C:\Users\Zhifei Chen\Desktop\pysmell\subjects_for_metrics\compose\tests\unit\split_buffer_test.py,32,1,0,0,0
compose,C:\Users\Zhifei Chen\Desktop\pysmell\subjects_for_metrics\compose\tests\unit\split_buffer_test.py,41,1,0,0,0
compose,C:\Users\Zhifei Chen\Desktop\pysmell\subjects_for_metrics\compose\tests\unit\split_buffer_test.py,44,1,0,0,0
compose,C:\Users\Zhifei Chen\Desktop\pysmell\subjects_for_metrics\compose\tests\unit\split_buffer_test.py,49,3,0,0,0
compose,C:\Users\Zhifei Chen\Desktop\pysmell\subjects_for_metrics\compose\tests\unit\utils_test.py,7,1,0,0,0
compose,C:\Users\Zhifei Chen\Desktop\pysmell\subjects_for_metrics\compose\tests\unit\utils_test.py,11,1,0,0,0
compose,C:\Users\Zhifei Chen\Desktop\pysmell\subjects_for_metrics\compose\tests\unit\cli\command_test.py,14,1,0,0,0
compose,C:\Users\Zhifei Chen\Desktop\pysmell\subjects_for_metrics\compose\tests\unit\cli\docker_client_test.py,13,1,0,0,0
compose,C:\Users\Zhifei Chen\Desktop\pysmell\subjects_for_metrics\compose\tests\unit\cli\docker_client_test.py,18,1,0,0,0
compose,C:\Users\Zhifei Chen\Desktop\pysmell\subjects_for_metrics\compose\tests\unit\cli\log_printer_test.py,13,1,0,0,0
compose,C:\Users\Zhifei Chen\Desktop\pysmell\subjects_for_metrics\compose\tests\unit\cli\log_printer_test.py,25,1,0,0,0
compose,C:\Users\Zhifei Chen\Desktop\pysmell\subjects_for_metrics\compose\tests\unit\cli\log_printer_test.py,26,2,0,0,0
compose,C:\Users\Zhifei Chen\Desktop\pysmell\subjects_for_metrics\compose\tests\unit\cli\log_printer_test.py,32,1,0,0,0
compose,C:\Users\Zhifei Chen\Desktop\pysmell\subjects_for_metrics\compose\tests\unit\cli\log_printer_test.py,38,1,0,0,0
compose,C:\Users\Zhifei Chen\Desktop\pysmell\subjects_for_metrics\compose\tests\unit\cli\log_printer_test.py,42,1,0,0,0
compose,C:\Users\Zhifei Chen\Desktop\pysmell\subjects_for_metrics\compose\tests\unit\cli\log_printer_test.py,46,1,0,0,0
compose,C:\Users\Zhifei Chen\Desktop\pysmell\subjects_for_metrics\compose\tests\unit\cli\log_printer_test.py,49,2,0,0,0
compose,C:\Users\Zhifei Chen\Desktop\pysmell\subjects_for_metrics\compose\tests\unit\cli\log_printer_test.py,59,1,0,0,0
compose,C:\Users\Zhifei Chen\Desktop\pysmell\subjects_for_metrics\compose\tests\unit\cli\log_printer_test.py,69,1,0,0,0
compose,C:\Users\Zhifei Chen\Desktop\pysmell\subjects_for_metrics\compose\tests\unit\cli\log_printer_test.py,84,1,0,0,0
compose,C:\Users\Zhifei Chen\Desktop\pysmell\subjects_for_metrics\compose\tests\unit\cli\main_test.py,15,2,0,0,0
compose,C:\Users\Zhifei Chen\Desktop\pysmell\subjects_for_metrics\compose\tests\unit\cli\main_test.py,25,1,0,0,0
compose,C:\Users\Zhifei Chen\Desktop\pysmell\subjects_for_metrics\compose\tests\unit\cli\main_test.py,37,1,0,0,0
compose,C:\Users\Zhifei Chen\Desktop\pysmell\subjects_for_metrics\compose\tests\unit\cli\main_test.py,47,1,0,0,0
compose,C:\Users\Zhifei Chen\Desktop\pysmell\subjects_for_metrics\compose\tests\unit\cli\main_test.py,65,1,0,0,0
compose,C:\Users\Zhifei Chen\Desktop\pysmell\subjects_for_metrics\compose\tests\unit\cli\main_test.py,70,1,0,0,0
compose,C:\Users\Zhifei Chen\Desktop\pysmell\subjects_for_metrics\compose\tests\unit\cli\main_test.py,77,1,0,0,0
compose,C:\Users\Zhifei Chen\Desktop\pysmell\subjects_for_metrics\compose\tests\unit\cli\main_test.py,84,1,0,0,0
compose,C:\Users\Zhifei Chen\Desktop\pysmell\subjects_for_metrics\compose\tests\unit\cli\verbose_proxy_test.py,12,1,0,0,0
compose,C:\Users\Zhifei Chen\Desktop\pysmell\subjects_for_metrics\compose\tests\unit\cli\verbose_proxy_test.py,21,1,0,0,0
compose,C:\Users\Zhifei Chen\Desktop\pysmell\subjects_for_metrics\compose\tests\unit\cli\verbose_proxy_test.py,26,1,0,0,0
compose,C:\Users\Zhifei Chen\Desktop\pysmell\subjects_for_metrics\compose\tests\unit\cli\verbose_proxy_test.py,31,1,0,0,0
compose,C:\Users\Zhifei Chen\Desktop\pysmell\subjects_for_metrics\compose\tests\unit\config\config_test.py,18,3,0,0,0
compose,C:\Users\Zhifei Chen\Desktop\pysmell\subjects_for_metrics\compose\tests\unit\config\config_test.py,29,1,0,0,0
compose,C:\Users\Zhifei Chen\Desktop\pysmell\subjects_for_metrics\compose\tests\unit\config\config_test.py,33,3,0,0,0
compose,C:\Users\Zhifei Chen\Desktop\pysmell\subjects_for_metrics\compose\tests\unit\config\config_test.py,40,1,0,0,0
compose,C:\Users\Zhifei Chen\Desktop\pysmell\subjects_for_metrics\compose\tests\unit\config\config_test.py,67,1,0,0,0
compose,C:\Users\Zhifei Chen\Desktop\pysmell\subjects_for_metrics\compose\tests\unit\config\config_test.py,77,1,0,0,0
compose,C:\Users\Zhifei Chen\Desktop\pysmell\subjects_for_metrics\compose\tests\unit\config\config_test.py,88,1,0,0,0
compose,C:\Users\Zhifei Chen\Desktop\pysmell\subjects_for_metrics\compose\tests\unit\config\config_test.py,99,1,0,0,0
compose,C:\Users\Zhifei Chen\Desktop\pysmell\subjects_for_metrics\compose\tests\unit\config\config_test.py,137,1,0,0,0
compose,C:\Users\Zhifei Chen\Desktop\pysmell\subjects_for_metrics\compose\tests\unit\config\config_test.py,148,1,0,0,0
compose,C:\Users\Zhifei Chen\Desktop\pysmell\subjects_for_metrics\compose\tests\unit\config\config_test.py,159,1,0,0,0
compose,C:\Users\Zhifei Chen\Desktop\pysmell\subjects_for_metrics\compose\tests\unit\config\config_test.py,196,1,0,0,0
compose,C:\Users\Zhifei Chen\Desktop\pysmell\subjects_for_metrics\compose\tests\unit\config\config_test.py,206,1,0,0,0
compose,C:\Users\Zhifei Chen\Desktop\pysmell\subjects_for_metrics\compose\tests\unit\config\config_test.py,218,1,0,0,0
compose,C:\Users\Zhifei Chen\Desktop\pysmell\subjects_for_metrics\compose\tests\unit\config\config_test.py,229,1,0,0,0
compose,C:\Users\Zhifei Chen\Desktop\pysmell\subjects_for_metrics\compose\tests\unit\config\config_test.py,242,1,0,0,0
compose,C:\Users\Zhifei Chen\Desktop\pysmell\subjects_for_metrics\compose\tests\unit\config\config_test.py,255,1,0,0,0
compose,C:\Users\Zhifei Chen\Desktop\pysmell\subjects_for_metrics\compose\tests\unit\config\config_test.py,268,1,0,0,0
compose,C:\Users\Zhifei Chen\Desktop\pysmell\subjects_for_metrics\compose\tests\unit\config\config_test.py,279,1,0,0,0
compose,C:\Users\Zhifei Chen\Desktop\pysmell\subjects_for_metrics\compose\tests\unit\config\config_test.py,292,1,0,0,0
compose,C:\Users\Zhifei Chen\Desktop\pysmell\subjects_for_metrics\compose\tests\unit\config\config_test.py,306,1,0,0,0
compose,C:\Users\Zhifei Chen\Desktop\pysmell\subjects_for_metrics\compose\tests\unit\config\config_test.py,317,1,0,0,0
compose,C:\Users\Zhifei Chen\Desktop\pysmell\subjects_for_metrics\compose\tests\unit\config\config_test.py,332,1,0,0,0
compose,C:\Users\Zhifei Chen\Desktop\pysmell\subjects_for_metrics\compose\tests\unit\config\config_test.py,350,1,0,0,0
compose,C:\Users\Zhifei Chen\Desktop\pysmell\subjects_for_metrics\compose\tests\unit\config\config_test.py,365,1,0,0,0
compose,C:\Users\Zhifei Chen\Desktop\pysmell\subjects_for_metrics\compose\tests\unit\config\config_test.py,380,2,0,0,0
compose,C:\Users\Zhifei Chen\Desktop\pysmell\subjects_for_metrics\compose\tests\unit\config\config_test.py,397,1,0,0,0
compose,C:\Users\Zhifei Chen\Desktop\pysmell\subjects_for_metrics\compose\tests\unit\config\config_test.py,412,1,0,0,0
compose,C:\Users\Zhifei Chen\Desktop\pysmell\subjects_for_metrics\compose\tests\unit\config\config_test.py,426,1,0,0,0
compose,C:\Users\Zhifei Chen\Desktop\pysmell\subjects_for_metrics\compose\tests\unit\config\config_test.py,449,1,0,0,0
compose,C:\Users\Zhifei Chen\Desktop\pysmell\subjects_for_metrics\compose\tests\unit\config\config_test.py,473,1,0,0,0
compose,C:\Users\Zhifei Chen\Desktop\pysmell\subjects_for_metrics\compose\tests\unit\config\config_test.py,489,1,0,0,0
compose,C:\Users\Zhifei Chen\Desktop\pysmell\subjects_for_metrics\compose\tests\unit\config\config_test.py,508,1,0,0,0
compose,C:\Users\Zhifei Chen\Desktop\pysmell\subjects_for_metrics\compose\tests\unit\config\config_test.py,512,1,0,0,0
compose,C:\Users\Zhifei Chen\Desktop\pysmell\subjects_for_metrics\compose\tests\unit\config\config_test.py,524,1,0,0,0
compose,C:\Users\Zhifei Chen\Desktop\pysmell\subjects_for_metrics\compose\tests\unit\config\config_test.py,531,1,0,0,0
compose,C:\Users\Zhifei Chen\Desktop\pysmell\subjects_for_metrics\compose\tests\unit\config\config_test.py,535,1,0,0,0
compose,C:\Users\Zhifei Chen\Desktop\pysmell\subjects_for_metrics\compose\tests\unit\config\config_test.py,539,1,0,0,0
compose,C:\Users\Zhifei Chen\Desktop\pysmell\subjects_for_metrics\compose\tests\unit\config\config_test.py,543,1,0,0,0
compose,C:\Users\Zhifei Chen\Desktop\pysmell\subjects_for_metrics\compose\tests\unit\config\config_test.py,554,1,0,0,0
compose,C:\Users\Zhifei Chen\Desktop\pysmell\subjects_for_metrics\compose\tests\unit\config\config_test.py,565,1,0,0,0
compose,C:\Users\Zhifei Chen\Desktop\pysmell\subjects_for_metrics\compose\tests\unit\config\config_test.py,577,1,0,0,0
compose,C:\Users\Zhifei Chen\Desktop\pysmell\subjects_for_metrics\compose\tests\unit\config\config_test.py,580,1,0,0,0
compose,C:\Users\Zhifei Chen\Desktop\pysmell\subjects_for_metrics\compose\tests\unit\config\config_test.py,584,1,0,0,0
compose,C:\Users\Zhifei Chen\Desktop\pysmell\subjects_for_metrics\compose\tests\unit\config\config_test.py,591,1,0,0,0
compose,C:\Users\Zhifei Chen\Desktop\pysmell\subjects_for_metrics\compose\tests\unit\config\config_test.py,598,1,0,0,0
compose,C:\Users\Zhifei Chen\Desktop\pysmell\subjects_for_metrics\compose\tests\unit\config\config_test.py,605,1,0,0,0
compose,C:\Users\Zhifei Chen\Desktop\pysmell\subjects_for_metrics\compose\tests\unit\config\config_test.py,612,1,0,0,0
compose,C:\Users\Zhifei Chen\Desktop\pysmell\subjects_for_metrics\compose\tests\unit\config\config_test.py,621,1,0,0,0
compose,C:\Users\Zhifei Chen\Desktop\pysmell\subjects_for_metrics\compose\tests\unit\config\config_test.py,626,1,0,0,0
compose,C:\Users\Zhifei Chen\Desktop\pysmell\subjects_for_metrics\compose\tests\unit\config\config_test.py,631,1,0,0,0
compose,C:\Users\Zhifei Chen\Desktop\pysmell\subjects_for_metrics\compose\tests\unit\config\config_test.py,642,1,0,0,0
compose,C:\Users\Zhifei Chen\Desktop\pysmell\subjects_for_metrics\compose\tests\unit\config\config_test.py,653,1,0,0,0
compose,C:\Users\Zhifei Chen\Desktop\pysmell\subjects_for_metrics\compose\tests\unit\config\config_test.py,666,1,0,0,0
compose,C:\Users\Zhifei Chen\Desktop\pysmell\subjects_for_metrics\compose\tests\unit\config\config_test.py,670,1,0,0,0
compose,C:\Users\Zhifei Chen\Desktop\pysmell\subjects_for_metrics\compose\tests\unit\config\config_test.py,677,1,0,0,0
compose,C:\Users\Zhifei Chen\Desktop\pysmell\subjects_for_metrics\compose\tests\unit\config\config_test.py,684,1,0,0,0
compose,C:\Users\Zhifei Chen\Desktop\pysmell\subjects_for_metrics\compose\tests\unit\config\config_test.py,693,1,0,0,0
compose,C:\Users\Zhifei Chen\Desktop\pysmell\subjects_for_metrics\compose\tests\unit\config\config_test.py,700,1,0,0,0
compose,C:\Users\Zhifei Chen\Desktop\pysmell\subjects_for_metrics\compose\tests\unit\config\config_test.py,707,1,0,0,0
compose,C:\Users\Zhifei Chen\Desktop\pysmell\subjects_for_metrics\compose\tests\unit\config\config_test.py,714,1,0,0,0
compose,C:\Users\Zhifei Chen\Desktop\pysmell\subjects_for_metrics\compose\tests\unit\config\config_test.py,723,1,0,0,0
compose,C:\Users\Zhifei Chen\Desktop\pysmell\subjects_for_metrics\compose\tests\unit\config\config_test.py,727,1,0,0,0
compose,C:\Users\Zhifei Chen\Desktop\pysmell\subjects_for_metrics\compose\tests\unit\config\config_test.py,734,1,0,0,0
compose,C:\Users\Zhifei Chen\Desktop\pysmell\subjects_for_metrics\compose\tests\unit\config\config_test.py,741,1,0,0,0
compose,C:\Users\Zhifei Chen\Desktop\pysmell\subjects_for_metrics\compose\tests\unit\config\config_test.py,748,1,0,0,0
compose,C:\Users\Zhifei Chen\Desktop\pysmell\subjects_for_metrics\compose\tests\unit\config\config_test.py,755,1,0,0,0
compose,C:\Users\Zhifei Chen\Desktop\pysmell\subjects_for_metrics\compose\tests\unit\config\config_test.py,764,1,0,0,0
compose,C:\Users\Zhifei Chen\Desktop\pysmell\subjects_for_metrics\compose\tests\unit\config\config_test.py,784,1,0,0,0
compose,C:\Users\Zhifei Chen\Desktop\pysmell\subjects_for_metrics\compose\tests\unit\config\config_test.py,794,1,0,0,0
compose,C:\Users\Zhifei Chen\Desktop\pysmell\subjects_for_metrics\compose\tests\unit\config\config_test.py,806,1,0,0,0
compose,C:\Users\Zhifei Chen\Desktop\pysmell\subjects_for_metrics\compose\tests\unit\config\config_test.py,817,1,0,0,0
compose,C:\Users\Zhifei Chen\Desktop\pysmell\subjects_for_metrics\compose\tests\unit\config\config_test.py,825,1,0,0,0
compose,C:\Users\Zhifei Chen\Desktop\pysmell\subjects_for_metrics\compose\tests\unit\config\config_test.py,829,1,0,0,0
compose,C:\Users\Zhifei Chen\Desktop\pysmell\subjects_for_metrics\compose\tests\unit\config\config_test.py,832,1,0,0,0
compose,C:\Users\Zhifei Chen\Desktop\pysmell\subjects_for_metrics\compose\tests\unit\config\config_test.py,856,1,0,0,0
compose,C:\Users\Zhifei Chen\Desktop\pysmell\subjects_for_metrics\compose\tests\unit\config\config_test.py,867,1,0,0,0
compose,C:\Users\Zhifei Chen\Desktop\pysmell\subjects_for_metrics\compose\tests\unit\config\config_test.py,878,1,0,0,0
compose,C:\Users\Zhifei Chen\Desktop\pysmell\subjects_for_metrics\compose\tests\unit\config\config_test.py,885,1,0,0,0
compose,C:\Users\Zhifei Chen\Desktop\pysmell\subjects_for_metrics\compose\tests\unit\config\config_test.py,900,1,0,0,0
compose,C:\Users\Zhifei Chen\Desktop\pysmell\subjects_for_metrics\compose\tests\unit\config\config_test.py,925,1,0,0,0
compose,C:\Users\Zhifei Chen\Desktop\pysmell\subjects_for_metrics\compose\tests\unit\config\config_test.py,930,1,0,0,0
compose,C:\Users\Zhifei Chen\Desktop\pysmell\subjects_for_metrics\compose\tests\unit\config\config_test.py,952,1,0,0,0
compose,C:\Users\Zhifei Chen\Desktop\pysmell\subjects_for_metrics\compose\tests\unit\config\config_test.py,967,1,0,0,0
compose,C:\Users\Zhifei Chen\Desktop\pysmell\subjects_for_metrics\compose\tests\unit\config\config_test.py,995,1,0,0,0
compose,C:\Users\Zhifei Chen\Desktop\pysmell\subjects_for_metrics\compose\tests\unit\config\config_test.py,1009,1,0,0,0
compose,C:\Users\Zhifei Chen\Desktop\pysmell\subjects_for_metrics\compose\tests\unit\config\config_test.py,1021,1,0,0,0
compose,C:\Users\Zhifei Chen\Desktop\pysmell\subjects_for_metrics\compose\tests\unit\config\config_test.py,1033,1,0,0,0
compose,C:\Users\Zhifei Chen\Desktop\pysmell\subjects_for_metrics\compose\tests\unit\config\config_test.py,1056,1,0,0,0
compose,C:\Users\Zhifei Chen\Desktop\pysmell\subjects_for_metrics\compose\tests\unit\config\config_test.py,1078,1,0,0,0
compose,C:\Users\Zhifei Chen\Desktop\pysmell\subjects_for_metrics\compose\tests\unit\config\config_test.py,1081,1,0,0,0
compose,C:\Users\Zhifei Chen\Desktop\pysmell\subjects_for_metrics\compose\tests\unit\config\config_test.py,1086,1,0,0,0
compose,C:\Users\Zhifei Chen\Desktop\pysmell\subjects_for_metrics\compose\tests\unit\config\config_test.py,1101,1,0,0,0
compose,C:\Users\Zhifei Chen\Desktop\pysmell\subjects_for_metrics\compose\tests\unit\config\config_test.py,1107,1,0,0,0
compose,C:\Users\Zhifei Chen\Desktop\pysmell\subjects_for_metrics\compose\tests\unit\config\config_test.py,1111,1,0,0,0
compose,C:\Users\Zhifei Chen\Desktop\pysmell\subjects_for_metrics\compose\tests\unit\config\config_test.py,1135,1,0,0,0
compose,C:\Users\Zhifei Chen\Desktop\pysmell\subjects_for_metrics\compose\tests\unit\config\config_test.py,1140,1,0,0,0
compose,C:\Users\Zhifei Chen\Desktop\pysmell\subjects_for_metrics\compose\tests\unit\config\config_test.py,1146,1,0,0,0
compose,C:\Users\Zhifei Chen\Desktop\pysmell\subjects_for_metrics\compose\tests\unit\config\config_test.py,1152,1,0,0,0
compose,C:\Users\Zhifei Chen\Desktop\pysmell\subjects_for_metrics\compose\tests\unit\config\config_test.py,1163,1,0,0,0
compose,C:\Users\Zhifei Chen\Desktop\pysmell\subjects_for_metrics\compose\tests\unit\config\config_test.py,1174,1,0,0,0
compose,C:\Users\Zhifei Chen\Desktop\pysmell\subjects_for_metrics\compose\tests\unit\config\config_test.py,1189,1,0,0,0
compose,C:\Users\Zhifei Chen\Desktop\pysmell\subjects_for_metrics\compose\tests\unit\config\config_test.py,1194,1,0,0,0
compose,C:\Users\Zhifei Chen\Desktop\pysmell\subjects_for_metrics\compose\tests\unit\config\config_test.py,1198,1,0,0,0
compose,C:\Users\Zhifei Chen\Desktop\pysmell\subjects_for_metrics\compose\tests\unit\config\config_test.py,1223,1,0,0,0
compose,C:\Users\Zhifei Chen\Desktop\pysmell\subjects_for_metrics\compose\tests\unit\config\config_test.py,1227,1,0,0,0
compose,C:\Users\Zhifei Chen\Desktop\pysmell\subjects_for_metrics\compose\tests\unit\config\config_test.py,1232,1,0,0,0
compose,C:\Users\Zhifei Chen\Desktop\pysmell\subjects_for_metrics\compose\tests\unit\config\config_test.py,1243,1,0,0,0
compose,C:\Users\Zhifei Chen\Desktop\pysmell\subjects_for_metrics\compose\tests\unit\config\config_test.py,1258,1,0,0,0
compose,C:\Users\Zhifei Chen\Desktop\pysmell\subjects_for_metrics\compose\tests\unit\config\config_test.py,1261,1,0,0,0
compose,C:\Users\Zhifei Chen\Desktop\pysmell\subjects_for_metrics\compose\tests\unit\config\config_test.py,1273,1,0,0,0
compose,C:\Users\Zhifei Chen\Desktop\pysmell\subjects_for_metrics\compose\tests\unit\config\config_test.py,1282,1,0,0,0
compose,C:\Users\Zhifei Chen\Desktop\pysmell\subjects_for_metrics\compose\tests\unit\config\config_test.py,1290,1,0,0,0
compose,C:\Users\Zhifei Chen\Desktop\pysmell\subjects_for_metrics\compose\tests\unit\config\config_test.py,1304,1,0,0,0
compose,C:\Users\Zhifei Chen\Desktop\pysmell\subjects_for_metrics\compose\tests\unit\config\config_test.py,1312,1,0,0,0
compose,C:\Users\Zhifei Chen\Desktop\pysmell\subjects_for_metrics\compose\tests\unit\config\config_test.py,1315,1,0,0,0
compose,C:\Users\Zhifei Chen\Desktop\pysmell\subjects_for_metrics\compose\tests\unit\config\config_test.py,1324,1,0,0,0
compose,C:\Users\Zhifei Chen\Desktop\pysmell\subjects_for_metrics\compose\tests\unit\config\config_test.py,1325,2,0,0,0
