subject,file,lineno,LEC,DNC,NCT,experience-based,statistics-based,tuning machine
compose,C:\Users\Zhifei Chen\Desktop\pysmell\subjects_for_metrics\compose\setup.py,48,1,,,0,0,0
compose,C:\Users\Zhifei Chen\Desktop\pysmell\subjects_for_metrics\compose\compose\container.py,33,1,,,0,0,0
compose,C:\Users\Zhifei Chen\Desktop\pysmell\subjects_for_metrics\compose\compose\container.py,34,1,,,0,0,0
compose,C:\Users\Zhifei Chen\Desktop\pysmell\subjects_for_metrics\compose\compose\container.py,46,1,,,0,0,0
compose,C:\Users\Zhifei Chen\Desktop\pysmell\subjects_for_metrics\compose\compose\container.py,50,1,,,0,0,0
compose,C:\Users\Zhifei Chen\Desktop\pysmell\subjects_for_metrics\compose\compose\container.py,54,1,,,0,0,0
compose,C:\Users\Zhifei Chen\Desktop\pysmell\subjects_for_metrics\compose\compose\container.py,62,1,,,0,0,0
compose,C:\Users\Zhifei Chen\Desktop\pysmell\subjects_for_metrics\compose\compose\container.py,66,2,,,0,0,0
compose,C:\Users\Zhifei Chen\Desktop\pysmell\subjects_for_metrics\compose\compose\container.py,100,1,,,0,0,0
compose,C:\Users\Zhifei Chen\Desktop\pysmell\subjects_for_metrics\compose\compose\container.py,164,1,,,0,0,0
compose,C:\Users\Zhifei Chen\Desktop\pysmell\subjects_for_metrics\compose\compose\container.py,206,1,,,0,0,0
compose,C:\Users\Zhifei Chen\Desktop\pysmell\subjects_for_metrics\compose\compose\container.py,208,1,,,0,0,0
compose,C:\Users\Zhifei Chen\Desktop\pysmell\subjects_for_metrics\compose\compose\container.py,209,1,,,0,0,0
compose,C:\Users\Zhifei Chen\Desktop\pysmell\subjects_for_metrics\compose\compose\container.py,216,1,,,0,0,0
compose,C:\Users\Zhifei Chen\Desktop\pysmell\subjects_for_metrics\compose\compose\container.py,232,1,,,0,0,0
compose,C:\Users\Zhifei Chen\Desktop\pysmell\subjects_for_metrics\compose\compose\container.py,234,1,,,0,0,0
compose,C:\Users\Zhifei Chen\Desktop\pysmell\subjects_for_metrics\compose\compose\container.py,235,1,,,0,0,0
compose,C:\Users\Zhifei Chen\Desktop\pysmell\subjects_for_metrics\compose\compose\progress_stream.py,24,1,,,0,0,0
compose,C:\Users\Zhifei Chen\Desktop\pysmell\subjects_for_metrics\compose\compose\progress_stream.py,26,1,,,0,0,0
compose,C:\Users\Zhifei Chen\Desktop\pysmell\subjects_for_metrics\compose\compose\progress_stream.py,47,2,,,0,0,0
compose,C:\Users\Zhifei Chen\Desktop\pysmell\subjects_for_metrics\compose\compose\progress_stream.py,59,1,,,0,0,0
compose,C:\Users\Zhifei Chen\Desktop\pysmell\subjects_for_metrics\compose\compose\progress_stream.py,62,1,,,0,0,0
compose,C:\Users\Zhifei Chen\Desktop\pysmell\subjects_for_metrics\compose\compose\progress_stream.py,65,1,,,0,0,0
compose,C:\Users\Zhifei Chen\Desktop\pysmell\subjects_for_metrics\compose\compose\progress_stream.py,70,1,,,0,0,0
compose,C:\Users\Zhifei Chen\Desktop\pysmell\subjects_for_metrics\compose\compose\progress_stream.py,72,1,,,0,0,0
compose,C:\Users\Zhifei Chen\Desktop\pysmell\subjects_for_metrics\compose\compose\progress_stream.py,75,1,,,0,0,0
compose,C:\Users\Zhifei Chen\Desktop\pysmell\subjects_for_metrics\compose\compose\progress_stream.py,80,1,,,0,0,0
compose,C:\Users\Zhifei Chen\Desktop\pysmell\subjects_for_metrics\compose\compose\project.py,32,1,,,0,0,0
compose,C:\Users\Zhifei Chen\Desktop\pysmell\subjects_for_metrics\compose\compose\project.py,37,1,,,0,0,0
compose,C:\Users\Zhifei Chen\Desktop\pysmell\subjects_for_metrics\compose\compose\project.py,46,1,,,0,0,0
compose,C:\Users\Zhifei Chen\Desktop\pysmell\subjects_for_metrics\compose\compose\project.py,55,1,,,0,0,0
compose,C:\Users\Zhifei Chen\Desktop\pysmell\subjects_for_metrics\compose\compose\project.py,56,1,,,0,0,0
compose,C:\Users\Zhifei Chen\Desktop\pysmell\subjects_for_metrics\compose\compose\project.py,57,1,,,0,0,0
compose,C:\Users\Zhifei Chen\Desktop\pysmell\subjects_for_metrics\compose\compose\project.py,58,1,,,0,0,0
compose,C:\Users\Zhifei Chen\Desktop\pysmell\subjects_for_metrics\compose\compose\project.py,59,1,,,0,0,0
compose,C:\Users\Zhifei Chen\Desktop\pysmell\subjects_for_metrics\compose\compose\project.py,63,1,,,0,0,0
compose,C:\Users\Zhifei Chen\Desktop\pysmell\subjects_for_metrics\compose\compose\project.py,66,1,,,0,0,0
compose,C:\Users\Zhifei Chen\Desktop\pysmell\subjects_for_metrics\compose\compose\project.py,71,1,,,0,0,0
compose,C:\Users\Zhifei Chen\Desktop\pysmell\subjects_for_metrics\compose\compose\project.py,188,1,,,0,0,0
compose,C:\Users\Zhifei Chen\Desktop\pysmell\subjects_for_metrics\compose\compose\project.py,211,1,,,0,0,0
compose,C:\Users\Zhifei Chen\Desktop\pysmell\subjects_for_metrics\compose\compose\project.py,308,1,,,0,0,0
compose,C:\Users\Zhifei Chen\Desktop\pysmell\subjects_for_metrics\compose\compose\project.py,322,1,,,0,0,0
compose,C:\Users\Zhifei Chen\Desktop\pysmell\subjects_for_metrics\compose\compose\project.py,333,1,,,0,0,0
compose,C:\Users\Zhifei Chen\Desktop\pysmell\subjects_for_metrics\compose\compose\project.py,368,1,,,0,0,0
compose,C:\Users\Zhifei Chen\Desktop\pysmell\subjects_for_metrics\compose\compose\project.py,383,1,,,0,0,0
compose,C:\Users\Zhifei Chen\Desktop\pysmell\subjects_for_metrics\compose\compose\project.py,406,2,,,0,0,0
compose,C:\Users\Zhifei Chen\Desktop\pysmell\subjects_for_metrics\compose\compose\project.py,409,1,,,0,0,0
compose,C:\Users\Zhifei Chen\Desktop\pysmell\subjects_for_metrics\compose\compose\project.py,417,1,,,0,0,0
compose,C:\Users\Zhifei Chen\Desktop\pysmell\subjects_for_metrics\compose\compose\service.py,240,1,,,0,0,0
compose,C:\Users\Zhifei Chen\Desktop\pysmell\subjects_for_metrics\compose\compose\service.py,271,1,,,0,0,0
compose,C:\Users\Zhifei Chen\Desktop\pysmell\subjects_for_metrics\compose\compose\service.py,315,1,,,0,0,0
compose,C:\Users\Zhifei Chen\Desktop\pysmell\subjects_for_metrics\compose\compose\service.py,350,1,,,0,0,0
compose,C:\Users\Zhifei Chen\Desktop\pysmell\subjects_for_metrics\compose\compose\service.py,510,1,,,0,0,0
compose,C:\Users\Zhifei Chen\Desktop\pysmell\subjects_for_metrics\compose\compose\service.py,584,1,,,0,0,0
compose,C:\Users\Zhifei Chen\Desktop\pysmell\subjects_for_metrics\compose\compose\service.py,589,1,,,0,0,0
compose,C:\Users\Zhifei Chen\Desktop\pysmell\subjects_for_metrics\compose\compose\service.py,591,1,,,0,0,0
compose,C:\Users\Zhifei Chen\Desktop\pysmell\subjects_for_metrics\compose\compose\service.py,594,1,,,0,0,0
compose,C:\Users\Zhifei Chen\Desktop\pysmell\subjects_for_metrics\compose\compose\service.py,602,1,,,0,0,0
compose,C:\Users\Zhifei Chen\Desktop\pysmell\subjects_for_metrics\compose\compose\service.py,603,1,,,0,0,0
compose,C:\Users\Zhifei Chen\Desktop\pysmell\subjects_for_metrics\compose\compose\service.py,604,1,,,0,0,0
compose,C:\Users\Zhifei Chen\Desktop\pysmell\subjects_for_metrics\compose\compose\service.py,604,1,,,0,0,0
compose,C:\Users\Zhifei Chen\Desktop\pysmell\subjects_for_metrics\compose\compose\service.py,605,1,,,0,0,0
compose,C:\Users\Zhifei Chen\Desktop\pysmell\subjects_for_metrics\compose\compose\service.py,605,1,,,0,0,0
compose,C:\Users\Zhifei Chen\Desktop\pysmell\subjects_for_metrics\compose\compose\service.py,608,1,,,0,0,0
compose,C:\Users\Zhifei Chen\Desktop\pysmell\subjects_for_metrics\compose\compose\service.py,620,1,,,0,0,0
compose,C:\Users\Zhifei Chen\Desktop\pysmell\subjects_for_metrics\compose\compose\service.py,622,1,,,0,0,0
compose,C:\Users\Zhifei Chen\Desktop\pysmell\subjects_for_metrics\compose\compose\service.py,627,1,,,0,0,0
compose,C:\Users\Zhifei Chen\Desktop\pysmell\subjects_for_metrics\compose\compose\service.py,628,,2,1,0,0,0
compose,C:\Users\Zhifei Chen\Desktop\pysmell\subjects_for_metrics\compose\compose\service.py,629,1,,,0,0,0
compose,C:\Users\Zhifei Chen\Desktop\pysmell\subjects_for_metrics\compose\compose\service.py,631,1,,,0,0,0
compose,C:\Users\Zhifei Chen\Desktop\pysmell\subjects_for_metrics\compose\compose\service.py,636,2,,,0,0,0
compose,C:\Users\Zhifei Chen\Desktop\pysmell\subjects_for_metrics\compose\compose\service.py,638,1,,,0,0,0
compose,C:\Users\Zhifei Chen\Desktop\pysmell\subjects_for_metrics\compose\compose\service.py,640,1,,,0,0,0
compose,C:\Users\Zhifei Chen\Desktop\pysmell\subjects_for_metrics\compose\compose\service.py,650,1,,,0,0,0
compose,C:\Users\Zhifei Chen\Desktop\pysmell\subjects_for_metrics\compose\compose\service.py,713,1,,,0,0,0
compose,C:\Users\Zhifei Chen\Desktop\pysmell\subjects_for_metrics\compose\compose\service.py,782,1,,,0,0,0
compose,C:\Users\Zhifei Chen\Desktop\pysmell\subjects_for_metrics\compose\compose\service.py,848,1,,,0,0,0
compose,C:\Users\Zhifei Chen\Desktop\pysmell\subjects_for_metrics\compose\compose\service.py,921,1,,,0,0,0
compose,C:\Users\Zhifei Chen\Desktop\pysmell\subjects_for_metrics\compose\compose\service.py,977,1,,,0,0,0
compose,C:\Users\Zhifei Chen\Desktop\pysmell\subjects_for_metrics\compose\compose\service.py,977,1,,,0,0,0
compose,C:\Users\Zhifei Chen\Desktop\pysmell\subjects_for_metrics\compose\compose\service.py,986,1,,,0,0,0
compose,C:\Users\Zhifei Chen\Desktop\pysmell\subjects_for_metrics\compose\compose\service.py,988,1,,,0,0,0
compose,C:\Users\Zhifei Chen\Desktop\pysmell\subjects_for_metrics\compose\compose\service.py,988,1,,,0,0,0
compose,C:\Users\Zhifei Chen\Desktop\pysmell\subjects_for_metrics\compose\compose\service.py,992,1,,,0,0,0
compose,C:\Users\Zhifei Chen\Desktop\pysmell\subjects_for_metrics\compose\compose\service.py,1007,1,,,0,0,0
compose,C:\Users\Zhifei Chen\Desktop\pysmell\subjects_for_metrics\compose\compose\service.py,1020,1,,,0,0,0
compose,C:\Users\Zhifei Chen\Desktop\pysmell\subjects_for_metrics\compose\compose\service.py,1034,1,,,0,0,0
compose,C:\Users\Zhifei Chen\Desktop\pysmell\subjects_for_metrics\compose\compose\service.py,1035,1,,,0,0,0
compose,C:\Users\Zhifei Chen\Desktop\pysmell\subjects_for_metrics\compose\compose\service.py,1039,1,,,0,0,0
compose,C:\Users\Zhifei Chen\Desktop\pysmell\subjects_for_metrics\compose\compose\utils.py,77,,2,1,0,0,0
compose,C:\Users\Zhifei Chen\Desktop\pysmell\subjects_for_metrics\compose\compose\utils.py,106,1,,,0,0,0
compose,C:\Users\Zhifei Chen\Desktop\pysmell\subjects_for_metrics\compose\compose\utils.py,106,1,,,0,0,0
compose,C:\Users\Zhifei Chen\Desktop\pysmell\subjects_for_metrics\compose\compose\cli\colors.py,33,1,,,0,0,0
compose,C:\Users\Zhifei Chen\Desktop\pysmell\subjects_for_metrics\compose\compose\cli\colors.py,42,1,,,0,0,0
compose,C:\Users\Zhifei Chen\Desktop\pysmell\subjects_for_metrics\compose\compose\cli\docker_client.py,24,1,,,0,0,0
compose,C:\Users\Zhifei Chen\Desktop\pysmell\subjects_for_metrics\compose\compose\cli\docker_client.py,27,1,,,0,0,0
compose,C:\Users\Zhifei Chen\Desktop\pysmell\subjects_for_metrics\compose\compose\cli\docopt_command.py,23,1,,,0,0,0
compose,C:\Users\Zhifei Chen\Desktop\pysmell\subjects_for_metrics\compose\compose\cli\docopt_command.py,30,1,,,0,0,0
compose,C:\Users\Zhifei Chen\Desktop\pysmell\subjects_for_metrics\compose\compose\cli\docopt_command.py,41,1,,,0,0,0
compose,C:\Users\Zhifei Chen\Desktop\pysmell\subjects_for_metrics\compose\compose\cli\main.py,152,1,,,0,0,0
compose,C:\Users\Zhifei Chen\Desktop\pysmell\subjects_for_metrics\compose\compose\cli\main.py,158,1,,,0,0,0
compose,C:\Users\Zhifei Chen\Desktop\pysmell\subjects_for_metrics\compose\compose\cli\main.py,183,1,,,0,0,0
compose,C:\Users\Zhifei Chen\Desktop\pysmell\subjects_for_metrics\compose\compose\cli\main.py,191,1,,,0,0,0
compose,C:\Users\Zhifei Chen\Desktop\pysmell\subjects_for_metrics\compose\compose\cli\main.py,206,1,,,0,0,0
compose,C:\Users\Zhifei Chen\Desktop\pysmell\subjects_for_metrics\compose\compose\cli\main.py,217,1,,,0,0,0
compose,C:\Users\Zhifei Chen\Desktop\pysmell\subjects_for_metrics\compose\compose\cli\main.py,219,1,,,0,0,0
compose,C:\Users\Zhifei Chen\Desktop\pysmell\subjects_for_metrics\compose\compose\cli\main.py,229,1,,,0,0,0
compose,C:\Users\Zhifei Chen\Desktop\pysmell\subjects_for_metrics\compose\compose\cli\main.py,243,1,,,0,0,0
compose,C:\Users\Zhifei Chen\Desktop\pysmell\subjects_for_metrics\compose\compose\cli\main.py,249,1,,,0,0,0
compose,C:\Users\Zhifei Chen\Desktop\pysmell\subjects_for_metrics\compose\compose\cli\main.py,262,1,,,0,0,0
compose,C:\Users\Zhifei Chen\Desktop\pysmell\subjects_for_metrics\compose\compose\cli\main.py,263,1,,,0,0,0
compose,C:\Users\Zhifei Chen\Desktop\pysmell\subjects_for_metrics\compose\compose\cli\main.py,266,1,,,0,0,0
compose,C:\Users\Zhifei Chen\Desktop\pysmell\subjects_for_metrics\compose\compose\cli\main.py,280,1,,,0,0,0
compose,C:\Users\Zhifei Chen\Desktop\pysmell\subjects_for_metrics\compose\compose\cli\main.py,299,1,,,0,0,0
compose,C:\Users\Zhifei Chen\Desktop\pysmell\subjects_for_metrics\compose\compose\cli\main.py,303,1,,,0,0,0
compose,C:\Users\Zhifei Chen\Desktop\pysmell\subjects_for_metrics\compose\compose\cli\main.py,317,1,,,0,0,0
compose,C:\Users\Zhifei Chen\Desktop\pysmell\subjects_for_metrics\compose\compose\cli\main.py,325,1,,,0,0,0
compose,C:\Users\Zhifei Chen\Desktop\pysmell\subjects_for_metrics\compose\compose\cli\main.py,361,1,,,0,0,0
compose,C:\Users\Zhifei Chen\Desktop\pysmell\subjects_for_metrics\compose\compose\cli\main.py,363,1,,,0,0,0
compose,C:\Users\Zhifei Chen\Desktop\pysmell\subjects_for_metrics\compose\compose\cli\main.py,371,1,,,0,0,0
compose,C:\Users\Zhifei Chen\Desktop\pysmell\subjects_for_metrics\compose\compose\cli\main.py,374,1,,,0,0,0
compose,C:\Users\Zhifei Chen\Desktop\pysmell\subjects_for_metrics\compose\compose\cli\main.py,385,1,,,0,0,0
compose,C:\Users\Zhifei Chen\Desktop\pysmell\subjects_for_metrics\compose\compose\cli\main.py,388,1,,,0,0,0
compose,C:\Users\Zhifei Chen\Desktop\pysmell\subjects_for_metrics\compose\compose\cli\main.py,389,1,,,0,0,0
compose,C:\Users\Zhifei Chen\Desktop\pysmell\subjects_for_metrics\compose\compose\cli\main.py,389,1,,,0,0,0
compose,C:\Users\Zhifei Chen\Desktop\pysmell\subjects_for_metrics\compose\compose\cli\main.py,400,1,,,0,0,0
compose,C:\Users\Zhifei Chen\Desktop\pysmell\subjects_for_metrics\compose\compose\cli\main.py,401,1,,,0,0,0
compose,C:\Users\Zhifei Chen\Desktop\pysmell\subjects_for_metrics\compose\compose\cli\main.py,401,1,,,0,0,0
compose,C:\Users\Zhifei Chen\Desktop\pysmell\subjects_for_metrics\compose\compose\cli\main.py,403,1,,,0,0,0
compose,C:\Users\Zhifei Chen\Desktop\pysmell\subjects_for_metrics\compose\compose\cli\main.py,404,1,,,0,0,0
compose,C:\Users\Zhifei Chen\Desktop\pysmell\subjects_for_metrics\compose\compose\cli\main.py,406,1,,,0,0,0
compose,C:\Users\Zhifei Chen\Desktop\pysmell\subjects_for_metrics\compose\compose\cli\main.py,407,1,,,0,0,0
compose,C:\Users\Zhifei Chen\Desktop\pysmell\subjects_for_metrics\compose\compose\cli\main.py,409,1,,,0,0,0
compose,C:\Users\Zhifei Chen\Desktop\pysmell\subjects_for_metrics\compose\compose\cli\main.py,410,1,,,0,0,0
compose,C:\Users\Zhifei Chen\Desktop\pysmell\subjects_for_metrics\compose\compose\cli\main.py,412,1,,,0,0,0
compose,C:\Users\Zhifei Chen\Desktop\pysmell\subjects_for_metrics\compose\compose\cli\main.py,413,1,,,0,0,0
compose,C:\Users\Zhifei Chen\Desktop\pysmell\subjects_for_metrics\compose\compose\cli\main.py,415,1,,,0,0,0
compose,C:\Users\Zhifei Chen\Desktop\pysmell\subjects_for_metrics\compose\compose\cli\main.py,416,1,,,0,0,0
compose,C:\Users\Zhifei Chen\Desktop\pysmell\subjects_for_metrics\compose\compose\cli\main.py,418,1,,,0,0,0
compose,C:\Users\Zhifei Chen\Desktop\pysmell\subjects_for_metrics\compose\compose\cli\main.py,418,1,,,0,0,0
compose,C:\Users\Zhifei Chen\Desktop\pysmell\subjects_for_metrics\compose\compose\cli\main.py,424,1,,,0,0,0
compose,C:\Users\Zhifei Chen\Desktop\pysmell\subjects_for_metrics\compose\compose\cli\main.py,425,1,,,0,0,0
compose,C:\Users\Zhifei Chen\Desktop\pysmell\subjects_for_metrics\compose\compose\cli\main.py,425,1,,,0,0,0
compose,C:\Users\Zhifei Chen\Desktop\pysmell\subjects_for_metrics\compose\compose\cli\main.py,447,1,,,0,0,0
compose,C:\Users\Zhifei Chen\Desktop\pysmell\subjects_for_metrics\compose\compose\cli\main.py,449,1,,,0,0,0
compose,C:\Users\Zhifei Chen\Desktop\pysmell\subjects_for_metrics\compose\compose\cli\main.py,470,1,,,0,0,0
compose,C:\Users\Zhifei Chen\Desktop\pysmell\subjects_for_metrics\compose\compose\cli\main.py,487,1,,,0,0,0
compose,C:\Users\Zhifei Chen\Desktop\pysmell\subjects_for_metrics\compose\compose\cli\main.py,502,1,,,0,0,0
compose,C:\Users\Zhifei Chen\Desktop\pysmell\subjects_for_metrics\compose\compose\cli\main.py,515,1,,,0,0,0
compose,C:\Users\Zhifei Chen\Desktop\pysmell\subjects_for_metrics\compose\compose\cli\main.py,523,1,,,0,0,0
compose,C:\Users\Zhifei Chen\Desktop\pysmell\subjects_for_metrics\compose\compose\cli\main.py,561,1,,,0,0,0
compose,C:\Users\Zhifei Chen\Desktop\pysmell\subjects_for_metrics\compose\compose\cli\main.py,564,1,,,0,0,0
compose,C:\Users\Zhifei Chen\Desktop\pysmell\subjects_for_metrics\compose\compose\cli\main.py,565,1,,,0,0,0
compose,C:\Users\Zhifei Chen\Desktop\pysmell\subjects_for_metrics\compose\compose\cli\main.py,566,1,,,0,0,0
compose,C:\Users\Zhifei Chen\Desktop\pysmell\subjects_for_metrics\compose\compose\cli\main.py,573,1,,,0,0,0
compose,C:\Users\Zhifei Chen\Desktop\pysmell\subjects_for_metrics\compose\compose\cli\main.py,577,1,,,0,0,0
compose,C:\Users\Zhifei Chen\Desktop\pysmell\subjects_for_metrics\compose\compose\cli\main.py,616,1,,,0,0,0
compose,C:\Users\Zhifei Chen\Desktop\pysmell\subjects_for_metrics\compose\compose\cli\main.py,623,1,,,0,0,0
compose,C:\Users\Zhifei Chen\Desktop\pysmell\subjects_for_metrics\compose\compose\cli\main.py,624,1,,,0,0,0
compose,C:\Users\Zhifei Chen\Desktop\pysmell\subjects_for_metrics\compose\compose\cli\utils.py,56,1,,,0,0,0
compose,C:\Users\Zhifei Chen\Desktop\pysmell\subjects_for_metrics\compose\compose\cli\verbose_proxy.py,22,1,,,0,0,0
compose,C:\Users\Zhifei Chen\Desktop\pysmell\subjects_for_metrics\compose\compose\config\config.py,115,1,,,0,0,0
compose,C:\Users\Zhifei Chen\Desktop\pysmell\subjects_for_metrics\compose\compose\config\config.py,125,1,,,0,0,0
compose,C:\Users\Zhifei Chen\Desktop\pysmell\subjects_for_metrics\compose\compose\config\config.py,202,1,,,0,0,0
compose,C:\Users\Zhifei Chen\Desktop\pysmell\subjects_for_metrics\compose\compose\config\config.py,204,1,,,0,0,0
compose,C:\Users\Zhifei Chen\Desktop\pysmell\subjects_for_metrics\compose\compose\config\config.py,228,1,,,0,0,0
compose,C:\Users\Zhifei Chen\Desktop\pysmell\subjects_for_metrics\compose\compose\config\config.py,258,1,,,0,0,0
compose,C:\Users\Zhifei Chen\Desktop\pysmell\subjects_for_metrics\compose\compose\config\config.py,263,1,,,0,0,0
compose,C:\Users\Zhifei Chen\Desktop\pysmell\subjects_for_metrics\compose\compose\config\config.py,266,1,,,0,0,0
compose,C:\Users\Zhifei Chen\Desktop\pysmell\subjects_for_metrics\compose\compose\config\config.py,276,1,,,0,0,0
compose,C:\Users\Zhifei Chen\Desktop\pysmell\subjects_for_metrics\compose\compose\config\config.py,289,1,,,0,0,0
compose,C:\Users\Zhifei Chen\Desktop\pysmell\subjects_for_metrics\compose\compose\config\config.py,320,1,,,0,0,0
compose,C:\Users\Zhifei Chen\Desktop\pysmell\subjects_for_metrics\compose\compose\config\config.py,339,1,,,0,0,0
compose,C:\Users\Zhifei Chen\Desktop\pysmell\subjects_for_metrics\compose\compose\config\config.py,347,1,,,0,0,0
compose,C:\Users\Zhifei Chen\Desktop\pysmell\subjects_for_metrics\compose\compose\config\config.py,350,1,,,0,0,0
compose,C:\Users\Zhifei Chen\Desktop\pysmell\subjects_for_metrics\compose\compose\config\config.py,350,1,,,0,0,0
compose,C:\Users\Zhifei Chen\Desktop\pysmell\subjects_for_metrics\compose\compose\config\config.py,353,1,,,0,0,0
compose,C:\Users\Zhifei Chen\Desktop\pysmell\subjects_for_metrics\compose\compose\config\config.py,353,1,,,0,0,0
compose,C:\Users\Zhifei Chen\Desktop\pysmell\subjects_for_metrics\compose\compose\config\config.py,365,1,,,0,0,0
compose,C:\Users\Zhifei Chen\Desktop\pysmell\subjects_for_metrics\compose\compose\config\config.py,365,1,,,0,0,0
compose,C:\Users\Zhifei Chen\Desktop\pysmell\subjects_for_metrics\compose\compose\config\config.py,373,1,,,0,0,0
compose,C:\Users\Zhifei Chen\Desktop\pysmell\subjects_for_metrics\compose\compose\config\config.py,382,1,,,0,0,0
compose,C:\Users\Zhifei Chen\Desktop\pysmell\subjects_for_metrics\compose\compose\config\config.py,388,1,,,0,0,0
compose,C:\Users\Zhifei Chen\Desktop\pysmell\subjects_for_metrics\compose\compose\config\config.py,394,1,,,0,0,0
compose,C:\Users\Zhifei Chen\Desktop\pysmell\subjects_for_metrics\compose\compose\config\config.py,397,1,,,0,0,0
compose,C:\Users\Zhifei Chen\Desktop\pysmell\subjects_for_metrics\compose\compose\config\config.py,403,1,,,0,0,0
compose,C:\Users\Zhifei Chen\Desktop\pysmell\subjects_for_metrics\compose\compose\config\config.py,409,1,,,0,0,0
compose,C:\Users\Zhifei Chen\Desktop\pysmell\subjects_for_metrics\compose\compose\config\config.py,415,1,,,0,0,0
compose,C:\Users\Zhifei Chen\Desktop\pysmell\subjects_for_metrics\compose\compose\config\config.py,415,1,,,0,0,0
compose,C:\Users\Zhifei Chen\Desktop\pysmell\subjects_for_metrics\compose\compose\config\config.py,464,1,,,0,0,0
compose,C:\Users\Zhifei Chen\Desktop\pysmell\subjects_for_metrics\compose\compose\config\config.py,480,1,,,0,0,0
compose,C:\Users\Zhifei Chen\Desktop\pysmell\subjects_for_metrics\compose\compose\config\config.py,489,1,,,0,0,0
compose,C:\Users\Zhifei Chen\Desktop\pysmell\subjects_for_metrics\compose\compose\config\config.py,490,1,,,0,0,0
compose,C:\Users\Zhifei Chen\Desktop\pysmell\subjects_for_metrics\compose\compose\config\config.py,514,1,,,0,0,0
compose,C:\Users\Zhifei Chen\Desktop\pysmell\subjects_for_metrics\compose\compose\config\validation.py,108,1,,,0,0,0
compose,C:\Users\Zhifei Chen\Desktop\pysmell\subjects_for_metrics\compose\compose\config\validation.py,125,1,,,0,0,0
compose,C:\Users\Zhifei Chen\Desktop\pysmell\subjects_for_metrics\compose\compose\config\validation.py,137,1,,,0,0,0
compose,C:\Users\Zhifei Chen\Desktop\pysmell\subjects_for_metrics\compose\compose\config\validation.py,138,1,,,0,0,0
compose,C:\Users\Zhifei Chen\Desktop\pysmell\subjects_for_metrics\compose\compose\config\validation.py,139,1,,,0,0,0
compose,C:\Users\Zhifei Chen\Desktop\pysmell\subjects_for_metrics\compose\compose\config\validation.py,146,1,,,0,0,0
compose,C:\Users\Zhifei Chen\Desktop\pysmell\subjects_for_metrics\compose\compose\config\validation.py,161,1,,,0,0,0
compose,C:\Users\Zhifei Chen\Desktop\pysmell\subjects_for_metrics\compose\compose\config\validation.py,165,1,,,0,0,0
compose,C:\Users\Zhifei Chen\Desktop\pysmell\subjects_for_metrics\compose\compose\config\validation.py,170,1,,,0,0,0
compose,C:\Users\Zhifei Chen\Desktop\pysmell\subjects_for_metrics\compose\compose\config\validation.py,172,1,,,0,0,0
compose,C:\Users\Zhifei Chen\Desktop\pysmell\subjects_for_metrics\compose\compose\config\validation.py,177,1,,,0,0,0
compose,C:\Users\Zhifei Chen\Desktop\pysmell\subjects_for_metrics\compose\compose\config\validation.py,185,1,,,0,0,0
compose,C:\Users\Zhifei Chen\Desktop\pysmell\subjects_for_metrics\compose\compose\config\validation.py,218,1,,,0,0,0
compose,C:\Users\Zhifei Chen\Desktop\pysmell\subjects_for_metrics\compose\compose\config\validation.py,246,1,,,0,0,0
compose,C:\Users\Zhifei Chen\Desktop\pysmell\subjects_for_metrics\compose\compose\config\validation.py,269,1,,,0,0,0
compose,C:\Users\Zhifei Chen\Desktop\pysmell\subjects_for_metrics\compose\compose\config\validation.py,276,1,,,0,0,0
compose,C:\Users\Zhifei Chen\Desktop\pysmell\subjects_for_metrics\compose\compose\config\validation.py,277,1,,,0,0,0
compose,C:\Users\Zhifei Chen\Desktop\pysmell\subjects_for_metrics\compose\script\versions.py,61,1,,,0,0,0
compose,C:\Users\Zhifei Chen\Desktop\pysmell\subjects_for_metrics\compose\script\versions.py,94,2,,,0,0,0
compose,C:\Users\Zhifei Chen\Desktop\pysmell\subjects_for_metrics\compose\script\versions.py,113,1,,,0,0,0
compose,C:\Users\Zhifei Chen\Desktop\pysmell\subjects_for_metrics\compose\script\travis\render-bintray-config.py,6,1,,,0,0,0
compose,C:\Users\Zhifei Chen\Desktop\pysmell\subjects_for_metrics\compose\tests\integration\cli_test.py,177,1,,,0,0,0
compose,C:\Users\Zhifei Chen\Desktop\pysmell\subjects_for_metrics\compose\tests\integration\cli_test.py,202,1,,,0,0,0
compose,C:\Users\Zhifei Chen\Desktop\pysmell\subjects_for_metrics\compose\tests\integration\cli_test.py,204,1,,,0,0,0
compose,C:\Users\Zhifei Chen\Desktop\pysmell\subjects_for_metrics\compose\tests\integration\cli_test.py,218,1,,,0,0,0
compose,C:\Users\Zhifei Chen\Desktop\pysmell\subjects_for_metrics\compose\tests\integration\cli_test.py,220,2,,,0,0,0
compose,C:\Users\Zhifei Chen\Desktop\pysmell\subjects_for_metrics\compose\tests\integration\cli_test.py,222,2,,,0,0,0
compose,C:\Users\Zhifei Chen\Desktop\pysmell\subjects_for_metrics\compose\tests\integration\cli_test.py,223,1,,,0,0,0
compose,C:\Users\Zhifei Chen\Desktop\pysmell\subjects_for_metrics\compose\tests\integration\cli_test.py,228,1,,,0,0,0
compose,C:\Users\Zhifei Chen\Desktop\pysmell\subjects_for_metrics\compose\tests\integration\cli_test.py,228,1,,,0,0,0
compose,C:\Users\Zhifei Chen\Desktop\pysmell\subjects_for_metrics\compose\tests\integration\cli_test.py,229,1,,,0,0,0
compose,C:\Users\Zhifei Chen\Desktop\pysmell\subjects_for_metrics\compose\tests\integration\cli_test.py,231,1,,,0,0,0
compose,C:\Users\Zhifei Chen\Desktop\pysmell\subjects_for_metrics\compose\tests\integration\cli_test.py,294,1,,,0,0,0
compose,C:\Users\Zhifei Chen\Desktop\pysmell\subjects_for_metrics\compose\tests\integration\cli_test.py,294,1,,,0,0,0
compose,C:\Users\Zhifei Chen\Desktop\pysmell\subjects_for_metrics\compose\tests\integration\cli_test.py,295,1,,,0,0,0
compose,C:\Users\Zhifei Chen\Desktop\pysmell\subjects_for_metrics\compose\tests\integration\cli_test.py,296,1,,,0,0,0
compose,C:\Users\Zhifei Chen\Desktop\pysmell\subjects_for_metrics\compose\tests\integration\cli_test.py,297,1,,,0,0,0
compose,C:\Users\Zhifei Chen\Desktop\pysmell\subjects_for_metrics\compose\tests\integration\cli_test.py,306,1,,,0,0,0
compose,C:\Users\Zhifei Chen\Desktop\pysmell\subjects_for_metrics\compose\tests\integration\cli_test.py,307,1,,,0,0,0
compose,C:\Users\Zhifei Chen\Desktop\pysmell\subjects_for_metrics\compose\tests\integration\cli_test.py,308,1,,,0,0,0
compose,C:\Users\Zhifei Chen\Desktop\pysmell\subjects_for_metrics\compose\tests\integration\cli_test.py,309,1,,,0,0,0
compose,C:\Users\Zhifei Chen\Desktop\pysmell\subjects_for_metrics\compose\tests\integration\cli_test.py,310,1,,,0,0,0
compose,C:\Users\Zhifei Chen\Desktop\pysmell\subjects_for_metrics\compose\tests\integration\cli_test.py,374,1,,,0,0,0
compose,C:\Users\Zhifei Chen\Desktop\pysmell\subjects_for_metrics\compose\tests\integration\cli_test.py,388,1,,,0,0,0
compose,C:\Users\Zhifei Chen\Desktop\pysmell\subjects_for_metrics\compose\tests\integration\cli_test.py,399,1,,,0,0,0
compose,C:\Users\Zhifei Chen\Desktop\pysmell\subjects_for_metrics\compose\tests\integration\cli_test.py,412,1,,,0,0,0
compose,C:\Users\Zhifei Chen\Desktop\pysmell\subjects_for_metrics\compose\tests\integration\cli_test.py,414,1,,,0,0,0
compose,C:\Users\Zhifei Chen\Desktop\pysmell\subjects_for_metrics\compose\tests\integration\cli_test.py,416,1,,,0,0,0
compose,C:\Users\Zhifei Chen\Desktop\pysmell\subjects_for_metrics\compose\tests\integration\cli_test.py,418,1,,,0,0,0
compose,C:\Users\Zhifei Chen\Desktop\pysmell\subjects_for_metrics\compose\tests\integration\cli_test.py,420,1,,,0,0,0
compose,C:\Users\Zhifei Chen\Desktop\pysmell\subjects_for_metrics\compose\tests\integration\cli_test.py,427,1,,,0,0,0
compose,C:\Users\Zhifei Chen\Desktop\pysmell\subjects_for_metrics\compose\tests\integration\cli_test.py,446,1,,,0,0,0
compose,C:\Users\Zhifei Chen\Desktop\pysmell\subjects_for_metrics\compose\tests\integration\cli_test.py,460,1,,,0,0,0
compose,C:\Users\Zhifei Chen\Desktop\pysmell\subjects_for_metrics\compose\tests\integration\cli_test.py,461,1,,,0,0,0
compose,C:\Users\Zhifei Chen\Desktop\pysmell\subjects_for_metrics\compose\tests\integration\cli_test.py,469,1,,,0,0,0
compose,C:\Users\Zhifei Chen\Desktop\pysmell\subjects_for_metrics\compose\tests\integration\cli_test.py,488,1,,,0,0,0
compose,C:\Users\Zhifei Chen\Desktop\pysmell\subjects_for_metrics\compose\tests\integration\cli_test.py,529,1,,,0,0,0
compose,C:\Users\Zhifei Chen\Desktop\pysmell\subjects_for_metrics\compose\tests\integration\cli_test.py,534,1,,,0,0,0
compose,C:\Users\Zhifei Chen\Desktop\pysmell\subjects_for_metrics\compose\tests\integration\cli_test.py,539,1,,,0,0,0
compose,C:\Users\Zhifei Chen\Desktop\pysmell\subjects_for_metrics\compose\tests\integration\cli_test.py,542,1,,,0,0,0
compose,C:\Users\Zhifei Chen\Desktop\pysmell\subjects_for_metrics\compose\tests\integration\cli_test.py,545,1,,,0,0,0
compose,C:\Users\Zhifei Chen\Desktop\pysmell\subjects_for_metrics\compose\tests\integration\cli_test.py,555,1,,,0,0,0
compose,C:\Users\Zhifei Chen\Desktop\pysmell\subjects_for_metrics\compose\tests\integration\cli_test.py,560,1,,,0,0,0
compose,C:\Users\Zhifei Chen\Desktop\pysmell\subjects_for_metrics\compose\tests\integration\cli_test.py,566,1,,,0,0,0
compose,C:\Users\Zhifei Chen\Desktop\pysmell\subjects_for_metrics\compose\tests\integration\cli_test.py,572,1,,,0,0,0
compose,C:\Users\Zhifei Chen\Desktop\pysmell\subjects_for_metrics\compose\tests\integration\cli_test.py,578,1,,,0,0,0
compose,C:\Users\Zhifei Chen\Desktop\pysmell\subjects_for_metrics\compose\tests\integration\cli_test.py,583,1,,,0,0,0
compose,C:\Users\Zhifei Chen\Desktop\pysmell\subjects_for_metrics\compose\tests\integration\cli_test.py,589,2,,,0,0,0
compose,C:\Users\Zhifei Chen\Desktop\pysmell\subjects_for_metrics\compose\tests\integration\cli_test.py,593,2,,,0,0,0
compose,C:\Users\Zhifei Chen\Desktop\pysmell\subjects_for_metrics\compose\tests\integration\cli_test.py,597,2,,,0,0,0
compose,C:\Users\Zhifei Chen\Desktop\pysmell\subjects_for_metrics\compose\tests\integration\cli_test.py,604,,2,1,0,0,0
compose,C:\Users\Zhifei Chen\Desktop\pysmell\subjects_for_metrics\compose\tests\integration\cli_test.py,607,,2,1,0,0,0
compose,C:\Users\Zhifei Chen\Desktop\pysmell\subjects_for_metrics\compose\tests\integration\cli_test.py,611,,2,1,0,0,0
compose,C:\Users\Zhifei Chen\Desktop\pysmell\subjects_for_metrics\compose\tests\integration\cli_test.py,615,,2,1,0,0,0
compose,C:\Users\Zhifei Chen\Desktop\pysmell\subjects_for_metrics\compose\tests\integration\cli_test.py,619,,2,1,0,0,0
compose,C:\Users\Zhifei Chen\Desktop\pysmell\subjects_for_metrics\compose\tests\integration\cli_test.py,652,1,,,0,0,0
compose,C:\Users\Zhifei Chen\Desktop\pysmell\subjects_for_metrics\compose\tests\integration\cli_test.py,653,1,,,0,0,0
compose,C:\Users\Zhifei Chen\Desktop\pysmell\subjects_for_metrics\compose\tests\integration\cli_test.py,654,1,,,0,0,0
compose,C:\Users\Zhifei Chen\Desktop\pysmell\subjects_for_metrics\compose\tests\integration\cli_test.py,664,1,,,0,0,0
compose,C:\Users\Zhifei Chen\Desktop\pysmell\subjects_for_metrics\compose\tests\integration\cli_test.py,668,1,,,0,0,0
compose,C:\Users\Zhifei Chen\Desktop\pysmell\subjects_for_metrics\compose\tests\integration\cli_test.py,669,1,,,0,0,0
compose,C:\Users\Zhifei Chen\Desktop\pysmell\subjects_for_metrics\compose\tests\integration\cli_test.py,670,1,,,0,0,0
compose,C:\Users\Zhifei Chen\Desktop\pysmell\subjects_for_metrics\compose\tests\integration\cli_test.py,670,1,,,0,0,0
compose,C:\Users\Zhifei Chen\Desktop\pysmell\subjects_for_metrics\compose\tests\integration\cli_test.py,675,1,,,0,0,0
compose,C:\Users\Zhifei Chen\Desktop\pysmell\subjects_for_metrics\compose\tests\integration\cli_test.py,676,1,,,0,0,0
compose,C:\Users\Zhifei Chen\Desktop\pysmell\subjects_for_metrics\compose\tests\integration\cli_test.py,678,1,,,0,0,0
compose,C:\Users\Zhifei Chen\Desktop\pysmell\subjects_for_metrics\compose\tests\integration\cli_test.py,703,1,,,0,0,0
compose,C:\Users\Zhifei Chen\Desktop\pysmell\subjects_for_metrics\compose\tests\integration\cli_test.py,704,1,,,0,0,0
compose,C:\Users\Zhifei Chen\Desktop\pysmell\subjects_for_metrics\compose\tests\integration\cli_test.py,705,1,,,0,0,0
compose,C:\Users\Zhifei Chen\Desktop\pysmell\subjects_for_metrics\compose\tests\integration\cli_test.py,735,1,,,0,0,0
compose,C:\Users\Zhifei Chen\Desktop\pysmell\subjects_for_metrics\compose\tests\integration\legacy_test.py,70,,2,1,0,0,0
compose,C:\Users\Zhifei Chen\Desktop\pysmell\subjects_for_metrics\compose\tests\integration\legacy_test.py,93,1,,,0,0,0
compose,C:\Users\Zhifei Chen\Desktop\pysmell\subjects_for_metrics\compose\tests\integration\legacy_test.py,103,,2,1,0,0,0
compose,C:\Users\Zhifei Chen\Desktop\pysmell\subjects_for_metrics\compose\tests\integration\legacy_test.py,104,,2,1,0,0,0
compose,C:\Users\Zhifei Chen\Desktop\pysmell\subjects_for_metrics\compose\tests\integration\legacy_test.py,122,1,,,0,0,0
compose,C:\Users\Zhifei Chen\Desktop\pysmell\subjects_for_metrics\compose\tests\integration\project_test.py,59,,3,1,0,0,0
compose,C:\Users\Zhifei Chen\Desktop\pysmell\subjects_for_metrics\compose\tests\integration\project_test.py,88,,3,1,0,0,0
compose,C:\Users\Zhifei Chen\Desktop\pysmell\subjects_for_metrics\compose\tests\integration\project_test.py,102,,3,1,0,0,0
compose,C:\Users\Zhifei Chen\Desktop\pysmell\subjects_for_metrics\compose\tests\integration\project_test.py,120,1,,,0,0,0
compose,C:\Users\Zhifei Chen\Desktop\pysmell\subjects_for_metrics\compose\tests\integration\project_test.py,134,,2,1,0,0,0
compose,C:\Users\Zhifei Chen\Desktop\pysmell\subjects_for_metrics\compose\tests\integration\project_test.py,210,,2,1,0,0,0
compose,C:\Users\Zhifei Chen\Desktop\pysmell\subjects_for_metrics\compose\tests\integration\project_test.py,229,1,,,0,0,0
compose,C:\Users\Zhifei Chen\Desktop\pysmell\subjects_for_metrics\compose\tests\integration\project_test.py,230,1,,,0,0,0
compose,C:\Users\Zhifei Chen\Desktop\pysmell\subjects_for_metrics\compose\tests\integration\project_test.py,235,1,,,0,0,0
compose,C:\Users\Zhifei Chen\Desktop\pysmell\subjects_for_metrics\compose\tests\integration\project_test.py,248,1,,,0,0,0
compose,C:\Users\Zhifei Chen\Desktop\pysmell\subjects_for_metrics\compose\tests\integration\project_test.py,249,2,,,0,0,0
compose,C:\Users\Zhifei Chen\Desktop\pysmell\subjects_for_metrics\compose\tests\integration\project_test.py,249,1,,,0,0,0
compose,C:\Users\Zhifei Chen\Desktop\pysmell\subjects_for_metrics\compose\tests\integration\project_test.py,254,1,,,0,0,0
compose,C:\Users\Zhifei Chen\Desktop\pysmell\subjects_for_metrics\compose\tests\integration\project_test.py,256,2,,,0,0,0
compose,C:\Users\Zhifei Chen\Desktop\pysmell\subjects_for_metrics\compose\tests\integration\project_test.py,272,1,,,0,0,0
compose,C:\Users\Zhifei Chen\Desktop\pysmell\subjects_for_metrics\compose\tests\integration\project_test.py,273,2,,,0,0,0
compose,C:\Users\Zhifei Chen\Desktop\pysmell\subjects_for_metrics\compose\tests\integration\project_test.py,273,1,,,0,0,0
compose,C:\Users\Zhifei Chen\Desktop\pysmell\subjects_for_metrics\compose\tests\integration\project_test.py,281,1,,,0,0,0
compose,C:\Users\Zhifei Chen\Desktop\pysmell\subjects_for_metrics\compose\tests\integration\project_test.py,283,2,,,0,0,0
compose,C:\Users\Zhifei Chen\Desktop\pysmell\subjects_for_metrics\compose\tests\integration\project_test.py,301,,2,1,0,0,0
compose,C:\Users\Zhifei Chen\Desktop\pysmell\subjects_for_metrics\compose\tests\integration\project_test.py,316,,3,1,0,0,0
compose,C:\Users\Zhifei Chen\Desktop\pysmell\subjects_for_metrics\compose\tests\integration\project_test.py,351,,3,1,0,0,0
compose,C:\Users\Zhifei Chen\Desktop\pysmell\subjects_for_metrics\compose\tests\integration\resilience_test.py,17,1,,,0,0,0
compose,C:\Users\Zhifei Chen\Desktop\pysmell\subjects_for_metrics\compose\tests\integration\resilience_test.py,21,1,,,0,0,0
compose,C:\Users\Zhifei Chen\Desktop\pysmell\subjects_for_metrics\compose\tests\integration\resilience_test.py,22,1,,,0,0,0
compose,C:\Users\Zhifei Chen\Desktop\pysmell\subjects_for_metrics\compose\tests\integration\resilience_test.py,30,1,,,0,0,0
compose,C:\Users\Zhifei Chen\Desktop\pysmell\subjects_for_metrics\compose\tests\integration\resilience_test.py,31,1,,,0,0,0
compose,C:\Users\Zhifei Chen\Desktop\pysmell\subjects_for_metrics\compose\tests\integration\resilience_test.py,39,1,,,0,0,0
compose,C:\Users\Zhifei Chen\Desktop\pysmell\subjects_for_metrics\compose\tests\integration\resilience_test.py,40,1,,,0,0,0
compose,C:\Users\Zhifei Chen\Desktop\pysmell\subjects_for_metrics\compose\tests\integration\service_test.py,44,1,,,0,0,0
compose,C:\Users\Zhifei Chen\Desktop\pysmell\subjects_for_metrics\compose\tests\integration\service_test.py,66,1,,,0,0,0
compose,C:\Users\Zhifei Chen\Desktop\pysmell\subjects_for_metrics\compose\tests\integration\service_test.py,154,,2,1,0,0,0
compose,C:\Users\Zhifei Chen\Desktop\pysmell\subjects_for_metrics\compose\tests\integration\service_test.py,203,2,,,0,0,0
compose,C:\Users\Zhifei Chen\Desktop\pysmell\subjects_for_metrics\compose\tests\integration\service_test.py,213,1,,,0,0,0
compose,C:\Users\Zhifei Chen\Desktop\pysmell\subjects_for_metrics\compose\tests\integration\service_test.py,217,1,,,0,0,0
compose,C:\Users\Zhifei Chen\Desktop\pysmell\subjects_for_metrics\compose\tests\integration\service_test.py,228,1,,,0,0,0
compose,C:\Users\Zhifei Chen\Desktop\pysmell\subjects_for_metrics\compose\tests\integration\service_test.py,231,1,,,0,0,0
compose,C:\Users\Zhifei Chen\Desktop\pysmell\subjects_for_metrics\compose\tests\integration\service_test.py,244,,2,1,0,0,0
compose,C:\Users\Zhifei Chen\Desktop\pysmell\subjects_for_metrics\compose\tests\integration\service_test.py,247,1,,,0,0,0
compose,C:\Users\Zhifei Chen\Desktop\pysmell\subjects_for_metrics\compose\tests\integration\service_test.py,254,,2,1,0,0,0
compose,C:\Users\Zhifei Chen\Desktop\pysmell\subjects_for_metrics\compose\tests\integration\service_test.py,262,,2,1,0,0,0
compose,C:\Users\Zhifei Chen\Desktop\pysmell\subjects_for_metrics\compose\tests\integration\service_test.py,305,1,,,0,0,0
compose,C:\Users\Zhifei Chen\Desktop\pysmell\subjects_for_metrics\compose\tests\integration\service_test.py,309,2,,,0,0,0
compose,C:\Users\Zhifei Chen\Desktop\pysmell\subjects_for_metrics\compose\tests\integration\service_test.py,317,1,,,0,0,0
compose,C:\Users\Zhifei Chen\Desktop\pysmell\subjects_for_metrics\compose\tests\integration\service_test.py,348,1,,,0,0,0
compose,C:\Users\Zhifei Chen\Desktop\pysmell\subjects_for_metrics\compose\tests\integration\service_test.py,361,1,,,0,0,0
compose,C:\Users\Zhifei Chen\Desktop\pysmell\subjects_for_metrics\compose\tests\integration\service_test.py,366,1,,,0,0,0
compose,C:\Users\Zhifei Chen\Desktop\pysmell\subjects_for_metrics\compose\tests\integration\service_test.py,371,1,,,0,0,0
compose,C:\Users\Zhifei Chen\Desktop\pysmell\subjects_for_metrics\compose\tests\integration\service_test.py,371,1,,,0,0,0
compose,C:\Users\Zhifei Chen\Desktop\pysmell\subjects_for_metrics\compose\tests\integration\service_test.py,376,1,,,0,0,0
compose,C:\Users\Zhifei Chen\Desktop\pysmell\subjects_for_metrics\compose\tests\integration\service_test.py,376,1,,,0,0,0
compose,C:\Users\Zhifei Chen\Desktop\pysmell\subjects_for_metrics\compose\tests\integration\service_test.py,380,,2,1,0,0,0
compose,C:\Users\Zhifei Chen\Desktop\pysmell\subjects_for_metrics\compose\tests\integration\service_test.py,387,1,,,0,0,0
compose,C:\Users\Zhifei Chen\Desktop\pysmell\subjects_for_metrics\compose\tests\integration\service_test.py,396,,2,1,0,0,0
compose,C:\Users\Zhifei Chen\Desktop\pysmell\subjects_for_metrics\compose\tests\integration\service_test.py,403,1,,,0,0,0
compose,C:\Users\Zhifei Chen\Desktop\pysmell\subjects_for_metrics\compose\tests\integration\service_test.py,421,1,,,0,0,0
compose,C:\Users\Zhifei Chen\Desktop\pysmell\subjects_for_metrics\compose\tests\integration\service_test.py,480,2,,,0,0,0
compose,C:\Users\Zhifei Chen\Desktop\pysmell\subjects_for_metrics\compose\tests\integration\service_test.py,481,5,,,1,1,1
compose,C:\Users\Zhifei Chen\Desktop\pysmell\subjects_for_metrics\compose\tests\integration\service_test.py,509,2,,,0,0,0
compose,C:\Users\Zhifei Chen\Desktop\pysmell\subjects_for_metrics\compose\tests\integration\service_test.py,514,2,,,0,0,0
compose,C:\Users\Zhifei Chen\Desktop\pysmell\subjects_for_metrics\compose\tests\integration\service_test.py,519,2,,,0,0,0
compose,C:\Users\Zhifei Chen\Desktop\pysmell\subjects_for_metrics\compose\tests\integration\service_test.py,524,2,,,0,0,0
compose,C:\Users\Zhifei Chen\Desktop\pysmell\subjects_for_metrics\compose\tests\integration\service_test.py,529,2,,,0,0,0
compose,C:\Users\Zhifei Chen\Desktop\pysmell\subjects_for_metrics\compose\tests\integration\service_test.py,530,5,,,1,1,1
compose,C:\Users\Zhifei Chen\Desktop\pysmell\subjects_for_metrics\compose\tests\integration\service_test.py,535,2,,,0,0,0
compose,C:\Users\Zhifei Chen\Desktop\pysmell\subjects_for_metrics\compose\tests\integration\service_test.py,536,5,,,1,1,1
compose,C:\Users\Zhifei Chen\Desktop\pysmell\subjects_for_metrics\compose\tests\integration\service_test.py,544,2,,,0,0,0
compose,C:\Users\Zhifei Chen\Desktop\pysmell\subjects_for_metrics\compose\tests\integration\service_test.py,544,,3,1,0,0,0
compose,C:\Users\Zhifei Chen\Desktop\pysmell\subjects_for_metrics\compose\tests\integration\service_test.py,562,2,,,0,0,0
compose,C:\Users\Zhifei Chen\Desktop\pysmell\subjects_for_metrics\compose\tests\integration\service_test.py,572,1,,,0,0,0
compose,C:\Users\Zhifei Chen\Desktop\pysmell\subjects_for_metrics\compose\tests\integration\service_test.py,573,1,,,0,0,0
compose,C:\Users\Zhifei Chen\Desktop\pysmell\subjects_for_metrics\compose\tests\integration\service_test.py,574,1,,,0,0,0
compose,C:\Users\Zhifei Chen\Desktop\pysmell\subjects_for_metrics\compose\tests\integration\service_test.py,575,1,,,0,0,0
compose,C:\Users\Zhifei Chen\Desktop\pysmell\subjects_for_metrics\compose\tests\integration\service_test.py,576,1,,,0,0,0
compose,C:\Users\Zhifei Chen\Desktop\pysmell\subjects_for_metrics\compose\tests\integration\service_test.py,648,1,,,0,0,0
compose,C:\Users\Zhifei Chen\Desktop\pysmell\subjects_for_metrics\compose\tests\integration\service_test.py,668,1,,,0,0,0
compose,C:\Users\Zhifei Chen\Desktop\pysmell\subjects_for_metrics\compose\tests\integration\service_test.py,690,1,,,0,0,0
compose,C:\Users\Zhifei Chen\Desktop\pysmell\subjects_for_metrics\compose\tests\integration\service_test.py,704,2,,,0,0,0
compose,C:\Users\Zhifei Chen\Desktop\pysmell\subjects_for_metrics\compose\tests\integration\service_test.py,718,2,,,0,0,0
compose,C:\Users\Zhifei Chen\Desktop\pysmell\subjects_for_metrics\compose\tests\integration\service_test.py,805,1,,,0,0,0
compose,C:\Users\Zhifei Chen\Desktop\pysmell\subjects_for_metrics\compose\tests\integration\service_test.py,814,1,,,0,0,0
compose,C:\Users\Zhifei Chen\Desktop\pysmell\subjects_for_metrics\compose\tests\integration\service_test.py,818,1,,,0,0,0
compose,C:\Users\Zhifei Chen\Desktop\pysmell\subjects_for_metrics\compose\tests\integration\service_test.py,819,1,,,0,0,0
compose,C:\Users\Zhifei Chen\Desktop\pysmell\subjects_for_metrics\compose\tests\integration\service_test.py,820,1,,,0,0,0
compose,C:\Users\Zhifei Chen\Desktop\pysmell\subjects_for_metrics\compose\tests\integration\service_test.py,824,1,,,0,0,0
compose,C:\Users\Zhifei Chen\Desktop\pysmell\subjects_for_metrics\compose\tests\integration\service_test.py,831,1,,,0,0,0
compose,C:\Users\Zhifei Chen\Desktop\pysmell\subjects_for_metrics\compose\tests\integration\service_test.py,893,1,,,0,0,0
compose,C:\Users\Zhifei Chen\Desktop\pysmell\subjects_for_metrics\compose\tests\integration\service_test.py,894,1,,,0,0,0
compose,C:\Users\Zhifei Chen\Desktop\pysmell\subjects_for_metrics\compose\tests\integration\service_test.py,900,1,,,0,0,0
compose,C:\Users\Zhifei Chen\Desktop\pysmell\subjects_for_metrics\compose\tests\integration\service_test.py,901,1,,,0,0,0
compose,C:\Users\Zhifei Chen\Desktop\pysmell\subjects_for_metrics\compose\tests\integration\service_test.py,914,1,,,0,0,0
compose,C:\Users\Zhifei Chen\Desktop\pysmell\subjects_for_metrics\compose\tests\integration\service_test.py,925,1,,,0,0,0
compose,C:\Users\Zhifei Chen\Desktop\pysmell\subjects_for_metrics\compose\tests\integration\state_test.py,40,,2,1,0,0,0
compose,C:\Users\Zhifei Chen\Desktop\pysmell\subjects_for_metrics\compose\tests\integration\state_test.py,56,1,,,0,0,0
compose,C:\Users\Zhifei Chen\Desktop\pysmell\subjects_for_metrics\compose\tests\integration\state_test.py,57,1,,,0,0,0
compose,C:\Users\Zhifei Chen\Desktop\pysmell\subjects_for_metrics\compose\tests\integration\state_test.py,59,2,,,0,0,0
compose,C:\Users\Zhifei Chen\Desktop\pysmell\subjects_for_metrics\compose\tests\integration\state_test.py,72,1,,,0,0,0
compose,C:\Users\Zhifei Chen\Desktop\pysmell\subjects_for_metrics\compose\tests\integration\state_test.py,73,1,,,0,0,0
compose,C:\Users\Zhifei Chen\Desktop\pysmell\subjects_for_metrics\compose\tests\integration\state_test.py,79,2,,,0,0,0
compose,C:\Users\Zhifei Chen\Desktop\pysmell\subjects_for_metrics\compose\tests\integration\state_test.py,80,2,,,0,0,0
compose,C:\Users\Zhifei Chen\Desktop\pysmell\subjects_for_metrics\compose\tests\integration\state_test.py,96,,3,1,0,0,0
compose,C:\Users\Zhifei Chen\Desktop\pysmell\subjects_for_metrics\compose\tests\integration\state_test.py,123,2,,,0,0,0
compose,C:\Users\Zhifei Chen\Desktop\pysmell\subjects_for_metrics\compose\tests\integration\state_test.py,134,2,,,0,0,0
compose,C:\Users\Zhifei Chen\Desktop\pysmell\subjects_for_metrics\compose\tests\integration\state_test.py,145,2,,,0,0,0
compose,C:\Users\Zhifei Chen\Desktop\pysmell\subjects_for_metrics\compose\tests\integration\state_test.py,156,2,,,0,0,0
compose,C:\Users\Zhifei Chen\Desktop\pysmell\subjects_for_metrics\compose\tests\integration\state_test.py,164,,2,1,0,0,0
compose,C:\Users\Zhifei Chen\Desktop\pysmell\subjects_for_metrics\compose\tests\integration\state_test.py,169,1,,,0,0,0
compose,C:\Users\Zhifei Chen\Desktop\pysmell\subjects_for_metrics\compose\tests\integration\state_test.py,195,,2,1,0,0,0
compose,C:\Users\Zhifei Chen\Desktop\pysmell\subjects_for_metrics\compose\tests\integration\state_test.py,203,,2,1,0,0,0
compose,C:\Users\Zhifei Chen\Desktop\pysmell\subjects_for_metrics\compose\tests\integration\state_test.py,212,1,,,0,0,0
compose,C:\Users\Zhifei Chen\Desktop\pysmell\subjects_for_metrics\compose\tests\integration\state_test.py,213,1,,,0,0,0
compose,C:\Users\Zhifei Chen\Desktop\pysmell\subjects_for_metrics\compose\tests\integration\state_test.py,218,1,,,0,0,0
compose,C:\Users\Zhifei Chen\Desktop\pysmell\subjects_for_metrics\compose\tests\integration\state_test.py,227,,2,1,0,0,0
compose,C:\Users\Zhifei Chen\Desktop\pysmell\subjects_for_metrics\compose\tests\integration\state_test.py,234,,2,1,0,0,0
compose,C:\Users\Zhifei Chen\Desktop\pysmell\subjects_for_metrics\compose\tests\integration\state_test.py,241,2,,,0,0,0
compose,C:\Users\Zhifei Chen\Desktop\pysmell\subjects_for_metrics\compose\tests\integration\state_test.py,254,,2,1,0,0,0
compose,C:\Users\Zhifei Chen\Desktop\pysmell\subjects_for_metrics\compose\tests\integration\state_test.py,277,,2,1,0,0,0
compose,C:\Users\Zhifei Chen\Desktop\pysmell\subjects_for_metrics\compose\tests\integration\state_test.py,295,1,,,0,0,0
compose,C:\Users\Zhifei Chen\Desktop\pysmell\subjects_for_metrics\compose\tests\integration\state_test.py,301,1,,,0,0,0
compose,C:\Users\Zhifei Chen\Desktop\pysmell\subjects_for_metrics\compose\tests\integration\state_test.py,305,1,,,0,0,0
compose,C:\Users\Zhifei Chen\Desktop\pysmell\subjects_for_metrics\compose\tests\integration\testcases.py,32,1,,,0,0,0
compose,C:\Users\Zhifei Chen\Desktop\pysmell\subjects_for_metrics\compose\tests\integration\testcases.py,33,1,,,0,0,0
compose,C:\Users\Zhifei Chen\Desktop\pysmell\subjects_for_metrics\compose\tests\integration\testcases.py,40,1,,,0,0,0
compose,C:\Users\Zhifei Chen\Desktop\pysmell\subjects_for_metrics\compose\tests\integration\testcases.py,43,1,,,0,0,0
compose,C:\Users\Zhifei Chen\Desktop\pysmell\subjects_for_metrics\compose\tests\integration\testcases.py,59,1,,,0,0,0
compose,C:\Users\Zhifei Chen\Desktop\pysmell\subjects_for_metrics\compose\tests\integration\testcases.py,62,1,,,0,0,0
compose,C:\Users\Zhifei Chen\Desktop\pysmell\subjects_for_metrics\compose\tests\integration\testcases.py,64,1,,,0,0,0
compose,C:\Users\Zhifei Chen\Desktop\pysmell\subjects_for_metrics\compose\tests\integration\testcases.py,66,1,,,0,0,0
compose,C:\Users\Zhifei Chen\Desktop\pysmell\subjects_for_metrics\compose\tests\integration\testcases.py,81,1,,,0,0,0
compose,C:\Users\Zhifei Chen\Desktop\pysmell\subjects_for_metrics\compose\tests\integration\testcases.py,81,1,,,0,0,0
compose,C:\Users\Zhifei Chen\Desktop\pysmell\subjects_for_metrics\compose\tests\unit\cli_test.py,47,1,,,0,0,0
compose,C:\Users\Zhifei Chen\Desktop\pysmell\subjects_for_metrics\compose\tests\unit\cli_test.py,54,1,,,0,0,0
compose,C:\Users\Zhifei Chen\Desktop\pysmell\subjects_for_metrics\compose\tests\unit\cli_test.py,98,,2,1,0,0,0
compose,C:\Users\Zhifei Chen\Desktop\pysmell\subjects_for_metrics\compose\tests\unit\cli_test.py,114,1,,,0,0,0
compose,C:\Users\Zhifei Chen\Desktop\pysmell\subjects_for_metrics\compose\tests\unit\cli_test.py,116,1,,,0,0,0
compose,C:\Users\Zhifei Chen\Desktop\pysmell\subjects_for_metrics\compose\tests\unit\cli_test.py,128,,2,1,0,0,0
compose,C:\Users\Zhifei Chen\Desktop\pysmell\subjects_for_metrics\compose\tests\unit\cli_test.py,145,3,,,1,1,1
compose,C:\Users\Zhifei Chen\Desktop\pysmell\subjects_for_metrics\compose\tests\unit\cli_test.py,157,,2,1,0,0,0
compose,C:\Users\Zhifei Chen\Desktop\pysmell\subjects_for_metrics\compose\tests\unit\cli_test.py,174,1,,,0,0,0
compose,C:\Users\Zhifei Chen\Desktop\pysmell\subjects_for_metrics\compose\tests\unit\cli_test.py,189,,2,1,0,0,0
compose,C:\Users\Zhifei Chen\Desktop\pysmell\subjects_for_metrics\compose\tests\unit\container_test.py,14,,3,2,0,0,1
compose,C:\Users\Zhifei Chen\Desktop\pysmell\subjects_for_metrics\compose\tests\unit\container_test.py,49,1,,,0,0,0
compose,C:\Users\Zhifei Chen\Desktop\pysmell\subjects_for_metrics\compose\tests\unit\container_test.py,49,1,,,0,0,0
compose,C:\Users\Zhifei Chen\Desktop\pysmell\subjects_for_metrics\compose\tests\unit\container_test.py,61,,3,1,0,0,0
compose,C:\Users\Zhifei Chen\Desktop\pysmell\subjects_for_metrics\compose\tests\unit\container_test.py,86,1,,,0,0,0
compose,C:\Users\Zhifei Chen\Desktop\pysmell\subjects_for_metrics\compose\tests\unit\container_test.py,91,1,,,0,0,0
compose,C:\Users\Zhifei Chen\Desktop\pysmell\subjects_for_metrics\compose\tests\unit\container_test.py,113,2,,,0,0,0
compose,C:\Users\Zhifei Chen\Desktop\pysmell\subjects_for_metrics\compose\tests\unit\container_test.py,113,,3,1,0,0,0
compose,C:\Users\Zhifei Chen\Desktop\pysmell\subjects_for_metrics\compose\tests\unit\container_test.py,123,2,,,0,0,0
compose,C:\Users\Zhifei Chen\Desktop\pysmell\subjects_for_metrics\compose\tests\unit\container_test.py,123,,3,1,0,0,0
compose,C:\Users\Zhifei Chen\Desktop\pysmell\subjects_for_metrics\compose\tests\unit\container_test.py,133,,3,1,0,0,0
compose,C:\Users\Zhifei Chen\Desktop\pysmell\subjects_for_metrics\compose\tests\unit\container_test.py,150,,2,1,0,0,0
compose,C:\Users\Zhifei Chen\Desktop\pysmell\subjects_for_metrics\compose\tests\unit\container_test.py,152,,2,1,0,0,0
compose,C:\Users\Zhifei Chen\Desktop\pysmell\subjects_for_metrics\compose\tests\unit\project_test.py,18,,2,1,0,0,0
compose,C:\Users\Zhifei Chen\Desktop\pysmell\subjects_for_metrics\compose\tests\unit\project_test.py,30,1,,,0,0,0
compose,C:\Users\Zhifei Chen\Desktop\pysmell\subjects_for_metrics\compose\tests\unit\project_test.py,32,1,,,0,0,0
compose,C:\Users\Zhifei Chen\Desktop\pysmell\subjects_for_metrics\compose\tests\unit\project_test.py,35,,3,1,0,0,0
compose,C:\Users\Zhifei Chen\Desktop\pysmell\subjects_for_metrics\compose\tests\unit\project_test.py,53,1,,,0,0,0
compose,C:\Users\Zhifei Chen\Desktop\pysmell\subjects_for_metrics\compose\tests\unit\project_test.py,54,1,,,0,0,0
compose,C:\Users\Zhifei Chen\Desktop\pysmell\subjects_for_metrics\compose\tests\unit\project_test.py,55,1,,,0,0,0
compose,C:\Users\Zhifei Chen\Desktop\pysmell\subjects_for_metrics\compose\tests\unit\project_test.py,58,,2,1,0,0,0
compose,C:\Users\Zhifei Chen\Desktop\pysmell\subjects_for_metrics\compose\tests\unit\project_test.py,71,1,,,0,0,0
compose,C:\Users\Zhifei Chen\Desktop\pysmell\subjects_for_metrics\compose\tests\unit\project_test.py,73,1,,,0,0,0
compose,C:\Users\Zhifei Chen\Desktop\pysmell\subjects_for_metrics\compose\tests\unit\project_test.py,123,,2,1,0,0,0
compose,C:\Users\Zhifei Chen\Desktop\pysmell\subjects_for_metrics\compose\tests\unit\project_test.py,134,,2,1,0,0,0
compose,C:\Users\Zhifei Chen\Desktop\pysmell\subjects_for_metrics\compose\tests\unit\project_test.py,152,,2,1,0,0,0
compose,C:\Users\Zhifei Chen\Desktop\pysmell\subjects_for_metrics\compose\tests\unit\project_test.py,164,,3,1,0,0,0
compose,C:\Users\Zhifei Chen\Desktop\pysmell\subjects_for_metrics\compose\tests\unit\project_test.py,175,,3,1,0,0,0
compose,C:\Users\Zhifei Chen\Desktop\pysmell\subjects_for_metrics\compose\tests\unit\project_test.py,183,,3,1,0,0,0
compose,C:\Users\Zhifei Chen\Desktop\pysmell\subjects_for_metrics\compose\tests\unit\project_test.py,203,,3,1,0,0,0
compose,C:\Users\Zhifei Chen\Desktop\pysmell\subjects_for_metrics\compose\tests\unit\project_test.py,214,1,,,0,0,0
compose,C:\Users\Zhifei Chen\Desktop\pysmell\subjects_for_metrics\compose\tests\unit\project_test.py,217,,2,1,0,0,0
compose,C:\Users\Zhifei Chen\Desktop\pysmell\subjects_for_metrics\compose\tests\unit\project_test.py,231,,2,1,0,0,0
compose,C:\Users\Zhifei Chen\Desktop\pysmell\subjects_for_metrics\compose\tests\unit\project_test.py,243,,3,1,0,0,0
compose,C:\Users\Zhifei Chen\Desktop\pysmell\subjects_for_metrics\compose\tests\unit\project_test.py,251,,2,1,0,0,0
compose,C:\Users\Zhifei Chen\Desktop\pysmell\subjects_for_metrics\compose\tests\unit\project_test.py,267,,2,1,0,0,0
compose,C:\Users\Zhifei Chen\Desktop\pysmell\subjects_for_metrics\compose\tests\unit\project_test.py,272,,3,1,0,0,0
compose,C:\Users\Zhifei Chen\Desktop\pysmell\subjects_for_metrics\compose\tests\unit\project_test.py,282,,2,1,0,0,0
compose,C:\Users\Zhifei Chen\Desktop\pysmell\subjects_for_metrics\compose\tests\unit\service_test.py,63,,2,1,0,0,0
compose,C:\Users\Zhifei Chen\Desktop\pysmell\subjects_for_metrics\compose\tests\unit\service_test.py,101,1,,,0,0,0
compose,C:\Users\Zhifei Chen\Desktop\pysmell\subjects_for_metrics\compose\tests\unit\service_test.py,108,1,,,0,0,0
compose,C:\Users\Zhifei Chen\Desktop\pysmell\subjects_for_metrics\compose\tests\unit\service_test.py,113,1,,,0,0,0
compose,C:\Users\Zhifei Chen\Desktop\pysmell\subjects_for_metrics\compose\tests\unit\service_test.py,130,1,,,0,0,0
compose,C:\Users\Zhifei Chen\Desktop\pysmell\subjects_for_metrics\compose\tests\unit\service_test.py,141,2,,,0,0,0
compose,C:\Users\Zhifei Chen\Desktop\pysmell\subjects_for_metrics\compose\tests\unit\service_test.py,145,2,,,0,0,0
compose,C:\Users\Zhifei Chen\Desktop\pysmell\subjects_for_metrics\compose\tests\unit\service_test.py,157,2,,,0,0,0
compose,C:\Users\Zhifei Chen\Desktop\pysmell\subjects_for_metrics\compose\tests\unit\service_test.py,170,2,,,0,0,0
compose,C:\Users\Zhifei Chen\Desktop\pysmell\subjects_for_metrics\compose\tests\unit\service_test.py,171,,2,1,0,0,0
compose,C:\Users\Zhifei Chen\Desktop\pysmell\subjects_for_metrics\compose\tests\unit\service_test.py,181,1,,,0,0,0
compose,C:\Users\Zhifei Chen\Desktop\pysmell\subjects_for_metrics\compose\tests\unit\service_test.py,182,1,,,0,0,0
compose,C:\Users\Zhifei Chen\Desktop\pysmell\subjects_for_metrics\compose\tests\unit\service_test.py,192,1,,,0,0,0
compose,C:\Users\Zhifei Chen\Desktop\pysmell\subjects_for_metrics\compose\tests\unit\service_test.py,193,1,,,0,0,0
compose,C:\Users\Zhifei Chen\Desktop\pysmell\subjects_for_metrics\compose\tests\unit\service_test.py,203,1,,,0,0,0
compose,C:\Users\Zhifei Chen\Desktop\pysmell\subjects_for_metrics\compose\tests\unit\service_test.py,204,1,,,0,0,0
compose,C:\Users\Zhifei Chen\Desktop\pysmell\subjects_for_metrics\compose\tests\unit\service_test.py,224,1,,,0,0,0
compose,C:\Users\Zhifei Chen\Desktop\pysmell\subjects_for_metrics\compose\tests\unit\service_test.py,237,1,,,0,0,0
compose,C:\Users\Zhifei Chen\Desktop\pysmell\subjects_for_metrics\compose\tests\unit\service_test.py,252,,2,1,0,0,0
compose,C:\Users\Zhifei Chen\Desktop\pysmell\subjects_for_metrics\compose\tests\unit\service_test.py,259,1,,,0,0,0
compose,C:\Users\Zhifei Chen\Desktop\pysmell\subjects_for_metrics\compose\tests\unit\service_test.py,260,1,,,0,0,0
compose,C:\Users\Zhifei Chen\Desktop\pysmell\subjects_for_metrics\compose\tests\unit\service_test.py,263,2,,,0,0,0
compose,C:\Users\Zhifei Chen\Desktop\pysmell\subjects_for_metrics\compose\tests\unit\service_test.py,266,1,,,0,0,0
compose,C:\Users\Zhifei Chen\Desktop\pysmell\subjects_for_metrics\compose\tests\unit\service_test.py,404,2,,,0,0,0
compose,C:\Users\Zhifei Chen\Desktop\pysmell\subjects_for_metrics\compose\tests\unit\service_test.py,413,,2,1,0,0,0
compose,C:\Users\Zhifei Chen\Desktop\pysmell\subjects_for_metrics\compose\tests\unit\service_test.py,417,,3,2,0,0,1
compose,C:\Users\Zhifei Chen\Desktop\pysmell\subjects_for_metrics\compose\tests\unit\service_test.py,438,,2,2,0,0,0
compose,C:\Users\Zhifei Chen\Desktop\pysmell\subjects_for_metrics\compose\tests\unit\service_test.py,467,,2,1,0,0,0
compose,C:\Users\Zhifei Chen\Desktop\pysmell\subjects_for_metrics\compose\tests\unit\service_test.py,493,1,,,0,0,0
compose,C:\Users\Zhifei Chen\Desktop\pysmell\subjects_for_metrics\compose\tests\unit\service_test.py,548,,4,1,0,0,0
compose,C:\Users\Zhifei Chen\Desktop\pysmell\subjects_for_metrics\compose\tests\unit\service_test.py,555,,2,1,0,0,0
compose,C:\Users\Zhifei Chen\Desktop\pysmell\subjects_for_metrics\compose\tests\unit\service_test.py,581,,3,1,0,0,0
compose,C:\Users\Zhifei Chen\Desktop\pysmell\subjects_for_metrics\compose\tests\unit\service_test.py,585,,2,1,0,0,0
compose,C:\Users\Zhifei Chen\Desktop\pysmell\subjects_for_metrics\compose\tests\unit\service_test.py,610,,3,1,0,0,0
compose,C:\Users\Zhifei Chen\Desktop\pysmell\subjects_for_metrics\compose\tests\unit\service_test.py,623,2,,,0,0,0
compose,C:\Users\Zhifei Chen\Desktop\pysmell\subjects_for_metrics\compose\tests\unit\service_test.py,638,,4,1,0,0,0
compose,C:\Users\Zhifei Chen\Desktop\pysmell\subjects_for_metrics\compose\tests\unit\service_test.py,647,,2,1,0,0,0
compose,C:\Users\Zhifei Chen\Desktop\pysmell\subjects_for_metrics\compose\tests\unit\service_test.py,662,2,,,0,0,0
compose,C:\Users\Zhifei Chen\Desktop\pysmell\subjects_for_metrics\compose\tests\unit\service_test.py,687,2,,,0,0,0
compose,C:\Users\Zhifei Chen\Desktop\pysmell\subjects_for_metrics\compose\tests\unit\sort_service_test.py,8,,3,1,0,0,0
compose,C:\Users\Zhifei Chen\Desktop\pysmell\subjects_for_metrics\compose\tests\unit\sort_service_test.py,23,2,,,0,0,0
compose,C:\Users\Zhifei Chen\Desktop\pysmell\subjects_for_metrics\compose\tests\unit\sort_service_test.py,24,2,,,0,0,0
compose,C:\Users\Zhifei Chen\Desktop\pysmell\subjects_for_metrics\compose\tests\unit\sort_service_test.py,25,2,,,0,0,0
compose,C:\Users\Zhifei Chen\Desktop\pysmell\subjects_for_metrics\compose\tests\unit\sort_service_test.py,28,,3,1,0,0,0
compose,C:\Users\Zhifei Chen\Desktop\pysmell\subjects_for_metrics\compose\tests\unit\sort_service_test.py,44,2,,,0,0,0
compose,C:\Users\Zhifei Chen\Desktop\pysmell\subjects_for_metrics\compose\tests\unit\sort_service_test.py,45,2,,,0,0,0
compose,C:\Users\Zhifei Chen\Desktop\pysmell\subjects_for_metrics\compose\tests\unit\sort_service_test.py,46,2,,,0,0,0
compose,C:\Users\Zhifei Chen\Desktop\pysmell\subjects_for_metrics\compose\tests\unit\sort_service_test.py,49,,3,1,0,0,0
compose,C:\Users\Zhifei Chen\Desktop\pysmell\subjects_for_metrics\compose\tests\unit\sort_service_test.py,65,2,,,0,0,0
compose,C:\Users\Zhifei Chen\Desktop\pysmell\subjects_for_metrics\compose\tests\unit\sort_service_test.py,66,2,,,0,0,0
compose,C:\Users\Zhifei Chen\Desktop\pysmell\subjects_for_metrics\compose\tests\unit\sort_service_test.py,67,2,,,0,0,0
compose,C:\Users\Zhifei Chen\Desktop\pysmell\subjects_for_metrics\compose\tests\unit\sort_service_test.py,70,,3,1,0,0,0
compose,C:\Users\Zhifei Chen\Desktop\pysmell\subjects_for_metrics\compose\tests\unit\sort_service_test.py,86,2,,,0,0,0
compose,C:\Users\Zhifei Chen\Desktop\pysmell\subjects_for_metrics\compose\tests\unit\sort_service_test.py,87,2,,,0,0,0
compose,C:\Users\Zhifei Chen\Desktop\pysmell\subjects_for_metrics\compose\tests\unit\sort_service_test.py,88,2,,,0,0,0
compose,C:\Users\Zhifei Chen\Desktop\pysmell\subjects_for_metrics\compose\tests\unit\sort_service_test.py,91,,3,1,0,0,0
compose,C:\Users\Zhifei Chen\Desktop\pysmell\subjects_for_metrics\compose\tests\unit\sort_service_test.py,107,2,,,0,0,0
compose,C:\Users\Zhifei Chen\Desktop\pysmell\subjects_for_metrics\compose\tests\unit\sort_service_test.py,108,2,,,0,0,0
compose,C:\Users\Zhifei Chen\Desktop\pysmell\subjects_for_metrics\compose\tests\unit\sort_service_test.py,109,2,,,0,0,0
compose,C:\Users\Zhifei Chen\Desktop\pysmell\subjects_for_metrics\compose\tests\unit\sort_service_test.py,112,,3,1,0,0,0
compose,C:\Users\Zhifei Chen\Desktop\pysmell\subjects_for_metrics\compose\tests\unit\sort_service_test.py,128,2,,,0,0,0
compose,C:\Users\Zhifei Chen\Desktop\pysmell\subjects_for_metrics\compose\tests\unit\sort_service_test.py,129,2,,,0,0,0
compose,C:\Users\Zhifei Chen\Desktop\pysmell\subjects_for_metrics\compose\tests\unit\sort_service_test.py,130,2,,,0,0,0
compose,C:\Users\Zhifei Chen\Desktop\pysmell\subjects_for_metrics\compose\tests\unit\sort_service_test.py,133,,3,1,0,0,0
compose,C:\Users\Zhifei Chen\Desktop\pysmell\subjects_for_metrics\compose\tests\unit\sort_service_test.py,153,2,,,0,0,0
compose,C:\Users\Zhifei Chen\Desktop\pysmell\subjects_for_metrics\compose\tests\unit\sort_service_test.py,154,2,,,0,0,0
compose,C:\Users\Zhifei Chen\Desktop\pysmell\subjects_for_metrics\compose\tests\unit\sort_service_test.py,155,2,,,0,0,0
compose,C:\Users\Zhifei Chen\Desktop\pysmell\subjects_for_metrics\compose\tests\unit\sort_service_test.py,156,2,,,0,0,0
compose,C:\Users\Zhifei Chen\Desktop\pysmell\subjects_for_metrics\compose\tests\unit\sort_service_test.py,159,,3,1,0,0,0
compose,C:\Users\Zhifei Chen\Desktop\pysmell\subjects_for_metrics\compose\tests\unit\sort_service_test.py,179,,3,1,0,0,0
compose,C:\Users\Zhifei Chen\Desktop\pysmell\subjects_for_metrics\compose\tests\unit\sort_service_test.py,202,,3,1,0,0,0
compose,C:\Users\Zhifei Chen\Desktop\pysmell\subjects_for_metrics\compose\tests\unit\sort_service_test.py,226,,3,1,0,0,0
compose,C:\Users\Zhifei Chen\Desktop\pysmell\subjects_for_metrics\compose\tests\unit\utils_test.py,15,,2,1,0,0,0
compose,C:\Users\Zhifei Chen\Desktop\pysmell\subjects_for_metrics\compose\tests\unit\cli\docker_client_test.py,15,1,,,0,0,0
compose,C:\Users\Zhifei Chen\Desktop\pysmell\subjects_for_metrics\compose\tests\unit\cli\main_test.py,35,1,,,0,0,0
compose,C:\Users\Zhifei Chen\Desktop\pysmell\subjects_for_metrics\compose\tests\unit\config\config_test.py,43,,3,1,0,0,0
compose,C:\Users\Zhifei Chen\Desktop\pysmell\subjects_for_metrics\compose\tests\unit\config\config_test.py,54,,3,1,0,0,0
compose,C:\Users\Zhifei Chen\Desktop\pysmell\subjects_for_metrics\compose\tests\unit\config\config_test.py,82,,2,1,0,0,0
compose,C:\Users\Zhifei Chen\Desktop\pysmell\subjects_for_metrics\compose\tests\unit\config\config_test.py,93,,2,1,0,0,0
compose,C:\Users\Zhifei Chen\Desktop\pysmell\subjects_for_metrics\compose\tests\unit\config\config_test.py,103,,3,1,0,0,0
compose,C:\Users\Zhifei Chen\Desktop\pysmell\subjects_for_metrics\compose\tests\unit\config\config_test.py,114,,3,1,0,0,0
compose,C:\Users\Zhifei Chen\Desktop\pysmell\subjects_for_metrics\compose\tests\unit\config\config_test.py,123,,3,1,0,0,0
compose,C:\Users\Zhifei Chen\Desktop\pysmell\subjects_for_metrics\compose\tests\unit\config\config_test.py,140,,2,1,0,0,0
compose,C:\Users\Zhifei Chen\Desktop\pysmell\subjects_for_metrics\compose\tests\unit\config\config_test.py,152,,2,1,0,0,0
compose,C:\Users\Zhifei Chen\Desktop\pysmell\subjects_for_metrics\compose\tests\unit\config\config_test.py,162,,2,1,0,0,0
compose,C:\Users\Zhifei Chen\Desktop\pysmell\subjects_for_metrics\compose\tests\unit\config\config_test.py,167,,3,2,0,0,1
compose,C:\Users\Zhifei Chen\Desktop\pysmell\subjects_for_metrics\compose\tests\unit\config\config_test.py,186,,3,2,0,0,1
compose,C:\Users\Zhifei Chen\Desktop\pysmell\subjects_for_metrics\compose\tests\unit\config\config_test.py,200,,2,1,0,0,0
compose,C:\Users\Zhifei Chen\Desktop\pysmell\subjects_for_metrics\compose\tests\unit\config\config_test.py,209,,2,2,0,0,0
compose,C:\Users\Zhifei Chen\Desktop\pysmell\subjects_for_metrics\compose\tests\unit\config\config_test.py,212,,2,1,0,0,0
compose,C:\Users\Zhifei Chen\Desktop\pysmell\subjects_for_metrics\compose\tests\unit\config\config_test.py,219,,2,1,0,0,0
compose,C:\Users\Zhifei Chen\Desktop\pysmell\subjects_for_metrics\compose\tests\unit\config\config_test.py,223,,2,1,0,0,0
compose,C:\Users\Zhifei Chen\Desktop\pysmell\subjects_for_metrics\compose\tests\unit\config\config_test.py,234,,2,1,0,0,0
compose,C:\Users\Zhifei Chen\Desktop\pysmell\subjects_for_metrics\compose\tests\unit\config\config_test.py,247,,2,1,0,0,0
compose,C:\Users\Zhifei Chen\Desktop\pysmell\subjects_for_metrics\compose\tests\unit\config\config_test.py,260,,2,1,0,0,0
compose,C:\Users\Zhifei Chen\Desktop\pysmell\subjects_for_metrics\compose\tests\unit\config\config_test.py,284,,3,1,0,0,0
compose,C:\Users\Zhifei Chen\Desktop\pysmell\subjects_for_metrics\compose\tests\unit\config\config_test.py,298,,3,1,0,0,0
compose,C:\Users\Zhifei Chen\Desktop\pysmell\subjects_for_metrics\compose\tests\unit\config\config_test.py,311,,2,1,0,0,0
compose,C:\Users\Zhifei Chen\Desktop\pysmell\subjects_for_metrics\compose\tests\unit\config\config_test.py,323,,2,1,0,0,0
compose,C:\Users\Zhifei Chen\Desktop\pysmell\subjects_for_metrics\compose\tests\unit\config\config_test.py,338,,4,1,0,0,0
compose,C:\Users\Zhifei Chen\Desktop\pysmell\subjects_for_metrics\compose\tests\unit\config\config_test.py,351,,2,1,0,0,0
compose,C:\Users\Zhifei Chen\Desktop\pysmell\subjects_for_metrics\compose\tests\unit\config\config_test.py,355,,2,1,0,0,0
compose,C:\Users\Zhifei Chen\Desktop\pysmell\subjects_for_metrics\compose\tests\unit\config\config_test.py,363,2,,,0,0,0
compose,C:\Users\Zhifei Chen\Desktop\pysmell\subjects_for_metrics\compose\tests\unit\config\config_test.py,366,,2,1,0,0,0
compose,C:\Users\Zhifei Chen\Desktop\pysmell\subjects_for_metrics\compose\tests\unit\config\config_test.py,370,,2,1,0,0,0
compose,C:\Users\Zhifei Chen\Desktop\pysmell\subjects_for_metrics\compose\tests\unit\config\config_test.py,378,2,,,0,0,0
compose,C:\Users\Zhifei Chen\Desktop\pysmell\subjects_for_metrics\compose\tests\unit\config\config_test.py,385,,3,1,0,0,0
compose,C:\Users\Zhifei Chen\Desktop\pysmell\subjects_for_metrics\compose\tests\unit\config\config_test.py,395,2,,,0,0,0
compose,C:\Users\Zhifei Chen\Desktop\pysmell\subjects_for_metrics\compose\tests\unit\config\config_test.py,403,,3,1,0,0,0
compose,C:\Users\Zhifei Chen\Desktop\pysmell\subjects_for_metrics\compose\tests\unit\config\config_test.py,438,,3,2,0,0,1
compose,C:\Users\Zhifei Chen\Desktop\pysmell\subjects_for_metrics\compose\tests\unit\config\config_test.py,454,,2,1,0,0,0
compose,C:\Users\Zhifei Chen\Desktop\pysmell\subjects_for_metrics\compose\tests\unit\config\config_test.py,469,2,,,0,0,0
compose,C:\Users\Zhifei Chen\Desktop\pysmell\subjects_for_metrics\compose\tests\unit\config\config_test.py,470,1,,,0,0,0
compose,C:\Users\Zhifei Chen\Desktop\pysmell\subjects_for_metrics\compose\tests\unit\config\config_test.py,471,1,,,0,0,0
compose,C:\Users\Zhifei Chen\Desktop\pysmell\subjects_for_metrics\compose\tests\unit\config\config_test.py,478,,2,1,0,0,0
compose,C:\Users\Zhifei Chen\Desktop\pysmell\subjects_for_metrics\compose\tests\unit\config\config_test.py,490,1,,,0,0,0
compose,C:\Users\Zhifei Chen\Desktop\pysmell\subjects_for_metrics\compose\tests\unit\config\config_test.py,492,,3,1,0,0,0
compose,C:\Users\Zhifei Chen\Desktop\pysmell\subjects_for_metrics\compose\tests\unit\config\config_test.py,504,2,,,0,0,0
compose,C:\Users\Zhifei Chen\Desktop\pysmell\subjects_for_metrics\compose\tests\unit\config\config_test.py,509,,2,1,0,0,0
compose,C:\Users\Zhifei Chen\Desktop\pysmell\subjects_for_metrics\compose\tests\unit\config\config_test.py,510,1,,,0,0,0
compose,C:\Users\Zhifei Chen\Desktop\pysmell\subjects_for_metrics\compose\tests\unit\config\config_test.py,514,1,,,0,0,0
compose,C:\Users\Zhifei Chen\Desktop\pysmell\subjects_for_metrics\compose\tests\unit\config\config_test.py,515,1,,,0,0,0
compose,C:\Users\Zhifei Chen\Desktop\pysmell\subjects_for_metrics\compose\tests\unit\config\config_test.py,517,,3,1,0,0,0
compose,C:\Users\Zhifei Chen\Desktop\pysmell\subjects_for_metrics\compose\tests\unit\config\config_test.py,522,1,,,0,0,0
compose,C:\Users\Zhifei Chen\Desktop\pysmell\subjects_for_metrics\compose\tests\unit\config\config_test.py,527,1,,,0,0,0
compose,C:\Users\Zhifei Chen\Desktop\pysmell\subjects_for_metrics\compose\tests\unit\config\config_test.py,528,,2,1,0,0,0
compose,C:\Users\Zhifei Chen\Desktop\pysmell\subjects_for_metrics\compose\tests\unit\config\config_test.py,529,1,,,0,0,0
compose,C:\Users\Zhifei Chen\Desktop\pysmell\subjects_for_metrics\compose\tests\unit\config\config_test.py,532,,2,1,0,0,0
compose,C:\Users\Zhifei Chen\Desktop\pysmell\subjects_for_metrics\compose\tests\unit\config\config_test.py,533,1,,,0,0,0
compose,C:\Users\Zhifei Chen\Desktop\pysmell\subjects_for_metrics\compose\tests\unit\config\config_test.py,536,,2,1,0,0,0
compose,C:\Users\Zhifei Chen\Desktop\pysmell\subjects_for_metrics\compose\tests\unit\config\config_test.py,537,1,,,0,0,0
compose,C:\Users\Zhifei Chen\Desktop\pysmell\subjects_for_metrics\compose\tests\unit\config\config_test.py,540,,2,1,0,0,0
compose,C:\Users\Zhifei Chen\Desktop\pysmell\subjects_for_metrics\compose\tests\unit\config\config_test.py,541,1,,,0,0,0
compose,C:\Users\Zhifei Chen\Desktop\pysmell\subjects_for_metrics\compose\tests\unit\config\config_test.py,545,,2,1,0,0,0
compose,C:\Users\Zhifei Chen\Desktop\pysmell\subjects_for_metrics\compose\tests\unit\config\config_test.py,546,1,,,0,0,0
compose,C:\Users\Zhifei Chen\Desktop\pysmell\subjects_for_metrics\compose\tests\unit\config\config_test.py,548,,2,1,0,0,0
compose,C:\Users\Zhifei Chen\Desktop\pysmell\subjects_for_metrics\compose\tests\unit\config\config_test.py,549,1,,,0,0,0
compose,C:\Users\Zhifei Chen\Desktop\pysmell\subjects_for_metrics\compose\tests\unit\config\config_test.py,551,,2,1,0,0,0
compose,C:\Users\Zhifei Chen\Desktop\pysmell\subjects_for_metrics\compose\tests\unit\config\config_test.py,552,1,,,0,0,0
compose,C:\Users\Zhifei Chen\Desktop\pysmell\subjects_for_metrics\compose\tests\unit\config\config_test.py,556,,2,1,0,0,0
compose,C:\Users\Zhifei Chen\Desktop\pysmell\subjects_for_metrics\compose\tests\unit\config\config_test.py,557,1,,,0,0,0
compose,C:\Users\Zhifei Chen\Desktop\pysmell\subjects_for_metrics\compose\tests\unit\config\config_test.py,559,,2,1,0,0,0
compose,C:\Users\Zhifei Chen\Desktop\pysmell\subjects_for_metrics\compose\tests\unit\config\config_test.py,560,1,,,0,0,0
compose,C:\Users\Zhifei Chen\Desktop\pysmell\subjects_for_metrics\compose\tests\unit\config\config_test.py,562,,2,1,0,0,0
compose,C:\Users\Zhifei Chen\Desktop\pysmell\subjects_for_metrics\compose\tests\unit\config\config_test.py,563,1,,,0,0,0
compose,C:\Users\Zhifei Chen\Desktop\pysmell\subjects_for_metrics\compose\tests\unit\config\config_test.py,567,1,,,0,0,0
compose,C:\Users\Zhifei Chen\Desktop\pysmell\subjects_for_metrics\compose\tests\unit\config\config_test.py,568,,2,1,0,0,0
compose,C:\Users\Zhifei Chen\Desktop\pysmell\subjects_for_metrics\compose\tests\unit\config\config_test.py,573,1,,,0,0,0
compose,C:\Users\Zhifei Chen\Desktop\pysmell\subjects_for_metrics\compose\tests\unit\config\config_test.py,586,,2,1,0,0,0
compose,C:\Users\Zhifei Chen\Desktop\pysmell\subjects_for_metrics\compose\tests\unit\config\config_test.py,589,1,,,0,0,0
compose,C:\Users\Zhifei Chen\Desktop\pysmell\subjects_for_metrics\compose\tests\unit\config\config_test.py,594,,2,1,0,0,0
compose,C:\Users\Zhifei Chen\Desktop\pysmell\subjects_for_metrics\compose\tests\unit\config\config_test.py,596,1,,,0,0,0
compose,C:\Users\Zhifei Chen\Desktop\pysmell\subjects_for_metrics\compose\tests\unit\config\config_test.py,600,,2,1,0,0,0
compose,C:\Users\Zhifei Chen\Desktop\pysmell\subjects_for_metrics\compose\tests\unit\config\config_test.py,601,,2,1,0,0,0
compose,C:\Users\Zhifei Chen\Desktop\pysmell\subjects_for_metrics\compose\tests\unit\config\config_test.py,603,1,,,0,0,0
compose,C:\Users\Zhifei Chen\Desktop\pysmell\subjects_for_metrics\compose\tests\unit\config\config_test.py,607,,2,1,0,0,0
compose,C:\Users\Zhifei Chen\Desktop\pysmell\subjects_for_metrics\compose\tests\unit\config\config_test.py,608,,2,1,0,0,0
compose,C:\Users\Zhifei Chen\Desktop\pysmell\subjects_for_metrics\compose\tests\unit\config\config_test.py,610,1,,,0,0,0
compose,C:\Users\Zhifei Chen\Desktop\pysmell\subjects_for_metrics\compose\tests\unit\config\config_test.py,614,,2,1,0,0,0
compose,C:\Users\Zhifei Chen\Desktop\pysmell\subjects_for_metrics\compose\tests\unit\config\config_test.py,615,,2,1,0,0,0
compose,C:\Users\Zhifei Chen\Desktop\pysmell\subjects_for_metrics\compose\tests\unit\config\config_test.py,617,1,,,0,0,0
compose,C:\Users\Zhifei Chen\Desktop\pysmell\subjects_for_metrics\compose\tests\unit\config\config_test.py,672,,2,1,0,0,0
compose,C:\Users\Zhifei Chen\Desktop\pysmell\subjects_for_metrics\compose\tests\unit\config\config_test.py,675,1,,,0,0,0
compose,C:\Users\Zhifei Chen\Desktop\pysmell\subjects_for_metrics\compose\tests\unit\config\config_test.py,680,,2,1,0,0,0
compose,C:\Users\Zhifei Chen\Desktop\pysmell\subjects_for_metrics\compose\tests\unit\config\config_test.py,682,1,,,0,0,0
compose,C:\Users\Zhifei Chen\Desktop\pysmell\subjects_for_metrics\compose\tests\unit\config\config_test.py,686,,2,1,0,0,0
compose,C:\Users\Zhifei Chen\Desktop\pysmell\subjects_for_metrics\compose\tests\unit\config\config_test.py,687,,2,1,0,0,0
compose,C:\Users\Zhifei Chen\Desktop\pysmell\subjects_for_metrics\compose\tests\unit\config\config_test.py,689,1,,,0,0,0
compose,C:\Users\Zhifei Chen\Desktop\pysmell\subjects_for_metrics\compose\tests\unit\config\config_test.py,698,1,,,0,0,0
compose,C:\Users\Zhifei Chen\Desktop\pysmell\subjects_for_metrics\compose\tests\unit\config\config_test.py,705,1,,,0,0,0
compose,C:\Users\Zhifei Chen\Desktop\pysmell\subjects_for_metrics\compose\tests\unit\config\config_test.py,709,,2,1,0,0,0
compose,C:\Users\Zhifei Chen\Desktop\pysmell\subjects_for_metrics\compose\tests\unit\config\config_test.py,712,1,,,0,0,0
compose,C:\Users\Zhifei Chen\Desktop\pysmell\subjects_for_metrics\compose\tests\unit\config\config_test.py,717,,2,1,0,0,0
compose,C:\Users\Zhifei Chen\Desktop\pysmell\subjects_for_metrics\compose\tests\unit\config\config_test.py,719,1,,,0,0,0
compose,C:\Users\Zhifei Chen\Desktop\pysmell\subjects_for_metrics\compose\tests\unit\config\config_test.py,729,,2,1,0,0,0
compose,C:\Users\Zhifei Chen\Desktop\pysmell\subjects_for_metrics\compose\tests\unit\config\config_test.py,732,1,,,0,0,0
compose,C:\Users\Zhifei Chen\Desktop\pysmell\subjects_for_metrics\compose\tests\unit\config\config_test.py,737,,2,1,0,0,0
compose,C:\Users\Zhifei Chen\Desktop\pysmell\subjects_for_metrics\compose\tests\unit\config\config_test.py,739,1,,,0,0,0
compose,C:\Users\Zhifei Chen\Desktop\pysmell\subjects_for_metrics\compose\tests\unit\config\config_test.py,743,,2,1,0,0,0
compose,C:\Users\Zhifei Chen\Desktop\pysmell\subjects_for_metrics\compose\tests\unit\config\config_test.py,744,,2,1,0,0,0
compose,C:\Users\Zhifei Chen\Desktop\pysmell\subjects_for_metrics\compose\tests\unit\config\config_test.py,746,1,,,0,0,0
compose,C:\Users\Zhifei Chen\Desktop\pysmell\subjects_for_metrics\compose\tests\unit\config\config_test.py,750,,2,1,0,0,0
compose,C:\Users\Zhifei Chen\Desktop\pysmell\subjects_for_metrics\compose\tests\unit\config\config_test.py,751,,2,1,0,0,0
compose,C:\Users\Zhifei Chen\Desktop\pysmell\subjects_for_metrics\compose\tests\unit\config\config_test.py,753,1,,,0,0,0
compose,C:\Users\Zhifei Chen\Desktop\pysmell\subjects_for_metrics\compose\tests\unit\config\config_test.py,757,,2,1,0,0,0
compose,C:\Users\Zhifei Chen\Desktop\pysmell\subjects_for_metrics\compose\tests\unit\config\config_test.py,758,,2,1,0,0,0
compose,C:\Users\Zhifei Chen\Desktop\pysmell\subjects_for_metrics\compose\tests\unit\config\config_test.py,760,1,,,0,0,0
compose,C:\Users\Zhifei Chen\Desktop\pysmell\subjects_for_metrics\compose\tests\unit\config\config_test.py,776,,2,1,0,0,0
compose,C:\Users\Zhifei Chen\Desktop\pysmell\subjects_for_metrics\compose\tests\unit\config\config_test.py,787,,2,1,0,0,0
compose,C:\Users\Zhifei Chen\Desktop\pysmell\subjects_for_metrics\compose\tests\unit\config\config_test.py,792,2,,,0,0,0
compose,C:\Users\Zhifei Chen\Desktop\pysmell\subjects_for_metrics\compose\tests\unit\config\config_test.py,797,,2,1,0,0,0
compose,C:\Users\Zhifei Chen\Desktop\pysmell\subjects_for_metrics\compose\tests\unit\config\config_test.py,802,2,,,0,0,0
compose,C:\Users\Zhifei Chen\Desktop\pysmell\subjects_for_metrics\compose\tests\unit\config\config_test.py,834,1,,,0,0,0
compose,C:\Users\Zhifei Chen\Desktop\pysmell\subjects_for_metrics\compose\tests\unit\config\config_test.py,835,1,,,0,0,0
compose,C:\Users\Zhifei Chen\Desktop\pysmell\subjects_for_metrics\compose\tests\unit\config\config_test.py,836,1,,,0,0,0
compose,C:\Users\Zhifei Chen\Desktop\pysmell\subjects_for_metrics\compose\tests\unit\config\config_test.py,839,,2,1,0,0,0
compose,C:\Users\Zhifei Chen\Desktop\pysmell\subjects_for_metrics\compose\tests\unit\config\config_test.py,852,1,,,0,0,0
compose,C:\Users\Zhifei Chen\Desktop\pysmell\subjects_for_metrics\compose\tests\unit\config\config_test.py,863,1,,,0,0,0
compose,C:\Users\Zhifei Chen\Desktop\pysmell\subjects_for_metrics\compose\tests\unit\config\config_test.py,870,,2,1,0,0,0
compose,C:\Users\Zhifei Chen\Desktop\pysmell\subjects_for_metrics\compose\tests\unit\config\config_test.py,874,1,,,0,0,0
compose,C:\Users\Zhifei Chen\Desktop\pysmell\subjects_for_metrics\compose\tests\unit\config\config_test.py,887,1,,,0,0,0
compose,C:\Users\Zhifei Chen\Desktop\pysmell\subjects_for_metrics\compose\tests\unit\config\config_test.py,888,1,,,0,0,0
compose,C:\Users\Zhifei Chen\Desktop\pysmell\subjects_for_metrics\compose\tests\unit\config\config_test.py,889,1,,,0,0,0
compose,C:\Users\Zhifei Chen\Desktop\pysmell\subjects_for_metrics\compose\tests\unit\config\config_test.py,896,1,,,0,0,0
compose,C:\Users\Zhifei Chen\Desktop\pysmell\subjects_for_metrics\compose\tests\unit\config\config_test.py,903,1,,,0,0,0
compose,C:\Users\Zhifei Chen\Desktop\pysmell\subjects_for_metrics\compose\tests\unit\config\config_test.py,904,1,,,0,0,0
compose,C:\Users\Zhifei Chen\Desktop\pysmell\subjects_for_metrics\compose\tests\unit\config\config_test.py,906,1,,,0,0,0
compose,C:\Users\Zhifei Chen\Desktop\pysmell\subjects_for_metrics\compose\tests\unit\config\config_test.py,908,,3,1,0,0,0
compose,C:\Users\Zhifei Chen\Desktop\pysmell\subjects_for_metrics\compose\tests\unit\config\config_test.py,913,1,,,0,0,0
compose,C:\Users\Zhifei Chen\Desktop\pysmell\subjects_for_metrics\compose\tests\unit\config\config_test.py,915,1,,,0,0,0
compose,C:\Users\Zhifei Chen\Desktop\pysmell\subjects_for_metrics\compose\tests\unit\config\config_test.py,917,,3,1,0,0,0
compose,C:\Users\Zhifei Chen\Desktop\pysmell\subjects_for_metrics\compose\tests\unit\config\config_test.py,922,1,,,0,0,0
compose,C:\Users\Zhifei Chen\Desktop\pysmell\subjects_for_metrics\compose\tests\unit\config\config_test.py,933,,3,2,0,0,1
compose,C:\Users\Zhifei Chen\Desktop\pysmell\subjects_for_metrics\compose\tests\unit\config\config_test.py,955,,3,1,0,0,0
compose,C:\Users\Zhifei Chen\Desktop\pysmell\subjects_for_metrics\compose\tests\unit\config\config_test.py,972,,3,1,0,0,0
compose,C:\Users\Zhifei Chen\Desktop\pysmell\subjects_for_metrics\compose\tests\unit\config\config_test.py,1013,,3,1,0,0,0
compose,C:\Users\Zhifei Chen\Desktop\pysmell\subjects_for_metrics\compose\tests\unit\config\config_test.py,1025,,3,1,0,0,0
compose,C:\Users\Zhifei Chen\Desktop\pysmell\subjects_for_metrics\compose\tests\unit\config\config_test.py,1041,,3,1,0,0,0
compose,C:\Users\Zhifei Chen\Desktop\pysmell\subjects_for_metrics\compose\tests\unit\config\config_test.py,1064,,3,1,0,0,0
compose,C:\Users\Zhifei Chen\Desktop\pysmell\subjects_for_metrics\compose\tests\unit\config\config_test.py,1079,,2,1,0,0,0
compose,C:\Users\Zhifei Chen\Desktop\pysmell\subjects_for_metrics\compose\tests\unit\config\config_test.py,1089,,3,1,0,0,0
compose,C:\Users\Zhifei Chen\Desktop\pysmell\subjects_for_metrics\compose\tests\unit\config\config_test.py,1098,1,,,0,0,0
compose,C:\Users\Zhifei Chen\Desktop\pysmell\subjects_for_metrics\compose\tests\unit\config\config_test.py,1099,2,,,0,0,0
compose,C:\Users\Zhifei Chen\Desktop\pysmell\subjects_for_metrics\compose\tests\unit\config\config_test.py,1109,2,,,0,0,0
compose,C:\Users\Zhifei Chen\Desktop\pysmell\subjects_for_metrics\compose\tests\unit\config\config_test.py,1117,,3,1,0,0,0
compose,C:\Users\Zhifei Chen\Desktop\pysmell\subjects_for_metrics\compose\tests\unit\config\config_test.py,1161,1,,,0,0,0
compose,C:\Users\Zhifei Chen\Desktop\pysmell\subjects_for_metrics\compose\tests\unit\config\config_test.py,1172,2,,,0,0,0
compose,C:\Users\Zhifei Chen\Desktop\pysmell\subjects_for_metrics\compose\tests\unit\config\config_test.py,1177,,3,1,0,0,0
compose,C:\Users\Zhifei Chen\Desktop\pysmell\subjects_for_metrics\compose\tests\unit\config\config_test.py,1196,2,,,0,0,0
compose,C:\Users\Zhifei Chen\Desktop\pysmell\subjects_for_metrics\compose\tests\unit\config\config_test.py,1200,,3,1,0,0,0
compose,C:\Users\Zhifei Chen\Desktop\pysmell\subjects_for_metrics\compose\tests\unit\config\config_test.py,1235,1,,,0,0,0
compose,C:\Users\Zhifei Chen\Desktop\pysmell\subjects_for_metrics\compose\tests\unit\config\config_test.py,1265,,2,1,0,0,0
compose,C:\Users\Zhifei Chen\Desktop\pysmell\subjects_for_metrics\compose\tests\unit\config\config_test.py,1280,1,,,0,0,0
compose,C:\Users\Zhifei Chen\Desktop\pysmell\subjects_for_metrics\compose\tests\unit\config\config_test.py,1288,1,,,0,0,0
compose,C:\Users\Zhifei Chen\Desktop\pysmell\subjects_for_metrics\compose\tests\unit\config\config_test.py,1292,,2,1,0,0,0
compose,C:\Users\Zhifei Chen\Desktop\pysmell\subjects_for_metrics\compose\tests\unit\config\config_test.py,1308,1,,,0,0,0
compose,C:\Users\Zhifei Chen\Desktop\pysmell\subjects_for_metrics\compose\tests\unit\config\config_test.py,1319,1,,,0,0,0
