subject,file,lineno,MLOC,experience-based,statistics-based,tuning machine
pgcli,C:\Users\Zhifei Chen\Desktop\pysmell\subjects_for_metrics\pgcli\release.py,14,6,0,0,0
pgcli,C:\Users\Zhifei Chen\Desktop\pysmell\subjects_for_metrics\pgcli\release.py,28,8,0,0,0
pgcli,C:\Users\Zhifei Chen\Desktop\pysmell\subjects_for_metrics\pgcli\release.py,46,5,0,0,0
pgcli,C:\Users\Zhifei Chen\Desktop\pysmell\subjects_for_metrics\pgcli\release.py,56,2,0,0,0
pgcli,C:\Users\Zhifei Chen\Desktop\pysmell\subjects_for_metrics\pgcli\release.py,62,0,0,0,0
pgcli,C:\Users\Zhifei Chen\Desktop\pysmell\subjects_for_metrics\pgcli\release.py,66,0,0,0,0
pgcli,C:\Users\Zhifei Chen\Desktop\pysmell\subjects_for_metrics\pgcli\release.py,70,0,0,0,0
pgcli,C:\Users\Zhifei Chen\Desktop\pysmell\subjects_for_metrics\pgcli\release.py,74,0,0,0,0
pgcli,C:\Users\Zhifei Chen\Desktop\pysmell\subjects_for_metrics\pgcli\release.py,78,0,0,0,0
pgcli,C:\Users\Zhifei Chen\Desktop\pysmell\subjects_for_metrics\pgcli\pgcli\completion_refresher.py,14,2,0,0,0
pgcli,C:\Users\Zhifei Chen\Desktop\pysmell\subjects_for_metrics\pgcli\pgcli\completion_refresher.py,18,8,0,0,0
pgcli,C:\Users\Zhifei Chen\Desktop\pysmell\subjects_for_metrics\pgcli\pgcli\completion_refresher.py,42,1,0,0,0
pgcli,C:\Users\Zhifei Chen\Desktop\pysmell\subjects_for_metrics\pgcli\pgcli\completion_refresher.py,45,15,0,0,0
pgcli,C:\Users\Zhifei Chen\Desktop\pysmell\subjects_for_metrics\pgcli\pgcli\completion_refresher.py,74,2,0,0,0
pgcli,C:\Users\Zhifei Chen\Desktop\pysmell\subjects_for_metrics\pgcli\pgcli\completion_refresher.py,78,2,0,0,0
pgcli,C:\Users\Zhifei Chen\Desktop\pysmell\subjects_for_metrics\pgcli\pgcli\completion_refresher.py,83,2,0,0,0
pgcli,C:\Users\Zhifei Chen\Desktop\pysmell\subjects_for_metrics\pgcli\pgcli\completion_refresher.py,88,2,0,0,0
pgcli,C:\Users\Zhifei Chen\Desktop\pysmell\subjects_for_metrics\pgcli\pgcli\completion_refresher.py,93,2,0,0,0
pgcli,C:\Users\Zhifei Chen\Desktop\pysmell\subjects_for_metrics\pgcli\pgcli\completion_refresher.py,98,1,0,0,0
pgcli,C:\Users\Zhifei Chen\Desktop\pysmell\subjects_for_metrics\pgcli\pgcli\completion_refresher.py,102,1,0,0,0
pgcli,C:\Users\Zhifei Chen\Desktop\pysmell\subjects_for_metrics\pgcli\pgcli\completion_refresher.py,106,1,0,0,0
pgcli,C:\Users\Zhifei Chen\Desktop\pysmell\subjects_for_metrics\pgcli\pgcli\config.py,7,3,0,0,0
pgcli,C:\Users\Zhifei Chen\Desktop\pysmell\subjects_for_metrics\pgcli\pgcli\config.py,13,5,0,0,0
pgcli,C:\Users\Zhifei Chen\Desktop\pysmell\subjects_for_metrics\pgcli\pgcli\config.py,21,4,0,0,0
pgcli,C:\Users\Zhifei Chen\Desktop\pysmell\subjects_for_metrics\pgcli\pgcli\config.py,28,2,0,0,0
pgcli,C:\Users\Zhifei Chen\Desktop\pysmell\subjects_for_metrics\pgcli\pgcli\encodingutils.py,6,3,0,0,0
pgcli,C:\Users\Zhifei Chen\Desktop\pysmell\subjects_for_metrics\pgcli\pgcli\encodingutils.py,16,3,0,0,0
pgcli,C:\Users\Zhifei Chen\Desktop\pysmell\subjects_for_metrics\pgcli\pgcli\filters.py,6,3,0,0,0
pgcli,C:\Users\Zhifei Chen\Desktop\pysmell\subjects_for_metrics\pgcli\pgcli\filters.py,11,1,0,0,0
pgcli,C:\Users\Zhifei Chen\Desktop\pysmell\subjects_for_metrics\pgcli\pgcli\key_bindings.py,10,10,0,0,0
pgcli,C:\Users\Zhifei Chen\Desktop\pysmell\subjects_for_metrics\pgcli\pgcli\key_bindings.py,22,4,0,0,0
pgcli,C:\Users\Zhifei Chen\Desktop\pysmell\subjects_for_metrics\pgcli\pgcli\key_bindings.py,31,4,0,0,0
pgcli,C:\Users\Zhifei Chen\Desktop\pysmell\subjects_for_metrics\pgcli\pgcli\key_bindings.py,40,3,0,0,0
pgcli,C:\Users\Zhifei Chen\Desktop\pysmell\subjects_for_metrics\pgcli\pgcli\key_bindings.py,48,6,0,0,0
pgcli,C:\Users\Zhifei Chen\Desktop\pysmell\subjects_for_metrics\pgcli\pgcli\key_bindings.py,60,6,0,0,0
pgcli,C:\Users\Zhifei Chen\Desktop\pysmell\subjects_for_metrics\pgcli\pgcli\key_bindings.py,78,5,0,0,0
pgcli,C:\Users\Zhifei Chen\Desktop\pysmell\subjects_for_metrics\pgcli\pgcli\magic.py,8,3,0,0,0
pgcli,C:\Users\Zhifei Chen\Desktop\pysmell\subjects_for_metrics\pgcli\pgcli\magic.py,19,25,1,0,0
pgcli,C:\Users\Zhifei Chen\Desktop\pysmell\subjects_for_metrics\pgcli\pgcli\main.py,63,28,1,1,0
pgcli,C:\Users\Zhifei Chen\Desktop\pysmell\subjects_for_metrics\pgcli\pgcli\main.py,107,6,0,0,0
pgcli,C:\Users\Zhifei Chen\Desktop\pysmell\subjects_for_metrics\pgcli\pgcli\main.py,120,6,0,0,0
pgcli,C:\Users\Zhifei Chen\Desktop\pysmell\subjects_for_metrics\pgcli\pgcli\main.py,130,9,0,0,0
pgcli,C:\Users\Zhifei Chen\Desktop\pysmell\subjects_for_metrics\pgcli\pgcli\main.py,142,16,0,0,0
pgcli,C:\Users\Zhifei Chen\Desktop\pysmell\subjects_for_metrics\pgcli\pgcli\main.py,169,0,0,0,0
pgcli,C:\Users\Zhifei Chen\Desktop\pysmell\subjects_for_metrics\pgcli\pgcli\main.py,172,4,0,0,0
pgcli,C:\Users\Zhifei Chen\Desktop\pysmell\subjects_for_metrics\pgcli\pgcli\main.py,178,25,1,0,0
pgcli,C:\Users\Zhifei Chen\Desktop\pysmell\subjects_for_metrics\pgcli\pgcli\main.py,231,9,0,0,0
pgcli,C:\Users\Zhifei Chen\Desktop\pysmell\subjects_for_metrics\pgcli\pgcli\main.py,256,106,1,1,1
pgcli,C:\Users\Zhifei Chen\Desktop\pysmell\subjects_for_metrics\pgcli\pgcli\main.py,263,1,0,0,0
pgcli,C:\Users\Zhifei Chen\Desktop\pysmell\subjects_for_metrics\pgcli\pgcli\main.py,275,1,0,0,0
pgcli,C:\Users\Zhifei Chen\Desktop\pysmell\subjects_for_metrics\pgcli\pgcli\main.py,426,4,0,0,0
pgcli,C:\Users\Zhifei Chen\Desktop\pysmell\subjects_for_metrics\pgcli\pgcli\main.py,433,7,0,0,0
pgcli,C:\Users\Zhifei Chen\Desktop\pysmell\subjects_for_metrics\pgcli\pgcli\main.py,442,2,0,0,0
pgcli,C:\Users\Zhifei Chen\Desktop\pysmell\subjects_for_metrics\pgcli\pgcli\main.py,450,4,0,0,0
pgcli,C:\Users\Zhifei Chen\Desktop\pysmell\subjects_for_metrics\pgcli\pgcli\main.py,461,3,0,0,0
pgcli,C:\Users\Zhifei Chen\Desktop\pysmell\subjects_for_metrics\pgcli\pgcli\main.py,467,39,1,1,0
pgcli,C:\Users\Zhifei Chen\Desktop\pysmell\subjects_for_metrics\pgcli\pgcli\main.py,532,6,0,0,0
pgcli,C:\Users\Zhifei Chen\Desktop\pysmell\subjects_for_metrics\pgcli\pgcli\main.py,541,16,0,0,0
pgcli,C:\Users\Zhifei Chen\Desktop\pysmell\subjects_for_metrics\pgcli\pgcli\main.py,562,9,0,0,0
pgcli,C:\Users\Zhifei Chen\Desktop\pysmell\subjects_for_metrics\pgcli\pgcli\main.py,576,7,0,0,0
pgcli,C:\Users\Zhifei Chen\Desktop\pysmell\subjects_for_metrics\pgcli\pgcli\main.py,590,1,0,0,0
pgcli,C:\Users\Zhifei Chen\Desktop\pysmell\subjects_for_metrics\pgcli\pgcli\main.py,595,4,0,0,0
pgcli,C:\Users\Zhifei Chen\Desktop\pysmell\subjects_for_metrics\pgcli\pgcli\main.py,603,3,0,0,0
pgcli,C:\Users\Zhifei Chen\Desktop\pysmell\subjects_for_metrics\pgcli\pgcli\main.py,609,4,0,0,0
pgcli,C:\Users\Zhifei Chen\Desktop\pysmell\subjects_for_metrics\pgcli\pgcli\pgbuffer.py,7,4,0,0,0
pgcli,C:\Users\Zhifei Chen\Desktop\pysmell\subjects_for_metrics\pgcli\pgcli\pgbuffer.py,10,3,0,0,0
pgcli,C:\Users\Zhifei Chen\Desktop\pysmell\subjects_for_metrics\pgcli\pgcli\pgbuffer.py,19,1,0,0,0
pgcli,C:\Users\Zhifei Chen\Desktop\pysmell\subjects_for_metrics\pgcli\pgcli\pgbuffer.py,26,8,0,0,0
pgcli,C:\Users\Zhifei Chen\Desktop\pysmell\subjects_for_metrics\pgcli\pgcli\pgcompleter.py,29,11,0,0,0
pgcli,C:\Users\Zhifei Chen\Desktop\pysmell\subjects_for_metrics\pgcli\pgcli\pgcompleter.py,46,5,0,0,0
pgcli,C:\Users\Zhifei Chen\Desktop\pysmell\subjects_for_metrics\pgcli\pgcli\pgcompleter.py,54,3,0,0,0
pgcli,C:\Users\Zhifei Chen\Desktop\pysmell\subjects_for_metrics\pgcli\pgcli\pgcompleter.py,61,1,0,0,0
pgcli,C:\Users\Zhifei Chen\Desktop\pysmell\subjects_for_metrics\pgcli\pgcli\pgcompleter.py,64,2,0,0,0
pgcli,C:\Users\Zhifei Chen\Desktop\pysmell\subjects_for_metrics\pgcli\pgcli\pgcompleter.py,68,1,0,0,0
pgcli,C:\Users\Zhifei Chen\Desktop\pysmell\subjects_for_metrics\pgcli\pgcli\pgcompleter.py,72,8,0,0,0
pgcli,C:\Users\Zhifei Chen\Desktop\pysmell\subjects_for_metrics\pgcli\pgcli\pgcompleter.py,87,9,0,0,0
pgcli,C:\Users\Zhifei Chen\Desktop\pysmell\subjects_for_metrics\pgcli\pgcli\pgcompleter.py,108,5,0,0,0
pgcli,C:\Users\Zhifei Chen\Desktop\pysmell\subjects_for_metrics\pgcli\pgcli\pgcompleter.py,122,7,0,0,0
pgcli,C:\Users\Zhifei Chen\Desktop\pysmell\subjects_for_metrics\pgcli\pgcli\pgcompleter.py,142,5,0,0,0
pgcli,C:\Users\Zhifei Chen\Desktop\pysmell\subjects_for_metrics\pgcli\pgcli\pgcompleter.py,154,1,0,0,0
pgcli,C:\Users\Zhifei Chen\Desktop\pysmell\subjects_for_metrics\pgcli\pgcli\pgcompleter.py,157,6,0,0,0
pgcli,C:\Users\Zhifei Chen\Desktop\pysmell\subjects_for_metrics\pgcli\pgcli\pgcompleter.py,165,18,0,0,0
pgcli,C:\Users\Zhifei Chen\Desktop\pysmell\subjects_for_metrics\pgcli\pgcli\pgcompleter.py,191,3,0,0,0
pgcli,C:\Users\Zhifei Chen\Desktop\pysmell\subjects_for_metrics\pgcli\pgcli\pgcompleter.py,198,3,0,0,0
pgcli,C:\Users\Zhifei Chen\Desktop\pysmell\subjects_for_metrics\pgcli\pgcli\pgcompleter.py,225,85,1,1,1
pgcli,C:\Users\Zhifei Chen\Desktop\pysmell\subjects_for_metrics\pgcli\pgcli\pgcompleter.py,383,42,1,1,0
pgcli,C:\Users\Zhifei Chen\Desktop\pysmell\subjects_for_metrics\pgcli\pgcli\pgcompleter.py,459,9,0,0,0
pgcli,C:\Users\Zhifei Chen\Desktop\pysmell\subjects_for_metrics\pgcli\pgcli\pgcompleter.py,477,7,0,0,0
pgcli,C:\Users\Zhifei Chen\Desktop\pysmell\subjects_for_metrics\pgcli\pgcli\pgexecute.py,35,8,0,0,0
pgcli,C:\Users\Zhifei Chen\Desktop\pysmell\subjects_for_metrics\pgcli\pgcli\pgexecute.py,61,7,0,0,0
pgcli,C:\Users\Zhifei Chen\Desktop\pysmell\subjects_for_metrics\pgcli\pgcli\pgexecute.py,156,7,0,0,0
pgcli,C:\Users\Zhifei Chen\Desktop\pysmell\subjects_for_metrics\pgcli\pgcli\pgexecute.py,165,28,1,1,0
pgcli,C:\Users\Zhifei Chen\Desktop\pysmell\subjects_for_metrics\pgcli\pgcli\pgexecute.py,205,2,0,0,0
pgcli,C:\Users\Zhifei Chen\Desktop\pysmell\subjects_for_metrics\pgcli\pgcli\pgexecute.py,215,3,0,0,0
pgcli,C:\Users\Zhifei Chen\Desktop\pysmell\subjects_for_metrics\pgcli\pgcli\pgexecute.py,229,26,1,0,0
pgcli,C:\Users\Zhifei Chen\Desktop\pysmell\subjects_for_metrics\pgcli\pgcli\pgexecute.py,277,11,0,0,0
pgcli,C:\Users\Zhifei Chen\Desktop\pysmell\subjects_for_metrics\pgcli\pgcli\pgexecute.py,296,4,0,0,0
pgcli,C:\Users\Zhifei Chen\Desktop\pysmell\subjects_for_metrics\pgcli\pgcli\pgexecute.py,304,4,0,0,0
pgcli,C:\Users\Zhifei Chen\Desktop\pysmell\subjects_for_metrics\pgcli\pgcli\pgexecute.py,312,6,0,0,0
pgcli,C:\Users\Zhifei Chen\Desktop\pysmell\subjects_for_metrics\pgcli\pgcli\pgexecute.py,329,2,0,0,0
pgcli,C:\Users\Zhifei Chen\Desktop\pysmell\subjects_for_metrics\pgcli\pgcli\pgexecute.py,334,2,0,0,0
pgcli,C:\Users\Zhifei Chen\Desktop\pysmell\subjects_for_metrics\pgcli\pgcli\pgexecute.py,342,6,0,0,0
pgcli,C:\Users\Zhifei Chen\Desktop\pysmell\subjects_for_metrics\pgcli\pgcli\pgexecute.py,359,2,0,0,0
pgcli,C:\Users\Zhifei Chen\Desktop\pysmell\subjects_for_metrics\pgcli\pgcli\pgexecute.py,363,2,0,0,0
pgcli,C:\Users\Zhifei Chen\Desktop\pysmell\subjects_for_metrics\pgcli\pgcli\pgexecute.py,367,4,0,0,0
pgcli,C:\Users\Zhifei Chen\Desktop\pysmell\subjects_for_metrics\pgcli\pgcli\pgexecute.py,373,5,0,0,0
pgcli,C:\Users\Zhifei Chen\Desktop\pysmell\subjects_for_metrics\pgcli\pgcli\pgexecute.py,382,5,0,0,0
pgcli,C:\Users\Zhifei Chen\Desktop\pysmell\subjects_for_metrics\pgcli\pgcli\pgstyle.py,8,6,0,0,0
pgcli,C:\Users\Zhifei Chen\Desktop\pysmell\subjects_for_metrics\pgcli\pgcli\pgtoolbar.py,4,4,0,0,0
pgcli,C:\Users\Zhifei Chen\Desktop\pysmell\subjects_for_metrics\pgcli\pgcli\pgtoolbar.py,12,17,0,0,0
pgcli,C:\Users\Zhifei Chen\Desktop\pysmell\subjects_for_metrics\pgcli\pgcli\packages\counter.py,18,1,0,0,0
pgcli,C:\Users\Zhifei Chen\Desktop\pysmell\subjects_for_metrics\pgcli\pgcli\packages\counter.py,31,1,0,0,0
pgcli,C:\Users\Zhifei Chen\Desktop\pysmell\subjects_for_metrics\pgcli\pgcli\packages\counter.py,34,3,0,0,0
pgcli,C:\Users\Zhifei Chen\Desktop\pysmell\subjects_for_metrics\pgcli\pgcli\packages\counter.py,46,3,0,0,0
pgcli,C:\Users\Zhifei Chen\Desktop\pysmell\subjects_for_metrics\pgcli\pgcli\packages\counter.py,63,3,0,0,0
pgcli,C:\Users\Zhifei Chen\Desktop\pysmell\subjects_for_metrics\pgcli\pgcli\packages\counter.py,68,12,0,0,0
pgcli,C:\Users\Zhifei Chen\Desktop\pysmell\subjects_for_metrics\pgcli\pgcli\packages\counter.py,96,1,0,0,0
pgcli,C:\Users\Zhifei Chen\Desktop\pysmell\subjects_for_metrics\pgcli\pgcli\packages\counter.py,100,2,0,0,0
pgcli,C:\Users\Zhifei Chen\Desktop\pysmell\subjects_for_metrics\pgcli\pgcli\packages\counter.py,105,4,0,0,0
pgcli,C:\Users\Zhifei Chen\Desktop\pysmell\subjects_for_metrics\pgcli\pgcli\packages\counter.py,120,8,0,0,0
pgcli,C:\Users\Zhifei Chen\Desktop\pysmell\subjects_for_metrics\pgcli\pgcli\packages\counter.py,137,8,0,0,0
pgcli,C:\Users\Zhifei Chen\Desktop\pysmell\subjects_for_metrics\pgcli\pgcli\packages\counter.py,153,9,0,0,0
pgcli,C:\Users\Zhifei Chen\Desktop\pysmell\subjects_for_metrics\pgcli\pgcli\packages\counter.py,170,11,0,0,0
pgcli,C:\Users\Zhifei Chen\Desktop\pysmell\subjects_for_metrics\pgcli\pgcli\packages\expanded.py,3,1,0,0,0
pgcli,C:\Users\Zhifei Chen\Desktop\pysmell\subjects_for_metrics\pgcli\pgcli\packages\expanded.py,6,20,0,0,0
pgcli,C:\Users\Zhifei Chen\Desktop\pysmell\subjects_for_metrics\pgcli\pgcli\packages\function_metadata.py,11,7,0,0,0
pgcli,C:\Users\Zhifei Chen\Desktop\pysmell\subjects_for_metrics\pgcli\pgcli\packages\function_metadata.py,23,2,0,0,0
pgcli,C:\Users\Zhifei Chen\Desktop\pysmell\subjects_for_metrics\pgcli\pgcli\packages\function_metadata.py,27,1,0,0,0
pgcli,C:\Users\Zhifei Chen\Desktop\pysmell\subjects_for_metrics\pgcli\pgcli\packages\function_metadata.py,30,3,0,0,0
pgcli,C:\Users\Zhifei Chen\Desktop\pysmell\subjects_for_metrics\pgcli\pgcli\packages\function_metadata.py,35,4,0,0,0
pgcli,C:\Users\Zhifei Chen\Desktop\pysmell\subjects_for_metrics\pgcli\pgcli\packages\function_metadata.py,42,6,0,0,0
pgcli,C:\Users\Zhifei Chen\Desktop\pysmell\subjects_for_metrics\pgcli\pgcli\packages\function_metadata.py,71,5,0,0,0
pgcli,C:\Users\Zhifei Chen\Desktop\pysmell\subjects_for_metrics\pgcli\pgcli\packages\function_metadata.py,78,1,0,0,0
pgcli,C:\Users\Zhifei Chen\Desktop\pysmell\subjects_for_metrics\pgcli\pgcli\packages\function_metadata.py,82,32,1,1,0
pgcli,C:\Users\Zhifei Chen\Desktop\pysmell\subjects_for_metrics\pgcli\pgcli\packages\function_metadata.py,139,4,0,0,0
pgcli,C:\Users\Zhifei Chen\Desktop\pysmell\subjects_for_metrics\pgcli\pgcli\packages\ordereddict.py,27,7,0,0,0
pgcli,C:\Users\Zhifei Chen\Desktop\pysmell\subjects_for_metrics\pgcli\pgcli\packages\ordereddict.py,36,4,0,0,0
pgcli,C:\Users\Zhifei Chen\Desktop\pysmell\subjects_for_metrics\pgcli\pgcli\packages\ordereddict.py,42,5,0,0,0
pgcli,C:\Users\Zhifei Chen\Desktop\pysmell\subjects_for_metrics\pgcli\pgcli\packages\ordereddict.py,49,3,0,0,0
pgcli,C:\Users\Zhifei Chen\Desktop\pysmell\subjects_for_metrics\pgcli\pgcli\packages\ordereddict.py,55,5,0,0,0
pgcli,C:\Users\Zhifei Chen\Desktop\pysmell\subjects_for_metrics\pgcli\pgcli\packages\ordereddict.py,62,5,0,0,0
pgcli,C:\Users\Zhifei Chen\Desktop\pysmell\subjects_for_metrics\pgcli\pgcli\packages\ordereddict.py,69,7,0,0,0
pgcli,C:\Users\Zhifei Chen\Desktop\pysmell\subjects_for_metrics\pgcli\pgcli\packages\ordereddict.py,79,8,0,0,0
pgcli,C:\Users\Zhifei Chen\Desktop\pysmell\subjects_for_metrics\pgcli\pgcli\packages\ordereddict.py,89,1,0,0,0
pgcli,C:\Users\Zhifei Chen\Desktop\pysmell\subjects_for_metrics\pgcli\pgcli\packages\ordereddict.py,101,3,0,0,0
pgcli,C:\Users\Zhifei Chen\Desktop\pysmell\subjects_for_metrics\pgcli\pgcli\packages\ordereddict.py,106,1,0,0,0
pgcli,C:\Users\Zhifei Chen\Desktop\pysmell\subjects_for_metrics\pgcli\pgcli\packages\ordereddict.py,109,5,0,0,0
pgcli,C:\Users\Zhifei Chen\Desktop\pysmell\subjects_for_metrics\pgcli\pgcli\packages\ordereddict.py,116,8,0,0,0
pgcli,C:\Users\Zhifei Chen\Desktop\pysmell\subjects_for_metrics\pgcli\pgcli\packages\ordereddict.py,126,1,0,0,0
pgcli,C:\Users\Zhifei Chen\Desktop\pysmell\subjects_for_metrics\pgcli\pgcli\packages\parseutils.py,19,9,0,0,0
pgcli,C:\Users\Zhifei Chen\Desktop\pysmell\subjects_for_metrics\pgcli\pgcli\packages\parseutils.py,71,7,0,0,0
pgcli,C:\Users\Zhifei Chen\Desktop\pysmell\subjects_for_metrics\pgcli\pgcli\packages\parseutils.py,81,1,0,0,0
pgcli,C:\Users\Zhifei Chen\Desktop\pysmell\subjects_for_metrics\pgcli\pgcli\packages\parseutils.py,84,22,0,0,0
pgcli,C:\Users\Zhifei Chen\Desktop\pysmell\subjects_for_metrics\pgcli\pgcli\packages\parseutils.py,120,26,1,0,0
pgcli,C:\Users\Zhifei Chen\Desktop\pysmell\subjects_for_metrics\pgcli\pgcli\packages\parseutils.py,156,7,0,0,0
pgcli,C:\Users\Zhifei Chen\Desktop\pysmell\subjects_for_metrics\pgcli\pgcli\packages\parseutils.py,183,12,0,0,0
pgcli,C:\Users\Zhifei Chen\Desktop\pysmell\subjects_for_metrics\pgcli\pgcli\packages\parseutils.py,222,2,0,0,0
pgcli,C:\Users\Zhifei Chen\Desktop\pysmell\subjects_for_metrics\pgcli\pgcli\packages\parseutils.py,230,15,0,0,0
pgcli,C:\Users\Zhifei Chen\Desktop\pysmell\subjects_for_metrics\pgcli\pgcli\packages\sqlcompletion.py,18,34,1,1,0
pgcli,C:\Users\Zhifei Chen\Desktop\pysmell\subjects_for_metrics\pgcli\pgcli\packages\sqlcompletion.py,31,4,0,0,0
pgcli,C:\Users\Zhifei Chen\Desktop\pysmell\subjects_for_metrics\pgcli\pgcli\packages\sqlcompletion.py,103,34,1,1,0
pgcli,C:\Users\Zhifei Chen\Desktop\pysmell\subjects_for_metrics\pgcli\pgcli\packages\sqlcompletion.py,156,100,1,1,1
pgcli,C:\Users\Zhifei Chen\Desktop\pysmell\subjects_for_metrics\pgcli\pgcli\packages\sqlcompletion.py,340,2,0,0,0
pgcli,C:\Users\Zhifei Chen\Desktop\pysmell\subjects_for_metrics\pgcli\pgcli\packages\tabulate.py,24,1,0,0,0
pgcli,C:\Users\Zhifei Chen\Desktop\pysmell\subjects_for_metrics\pgcli\pgcli\packages\tabulate.py,38,1,0,0,0
pgcli,C:\Users\Zhifei Chen\Desktop\pysmell\subjects_for_metrics\pgcli\pgcli\packages\tabulate.py,92,8,0,0,0
pgcli,C:\Users\Zhifei Chen\Desktop\pysmell\subjects_for_metrics\pgcli\pgcli\packages\tabulate.py,106,2,0,0,0
pgcli,C:\Users\Zhifei Chen\Desktop\pysmell\subjects_for_metrics\pgcli\pgcli\packages\tabulate.py,113,7,0,0,0
pgcli,C:\Users\Zhifei Chen\Desktop\pysmell\subjects_for_metrics\pgcli\pgcli\packages\tabulate.py,126,6,0,0,0
pgcli,C:\Users\Zhifei Chen\Desktop\pysmell\subjects_for_metrics\pgcli\pgcli\packages\tabulate.py,136,4,0,0,0
pgcli,C:\Users\Zhifei Chen\Desktop\pysmell\subjects_for_metrics\pgcli\pgcli\packages\tabulate.py,148,4,0,0,0
pgcli,C:\Users\Zhifei Chen\Desktop\pysmell\subjects_for_metrics\pgcli\pgcli\packages\tabulate.py,149,1,0,0,0
pgcli,C:\Users\Zhifei Chen\Desktop\pysmell\subjects_for_metrics\pgcli\pgcli\packages\tabulate.py,268,1,0,0,0
pgcli,C:\Users\Zhifei Chen\Desktop\pysmell\subjects_for_metrics\pgcli\pgcli\packages\tabulate.py,282,5,0,0,0
pgcli,C:\Users\Zhifei Chen\Desktop\pysmell\subjects_for_metrics\pgcli\pgcli\packages\tabulate.py,290,1,0,0,0
pgcli,C:\Users\Zhifei Chen\Desktop\pysmell\subjects_for_metrics\pgcli\pgcli\packages\tabulate.py,302,3,0,0,0
pgcli,C:\Users\Zhifei Chen\Desktop\pysmell\subjects_for_metrics\pgcli\pgcli\packages\tabulate.py,314,16,0,0,0
pgcli,C:\Users\Zhifei Chen\Desktop\pysmell\subjects_for_metrics\pgcli\pgcli\packages\tabulate.py,350,9,0,0,0
pgcli,C:\Users\Zhifei Chen\Desktop\pysmell\subjects_for_metrics\pgcli\pgcli\packages\tabulate.py,377,2,0,0,0
pgcli,C:\Users\Zhifei Chen\Desktop\pysmell\subjects_for_metrics\pgcli\pgcli\packages\tabulate.py,388,2,0,0,0
pgcli,C:\Users\Zhifei Chen\Desktop\pysmell\subjects_for_metrics\pgcli\pgcli\packages\tabulate.py,399,4,0,0,0
pgcli,C:\Users\Zhifei Chen\Desktop\pysmell\subjects_for_metrics\pgcli\pgcli\packages\tabulate.py,412,3,0,0,0
pgcli,C:\Users\Zhifei Chen\Desktop\pysmell\subjects_for_metrics\pgcli\pgcli\packages\tabulate.py,420,3,0,0,0
pgcli,C:\Users\Zhifei Chen\Desktop\pysmell\subjects_for_metrics\pgcli\pgcli\packages\tabulate.py,433,21,0,0,0
pgcli,C:\Users\Zhifei Chen\Desktop\pysmell\subjects_for_metrics\pgcli\pgcli\packages\tabulate.py,471,4,0,0,0
pgcli,C:\Users\Zhifei Chen\Desktop\pysmell\subjects_for_metrics\pgcli\pgcli\packages\tabulate.py,478,2,0,0,0
pgcli,C:\Users\Zhifei Chen\Desktop\pysmell\subjects_for_metrics\pgcli\pgcli\packages\tabulate.py,502,12,0,0,0
pgcli,C:\Users\Zhifei Chen\Desktop\pysmell\subjects_for_metrics\pgcli\pgcli\packages\tabulate.py,530,7,0,0,0
pgcli,C:\Users\Zhifei Chen\Desktop\pysmell\subjects_for_metrics\pgcli\pgcli\packages\tabulate.py,541,62,1,1,1
pgcli,C:\Users\Zhifei Chen\Desktop\pysmell\subjects_for_metrics\pgcli\pgcli\packages\tabulate.py,652,26,1,0,0
pgcli,C:\Users\Zhifei Chen\Desktop\pysmell\subjects_for_metrics\pgcli\pgcli\packages\tabulate.py,929,2,0,0,0
pgcli,C:\Users\Zhifei Chen\Desktop\pysmell\subjects_for_metrics\pgcli\pgcli\packages\tabulate.py,935,5,0,0,0
pgcli,C:\Users\Zhifei Chen\Desktop\pysmell\subjects_for_metrics\pgcli\pgcli\packages\tabulate.py,945,7,0,0,0
pgcli,C:\Users\Zhifei Chen\Desktop\pysmell\subjects_for_metrics\pgcli\pgcli\packages\tabulate.py,957,5,0,0,0
pgcli,C:\Users\Zhifei Chen\Desktop\pysmell\subjects_for_metrics\pgcli\pgcli\packages\tabulate.py,966,23,0,0,0
pgcli,C:\Users\Zhifei Chen\Desktop\pysmell\subjects_for_metrics\pgcli\pgcli\packages\tabulate.py,1002,37,1,1,0
pgcli,C:\Users\Zhifei Chen\Desktop\pysmell\subjects_for_metrics\pgcli\pgcli\packages\tabulate.py,1061,3,0,0,0
pgcli,C:\Users\Zhifei Chen\Desktop\pysmell\subjects_for_metrics\pgcli\pgcli\packages\pgliterals\main.py,11,1,0,0,0
pgcli,C:\Users\Zhifei Chen\Desktop\pysmell\subjects_for_metrics\pgcli\tests\conftest.py,7,5,0,0,0
pgcli,C:\Users\Zhifei Chen\Desktop\pysmell\subjects_for_metrics\pgcli\tests\conftest.py,17,3,0,0,0
pgcli,C:\Users\Zhifei Chen\Desktop\pysmell\subjects_for_metrics\pgcli\tests\conftest.py,23,2,0,0,0
pgcli,C:\Users\Zhifei Chen\Desktop\pysmell\subjects_for_metrics\pgcli\tests\test_completion_refresher.py,6,3,0,0,0
pgcli,C:\Users\Zhifei Chen\Desktop\pysmell\subjects_for_metrics\pgcli\tests\test_completion_refresher.py,12,5,0,0,0
pgcli,C:\Users\Zhifei Chen\Desktop\pysmell\subjects_for_metrics\pgcli\tests\test_completion_refresher.py,25,10,0,0,0
pgcli,C:\Users\Zhifei Chen\Desktop\pysmell\subjects_for_metrics\pgcli\tests\test_completion_refresher.py,44,15,0,0,0
pgcli,C:\Users\Zhifei Chen\Desktop\pysmell\subjects_for_metrics\pgcli\tests\test_completion_refresher.py,55,0,0,0,0
pgcli,C:\Users\Zhifei Chen\Desktop\pysmell\subjects_for_metrics\pgcli\tests\test_completion_refresher.py,73,9,0,0,0
pgcli,C:\Users\Zhifei Chen\Desktop\pysmell\subjects_for_metrics\pgcli\tests\test_expanded.py,4,4,0,0,0
pgcli,C:\Users\Zhifei Chen\Desktop\pysmell\subjects_for_metrics\pgcli\tests\test_function_metadata.py,6,9,0,0,0
pgcli,C:\Users\Zhifei Chen\Desktop\pysmell\subjects_for_metrics\pgcli\tests\test_function_metadata.py,17,4,0,0,0
pgcli,C:\Users\Zhifei Chen\Desktop\pysmell\subjects_for_metrics\pgcli\tests\test_function_metadata.py,24,6,0,0,0
pgcli,C:\Users\Zhifei Chen\Desktop\pysmell\subjects_for_metrics\pgcli\tests\test_function_metadata.py,35,4,0,0,0
pgcli,C:\Users\Zhifei Chen\Desktop\pysmell\subjects_for_metrics\pgcli\tests\test_function_metadata.py,42,4,0,0,0
pgcli,C:\Users\Zhifei Chen\Desktop\pysmell\subjects_for_metrics\pgcli\tests\test_function_metadata.py,51,3,0,0,0
pgcli,C:\Users\Zhifei Chen\Desktop\pysmell\subjects_for_metrics\pgcli\tests\test_fuzzy_completion.py,7,3,0,0,0
pgcli,C:\Users\Zhifei Chen\Desktop\pysmell\subjects_for_metrics\pgcli\tests\test_fuzzy_completion.py,13,4,0,0,0
pgcli,C:\Users\Zhifei Chen\Desktop\pysmell\subjects_for_metrics\pgcli\tests\test_fuzzy_completion.py,35,4,0,0,0
pgcli,C:\Users\Zhifei Chen\Desktop\pysmell\subjects_for_metrics\pgcli\tests\test_main.py,5,4,0,0,0
pgcli,C:\Users\Zhifei Chen\Desktop\pysmell\subjects_for_metrics\pgcli\tests\test_main.py,12,23,0,0,0
pgcli,C:\Users\Zhifei Chen\Desktop\pysmell\subjects_for_metrics\pgcli\tests\test_naive_completion.py,6,3,0,0,0
pgcli,C:\Users\Zhifei Chen\Desktop\pysmell\subjects_for_metrics\pgcli\tests\test_naive_completion.py,11,3,0,0,0
pgcli,C:\Users\Zhifei Chen\Desktop\pysmell\subjects_for_metrics\pgcli\tests\test_naive_completion.py,16,6,0,0,0
pgcli,C:\Users\Zhifei Chen\Desktop\pysmell\subjects_for_metrics\pgcli\tests\test_naive_completion.py,24,6,0,0,0
pgcli,C:\Users\Zhifei Chen\Desktop\pysmell\subjects_for_metrics\pgcli\tests\test_naive_completion.py,32,8,0,0,0
pgcli,C:\Users\Zhifei Chen\Desktop\pysmell\subjects_for_metrics\pgcli\tests\test_naive_completion.py,42,6,0,0,0
pgcli,C:\Users\Zhifei Chen\Desktop\pysmell\subjects_for_metrics\pgcli\tests\test_parseutils.py,5,2,0,0,0
pgcli,C:\Users\Zhifei Chen\Desktop\pysmell\subjects_for_metrics\pgcli\tests\test_parseutils.py,9,2,0,0,0
pgcli,C:\Users\Zhifei Chen\Desktop\pysmell\subjects_for_metrics\pgcli\tests\test_parseutils.py,13,2,0,0,0
pgcli,C:\Users\Zhifei Chen\Desktop\pysmell\subjects_for_metrics\pgcli\tests\test_parseutils.py,17,2,0,0,0
pgcli,C:\Users\Zhifei Chen\Desktop\pysmell\subjects_for_metrics\pgcli\tests\test_parseutils.py,21,3,0,0,0
pgcli,C:\Users\Zhifei Chen\Desktop\pysmell\subjects_for_metrics\pgcli\tests\test_parseutils.py,26,3,0,0,0
pgcli,C:\Users\Zhifei Chen\Desktop\pysmell\subjects_for_metrics\pgcli\tests\test_parseutils.py,31,2,0,0,0
pgcli,C:\Users\Zhifei Chen\Desktop\pysmell\subjects_for_metrics\pgcli\tests\test_parseutils.py,35,3,0,0,0
pgcli,C:\Users\Zhifei Chen\Desktop\pysmell\subjects_for_metrics\pgcli\tests\test_parseutils.py,40,3,0,0,0
pgcli,C:\Users\Zhifei Chen\Desktop\pysmell\subjects_for_metrics\pgcli\tests\test_parseutils.py,45,2,0,0,0
pgcli,C:\Users\Zhifei Chen\Desktop\pysmell\subjects_for_metrics\pgcli\tests\test_parseutils.py,49,2,0,0,0
pgcli,C:\Users\Zhifei Chen\Desktop\pysmell\subjects_for_metrics\pgcli\tests\test_parseutils.py,53,3,0,0,0
pgcli,C:\Users\Zhifei Chen\Desktop\pysmell\subjects_for_metrics\pgcli\tests\test_parseutils.py,58,3,0,0,0
pgcli,C:\Users\Zhifei Chen\Desktop\pysmell\subjects_for_metrics\pgcli\tests\test_parseutils.py,63,2,0,0,0
pgcli,C:\Users\Zhifei Chen\Desktop\pysmell\subjects_for_metrics\pgcli\tests\test_parseutils.py,67,3,0,0,0
pgcli,C:\Users\Zhifei Chen\Desktop\pysmell\subjects_for_metrics\pgcli\tests\test_parseutils.py,72,3,0,0,0
pgcli,C:\Users\Zhifei Chen\Desktop\pysmell\subjects_for_metrics\pgcli\tests\test_parseutils.py,77,2,0,0,0
pgcli,C:\Users\Zhifei Chen\Desktop\pysmell\subjects_for_metrics\pgcli\tests\test_parseutils.py,86,3,0,0,0
pgcli,C:\Users\Zhifei Chen\Desktop\pysmell\subjects_for_metrics\pgcli\tests\test_parseutils.py,91,2,0,0,0
pgcli,C:\Users\Zhifei Chen\Desktop\pysmell\subjects_for_metrics\pgcli\tests\test_parseutils.py,95,2,0,0,0
pgcli,C:\Users\Zhifei Chen\Desktop\pysmell\subjects_for_metrics\pgcli\tests\test_parseutils.py,99,5,0,0,0
pgcli,C:\Users\Zhifei Chen\Desktop\pysmell\subjects_for_metrics\pgcli\tests\test_parseutils.py,106,3,0,0,0
pgcli,C:\Users\Zhifei Chen\Desktop\pysmell\subjects_for_metrics\pgcli\tests\test_parseutils.py,111,2,0,0,0
pgcli,C:\Users\Zhifei Chen\Desktop\pysmell\subjects_for_metrics\pgcli\tests\test_parseutils.py,116,3,0,0,0
pgcli,C:\Users\Zhifei Chen\Desktop\pysmell\subjects_for_metrics\pgcli\tests\test_parseutils.py,122,3,0,0,0
pgcli,C:\Users\Zhifei Chen\Desktop\pysmell\subjects_for_metrics\pgcli\tests\test_parseutils.py,127,3,0,0,0
pgcli,C:\Users\Zhifei Chen\Desktop\pysmell\subjects_for_metrics\pgcli\tests\test_parseutils.py,133,3,0,0,0
pgcli,C:\Users\Zhifei Chen\Desktop\pysmell\subjects_for_metrics\pgcli\tests\test_parseutils.py,138,4,0,0,0
pgcli,C:\Users\Zhifei Chen\Desktop\pysmell\subjects_for_metrics\pgcli\tests\test_parseutils.py,146,3,0,0,0
pgcli,C:\Users\Zhifei Chen\Desktop\pysmell\subjects_for_metrics\pgcli\tests\test_parseutils.py,151,6,0,0,0
pgcli,C:\Users\Zhifei Chen\Desktop\pysmell\subjects_for_metrics\pgcli\tests\test_parseutils.py,161,5,0,0,0
pgcli,C:\Users\Zhifei Chen\Desktop\pysmell\subjects_for_metrics\pgcli\tests\test_parseutils.py,170,9,0,0,0
pgcli,C:\Users\Zhifei Chen\Desktop\pysmell\subjects_for_metrics\pgcli\tests\test_parseutils.py,183,11,0,0,0
pgcli,C:\Users\Zhifei Chen\Desktop\pysmell\subjects_for_metrics\pgcli\tests\test_pgexecute.py,12,4,0,0,0
pgcli,C:\Users\Zhifei Chen\Desktop\pysmell\subjects_for_metrics\pgcli\tests\test_pgexecute.py,24,4,0,0,0
pgcli,C:\Users\Zhifei Chen\Desktop\pysmell\subjects_for_metrics\pgcli\tests\test_pgexecute.py,36,18,0,0,0
pgcli,C:\Users\Zhifei Chen\Desktop\pysmell\subjects_for_metrics\pgcli\tests\test_pgexecute.py,67,18,0,0,0
pgcli,C:\Users\Zhifei Chen\Desktop\pysmell\subjects_for_metrics\pgcli\tests\test_pgexecute.py,95,3,0,0,0
pgcli,C:\Users\Zhifei Chen\Desktop\pysmell\subjects_for_metrics\pgcli\tests\test_pgexecute.py,102,3,0,0,0
pgcli,C:\Users\Zhifei Chen\Desktop\pysmell\subjects_for_metrics\pgcli\tests\test_pgexecute.py,107,3,0,0,0
pgcli,C:\Users\Zhifei Chen\Desktop\pysmell\subjects_for_metrics\pgcli\tests\test_pgexecute.py,112,3,0,0,0
pgcli,C:\Users\Zhifei Chen\Desktop\pysmell\subjects_for_metrics\pgcli\tests\test_pgexecute.py,118,2,0,0,0
pgcli,C:\Users\Zhifei Chen\Desktop\pysmell\subjects_for_metrics\pgcli\tests\test_pgexecute.py,123,3,0,0,0
pgcli,C:\Users\Zhifei Chen\Desktop\pysmell\subjects_for_metrics\pgcli\tests\test_pgexecute.py,133,5,0,0,0
pgcli,C:\Users\Zhifei Chen\Desktop\pysmell\subjects_for_metrics\pgcli\tests\test_pgexecute.py,140,5,0,0,0
pgcli,C:\Users\Zhifei Chen\Desktop\pysmell\subjects_for_metrics\pgcli\tests\test_pgexecute.py,148,4,0,0,0
pgcli,C:\Users\Zhifei Chen\Desktop\pysmell\subjects_for_metrics\pgcli\tests\test_pgexecute.py,155,2,0,0,0
pgcli,C:\Users\Zhifei Chen\Desktop\pysmell\subjects_for_metrics\pgcli\tests\test_pgexecute.py,160,4,0,0,0
pgcli,C:\Users\Zhifei Chen\Desktop\pysmell\subjects_for_metrics\pgcli\tests\test_pgexecute.py,167,4,0,0,0
pgcli,C:\Users\Zhifei Chen\Desktop\pysmell\subjects_for_metrics\pgcli\tests\test_pgexecute.py,176,2,0,0,0
pgcli,C:\Users\Zhifei Chen\Desktop\pysmell\subjects_for_metrics\pgcli\tests\test_pgexecute.py,181,4,0,0,0
pgcli,C:\Users\Zhifei Chen\Desktop\pysmell\subjects_for_metrics\pgcli\tests\test_pgexecute.py,191,4,0,0,0
pgcli,C:\Users\Zhifei Chen\Desktop\pysmell\subjects_for_metrics\pgcli\tests\test_pgexecute.py,201,5,0,0,0
pgcli,C:\Users\Zhifei Chen\Desktop\pysmell\subjects_for_metrics\pgcli\tests\test_pgexecute.py,211,6,0,0,0
pgcli,C:\Users\Zhifei Chen\Desktop\pysmell\subjects_for_metrics\pgcli\tests\test_pgexecute.py,222,6,0,0,0
pgcli,C:\Users\Zhifei Chen\Desktop\pysmell\subjects_for_metrics\pgcli\tests\test_pgexecute.py,232,4,0,0,0
pgcli,C:\Users\Zhifei Chen\Desktop\pysmell\subjects_for_metrics\pgcli\tests\test_pgexecute.py,239,4,0,0,0
pgcli,C:\Users\Zhifei Chen\Desktop\pysmell\subjects_for_metrics\pgcli\tests\test_pgspecial.py,5,3,0,0,0
pgcli,C:\Users\Zhifei Chen\Desktop\pysmell\subjects_for_metrics\pgcli\tests\test_pgspecial.py,10,3,0,0,0
pgcli,C:\Users\Zhifei Chen\Desktop\pysmell\subjects_for_metrics\pgcli\tests\test_pgspecial.py,15,4,0,0,0
pgcli,C:\Users\Zhifei Chen\Desktop\pysmell\subjects_for_metrics\pgcli\tests\test_pgspecial.py,22,10,0,0,0
pgcli,C:\Users\Zhifei Chen\Desktop\pysmell\subjects_for_metrics\pgcli\tests\test_pgspecial.py,35,6,0,0,0
pgcli,C:\Users\Zhifei Chen\Desktop\pysmell\subjects_for_metrics\pgcli\tests\test_pgspecial.py,44,5,0,0,0
pgcli,C:\Users\Zhifei Chen\Desktop\pysmell\subjects_for_metrics\pgcli\tests\test_pgspecial.py,52,4,0,0,0
pgcli,C:\Users\Zhifei Chen\Desktop\pysmell\subjects_for_metrics\pgcli\tests\test_pgspecial.py,59,5,0,0,0
pgcli,C:\Users\Zhifei Chen\Desktop\pysmell\subjects_for_metrics\pgcli\tests\test_pgspecial.py,67,4,0,0,0
pgcli,C:\Users\Zhifei Chen\Desktop\pysmell\subjects_for_metrics\pgcli\tests\test_pgspecial.py,74,3,0,0,0
pgcli,C:\Users\Zhifei Chen\Desktop\pysmell\subjects_for_metrics\pgcli\tests\test_smart_completion_multiple_schemata.py,35,18,0,0,0
pgcli,C:\Users\Zhifei Chen\Desktop\pysmell\subjects_for_metrics\pgcli\tests\test_smart_completion_multiple_schemata.py,67,3,0,0,0
pgcli,C:\Users\Zhifei Chen\Desktop\pysmell\subjects_for_metrics\pgcli\tests\test_smart_completion_multiple_schemata.py,72,10,0,0,0
pgcli,C:\Users\Zhifei Chen\Desktop\pysmell\subjects_for_metrics\pgcli\tests\test_smart_completion_multiple_schemata.py,84,15,0,0,0
pgcli,C:\Users\Zhifei Chen\Desktop\pysmell\subjects_for_metrics\pgcli\tests\test_smart_completion_multiple_schemata.py,109,13,0,0,0
pgcli,C:\Users\Zhifei Chen\Desktop\pysmell\subjects_for_metrics\pgcli\tests\test_smart_completion_multiple_schemata.py,125,13,0,0,0
pgcli,C:\Users\Zhifei Chen\Desktop\pysmell\subjects_for_metrics\pgcli\tests\test_smart_completion_multiple_schemata.py,147,10,0,0,0
pgcli,C:\Users\Zhifei Chen\Desktop\pysmell\subjects_for_metrics\pgcli\tests\test_smart_completion_multiple_schemata.py,166,9,0,0,0
pgcli,C:\Users\Zhifei Chen\Desktop\pysmell\subjects_for_metrics\pgcli\tests\test_smart_completion_multiple_schemata.py,177,10,0,0,0
pgcli,C:\Users\Zhifei Chen\Desktop\pysmell\subjects_for_metrics\pgcli\tests\test_smart_completion_multiple_schemata.py,195,14,0,0,0
pgcli,C:\Users\Zhifei Chen\Desktop\pysmell\subjects_for_metrics\pgcli\tests\test_smart_completion_multiple_schemata.py,219,10,0,0,0
pgcli,C:\Users\Zhifei Chen\Desktop\pysmell\subjects_for_metrics\pgcli\tests\test_smart_completion_multiple_schemata.py,238,8,0,0,0
pgcli,C:\Users\Zhifei Chen\Desktop\pysmell\subjects_for_metrics\pgcli\tests\test_smart_completion_multiple_schemata.py,248,8,0,0,0
pgcli,C:\Users\Zhifei Chen\Desktop\pysmell\subjects_for_metrics\pgcli\tests\test_smart_completion_multiple_schemata.py,258,11,0,0,0
pgcli,C:\Users\Zhifei Chen\Desktop\pysmell\subjects_for_metrics\pgcli\tests\test_smart_completion_multiple_schemata.py,272,7,0,0,0
pgcli,C:\Users\Zhifei Chen\Desktop\pysmell\subjects_for_metrics\pgcli\tests\test_smart_completion_multiple_schemata.py,282,14,0,0,0
pgcli,C:\Users\Zhifei Chen\Desktop\pysmell\subjects_for_metrics\pgcli\tests\test_smart_completion_multiple_schemata.py,301,6,0,0,0
pgcli,C:\Users\Zhifei Chen\Desktop\pysmell\subjects_for_metrics\pgcli\tests\test_smart_completion_public_schema_only.py,22,23,0,0,0
pgcli,C:\Users\Zhifei Chen\Desktop\pysmell\subjects_for_metrics\pgcli\tests\test_smart_completion_public_schema_only.py,62,3,0,0,0
pgcli,C:\Users\Zhifei Chen\Desktop\pysmell\subjects_for_metrics\pgcli\tests\test_smart_completion_public_schema_only.py,67,8,0,0,0
pgcli,C:\Users\Zhifei Chen\Desktop\pysmell\subjects_for_metrics\pgcli\tests\test_smart_completion_public_schema_only.py,77,6,0,0,0
pgcli,C:\Users\Zhifei Chen\Desktop\pysmell\subjects_for_metrics\pgcli\tests\test_smart_completion_public_schema_only.py,87,11,0,0,0
pgcli,C:\Users\Zhifei Chen\Desktop\pysmell\subjects_for_metrics\pgcli\tests\test_smart_completion_public_schema_only.py,101,6,0,0,0
pgcli,C:\Users\Zhifei Chen\Desktop\pysmell\subjects_for_metrics\pgcli\tests\test_smart_completion_public_schema_only.py,111,5,0,0,0
pgcli,C:\Users\Zhifei Chen\Desktop\pysmell\subjects_for_metrics\pgcli\tests\test_smart_completion_public_schema_only.py,122,8,0,0,0
pgcli,C:\Users\Zhifei Chen\Desktop\pysmell\subjects_for_metrics\pgcli\tests\test_smart_completion_public_schema_only.py,134,7,0,0,0
pgcli,C:\Users\Zhifei Chen\Desktop\pysmell\subjects_for_metrics\pgcli\tests\test_smart_completion_public_schema_only.py,145,16,0,0,0
pgcli,C:\Users\Zhifei Chen\Desktop\pysmell\subjects_for_metrics\pgcli\tests\test_smart_completion_public_schema_only.py,171,11,0,0,0
pgcli,C:\Users\Zhifei Chen\Desktop\pysmell\subjects_for_metrics\pgcli\tests\test_smart_completion_public_schema_only.py,191,11,0,0,0
pgcli,C:\Users\Zhifei Chen\Desktop\pysmell\subjects_for_metrics\pgcli\tests\test_smart_completion_public_schema_only.py,210,11,0,0,0
pgcli,C:\Users\Zhifei Chen\Desktop\pysmell\subjects_for_metrics\pgcli\tests\test_smart_completion_public_schema_only.py,229,16,0,0,0
pgcli,C:\Users\Zhifei Chen\Desktop\pysmell\subjects_for_metrics\pgcli\tests\test_smart_completion_public_schema_only.py,255,11,0,0,0
pgcli,C:\Users\Zhifei Chen\Desktop\pysmell\subjects_for_metrics\pgcli\tests\test_smart_completion_public_schema_only.py,275,11,0,0,0
pgcli,C:\Users\Zhifei Chen\Desktop\pysmell\subjects_for_metrics\pgcli\tests\test_smart_completion_public_schema_only.py,295,8,0,0,0
pgcli,C:\Users\Zhifei Chen\Desktop\pysmell\subjects_for_metrics\pgcli\tests\test_smart_completion_public_schema_only.py,305,8,0,0,0
pgcli,C:\Users\Zhifei Chen\Desktop\pysmell\subjects_for_metrics\pgcli\tests\test_smart_completion_public_schema_only.py,315,8,0,0,0
pgcli,C:\Users\Zhifei Chen\Desktop\pysmell\subjects_for_metrics\pgcli\tests\test_smart_completion_public_schema_only.py,325,8,0,0,0
pgcli,C:\Users\Zhifei Chen\Desktop\pysmell\subjects_for_metrics\pgcli\tests\test_smart_completion_public_schema_only.py,335,7,0,0,0
pgcli,C:\Users\Zhifei Chen\Desktop\pysmell\subjects_for_metrics\pgcli\tests\test_smart_completion_public_schema_only.py,345,7,0,0,0
pgcli,C:\Users\Zhifei Chen\Desktop\pysmell\subjects_for_metrics\pgcli\tests\test_smart_completion_public_schema_only.py,355,12,0,0,0
pgcli,C:\Users\Zhifei Chen\Desktop\pysmell\subjects_for_metrics\pgcli\tests\test_smart_completion_public_schema_only.py,370,15,0,0,0
pgcli,C:\Users\Zhifei Chen\Desktop\pysmell\subjects_for_metrics\pgcli\tests\test_smart_completion_public_schema_only.py,389,16,0,0,0
pgcli,C:\Users\Zhifei Chen\Desktop\pysmell\subjects_for_metrics\pgcli\tests\test_smart_completion_public_schema_only.py,409,9,0,0,0
pgcli,C:\Users\Zhifei Chen\Desktop\pysmell\subjects_for_metrics\pgcli\tests\test_smart_completion_public_schema_only.py,422,12,0,0,0
pgcli,C:\Users\Zhifei Chen\Desktop\pysmell\subjects_for_metrics\pgcli\tests\test_smart_completion_public_schema_only.py,437,7,0,0,0
pgcli,C:\Users\Zhifei Chen\Desktop\pysmell\subjects_for_metrics\pgcli\tests\test_smart_completion_public_schema_only.py,447,8,0,0,0
pgcli,C:\Users\Zhifei Chen\Desktop\pysmell\subjects_for_metrics\pgcli\tests\test_smart_completion_public_schema_only.py,458,8,0,0,0
pgcli,C:\Users\Zhifei Chen\Desktop\pysmell\subjects_for_metrics\pgcli\tests\test_smart_completion_public_schema_only.py,469,8,0,0,0
pgcli,C:\Users\Zhifei Chen\Desktop\pysmell\subjects_for_metrics\pgcli\tests\test_sqlcompletion.py,5,1,0,0,0
pgcli,C:\Users\Zhifei Chen\Desktop\pysmell\subjects_for_metrics\pgcli\tests\test_sqlcompletion.py,10,5,0,0,0
pgcli,C:\Users\Zhifei Chen\Desktop\pysmell\subjects_for_metrics\pgcli\tests\test_sqlcompletion.py,19,5,0,0,0
pgcli,C:\Users\Zhifei Chen\Desktop\pysmell\subjects_for_metrics\pgcli\tests\test_sqlcompletion.py,28,16,0,0,0
pgcli,C:\Users\Zhifei Chen\Desktop\pysmell\subjects_for_metrics\pgcli\tests\test_sqlcompletion.py,49,8,0,0,0
pgcli,C:\Users\Zhifei Chen\Desktop\pysmell\subjects_for_metrics\pgcli\tests\test_sqlcompletion.py,62,6,0,0,0
pgcli,C:\Users\Zhifei Chen\Desktop\pysmell\subjects_for_metrics\pgcli\tests\test_sqlcompletion.py,71,3,0,0,0
pgcli,C:\Users\Zhifei Chen\Desktop\pysmell\subjects_for_metrics\pgcli\tests\test_sqlcompletion.py,77,5,0,0,0
pgcli,C:\Users\Zhifei Chen\Desktop\pysmell\subjects_for_metrics\pgcli\tests\test_sqlcompletion.py,86,10,0,0,0
pgcli,C:\Users\Zhifei Chen\Desktop\pysmell\subjects_for_metrics\pgcli\tests\test_sqlcompletion.py,101,9,0,0,0
pgcli,C:\Users\Zhifei Chen\Desktop\pysmell\subjects_for_metrics\pgcli\tests\test_sqlcompletion.py,115,9,0,0,0
pgcli,C:\Users\Zhifei Chen\Desktop\pysmell\subjects_for_metrics\pgcli\tests\test_sqlcompletion.py,129,8,0,0,0
pgcli,C:\Users\Zhifei Chen\Desktop\pysmell\subjects_for_metrics\pgcli\tests\test_sqlcompletion.py,142,4,0,0,0
pgcli,C:\Users\Zhifei Chen\Desktop\pysmell\subjects_for_metrics\pgcli\tests\test_sqlcompletion.py,149,3,0,0,0
pgcli,C:\Users\Zhifei Chen\Desktop\pysmell\subjects_for_metrics\pgcli\tests\test_sqlcompletion.py,155,2,0,0,0
pgcli,C:\Users\Zhifei Chen\Desktop\pysmell\subjects_for_metrics\pgcli\tests\test_sqlcompletion.py,160,5,0,0,0
pgcli,C:\Users\Zhifei Chen\Desktop\pysmell\subjects_for_metrics\pgcli\tests\test_sqlcompletion.py,169,7,0,0,0
pgcli,C:\Users\Zhifei Chen\Desktop\pysmell\subjects_for_metrics\pgcli\tests\test_sqlcompletion.py,179,5,0,0,0
pgcli,C:\Users\Zhifei Chen\Desktop\pysmell\subjects_for_metrics\pgcli\tests\test_sqlcompletion.py,187,3,0,0,0
pgcli,C:\Users\Zhifei Chen\Desktop\pysmell\subjects_for_metrics\pgcli\tests\test_sqlcompletion.py,193,3,0,0,0
pgcli,C:\Users\Zhifei Chen\Desktop\pysmell\subjects_for_metrics\pgcli\tests\test_sqlcompletion.py,199,3,0,0,0
pgcli,C:\Users\Zhifei Chen\Desktop\pysmell\subjects_for_metrics\pgcli\tests\test_sqlcompletion.py,205,6,0,0,0
pgcli,C:\Users\Zhifei Chen\Desktop\pysmell\subjects_for_metrics\pgcli\tests\test_sqlcompletion.py,215,6,0,0,0
pgcli,C:\Users\Zhifei Chen\Desktop\pysmell\subjects_for_metrics\pgcli\tests\test_sqlcompletion.py,224,11,0,0,0
pgcli,C:\Users\Zhifei Chen\Desktop\pysmell\subjects_for_metrics\pgcli\tests\test_sqlcompletion.py,239,11,0,0,0
pgcli,C:\Users\Zhifei Chen\Desktop\pysmell\subjects_for_metrics\pgcli\tests\test_sqlcompletion.py,254,7,0,0,0
pgcli,C:\Users\Zhifei Chen\Desktop\pysmell\subjects_for_metrics\pgcli\tests\test_sqlcompletion.py,264,6,0,0,0
pgcli,C:\Users\Zhifei Chen\Desktop\pysmell\subjects_for_metrics\pgcli\tests\test_sqlcompletion.py,274,6,0,0,0
pgcli,C:\Users\Zhifei Chen\Desktop\pysmell\subjects_for_metrics\pgcli\tests\test_sqlcompletion.py,284,7,0,0,0
pgcli,C:\Users\Zhifei Chen\Desktop\pysmell\subjects_for_metrics\pgcli\tests\test_sqlcompletion.py,294,10,0,0,0
pgcli,C:\Users\Zhifei Chen\Desktop\pysmell\subjects_for_metrics\pgcli\tests\test_sqlcompletion.py,308,6,0,0,0
pgcli,C:\Users\Zhifei Chen\Desktop\pysmell\subjects_for_metrics\pgcli\tests\test_sqlcompletion.py,318,7,0,0,0
pgcli,C:\Users\Zhifei Chen\Desktop\pysmell\subjects_for_metrics\pgcli\tests\test_sqlcompletion.py,329,7,0,0,0
pgcli,C:\Users\Zhifei Chen\Desktop\pysmell\subjects_for_metrics\pgcli\tests\test_sqlcompletion.py,339,9,0,0,0
pgcli,C:\Users\Zhifei Chen\Desktop\pysmell\subjects_for_metrics\pgcli\tests\test_sqlcompletion.py,351,7,0,0,0
pgcli,C:\Users\Zhifei Chen\Desktop\pysmell\subjects_for_metrics\pgcli\tests\test_sqlcompletion.py,361,9,0,0,0
pgcli,C:\Users\Zhifei Chen\Desktop\pysmell\subjects_for_metrics\pgcli\tests\test_sqlcompletion.py,374,9,0,0,0
pgcli,C:\Users\Zhifei Chen\Desktop\pysmell\subjects_for_metrics\pgcli\tests\test_sqlcompletion.py,387,5,0,0,0
pgcli,C:\Users\Zhifei Chen\Desktop\pysmell\subjects_for_metrics\pgcli\tests\test_sqlcompletion.py,396,5,0,0,0
pgcli,C:\Users\Zhifei Chen\Desktop\pysmell\subjects_for_metrics\pgcli\tests\test_sqlcompletion.py,405,5,0,0,0
pgcli,C:\Users\Zhifei Chen\Desktop\pysmell\subjects_for_metrics\pgcli\tests\test_sqlcompletion.py,414,5,0,0,0
pgcli,C:\Users\Zhifei Chen\Desktop\pysmell\subjects_for_metrics\pgcli\tests\test_sqlcompletion.py,423,6,0,0,0
pgcli,C:\Users\Zhifei Chen\Desktop\pysmell\subjects_for_metrics\pgcli\tests\test_sqlcompletion.py,432,20,0,0,0
pgcli,C:\Users\Zhifei Chen\Desktop\pysmell\subjects_for_metrics\pgcli\tests\test_sqlcompletion.py,459,13,0,0,0
pgcli,C:\Users\Zhifei Chen\Desktop\pysmell\subjects_for_metrics\pgcli\tests\test_sqlcompletion.py,477,13,0,0,0
pgcli,C:\Users\Zhifei Chen\Desktop\pysmell\subjects_for_metrics\pgcli\tests\test_sqlcompletion.py,495,3,0,0,0
pgcli,C:\Users\Zhifei Chen\Desktop\pysmell\subjects_for_metrics\pgcli\tests\test_sqlcompletion.py,502,4,0,0,0
pgcli,C:\Users\Zhifei Chen\Desktop\pysmell\subjects_for_metrics\pgcli\tests\test_sqlcompletion.py,510,3,0,0,0
pgcli,C:\Users\Zhifei Chen\Desktop\pysmell\subjects_for_metrics\pgcli\tests\test_sqlcompletion.py,516,3,0,0,0
pgcli,C:\Users\Zhifei Chen\Desktop\pysmell\subjects_for_metrics\pgcli\tests\test_sqlcompletion.py,523,2,0,0,0
pgcli,C:\Users\Zhifei Chen\Desktop\pysmell\subjects_for_metrics\pgcli\tests\test_sqlcompletion.py,528,8,0,0,0
pgcli,C:\Users\Zhifei Chen\Desktop\pysmell\subjects_for_metrics\pgcli\tests\test_sqlcompletion.py,540,7,0,0,0
pgcli,C:\Users\Zhifei Chen\Desktop\pysmell\subjects_for_metrics\pgcli\tests\test_sqlcompletion.py,551,5,0,0,0
pgcli,C:\Users\Zhifei Chen\Desktop\pysmell\subjects_for_metrics\pgcli\tests\test_sqlcompletion.py,559,14,0,0,0
pgcli,C:\Users\Zhifei Chen\Desktop\pysmell\subjects_for_metrics\pgcli\tests\test_sqlcompletion.py,579,10,0,0,0
pgcli,C:\Users\Zhifei Chen\Desktop\pysmell\subjects_for_metrics\pgcli\tests\test_sqlcompletion.py,593,3,0,0,0
pgcli,C:\Users\Zhifei Chen\Desktop\pysmell\subjects_for_metrics\pgcli\tests\test_sqlcompletion.py,599,8,0,0,0
pgcli,C:\Users\Zhifei Chen\Desktop\pysmell\subjects_for_metrics\pgcli\tests\test_sqlcompletion.py,612,13,0,0,0
pgcli,C:\Users\Zhifei Chen\Desktop\pysmell\subjects_for_metrics\pgcli\tests\test_sqlcompletion.py,631,5,0,0,0
pgcli,C:\Users\Zhifei Chen\Desktop\pysmell\subjects_for_metrics\pgcli\tests\utils.py,11,3,0,0,0
pgcli,C:\Users\Zhifei Chen\Desktop\pysmell\subjects_for_metrics\pgcli\tests\utils.py,44,5,0,0,0
pgcli,C:\Users\Zhifei Chen\Desktop\pysmell\subjects_for_metrics\pgcli\tests\utils.py,52,3,0,0,0
pgcli,C:\Users\Zhifei Chen\Desktop\pysmell\subjects_for_metrics\pgcli\tests\utils.py,61,6,0,0,0
pgcli,C:\Users\Zhifei Chen\Desktop\pysmell\subjects_for_metrics\pgcli\tests\features\db_utils.py,9,8,0,0,0
pgcli,C:\Users\Zhifei Chen\Desktop\pysmell\subjects_for_metrics\pgcli\tests\features\db_utils.py,35,5,0,0,0
pgcli,C:\Users\Zhifei Chen\Desktop\pysmell\subjects_for_metrics\pgcli\tests\features\db_utils.py,54,5,0,0,0
pgcli,C:\Users\Zhifei Chen\Desktop\pysmell\subjects_for_metrics\pgcli\tests\features\db_utils.py,75,3,0,0,0
pgcli,C:\Users\Zhifei Chen\Desktop\pysmell\subjects_for_metrics\pgcli\tests\features\environment.py,12,33,1,1,0
pgcli,C:\Users\Zhifei Chen\Desktop\pysmell\subjects_for_metrics\pgcli\tests\features\environment.py,65,8,0,0,0
pgcli,C:\Users\Zhifei Chen\Desktop\pysmell\subjects_for_metrics\pgcli\tests\features\environment.py,81,2,0,0,0
pgcli,C:\Users\Zhifei Chen\Desktop\pysmell\subjects_for_metrics\pgcli\tests\features\fixture_utils.py,9,4,0,0,0
pgcli,C:\Users\Zhifei Chen\Desktop\pysmell\subjects_for_metrics\pgcli\tests\features\fixture_utils.py,21,8,0,0,0
pgcli,C:\Users\Zhifei Chen\Desktop\pysmell\subjects_for_metrics\pgcli\tests\features\steps\step_definitions.py,17,3,0,0,0
pgcli,C:\Users\Zhifei Chen\Desktop\pysmell\subjects_for_metrics\pgcli\tests\features\steps\step_definitions.py,26,3,0,0,0
pgcli,C:\Users\Zhifei Chen\Desktop\pysmell\subjects_for_metrics\pgcli\tests\features\steps\step_definitions.py,35,2,0,0,0
pgcli,C:\Users\Zhifei Chen\Desktop\pysmell\subjects_for_metrics\pgcli\tests\features\steps\step_definitions.py,43,3,0,0,0
pgcli,C:\Users\Zhifei Chen\Desktop\pysmell\subjects_for_metrics\pgcli\tests\features\steps\step_definitions.py,52,2,0,0,0
pgcli,C:\Users\Zhifei Chen\Desktop\pysmell\subjects_for_metrics\pgcli\tests\features\steps\step_definitions.py,60,5,0,0,0
pgcli,C:\Users\Zhifei Chen\Desktop\pysmell\subjects_for_metrics\pgcli\tests\features\steps\step_definitions.py,73,3,0,0,0
pgcli,C:\Users\Zhifei Chen\Desktop\pysmell\subjects_for_metrics\pgcli\tests\features\steps\step_definitions.py,82,2,0,0,0
pgcli,C:\Users\Zhifei Chen\Desktop\pysmell\subjects_for_metrics\pgcli\tests\features\steps\step_definitions.py,90,2,0,0,0
pgcli,C:\Users\Zhifei Chen\Desktop\pysmell\subjects_for_metrics\pgcli\tests\features\steps\step_definitions.py,98,2,0,0,0
pgcli,C:\Users\Zhifei Chen\Desktop\pysmell\subjects_for_metrics\pgcli\tests\features\steps\step_definitions.py,106,2,0,0,0
pgcli,C:\Users\Zhifei Chen\Desktop\pysmell\subjects_for_metrics\pgcli\tests\features\steps\step_definitions.py,114,2,0,0,0
pgcli,C:\Users\Zhifei Chen\Desktop\pysmell\subjects_for_metrics\pgcli\tests\features\steps\step_definitions.py,122,2,0,0,0
pgcli,C:\Users\Zhifei Chen\Desktop\pysmell\subjects_for_metrics\pgcli\tests\features\steps\step_definitions.py,130,3,0,0,0
pgcli,C:\Users\Zhifei Chen\Desktop\pysmell\subjects_for_metrics\pgcli\tests\features\steps\step_definitions.py,139,6,0,0,0
pgcli,C:\Users\Zhifei Chen\Desktop\pysmell\subjects_for_metrics\pgcli\tests\features\steps\step_definitions.py,151,3,0,0,0
pgcli,C:\Users\Zhifei Chen\Desktop\pysmell\subjects_for_metrics\pgcli\tests\features\steps\step_definitions.py,160,1,0,0,0
pgcli,C:\Users\Zhifei Chen\Desktop\pysmell\subjects_for_metrics\pgcli\tests\features\steps\step_definitions.py,165,4,0,0,0
pgcli,C:\Users\Zhifei Chen\Desktop\pysmell\subjects_for_metrics\pgcli\tests\features\steps\step_definitions.py,175,2,0,0,0
pgcli,C:\Users\Zhifei Chen\Desktop\pysmell\subjects_for_metrics\pgcli\tests\features\steps\step_definitions.py,183,2,0,0,0
pgcli,C:\Users\Zhifei Chen\Desktop\pysmell\subjects_for_metrics\pgcli\tests\features\steps\step_definitions.py,191,2,0,0,0
pgcli,C:\Users\Zhifei Chen\Desktop\pysmell\subjects_for_metrics\pgcli\tests\features\steps\step_definitions.py,199,2,0,0,0
pgcli,C:\Users\Zhifei Chen\Desktop\pysmell\subjects_for_metrics\pgcli\tests\features\steps\step_definitions.py,207,3,0,0,0
pgcli,C:\Users\Zhifei Chen\Desktop\pysmell\subjects_for_metrics\pgcli\tests\features\steps\step_definitions.py,213,2,0,0,0
pgcli,C:\Users\Zhifei Chen\Desktop\pysmell\subjects_for_metrics\pgcli\tests\features\steps\step_definitions.py,221,2,0,0,0
pgcli,C:\Users\Zhifei Chen\Desktop\pysmell\subjects_for_metrics\pgcli\tests\features\steps\step_definitions.py,229,2,0,0,0
pgcli,C:\Users\Zhifei Chen\Desktop\pysmell\subjects_for_metrics\pgcli\tests\features\steps\step_definitions.py,237,2,0,0,0
pgcli,C:\Users\Zhifei Chen\Desktop\pysmell\subjects_for_metrics\pgcli\tests\features\steps\step_definitions.py,245,2,0,0,0
pgcli,C:\Users\Zhifei Chen\Desktop\pysmell\subjects_for_metrics\pgcli\tests\features\steps\step_definitions.py,253,2,0,0,0
pgcli,C:\Users\Zhifei Chen\Desktop\pysmell\subjects_for_metrics\pgcli\tests\features\steps\step_definitions.py,261,3,0,0,0
pgcli,C:\Users\Zhifei Chen\Desktop\pysmell\subjects_for_metrics\pgcli\tests\features\steps\step_definitions.py,270,2,0,0,0
pgcli,C:\Users\Zhifei Chen\Desktop\pysmell\subjects_for_metrics\pgcli\tests\features\steps\step_definitions.py,278,2,0,0,0
pgcli,C:\Users\Zhifei Chen\Desktop\pysmell\subjects_for_metrics\pgcli\tests\features\steps\step_definitions.py,286,2,0,0,0
pgcli,C:\Users\Zhifei Chen\Desktop\pysmell\subjects_for_metrics\pgcli\tests\features\steps\step_definitions.py,294,7,0,0,0
