subject,file,lineno,NOC,NOFF,NOO,experience-based,statistics-based,tuning machine
sqlmap,C:\Users\Zhifei Chen\Desktop\pysmell\subjects_for_metrics\sqlmap\extra\safe2bin\safe2bin.py,47,31,1,5,0,0,0
sqlmap,C:\Users\Zhifei Chen\Desktop\pysmell\subjects_for_metrics\sqlmap\extra\shutils\pylint.py,41,39,1,7,0,0,0
sqlmap,C:\Users\Zhifei Chen\Desktop\pysmell\subjects_for_metrics\sqlmap\extra\shutils\regressiontest.py,140,36,1,5,0,0,0
sqlmap,C:\Users\Zhifei Chen\Desktop\pysmell\subjects_for_metrics\sqlmap\lib\controller\checks.py,739,103,1,15,1,0,0
sqlmap,C:\Users\Zhifei Chen\Desktop\pysmell\subjects_for_metrics\sqlmap\lib\controller\checks.py,754,20,1,6,0,0,0
sqlmap,C:\Users\Zhifei Chen\Desktop\pysmell\subjects_for_metrics\sqlmap\lib\controller\checks.py,832,100,1,15,1,0,0
sqlmap,C:\Users\Zhifei Chen\Desktop\pysmell\subjects_for_metrics\sqlmap\lib\controller\checks.py,879,47,1,7,0,0,0
sqlmap,C:\Users\Zhifei Chen\Desktop\pysmell\subjects_for_metrics\sqlmap\lib\controller\checks.py,984,45,1,7,0,0,0
sqlmap,C:\Users\Zhifei Chen\Desktop\pysmell\subjects_for_metrics\sqlmap\lib\controller\controller.py,189,34,1,5,0,0,0
sqlmap,C:\Users\Zhifei Chen\Desktop\pysmell\subjects_for_metrics\sqlmap\lib\controller\controller.py,201,73,2,14,1,0,0
sqlmap,C:\Users\Zhifei Chen\Desktop\pysmell\subjects_for_metrics\sqlmap\lib\controller\handler.py,69,75,2,16,1,0,0
sqlmap,C:\Users\Zhifei Chen\Desktop\pysmell\subjects_for_metrics\sqlmap\lib\core\agent.py,462,35,1,3,0,0,0
sqlmap,C:\Users\Zhifei Chen\Desktop\pysmell\subjects_for_metrics\sqlmap\lib\core\agent.py,727,68,2,13,1,0,0
sqlmap,C:\Users\Zhifei Chen\Desktop\pysmell\subjects_for_metrics\sqlmap\lib\core\agent.py,927,14,1,3,0,0,0
sqlmap,C:\Users\Zhifei Chen\Desktop\pysmell\subjects_for_metrics\sqlmap\lib\core\bigarray.py,30,65,1,11,0,0,0
sqlmap,C:\Users\Zhifei Chen\Desktop\pysmell\subjects_for_metrics\sqlmap\lib\core\bigarray.py,32,26,1,5,0,0,0
sqlmap,C:\Users\Zhifei Chen\Desktop\pysmell\subjects_for_metrics\sqlmap\lib\core\common.py,205,17,1,3,0,0,0
sqlmap,C:\Users\Zhifei Chen\Desktop\pysmell\subjects_for_metrics\sqlmap\lib\core\common.py,598,33,1,4,0,0,0
sqlmap,C:\Users\Zhifei Chen\Desktop\pysmell\subjects_for_metrics\sqlmap\lib\core\common.py,656,65,1,7,0,0,0
sqlmap,C:\Users\Zhifei Chen\Desktop\pysmell\subjects_for_metrics\sqlmap\lib\core\common.py,682,29,1,3,0,0,0
sqlmap,C:\Users\Zhifei Chen\Desktop\pysmell\subjects_for_metrics\sqlmap\lib\core\common.py,740,48,1,6,0,0,0
sqlmap,C:\Users\Zhifei Chen\Desktop\pysmell\subjects_for_metrics\sqlmap\lib\core\common.py,789,33,1,5,0,0,0
sqlmap,C:\Users\Zhifei Chen\Desktop\pysmell\subjects_for_metrics\sqlmap\lib\core\common.py,925,49,1,6,0,0,0
sqlmap,C:\Users\Zhifei Chen\Desktop\pysmell\subjects_for_metrics\sqlmap\lib\core\common.py,983,88,2,19,1,0,0
sqlmap,C:\Users\Zhifei Chen\Desktop\pysmell\subjects_for_metrics\sqlmap\lib\core\common.py,997,40,1,8,0,0,0
sqlmap,C:\Users\Zhifei Chen\Desktop\pysmell\subjects_for_metrics\sqlmap\lib\core\common.py,999,54,1,9,0,0,0
sqlmap,C:\Users\Zhifei Chen\Desktop\pysmell\subjects_for_metrics\sqlmap\lib\core\common.py,1001,52,1,9,0,0,0
sqlmap,C:\Users\Zhifei Chen\Desktop\pysmell\subjects_for_metrics\sqlmap\lib\core\common.py,1137,46,1,9,0,0,0
sqlmap,C:\Users\Zhifei Chen\Desktop\pysmell\subjects_for_metrics\sqlmap\lib\core\common.py,1364,26,1,3,0,0,0
sqlmap,C:\Users\Zhifei Chen\Desktop\pysmell\subjects_for_metrics\sqlmap\lib\core\common.py,1625,41,1,8,0,0,0
sqlmap,C:\Users\Zhifei Chen\Desktop\pysmell\subjects_for_metrics\sqlmap\lib\core\common.py,2128,46,1,7,0,0,0
sqlmap,C:\Users\Zhifei Chen\Desktop\pysmell\subjects_for_metrics\sqlmap\lib\core\common.py,2160,56,2,14,0,0,0
sqlmap,C:\Users\Zhifei Chen\Desktop\pysmell\subjects_for_metrics\sqlmap\lib\core\common.py,2160,30,1,7,0,0,0
sqlmap,C:\Users\Zhifei Chen\Desktop\pysmell\subjects_for_metrics\sqlmap\lib\core\common.py,2255,40,1,6,0,0,0
sqlmap,C:\Users\Zhifei Chen\Desktop\pysmell\subjects_for_metrics\sqlmap\lib\core\common.py,2364,25,1,7,0,0,0
sqlmap,C:\Users\Zhifei Chen\Desktop\pysmell\subjects_for_metrics\sqlmap\lib\core\common.py,2511,65,1,12,1,0,0
sqlmap,C:\Users\Zhifei Chen\Desktop\pysmell\subjects_for_metrics\sqlmap\lib\core\common.py,2748,107,1,14,1,0,0
sqlmap,C:\Users\Zhifei Chen\Desktop\pysmell\subjects_for_metrics\sqlmap\lib\core\common.py,2825,28,1,5,0,0,0
sqlmap,C:\Users\Zhifei Chen\Desktop\pysmell\subjects_for_metrics\sqlmap\lib\core\common.py,2907,135,2,22,1,0,1
sqlmap,C:\Users\Zhifei Chen\Desktop\pysmell\subjects_for_metrics\sqlmap\lib\core\common.py,2911,142,1,27,1,1,1
sqlmap,C:\Users\Zhifei Chen\Desktop\pysmell\subjects_for_metrics\sqlmap\lib\core\common.py,3111,64,2,11,0,0,0
sqlmap,C:\Users\Zhifei Chen\Desktop\pysmell\subjects_for_metrics\sqlmap\lib\core\common.py,3112,64,2,11,0,0,0
sqlmap,C:\Users\Zhifei Chen\Desktop\pysmell\subjects_for_metrics\sqlmap\lib\core\common.py,3114,34,2,6,0,0,0
sqlmap,C:\Users\Zhifei Chen\Desktop\pysmell\subjects_for_metrics\sqlmap\lib\core\common.py,3144,99,1,18,1,0,0
sqlmap,C:\Users\Zhifei Chen\Desktop\pysmell\subjects_for_metrics\sqlmap\lib\core\common.py,3274,27,1,5,0,0,0
sqlmap,C:\Users\Zhifei Chen\Desktop\pysmell\subjects_for_metrics\sqlmap\lib\core\common.py,3354,36,1,7,0,0,0
sqlmap,C:\Users\Zhifei Chen\Desktop\pysmell\subjects_for_metrics\sqlmap\lib\core\common.py,3394,64,1,13,0,0,0
sqlmap,C:\Users\Zhifei Chen\Desktop\pysmell\subjects_for_metrics\sqlmap\lib\core\common.py,3464,38,1,6,0,0,0
sqlmap,C:\Users\Zhifei Chen\Desktop\pysmell\subjects_for_metrics\sqlmap\lib\core\common.py,3533,83,1,11,0,0,0
sqlmap,C:\Users\Zhifei Chen\Desktop\pysmell\subjects_for_metrics\sqlmap\lib\core\common.py,3648,42,1,10,0,0,0
sqlmap,C:\Users\Zhifei Chen\Desktop\pysmell\subjects_for_metrics\sqlmap\lib\core\common.py,3746,49,1,6,0,0,0
sqlmap,C:\Users\Zhifei Chen\Desktop\pysmell\subjects_for_metrics\sqlmap\lib\core\common.py,3839,72,1,9,0,0,0
sqlmap,C:\Users\Zhifei Chen\Desktop\pysmell\subjects_for_metrics\sqlmap\lib\core\common.py,3931,84,2,16,1,0,0
sqlmap,C:\Users\Zhifei Chen\Desktop\pysmell\subjects_for_metrics\sqlmap\lib\core\common.py,3985,49,1,17,0,0,0
sqlmap,C:\Users\Zhifei Chen\Desktop\pysmell\subjects_for_metrics\sqlmap\lib\core\dump.py,149,28,1,5,0,0,0
sqlmap,C:\Users\Zhifei Chen\Desktop\pysmell\subjects_for_metrics\sqlmap\lib\core\option.py,304,53,1,8,0,0,0
sqlmap,C:\Users\Zhifei Chen\Desktop\pysmell\subjects_for_metrics\sqlmap\lib\core\option.py,686,22,1,6,0,0,0
sqlmap,C:\Users\Zhifei Chen\Desktop\pysmell\subjects_for_metrics\sqlmap\lib\core\option.py,774,82,1,16,1,0,0
sqlmap,C:\Users\Zhifei Chen\Desktop\pysmell\subjects_for_metrics\sqlmap\lib\core\option.py,776,72,1,15,1,0,0
sqlmap,C:\Users\Zhifei Chen\Desktop\pysmell\subjects_for_metrics\sqlmap\lib\core\option.py,778,85,1,16,1,0,0
sqlmap,C:\Users\Zhifei Chen\Desktop\pysmell\subjects_for_metrics\sqlmap\lib\core\option.py,813,85,1,16,1,0,0
sqlmap,C:\Users\Zhifei Chen\Desktop\pysmell\subjects_for_metrics\sqlmap\lib\core\option.py,815,75,1,15,1,0,0
sqlmap,C:\Users\Zhifei Chen\Desktop\pysmell\subjects_for_metrics\sqlmap\lib\core\option.py,817,88,1,16,1,0,0
sqlmap,C:\Users\Zhifei Chen\Desktop\pysmell\subjects_for_metrics\sqlmap\lib\core\option.py,865,34,1,5,0,0,0
sqlmap,C:\Users\Zhifei Chen\Desktop\pysmell\subjects_for_metrics\sqlmap\lib\core\option.py,879,38,1,9,0,0,0
sqlmap,C:\Users\Zhifei Chen\Desktop\pysmell\subjects_for_metrics\sqlmap\lib\core\option.py,910,31,1,3,0,0,0
sqlmap,C:\Users\Zhifei Chen\Desktop\pysmell\subjects_for_metrics\sqlmap\lib\core\option.py,918,18,1,3,0,0,0
sqlmap,C:\Users\Zhifei Chen\Desktop\pysmell\subjects_for_metrics\sqlmap\lib\core\option.py,1131,52,1,9,0,0,0
sqlmap,C:\Users\Zhifei Chen\Desktop\pysmell\subjects_for_metrics\sqlmap\lib\core\option.py,1256,93,1,15,1,0,0
sqlmap,C:\Users\Zhifei Chen\Desktop\pysmell\subjects_for_metrics\sqlmap\lib\core\option.py,1356,42,1,9,0,0,0
sqlmap,C:\Users\Zhifei Chen\Desktop\pysmell\subjects_for_metrics\sqlmap\lib\core\option.py,1564,38,1,8,0,0,0
sqlmap,C:\Users\Zhifei Chen\Desktop\pysmell\subjects_for_metrics\sqlmap\lib\core\option.py,1787,102,1,11,0,0,0
sqlmap,C:\Users\Zhifei Chen\Desktop\pysmell\subjects_for_metrics\sqlmap\lib\core\session.py,28,31,1,3,0,0,0
sqlmap,C:\Users\Zhifei Chen\Desktop\pysmell\subjects_for_metrics\sqlmap\lib\core\settings.py,214,89,2,18,1,0,0
sqlmap,C:\Users\Zhifei Chen\Desktop\pysmell\subjects_for_metrics\sqlmap\lib\core\shell.py,122,24,1,5,0,0,0
sqlmap,C:\Users\Zhifei Chen\Desktop\pysmell\subjects_for_metrics\sqlmap\lib\core\target.py,214,58,1,10,0,0,0
sqlmap,C:\Users\Zhifei Chen\Desktop\pysmell\subjects_for_metrics\sqlmap\lib\core\target.py,282,88,2,18,1,0,0
sqlmap,C:\Users\Zhifei Chen\Desktop\pysmell\subjects_for_metrics\sqlmap\lib\core\target.py,296,88,2,18,1,0,0
sqlmap,C:\Users\Zhifei Chen\Desktop\pysmell\subjects_for_metrics\sqlmap\lib\core\target.py,365,95,1,20,1,0,0
sqlmap,C:\Users\Zhifei Chen\Desktop\pysmell\subjects_for_metrics\sqlmap\lib\core\target.py,365,36,1,8,0,0,0
sqlmap,C:\Users\Zhifei Chen\Desktop\pysmell\subjects_for_metrics\sqlmap\lib\core\target.py,372,62,1,8,0,0,0
sqlmap,C:\Users\Zhifei Chen\Desktop\pysmell\subjects_for_metrics\sqlmap\lib\core\target.py,445,31,1,3,0,0,0
sqlmap,C:\Users\Zhifei Chen\Desktop\pysmell\subjects_for_metrics\sqlmap\lib\core\testing.py,52,39,1,7,0,0,0
sqlmap,C:\Users\Zhifei Chen\Desktop\pysmell\subjects_for_metrics\sqlmap\lib\core\testing.py,59,39,1,7,0,0,0
sqlmap,C:\Users\Zhifei Chen\Desktop\pysmell\subjects_for_metrics\sqlmap\lib\core\testing.py,195,29,1,4,0,0,0
sqlmap,C:\Users\Zhifei Chen\Desktop\pysmell\subjects_for_metrics\sqlmap\lib\core\threads.py,110,83,1,13,1,0,0
sqlmap,C:\Users\Zhifei Chen\Desktop\pysmell\subjects_for_metrics\sqlmap\lib\request\basic.py,76,55,1,8,0,0,0
sqlmap,C:\Users\Zhifei Chen\Desktop\pysmell\subjects_for_metrics\sqlmap\lib\request\basic.py,84,36,1,8,0,0,0
sqlmap,C:\Users\Zhifei Chen\Desktop\pysmell\subjects_for_metrics\sqlmap\lib\request\basic.py,95,72,2,12,1,0,0
sqlmap,C:\Users\Zhifei Chen\Desktop\pysmell\subjects_for_metrics\sqlmap\lib\request\basic.py,111,91,2,22,1,0,0
sqlmap,C:\Users\Zhifei Chen\Desktop\pysmell\subjects_for_metrics\sqlmap\lib\request\connect.py,224,25,1,7,0,0,0
sqlmap,C:\Users\Zhifei Chen\Desktop\pysmell\subjects_for_metrics\sqlmap\lib\request\connect.py,670,136,2,23,1,0,1
sqlmap,C:\Users\Zhifei Chen\Desktop\pysmell\subjects_for_metrics\sqlmap\lib\request\connect.py,721,89,2,17,1,0,0
sqlmap,C:\Users\Zhifei Chen\Desktop\pysmell\subjects_for_metrics\sqlmap\lib\request\connect.py,725,46,2,9,0,0,0
sqlmap,C:\Users\Zhifei Chen\Desktop\pysmell\subjects_for_metrics\sqlmap\lib\request\connect.py,773,70,1,15,1,0,0
sqlmap,C:\Users\Zhifei Chen\Desktop\pysmell\subjects_for_metrics\sqlmap\lib\request\connect.py,785,31,1,7,0,0,0
sqlmap,C:\Users\Zhifei Chen\Desktop\pysmell\subjects_for_metrics\sqlmap\lib\request\connect.py,852,39,1,8,0,0,0
sqlmap,C:\Users\Zhifei Chen\Desktop\pysmell\subjects_for_metrics\sqlmap\lib\request\connect.py,856,95,1,20,1,0,0
sqlmap,C:\Users\Zhifei Chen\Desktop\pysmell\subjects_for_metrics\sqlmap\lib\request\direct.py,68,18,1,5,0,0,0
sqlmap,C:\Users\Zhifei Chen\Desktop\pysmell\subjects_for_metrics\sqlmap\lib\request\dns.py,56,40,1,10,0,0,0
sqlmap,C:\Users\Zhifei Chen\Desktop\pysmell\subjects_for_metrics\sqlmap\lib\request\httpshandler.py,24,135,1,13,1,0,0
sqlmap,C:\Users\Zhifei Chen\Desktop\pysmell\subjects_for_metrics\sqlmap\lib\request\inject.py,287,26,1,3,0,0,0
sqlmap,C:\Users\Zhifei Chen\Desktop\pysmell\subjects_for_metrics\sqlmap\lib\request\inject.py,410,80,1,11,0,0,0
sqlmap,C:\Users\Zhifei Chen\Desktop\pysmell\subjects_for_metrics\sqlmap\lib\request\inject.py,417,153,2,24,1,1,1
sqlmap,C:\Users\Zhifei Chen\Desktop\pysmell\subjects_for_metrics\sqlmap\lib\request\redirecthandler.py,99,128,2,23,1,0,1
sqlmap,C:\Users\Zhifei Chen\Desktop\pysmell\subjects_for_metrics\sqlmap\lib\request\redirecthandler.py,167,39,1,6,0,0,0
sqlmap,C:\Users\Zhifei Chen\Desktop\pysmell\subjects_for_metrics\sqlmap\lib\takeover\xp_cmdshell.py,214,104,1,14,1,0,0
sqlmap,C:\Users\Zhifei Chen\Desktop\pysmell\subjects_for_metrics\sqlmap\lib\takeover\xp_cmdshell.py,230,52,2,8,0,0,0
sqlmap,C:\Users\Zhifei Chen\Desktop\pysmell\subjects_for_metrics\sqlmap\lib\techniques\brute\use.py,54,86,2,14,1,0,0
sqlmap,C:\Users\Zhifei Chen\Desktop\pysmell\subjects_for_metrics\sqlmap\lib\techniques\brute\use.py,149,48,1,8,0,0,0
sqlmap,C:\Users\Zhifei Chen\Desktop\pysmell\subjects_for_metrics\sqlmap\lib\techniques\brute\use.py,158,86,2,14,1,0,0
sqlmap,C:\Users\Zhifei Chen\Desktop\pysmell\subjects_for_metrics\sqlmap\lib\techniques\dns\use.py,60,76,1,10,0,0,0
sqlmap,C:\Users\Zhifei Chen\Desktop\pysmell\subjects_for_metrics\sqlmap\lib\techniques\error\use.py,67,54,1,10,0,0,0
sqlmap,C:\Users\Zhifei Chen\Desktop\pysmell\subjects_for_metrics\sqlmap\lib\techniques\error\use.py,415,46,1,9,0,0,0
sqlmap,C:\Users\Zhifei Chen\Desktop\pysmell\subjects_for_metrics\sqlmap\lib\techniques\union\test.py,117,92,1,19,1,0,0
sqlmap,C:\Users\Zhifei Chen\Desktop\pysmell\subjects_for_metrics\sqlmap\lib\techniques\union\test.py,212,36,1,7,0,0,0
sqlmap,C:\Users\Zhifei Chen\Desktop\pysmell\subjects_for_metrics\sqlmap\lib\techniques\union\test.py,215,150,2,24,1,1,1
sqlmap,C:\Users\Zhifei Chen\Desktop\pysmell\subjects_for_metrics\sqlmap\lib\utils\google.py,109,84,1,18,1,0,0
sqlmap,C:\Users\Zhifei Chen\Desktop\pysmell\subjects_for_metrics\sqlmap\lib\utils\google.py,139,79,2,15,1,0,0
sqlmap,C:\Users\Zhifei Chen\Desktop\pysmell\subjects_for_metrics\sqlmap\lib\utils\google.py,142,84,2,15,1,0,0
sqlmap,C:\Users\Zhifei Chen\Desktop\pysmell\subjects_for_metrics\sqlmap\lib\utils\google.py,178,77,1,18,1,0,0
sqlmap,C:\Users\Zhifei Chen\Desktop\pysmell\subjects_for_metrics\sqlmap\lib\utils\hash.py,212,47,1,9,0,0,0
sqlmap,C:\Users\Zhifei Chen\Desktop\pysmell\subjects_for_metrics\sqlmap\lib\utils\hash.py,464,26,1,3,0,0,0
sqlmap,C:\Users\Zhifei Chen\Desktop\pysmell\subjects_for_metrics\sqlmap\lib\utils\hash.py,523,32,1,7,0,0,0
sqlmap,C:\Users\Zhifei Chen\Desktop\pysmell\subjects_for_metrics\sqlmap\lib\utils\hash.py,876,45,1,13,0,0,0
sqlmap,C:\Users\Zhifei Chen\Desktop\pysmell\subjects_for_metrics\sqlmap\lib\utils\pivotdumptable.py,67,75,1,15,1,0,0
sqlmap,C:\Users\Zhifei Chen\Desktop\pysmell\subjects_for_metrics\sqlmap\lib\utils\purge.py,33,60,1,12,0,0,0
sqlmap,C:\Users\Zhifei Chen\Desktop\pysmell\subjects_for_metrics\sqlmap\lib\utils\purge.py,34,58,1,12,0,0,0
sqlmap,C:\Users\Zhifei Chen\Desktop\pysmell\subjects_for_metrics\sqlmap\plugins\dbms\access\syntax.py,17,31,1,7,0,0,0
sqlmap,C:\Users\Zhifei Chen\Desktop\pysmell\subjects_for_metrics\sqlmap\plugins\dbms\db2\syntax.py,22,31,1,7,0,0,0
sqlmap,C:\Users\Zhifei Chen\Desktop\pysmell\subjects_for_metrics\sqlmap\plugins\dbms\firebird\syntax.py,30,38,1,7,0,0,0
sqlmap,C:\Users\Zhifei Chen\Desktop\pysmell\subjects_for_metrics\sqlmap\plugins\dbms\hsqldb\syntax.py,22,52,1,13,0,0,0
sqlmap,C:\Users\Zhifei Chen\Desktop\pysmell\subjects_for_metrics\sqlmap\plugins\dbms\maxdb\enumeration.py,72,60,2,13,0,0,0
sqlmap,C:\Users\Zhifei Chen\Desktop\pysmell\subjects_for_metrics\sqlmap\plugins\dbms\mssqlserver\enumeration.py,88,60,2,13,0,0,0
sqlmap,C:\Users\Zhifei Chen\Desktop\pysmell\subjects_for_metrics\sqlmap\plugins\dbms\mssqlserver\enumeration.py,93,104,1,14,1,0,0
sqlmap,C:\Users\Zhifei Chen\Desktop\pysmell\subjects_for_metrics\sqlmap\plugins\dbms\mssqlserver\enumeration.py,109,64,1,8,0,0,0
sqlmap,C:\Users\Zhifei Chen\Desktop\pysmell\subjects_for_metrics\sqlmap\plugins\dbms\mssqlserver\enumeration.py,203,104,1,14,1,0,0
sqlmap,C:\Users\Zhifei Chen\Desktop\pysmell\subjects_for_metrics\sqlmap\plugins\dbms\mssqlserver\enumeration.py,272,52,2,10,0,0,0
sqlmap,C:\Users\Zhifei Chen\Desktop\pysmell\subjects_for_metrics\sqlmap\plugins\dbms\mssqlserver\enumeration.py,305,66,1,9,0,0,0
sqlmap,C:\Users\Zhifei Chen\Desktop\pysmell\subjects_for_metrics\sqlmap\plugins\dbms\mssqlserver\enumeration.py,306,14,1,3,0,0,0
sqlmap,C:\Users\Zhifei Chen\Desktop\pysmell\subjects_for_metrics\sqlmap\plugins\dbms\mssqlserver\enumeration.py,310,12,1,3,0,0,0
sqlmap,C:\Users\Zhifei Chen\Desktop\pysmell\subjects_for_metrics\sqlmap\plugins\dbms\mssqlserver\enumeration.py,312,30,1,4,0,0,0
sqlmap,C:\Users\Zhifei Chen\Desktop\pysmell\subjects_for_metrics\sqlmap\plugins\dbms\mssqlserver\enumeration.py,328,104,1,14,1,0,0
sqlmap,C:\Users\Zhifei Chen\Desktop\pysmell\subjects_for_metrics\sqlmap\plugins\dbms\mssqlserver\filesystem.py,77,29,1,3,0,0,0
sqlmap,C:\Users\Zhifei Chen\Desktop\pysmell\subjects_for_metrics\sqlmap\plugins\dbms\mssqlserver\filesystem.py,201,29,1,3,0,0,0
sqlmap,C:\Users\Zhifei Chen\Desktop\pysmell\subjects_for_metrics\sqlmap\plugins\dbms\mssqlserver\filesystem.py,223,29,1,3,0,0,0
sqlmap,C:\Users\Zhifei Chen\Desktop\pysmell\subjects_for_metrics\sqlmap\plugins\dbms\mssqlserver\filesystem.py,248,29,1,3,0,0,0
sqlmap,C:\Users\Zhifei Chen\Desktop\pysmell\subjects_for_metrics\sqlmap\plugins\dbms\mssqlserver\filesystem.py,255,29,1,3,0,0,0
sqlmap,C:\Users\Zhifei Chen\Desktop\pysmell\subjects_for_metrics\sqlmap\plugins\dbms\mssqlserver\filesystem.py,336,29,1,3,0,0,0
sqlmap,C:\Users\Zhifei Chen\Desktop\pysmell\subjects_for_metrics\sqlmap\plugins\dbms\mssqlserver\filesystem.py,352,92,1,15,1,0,0
sqlmap,C:\Users\Zhifei Chen\Desktop\pysmell\subjects_for_metrics\sqlmap\plugins\dbms\mssqlserver\filesystem.py,362,29,1,3,0,0,0
sqlmap,C:\Users\Zhifei Chen\Desktop\pysmell\subjects_for_metrics\sqlmap\plugins\dbms\mssqlserver\syntax.py,22,93,2,24,1,0,1
sqlmap,C:\Users\Zhifei Chen\Desktop\pysmell\subjects_for_metrics\sqlmap\plugins\dbms\oracle\enumeration.py,44,104,1,14,1,0,0
sqlmap,C:\Users\Zhifei Chen\Desktop\pysmell\subjects_for_metrics\sqlmap\plugins\dbms\oracle\enumeration.py,55,52,1,9,0,0,0
sqlmap,C:\Users\Zhifei Chen\Desktop\pysmell\subjects_for_metrics\sqlmap\plugins\dbms\oracle\syntax.py,22,91,2,24,1,0,0
sqlmap,C:\Users\Zhifei Chen\Desktop\pysmell\subjects_for_metrics\sqlmap\plugins\dbms\postgresql\syntax.py,25,31,1,7,0,0,0
sqlmap,C:\Users\Zhifei Chen\Desktop\pysmell\subjects_for_metrics\sqlmap\plugins\dbms\postgresql\takeover.py,84,24,1,5,0,0,0
sqlmap,C:\Users\Zhifei Chen\Desktop\pysmell\subjects_for_metrics\sqlmap\plugins\dbms\sybase\enumeration.py,40,104,1,14,1,0,0
sqlmap,C:\Users\Zhifei Chen\Desktop\pysmell\subjects_for_metrics\sqlmap\plugins\dbms\sybase\enumeration.py,96,104,1,14,1,0,0
sqlmap,C:\Users\Zhifei Chen\Desktop\pysmell\subjects_for_metrics\sqlmap\plugins\dbms\sybase\enumeration.py,133,60,2,13,0,0,0
sqlmap,C:\Users\Zhifei Chen\Desktop\pysmell\subjects_for_metrics\sqlmap\plugins\dbms\sybase\enumeration.py,136,104,1,14,1,0,0
sqlmap,C:\Users\Zhifei Chen\Desktop\pysmell\subjects_for_metrics\sqlmap\plugins\dbms\sybase\enumeration.py,188,52,2,10,0,0,0
sqlmap,C:\Users\Zhifei Chen\Desktop\pysmell\subjects_for_metrics\sqlmap\plugins\dbms\sybase\enumeration.py,213,104,1,14,1,0,0
sqlmap,C:\Users\Zhifei Chen\Desktop\pysmell\subjects_for_metrics\sqlmap\plugins\dbms\sybase\enumeration.py,230,23,1,5,0,0,0
sqlmap,C:\Users\Zhifei Chen\Desktop\pysmell\subjects_for_metrics\sqlmap\plugins\dbms\sybase\syntax.py,22,98,2,24,1,0,1
sqlmap,C:\Users\Zhifei Chen\Desktop\pysmell\subjects_for_metrics\sqlmap\plugins\generic\custom.py,44,47,1,9,0,0,0
sqlmap,C:\Users\Zhifei Chen\Desktop\pysmell\subjects_for_metrics\sqlmap\plugins\generic\custom.py,125,111,2,21,1,0,0
sqlmap,C:\Users\Zhifei Chen\Desktop\pysmell\subjects_for_metrics\sqlmap\plugins\generic\databases.py,103,104,1,14,1,0,0
sqlmap,C:\Users\Zhifei Chen\Desktop\pysmell\subjects_for_metrics\sqlmap\plugins\generic\databases.py,143,104,1,14,1,0,0
sqlmap,C:\Users\Zhifei Chen\Desktop\pysmell\subjects_for_metrics\sqlmap\plugins\generic\databases.py,218,29,2,8,0,0,0
sqlmap,C:\Users\Zhifei Chen\Desktop\pysmell\subjects_for_metrics\sqlmap\plugins\generic\databases.py,252,69,1,9,0,0,0
sqlmap,C:\Users\Zhifei Chen\Desktop\pysmell\subjects_for_metrics\sqlmap\plugins\generic\databases.py,257,104,1,14,1,0,0
sqlmap,C:\Users\Zhifei Chen\Desktop\pysmell\subjects_for_metrics\sqlmap\plugins\generic\databases.py,266,60,1,6,0,0,0
sqlmap,C:\Users\Zhifei Chen\Desktop\pysmell\subjects_for_metrics\sqlmap\plugins\generic\databases.py,268,91,2,13,1,0,0
sqlmap,C:\Users\Zhifei Chen\Desktop\pysmell\subjects_for_metrics\sqlmap\plugins\generic\databases.py,270,61,1,9,0,0,0
sqlmap,C:\Users\Zhifei Chen\Desktop\pysmell\subjects_for_metrics\sqlmap\plugins\generic\databases.py,281,24,1,7,0,0,0
sqlmap,C:\Users\Zhifei Chen\Desktop\pysmell\subjects_for_metrics\sqlmap\plugins\generic\databases.py,410,52,2,10,0,0,0
sqlmap,C:\Users\Zhifei Chen\Desktop\pysmell\subjects_for_metrics\sqlmap\plugins\generic\databases.py,442,49,1,6,0,0,0
sqlmap,C:\Users\Zhifei Chen\Desktop\pysmell\subjects_for_metrics\sqlmap\plugins\generic\databases.py,497,104,1,14,1,0,0
sqlmap,C:\Users\Zhifei Chen\Desktop\pysmell\subjects_for_metrics\sqlmap\plugins\generic\databases.py,514,58,1,7,0,0,0
sqlmap,C:\Users\Zhifei Chen\Desktop\pysmell\subjects_for_metrics\sqlmap\plugins\generic\databases.py,517,58,1,7,0,0,0
sqlmap,C:\Users\Zhifei Chen\Desktop\pysmell\subjects_for_metrics\sqlmap\plugins\generic\databases.py,520,85,1,11,0,0,0
sqlmap,C:\Users\Zhifei Chen\Desktop\pysmell\subjects_for_metrics\sqlmap\plugins\generic\databases.py,536,19,1,4,0,0,0
sqlmap,C:\Users\Zhifei Chen\Desktop\pysmell\subjects_for_metrics\sqlmap\plugins\generic\databases.py,612,58,1,7,0,0,0
sqlmap,C:\Users\Zhifei Chen\Desktop\pysmell\subjects_for_metrics\sqlmap\plugins\generic\databases.py,615,58,1,7,0,0,0
sqlmap,C:\Users\Zhifei Chen\Desktop\pysmell\subjects_for_metrics\sqlmap\plugins\generic\databases.py,618,85,1,11,0,0,0
sqlmap,C:\Users\Zhifei Chen\Desktop\pysmell\subjects_for_metrics\sqlmap\plugins\generic\databases.py,766,221,3,39,1,1,1
sqlmap,C:\Users\Zhifei Chen\Desktop\pysmell\subjects_for_metrics\sqlmap\plugins\generic\databases.py,766,161,2,25,1,1,1
sqlmap,C:\Users\Zhifei Chen\Desktop\pysmell\subjects_for_metrics\sqlmap\plugins\generic\entries.py,452,52,2,10,0,0,0
sqlmap,C:\Users\Zhifei Chen\Desktop\pysmell\subjects_for_metrics\sqlmap\plugins\generic\misc.py,178,24,1,5,0,0,0
sqlmap,C:\Users\Zhifei Chen\Desktop\pysmell\subjects_for_metrics\sqlmap\plugins\generic\search.py,73,85,1,10,0,0,0
sqlmap,C:\Users\Zhifei Chen\Desktop\pysmell\subjects_for_metrics\sqlmap\plugins\generic\search.py,74,30,1,4,0,0,0
sqlmap,C:\Users\Zhifei Chen\Desktop\pysmell\subjects_for_metrics\sqlmap\plugins\generic\search.py,82,104,1,14,1,0,0
sqlmap,C:\Users\Zhifei Chen\Desktop\pysmell\subjects_for_metrics\sqlmap\plugins\generic\search.py,180,63,1,9,0,0,0
sqlmap,C:\Users\Zhifei Chen\Desktop\pysmell\subjects_for_metrics\sqlmap\plugins\generic\search.py,181,12,1,3,0,0,0
sqlmap,C:\Users\Zhifei Chen\Desktop\pysmell\subjects_for_metrics\sqlmap\plugins\generic\search.py,183,85,1,10,0,0,0
sqlmap,C:\Users\Zhifei Chen\Desktop\pysmell\subjects_for_metrics\sqlmap\plugins\generic\search.py,184,30,1,4,0,0,0
sqlmap,C:\Users\Zhifei Chen\Desktop\pysmell\subjects_for_metrics\sqlmap\plugins\generic\search.py,194,104,1,14,1,0,0
sqlmap,C:\Users\Zhifei Chen\Desktop\pysmell\subjects_for_metrics\sqlmap\plugins\generic\search.py,373,52,2,10,0,0,0
sqlmap,C:\Users\Zhifei Chen\Desktop\pysmell\subjects_for_metrics\sqlmap\plugins\generic\search.py,400,66,1,9,0,0,0
sqlmap,C:\Users\Zhifei Chen\Desktop\pysmell\subjects_for_metrics\sqlmap\plugins\generic\search.py,401,44,1,5,0,0,0
sqlmap,C:\Users\Zhifei Chen\Desktop\pysmell\subjects_for_metrics\sqlmap\plugins\generic\search.py,405,63,1,9,0,0,0
sqlmap,C:\Users\Zhifei Chen\Desktop\pysmell\subjects_for_metrics\sqlmap\plugins\generic\search.py,406,42,1,5,0,0,0
sqlmap,C:\Users\Zhifei Chen\Desktop\pysmell\subjects_for_metrics\sqlmap\plugins\generic\search.py,408,85,1,10,0,0,0
sqlmap,C:\Users\Zhifei Chen\Desktop\pysmell\subjects_for_metrics\sqlmap\plugins\generic\search.py,409,60,1,6,0,0,0
sqlmap,C:\Users\Zhifei Chen\Desktop\pysmell\subjects_for_metrics\sqlmap\plugins\generic\search.py,419,104,1,14,1,0,0
sqlmap,C:\Users\Zhifei Chen\Desktop\pysmell\subjects_for_metrics\sqlmap\plugins\generic\users.py,96,104,1,14,1,0,0
sqlmap,C:\Users\Zhifei Chen\Desktop\pysmell\subjects_for_metrics\sqlmap\plugins\generic\users.py,176,104,1,14,1,0,0
sqlmap,C:\Users\Zhifei Chen\Desktop\pysmell\subjects_for_metrics\sqlmap\plugins\generic\users.py,186,52,1,9,0,0,0
sqlmap,C:\Users\Zhifei Chen\Desktop\pysmell\subjects_for_metrics\sqlmap\plugins\generic\users.py,357,104,1,14,1,0,0
sqlmap,C:\Users\Zhifei Chen\Desktop\pysmell\subjects_for_metrics\sqlmap\plugins\generic\users.py,372,59,1,9,0,0,0
sqlmap,C:\Users\Zhifei Chen\Desktop\pysmell\subjects_for_metrics\sqlmap\plugins\generic\users.py,374,52,1,9,0,0,0
sqlmap,C:\Users\Zhifei Chen\Desktop\pysmell\subjects_for_metrics\sqlmap\tamper\space2dash.py,39,98,1,16,1,0,0
sqlmap,C:\Users\Zhifei Chen\Desktop\pysmell\subjects_for_metrics\sqlmap\tamper\space2hash.py,47,98,1,16,1,0,0
sqlmap,C:\Users\Zhifei Chen\Desktop\pysmell\subjects_for_metrics\sqlmap\tamper\space2morehash.py,47,98,1,16,1,0,0
sqlmap,C:\Users\Zhifei Chen\Desktop\pysmell\subjects_for_metrics\sqlmap\tamper\space2morehash.py,61,98,1,16,1,0,0
sqlmap,C:\Users\Zhifei Chen\Desktop\pysmell\subjects_for_metrics\sqlmap\tamper\sp_password.py,30,43,2,10,0,0,0
sqlmap,C:\Users\Zhifei Chen\Desktop\pysmell\subjects_for_metrics\sqlmap\tamper\unmagicquotes.py,51,34,1,8,0,0,0
sqlmap,C:\Users\Zhifei Chen\Desktop\pysmell\subjects_for_metrics\sqlmap\tamper\xforwardedfor.py,19,21,1,5,0,0,0
sqlmap,C:\Users\Zhifei Chen\Desktop\pysmell\subjects_for_metrics\sqlmap\thirdparty\ansistrm\ansistrm.py,111,31,1,8,0,0,0
sqlmap,C:\Users\Zhifei Chen\Desktop\pysmell\subjects_for_metrics\sqlmap\thirdparty\beautifulsoup\beautifulsoup.py,342,57,2,8,0,0,0
sqlmap,C:\Users\Zhifei Chen\Desktop\pysmell\subjects_for_metrics\sqlmap\thirdparty\beautifulsoup\beautifulsoup.py,346,82,2,13,1,0,0
sqlmap,C:\Users\Zhifei Chen\Desktop\pysmell\subjects_for_metrics\sqlmap\thirdparty\beautifulsoup\beautifulsoup.py,1240,31,1,5,0,0,0
sqlmap,C:\Users\Zhifei Chen\Desktop\pysmell\subjects_for_metrics\sqlmap\thirdparty\beautifulsoup\beautifulsoup.py,1332,34,1,9,0,0,0
sqlmap,C:\Users\Zhifei Chen\Desktop\pysmell\subjects_for_metrics\sqlmap\thirdparty\bottle\bottle.py,407,37,2,6,0,0,0
sqlmap,C:\Users\Zhifei Chen\Desktop\pysmell\subjects_for_metrics\sqlmap\thirdparty\bottle\bottle.py,557,29,2,7,0,0,0
sqlmap,C:\Users\Zhifei Chen\Desktop\pysmell\subjects_for_metrics\sqlmap\thirdparty\bottle\bottle.py,945,30,1,7,0,0,0
sqlmap,C:\Users\Zhifei Chen\Desktop\pysmell\subjects_for_metrics\sqlmap\thirdparty\bottle\bottle.py,1192,35,1,8,0,0,0
sqlmap,C:\Users\Zhifei Chen\Desktop\pysmell\subjects_for_metrics\sqlmap\thirdparty\bottle\bottle.py,1304,41,1,12,0,0,0
sqlmap,C:\Users\Zhifei Chen\Desktop\pysmell\subjects_for_metrics\sqlmap\thirdparty\bottle\bottle.py,1390,40,2,8,0,0,0
sqlmap,C:\Users\Zhifei Chen\Desktop\pysmell\subjects_for_metrics\sqlmap\thirdparty\bottle\bottle.py,1391,47,2,9,0,0,0
sqlmap,C:\Users\Zhifei Chen\Desktop\pysmell\subjects_for_metrics\sqlmap\thirdparty\bottle\bottle.py,1595,31,1,6,0,0,0
sqlmap,C:\Users\Zhifei Chen\Desktop\pysmell\subjects_for_metrics\sqlmap\thirdparty\bottle\bottle.py,1621,29,1,6,0,0,0
sqlmap,C:\Users\Zhifei Chen\Desktop\pysmell\subjects_for_metrics\sqlmap\thirdparty\bottle\bottle.py,1698,39,1,13,0,0,0
sqlmap,C:\Users\Zhifei Chen\Desktop\pysmell\subjects_for_metrics\sqlmap\thirdparty\bottle\bottle.py,1709,33,1,8,0,0,0
sqlmap,C:\Users\Zhifei Chen\Desktop\pysmell\subjects_for_metrics\sqlmap\thirdparty\bottle\bottle.py,1710,40,1,12,0,0,0
sqlmap,C:\Users\Zhifei Chen\Desktop\pysmell\subjects_for_metrics\sqlmap\thirdparty\bottle\bottle.py,1712,43,2,12,0,0,0
sqlmap,C:\Users\Zhifei Chen\Desktop\pysmell\subjects_for_metrics\sqlmap\thirdparty\bottle\bottle.py,1719,33,1,8,0,0,0
sqlmap,C:\Users\Zhifei Chen\Desktop\pysmell\subjects_for_metrics\sqlmap\thirdparty\bottle\bottle.py,1720,40,1,12,0,0,0
sqlmap,C:\Users\Zhifei Chen\Desktop\pysmell\subjects_for_metrics\sqlmap\thirdparty\bottle\bottle.py,1722,37,1,8,0,0,0
sqlmap,C:\Users\Zhifei Chen\Desktop\pysmell\subjects_for_metrics\sqlmap\thirdparty\bottle\bottle.py,1724,44,1,12,0,0,0
sqlmap,C:\Users\Zhifei Chen\Desktop\pysmell\subjects_for_metrics\sqlmap\thirdparty\bottle\bottle.py,1726,47,2,12,0,0,0
sqlmap,C:\Users\Zhifei Chen\Desktop\pysmell\subjects_for_metrics\sqlmap\thirdparty\bottle\bottle.py,1728,47,2,12,0,0,0
sqlmap,C:\Users\Zhifei Chen\Desktop\pysmell\subjects_for_metrics\sqlmap\thirdparty\bottle\bottle.py,1829,21,1,5,0,0,0
sqlmap,C:\Users\Zhifei Chen\Desktop\pysmell\subjects_for_metrics\sqlmap\thirdparty\bottle\bottle.py,1878,13,1,3,0,0,0
sqlmap,C:\Users\Zhifei Chen\Desktop\pysmell\subjects_for_metrics\sqlmap\thirdparty\bottle\bottle.py,2165,53,2,16,0,0,0
sqlmap,C:\Users\Zhifei Chen\Desktop\pysmell\subjects_for_metrics\sqlmap\thirdparty\bottle\bottle.py,2193,36,2,13,0,0,0
sqlmap,C:\Users\Zhifei Chen\Desktop\pysmell\subjects_for_metrics\sqlmap\thirdparty\bottle\bottle.py,2361,53,1,14,0,0,0
sqlmap,C:\Users\Zhifei Chen\Desktop\pysmell\subjects_for_metrics\sqlmap\thirdparty\bottle\bottle.py,2795,32,1,7,0,0,0
sqlmap,C:\Users\Zhifei Chen\Desktop\pysmell\subjects_for_metrics\sqlmap\thirdparty\bottle\bottle.py,3180,48,1,13,0,0,0
sqlmap,C:\Users\Zhifei Chen\Desktop\pysmell\subjects_for_metrics\sqlmap\thirdparty\clientform\clientform.py,293,52,1,15,0,0,0
sqlmap,C:\Users\Zhifei Chen\Desktop\pysmell\subjects_for_metrics\sqlmap\thirdparty\clientform\clientform.py,1260,48,1,10,0,0,0
sqlmap,C:\Users\Zhifei Chen\Desktop\pysmell\subjects_for_metrics\sqlmap\thirdparty\clientform\clientform.py,1676,32,1,9,0,0,0
sqlmap,C:\Users\Zhifei Chen\Desktop\pysmell\subjects_for_metrics\sqlmap\thirdparty\clientform\clientform.py,2083,66,2,13,1,0,0
sqlmap,C:\Users\Zhifei Chen\Desktop\pysmell\subjects_for_metrics\sqlmap\thirdparty\clientform\clientform.py,2120,35,2,6,0,0,0
sqlmap,C:\Users\Zhifei Chen\Desktop\pysmell\subjects_for_metrics\sqlmap\thirdparty\clientform\clientform.py,2147,73,2,12,1,0,0
sqlmap,C:\Users\Zhifei Chen\Desktop\pysmell\subjects_for_metrics\sqlmap\thirdparty\clientform\clientform.py,2198,38,2,10,0,0,0
sqlmap,C:\Users\Zhifei Chen\Desktop\pysmell\subjects_for_metrics\sqlmap\thirdparty\clientform\clientform.py,2249,24,1,5,0,0,0
sqlmap,C:\Users\Zhifei Chen\Desktop\pysmell\subjects_for_metrics\sqlmap\thirdparty\clientform\clientform.py,2255,77,2,16,1,0,0
sqlmap,C:\Users\Zhifei Chen\Desktop\pysmell\subjects_for_metrics\sqlmap\thirdparty\clientform\clientform.py,2262,24,1,6,0,0,0
sqlmap,C:\Users\Zhifei Chen\Desktop\pysmell\subjects_for_metrics\sqlmap\thirdparty\clientform\clientform.py,2291,51,2,10,0,0,0
sqlmap,C:\Users\Zhifei Chen\Desktop\pysmell\subjects_for_metrics\sqlmap\thirdparty\clientform\clientform.py,2421,31,2,6,0,0,0
sqlmap,C:\Users\Zhifei Chen\Desktop\pysmell\subjects_for_metrics\sqlmap\thirdparty\clientform\clientform.py,3329,49,1,11,0,0,0
sqlmap,C:\Users\Zhifei Chen\Desktop\pysmell\subjects_for_metrics\sqlmap\thirdparty\gprof2dot\gprof2dot.py,1410,40,1,6,0,0,0
sqlmap,C:\Users\Zhifei Chen\Desktop\pysmell\subjects_for_metrics\sqlmap\thirdparty\gprof2dot\gprof2dot.py,1855,48,1,6,0,0,0
sqlmap,C:\Users\Zhifei Chen\Desktop\pysmell\subjects_for_metrics\sqlmap\thirdparty\gprof2dot\gprof2dot.py,1910,38,1,6,0,0,0
sqlmap,C:\Users\Zhifei Chen\Desktop\pysmell\subjects_for_metrics\sqlmap\thirdparty\gprof2dot\gprof2dot.py,2415,36,1,10,0,0,0
sqlmap,C:\Users\Zhifei Chen\Desktop\pysmell\subjects_for_metrics\sqlmap\thirdparty\odict\odict.py,296,51,1,10,0,0,0
sqlmap,C:\Users\Zhifei Chen\Desktop\pysmell\subjects_for_metrics\sqlmap\thirdparty\odict\odict.py,420,35,1,7,0,0,0
sqlmap,C:\Users\Zhifei Chen\Desktop\pysmell\subjects_for_metrics\sqlmap\thirdparty\odict\odict.py,523,33,1,6,0,0,0
sqlmap,C:\Users\Zhifei Chen\Desktop\pysmell\subjects_for_metrics\sqlmap\thirdparty\odict\odict.py,921,25,1,6,0,0,0
sqlmap,C:\Users\Zhifei Chen\Desktop\pysmell\subjects_for_metrics\sqlmap\thirdparty\odict\odict.py,1097,52,1,10,0,0,0
sqlmap,C:\Users\Zhifei Chen\Desktop\pysmell\subjects_for_metrics\sqlmap\thirdparty\oset\_abc.py,67,85,2,12,1,0,0
sqlmap,C:\Users\Zhifei Chen\Desktop\pysmell\subjects_for_metrics\sqlmap\thirdparty\oset\_abc.py,278,37,2,6,0,0,0
sqlmap,C:\Users\Zhifei Chen\Desktop\pysmell\subjects_for_metrics\sqlmap\thirdparty\oset\_abc.py,289,28,2,7,0,0,0
sqlmap,C:\Users\Zhifei Chen\Desktop\pysmell\subjects_for_metrics\sqlmap\thirdparty\oset\_abc.py,297,40,2,6,0,0,0
sqlmap,C:\Users\Zhifei Chen\Desktop\pysmell\subjects_for_metrics\sqlmap\thirdparty\pydes\pyDes.py,421,18,1,5,0,0,0
sqlmap,C:\Users\Zhifei Chen\Desktop\pysmell\subjects_for_metrics\sqlmap\thirdparty\pydes\pyDes.py,455,20,1,5,0,0,0
sqlmap,C:\Users\Zhifei Chen\Desktop\pysmell\subjects_for_metrics\sqlmap\thirdparty\pydes\pyDes.py,462,21,1,5,0,0,0
sqlmap,C:\Users\Zhifei Chen\Desktop\pysmell\subjects_for_metrics\sqlmap\thirdparty\xdot\xdot.py,679,77,2,16,1,0,0
sqlmap,C:\Users\Zhifei Chen\Desktop\pysmell\subjects_for_metrics\sqlmap\thirdparty\xdot\xdot.py,696,58,1,11,0,0,0
sqlmap,C:\Users\Zhifei Chen\Desktop\pysmell\subjects_for_metrics\sqlmap\waf\binarysec.py,20,63,1,8,0,0,0
