subject,file,lineno,CLOC,experience-based,statistics-based,tuning machine
sqlmap,C:\Users\Zhifei Chen\Desktop\pysmell\subjects_for_metrics\sqlmap\extra\beep\beep.py,58,2,0,0,0
sqlmap,C:\Users\Zhifei Chen\Desktop\pysmell\subjects_for_metrics\sqlmap\lib\core\agent.py,45,26,1,0,0
sqlmap,C:\Users\Zhifei Chen\Desktop\pysmell\subjects_for_metrics\sqlmap\lib\core\bigarray.py,35,2,0,0,0
sqlmap,C:\Users\Zhifei Chen\Desktop\pysmell\subjects_for_metrics\sqlmap\lib\core\bigarray.py,45,16,0,0,0
sqlmap,C:\Users\Zhifei Chen\Desktop\pysmell\subjects_for_metrics\sqlmap\lib\core\common.py,156,2,0,0,0
sqlmap,C:\Users\Zhifei Chen\Desktop\pysmell\subjects_for_metrics\sqlmap\lib\core\common.py,186,5,0,0,0
sqlmap,C:\Users\Zhifei Chen\Desktop\pysmell\subjects_for_metrics\sqlmap\lib\core\common.py,292,25,1,0,0
sqlmap,C:\Users\Zhifei Chen\Desktop\pysmell\subjects_for_metrics\sqlmap\lib\core\common.py,3297,2,0,0,0
sqlmap,C:\Users\Zhifei Chen\Desktop\pysmell\subjects_for_metrics\sqlmap\lib\core\common.py,3542,3,0,0,0
sqlmap,C:\Users\Zhifei Chen\Desktop\pysmell\subjects_for_metrics\sqlmap\lib\core\datatype.py,13,7,0,0,0
sqlmap,C:\Users\Zhifei Chen\Desktop\pysmell\subjects_for_metrics\sqlmap\lib\core\datatype.py,86,2,0,0,0
sqlmap,C:\Users\Zhifei Chen\Desktop\pysmell\subjects_for_metrics\sqlmap\lib\core\dump.py,51,25,1,0,0
sqlmap,C:\Users\Zhifei Chen\Desktop\pysmell\subjects_for_metrics\sqlmap\lib\core\enums.py,8,7,0,0,0
sqlmap,C:\Users\Zhifei Chen\Desktop\pysmell\subjects_for_metrics\sqlmap\lib\core\enums.py,17,6,0,0,0
sqlmap,C:\Users\Zhifei Chen\Desktop\pysmell\subjects_for_metrics\sqlmap\lib\core\enums.py,25,11,0,0,0
sqlmap,C:\Users\Zhifei Chen\Desktop\pysmell\subjects_for_metrics\sqlmap\lib\core\enums.py,38,11,0,0,0
sqlmap,C:\Users\Zhifei Chen\Desktop\pysmell\subjects_for_metrics\sqlmap\lib\core\enums.py,51,3,0,0,0
sqlmap,C:\Users\Zhifei Chen\Desktop\pysmell\subjects_for_metrics\sqlmap\lib\core\enums.py,56,2,0,0,0
sqlmap,C:\Users\Zhifei Chen\Desktop\pysmell\subjects_for_metrics\sqlmap\lib\core\enums.py,60,9,0,0,0
sqlmap,C:\Users\Zhifei Chen\Desktop\pysmell\subjects_for_metrics\sqlmap\lib\core\enums.py,71,6,0,0,0
sqlmap,C:\Users\Zhifei Chen\Desktop\pysmell\subjects_for_metrics\sqlmap\lib\core\enums.py,79,9,0,0,0
sqlmap,C:\Users\Zhifei Chen\Desktop\pysmell\subjects_for_metrics\sqlmap\lib\core\enums.py,90,3,0,0,0
sqlmap,C:\Users\Zhifei Chen\Desktop\pysmell\subjects_for_metrics\sqlmap\lib\core\enums.py,95,2,0,0,0
sqlmap,C:\Users\Zhifei Chen\Desktop\pysmell\subjects_for_metrics\sqlmap\lib\core\enums.py,99,5,0,0,0
sqlmap,C:\Users\Zhifei Chen\Desktop\pysmell\subjects_for_metrics\sqlmap\lib\core\enums.py,106,3,0,0,0
sqlmap,C:\Users\Zhifei Chen\Desktop\pysmell\subjects_for_metrics\sqlmap\lib\core\enums.py,111,15,0,0,0
sqlmap,C:\Users\Zhifei Chen\Desktop\pysmell\subjects_for_metrics\sqlmap\lib\core\enums.py,129,7,0,0,0
sqlmap,C:\Users\Zhifei Chen\Desktop\pysmell\subjects_for_metrics\sqlmap\lib\core\enums.py,138,4,0,0,0
sqlmap,C:\Users\Zhifei Chen\Desktop\pysmell\subjects_for_metrics\sqlmap\lib\core\enums.py,144,3,0,0,0
sqlmap,C:\Users\Zhifei Chen\Desktop\pysmell\subjects_for_metrics\sqlmap\lib\core\enums.py,149,3,0,0,0
sqlmap,C:\Users\Zhifei Chen\Desktop\pysmell\subjects_for_metrics\sqlmap\lib\core\enums.py,154,25,1,0,0
sqlmap,C:\Users\Zhifei Chen\Desktop\pysmell\subjects_for_metrics\sqlmap\lib\core\enums.py,181,2,0,0,0
sqlmap,C:\Users\Zhifei Chen\Desktop\pysmell\subjects_for_metrics\sqlmap\lib\core\enums.py,185,4,0,0,0
sqlmap,C:\Users\Zhifei Chen\Desktop\pysmell\subjects_for_metrics\sqlmap\lib\core\enums.py,191,11,0,0,0
sqlmap,C:\Users\Zhifei Chen\Desktop\pysmell\subjects_for_metrics\sqlmap\lib\core\enums.py,204,2,0,0,0
sqlmap,C:\Users\Zhifei Chen\Desktop\pysmell\subjects_for_metrics\sqlmap\lib\core\enums.py,208,31,1,0,0
sqlmap,C:\Users\Zhifei Chen\Desktop\pysmell\subjects_for_metrics\sqlmap\lib\core\enums.py,245,4,0,0,0
sqlmap,C:\Users\Zhifei Chen\Desktop\pysmell\subjects_for_metrics\sqlmap\lib\core\enums.py,251,6,0,0,0
sqlmap,C:\Users\Zhifei Chen\Desktop\pysmell\subjects_for_metrics\sqlmap\lib\core\enums.py,259,3,0,0,0
sqlmap,C:\Users\Zhifei Chen\Desktop\pysmell\subjects_for_metrics\sqlmap\lib\core\enums.py,264,3,0,0,0
sqlmap,C:\Users\Zhifei Chen\Desktop\pysmell\subjects_for_metrics\sqlmap\lib\core\enums.py,269,3,0,0,0
sqlmap,C:\Users\Zhifei Chen\Desktop\pysmell\subjects_for_metrics\sqlmap\lib\core\enums.py,274,4,0,0,0
sqlmap,C:\Users\Zhifei Chen\Desktop\pysmell\subjects_for_metrics\sqlmap\lib\core\enums.py,280,25,1,0,0
sqlmap,C:\Users\Zhifei Chen\Desktop\pysmell\subjects_for_metrics\sqlmap\lib\core\enums.py,335,2,0,0,0
sqlmap,C:\Users\Zhifei Chen\Desktop\pysmell\subjects_for_metrics\sqlmap\lib\core\enums.py,339,4,0,0,0
sqlmap,C:\Users\Zhifei Chen\Desktop\pysmell\subjects_for_metrics\sqlmap\lib\core\enums.py,345,3,0,0,0
sqlmap,C:\Users\Zhifei Chen\Desktop\pysmell\subjects_for_metrics\sqlmap\lib\core\exception.py,8,2,0,0,0
sqlmap,C:\Users\Zhifei Chen\Desktop\pysmell\subjects_for_metrics\sqlmap\lib\core\exception.py,11,2,0,0,0
sqlmap,C:\Users\Zhifei Chen\Desktop\pysmell\subjects_for_metrics\sqlmap\lib\core\exception.py,14,2,0,0,0
sqlmap,C:\Users\Zhifei Chen\Desktop\pysmell\subjects_for_metrics\sqlmap\lib\core\exception.py,17,2,0,0,0
sqlmap,C:\Users\Zhifei Chen\Desktop\pysmell\subjects_for_metrics\sqlmap\lib\core\exception.py,20,2,0,0,0
sqlmap,C:\Users\Zhifei Chen\Desktop\pysmell\subjects_for_metrics\sqlmap\lib\core\exception.py,23,2,0,0,0
sqlmap,C:\Users\Zhifei Chen\Desktop\pysmell\subjects_for_metrics\sqlmap\lib\core\exception.py,26,2,0,0,0
sqlmap,C:\Users\Zhifei Chen\Desktop\pysmell\subjects_for_metrics\sqlmap\lib\core\exception.py,29,2,0,0,0
sqlmap,C:\Users\Zhifei Chen\Desktop\pysmell\subjects_for_metrics\sqlmap\lib\core\exception.py,32,2,0,0,0
sqlmap,C:\Users\Zhifei Chen\Desktop\pysmell\subjects_for_metrics\sqlmap\lib\core\exception.py,35,2,0,0,0
sqlmap,C:\Users\Zhifei Chen\Desktop\pysmell\subjects_for_metrics\sqlmap\lib\core\exception.py,38,2,0,0,0
sqlmap,C:\Users\Zhifei Chen\Desktop\pysmell\subjects_for_metrics\sqlmap\lib\core\exception.py,41,2,0,0,0
sqlmap,C:\Users\Zhifei Chen\Desktop\pysmell\subjects_for_metrics\sqlmap\lib\core\exception.py,44,2,0,0,0
sqlmap,C:\Users\Zhifei Chen\Desktop\pysmell\subjects_for_metrics\sqlmap\lib\core\exception.py,47,2,0,0,0
sqlmap,C:\Users\Zhifei Chen\Desktop\pysmell\subjects_for_metrics\sqlmap\lib\core\exception.py,50,2,0,0,0
sqlmap,C:\Users\Zhifei Chen\Desktop\pysmell\subjects_for_metrics\sqlmap\lib\core\exception.py,53,2,0,0,0
sqlmap,C:\Users\Zhifei Chen\Desktop\pysmell\subjects_for_metrics\sqlmap\lib\core\exception.py,56,2,0,0,0
sqlmap,C:\Users\Zhifei Chen\Desktop\pysmell\subjects_for_metrics\sqlmap\lib\core\exception.py,59,2,0,0,0
sqlmap,C:\Users\Zhifei Chen\Desktop\pysmell\subjects_for_metrics\sqlmap\lib\core\exception.py,62,2,0,0,0
sqlmap,C:\Users\Zhifei Chen\Desktop\pysmell\subjects_for_metrics\sqlmap\lib\core\exception.py,65,2,0,0,0
sqlmap,C:\Users\Zhifei Chen\Desktop\pysmell\subjects_for_metrics\sqlmap\lib\core\exception.py,68,2,0,0,0
sqlmap,C:\Users\Zhifei Chen\Desktop\pysmell\subjects_for_metrics\sqlmap\lib\core\exception.py,71,2,0,0,0
sqlmap,C:\Users\Zhifei Chen\Desktop\pysmell\subjects_for_metrics\sqlmap\lib\core\exception.py,74,2,0,0,0
sqlmap,C:\Users\Zhifei Chen\Desktop\pysmell\subjects_for_metrics\sqlmap\lib\core\option.py,399,3,0,0,0
sqlmap,C:\Users\Zhifei Chen\Desktop\pysmell\subjects_for_metrics\sqlmap\lib\core\replication.py,17,11,0,0,0
sqlmap,C:\Users\Zhifei Chen\Desktop\pysmell\subjects_for_metrics\sqlmap\lib\core\replication.py,29,3,0,0,0
sqlmap,C:\Users\Zhifei Chen\Desktop\pysmell\subjects_for_metrics\sqlmap\lib\core\replication.py,44,6,0,0,0
sqlmap,C:\Users\Zhifei Chen\Desktop\pysmell\subjects_for_metrics\sqlmap\lib\core\shell.py,77,2,0,0,0
sqlmap,C:\Users\Zhifei Chen\Desktop\pysmell\subjects_for_metrics\sqlmap\lib\core\subprocessng.py,73,11,0,0,0
sqlmap,C:\Users\Zhifei Chen\Desktop\pysmell\subjects_for_metrics\sqlmap\lib\core\target.py,692,2,0,0,0
sqlmap,C:\Users\Zhifei Chen\Desktop\pysmell\subjects_for_metrics\sqlmap\lib\core\testing.py,38,4,0,0,0
sqlmap,C:\Users\Zhifei Chen\Desktop\pysmell\subjects_for_metrics\sqlmap\lib\core\threads.py,28,3,0,0,0
sqlmap,C:\Users\Zhifei Chen\Desktop\pysmell\subjects_for_metrics\sqlmap\lib\core\unescaper.py,13,2,0,0,0
sqlmap,C:\Users\Zhifei Chen\Desktop\pysmell\subjects_for_metrics\sqlmap\lib\core\wordlist.py,15,7,0,0,0
sqlmap,C:\Users\Zhifei Chen\Desktop\pysmell\subjects_for_metrics\sqlmap\lib\core\xmldump.py,77,27,1,0,0
sqlmap,C:\Users\Zhifei Chen\Desktop\pysmell\subjects_for_metrics\sqlmap\lib\parse\banner.py,20,6,0,0,0
sqlmap,C:\Users\Zhifei Chen\Desktop\pysmell\subjects_for_metrics\sqlmap\lib\parse\handler.py,13,4,0,0,0
sqlmap,C:\Users\Zhifei Chen\Desktop\pysmell\subjects_for_metrics\sqlmap\lib\parse\html.py,17,4,0,0,0
sqlmap,C:\Users\Zhifei Chen\Desktop\pysmell\subjects_for_metrics\sqlmap\lib\request\basic.py,59,3,0,0,0
sqlmap,C:\Users\Zhifei Chen\Desktop\pysmell\subjects_for_metrics\sqlmap\lib\request\basicauthhandler.py,10,4,0,0,0
sqlmap,C:\Users\Zhifei Chen\Desktop\pysmell\subjects_for_metrics\sqlmap\lib\request\connect.py,116,6,0,0,0
sqlmap,C:\Users\Zhifei Chen\Desktop\pysmell\subjects_for_metrics\sqlmap\lib\request\dns.py,14,3,0,0,0
sqlmap,C:\Users\Zhifei Chen\Desktop\pysmell\subjects_for_metrics\sqlmap\lib\request\dns.py,60,4,0,0,0
sqlmap,C:\Users\Zhifei Chen\Desktop\pysmell\subjects_for_metrics\sqlmap\lib\request\httpshandler.py,26,3,0,0,0
sqlmap,C:\Users\Zhifei Chen\Desktop\pysmell\subjects_for_metrics\sqlmap\lib\request\httpshandler.py,86,2,0,0,0
sqlmap,C:\Users\Zhifei Chen\Desktop\pysmell\subjects_for_metrics\sqlmap\lib\request\methodrequest.py,10,3,0,0,0
sqlmap,C:\Users\Zhifei Chen\Desktop\pysmell\subjects_for_metrics\sqlmap\lib\request\pkihandler.py,13,4,0,0,0
sqlmap,C:\Users\Zhifei Chen\Desktop\pysmell\subjects_for_metrics\sqlmap\lib\request\rangehandler.py,13,3,0,0,0
sqlmap,C:\Users\Zhifei Chen\Desktop\pysmell\subjects_for_metrics\sqlmap\lib\request\redirecthandler.py,35,7,0,0,0
sqlmap,C:\Users\Zhifei Chen\Desktop\pysmell\subjects_for_metrics\sqlmap\lib\takeover\abstraction.py,31,8,0,0,0
sqlmap,C:\Users\Zhifei Chen\Desktop\pysmell\subjects_for_metrics\sqlmap\lib\takeover\icmpsh.py,23,8,0,0,0
sqlmap,C:\Users\Zhifei Chen\Desktop\pysmell\subjects_for_metrics\sqlmap\lib\takeover\metasploit.py,53,24,1,0,0
sqlmap,C:\Users\Zhifei Chen\Desktop\pysmell\subjects_for_metrics\sqlmap\lib\takeover\registry.py,15,6,0,0,0
sqlmap,C:\Users\Zhifei Chen\Desktop\pysmell\subjects_for_metrics\sqlmap\lib\takeover\udf.py,31,15,0,0,0
sqlmap,C:\Users\Zhifei Chen\Desktop\pysmell\subjects_for_metrics\sqlmap\lib\takeover\web.py,53,6,0,0,0
sqlmap,C:\Users\Zhifei Chen\Desktop\pysmell\subjects_for_metrics\sqlmap\lib\takeover\xp_cmdshell.py,36,12,0,0,0
sqlmap,C:\Users\Zhifei Chen\Desktop\pysmell\subjects_for_metrics\sqlmap\lib\utils\api.py,53,4,0,0,0
sqlmap,C:\Users\Zhifei Chen\Desktop\pysmell\subjects_for_metrics\sqlmap\lib\utils\api.py,60,8,0,0,0
sqlmap,C:\Users\Zhifei Chen\Desktop\pysmell\subjects_for_metrics\sqlmap\lib\utils\api.py,118,14,0,0,0
sqlmap,C:\Users\Zhifei Chen\Desktop\pysmell\subjects_for_metrics\sqlmap\lib\utils\api.py,202,6,0,0,0
sqlmap,C:\Users\Zhifei Chen\Desktop\pysmell\subjects_for_metrics\sqlmap\lib\utils\api.py,262,2,0,0,0
sqlmap,C:\Users\Zhifei Chen\Desktop\pysmell\subjects_for_metrics\sqlmap\lib\utils\getch.py,8,3,0,0,0
sqlmap,C:\Users\Zhifei Chen\Desktop\pysmell\subjects_for_metrics\sqlmap\lib\utils\getch.py,26,3,0,0,0
sqlmap,C:\Users\Zhifei Chen\Desktop\pysmell\subjects_for_metrics\sqlmap\lib\utils\getch.py,45,3,0,0,0
sqlmap,C:\Users\Zhifei Chen\Desktop\pysmell\subjects_for_metrics\sqlmap\lib\utils\getch.py,54,3,0,0,0
sqlmap,C:\Users\Zhifei Chen\Desktop\pysmell\subjects_for_metrics\sqlmap\lib\utils\google.py,37,3,0,0,0
sqlmap,C:\Users\Zhifei Chen\Desktop\pysmell\subjects_for_metrics\sqlmap\lib\utils\hashdb.py,27,12,0,0,0
sqlmap,C:\Users\Zhifei Chen\Desktop\pysmell\subjects_for_metrics\sqlmap\lib\utils\progress.py,13,7,0,0,0
sqlmap,C:\Users\Zhifei Chen\Desktop\pysmell\subjects_for_metrics\sqlmap\lib\utils\sqlalchemy.py,36,6,0,0,0
sqlmap,C:\Users\Zhifei Chen\Desktop\pysmell\subjects_for_metrics\sqlmap\lib\utils\timeout.py,14,3,0,0,0
sqlmap,C:\Users\Zhifei Chen\Desktop\pysmell\subjects_for_metrics\sqlmap\lib\utils\xrange.py,8,14,0,0,0
sqlmap,C:\Users\Zhifei Chen\Desktop\pysmell\subjects_for_metrics\sqlmap\plugins\dbms\access\connector.py,22,6,0,0,0
sqlmap,C:\Users\Zhifei Chen\Desktop\pysmell\subjects_for_metrics\sqlmap\plugins\dbms\access\enumeration.py,11,15,0,0,0
sqlmap,C:\Users\Zhifei Chen\Desktop\pysmell\subjects_for_metrics\sqlmap\plugins\dbms\access\filesystem.py,11,4,0,0,0
sqlmap,C:\Users\Zhifei Chen\Desktop\pysmell\subjects_for_metrics\sqlmap\plugins\dbms\access\fingerprint.py,25,8,0,0,0
sqlmap,C:\Users\Zhifei Chen\Desktop\pysmell\subjects_for_metrics\sqlmap\plugins\dbms\access\syntax.py,10,3,0,0,0
sqlmap,C:\Users\Zhifei Chen\Desktop\pysmell\subjects_for_metrics\sqlmap\plugins\dbms\access\takeover.py,11,6,0,0,0
sqlmap,C:\Users\Zhifei Chen\Desktop\pysmell\subjects_for_metrics\sqlmap\plugins\dbms\access\__init__.py,18,3,0,0,0
sqlmap,C:\Users\Zhifei Chen\Desktop\pysmell\subjects_for_metrics\sqlmap\plugins\dbms\db2\connector.py,20,6,0,0,0
sqlmap,C:\Users\Zhifei Chen\Desktop\pysmell\subjects_for_metrics\sqlmap\plugins\dbms\db2\enumeration.py,12,3,0,0,0
sqlmap,C:\Users\Zhifei Chen\Desktop\pysmell\subjects_for_metrics\sqlmap\plugins\dbms\db2\filesystem.py,10,2,0,0,0
sqlmap,C:\Users\Zhifei Chen\Desktop\pysmell\subjects_for_metrics\sqlmap\plugins\dbms\db2\fingerprint.py,21,6,0,0,0
sqlmap,C:\Users\Zhifei Chen\Desktop\pysmell\subjects_for_metrics\sqlmap\plugins\dbms\db2\syntax.py,10,3,0,0,0
sqlmap,C:\Users\Zhifei Chen\Desktop\pysmell\subjects_for_metrics\sqlmap\plugins\dbms\db2\takeover.py,10,2,0,0,0
sqlmap,C:\Users\Zhifei Chen\Desktop\pysmell\subjects_for_metrics\sqlmap\plugins\dbms\db2\__init__.py,19,3,0,0,0
sqlmap,C:\Users\Zhifei Chen\Desktop\pysmell\subjects_for_metrics\sqlmap\plugins\dbms\firebird\connector.py,21,6,0,0,0
sqlmap,C:\Users\Zhifei Chen\Desktop\pysmell\subjects_for_metrics\sqlmap\plugins\dbms\firebird\enumeration.py,11,7,0,0,0
sqlmap,C:\Users\Zhifei Chen\Desktop\pysmell\subjects_for_metrics\sqlmap\plugins\dbms\firebird\filesystem.py,11,4,0,0,0
sqlmap,C:\Users\Zhifei Chen\Desktop\pysmell\subjects_for_metrics\sqlmap\plugins\dbms\firebird\fingerprint.py,25,7,0,0,0
sqlmap,C:\Users\Zhifei Chen\Desktop\pysmell\subjects_for_metrics\sqlmap\plugins\dbms\firebird\syntax.py,12,3,0,0,0
sqlmap,C:\Users\Zhifei Chen\Desktop\pysmell\subjects_for_metrics\sqlmap\plugins\dbms\firebird\takeover.py,11,6,0,0,0
sqlmap,C:\Users\Zhifei Chen\Desktop\pysmell\subjects_for_metrics\sqlmap\plugins\dbms\firebird\__init__.py,18,3,0,0,0
sqlmap,C:\Users\Zhifei Chen\Desktop\pysmell\subjects_for_metrics\sqlmap\plugins\dbms\hsqldb\connector.py,23,6,0,0,0
sqlmap,C:\Users\Zhifei Chen\Desktop\pysmell\subjects_for_metrics\sqlmap\plugins\dbms\hsqldb\enumeration.py,18,6,0,0,0
sqlmap,C:\Users\Zhifei Chen\Desktop\pysmell\subjects_for_metrics\sqlmap\plugins\dbms\hsqldb\filesystem.py,11,4,0,0,0
sqlmap,C:\Users\Zhifei Chen\Desktop\pysmell\subjects_for_metrics\sqlmap\plugins\dbms\hsqldb\fingerprint.py,23,5,0,0,0
sqlmap,C:\Users\Zhifei Chen\Desktop\pysmell\subjects_for_metrics\sqlmap\plugins\dbms\hsqldb\syntax.py,10,3,0,0,0
sqlmap,C:\Users\Zhifei Chen\Desktop\pysmell\subjects_for_metrics\sqlmap\plugins\dbms\hsqldb\takeover.py,11,6,0,0,0
sqlmap,C:\Users\Zhifei Chen\Desktop\pysmell\subjects_for_metrics\sqlmap\plugins\dbms\hsqldb\__init__.py,18,3,0,0,0
sqlmap,C:\Users\Zhifei Chen\Desktop\pysmell\subjects_for_metrics\sqlmap\plugins\dbms\maxdb\connector.py,11,3,0,0,0
sqlmap,C:\Users\Zhifei Chen\Desktop\pysmell\subjects_for_metrics\sqlmap\plugins\dbms\maxdb\enumeration.py,22,9,0,0,0
sqlmap,C:\Users\Zhifei Chen\Desktop\pysmell\subjects_for_metrics\sqlmap\plugins\dbms\maxdb\filesystem.py,11,4,0,0,0
sqlmap,C:\Users\Zhifei Chen\Desktop\pysmell\subjects_for_metrics\sqlmap\plugins\dbms\maxdb\fingerprint.py,21,6,0,0,0
sqlmap,C:\Users\Zhifei Chen\Desktop\pysmell\subjects_for_metrics\sqlmap\plugins\dbms\maxdb\syntax.py,10,3,0,0,0
sqlmap,C:\Users\Zhifei Chen\Desktop\pysmell\subjects_for_metrics\sqlmap\plugins\dbms\maxdb\takeover.py,11,6,0,0,0
sqlmap,C:\Users\Zhifei Chen\Desktop\pysmell\subjects_for_metrics\sqlmap\plugins\dbms\maxdb\__init__.py,18,3,0,0,0
sqlmap,C:\Users\Zhifei Chen\Desktop\pysmell\subjects_for_metrics\sqlmap\plugins\dbms\mssqlserver\connector.py,22,6,0,0,0
sqlmap,C:\Users\Zhifei Chen\Desktop\pysmell\subjects_for_metrics\sqlmap\plugins\dbms\mssqlserver\enumeration.py,33,6,0,0,0
sqlmap,C:\Users\Zhifei Chen\Desktop\pysmell\subjects_for_metrics\sqlmap\plugins\dbms\mssqlserver\filesystem.py,30,11,0,0,0
sqlmap,C:\Users\Zhifei Chen\Desktop\pysmell\subjects_for_metrics\sqlmap\plugins\dbms\mssqlserver\fingerprint.py,21,5,0,0,0
sqlmap,C:\Users\Zhifei Chen\Desktop\pysmell\subjects_for_metrics\sqlmap\plugins\dbms\mssqlserver\syntax.py,10,3,0,0,0
sqlmap,C:\Users\Zhifei Chen\Desktop\pysmell\subjects_for_metrics\sqlmap\plugins\dbms\mssqlserver\takeover.py,16,4,0,0,0
sqlmap,C:\Users\Zhifei Chen\Desktop\pysmell\subjects_for_metrics\sqlmap\plugins\dbms\mssqlserver\__init__.py,19,3,0,0,0
sqlmap,C:\Users\Zhifei Chen\Desktop\pysmell\subjects_for_metrics\sqlmap\plugins\dbms\mysql\connector.py,20,6,0,0,0
sqlmap,C:\Users\Zhifei Chen\Desktop\pysmell\subjects_for_metrics\sqlmap\plugins\dbms\mysql\enumeration.py,10,2,0,0,0
sqlmap,C:\Users\Zhifei Chen\Desktop\pysmell\subjects_for_metrics\sqlmap\plugins\dbms\mysql\filesystem.py,26,6,0,0,0
sqlmap,C:\Users\Zhifei Chen\Desktop\pysmell\subjects_for_metrics\sqlmap\plugins\dbms\mysql\fingerprint.py,24,6,0,0,0
sqlmap,C:\Users\Zhifei Chen\Desktop\pysmell\subjects_for_metrics\sqlmap\plugins\dbms\mysql\syntax.py,13,3,0,0,0
sqlmap,C:\Users\Zhifei Chen\Desktop\pysmell\subjects_for_metrics\sqlmap\plugins\dbms\mysql\takeover.py,27,6,0,0,0
sqlmap,C:\Users\Zhifei Chen\Desktop\pysmell\subjects_for_metrics\sqlmap\plugins\dbms\mysql\__init__.py,18,3,0,0,0
sqlmap,C:\Users\Zhifei Chen\Desktop\pysmell\subjects_for_metrics\sqlmap\plugins\dbms\oracle\connector.py,24,6,0,0,0
sqlmap,C:\Users\Zhifei Chen\Desktop\pysmell\subjects_for_metrics\sqlmap\plugins\dbms\oracle\enumeration.py,26,3,0,0,0
sqlmap,C:\Users\Zhifei Chen\Desktop\pysmell\subjects_for_metrics\sqlmap\plugins\dbms\oracle\filesystem.py,11,4,0,0,0
sqlmap,C:\Users\Zhifei Chen\Desktop\pysmell\subjects_for_metrics\sqlmap\plugins\dbms\oracle\fingerprint.py,21,5,0,0,0
sqlmap,C:\Users\Zhifei Chen\Desktop\pysmell\subjects_for_metrics\sqlmap\plugins\dbms\oracle\syntax.py,10,3,0,0,0
sqlmap,C:\Users\Zhifei Chen\Desktop\pysmell\subjects_for_metrics\sqlmap\plugins\dbms\oracle\takeover.py,11,6,0,0,0
sqlmap,C:\Users\Zhifei Chen\Desktop\pysmell\subjects_for_metrics\sqlmap\plugins\dbms\oracle\__init__.py,18,3,0,0,0
sqlmap,C:\Users\Zhifei Chen\Desktop\pysmell\subjects_for_metrics\sqlmap\plugins\dbms\postgresql\connector.py,20,6,0,0,0
sqlmap,C:\Users\Zhifei Chen\Desktop\pysmell\subjects_for_metrics\sqlmap\plugins\dbms\postgresql\enumeration.py,12,3,0,0,0
sqlmap,C:\Users\Zhifei Chen\Desktop\pysmell\subjects_for_metrics\sqlmap\plugins\dbms\postgresql\filesystem.py,17,5,0,0,0
sqlmap,C:\Users\Zhifei Chen\Desktop\pysmell\subjects_for_metrics\sqlmap\plugins\dbms\postgresql\fingerprint.py,20,5,0,0,0
sqlmap,C:\Users\Zhifei Chen\Desktop\pysmell\subjects_for_metrics\sqlmap\plugins\dbms\postgresql\syntax.py,10,3,0,0,0
sqlmap,C:\Users\Zhifei Chen\Desktop\pysmell\subjects_for_metrics\sqlmap\plugins\dbms\postgresql\takeover.py,23,6,0,0,0
sqlmap,C:\Users\Zhifei Chen\Desktop\pysmell\subjects_for_metrics\sqlmap\plugins\dbms\postgresql\__init__.py,18,3,0,0,0
sqlmap,C:\Users\Zhifei Chen\Desktop\pysmell\subjects_for_metrics\sqlmap\plugins\dbms\sqlite\connector.py,23,6,0,0,0
sqlmap,C:\Users\Zhifei Chen\Desktop\pysmell\subjects_for_metrics\sqlmap\plugins\dbms\sqlite\enumeration.py,12,12,0,0,0
sqlmap,C:\Users\Zhifei Chen\Desktop\pysmell\subjects_for_metrics\sqlmap\plugins\dbms\sqlite\filesystem.py,11,4,0,0,0
sqlmap,C:\Users\Zhifei Chen\Desktop\pysmell\subjects_for_metrics\sqlmap\plugins\dbms\sqlite\fingerprint.py,20,5,0,0,0
sqlmap,C:\Users\Zhifei Chen\Desktop\pysmell\subjects_for_metrics\sqlmap\plugins\dbms\sqlite\syntax.py,15,3,0,0,0
sqlmap,C:\Users\Zhifei Chen\Desktop\pysmell\subjects_for_metrics\sqlmap\plugins\dbms\sqlite\takeover.py,11,6,0,0,0
sqlmap,C:\Users\Zhifei Chen\Desktop\pysmell\subjects_for_metrics\sqlmap\plugins\dbms\sqlite\__init__.py,18,3,0,0,0
sqlmap,C:\Users\Zhifei Chen\Desktop\pysmell\subjects_for_metrics\sqlmap\plugins\dbms\sybase\connector.py,22,6,0,0,0
sqlmap,C:\Users\Zhifei Chen\Desktop\pysmell\subjects_for_metrics\sqlmap\plugins\dbms\sybase\enumeration.py,27,12,0,0,0
sqlmap,C:\Users\Zhifei Chen\Desktop\pysmell\subjects_for_metrics\sqlmap\plugins\dbms\sybase\filesystem.py,11,4,0,0,0
sqlmap,C:\Users\Zhifei Chen\Desktop\pysmell\subjects_for_metrics\sqlmap\plugins\dbms\sybase\fingerprint.py,21,4,0,0,0
sqlmap,C:\Users\Zhifei Chen\Desktop\pysmell\subjects_for_metrics\sqlmap\plugins\dbms\sybase\syntax.py,10,3,0,0,0
sqlmap,C:\Users\Zhifei Chen\Desktop\pysmell\subjects_for_metrics\sqlmap\plugins\dbms\sybase\takeover.py,11,6,0,0,0
sqlmap,C:\Users\Zhifei Chen\Desktop\pysmell\subjects_for_metrics\sqlmap\plugins\dbms\sybase\__init__.py,18,3,0,0,0
sqlmap,C:\Users\Zhifei Chen\Desktop\pysmell\subjects_for_metrics\sqlmap\plugins\generic\connector.py,15,11,0,0,0
sqlmap,C:\Users\Zhifei Chen\Desktop\pysmell\subjects_for_metrics\sqlmap\plugins\generic\custom.py,25,4,0,0,0
sqlmap,C:\Users\Zhifei Chen\Desktop\pysmell\subjects_for_metrics\sqlmap\plugins\generic\databases.py,45,8,0,0,0
sqlmap,C:\Users\Zhifei Chen\Desktop\pysmell\subjects_for_metrics\sqlmap\plugins\generic\entries.py,48,5,0,0,0
sqlmap,C:\Users\Zhifei Chen\Desktop\pysmell\subjects_for_metrics\sqlmap\plugins\generic\enumeration.py,24,4,0,0,0
sqlmap,C:\Users\Zhifei Chen\Desktop\pysmell\subjects_for_metrics\sqlmap\plugins\generic\filesystem.py,33,13,0,0,0
sqlmap,C:\Users\Zhifei Chen\Desktop\pysmell\subjects_for_metrics\sqlmap\plugins\generic\fingerprint.py,14,6,0,0,0
sqlmap,C:\Users\Zhifei Chen\Desktop\pysmell\subjects_for_metrics\sqlmap\plugins\generic\misc.py,31,7,0,0,0
sqlmap,C:\Users\Zhifei Chen\Desktop\pysmell\subjects_for_metrics\sqlmap\plugins\generic\search.py,39,5,0,0,0
sqlmap,C:\Users\Zhifei Chen\Desktop\pysmell\subjects_for_metrics\sqlmap\plugins\generic\syntax.py,12,3,0,0,0
sqlmap,C:\Users\Zhifei Chen\Desktop\pysmell\subjects_for_metrics\sqlmap\plugins\generic\takeover.py,32,12,0,0,0
sqlmap,C:\Users\Zhifei Chen\Desktop\pysmell\subjects_for_metrics\sqlmap\plugins\generic\users.py,46,7,0,0,0
sqlmap,C:\Users\Zhifei Chen\Desktop\pysmell\subjects_for_metrics\sqlmap\thirdparty\ansistrm\ansistrm.py,10,43,1,0,1
sqlmap,C:\Users\Zhifei Chen\Desktop\pysmell\subjects_for_metrics\sqlmap\thirdparty\beautifulsoup\beautifulsoup.py,113,31,1,0,0
sqlmap,C:\Users\Zhifei Chen\Desktop\pysmell\subjects_for_metrics\sqlmap\thirdparty\beautifulsoup\beautifulsoup.py,424,6,0,0,0
sqlmap,C:\Users\Zhifei Chen\Desktop\pysmell\subjects_for_metrics\sqlmap\thirdparty\beautifulsoup\beautifulsoup.py,459,2,0,0,0
sqlmap,C:\Users\Zhifei Chen\Desktop\pysmell\subjects_for_metrics\sqlmap\thirdparty\beautifulsoup\beautifulsoup.py,464,2,0,0,0
sqlmap,C:\Users\Zhifei Chen\Desktop\pysmell\subjects_for_metrics\sqlmap\thirdparty\beautifulsoup\beautifulsoup.py,471,2,0,0,0
sqlmap,C:\Users\Zhifei Chen\Desktop\pysmell\subjects_for_metrics\sqlmap\thirdparty\beautifulsoup\beautifulsoup.py,475,2,0,0,0
sqlmap,C:\Users\Zhifei Chen\Desktop\pysmell\subjects_for_metrics\sqlmap\thirdparty\beautifulsoup\beautifulsoup.py,479,51,1,0,1
sqlmap,C:\Users\Zhifei Chen\Desktop\pysmell\subjects_for_metrics\sqlmap\thirdparty\beautifulsoup\beautifulsoup.py,886,5,0,0,0
sqlmap,C:\Users\Zhifei Chen\Desktop\pysmell\subjects_for_metrics\sqlmap\thirdparty\beautifulsoup\beautifulsoup.py,1006,2,0,0,0
sqlmap,C:\Users\Zhifei Chen\Desktop\pysmell\subjects_for_metrics\sqlmap\thirdparty\beautifulsoup\beautifulsoup.py,1036,37,1,0,1
sqlmap,C:\Users\Zhifei Chen\Desktop\pysmell\subjects_for_metrics\sqlmap\thirdparty\beautifulsoup\beautifulsoup.py,1467,32,1,0,0
sqlmap,C:\Users\Zhifei Chen\Desktop\pysmell\subjects_for_metrics\sqlmap\thirdparty\beautifulsoup\beautifulsoup.py,1620,2,0,0,0
sqlmap,C:\Users\Zhifei Chen\Desktop\pysmell\subjects_for_metrics\sqlmap\thirdparty\beautifulsoup\beautifulsoup.py,1623,9,0,0,0
sqlmap,C:\Users\Zhifei Chen\Desktop\pysmell\subjects_for_metrics\sqlmap\thirdparty\beautifulsoup\beautifulsoup.py,1659,3,0,0,0
sqlmap,C:\Users\Zhifei Chen\Desktop\pysmell\subjects_for_metrics\sqlmap\thirdparty\beautifulsoup\beautifulsoup.py,1672,2,0,0,0
sqlmap,C:\Users\Zhifei Chen\Desktop\pysmell\subjects_for_metrics\sqlmap\thirdparty\beautifulsoup\beautifulsoup.py,1711,2,0,0,0
sqlmap,C:\Users\Zhifei Chen\Desktop\pysmell\subjects_for_metrics\sqlmap\thirdparty\beautifulsoup\beautifulsoup.py,1713,2,0,0,0
sqlmap,C:\Users\Zhifei Chen\Desktop\pysmell\subjects_for_metrics\sqlmap\thirdparty\beautifulsoup\beautifulsoup.py,1715,2,0,0,0
sqlmap,C:\Users\Zhifei Chen\Desktop\pysmell\subjects_for_metrics\sqlmap\thirdparty\beautifulsoup\beautifulsoup.py,1717,2,0,0,0
sqlmap,C:\Users\Zhifei Chen\Desktop\pysmell\subjects_for_metrics\sqlmap\thirdparty\beautifulsoup\beautifulsoup.py,1719,2,0,0,0
sqlmap,C:\Users\Zhifei Chen\Desktop\pysmell\subjects_for_metrics\sqlmap\thirdparty\beautifulsoup\beautifulsoup.py,1753,43,1,0,1
sqlmap,C:\Users\Zhifei Chen\Desktop\pysmell\subjects_for_metrics\sqlmap\thirdparty\bottle\bottle.py,122,2,0,0,0
sqlmap,C:\Users\Zhifei Chen\Desktop\pysmell\subjects_for_metrics\sqlmap\thirdparty\bottle\bottle.py,127,3,0,0,0
sqlmap,C:\Users\Zhifei Chen\Desktop\pysmell\subjects_for_metrics\sqlmap\thirdparty\bottle\bottle.py,150,6,0,0,0
sqlmap,C:\Users\Zhifei Chen\Desktop\pysmell\subjects_for_metrics\sqlmap\thirdparty\bottle\bottle.py,175,3,0,0,0
sqlmap,C:\Users\Zhifei Chen\Desktop\pysmell\subjects_for_metrics\sqlmap\thirdparty\bottle\bottle.py,189,3,0,0,0
sqlmap,C:\Users\Zhifei Chen\Desktop\pysmell\subjects_for_metrics\sqlmap\thirdparty\bottle\bottle.py,210,2,0,0,0
sqlmap,C:\Users\Zhifei Chen\Desktop\pysmell\subjects_for_metrics\sqlmap\thirdparty\bottle\bottle.py,224,1,0,0,0
sqlmap,C:\Users\Zhifei Chen\Desktop\pysmell\subjects_for_metrics\sqlmap\thirdparty\bottle\bottle.py,228,1,0,0,0
sqlmap,C:\Users\Zhifei Chen\Desktop\pysmell\subjects_for_metrics\sqlmap\thirdparty\bottle\bottle.py,232,1,0,0,0
sqlmap,C:\Users\Zhifei Chen\Desktop\pysmell\subjects_for_metrics\sqlmap\thirdparty\bottle\bottle.py,235,1,0,0,0
sqlmap,C:\Users\Zhifei Chen\Desktop\pysmell\subjects_for_metrics\sqlmap\thirdparty\bottle\bottle.py,239,1,0,0,0
sqlmap,C:\Users\Zhifei Chen\Desktop\pysmell\subjects_for_metrics\sqlmap\thirdparty\bottle\bottle.py,243,14,0,0,0
sqlmap,C:\Users\Zhifei Chen\Desktop\pysmell\subjects_for_metrics\sqlmap\thirdparty\bottle\bottle.py,413,10,0,0,0
sqlmap,C:\Users\Zhifei Chen\Desktop\pysmell\subjects_for_metrics\sqlmap\thirdparty\bottle\bottle.py,508,25,1,0,0
sqlmap,C:\Users\Zhifei Chen\Desktop\pysmell\subjects_for_metrics\sqlmap\thirdparty\bottle\bottle.py,890,46,1,0,1
sqlmap,C:\Users\Zhifei Chen\Desktop\pysmell\subjects_for_metrics\sqlmap\thirdparty\bottle\bottle.py,1254,5,0,0,0
sqlmap,C:\Users\Zhifei Chen\Desktop\pysmell\subjects_for_metrics\sqlmap\thirdparty\bottle\bottle.py,1272,37,1,0,1
sqlmap,C:\Users\Zhifei Chen\Desktop\pysmell\subjects_for_metrics\sqlmap\thirdparty\bottle\bottle.py,1501,3,0,0,0
sqlmap,C:\Users\Zhifei Chen\Desktop\pysmell\subjects_for_metrics\sqlmap\thirdparty\bottle\bottle.py,1511,7,0,0,0
sqlmap,C:\Users\Zhifei Chen\Desktop\pysmell\subjects_for_metrics\sqlmap\thirdparty\bottle\bottle.py,1527,5,0,0,0
sqlmap,C:\Users\Zhifei Chen\Desktop\pysmell\subjects_for_metrics\sqlmap\thirdparty\bottle\bottle.py,1549,3,0,0,0
sqlmap,C:\Users\Zhifei Chen\Desktop\pysmell\subjects_for_metrics\sqlmap\thirdparty\bottle\bottle.py,1564,1,0,0,0
sqlmap,C:\Users\Zhifei Chen\Desktop\pysmell\subjects_for_metrics\sqlmap\thirdparty\bottle\bottle.py,1566,5,0,0,0
sqlmap,C:\Users\Zhifei Chen\Desktop\pysmell\subjects_for_metrics\sqlmap\thirdparty\bottle\bottle.py,1588,11,0,0,0
sqlmap,C:\Users\Zhifei Chen\Desktop\pysmell\subjects_for_metrics\sqlmap\thirdparty\bottle\bottle.py,1633,4,0,0,0
sqlmap,C:\Users\Zhifei Chen\Desktop\pysmell\subjects_for_metrics\sqlmap\thirdparty\bottle\bottle.py,1655,4,0,0,0
sqlmap,C:\Users\Zhifei Chen\Desktop\pysmell\subjects_for_metrics\sqlmap\thirdparty\bottle\bottle.py,1691,30,1,0,0
sqlmap,C:\Users\Zhifei Chen\Desktop\pysmell\subjects_for_metrics\sqlmap\thirdparty\bottle\bottle.py,1765,7,0,0,0
sqlmap,C:\Users\Zhifei Chen\Desktop\pysmell\subjects_for_metrics\sqlmap\thirdparty\bottle\bottle.py,1810,11,0,0,0
sqlmap,C:\Users\Zhifei Chen\Desktop\pysmell\subjects_for_metrics\sqlmap\thirdparty\bottle\bottle.py,1834,12,0,0,0
sqlmap,C:\Users\Zhifei Chen\Desktop\pysmell\subjects_for_metrics\sqlmap\thirdparty\bottle\bottle.py,1883,5,0,0,0
sqlmap,C:\Users\Zhifei Chen\Desktop\pysmell\subjects_for_metrics\sqlmap\thirdparty\bottle\bottle.py,1916,3,0,0,0
sqlmap,C:\Users\Zhifei Chen\Desktop\pysmell\subjects_for_metrics\sqlmap\thirdparty\bottle\bottle.py,1931,3,0,0,0
sqlmap,C:\Users\Zhifei Chen\Desktop\pysmell\subjects_for_metrics\sqlmap\thirdparty\bottle\bottle.py,1946,1,0,0,0
sqlmap,C:\Users\Zhifei Chen\Desktop\pysmell\subjects_for_metrics\sqlmap\thirdparty\bottle\bottle.py,1951,6,0,0,0
sqlmap,C:\Users\Zhifei Chen\Desktop\pysmell\subjects_for_metrics\sqlmap\thirdparty\bottle\bottle.py,2350,5,0,0,0
sqlmap,C:\Users\Zhifei Chen\Desktop\pysmell\subjects_for_metrics\sqlmap\thirdparty\bottle\bottle.py,2365,3,0,0,0
sqlmap,C:\Users\Zhifei Chen\Desktop\pysmell\subjects_for_metrics\sqlmap\thirdparty\bottle\bottle.py,2375,2,0,0,0
sqlmap,C:\Users\Zhifei Chen\Desktop\pysmell\subjects_for_metrics\sqlmap\thirdparty\bottle\bottle.py,2382,2,0,0,0
sqlmap,C:\Users\Zhifei Chen\Desktop\pysmell\subjects_for_metrics\sqlmap\thirdparty\bottle\bottle.py,2386,2,0,0,0
sqlmap,C:\Users\Zhifei Chen\Desktop\pysmell\subjects_for_metrics\sqlmap\thirdparty\bottle\bottle.py,2393,2,0,0,0
sqlmap,C:\Users\Zhifei Chen\Desktop\pysmell\subjects_for_metrics\sqlmap\thirdparty\bottle\bottle.py,2403,2,0,0,0
sqlmap,C:\Users\Zhifei Chen\Desktop\pysmell\subjects_for_metrics\sqlmap\thirdparty\bottle\bottle.py,2409,2,0,0,0
sqlmap,C:\Users\Zhifei Chen\Desktop\pysmell\subjects_for_metrics\sqlmap\thirdparty\bottle\bottle.py,2419,2,0,0,0
sqlmap,C:\Users\Zhifei Chen\Desktop\pysmell\subjects_for_metrics\sqlmap\thirdparty\bottle\bottle.py,2426,2,0,0,0
sqlmap,C:\Users\Zhifei Chen\Desktop\pysmell\subjects_for_metrics\sqlmap\thirdparty\bottle\bottle.py,2448,2,0,0,0
sqlmap,C:\Users\Zhifei Chen\Desktop\pysmell\subjects_for_metrics\sqlmap\thirdparty\bottle\bottle.py,2458,3,0,0,0
sqlmap,C:\Users\Zhifei Chen\Desktop\pysmell\subjects_for_metrics\sqlmap\thirdparty\bottle\bottle.py,2471,2,0,0,0
sqlmap,C:\Users\Zhifei Chen\Desktop\pysmell\subjects_for_metrics\sqlmap\thirdparty\bottle\bottle.py,2485,2,0,0,0
sqlmap,C:\Users\Zhifei Chen\Desktop\pysmell\subjects_for_metrics\sqlmap\thirdparty\bottle\bottle.py,2493,2,0,0,0
sqlmap,C:\Users\Zhifei Chen\Desktop\pysmell\subjects_for_metrics\sqlmap\thirdparty\bottle\bottle.py,2509,2,0,0,0
sqlmap,C:\Users\Zhifei Chen\Desktop\pysmell\subjects_for_metrics\sqlmap\thirdparty\bottle\bottle.py,2517,3,0,0,0
sqlmap,C:\Users\Zhifei Chen\Desktop\pysmell\subjects_for_metrics\sqlmap\thirdparty\bottle\bottle.py,2527,2,0,0,0
sqlmap,C:\Users\Zhifei Chen\Desktop\pysmell\subjects_for_metrics\sqlmap\thirdparty\bottle\bottle.py,2539,2,0,0,0
sqlmap,C:\Users\Zhifei Chen\Desktop\pysmell\subjects_for_metrics\sqlmap\thirdparty\bottle\bottle.py,2547,2,0,0,0
sqlmap,C:\Users\Zhifei Chen\Desktop\pysmell\subjects_for_metrics\sqlmap\thirdparty\bottle\bottle.py,2554,3,0,0,0
sqlmap,C:\Users\Zhifei Chen\Desktop\pysmell\subjects_for_metrics\sqlmap\thirdparty\bottle\bottle.py,2721,5,0,0,0
sqlmap,C:\Users\Zhifei Chen\Desktop\pysmell\subjects_for_metrics\sqlmap\thirdparty\bottle\bottle.py,2770,2,0,0,0
sqlmap,C:\Users\Zhifei Chen\Desktop\pysmell\subjects_for_metrics\sqlmap\thirdparty\bottle\bottle.py,2775,9,0,0,0
sqlmap,C:\Users\Zhifei Chen\Desktop\pysmell\subjects_for_metrics\sqlmap\thirdparty\bottle\bottle.py,2854,3,0,0,0
sqlmap,C:\Users\Zhifei Chen\Desktop\pysmell\subjects_for_metrics\sqlmap\thirdparty\bottle\bottle.py,2873,3,0,0,0
sqlmap,C:\Users\Zhifei Chen\Desktop\pysmell\subjects_for_metrics\sqlmap\thirdparty\bottle\bottle.py,2893,4,0,0,0
sqlmap,C:\Users\Zhifei Chen\Desktop\pysmell\subjects_for_metrics\sqlmap\thirdparty\bottle\bottle.py,2920,3,0,0,0
sqlmap,C:\Users\Zhifei Chen\Desktop\pysmell\subjects_for_metrics\sqlmap\thirdparty\bottle\bottle.py,2945,12,0,0,0
sqlmap,C:\Users\Zhifei Chen\Desktop\pysmell\subjects_for_metrics\sqlmap\thirdparty\chardet\big5prober.py,34,3,0,0,0
sqlmap,C:\Users\Zhifei Chen\Desktop\pysmell\subjects_for_metrics\sqlmap\thirdparty\chardet\chardistribution.py,46,6,0,0,0
sqlmap,C:\Users\Zhifei Chen\Desktop\pysmell\subjects_for_metrics\sqlmap\thirdparty\chardet\chardistribution.py,111,3,0,0,0
sqlmap,C:\Users\Zhifei Chen\Desktop\pysmell\subjects_for_metrics\sqlmap\thirdparty\chardet\chardistribution.py,130,3,0,0,0
sqlmap,C:\Users\Zhifei Chen\Desktop\pysmell\subjects_for_metrics\sqlmap\thirdparty\chardet\chardistribution.py,149,3,0,0,0
sqlmap,C:\Users\Zhifei Chen\Desktop\pysmell\subjects_for_metrics\sqlmap\thirdparty\chardet\chardistribution.py,168,3,0,0,0
sqlmap,C:\Users\Zhifei Chen\Desktop\pysmell\subjects_for_metrics\sqlmap\thirdparty\chardet\chardistribution.py,190,3,0,0,0
sqlmap,C:\Users\Zhifei Chen\Desktop\pysmell\subjects_for_metrics\sqlmap\thirdparty\chardet\chardistribution.py,215,3,0,0,0
sqlmap,C:\Users\Zhifei Chen\Desktop\pysmell\subjects_for_metrics\sqlmap\thirdparty\chardet\charsetgroupprober.py,33,6,0,0,0
sqlmap,C:\Users\Zhifei Chen\Desktop\pysmell\subjects_for_metrics\sqlmap\thirdparty\chardet\charsetprober.py,33,9,0,0,0
sqlmap,C:\Users\Zhifei Chen\Desktop\pysmell\subjects_for_metrics\sqlmap\thirdparty\chardet\codingstatemachine.py,32,5,0,0,0
sqlmap,C:\Users\Zhifei Chen\Desktop\pysmell\subjects_for_metrics\sqlmap\thirdparty\chardet\cp949prober.py,34,3,0,0,0
sqlmap,C:\Users\Zhifei Chen\Desktop\pysmell\subjects_for_metrics\sqlmap\thirdparty\chardet\escprober.py,36,6,0,0,0
sqlmap,C:\Users\Zhifei Chen\Desktop\pysmell\subjects_for_metrics\sqlmap\thirdparty\chardet\eucjpprober.py,37,6,0,0,0
sqlmap,C:\Users\Zhifei Chen\Desktop\pysmell\subjects_for_metrics\sqlmap\thirdparty\chardet\euckrprober.py,34,3,0,0,0
sqlmap,C:\Users\Zhifei Chen\Desktop\pysmell\subjects_for_metrics\sqlmap\thirdparty\chardet\euctwprober.py,33,3,0,0,0
sqlmap,C:\Users\Zhifei Chen\Desktop\pysmell\subjects_for_metrics\sqlmap\thirdparty\chardet\gb2312prober.py,33,3,0,0,0
sqlmap,C:\Users\Zhifei Chen\Desktop\pysmell\subjects_for_metrics\sqlmap\thirdparty\chardet\hebrewprober.py,155,9,0,0,0
sqlmap,C:\Users\Zhifei Chen\Desktop\pysmell\subjects_for_metrics\sqlmap\thirdparty\chardet\jpcntx.py,123,6,0,0,0
sqlmap,C:\Users\Zhifei Chen\Desktop\pysmell\subjects_for_metrics\sqlmap\thirdparty\chardet\jpcntx.py,179,4,0,0,0
sqlmap,C:\Users\Zhifei Chen\Desktop\pysmell\subjects_for_metrics\sqlmap\thirdparty\chardet\jpcntx.py,206,2,0,0,0
sqlmap,C:\Users\Zhifei Chen\Desktop\pysmell\subjects_for_metrics\sqlmap\thirdparty\chardet\latin1prober.py,97,6,0,0,0
sqlmap,C:\Users\Zhifei Chen\Desktop\pysmell\subjects_for_metrics\sqlmap\thirdparty\chardet\mbcharsetprober.py,35,6,0,0,0
sqlmap,C:\Users\Zhifei Chen\Desktop\pysmell\subjects_for_metrics\sqlmap\thirdparty\chardet\mbcsgroupprober.py,41,2,0,0,0
sqlmap,C:\Users\Zhifei Chen\Desktop\pysmell\subjects_for_metrics\sqlmap\thirdparty\chardet\sbcharsetprober.py,44,6,0,0,0
sqlmap,C:\Users\Zhifei Chen\Desktop\pysmell\subjects_for_metrics\sqlmap\thirdparty\chardet\sbcsgroupprober.py,42,2,0,0,0
sqlmap,C:\Users\Zhifei Chen\Desktop\pysmell\subjects_for_metrics\sqlmap\thirdparty\chardet\sjisprober.py,37,6,0,0,0
sqlmap,C:\Users\Zhifei Chen\Desktop\pysmell\subjects_for_metrics\sqlmap\thirdparty\chardet\universaldetector.py,44,4,0,0,0
sqlmap,C:\Users\Zhifei Chen\Desktop\pysmell\subjects_for_metrics\sqlmap\thirdparty\chardet\utf8prober.py,36,6,0,0,0
sqlmap,C:\Users\Zhifei Chen\Desktop\pysmell\subjects_for_metrics\sqlmap\thirdparty\clientform\clientform.py,139,1,0,0,0
sqlmap,C:\Users\Zhifei Chen\Desktop\pysmell\subjects_for_metrics\sqlmap\thirdparty\clientform\clientform.py,299,7,0,0,0
sqlmap,C:\Users\Zhifei Chen\Desktop\pysmell\subjects_for_metrics\sqlmap\thirdparty\clientform\clientform.py,443,1,0,0,0
sqlmap,C:\Users\Zhifei Chen\Desktop\pysmell\subjects_for_metrics\sqlmap\thirdparty\clientform\clientform.py,444,1,0,0,0
sqlmap,C:\Users\Zhifei Chen\Desktop\pysmell\subjects_for_metrics\sqlmap\thirdparty\clientform\clientform.py,445,1,0,0,0
sqlmap,C:\Users\Zhifei Chen\Desktop\pysmell\subjects_for_metrics\sqlmap\thirdparty\clientform\clientform.py,446,1,0,0,0
sqlmap,C:\Users\Zhifei Chen\Desktop\pysmell\subjects_for_metrics\sqlmap\thirdparty\clientform\clientform.py,448,1,0,0,0
sqlmap,C:\Users\Zhifei Chen\Desktop\pysmell\subjects_for_metrics\sqlmap\thirdparty\clientform\clientform.py,454,3,0,0,0
sqlmap,C:\Users\Zhifei Chen\Desktop\pysmell\subjects_for_metrics\sqlmap\thirdparty\clientform\clientform.py,461,2,0,0,0
sqlmap,C:\Users\Zhifei Chen\Desktop\pysmell\subjects_for_metrics\sqlmap\thirdparty\clientform\clientform.py,465,2,0,0,0
sqlmap,C:\Users\Zhifei Chen\Desktop\pysmell\subjects_for_metrics\sqlmap\thirdparty\clientform\clientform.py,469,27,1,0,0
sqlmap,C:\Users\Zhifei Chen\Desktop\pysmell\subjects_for_metrics\sqlmap\thirdparty\clientform\clientform.py,781,1,0,0,0
sqlmap,C:\Users\Zhifei Chen\Desktop\pysmell\subjects_for_metrics\sqlmap\thirdparty\clientform\clientform.py,785,11,0,0,0
sqlmap,C:\Users\Zhifei Chen\Desktop\pysmell\subjects_for_metrics\sqlmap\thirdparty\clientform\clientform.py,840,11,0,0,0
sqlmap,C:\Users\Zhifei Chen\Desktop\pysmell\subjects_for_metrics\sqlmap\thirdparty\clientform\clientform.py,864,4,0,0,0
sqlmap,C:\Users\Zhifei Chen\Desktop\pysmell\subjects_for_metrics\sqlmap\thirdparty\clientform\clientform.py,888,6,0,0,0
sqlmap,C:\Users\Zhifei Chen\Desktop\pysmell\subjects_for_metrics\sqlmap\thirdparty\clientform\clientform.py,905,2,0,0,0
sqlmap,C:\Users\Zhifei Chen\Desktop\pysmell\subjects_for_metrics\sqlmap\thirdparty\clientform\clientform.py,909,2,0,0,0
sqlmap,C:\Users\Zhifei Chen\Desktop\pysmell\subjects_for_metrics\sqlmap\thirdparty\clientform\clientform.py,1146,4,0,0,0
sqlmap,C:\Users\Zhifei Chen\Desktop\pysmell\subjects_for_metrics\sqlmap\thirdparty\clientform\clientform.py,1179,12,0,0,0
sqlmap,C:\Users\Zhifei Chen\Desktop\pysmell\subjects_for_metrics\sqlmap\thirdparty\clientform\clientform.py,1300,7,0,0,0
sqlmap,C:\Users\Zhifei Chen\Desktop\pysmell\subjects_for_metrics\sqlmap\thirdparty\clientform\clientform.py,1378,3,0,0,0
sqlmap,C:\Users\Zhifei Chen\Desktop\pysmell\subjects_for_metrics\sqlmap\thirdparty\clientform\clientform.py,1398,9,0,0,0
sqlmap,C:\Users\Zhifei Chen\Desktop\pysmell\subjects_for_metrics\sqlmap\thirdparty\clientform\clientform.py,1502,6,0,0,0
sqlmap,C:\Users\Zhifei Chen\Desktop\pysmell\subjects_for_metrics\sqlmap\thirdparty\clientform\clientform.py,1572,4,0,0,0
sqlmap,C:\Users\Zhifei Chen\Desktop\pysmell\subjects_for_metrics\sqlmap\thirdparty\clientform\clientform.py,1611,6,0,0,0
sqlmap,C:\Users\Zhifei Chen\Desktop\pysmell\subjects_for_metrics\sqlmap\thirdparty\clientform\clientform.py,1694,32,1,0,0
sqlmap,C:\Users\Zhifei Chen\Desktop\pysmell\subjects_for_metrics\sqlmap\thirdparty\clientform\clientform.py,2274,4,0,0,0
sqlmap,C:\Users\Zhifei Chen\Desktop\pysmell\subjects_for_metrics\sqlmap\thirdparty\clientform\clientform.py,2307,3,0,0,0
sqlmap,C:\Users\Zhifei Chen\Desktop\pysmell\subjects_for_metrics\sqlmap\thirdparty\clientform\clientform.py,2326,3,0,0,0
sqlmap,C:\Users\Zhifei Chen\Desktop\pysmell\subjects_for_metrics\sqlmap\thirdparty\clientform\clientform.py,2441,6,0,0,0
sqlmap,C:\Users\Zhifei Chen\Desktop\pysmell\subjects_for_metrics\sqlmap\thirdparty\clientform\clientform.py,2479,4,0,0,0
sqlmap,C:\Users\Zhifei Chen\Desktop\pysmell\subjects_for_metrics\sqlmap\thirdparty\clientform\clientform.py,2510,1,0,0,0
sqlmap,C:\Users\Zhifei Chen\Desktop\pysmell\subjects_for_metrics\sqlmap\thirdparty\clientform\clientform.py,2511,1,0,0,0
sqlmap,C:\Users\Zhifei Chen\Desktop\pysmell\subjects_for_metrics\sqlmap\thirdparty\clientform\clientform.py,2512,1,0,0,0
sqlmap,C:\Users\Zhifei Chen\Desktop\pysmell\subjects_for_metrics\sqlmap\thirdparty\clientform\clientform.py,2513,1,0,0,0
sqlmap,C:\Users\Zhifei Chen\Desktop\pysmell\subjects_for_metrics\sqlmap\thirdparty\clientform\clientform.py,2519,50,1,0,1
sqlmap,C:\Users\Zhifei Chen\Desktop\pysmell\subjects_for_metrics\sqlmap\thirdparty\colorama\ansi.py,11,2,0,0,0
sqlmap,C:\Users\Zhifei Chen\Desktop\pysmell\subjects_for_metrics\sqlmap\thirdparty\colorama\ansi.py,18,9,0,0,0
sqlmap,C:\Users\Zhifei Chen\Desktop\pysmell\subjects_for_metrics\sqlmap\thirdparty\colorama\ansi.py,29,9,0,0,0
sqlmap,C:\Users\Zhifei Chen\Desktop\pysmell\subjects_for_metrics\sqlmap\thirdparty\colorama\ansi.py,40,4,0,0,0
sqlmap,C:\Users\Zhifei Chen\Desktop\pysmell\subjects_for_metrics\sqlmap\thirdparty\colorama\ansitowin32.py,18,4,0,0,0
sqlmap,C:\Users\Zhifei Chen\Desktop\pysmell\subjects_for_metrics\sqlmap\thirdparty\colorama\ansitowin32.py,37,12,0,0,0
sqlmap,C:\Users\Zhifei Chen\Desktop\pysmell\subjects_for_metrics\sqlmap\thirdparty\colorama\winterm.py,6,9,0,0,0
sqlmap,C:\Users\Zhifei Chen\Desktop\pysmell\subjects_for_metrics\sqlmap\thirdparty\colorama\winterm.py,17,3,0,0,0
sqlmap,C:\Users\Zhifei Chen\Desktop\pysmell\subjects_for_metrics\sqlmap\thirdparty\colorama\winterm.py,22,13,0,0,0
sqlmap,C:\Users\Zhifei Chen\Desktop\pysmell\subjects_for_metrics\sqlmap\thirdparty\gprof2dot\gprof2dot.py,80,3,0,0,0
sqlmap,C:\Users\Zhifei Chen\Desktop\pysmell\subjects_for_metrics\sqlmap\thirdparty\gprof2dot\gprof2dot.py,91,7,0,0,0
sqlmap,C:\Users\Zhifei Chen\Desktop\pysmell\subjects_for_metrics\sqlmap\thirdparty\gprof2dot\gprof2dot.py,131,7,0,0,0
sqlmap,C:\Users\Zhifei Chen\Desktop\pysmell\subjects_for_metrics\sqlmap\thirdparty\gprof2dot\gprof2dot.py,163,2,0,0,0
sqlmap,C:\Users\Zhifei Chen\Desktop\pysmell\subjects_for_metrics\sqlmap\thirdparty\gprof2dot\gprof2dot.py,176,4,0,0,0
sqlmap,C:\Users\Zhifei Chen\Desktop\pysmell\subjects_for_metrics\sqlmap\thirdparty\gprof2dot\gprof2dot.py,201,3,0,0,0
sqlmap,C:\Users\Zhifei Chen\Desktop\pysmell\subjects_for_metrics\sqlmap\thirdparty\gprof2dot\gprof2dot.py,220,20,0,0,0
sqlmap,C:\Users\Zhifei Chen\Desktop\pysmell\subjects_for_metrics\sqlmap\thirdparty\gprof2dot\gprof2dot.py,544,5,0,0,0
sqlmap,C:\Users\Zhifei Chen\Desktop\pysmell\subjects_for_metrics\sqlmap\thirdparty\gprof2dot\gprof2dot.py,568,3,0,0,0
sqlmap,C:\Users\Zhifei Chen\Desktop\pysmell\subjects_for_metrics\sqlmap\thirdparty\gprof2dot\gprof2dot.py,580,2,0,0,0
sqlmap,C:\Users\Zhifei Chen\Desktop\pysmell\subjects_for_metrics\sqlmap\thirdparty\gprof2dot\gprof2dot.py,590,6,0,0,0
sqlmap,C:\Users\Zhifei Chen\Desktop\pysmell\subjects_for_metrics\sqlmap\thirdparty\gprof2dot\gprof2dot.py,624,2,0,0,0
sqlmap,C:\Users\Zhifei Chen\Desktop\pysmell\subjects_for_metrics\sqlmap\thirdparty\gprof2dot\gprof2dot.py,646,7,0,0,0
sqlmap,C:\Users\Zhifei Chen\Desktop\pysmell\subjects_for_metrics\sqlmap\thirdparty\gprof2dot\gprof2dot.py,716,3,0,0,0
sqlmap,C:\Users\Zhifei Chen\Desktop\pysmell\subjects_for_metrics\sqlmap\thirdparty\gprof2dot\gprof2dot.py,726,8,0,0,0
sqlmap,C:\Users\Zhifei Chen\Desktop\pysmell\subjects_for_metrics\sqlmap\thirdparty\gprof2dot\gprof2dot.py,773,51,1,0,1
sqlmap,C:\Users\Zhifei Chen\Desktop\pysmell\subjects_for_metrics\sqlmap\thirdparty\gprof2dot\gprof2dot.py,1035,48,1,0,1
sqlmap,C:\Users\Zhifei Chen\Desktop\pysmell\subjects_for_metrics\sqlmap\thirdparty\gprof2dot\gprof2dot.py,1320,21,0,0,0
sqlmap,C:\Users\Zhifei Chen\Desktop\pysmell\subjects_for_metrics\sqlmap\thirdparty\gprof2dot\gprof2dot.py,1487,8,0,0,0
sqlmap,C:\Users\Zhifei Chen\Desktop\pysmell\subjects_for_metrics\sqlmap\thirdparty\gprof2dot\gprof2dot.py,1604,5,0,0,0
sqlmap,C:\Users\Zhifei Chen\Desktop\pysmell\subjects_for_metrics\sqlmap\thirdparty\gprof2dot\gprof2dot.py,1699,6,0,0,0
sqlmap,C:\Users\Zhifei Chen\Desktop\pysmell\subjects_for_metrics\sqlmap\thirdparty\gprof2dot\gprof2dot.py,1801,11,0,0,0
sqlmap,C:\Users\Zhifei Chen\Desktop\pysmell\subjects_for_metrics\sqlmap\thirdparty\gprof2dot\gprof2dot.py,1891,4,0,0,0
sqlmap,C:\Users\Zhifei Chen\Desktop\pysmell\subjects_for_metrics\sqlmap\thirdparty\gprof2dot\gprof2dot.py,1918,16,0,0,0
sqlmap,C:\Users\Zhifei Chen\Desktop\pysmell\subjects_for_metrics\sqlmap\thirdparty\gprof2dot\gprof2dot.py,2058,4,0,0,0
sqlmap,C:\Users\Zhifei Chen\Desktop\pysmell\subjects_for_metrics\sqlmap\thirdparty\gprof2dot\gprof2dot.py,2131,15,0,0,0
sqlmap,C:\Users\Zhifei Chen\Desktop\pysmell\subjects_for_metrics\sqlmap\thirdparty\gprof2dot\gprof2dot.py,2276,12,0,0,0
sqlmap,C:\Users\Zhifei Chen\Desktop\pysmell\subjects_for_metrics\sqlmap\thirdparty\gprof2dot\gprof2dot.py,2429,13,0,0,0
sqlmap,C:\Users\Zhifei Chen\Desktop\pysmell\subjects_for_metrics\sqlmap\thirdparty\keepalive\keepalive.py,87,10,0,0,0
sqlmap,C:\Users\Zhifei Chen\Desktop\pysmell\subjects_for_metrics\sqlmap\thirdparty\keepalive\keepalive.py,212,9,0,0,0
sqlmap,C:\Users\Zhifei Chen\Desktop\pysmell\subjects_for_metrics\sqlmap\thirdparty\keepalive\keepalive.py,302,7,0,0,0
sqlmap,C:\Users\Zhifei Chen\Desktop\pysmell\subjects_for_metrics\sqlmap\thirdparty\magic\magic.py,20,2,0,0,0
sqlmap,C:\Users\Zhifei Chen\Desktop\pysmell\subjects_for_metrics\sqlmap\thirdparty\magic\magic.py,23,4,0,0,0
sqlmap,C:\Users\Zhifei Chen\Desktop\pysmell\subjects_for_metrics\sqlmap\thirdparty\multipart\multipartpost.py,35,1,0,0,0
sqlmap,C:\Users\Zhifei Chen\Desktop\pysmell\subjects_for_metrics\sqlmap\thirdparty\multipart\multipartpost.py,44,6,0,0,0
sqlmap,C:\Users\Zhifei Chen\Desktop\pysmell\subjects_for_metrics\sqlmap\thirdparty\odict\odict.py,36,37,1,0,1
sqlmap,C:\Users\Zhifei Chen\Desktop\pysmell\subjects_for_metrics\sqlmap\thirdparty\odict\odict.py,877,32,1,0,0
sqlmap,C:\Users\Zhifei Chen\Desktop\pysmell\subjects_for_metrics\sqlmap\thirdparty\odict\odict.py,969,32,1,0,0
sqlmap,C:\Users\Zhifei Chen\Desktop\pysmell\subjects_for_metrics\sqlmap\thirdparty\odict\odict.py,1079,32,1,0,0
sqlmap,C:\Users\Zhifei Chen\Desktop\pysmell\subjects_for_metrics\sqlmap\thirdparty\odict\odict.py,1169,3,0,0,0
sqlmap,C:\Users\Zhifei Chen\Desktop\pysmell\subjects_for_metrics\sqlmap\thirdparty\oset\pyoset.py,18,13,0,0,0
sqlmap,C:\Users\Zhifei Chen\Desktop\pysmell\subjects_for_metrics\sqlmap\thirdparty\oset\_abc.py,16,1,0,0,0
sqlmap,C:\Users\Zhifei Chen\Desktop\pysmell\subjects_for_metrics\sqlmap\thirdparty\oset\_abc.py,43,7,0,0,0
sqlmap,C:\Users\Zhifei Chen\Desktop\pysmell\subjects_for_metrics\sqlmap\thirdparty\oset\_abc.py,174,3,0,0,0
sqlmap,C:\Users\Zhifei Chen\Desktop\pysmell\subjects_for_metrics\sqlmap\thirdparty\oset\_abc.py,189,3,0,0,0
sqlmap,C:\Users\Zhifei Chen\Desktop\pysmell\subjects_for_metrics\sqlmap\thirdparty\oset\_abc.py,204,3,0,0,0
sqlmap,C:\Users\Zhifei Chen\Desktop\pysmell\subjects_for_metrics\sqlmap\thirdparty\oset\_abc.py,222,15,0,0,0
sqlmap,C:\Users\Zhifei Chen\Desktop\pysmell\subjects_for_metrics\sqlmap\thirdparty\oset\_abc.py,345,10,0,0,0
sqlmap,C:\Users\Zhifei Chen\Desktop\pysmell\subjects_for_metrics\sqlmap\thirdparty\oset\_abc.py,409,13,0,0,0
sqlmap,C:\Users\Zhifei Chen\Desktop\pysmell\subjects_for_metrics\sqlmap\thirdparty\pydes\pyDes.py,107,15,0,0,0
sqlmap,C:\Users\Zhifei Chen\Desktop\pysmell\subjects_for_metrics\sqlmap\thirdparty\pydes\pyDes.py,247,98,1,1,1
sqlmap,C:\Users\Zhifei Chen\Desktop\pysmell\subjects_for_metrics\sqlmap\thirdparty\pydes\pyDes.py,693,9,0,0,0
sqlmap,C:\Users\Zhifei Chen\Desktop\pysmell\subjects_for_metrics\sqlmap\thirdparty\socks\socks.py,58,1,0,0,0
sqlmap,C:\Users\Zhifei Chen\Desktop\pysmell\subjects_for_metrics\sqlmap\thirdparty\socks\socks.py,59,1,0,0,0
sqlmap,C:\Users\Zhifei Chen\Desktop\pysmell\subjects_for_metrics\sqlmap\thirdparty\socks\socks.py,60,1,0,0,0
sqlmap,C:\Users\Zhifei Chen\Desktop\pysmell\subjects_for_metrics\sqlmap\thirdparty\socks\socks.py,61,1,0,0,0
sqlmap,C:\Users\Zhifei Chen\Desktop\pysmell\subjects_for_metrics\sqlmap\thirdparty\socks\socks.py,62,1,0,0,0
sqlmap,C:\Users\Zhifei Chen\Desktop\pysmell\subjects_for_metrics\sqlmap\thirdparty\socks\socks.py,63,1,0,0,0
sqlmap,C:\Users\Zhifei Chen\Desktop\pysmell\subjects_for_metrics\sqlmap\thirdparty\socks\socks.py,120,11,0,0,0
sqlmap,C:\Users\Zhifei Chen\Desktop\pysmell\subjects_for_metrics\sqlmap\thirdparty\xdot\xdot.py,50,3,0,0,0
sqlmap,C:\Users\Zhifei Chen\Desktop\pysmell\subjects_for_metrics\sqlmap\thirdparty\xdot\xdot.py,75,3,0,0,0
sqlmap,C:\Users\Zhifei Chen\Desktop\pysmell\subjects_for_metrics\sqlmap\thirdparty\xdot\xdot.py,94,4,0,0,0
sqlmap,C:\Users\Zhifei Chen\Desktop\pysmell\subjects_for_metrics\sqlmap\thirdparty\xdot\xdot.py,195,3,0,0,0
sqlmap,C:\Users\Zhifei Chen\Desktop\pysmell\subjects_for_metrics\sqlmap\thirdparty\xdot\xdot.py,224,3,0,0,0
sqlmap,C:\Users\Zhifei Chen\Desktop\pysmell\subjects_for_metrics\sqlmap\thirdparty\xdot\xdot.py,250,3,0,0,0
sqlmap,C:\Users\Zhifei Chen\Desktop\pysmell\subjects_for_metrics\sqlmap\thirdparty\xdot\xdot.py,269,3,0,0,0
sqlmap,C:\Users\Zhifei Chen\Desktop\pysmell\subjects_for_metrics\sqlmap\thirdparty\xdot\xdot.py,297,3,0,0,0
sqlmap,C:\Users\Zhifei Chen\Desktop\pysmell\subjects_for_metrics\sqlmap\thirdparty\xdot\xdot.py,308,2,0,0,0
sqlmap,C:\Users\Zhifei Chen\Desktop\pysmell\subjects_for_metrics\sqlmap\thirdparty\xdot\xdot.py,318,2,0,0,0
sqlmap,C:\Users\Zhifei Chen\Desktop\pysmell\subjects_for_metrics\sqlmap\thirdparty\xdot\xdot.py,329,4,0,0,0
sqlmap,C:\Users\Zhifei Chen\Desktop\pysmell\subjects_for_metrics\sqlmap\thirdparty\xdot\xdot.py,342,5,0,0,0
sqlmap,C:\Users\Zhifei Chen\Desktop\pysmell\subjects_for_metrics\sqlmap\thirdparty\xdot\xdot.py,380,4,0,0,0
sqlmap,C:\Users\Zhifei Chen\Desktop\pysmell\subjects_for_metrics\sqlmap\thirdparty\xdot\xdot.py,398,6,0,0,0
sqlmap,C:\Users\Zhifei Chen\Desktop\pysmell\subjects_for_metrics\sqlmap\thirdparty\xdot\xdot.py,446,22,0,0,0
sqlmap,C:\Users\Zhifei Chen\Desktop\pysmell\subjects_for_metrics\sqlmap\thirdparty\xdot\xdot.py,670,3,0,0,0
sqlmap,C:\Users\Zhifei Chen\Desktop\pysmell\subjects_for_metrics\sqlmap\thirdparty\xdot\xdot.py,682,6,0,0,0
sqlmap,C:\Users\Zhifei Chen\Desktop\pysmell\subjects_for_metrics\sqlmap\thirdparty\xdot\xdot.py,716,1,0,0,0
sqlmap,C:\Users\Zhifei Chen\Desktop\pysmell\subjects_for_metrics\sqlmap\thirdparty\xdot\xdot.py,725,6,0,0,0
sqlmap,C:\Users\Zhifei Chen\Desktop\pysmell\subjects_for_metrics\sqlmap\thirdparty\xdot\xdot.py,810,4,0,0,0
sqlmap,C:\Users\Zhifei Chen\Desktop\pysmell\subjects_for_metrics\sqlmap\thirdparty\xdot\xdot.py,857,28,1,0,0
sqlmap,C:\Users\Zhifei Chen\Desktop\pysmell\subjects_for_metrics\sqlmap\thirdparty\xdot\xdot.py,911,3,0,0,0
sqlmap,C:\Users\Zhifei Chen\Desktop\pysmell\subjects_for_metrics\sqlmap\thirdparty\xdot\xdot.py,939,13,0,0,0
sqlmap,C:\Users\Zhifei Chen\Desktop\pysmell\subjects_for_metrics\sqlmap\thirdparty\xdot\xdot.py,1060,9,0,0,0
sqlmap,C:\Users\Zhifei Chen\Desktop\pysmell\subjects_for_metrics\sqlmap\thirdparty\xdot\xdot.py,1166,6,0,0,0
sqlmap,C:\Users\Zhifei Chen\Desktop\pysmell\subjects_for_metrics\sqlmap\thirdparty\xdot\xdot.py,1187,3,0,0,0
sqlmap,C:\Users\Zhifei Chen\Desktop\pysmell\subjects_for_metrics\sqlmap\thirdparty\xdot\xdot.py,1196,5,0,0,0
sqlmap,C:\Users\Zhifei Chen\Desktop\pysmell\subjects_for_metrics\sqlmap\thirdparty\xdot\xdot.py,1213,3,0,0,0
sqlmap,C:\Users\Zhifei Chen\Desktop\pysmell\subjects_for_metrics\sqlmap\thirdparty\xdot\xdot.py,1230,3,0,0,0
sqlmap,C:\Users\Zhifei Chen\Desktop\pysmell\subjects_for_metrics\sqlmap\thirdparty\xdot\xdot.py,1256,10,0,0,0
sqlmap,C:\Users\Zhifei Chen\Desktop\pysmell\subjects_for_metrics\sqlmap\thirdparty\xdot\xdot.py,1298,2,0,0,0
sqlmap,C:\Users\Zhifei Chen\Desktop\pysmell\subjects_for_metrics\sqlmap\thirdparty\xdot\xdot.py,1317,5,0,0,0
sqlmap,C:\Users\Zhifei Chen\Desktop\pysmell\subjects_for_metrics\sqlmap\thirdparty\xdot\xdot.py,1333,3,0,0,0
sqlmap,C:\Users\Zhifei Chen\Desktop\pysmell\subjects_for_metrics\sqlmap\thirdparty\xdot\xdot.py,1344,5,0,0,0
sqlmap,C:\Users\Zhifei Chen\Desktop\pysmell\subjects_for_metrics\sqlmap\thirdparty\xdot\xdot.py,1375,36,1,0,0
sqlmap,C:\Users\Zhifei Chen\Desktop\pysmell\subjects_for_metrics\sqlmap\thirdparty\xdot\xdot.py,1691,11,0,0,0
