subject,file,lineno,NOC,PAR,NOO,experience-based,statistics-based,tuning machine
sqlmap,C:\Users\Zhifei Chen\Desktop\pysmell\subjects_for_metrics\sqlmap\extra\safe2bin\safe2bin.py,29,46,1,3,0,0,0
sqlmap,C:\Users\Zhifei Chen\Desktop\pysmell\subjects_for_metrics\sqlmap\extra\safe2bin\safe2bin.py,53,109,2,24,1,1,1
sqlmap,C:\Users\Zhifei Chen\Desktop\pysmell\subjects_for_metrics\sqlmap\lib\controller\controller.py,167,27,1,3,0,0,0
sqlmap,C:\Users\Zhifei Chen\Desktop\pysmell\subjects_for_metrics\sqlmap\lib\controller\controller.py,227,19,1,7,0,0,0
sqlmap,C:\Users\Zhifei Chen\Desktop\pysmell\subjects_for_metrics\sqlmap\lib\controller\controller.py,241,32,1,7,0,0,0
sqlmap,C:\Users\Zhifei Chen\Desktop\pysmell\subjects_for_metrics\sqlmap\lib\core\agent.py,303,30,2,9,0,0,0
sqlmap,C:\Users\Zhifei Chen\Desktop\pysmell\subjects_for_metrics\sqlmap\lib\core\common.py,1321,44,1,4,0,0,0
sqlmap,C:\Users\Zhifei Chen\Desktop\pysmell\subjects_for_metrics\sqlmap\lib\core\common.py,1327,41,1,4,0,0,0
sqlmap,C:\Users\Zhifei Chen\Desktop\pysmell\subjects_for_metrics\sqlmap\lib\core\common.py,1706,34,2,8,0,0,0
sqlmap,C:\Users\Zhifei Chen\Desktop\pysmell\subjects_for_metrics\sqlmap\lib\core\common.py,1916,33,2,10,0,0,0
sqlmap,C:\Users\Zhifei Chen\Desktop\pysmell\subjects_for_metrics\sqlmap\lib\core\common.py,2175,29,1,4,0,0,0
sqlmap,C:\Users\Zhifei Chen\Desktop\pysmell\subjects_for_metrics\sqlmap\lib\core\common.py,2310,12,1,3,0,0,0
sqlmap,C:\Users\Zhifei Chen\Desktop\pysmell\subjects_for_metrics\sqlmap\lib\core\common.py,2336,25,2,5,0,0,0
sqlmap,C:\Users\Zhifei Chen\Desktop\pysmell\subjects_for_metrics\sqlmap\lib\core\common.py,2376,16,1,3,0,0,0
sqlmap,C:\Users\Zhifei Chen\Desktop\pysmell\subjects_for_metrics\sqlmap\lib\core\common.py,2825,20,1,3,0,0,0
sqlmap,C:\Users\Zhifei Chen\Desktop\pysmell\subjects_for_metrics\sqlmap\lib\core\common.py,2894,31,1,7,0,0,0
sqlmap,C:\Users\Zhifei Chen\Desktop\pysmell\subjects_for_metrics\sqlmap\lib\core\common.py,3046,19,1,4,0,0,0
sqlmap,C:\Users\Zhifei Chen\Desktop\pysmell\subjects_for_metrics\sqlmap\lib\core\common.py,3353,14,1,3,0,0,0
sqlmap,C:\Users\Zhifei Chen\Desktop\pysmell\subjects_for_metrics\sqlmap\lib\core\common.py,3410,54,1,13,1,0,0
sqlmap,C:\Users\Zhifei Chen\Desktop\pysmell\subjects_for_metrics\sqlmap\lib\core\common.py,3919,31,1,7,0,0,0
sqlmap,C:\Users\Zhifei Chen\Desktop\pysmell\subjects_for_metrics\sqlmap\lib\core\common.py,3920,68,2,21,1,0,0
sqlmap,C:\Users\Zhifei Chen\Desktop\pysmell\subjects_for_metrics\sqlmap\lib\core\convert.py,145,30,2,9,0,0,0
sqlmap,C:\Users\Zhifei Chen\Desktop\pysmell\subjects_for_metrics\sqlmap\lib\core\dump.py,185,50,1,9,1,0,0
sqlmap,C:\Users\Zhifei Chen\Desktop\pysmell\subjects_for_metrics\sqlmap\lib\core\dump.py,279,50,1,9,1,0,0
sqlmap,C:\Users\Zhifei Chen\Desktop\pysmell\subjects_for_metrics\sqlmap\lib\core\dump.py,371,50,1,9,1,0,0
sqlmap,C:\Users\Zhifei Chen\Desktop\pysmell\subjects_for_metrics\sqlmap\lib\core\dump.py,452,39,1,9,0,0,0
sqlmap,C:\Users\Zhifei Chen\Desktop\pysmell\subjects_for_metrics\sqlmap\lib\core\option.py,878,12,1,3,0,0,0
sqlmap,C:\Users\Zhifei Chen\Desktop\pysmell\subjects_for_metrics\sqlmap\lib\core\option.py,1682,32,1,5,0,0,0
sqlmap,C:\Users\Zhifei Chen\Desktop\pysmell\subjects_for_metrics\sqlmap\lib\core\option.py,1936,25,1,5,0,0,0
sqlmap,C:\Users\Zhifei Chen\Desktop\pysmell\subjects_for_metrics\sqlmap\lib\core\option.py,1970,32,1,5,0,0,0
sqlmap,C:\Users\Zhifei Chen\Desktop\pysmell\subjects_for_metrics\sqlmap\lib\core\option.py,1972,32,1,5,0,0,0
sqlmap,C:\Users\Zhifei Chen\Desktop\pysmell\subjects_for_metrics\sqlmap\lib\core\option.py,1974,32,1,5,0,0,0
sqlmap,C:\Users\Zhifei Chen\Desktop\pysmell\subjects_for_metrics\sqlmap\lib\core\target.py,425,33,1,4,0,0,0
sqlmap,C:\Users\Zhifei Chen\Desktop\pysmell\subjects_for_metrics\sqlmap\lib\core\xmldump.py,292,17,1,3,0,0,0
sqlmap,C:\Users\Zhifei Chen\Desktop\pysmell\subjects_for_metrics\sqlmap\lib\core\xmldump.py,325,17,1,3,0,0,0
sqlmap,C:\Users\Zhifei Chen\Desktop\pysmell\subjects_for_metrics\sqlmap\lib\core\xmldump.py,356,17,1,3,0,0,0
sqlmap,C:\Users\Zhifei Chen\Desktop\pysmell\subjects_for_metrics\sqlmap\lib\core\xmldump.py,384,17,1,3,0,0,0
sqlmap,C:\Users\Zhifei Chen\Desktop\pysmell\subjects_for_metrics\sqlmap\lib\parse\headers.py,35,27,1,4,0,0,0
sqlmap,C:\Users\Zhifei Chen\Desktop\pysmell\subjects_for_metrics\sqlmap\lib\request\basic.py,105,155,1,25,1,1,1
sqlmap,C:\Users\Zhifei Chen\Desktop\pysmell\subjects_for_metrics\sqlmap\lib\request\basic.py,284,67,1,21,1,0,0
sqlmap,C:\Users\Zhifei Chen\Desktop\pysmell\subjects_for_metrics\sqlmap\lib\request\basic.py,288,32,1,7,0,0,0
sqlmap,C:\Users\Zhifei Chen\Desktop\pysmell\subjects_for_metrics\sqlmap\lib\request\basic.py,291,93,1,23,1,1,1
sqlmap,C:\Users\Zhifei Chen\Desktop\pysmell\subjects_for_metrics\sqlmap\lib\request\basic.py,308,94,1,23,1,1,1
sqlmap,C:\Users\Zhifei Chen\Desktop\pysmell\subjects_for_metrics\sqlmap\lib\request\connect.py,258,16,2,3,0,0,0
sqlmap,C:\Users\Zhifei Chen\Desktop\pysmell\subjects_for_metrics\sqlmap\lib\request\connect.py,258,49,1,10,0,0,0
sqlmap,C:\Users\Zhifei Chen\Desktop\pysmell\subjects_for_metrics\sqlmap\lib\request\httpshandler.py,66,31,1,4,0,0,0
sqlmap,C:\Users\Zhifei Chen\Desktop\pysmell\subjects_for_metrics\sqlmap\lib\techniques\brute\use.py,266,36,1,11,0,0,0
sqlmap,C:\Users\Zhifei Chen\Desktop\pysmell\subjects_for_metrics\sqlmap\lib\techniques\union\test.py,118,12,1,3,0,0,0
sqlmap,C:\Users\Zhifei Chen\Desktop\pysmell\subjects_for_metrics\sqlmap\lib\techniques\union\test.py,119,12,1,3,0,0,0
sqlmap,C:\Users\Zhifei Chen\Desktop\pysmell\subjects_for_metrics\sqlmap\lib\techniques\union\test.py,134,31,1,7,0,0,0
sqlmap,C:\Users\Zhifei Chen\Desktop\pysmell\subjects_for_metrics\sqlmap\lib\techniques\union\test.py,137,31,1,7,0,0,0
sqlmap,C:\Users\Zhifei Chen\Desktop\pysmell\subjects_for_metrics\sqlmap\lib\techniques\union\use.py,83,32,2,6,0,0,0
sqlmap,C:\Users\Zhifei Chen\Desktop\pysmell\subjects_for_metrics\sqlmap\lib\utils\hash.py,141,56,1,12,1,0,0
sqlmap,C:\Users\Zhifei Chen\Desktop\pysmell\subjects_for_metrics\sqlmap\lib\utils\hash.py,159,56,1,12,1,0,0
sqlmap,C:\Users\Zhifei Chen\Desktop\pysmell\subjects_for_metrics\sqlmap\lib\utils\hash.py,175,56,1,12,1,0,0
sqlmap,C:\Users\Zhifei Chen\Desktop\pysmell\subjects_for_metrics\sqlmap\lib\utils\hash.py,863,43,1,15,0,0,0
sqlmap,C:\Users\Zhifei Chen\Desktop\pysmell\subjects_for_metrics\sqlmap\lib\utils\pivotdumptable.py,64,30,1,6,0,0,0
sqlmap,C:\Users\Zhifei Chen\Desktop\pysmell\subjects_for_metrics\sqlmap\lib\utils\purge.py,67,53,2,13,1,0,0
sqlmap,C:\Users\Zhifei Chen\Desktop\pysmell\subjects_for_metrics\sqlmap\plugins\dbms\maxdb\enumeration.py,26,35,1,8,0,0,0
sqlmap,C:\Users\Zhifei Chen\Desktop\pysmell\subjects_for_metrics\sqlmap\tamper\bluecoat.py,47,26,1,3,0,0,0
sqlmap,C:\Users\Zhifei Chen\Desktop\pysmell\subjects_for_metrics\sqlmap\tamper\halfversionedmorekeywords.py,52,26,1,3,0,0,0
sqlmap,C:\Users\Zhifei Chen\Desktop\pysmell\subjects_for_metrics\sqlmap\tamper\space2morehash.py,57,26,1,3,0,0,0
sqlmap,C:\Users\Zhifei Chen\Desktop\pysmell\subjects_for_metrics\sqlmap\tamper\versionedkeywords.py,49,26,1,3,0,0,0
sqlmap,C:\Users\Zhifei Chen\Desktop\pysmell\subjects_for_metrics\sqlmap\tamper\versionedmorekeywords.py,50,26,1,3,0,0,0
sqlmap,C:\Users\Zhifei Chen\Desktop\pysmell\subjects_for_metrics\sqlmap\thirdparty\beautifulsoup\beautifulsoup.py,546,83,1,9,1,0,0
sqlmap,C:\Users\Zhifei Chen\Desktop\pysmell\subjects_for_metrics\sqlmap\thirdparty\beautifulsoup\beautifulsoup.py,1061,25,1,6,0,0,0
sqlmap,C:\Users\Zhifei Chen\Desktop\pysmell\subjects_for_metrics\sqlmap\thirdparty\beautifulsoup\beautifulsoup.py,1063,31,1,8,0,0,0
sqlmap,C:\Users\Zhifei Chen\Desktop\pysmell\subjects_for_metrics\sqlmap\thirdparty\beautifulsoup\beautifulsoup.py,1824,35,1,7,0,0,0
sqlmap,C:\Users\Zhifei Chen\Desktop\pysmell\subjects_for_metrics\sqlmap\thirdparty\bottle\bottle.py,89,26,1,5,0,0,0
sqlmap,C:\Users\Zhifei Chen\Desktop\pysmell\subjects_for_metrics\sqlmap\thirdparty\bottle\bottle.py,90,29,1,4,0,0,0
sqlmap,C:\Users\Zhifei Chen\Desktop\pysmell\subjects_for_metrics\sqlmap\thirdparty\bottle\bottle.py,277,19,1,5,0,0,0
sqlmap,C:\Users\Zhifei Chen\Desktop\pysmell\subjects_for_metrics\sqlmap\thirdparty\bottle\bottle.py,280,21,1,5,0,0,0
sqlmap,C:\Users\Zhifei Chen\Desktop\pysmell\subjects_for_metrics\sqlmap\thirdparty\bottle\bottle.py,840,34,1,5,0,0,0
sqlmap,C:\Users\Zhifei Chen\Desktop\pysmell\subjects_for_metrics\sqlmap\thirdparty\bottle\bottle.py,2467,33,0,4,0,0,0
sqlmap,C:\Users\Zhifei Chen\Desktop\pysmell\subjects_for_metrics\sqlmap\thirdparty\bottle\bottle.py,2733,33,1,5,0,0,0
sqlmap,C:\Users\Zhifei Chen\Desktop\pysmell\subjects_for_metrics\sqlmap\thirdparty\bottle\bottle.py,2966,20,1,4,0,0,0
sqlmap,C:\Users\Zhifei Chen\Desktop\pysmell\subjects_for_metrics\sqlmap\thirdparty\bottle\bottle.py,2967,33,1,6,0,0,0
sqlmap,C:\Users\Zhifei Chen\Desktop\pysmell\subjects_for_metrics\sqlmap\thirdparty\bottle\bottle.py,2976,48,1,14,0,0,0
sqlmap,C:\Users\Zhifei Chen\Desktop\pysmell\subjects_for_metrics\sqlmap\thirdparty\gprof2dot\gprof2dot.py,125,26,1,7,0,0,0
sqlmap,C:\Users\Zhifei Chen\Desktop\pysmell\subjects_for_metrics\sqlmap\thirdparty\gprof2dot\gprof2dot.py,126,33,1,7,0,0,0
sqlmap,C:\Users\Zhifei Chen\Desktop\pysmell\subjects_for_metrics\sqlmap\thirdparty\pydes\pyDes.py,516,15,2,3,0,0,0
sqlmap,C:\Users\Zhifei Chen\Desktop\pysmell\subjects_for_metrics\sqlmap\thirdparty\pydes\pyDes.py,551,15,2,3,0,0,0
sqlmap,C:\Users\Zhifei Chen\Desktop\pysmell\subjects_for_metrics\sqlmap\thirdparty\pydes\pyDes.py,612,15,2,3,0,0,0
sqlmap,C:\Users\Zhifei Chen\Desktop\pysmell\subjects_for_metrics\sqlmap\thirdparty\pydes\pyDes.py,621,15,2,3,0,0,0
sqlmap,C:\Users\Zhifei Chen\Desktop\pysmell\subjects_for_metrics\sqlmap\thirdparty\xdot\xdot.py,509,32,1,8,0,0,0
