subject,file,lineno,NOC,NOL,experience-based,statistics-based,tuning machine
sqlmap,C:\Users\Zhifei Chen\Desktop\pysmell\subjects_for_metrics\sqlmap\extra\safe2bin\safe2bin.py,53,93,1,1,0,0
sqlmap,C:\Users\Zhifei Chen\Desktop\pysmell\subjects_for_metrics\sqlmap\extra\safe2bin\safe2bin.py,53,41,1,0,0,0
sqlmap,C:\Users\Zhifei Chen\Desktop\pysmell\subjects_for_metrics\sqlmap\extra\safe2bin\safe2bin.py,74,40,1,0,0,0
sqlmap,C:\Users\Zhifei Chen\Desktop\pysmell\subjects_for_metrics\sqlmap\extra\shutils\regressiontest.py,44,45,1,0,0,0
sqlmap,C:\Users\Zhifei Chen\Desktop\pysmell\subjects_for_metrics\sqlmap\extra\shutils\regressiontest.py,92,38,1,0,0,0
sqlmap,C:\Users\Zhifei Chen\Desktop\pysmell\subjects_for_metrics\sqlmap\extra\shutils\regressiontest.py,94,56,1,0,0,0
sqlmap,C:\Users\Zhifei Chen\Desktop\pysmell\subjects_for_metrics\sqlmap\extra\shutils\regressiontest.py,95,29,1,0,0,0
sqlmap,C:\Users\Zhifei Chen\Desktop\pysmell\subjects_for_metrics\sqlmap\lib\controller\action.py,50,42,1,0,0,0
sqlmap,C:\Users\Zhifei Chen\Desktop\pysmell\subjects_for_metrics\sqlmap\lib\controller\checks.py,91,77,1,1,0,0
sqlmap,C:\Users\Zhifei Chen\Desktop\pysmell\subjects_for_metrics\sqlmap\lib\controller\checks.py,848,77,1,1,0,0
sqlmap,C:\Users\Zhifei Chen\Desktop\pysmell\subjects_for_metrics\sqlmap\lib\controller\checks.py,895,99,1,1,0,0
sqlmap,C:\Users\Zhifei Chen\Desktop\pysmell\subjects_for_metrics\sqlmap\lib\controller\checks.py,895,63,1,1,0,0
sqlmap,C:\Users\Zhifei Chen\Desktop\pysmell\subjects_for_metrics\sqlmap\lib\controller\checks.py,898,40,1,0,0,0
sqlmap,C:\Users\Zhifei Chen\Desktop\pysmell\subjects_for_metrics\sqlmap\lib\controller\checks.py,904,40,1,0,0,0
sqlmap,C:\Users\Zhifei Chen\Desktop\pysmell\subjects_for_metrics\sqlmap\lib\controller\checks.py,905,32,1,0,0,0
sqlmap,C:\Users\Zhifei Chen\Desktop\pysmell\subjects_for_metrics\sqlmap\lib\controller\checks.py,924,77,1,1,0,0
sqlmap,C:\Users\Zhifei Chen\Desktop\pysmell\subjects_for_metrics\sqlmap\lib\controller\checks.py,949,77,1,1,0,0
sqlmap,C:\Users\Zhifei Chen\Desktop\pysmell\subjects_for_metrics\sqlmap\lib\controller\checks.py,968,41,1,0,0,0
sqlmap,C:\Users\Zhifei Chen\Desktop\pysmell\subjects_for_metrics\sqlmap\lib\controller\checks.py,1120,30,1,0,0,0
sqlmap,C:\Users\Zhifei Chen\Desktop\pysmell\subjects_for_metrics\sqlmap\lib\controller\checks.py,1139,30,1,0,0,0
sqlmap,C:\Users\Zhifei Chen\Desktop\pysmell\subjects_for_metrics\sqlmap\lib\controller\checks.py,1165,98,1,1,0,0
sqlmap,C:\Users\Zhifei Chen\Desktop\pysmell\subjects_for_metrics\sqlmap\lib\controller\controller.py,108,56,1,0,0,0
sqlmap,C:\Users\Zhifei Chen\Desktop\pysmell\subjects_for_metrics\sqlmap\lib\controller\controller.py,132,81,1,1,0,0
sqlmap,C:\Users\Zhifei Chen\Desktop\pysmell\subjects_for_metrics\sqlmap\lib\controller\controller.py,153,50,1,0,0,0
sqlmap,C:\Users\Zhifei Chen\Desktop\pysmell\subjects_for_metrics\sqlmap\lib\controller\handler.py,69,60,1,1,0,0
sqlmap,C:\Users\Zhifei Chen\Desktop\pysmell\subjects_for_metrics\sqlmap\lib\core\agent.py,113,33,1,0,0,0
sqlmap,C:\Users\Zhifei Chen\Desktop\pysmell\subjects_for_metrics\sqlmap\lib\core\agent.py,136,26,1,0,0,0
sqlmap,C:\Users\Zhifei Chen\Desktop\pysmell\subjects_for_metrics\sqlmap\lib\core\agent.py,138,26,1,0,0,0
sqlmap,C:\Users\Zhifei Chen\Desktop\pysmell\subjects_for_metrics\sqlmap\lib\core\agent.py,189,44,1,0,0,0
sqlmap,C:\Users\Zhifei Chen\Desktop\pysmell\subjects_for_metrics\sqlmap\lib\core\agent.py,272,62,1,1,0,0
sqlmap,C:\Users\Zhifei Chen\Desktop\pysmell\subjects_for_metrics\sqlmap\lib\core\agent.py,275,61,1,1,0,0
sqlmap,C:\Users\Zhifei Chen\Desktop\pysmell\subjects_for_metrics\sqlmap\lib\core\agent.py,276,67,1,1,0,0
sqlmap,C:\Users\Zhifei Chen\Desktop\pysmell\subjects_for_metrics\sqlmap\lib\core\agent.py,312,70,1,1,0,0
sqlmap,C:\Users\Zhifei Chen\Desktop\pysmell\subjects_for_metrics\sqlmap\lib\core\agent.py,349,43,1,0,0,0
sqlmap,C:\Users\Zhifei Chen\Desktop\pysmell\subjects_for_metrics\sqlmap\lib\core\agent.py,518,38,1,0,0,0
sqlmap,C:\Users\Zhifei Chen\Desktop\pysmell\subjects_for_metrics\sqlmap\lib\core\agent.py,727,43,1,0,0,0
sqlmap,C:\Users\Zhifei Chen\Desktop\pysmell\subjects_for_metrics\sqlmap\lib\core\agent.py,973,30,1,0,0,0
sqlmap,C:\Users\Zhifei Chen\Desktop\pysmell\subjects_for_metrics\sqlmap\lib\core\agent.py,1036,70,1,1,0,0
sqlmap,C:\Users\Zhifei Chen\Desktop\pysmell\subjects_for_metrics\sqlmap\lib\core\agent.py,1043,51,1,0,0,0
sqlmap,C:\Users\Zhifei Chen\Desktop\pysmell\subjects_for_metrics\sqlmap\lib\core\agent.py,1059,131,1,1,1,1
sqlmap,C:\Users\Zhifei Chen\Desktop\pysmell\subjects_for_metrics\sqlmap\lib\core\bigarray.py,130,25,1,0,0,0
sqlmap,C:\Users\Zhifei Chen\Desktop\pysmell\subjects_for_metrics\sqlmap\lib\core\bigarray.py,131,25,1,0,0,0
sqlmap,C:\Users\Zhifei Chen\Desktop\pysmell\subjects_for_metrics\sqlmap\lib\core\bigarray.py,160,33,1,0,0,0
sqlmap,C:\Users\Zhifei Chen\Desktop\pysmell\subjects_for_metrics\sqlmap\lib\core\bigarray.py,167,114,1,1,1,1
sqlmap,C:\Users\Zhifei Chen\Desktop\pysmell\subjects_for_metrics\sqlmap\lib\core\common.py,205,97,1,1,0,0
sqlmap,C:\Users\Zhifei Chen\Desktop\pysmell\subjects_for_metrics\sqlmap\lib\core\common.py,414,21,1,0,0,0
sqlmap,C:\Users\Zhifei Chen\Desktop\pysmell\subjects_for_metrics\sqlmap\lib\core\common.py,444,67,1,1,0,0
sqlmap,C:\Users\Zhifei Chen\Desktop\pysmell\subjects_for_metrics\sqlmap\lib\core\common.py,802,66,1,1,0,0
sqlmap,C:\Users\Zhifei Chen\Desktop\pysmell\subjects_for_metrics\sqlmap\lib\core\common.py,806,40,1,0,0,0
sqlmap,C:\Users\Zhifei Chen\Desktop\pysmell\subjects_for_metrics\sqlmap\lib\core\common.py,806,23,1,0,0,0
sqlmap,C:\Users\Zhifei Chen\Desktop\pysmell\subjects_for_metrics\sqlmap\lib\core\common.py,808,48,1,0,0,0
sqlmap,C:\Users\Zhifei Chen\Desktop\pysmell\subjects_for_metrics\sqlmap\lib\core\common.py,898,35,1,0,0,0
sqlmap,C:\Users\Zhifei Chen\Desktop\pysmell\subjects_for_metrics\sqlmap\lib\core\common.py,909,52,1,0,0,0
sqlmap,C:\Users\Zhifei Chen\Desktop\pysmell\subjects_for_metrics\sqlmap\lib\core\common.py,968,68,1,1,0,0
sqlmap,C:\Users\Zhifei Chen\Desktop\pysmell\subjects_for_metrics\sqlmap\lib\core\common.py,981,66,1,1,0,0
sqlmap,C:\Users\Zhifei Chen\Desktop\pysmell\subjects_for_metrics\sqlmap\lib\core\common.py,983,54,1,0,0,0
sqlmap,C:\Users\Zhifei Chen\Desktop\pysmell\subjects_for_metrics\sqlmap\lib\core\common.py,994,66,1,1,0,0
sqlmap,C:\Users\Zhifei Chen\Desktop\pysmell\subjects_for_metrics\sqlmap\lib\core\common.py,1281,200,1,1,1,1
sqlmap,C:\Users\Zhifei Chen\Desktop\pysmell\subjects_for_metrics\sqlmap\lib\core\common.py,1283,62,1,1,0,0
sqlmap,C:\Users\Zhifei Chen\Desktop\pysmell\subjects_for_metrics\sqlmap\lib\core\common.py,1313,127,1,1,1,1
sqlmap,C:\Users\Zhifei Chen\Desktop\pysmell\subjects_for_metrics\sqlmap\lib\core\common.py,1315,50,1,0,0,0
sqlmap,C:\Users\Zhifei Chen\Desktop\pysmell\subjects_for_metrics\sqlmap\lib\core\common.py,1348,36,1,0,0,0
sqlmap,C:\Users\Zhifei Chen\Desktop\pysmell\subjects_for_metrics\sqlmap\lib\core\common.py,1391,77,1,1,0,0
sqlmap,C:\Users\Zhifei Chen\Desktop\pysmell\subjects_for_metrics\sqlmap\lib\core\common.py,1432,34,1,0,0,0
sqlmap,C:\Users\Zhifei Chen\Desktop\pysmell\subjects_for_metrics\sqlmap\lib\core\common.py,1499,47,1,0,0,0
sqlmap,C:\Users\Zhifei Chen\Desktop\pysmell\subjects_for_metrics\sqlmap\lib\core\common.py,1560,91,1,1,0,0
sqlmap,C:\Users\Zhifei Chen\Desktop\pysmell\subjects_for_metrics\sqlmap\lib\core\common.py,1576,87,1,1,0,0
sqlmap,C:\Users\Zhifei Chen\Desktop\pysmell\subjects_for_metrics\sqlmap\lib\core\common.py,1660,38,1,0,0,0
sqlmap,C:\Users\Zhifei Chen\Desktop\pysmell\subjects_for_metrics\sqlmap\lib\core\common.py,1836,49,1,0,0,0
sqlmap,C:\Users\Zhifei Chen\Desktop\pysmell\subjects_for_metrics\sqlmap\lib\core\common.py,1855,29,1,0,0,0
sqlmap,C:\Users\Zhifei Chen\Desktop\pysmell\subjects_for_metrics\sqlmap\lib\core\common.py,1931,41,1,0,0,0
sqlmap,C:\Users\Zhifei Chen\Desktop\pysmell\subjects_for_metrics\sqlmap\lib\core\common.py,1970,36,1,0,0,0
sqlmap,C:\Users\Zhifei Chen\Desktop\pysmell\subjects_for_metrics\sqlmap\lib\core\common.py,2005,36,1,0,0,0
sqlmap,C:\Users\Zhifei Chen\Desktop\pysmell\subjects_for_metrics\sqlmap\lib\core\common.py,2108,83,1,1,0,0
sqlmap,C:\Users\Zhifei Chen\Desktop\pysmell\subjects_for_metrics\sqlmap\lib\core\common.py,2237,73,1,1,0,0
sqlmap,C:\Users\Zhifei Chen\Desktop\pysmell\subjects_for_metrics\sqlmap\lib\core\common.py,2259,27,1,0,0,0
sqlmap,C:\Users\Zhifei Chen\Desktop\pysmell\subjects_for_metrics\sqlmap\lib\core\common.py,2268,61,1,1,0,0
sqlmap,C:\Users\Zhifei Chen\Desktop\pysmell\subjects_for_metrics\sqlmap\lib\core\common.py,2333,62,1,1,0,0
sqlmap,C:\Users\Zhifei Chen\Desktop\pysmell\subjects_for_metrics\sqlmap\lib\core\common.py,2338,39,1,0,0,0
sqlmap,C:\Users\Zhifei Chen\Desktop\pysmell\subjects_for_metrics\sqlmap\lib\core\common.py,2361,25,1,0,0,0
sqlmap,C:\Users\Zhifei Chen\Desktop\pysmell\subjects_for_metrics\sqlmap\lib\core\common.py,2592,70,1,1,0,0
sqlmap,C:\Users\Zhifei Chen\Desktop\pysmell\subjects_for_metrics\sqlmap\lib\core\common.py,2593,86,1,1,0,0
sqlmap,C:\Users\Zhifei Chen\Desktop\pysmell\subjects_for_metrics\sqlmap\lib\core\common.py,2604,54,1,0,0,0
sqlmap,C:\Users\Zhifei Chen\Desktop\pysmell\subjects_for_metrics\sqlmap\lib\core\common.py,2604,51,1,0,0,0
sqlmap,C:\Users\Zhifei Chen\Desktop\pysmell\subjects_for_metrics\sqlmap\lib\core\common.py,2607,38,1,0,0,0
sqlmap,C:\Users\Zhifei Chen\Desktop\pysmell\subjects_for_metrics\sqlmap\lib\core\common.py,2643,80,1,1,0,0
sqlmap,C:\Users\Zhifei Chen\Desktop\pysmell\subjects_for_metrics\sqlmap\lib\core\common.py,2757,35,1,0,0,0
sqlmap,C:\Users\Zhifei Chen\Desktop\pysmell\subjects_for_metrics\sqlmap\lib\core\common.py,2826,24,1,0,0,0
sqlmap,C:\Users\Zhifei Chen\Desktop\pysmell\subjects_for_metrics\sqlmap\lib\core\common.py,2907,57,2,1,0,0
sqlmap,C:\Users\Zhifei Chen\Desktop\pysmell\subjects_for_metrics\sqlmap\lib\core\common.py,2972,116,1,1,1,1
sqlmap,C:\Users\Zhifei Chen\Desktop\pysmell\subjects_for_metrics\sqlmap\lib\core\common.py,2972,36,1,0,0,0
sqlmap,C:\Users\Zhifei Chen\Desktop\pysmell\subjects_for_metrics\sqlmap\lib\core\common.py,2973,119,1,1,1,1
sqlmap,C:\Users\Zhifei Chen\Desktop\pysmell\subjects_for_metrics\sqlmap\lib\core\common.py,3111,46,1,0,0,0
sqlmap,C:\Users\Zhifei Chen\Desktop\pysmell\subjects_for_metrics\sqlmap\lib\core\common.py,3112,46,1,0,0,0
sqlmap,C:\Users\Zhifei Chen\Desktop\pysmell\subjects_for_metrics\sqlmap\lib\core\common.py,3199,96,1,1,0,0
sqlmap,C:\Users\Zhifei Chen\Desktop\pysmell\subjects_for_metrics\sqlmap\lib\core\common.py,3216,12,1,0,0,0
sqlmap,C:\Users\Zhifei Chen\Desktop\pysmell\subjects_for_metrics\sqlmap\lib\core\common.py,3322,60,1,1,0,0
sqlmap,C:\Users\Zhifei Chen\Desktop\pysmell\subjects_for_metrics\sqlmap\lib\core\common.py,3544,78,1,1,0,0
sqlmap,C:\Users\Zhifei Chen\Desktop\pysmell\subjects_for_metrics\sqlmap\lib\core\common.py,3714,36,1,0,0,0
sqlmap,C:\Users\Zhifei Chen\Desktop\pysmell\subjects_for_metrics\sqlmap\lib\core\common.py,3820,35,1,0,0,0
sqlmap,C:\Users\Zhifei Chen\Desktop\pysmell\subjects_for_metrics\sqlmap\lib\core\common.py,3838,126,1,1,1,1
sqlmap,C:\Users\Zhifei Chen\Desktop\pysmell\subjects_for_metrics\sqlmap\lib\core\common.py,3920,56,1,0,0,0
sqlmap,C:\Users\Zhifei Chen\Desktop\pysmell\subjects_for_metrics\sqlmap\lib\core\common.py,3920,26,1,0,0,0
sqlmap,C:\Users\Zhifei Chen\Desktop\pysmell\subjects_for_metrics\sqlmap\lib\core\common.py,3931,42,1,0,0,0
sqlmap,C:\Users\Zhifei Chen\Desktop\pysmell\subjects_for_metrics\sqlmap\lib\core\convert.py,86,42,1,0,0,0
sqlmap,C:\Users\Zhifei Chen\Desktop\pysmell\subjects_for_metrics\sqlmap\lib\core\dump.py,67,19,1,0,0,0
sqlmap,C:\Users\Zhifei Chen\Desktop\pysmell\subjects_for_metrics\sqlmap\lib\core\dump.py,125,44,1,0,0,0
sqlmap,C:\Users\Zhifei Chen\Desktop\pysmell\subjects_for_metrics\sqlmap\lib\core\dump.py,185,40,1,0,0,0
sqlmap,C:\Users\Zhifei Chen\Desktop\pysmell\subjects_for_metrics\sqlmap\lib\core\dump.py,239,73,1,1,0,0
sqlmap,C:\Users\Zhifei Chen\Desktop\pysmell\subjects_for_metrics\sqlmap\lib\core\dump.py,279,40,1,0,0,0
sqlmap,C:\Users\Zhifei Chen\Desktop\pysmell\subjects_for_metrics\sqlmap\lib\core\dump.py,295,57,1,0,0,0
sqlmap,C:\Users\Zhifei Chen\Desktop\pysmell\subjects_for_metrics\sqlmap\lib\core\dump.py,351,73,1,1,0,0
sqlmap,C:\Users\Zhifei Chen\Desktop\pysmell\subjects_for_metrics\sqlmap\lib\core\dump.py,371,40,1,0,0,0
sqlmap,C:\Users\Zhifei Chen\Desktop\pysmell\subjects_for_metrics\sqlmap\lib\core\dump.py,441,31,1,0,0,0
sqlmap,C:\Users\Zhifei Chen\Desktop\pysmell\subjects_for_metrics\sqlmap\lib\core\dump.py,452,29,1,0,0,0
sqlmap,C:\Users\Zhifei Chen\Desktop\pysmell\subjects_for_metrics\sqlmap\lib\core\dump.py,461,57,1,0,0,0
sqlmap,C:\Users\Zhifei Chen\Desktop\pysmell\subjects_for_metrics\sqlmap\lib\core\dump.py,493,36,1,0,0,0
sqlmap,C:\Users\Zhifei Chen\Desktop\pysmell\subjects_for_metrics\sqlmap\lib\core\dump.py,499,40,1,0,0,0
sqlmap,C:\Users\Zhifei Chen\Desktop\pysmell\subjects_for_metrics\sqlmap\lib\core\dump.py,537,29,1,0,0,0
sqlmap,C:\Users\Zhifei Chen\Desktop\pysmell\subjects_for_metrics\sqlmap\lib\core\option.py,258,53,1,0,0,0
sqlmap,C:\Users\Zhifei Chen\Desktop\pysmell\subjects_for_metrics\sqlmap\lib\core\option.py,292,35,1,0,0,0
sqlmap,C:\Users\Zhifei Chen\Desktop\pysmell\subjects_for_metrics\sqlmap\lib\core\option.py,294,115,1,1,1,1
sqlmap,C:\Users\Zhifei Chen\Desktop\pysmell\subjects_for_metrics\sqlmap\lib\core\option.py,347,33,1,0,0,0
sqlmap,C:\Users\Zhifei Chen\Desktop\pysmell\subjects_for_metrics\sqlmap\lib\core\option.py,808,18,1,0,0,0
sqlmap,C:\Users\Zhifei Chen\Desktop\pysmell\subjects_for_metrics\sqlmap\lib\core\option.py,948,47,1,0,0,0
sqlmap,C:\Users\Zhifei Chen\Desktop\pysmell\subjects_for_metrics\sqlmap\lib\core\option.py,949,47,1,0,0,0
sqlmap,C:\Users\Zhifei Chen\Desktop\pysmell\subjects_for_metrics\sqlmap\lib\core\option.py,978,75,1,1,0,0
sqlmap,C:\Users\Zhifei Chen\Desktop\pysmell\subjects_for_metrics\sqlmap\lib\core\option.py,1147,79,1,1,0,0
sqlmap,C:\Users\Zhifei Chen\Desktop\pysmell\subjects_for_metrics\sqlmap\lib\core\option.py,1349,75,1,1,0,0
sqlmap,C:\Users\Zhifei Chen\Desktop\pysmell\subjects_for_metrics\sqlmap\lib\core\option.py,1409,41,1,0,0,0
sqlmap,C:\Users\Zhifei Chen\Desktop\pysmell\subjects_for_metrics\sqlmap\lib\core\option.py,1608,24,1,0,0,0
sqlmap,C:\Users\Zhifei Chen\Desktop\pysmell\subjects_for_metrics\sqlmap\lib\core\option.py,1933,57,1,0,0,0
sqlmap,C:\Users\Zhifei Chen\Desktop\pysmell\subjects_for_metrics\sqlmap\lib\core\option.py,1937,57,1,0,0,0
sqlmap,C:\Users\Zhifei Chen\Desktop\pysmell\subjects_for_metrics\sqlmap\lib\core\option.py,2197,60,1,1,0,0
sqlmap,C:\Users\Zhifei Chen\Desktop\pysmell\subjects_for_metrics\sqlmap\lib\core\option.py,2236,85,1,1,0,0
sqlmap,C:\Users\Zhifei Chen\Desktop\pysmell\subjects_for_metrics\sqlmap\lib\core\revision.py,43,29,1,0,0,0
sqlmap,C:\Users\Zhifei Chen\Desktop\pysmell\subjects_for_metrics\sqlmap\lib\core\revision.py,52,29,1,0,0,0
sqlmap,C:\Users\Zhifei Chen\Desktop\pysmell\subjects_for_metrics\sqlmap\lib\core\revision.py,54,26,1,0,0,0
sqlmap,C:\Users\Zhifei Chen\Desktop\pysmell\subjects_for_metrics\sqlmap\lib\core\settings.py,23,108,1,1,1,1
sqlmap,C:\Users\Zhifei Chen\Desktop\pysmell\subjects_for_metrics\sqlmap\lib\core\settings.py,36,39,1,0,0,0
sqlmap,C:\Users\Zhifei Chen\Desktop\pysmell\subjects_for_metrics\sqlmap\lib\core\target.py,98,81,1,1,0,0
sqlmap,C:\Users\Zhifei Chen\Desktop\pysmell\subjects_for_metrics\sqlmap\lib\core\target.py,109,51,1,0,0,0
sqlmap,C:\Users\Zhifei Chen\Desktop\pysmell\subjects_for_metrics\sqlmap\lib\core\target.py,182,60,1,1,0,0
sqlmap,C:\Users\Zhifei Chen\Desktop\pysmell\subjects_for_metrics\sqlmap\lib\core\target.py,212,84,1,1,0,0
sqlmap,C:\Users\Zhifei Chen\Desktop\pysmell\subjects_for_metrics\sqlmap\lib\core\target.py,232,105,1,1,1,1
sqlmap,C:\Users\Zhifei Chen\Desktop\pysmell\subjects_for_metrics\sqlmap\lib\core\target.py,282,40,1,0,0,0
sqlmap,C:\Users\Zhifei Chen\Desktop\pysmell\subjects_for_metrics\sqlmap\lib\core\target.py,295,37,1,0,0,0
sqlmap,C:\Users\Zhifei Chen\Desktop\pysmell\subjects_for_metrics\sqlmap\lib\core\target.py,296,40,1,0,0,0
sqlmap,C:\Users\Zhifei Chen\Desktop\pysmell\subjects_for_metrics\sqlmap\lib\core\testing.py,135,36,1,0,0,0
sqlmap,C:\Users\Zhifei Chen\Desktop\pysmell\subjects_for_metrics\sqlmap\lib\core\testing.py,295,45,1,0,0,0
sqlmap,C:\Users\Zhifei Chen\Desktop\pysmell\subjects_for_metrics\sqlmap\lib\core\update.py,58,47,1,0,0,0
sqlmap,C:\Users\Zhifei Chen\Desktop\pysmell\subjects_for_metrics\sqlmap\lib\parse\banner.py,80,72,1,1,0,0
sqlmap,C:\Users\Zhifei Chen\Desktop\pysmell\subjects_for_metrics\sqlmap\lib\parse\cmdline.py,51,27,1,0,0,0
sqlmap,C:\Users\Zhifei Chen\Desktop\pysmell\subjects_for_metrics\sqlmap\lib\parse\cmdline.py,52,24,1,0,0,0
sqlmap,C:\Users\Zhifei Chen\Desktop\pysmell\subjects_for_metrics\sqlmap\lib\parse\payloads.py,22,38,1,0,0,0
sqlmap,C:\Users\Zhifei Chen\Desktop\pysmell\subjects_for_metrics\sqlmap\lib\parse\payloads.py,28,29,1,0,0,0
sqlmap,C:\Users\Zhifei Chen\Desktop\pysmell\subjects_for_metrics\sqlmap\lib\request\basic.py,95,43,1,0,0,0
sqlmap,C:\Users\Zhifei Chen\Desktop\pysmell\subjects_for_metrics\sqlmap\lib\request\basic.py,111,52,1,0,0,0
sqlmap,C:\Users\Zhifei Chen\Desktop\pysmell\subjects_for_metrics\sqlmap\lib\request\basic.py,284,57,1,0,0,0
sqlmap,C:\Users\Zhifei Chen\Desktop\pysmell\subjects_for_metrics\sqlmap\lib\request\basic.py,291,83,1,1,0,0
sqlmap,C:\Users\Zhifei Chen\Desktop\pysmell\subjects_for_metrics\sqlmap\lib\request\basic.py,308,84,1,1,0,0
sqlmap,C:\Users\Zhifei Chen\Desktop\pysmell\subjects_for_metrics\sqlmap\lib\request\basic.py,317,72,1,1,0,0
sqlmap,C:\Users\Zhifei Chen\Desktop\pysmell\subjects_for_metrics\sqlmap\lib\request\comparison.py,40,91,1,1,0,0
sqlmap,C:\Users\Zhifei Chen\Desktop\pysmell\subjects_for_metrics\sqlmap\lib\request\comparison.py,42,68,1,1,0,0
sqlmap,C:\Users\Zhifei Chen\Desktop\pysmell\subjects_for_metrics\sqlmap\lib\request\comparison.py,42,33,1,0,0,0
sqlmap,C:\Users\Zhifei Chen\Desktop\pysmell\subjects_for_metrics\sqlmap\lib\request\comparison.py,50,46,1,0,0,0
sqlmap,C:\Users\Zhifei Chen\Desktop\pysmell\subjects_for_metrics\sqlmap\lib\request\comparison.py,60,46,1,0,0,0
sqlmap,C:\Users\Zhifei Chen\Desktop\pysmell\subjects_for_metrics\sqlmap\lib\request\comparison.py,116,72,1,1,0,0
sqlmap,C:\Users\Zhifei Chen\Desktop\pysmell\subjects_for_metrics\sqlmap\lib\request\comparison.py,117,56,1,0,0,0
sqlmap,C:\Users\Zhifei Chen\Desktop\pysmell\subjects_for_metrics\sqlmap\lib\request\connect.py,273,50,1,0,0,0
sqlmap,C:\Users\Zhifei Chen\Desktop\pysmell\subjects_for_metrics\sqlmap\lib\request\connect.py,274,97,1,1,0,0
sqlmap,C:\Users\Zhifei Chen\Desktop\pysmell\subjects_for_metrics\sqlmap\lib\request\connect.py,274,30,1,0,0,0
sqlmap,C:\Users\Zhifei Chen\Desktop\pysmell\subjects_for_metrics\sqlmap\lib\request\connect.py,657,30,1,0,0,0
sqlmap,C:\Users\Zhifei Chen\Desktop\pysmell\subjects_for_metrics\sqlmap\lib\request\connect.py,670,51,1,0,0,0
sqlmap,C:\Users\Zhifei Chen\Desktop\pysmell\subjects_for_metrics\sqlmap\lib\request\connect.py,712,48,1,0,0,0
sqlmap,C:\Users\Zhifei Chen\Desktop\pysmell\subjects_for_metrics\sqlmap\lib\request\connect.py,721,65,1,1,0,0
sqlmap,C:\Users\Zhifei Chen\Desktop\pysmell\subjects_for_metrics\sqlmap\lib\request\connect.py,785,62,1,1,0,0
sqlmap,C:\Users\Zhifei Chen\Desktop\pysmell\subjects_for_metrics\sqlmap\lib\request\connect.py,806,69,1,1,0,0
sqlmap,C:\Users\Zhifei Chen\Desktop\pysmell\subjects_for_metrics\sqlmap\lib\request\connect.py,809,71,1,1,0,0
sqlmap,C:\Users\Zhifei Chen\Desktop\pysmell\subjects_for_metrics\sqlmap\lib\request\connect.py,812,124,1,1,1,1
sqlmap,C:\Users\Zhifei Chen\Desktop\pysmell\subjects_for_metrics\sqlmap\lib\request\connect.py,813,47,1,0,0,0
sqlmap,C:\Users\Zhifei Chen\Desktop\pysmell\subjects_for_metrics\sqlmap\lib\request\connect.py,816,75,1,1,0,0
sqlmap,C:\Users\Zhifei Chen\Desktop\pysmell\subjects_for_metrics\sqlmap\lib\request\connect.py,819,83,1,1,0,0
sqlmap,C:\Users\Zhifei Chen\Desktop\pysmell\subjects_for_metrics\sqlmap\lib\request\connect.py,822,77,1,1,0,0
sqlmap,C:\Users\Zhifei Chen\Desktop\pysmell\subjects_for_metrics\sqlmap\lib\request\connect.py,825,71,1,1,0,0
sqlmap,C:\Users\Zhifei Chen\Desktop\pysmell\subjects_for_metrics\sqlmap\lib\request\connect.py,828,51,1,0,0,0
sqlmap,C:\Users\Zhifei Chen\Desktop\pysmell\subjects_for_metrics\sqlmap\lib\request\connect.py,843,43,1,0,0,0
sqlmap,C:\Users\Zhifei Chen\Desktop\pysmell\subjects_for_metrics\sqlmap\lib\request\connect.py,843,45,1,0,0,0
sqlmap,C:\Users\Zhifei Chen\Desktop\pysmell\subjects_for_metrics\sqlmap\lib\request\connect.py,845,63,1,1,0,0
sqlmap,C:\Users\Zhifei Chen\Desktop\pysmell\subjects_for_metrics\sqlmap\lib\request\connect.py,916,30,1,0,0,0
sqlmap,C:\Users\Zhifei Chen\Desktop\pysmell\subjects_for_metrics\sqlmap\lib\request\direct.py,71,51,1,0,0,0
sqlmap,C:\Users\Zhifei Chen\Desktop\pysmell\subjects_for_metrics\sqlmap\lib\request\httpshandler.py,88,47,1,0,0,0
sqlmap,C:\Users\Zhifei Chen\Desktop\pysmell\subjects_for_metrics\sqlmap\lib\request\inject.py,287,71,1,1,0,0
sqlmap,C:\Users\Zhifei Chen\Desktop\pysmell\subjects_for_metrics\sqlmap\lib\request\inject.py,360,40,1,0,0,0
sqlmap,C:\Users\Zhifei Chen\Desktop\pysmell\subjects_for_metrics\sqlmap\lib\request\inject.py,365,60,1,1,0,0
sqlmap,C:\Users\Zhifei Chen\Desktop\pysmell\subjects_for_metrics\sqlmap\lib\request\inject.py,411,97,1,1,0,0
sqlmap,C:\Users\Zhifei Chen\Desktop\pysmell\subjects_for_metrics\sqlmap\lib\request\inject.py,412,55,1,0,0,0
sqlmap,C:\Users\Zhifei Chen\Desktop\pysmell\subjects_for_metrics\sqlmap\lib\request\inject.py,417,40,1,0,0,0
sqlmap,C:\Users\Zhifei Chen\Desktop\pysmell\subjects_for_metrics\sqlmap\lib\request\inject.py,464,86,1,1,0,0
sqlmap,C:\Users\Zhifei Chen\Desktop\pysmell\subjects_for_metrics\sqlmap\lib\request\redirecthandler.py,60,36,1,0,0,0
sqlmap,C:\Users\Zhifei Chen\Desktop\pysmell\subjects_for_metrics\sqlmap\lib\request\redirecthandler.py,61,32,1,0,0,0
sqlmap,C:\Users\Zhifei Chen\Desktop\pysmell\subjects_for_metrics\sqlmap\lib\request\redirecthandler.py,99,51,1,0,0,0
sqlmap,C:\Users\Zhifei Chen\Desktop\pysmell\subjects_for_metrics\sqlmap\lib\takeover\abstraction.py,124,48,1,0,0,0
sqlmap,C:\Users\Zhifei Chen\Desktop\pysmell\subjects_for_metrics\sqlmap\lib\takeover\metasploit.py,279,43,1,0,0,0
sqlmap,C:\Users\Zhifei Chen\Desktop\pysmell\subjects_for_metrics\sqlmap\lib\takeover\metasploit.py,658,38,1,0,0,0
sqlmap,C:\Users\Zhifei Chen\Desktop\pysmell\subjects_for_metrics\sqlmap\lib\takeover\web.py,135,68,1,1,0,0
sqlmap,C:\Users\Zhifei Chen\Desktop\pysmell\subjects_for_metrics\sqlmap\lib\takeover\web.py,173,52,1,0,0,0
sqlmap,C:\Users\Zhifei Chen\Desktop\pysmell\subjects_for_metrics\sqlmap\lib\takeover\web.py,180,33,1,0,0,0
sqlmap,C:\Users\Zhifei Chen\Desktop\pysmell\subjects_for_metrics\sqlmap\lib\takeover\web.py,222,63,1,1,0,0
sqlmap,C:\Users\Zhifei Chen\Desktop\pysmell\subjects_for_metrics\sqlmap\lib\takeover\web.py,265,68,1,1,0,0
sqlmap,C:\Users\Zhifei Chen\Desktop\pysmell\subjects_for_metrics\sqlmap\lib\takeover\web.py,318,66,1,1,0,0
sqlmap,C:\Users\Zhifei Chen\Desktop\pysmell\subjects_for_metrics\sqlmap\lib\techniques\blind\inference.py,569,57,1,0,0,0
sqlmap,C:\Users\Zhifei Chen\Desktop\pysmell\subjects_for_metrics\sqlmap\lib\techniques\blind\inference.py,572,70,1,1,0,0
sqlmap,C:\Users\Zhifei Chen\Desktop\pysmell\subjects_for_metrics\sqlmap\lib\techniques\blind\inference.py,592,41,1,0,0,0
sqlmap,C:\Users\Zhifei Chen\Desktop\pysmell\subjects_for_metrics\sqlmap\lib\techniques\dns\use.py,61,110,1,1,1,1
sqlmap,C:\Users\Zhifei Chen\Desktop\pysmell\subjects_for_metrics\sqlmap\lib\techniques\dns\use.py,93,49,1,0,0,0
sqlmap,C:\Users\Zhifei Chen\Desktop\pysmell\subjects_for_metrics\sqlmap\lib\techniques\dns\use.py,101,35,1,0,0,0
sqlmap,C:\Users\Zhifei Chen\Desktop\pysmell\subjects_for_metrics\sqlmap\lib\techniques\dns\use.py,115,51,1,0,0,0
sqlmap,C:\Users\Zhifei Chen\Desktop\pysmell\subjects_for_metrics\sqlmap\lib\techniques\error\use.py,74,51,1,0,0,0
sqlmap,C:\Users\Zhifei Chen\Desktop\pysmell\subjects_for_metrics\sqlmap\lib\techniques\error\use.py,182,49,1,0,0,0
sqlmap,C:\Users\Zhifei Chen\Desktop\pysmell\subjects_for_metrics\sqlmap\lib\techniques\error\use.py,196,51,1,0,0,0
sqlmap,C:\Users\Zhifei Chen\Desktop\pysmell\subjects_for_metrics\sqlmap\lib\techniques\error\use.py,219,88,1,1,0,0
sqlmap,C:\Users\Zhifei Chen\Desktop\pysmell\subjects_for_metrics\sqlmap\lib\techniques\error\use.py,228,44,1,0,0,0
sqlmap,C:\Users\Zhifei Chen\Desktop\pysmell\subjects_for_metrics\sqlmap\lib\techniques\error\use.py,283,52,1,0,0,0
sqlmap,C:\Users\Zhifei Chen\Desktop\pysmell\subjects_for_metrics\sqlmap\lib\techniques\error\use.py,300,54,1,0,0,0
sqlmap,C:\Users\Zhifei Chen\Desktop\pysmell\subjects_for_metrics\sqlmap\lib\techniques\union\test.py,94,20,1,0,0,0
sqlmap,C:\Users\Zhifei Chen\Desktop\pysmell\subjects_for_metrics\sqlmap\lib\techniques\union\test.py,189,32,1,0,0,0
sqlmap,C:\Users\Zhifei Chen\Desktop\pysmell\subjects_for_metrics\sqlmap\lib\techniques\union\test.py,210,32,1,0,0,0
sqlmap,C:\Users\Zhifei Chen\Desktop\pysmell\subjects_for_metrics\sqlmap\lib\techniques\union\test.py,215,34,1,0,0,0
sqlmap,C:\Users\Zhifei Chen\Desktop\pysmell\subjects_for_metrics\sqlmap\lib\techniques\union\test.py,224,32,1,0,0,0
sqlmap,C:\Users\Zhifei Chen\Desktop\pysmell\subjects_for_metrics\sqlmap\lib\techniques\union\test.py,272,71,1,1,0,0
sqlmap,C:\Users\Zhifei Chen\Desktop\pysmell\subjects_for_metrics\sqlmap\lib\techniques\union\use.py,72,70,1,1,0,0
sqlmap,C:\Users\Zhifei Chen\Desktop\pysmell\subjects_for_metrics\sqlmap\lib\techniques\union\use.py,83,20,1,0,0,0
sqlmap,C:\Users\Zhifei Chen\Desktop\pysmell\subjects_for_metrics\sqlmap\lib\techniques\union\use.py,85,32,2,1,0,0
sqlmap,C:\Users\Zhifei Chen\Desktop\pysmell\subjects_for_metrics\sqlmap\lib\techniques\union\use.py,124,66,1,1,0,0
sqlmap,C:\Users\Zhifei Chen\Desktop\pysmell\subjects_for_metrics\sqlmap\lib\techniques\union\use.py,171,52,1,0,0,0
sqlmap,C:\Users\Zhifei Chen\Desktop\pysmell\subjects_for_metrics\sqlmap\lib\techniques\union\use.py,196,54,1,0,0,0
sqlmap,C:\Users\Zhifei Chen\Desktop\pysmell\subjects_for_metrics\sqlmap\lib\utils\api.py,64,43,1,0,0,0
sqlmap,C:\Users\Zhifei Chen\Desktop\pysmell\subjects_for_metrics\sqlmap\lib\utils\api.py,250,23,1,0,0,0
sqlmap,C:\Users\Zhifei Chen\Desktop\pysmell\subjects_for_metrics\sqlmap\lib\utils\api.py,270,51,1,0,0,0
sqlmap,C:\Users\Zhifei Chen\Desktop\pysmell\subjects_for_metrics\sqlmap\lib\utils\api.py,385,48,1,0,0,0
sqlmap,C:\Users\Zhifei Chen\Desktop\pysmell\subjects_for_metrics\sqlmap\lib\utils\api.py,400,48,1,0,0,0
sqlmap,C:\Users\Zhifei Chen\Desktop\pysmell\subjects_for_metrics\sqlmap\lib\utils\api.py,524,82,1,1,0,0
sqlmap,C:\Users\Zhifei Chen\Desktop\pysmell\subjects_for_metrics\sqlmap\lib\utils\api.py,746,39,1,0,0,0
sqlmap,C:\Users\Zhifei Chen\Desktop\pysmell\subjects_for_metrics\sqlmap\lib\utils\crawler.py,194,28,1,0,0,0
sqlmap,C:\Users\Zhifei Chen\Desktop\pysmell\subjects_for_metrics\sqlmap\lib\utils\google.py,65,41,1,0,0,0
sqlmap,C:\Users\Zhifei Chen\Desktop\pysmell\subjects_for_metrics\sqlmap\lib\utils\hash.py,90,43,1,0,0,0
sqlmap,C:\Users\Zhifei Chen\Desktop\pysmell\subjects_for_metrics\sqlmap\lib\utils\hash.py,115,43,1,0,0,0
sqlmap,C:\Users\Zhifei Chen\Desktop\pysmell\subjects_for_metrics\sqlmap\lib\utils\hash.py,128,43,1,0,0,0
sqlmap,C:\Users\Zhifei Chen\Desktop\pysmell\subjects_for_metrics\sqlmap\lib\utils\hash.py,141,30,1,0,0,0
sqlmap,C:\Users\Zhifei Chen\Desktop\pysmell\subjects_for_metrics\sqlmap\lib\utils\hash.py,145,43,1,0,0,0
sqlmap,C:\Users\Zhifei Chen\Desktop\pysmell\subjects_for_metrics\sqlmap\lib\utils\hash.py,159,30,1,0,0,0
sqlmap,C:\Users\Zhifei Chen\Desktop\pysmell\subjects_for_metrics\sqlmap\lib\utils\hash.py,163,43,1,0,0,0
sqlmap,C:\Users\Zhifei Chen\Desktop\pysmell\subjects_for_metrics\sqlmap\lib\utils\hash.py,175,30,1,0,0,0
sqlmap,C:\Users\Zhifei Chen\Desktop\pysmell\subjects_for_metrics\sqlmap\lib\utils\hash.py,179,43,1,0,0,0
sqlmap,C:\Users\Zhifei Chen\Desktop\pysmell\subjects_for_metrics\sqlmap\lib\utils\hash.py,196,43,1,0,0,0
sqlmap,C:\Users\Zhifei Chen\Desktop\pysmell\subjects_for_metrics\sqlmap\lib\utils\hash.py,221,43,1,0,0,0
sqlmap,C:\Users\Zhifei Chen\Desktop\pysmell\subjects_for_metrics\sqlmap\lib\utils\hash.py,231,43,1,0,0,0
sqlmap,C:\Users\Zhifei Chen\Desktop\pysmell\subjects_for_metrics\sqlmap\lib\utils\hash.py,241,43,1,0,0,0
sqlmap,C:\Users\Zhifei Chen\Desktop\pysmell\subjects_for_metrics\sqlmap\lib\utils\hash.py,251,43,1,0,0,0
sqlmap,C:\Users\Zhifei Chen\Desktop\pysmell\subjects_for_metrics\sqlmap\lib\utils\hash.py,261,43,1,0,0,0
sqlmap,C:\Users\Zhifei Chen\Desktop\pysmell\subjects_for_metrics\sqlmap\lib\utils\hash.py,271,43,1,0,0,0
sqlmap,C:\Users\Zhifei Chen\Desktop\pysmell\subjects_for_metrics\sqlmap\lib\utils\hash.py,287,35,1,0,0,0
sqlmap,C:\Users\Zhifei Chen\Desktop\pysmell\subjects_for_metrics\sqlmap\lib\utils\hash.py,343,35,1,0,0,0
sqlmap,C:\Users\Zhifei Chen\Desktop\pysmell\subjects_for_metrics\sqlmap\lib\utils\hash.py,387,50,1,0,0,0
sqlmap,C:\Users\Zhifei Chen\Desktop\pysmell\subjects_for_metrics\sqlmap\lib\utils\hash.py,412,63,1,1,0,0
sqlmap,C:\Users\Zhifei Chen\Desktop\pysmell\subjects_for_metrics\sqlmap\lib\utils\hash.py,463,33,1,0,0,0
sqlmap,C:\Users\Zhifei Chen\Desktop\pysmell\subjects_for_metrics\sqlmap\lib\utils\hash.py,469,44,1,0,0,0
sqlmap,C:\Users\Zhifei Chen\Desktop\pysmell\subjects_for_metrics\sqlmap\lib\utils\hash.py,470,32,1,0,0,0
sqlmap,C:\Users\Zhifei Chen\Desktop\pysmell\subjects_for_metrics\sqlmap\lib\utils\hash.py,682,50,1,0,0,0
sqlmap,C:\Users\Zhifei Chen\Desktop\pysmell\subjects_for_metrics\sqlmap\lib\utils\hash.py,700,50,1,0,0,0
sqlmap,C:\Users\Zhifei Chen\Desktop\pysmell\subjects_for_metrics\sqlmap\lib\utils\hashdb.py,66,66,1,1,0,0
sqlmap,C:\Users\Zhifei Chen\Desktop\pysmell\subjects_for_metrics\sqlmap\lib\utils\hashdb.py,89,53,1,0,0,0
sqlmap,C:\Users\Zhifei Chen\Desktop\pysmell\subjects_for_metrics\sqlmap\lib\utils\hashdb.py,95,59,1,1,0,0
sqlmap,C:\Users\Zhifei Chen\Desktop\pysmell\subjects_for_metrics\sqlmap\lib\utils\pivotdumptable.py,42,178,1,1,1,1
sqlmap,C:\Users\Zhifei Chen\Desktop\pysmell\subjects_for_metrics\sqlmap\lib\utils\pivotdumptable.py,64,20,1,0,0,0
sqlmap,C:\Users\Zhifei Chen\Desktop\pysmell\subjects_for_metrics\sqlmap\lib\utils\pivotdumptable.py,173,56,1,0,0,0
sqlmap,C:\Users\Zhifei Chen\Desktop\pysmell\subjects_for_metrics\sqlmap\lib\utils\pivotdumptable.py,182,49,1,0,0,0
sqlmap,C:\Users\Zhifei Chen\Desktop\pysmell\subjects_for_metrics\sqlmap\lib\utils\progress.py,24,44,1,0,0,0
sqlmap,C:\Users\Zhifei Chen\Desktop\pysmell\subjects_for_metrics\sqlmap\lib\utils\progress.py,95,62,1,1,0,0
sqlmap,C:\Users\Zhifei Chen\Desktop\pysmell\subjects_for_metrics\sqlmap\plugins\dbms\access\fingerprint.py,41,37,1,0,0,0
sqlmap,C:\Users\Zhifei Chen\Desktop\pysmell\subjects_for_metrics\sqlmap\plugins\dbms\db2\fingerprint.py,72,64,1,1,0,0
sqlmap,C:\Users\Zhifei Chen\Desktop\pysmell\subjects_for_metrics\sqlmap\plugins\dbms\firebird\fingerprint.py,101,32,1,0,0,0
sqlmap,C:\Users\Zhifei Chen\Desktop\pysmell\subjects_for_metrics\sqlmap\plugins\dbms\hsqldb\fingerprint.py,51,64,1,1,0,0
sqlmap,C:\Users\Zhifei Chen\Desktop\pysmell\subjects_for_metrics\sqlmap\plugins\dbms\hsqldb\fingerprint.py,56,24,1,0,0,0
sqlmap,C:\Users\Zhifei Chen\Desktop\pysmell\subjects_for_metrics\sqlmap\plugins\dbms\maxdb\enumeration.py,26,25,1,0,0,0
sqlmap,C:\Users\Zhifei Chen\Desktop\pysmell\subjects_for_metrics\sqlmap\plugins\dbms\maxdb\enumeration.py,72,23,1,0,0,0
sqlmap,C:\Users\Zhifei Chen\Desktop\pysmell\subjects_for_metrics\sqlmap\plugins\dbms\maxdb\enumeration.py,72,38,1,0,0,0
sqlmap,C:\Users\Zhifei Chen\Desktop\pysmell\subjects_for_metrics\sqlmap\plugins\dbms\maxdb\enumeration.py,79,35,1,0,0,0
sqlmap,C:\Users\Zhifei Chen\Desktop\pysmell\subjects_for_metrics\sqlmap\plugins\dbms\maxdb\enumeration.py,90,32,1,0,0,0
sqlmap,C:\Users\Zhifei Chen\Desktop\pysmell\subjects_for_metrics\sqlmap\plugins\dbms\maxdb\enumeration.py,150,105,1,1,1,1
sqlmap,C:\Users\Zhifei Chen\Desktop\pysmell\subjects_for_metrics\sqlmap\plugins\dbms\mssqlserver\enumeration.py,88,23,1,0,0,0
sqlmap,C:\Users\Zhifei Chen\Desktop\pysmell\subjects_for_metrics\sqlmap\plugins\dbms\mssqlserver\enumeration.py,88,38,1,0,0,0
sqlmap,C:\Users\Zhifei Chen\Desktop\pysmell\subjects_for_metrics\sqlmap\plugins\dbms\mssqlserver\enumeration.py,140,140,1,1,1,1
sqlmap,C:\Users\Zhifei Chen\Desktop\pysmell\subjects_for_metrics\sqlmap\plugins\dbms\mssqlserver\enumeration.py,140,81,1,1,0,0
sqlmap,C:\Users\Zhifei Chen\Desktop\pysmell\subjects_for_metrics\sqlmap\plugins\dbms\mssqlserver\enumeration.py,160,32,1,0,0,0
sqlmap,C:\Users\Zhifei Chen\Desktop\pysmell\subjects_for_metrics\sqlmap\plugins\dbms\mssqlserver\enumeration.py,306,21,1,0,0,0
sqlmap,C:\Users\Zhifei Chen\Desktop\pysmell\subjects_for_metrics\sqlmap\plugins\dbms\mssqlserver\enumeration.py,310,21,1,0,0,0
sqlmap,C:\Users\Zhifei Chen\Desktop\pysmell\subjects_for_metrics\sqlmap\plugins\dbms\mssqlserver\enumeration.py,312,39,1,0,0,0
sqlmap,C:\Users\Zhifei Chen\Desktop\pysmell\subjects_for_metrics\sqlmap\plugins\dbms\mssqlserver\fingerprint.py,49,64,1,1,0,0
sqlmap,C:\Users\Zhifei Chen\Desktop\pysmell\subjects_for_metrics\sqlmap\plugins\dbms\mssqlserver\fingerprint.py,50,64,1,1,0,0
sqlmap,C:\Users\Zhifei Chen\Desktop\pysmell\subjects_for_metrics\sqlmap\plugins\dbms\mssqlserver\fingerprint.py,51,72,1,1,0,0
sqlmap,C:\Users\Zhifei Chen\Desktop\pysmell\subjects_for_metrics\sqlmap\plugins\dbms\mssqlserver\syntax.py,22,38,1,0,0,0
sqlmap,C:\Users\Zhifei Chen\Desktop\pysmell\subjects_for_metrics\sqlmap\plugins\dbms\mysql\fingerprint.py,119,64,1,1,0,0
sqlmap,C:\Users\Zhifei Chen\Desktop\pysmell\subjects_for_metrics\sqlmap\plugins\dbms\mysql\fingerprint.py,124,24,1,0,0,0
sqlmap,C:\Users\Zhifei Chen\Desktop\pysmell\subjects_for_metrics\sqlmap\plugins\dbms\oracle\fingerprint.py,49,64,1,1,0,0
sqlmap,C:\Users\Zhifei Chen\Desktop\pysmell\subjects_for_metrics\sqlmap\plugins\dbms\oracle\fingerprint.py,107,19,1,0,0,0
sqlmap,C:\Users\Zhifei Chen\Desktop\pysmell\subjects_for_metrics\sqlmap\plugins\dbms\oracle\syntax.py,22,36,1,0,0,0
sqlmap,C:\Users\Zhifei Chen\Desktop\pysmell\subjects_for_metrics\sqlmap\plugins\dbms\postgresql\fingerprint.py,48,64,1,1,0,0
sqlmap,C:\Users\Zhifei Chen\Desktop\pysmell\subjects_for_metrics\sqlmap\plugins\dbms\sqlite\fingerprint.py,95,18,1,0,0,0
sqlmap,C:\Users\Zhifei Chen\Desktop\pysmell\subjects_for_metrics\sqlmap\plugins\dbms\sqlite\syntax.py,34,66,1,1,0,0
sqlmap,C:\Users\Zhifei Chen\Desktop\pysmell\subjects_for_metrics\sqlmap\plugins\dbms\sybase\enumeration.py,133,23,1,0,0,0
sqlmap,C:\Users\Zhifei Chen\Desktop\pysmell\subjects_for_metrics\sqlmap\plugins\dbms\sybase\enumeration.py,133,38,1,0,0,0
sqlmap,C:\Users\Zhifei Chen\Desktop\pysmell\subjects_for_metrics\sqlmap\plugins\dbms\sybase\enumeration.py,158,32,1,0,0,0
sqlmap,C:\Users\Zhifei Chen\Desktop\pysmell\subjects_for_metrics\sqlmap\plugins\dbms\sybase\syntax.py,22,43,1,0,0,0
sqlmap,C:\Users\Zhifei Chen\Desktop\pysmell\subjects_for_metrics\sqlmap\plugins\generic\connector.py,26,45,1,0,0,0
sqlmap,C:\Users\Zhifei Chen\Desktop\pysmell\subjects_for_metrics\sqlmap\plugins\generic\custom.py,45,36,1,0,0,0
sqlmap,C:\Users\Zhifei Chen\Desktop\pysmell\subjects_for_metrics\sqlmap\plugins\generic\custom.py,59,36,1,0,0,0
sqlmap,C:\Users\Zhifei Chen\Desktop\pysmell\subjects_for_metrics\sqlmap\plugins\generic\custom.py,125,27,1,0,0,0
sqlmap,C:\Users\Zhifei Chen\Desktop\pysmell\subjects_for_metrics\sqlmap\plugins\generic\custom.py,126,27,1,0,0,0
sqlmap,C:\Users\Zhifei Chen\Desktop\pysmell\subjects_for_metrics\sqlmap\plugins\generic\databases.py,132,48,1,0,0,0
sqlmap,C:\Users\Zhifei Chen\Desktop\pysmell\subjects_for_metrics\sqlmap\plugins\generic\databases.py,241,69,1,1,0,0
sqlmap,C:\Users\Zhifei Chen\Desktop\pysmell\subjects_for_metrics\sqlmap\plugins\generic\databases.py,242,26,1,0,0,0
sqlmap,C:\Users\Zhifei Chen\Desktop\pysmell\subjects_for_metrics\sqlmap\plugins\generic\databases.py,252,23,1,0,0,0
sqlmap,C:\Users\Zhifei Chen\Desktop\pysmell\subjects_for_metrics\sqlmap\plugins\generic\databases.py,259,67,1,1,0,0
sqlmap,C:\Users\Zhifei Chen\Desktop\pysmell\subjects_for_metrics\sqlmap\plugins\generic\databases.py,266,39,1,0,0,0
sqlmap,C:\Users\Zhifei Chen\Desktop\pysmell\subjects_for_metrics\sqlmap\plugins\generic\databases.py,330,54,1,0,0,0
sqlmap,C:\Users\Zhifei Chen\Desktop\pysmell\subjects_for_metrics\sqlmap\plugins\generic\databases.py,332,54,1,0,0,0
sqlmap,C:\Users\Zhifei Chen\Desktop\pysmell\subjects_for_metrics\sqlmap\plugins\generic\databases.py,365,32,1,0,0,0
sqlmap,C:\Users\Zhifei Chen\Desktop\pysmell\subjects_for_metrics\sqlmap\plugins\generic\databases.py,484,69,1,1,0,0
sqlmap,C:\Users\Zhifei Chen\Desktop\pysmell\subjects_for_metrics\sqlmap\plugins\generic\databases.py,485,26,1,0,0,0
sqlmap,C:\Users\Zhifei Chen\Desktop\pysmell\subjects_for_metrics\sqlmap\plugins\generic\databases.py,495,65,1,1,0,0
sqlmap,C:\Users\Zhifei Chen\Desktop\pysmell\subjects_for_metrics\sqlmap\plugins\generic\databases.py,670,49,1,0,0,0
sqlmap,C:\Users\Zhifei Chen\Desktop\pysmell\subjects_for_metrics\sqlmap\plugins\generic\databases.py,742,101,1,1,0,1
sqlmap,C:\Users\Zhifei Chen\Desktop\pysmell\subjects_for_metrics\sqlmap\plugins\generic\databases.py,766,70,3,1,1,1
sqlmap,C:\Users\Zhifei Chen\Desktop\pysmell\subjects_for_metrics\sqlmap\plugins\generic\search.py,74,39,1,0,0,0
sqlmap,C:\Users\Zhifei Chen\Desktop\pysmell\subjects_for_metrics\sqlmap\plugins\generic\search.py,148,69,1,1,0,0
sqlmap,C:\Users\Zhifei Chen\Desktop\pysmell\subjects_for_metrics\sqlmap\plugins\generic\search.py,149,26,1,0,0,0
sqlmap,C:\Users\Zhifei Chen\Desktop\pysmell\subjects_for_metrics\sqlmap\plugins\generic\search.py,181,21,1,0,0,0
sqlmap,C:\Users\Zhifei Chen\Desktop\pysmell\subjects_for_metrics\sqlmap\plugins\generic\search.py,184,39,1,0,0,0
sqlmap,C:\Users\Zhifei Chen\Desktop\pysmell\subjects_for_metrics\sqlmap\plugins\generic\search.py,206,51,1,0,0,0
sqlmap,C:\Users\Zhifei Chen\Desktop\pysmell\subjects_for_metrics\sqlmap\plugins\generic\search.py,264,53,1,0,0,0
sqlmap,C:\Users\Zhifei Chen\Desktop\pysmell\subjects_for_metrics\sqlmap\plugins\generic\search.py,269,51,1,0,0,0
sqlmap,C:\Users\Zhifei Chen\Desktop\pysmell\subjects_for_metrics\sqlmap\plugins\generic\search.py,344,69,1,1,0,0
sqlmap,C:\Users\Zhifei Chen\Desktop\pysmell\subjects_for_metrics\sqlmap\plugins\generic\search.py,345,26,1,0,0,0
sqlmap,C:\Users\Zhifei Chen\Desktop\pysmell\subjects_for_metrics\sqlmap\plugins\generic\search.py,401,21,1,0,0,0
sqlmap,C:\Users\Zhifei Chen\Desktop\pysmell\subjects_for_metrics\sqlmap\plugins\generic\search.py,406,21,1,0,0,0
sqlmap,C:\Users\Zhifei Chen\Desktop\pysmell\subjects_for_metrics\sqlmap\plugins\generic\search.py,409,39,1,0,0,0
sqlmap,C:\Users\Zhifei Chen\Desktop\pysmell\subjects_for_metrics\sqlmap\plugins\generic\search.py,437,43,1,0,0,0
sqlmap,C:\Users\Zhifei Chen\Desktop\pysmell\subjects_for_metrics\sqlmap\plugins\generic\search.py,504,53,1,0,0,0
sqlmap,C:\Users\Zhifei Chen\Desktop\pysmell\subjects_for_metrics\sqlmap\plugins\generic\users.py,76,62,1,1,0,0
sqlmap,C:\Users\Zhifei Chen\Desktop\pysmell\subjects_for_metrics\sqlmap\plugins\generic\users.py,132,52,1,0,0,0
sqlmap,C:\Users\Zhifei Chen\Desktop\pysmell\subjects_for_metrics\sqlmap\tamper\apostrophemask.py,29,52,1,0,0,0
sqlmap,C:\Users\Zhifei Chen\Desktop\pysmell\subjects_for_metrics\sqlmap\tamper\apostrophenullencode.py,23,49,1,0,0,0
sqlmap,C:\Users\Zhifei Chen\Desktop\pysmell\subjects_for_metrics\sqlmap\tamper\appendnullbyte.py,33,38,1,0,0,0
sqlmap,C:\Users\Zhifei Chen\Desktop\pysmell\subjects_for_metrics\sqlmap\tamper\base64encode.py,26,70,1,1,0,0
sqlmap,C:\Users\Zhifei Chen\Desktop\pysmell\subjects_for_metrics\sqlmap\tamper\randomcase.py,51,52,1,0,0,0
sqlmap,C:\Users\Zhifei Chen\Desktop\pysmell\subjects_for_metrics\sqlmap\tamper\randomcomments.py,39,30,1,0,0,0
sqlmap,C:\Users\Zhifei Chen\Desktop\pysmell\subjects_for_metrics\sqlmap\tamper\securesphere.py,27,54,1,0,0,0
sqlmap,C:\Users\Zhifei Chen\Desktop\pysmell\subjects_for_metrics\sqlmap\tamper\sp_password.py,30,65,1,1,0,0
sqlmap,C:\Users\Zhifei Chen\Desktop\pysmell\subjects_for_metrics\sqlmap\tamper\sp_password.py,30,23,1,0,0,0
sqlmap,C:\Users\Zhifei Chen\Desktop\pysmell\subjects_for_metrics\sqlmap\tamper\unionalltounion.py,23,67,1,1,0,0
sqlmap,C:\Users\Zhifei Chen\Desktop\pysmell\subjects_for_metrics\sqlmap\thirdparty\bottle\bottle.py,113,48,1,0,0,0
sqlmap,C:\Users\Zhifei Chen\Desktop\pysmell\subjects_for_metrics\sqlmap\thirdparty\bottle\bottle.py,115,52,1,0,0,0
sqlmap,C:\Users\Zhifei Chen\Desktop\pysmell\subjects_for_metrics\sqlmap\thirdparty\bottle\bottle.py,116,18,1,0,0,0
sqlmap,C:\Users\Zhifei Chen\Desktop\pysmell\subjects_for_metrics\sqlmap\thirdparty\bottle\bottle.py,303,35,1,0,0,0
sqlmap,C:\Users\Zhifei Chen\Desktop\pysmell\subjects_for_metrics\sqlmap\thirdparty\bottle\bottle.py,347,53,1,0,0,0
sqlmap,C:\Users\Zhifei Chen\Desktop\pysmell\subjects_for_metrics\sqlmap\thirdparty\bottle\bottle.py,395,28,1,0,0,0
sqlmap,C:\Users\Zhifei Chen\Desktop\pysmell\subjects_for_metrics\sqlmap\thirdparty\bottle\bottle.py,702,42,1,0,0,0
sqlmap,C:\Users\Zhifei Chen\Desktop\pysmell\subjects_for_metrics\sqlmap\thirdparty\bottle\bottle.py,910,30,1,0,0,0
sqlmap,C:\Users\Zhifei Chen\Desktop\pysmell\subjects_for_metrics\sqlmap\thirdparty\bottle\bottle.py,955,40,1,0,0,0
sqlmap,C:\Users\Zhifei Chen\Desktop\pysmell\subjects_for_metrics\sqlmap\thirdparty\bottle\bottle.py,1031,66,1,1,0,0
sqlmap,C:\Users\Zhifei Chen\Desktop\pysmell\subjects_for_metrics\sqlmap\thirdparty\bottle\bottle.py,1081,33,1,0,0,0
sqlmap,C:\Users\Zhifei Chen\Desktop\pysmell\subjects_for_metrics\sqlmap\thirdparty\bottle\bottle.py,1111,29,1,0,0,0
sqlmap,C:\Users\Zhifei Chen\Desktop\pysmell\subjects_for_metrics\sqlmap\thirdparty\bottle\bottle.py,1134,43,1,0,0,0
sqlmap,C:\Users\Zhifei Chen\Desktop\pysmell\subjects_for_metrics\sqlmap\thirdparty\bottle\bottle.py,1194,22,1,0,0,0
sqlmap,C:\Users\Zhifei Chen\Desktop\pysmell\subjects_for_metrics\sqlmap\thirdparty\bottle\bottle.py,1201,23,1,0,0,0
sqlmap,C:\Users\Zhifei Chen\Desktop\pysmell\subjects_for_metrics\sqlmap\thirdparty\bottle\bottle.py,1263,40,1,0,0,0
sqlmap,C:\Users\Zhifei Chen\Desktop\pysmell\subjects_for_metrics\sqlmap\thirdparty\bottle\bottle.py,2055,56,1,0,0,0
sqlmap,C:\Users\Zhifei Chen\Desktop\pysmell\subjects_for_metrics\sqlmap\thirdparty\bottle\bottle.py,2095,38,1,0,0,0
sqlmap,C:\Users\Zhifei Chen\Desktop\pysmell\subjects_for_metrics\sqlmap\thirdparty\bottle\bottle.py,2110,51,1,0,0,0
sqlmap,C:\Users\Zhifei Chen\Desktop\pysmell\subjects_for_metrics\sqlmap\thirdparty\bottle\bottle.py,2193,14,1,0,0,0
sqlmap,C:\Users\Zhifei Chen\Desktop\pysmell\subjects_for_metrics\sqlmap\thirdparty\bottle\bottle.py,2274,39,1,0,0,0
sqlmap,C:\Users\Zhifei Chen\Desktop\pysmell\subjects_for_metrics\sqlmap\thirdparty\bottle\bottle.py,2505,29,1,0,0,0
sqlmap,C:\Users\Zhifei Chen\Desktop\pysmell\subjects_for_metrics\sqlmap\thirdparty\bottle\bottle.py,2606,51,1,0,0,0
sqlmap,C:\Users\Zhifei Chen\Desktop\pysmell\subjects_for_metrics\sqlmap\thirdparty\bottle\bottle.py,2623,23,1,0,0,0
sqlmap,C:\Users\Zhifei Chen\Desktop\pysmell\subjects_for_metrics\sqlmap\thirdparty\bottle\bottle.py,2793,47,1,0,0,0
sqlmap,C:\Users\Zhifei Chen\Desktop\pysmell\subjects_for_metrics\sqlmap\thirdparty\bottle\bottle.py,2794,51,1,0,0,0
sqlmap,C:\Users\Zhifei Chen\Desktop\pysmell\subjects_for_metrics\sqlmap\thirdparty\bottle\bottle.py,2976,38,1,0,0,0
sqlmap,C:\Users\Zhifei Chen\Desktop\pysmell\subjects_for_metrics\sqlmap\thirdparty\bottle\bottle.py,3040,34,1,0,0,0
sqlmap,C:\Users\Zhifei Chen\Desktop\pysmell\subjects_for_metrics\sqlmap\thirdparty\bottle\bottle.py,3105,21,1,0,0,0
sqlmap,C:\Users\Zhifei Chen\Desktop\pysmell\subjects_for_metrics\sqlmap\thirdparty\bottle\bottle.py,3237,57,1,0,0,0
sqlmap,C:\Users\Zhifei Chen\Desktop\pysmell\subjects_for_metrics\sqlmap\thirdparty\clientform\clientform.py,1127,76,1,1,0,0
sqlmap,C:\Users\Zhifei Chen\Desktop\pysmell\subjects_for_metrics\sqlmap\thirdparty\multipart\multipartpost.py,90,66,1,1,0,0
sqlmap,C:\Users\Zhifei Chen\Desktop\pysmell\subjects_for_metrics\sqlmap\thirdparty\multipart\multipartpost.py,91,69,1,1,0,0
sqlmap,C:\Users\Zhifei Chen\Desktop\pysmell\subjects_for_metrics\sqlmap\thirdparty\multipart\multipartpost.py,103,60,1,1,0,0
sqlmap,C:\Users\Zhifei Chen\Desktop\pysmell\subjects_for_metrics\sqlmap\thirdparty\oset\pyoset.py,65,48,1,0,0,0
sqlmap,C:\Users\Zhifei Chen\Desktop\pysmell\subjects_for_metrics\sqlmap\thirdparty\oset\_abc.py,456,48,1,0,0,0
sqlmap,C:\Users\Zhifei Chen\Desktop\pysmell\subjects_for_metrics\sqlmap\thirdparty\pagerank\pagerank.py,18,50,1,0,0,0
