subject,file,lineno,NBC,experience-based,statistics-based,tuning machine
sqlmap,C:\Users\Zhifei Chen\Desktop\pysmell\subjects_for_metrics\sqlmap\extra\beep\beep.py,58,1,0,0,0
sqlmap,C:\Users\Zhifei Chen\Desktop\pysmell\subjects_for_metrics\sqlmap\lib\core\agent.py,45,1,0,0,0
sqlmap,C:\Users\Zhifei Chen\Desktop\pysmell\subjects_for_metrics\sqlmap\lib\core\bigarray.py,35,1,0,0,0
sqlmap,C:\Users\Zhifei Chen\Desktop\pysmell\subjects_for_metrics\sqlmap\lib\core\bigarray.py,45,1,0,0,0
sqlmap,C:\Users\Zhifei Chen\Desktop\pysmell\subjects_for_metrics\sqlmap\lib\core\common.py,156,1,0,0,0
sqlmap,C:\Users\Zhifei Chen\Desktop\pysmell\subjects_for_metrics\sqlmap\lib\core\common.py,186,1,0,0,0
sqlmap,C:\Users\Zhifei Chen\Desktop\pysmell\subjects_for_metrics\sqlmap\lib\core\common.py,3297,1,0,0,0
sqlmap,C:\Users\Zhifei Chen\Desktop\pysmell\subjects_for_metrics\sqlmap\lib\core\common.py,3542,1,0,0,0
sqlmap,C:\Users\Zhifei Chen\Desktop\pysmell\subjects_for_metrics\sqlmap\lib\core\datatype.py,13,1,0,0,0
sqlmap,C:\Users\Zhifei Chen\Desktop\pysmell\subjects_for_metrics\sqlmap\lib\core\datatype.py,86,1,0,0,0
sqlmap,C:\Users\Zhifei Chen\Desktop\pysmell\subjects_for_metrics\sqlmap\lib\core\dump.py,51,1,0,0,0
sqlmap,C:\Users\Zhifei Chen\Desktop\pysmell\subjects_for_metrics\sqlmap\lib\core\exception.py,8,1,0,0,0
sqlmap,C:\Users\Zhifei Chen\Desktop\pysmell\subjects_for_metrics\sqlmap\lib\core\exception.py,11,1,0,0,0
sqlmap,C:\Users\Zhifei Chen\Desktop\pysmell\subjects_for_metrics\sqlmap\lib\core\exception.py,14,1,0,0,0
sqlmap,C:\Users\Zhifei Chen\Desktop\pysmell\subjects_for_metrics\sqlmap\lib\core\exception.py,17,1,0,0,0
sqlmap,C:\Users\Zhifei Chen\Desktop\pysmell\subjects_for_metrics\sqlmap\lib\core\exception.py,20,1,0,0,0
sqlmap,C:\Users\Zhifei Chen\Desktop\pysmell\subjects_for_metrics\sqlmap\lib\core\exception.py,23,1,0,0,0
sqlmap,C:\Users\Zhifei Chen\Desktop\pysmell\subjects_for_metrics\sqlmap\lib\core\exception.py,26,1,0,0,0
sqlmap,C:\Users\Zhifei Chen\Desktop\pysmell\subjects_for_metrics\sqlmap\lib\core\exception.py,29,1,0,0,0
sqlmap,C:\Users\Zhifei Chen\Desktop\pysmell\subjects_for_metrics\sqlmap\lib\core\exception.py,32,1,0,0,0
sqlmap,C:\Users\Zhifei Chen\Desktop\pysmell\subjects_for_metrics\sqlmap\lib\core\exception.py,35,1,0,0,0
sqlmap,C:\Users\Zhifei Chen\Desktop\pysmell\subjects_for_metrics\sqlmap\lib\core\exception.py,38,1,0,0,0
sqlmap,C:\Users\Zhifei Chen\Desktop\pysmell\subjects_for_metrics\sqlmap\lib\core\exception.py,41,1,0,0,0
sqlmap,C:\Users\Zhifei Chen\Desktop\pysmell\subjects_for_metrics\sqlmap\lib\core\exception.py,44,1,0,0,0
sqlmap,C:\Users\Zhifei Chen\Desktop\pysmell\subjects_for_metrics\sqlmap\lib\core\exception.py,47,1,0,0,0
sqlmap,C:\Users\Zhifei Chen\Desktop\pysmell\subjects_for_metrics\sqlmap\lib\core\exception.py,50,1,0,0,0
sqlmap,C:\Users\Zhifei Chen\Desktop\pysmell\subjects_for_metrics\sqlmap\lib\core\exception.py,53,1,0,0,0
sqlmap,C:\Users\Zhifei Chen\Desktop\pysmell\subjects_for_metrics\sqlmap\lib\core\exception.py,56,1,0,0,0
sqlmap,C:\Users\Zhifei Chen\Desktop\pysmell\subjects_for_metrics\sqlmap\lib\core\exception.py,59,1,0,0,0
sqlmap,C:\Users\Zhifei Chen\Desktop\pysmell\subjects_for_metrics\sqlmap\lib\core\exception.py,62,1,0,0,0
sqlmap,C:\Users\Zhifei Chen\Desktop\pysmell\subjects_for_metrics\sqlmap\lib\core\exception.py,65,1,0,0,0
sqlmap,C:\Users\Zhifei Chen\Desktop\pysmell\subjects_for_metrics\sqlmap\lib\core\exception.py,68,1,0,0,0
sqlmap,C:\Users\Zhifei Chen\Desktop\pysmell\subjects_for_metrics\sqlmap\lib\core\exception.py,71,1,0,0,0
sqlmap,C:\Users\Zhifei Chen\Desktop\pysmell\subjects_for_metrics\sqlmap\lib\core\exception.py,74,1,0,0,0
sqlmap,C:\Users\Zhifei Chen\Desktop\pysmell\subjects_for_metrics\sqlmap\lib\core\option.py,399,1,0,0,0
sqlmap,C:\Users\Zhifei Chen\Desktop\pysmell\subjects_for_metrics\sqlmap\lib\core\replication.py,17,1,0,0,0
sqlmap,C:\Users\Zhifei Chen\Desktop\pysmell\subjects_for_metrics\sqlmap\lib\core\shell.py,77,1,0,0,0
sqlmap,C:\Users\Zhifei Chen\Desktop\pysmell\subjects_for_metrics\sqlmap\lib\core\subprocessng.py,73,1,0,0,0
sqlmap,C:\Users\Zhifei Chen\Desktop\pysmell\subjects_for_metrics\sqlmap\lib\core\target.py,692,1,0,0,0
sqlmap,C:\Users\Zhifei Chen\Desktop\pysmell\subjects_for_metrics\sqlmap\lib\core\testing.py,38,1,0,0,0
sqlmap,C:\Users\Zhifei Chen\Desktop\pysmell\subjects_for_metrics\sqlmap\lib\core\threads.py,28,1,0,0,0
sqlmap,C:\Users\Zhifei Chen\Desktop\pysmell\subjects_for_metrics\sqlmap\lib\core\unescaper.py,13,1,0,0,0
sqlmap,C:\Users\Zhifei Chen\Desktop\pysmell\subjects_for_metrics\sqlmap\lib\core\wordlist.py,15,1,0,0,0
sqlmap,C:\Users\Zhifei Chen\Desktop\pysmell\subjects_for_metrics\sqlmap\lib\core\xmldump.py,77,1,0,0,0
sqlmap,C:\Users\Zhifei Chen\Desktop\pysmell\subjects_for_metrics\sqlmap\lib\parse\banner.py,20,1,0,0,0
sqlmap,C:\Users\Zhifei Chen\Desktop\pysmell\subjects_for_metrics\sqlmap\lib\parse\handler.py,13,1,0,0,0
sqlmap,C:\Users\Zhifei Chen\Desktop\pysmell\subjects_for_metrics\sqlmap\lib\parse\html.py,17,1,0,0,0
sqlmap,C:\Users\Zhifei Chen\Desktop\pysmell\subjects_for_metrics\sqlmap\lib\request\basic.py,59,1,0,0,0
sqlmap,C:\Users\Zhifei Chen\Desktop\pysmell\subjects_for_metrics\sqlmap\lib\request\basicauthhandler.py,10,1,0,0,0
sqlmap,C:\Users\Zhifei Chen\Desktop\pysmell\subjects_for_metrics\sqlmap\lib\request\connect.py,116,1,0,0,0
sqlmap,C:\Users\Zhifei Chen\Desktop\pysmell\subjects_for_metrics\sqlmap\lib\request\dns.py,14,1,0,0,0
sqlmap,C:\Users\Zhifei Chen\Desktop\pysmell\subjects_for_metrics\sqlmap\lib\request\dns.py,60,1,0,0,0
sqlmap,C:\Users\Zhifei Chen\Desktop\pysmell\subjects_for_metrics\sqlmap\lib\request\httpshandler.py,26,1,0,0,0
sqlmap,C:\Users\Zhifei Chen\Desktop\pysmell\subjects_for_metrics\sqlmap\lib\request\httpshandler.py,86,1,0,0,0
sqlmap,C:\Users\Zhifei Chen\Desktop\pysmell\subjects_for_metrics\sqlmap\lib\request\methodrequest.py,10,1,0,0,0
sqlmap,C:\Users\Zhifei Chen\Desktop\pysmell\subjects_for_metrics\sqlmap\lib\request\pkihandler.py,13,1,0,0,0
sqlmap,C:\Users\Zhifei Chen\Desktop\pysmell\subjects_for_metrics\sqlmap\lib\request\rangehandler.py,13,1,0,0,0
sqlmap,C:\Users\Zhifei Chen\Desktop\pysmell\subjects_for_metrics\sqlmap\lib\request\redirecthandler.py,35,1,0,0,0
sqlmap,C:\Users\Zhifei Chen\Desktop\pysmell\subjects_for_metrics\sqlmap\lib\takeover\abstraction.py,31,3,1,1,1
sqlmap,C:\Users\Zhifei Chen\Desktop\pysmell\subjects_for_metrics\sqlmap\lib\utils\api.py,53,1,0,0,0
sqlmap,C:\Users\Zhifei Chen\Desktop\pysmell\subjects_for_metrics\sqlmap\lib\utils\api.py,60,1,0,0,0
sqlmap,C:\Users\Zhifei Chen\Desktop\pysmell\subjects_for_metrics\sqlmap\lib\utils\api.py,118,1,0,0,0
sqlmap,C:\Users\Zhifei Chen\Desktop\pysmell\subjects_for_metrics\sqlmap\lib\utils\api.py,202,1,0,0,0
sqlmap,C:\Users\Zhifei Chen\Desktop\pysmell\subjects_for_metrics\sqlmap\lib\utils\api.py,262,1,0,0,0
sqlmap,C:\Users\Zhifei Chen\Desktop\pysmell\subjects_for_metrics\sqlmap\lib\utils\getch.py,8,1,0,0,0
sqlmap,C:\Users\Zhifei Chen\Desktop\pysmell\subjects_for_metrics\sqlmap\lib\utils\getch.py,26,1,0,0,0
sqlmap,C:\Users\Zhifei Chen\Desktop\pysmell\subjects_for_metrics\sqlmap\lib\utils\getch.py,45,1,0,0,0
sqlmap,C:\Users\Zhifei Chen\Desktop\pysmell\subjects_for_metrics\sqlmap\lib\utils\getch.py,54,1,0,0,0
sqlmap,C:\Users\Zhifei Chen\Desktop\pysmell\subjects_for_metrics\sqlmap\lib\utils\google.py,37,1,0,0,0
sqlmap,C:\Users\Zhifei Chen\Desktop\pysmell\subjects_for_metrics\sqlmap\lib\utils\hashdb.py,27,1,0,0,0
sqlmap,C:\Users\Zhifei Chen\Desktop\pysmell\subjects_for_metrics\sqlmap\lib\utils\progress.py,13,1,0,0,0
sqlmap,C:\Users\Zhifei Chen\Desktop\pysmell\subjects_for_metrics\sqlmap\lib\utils\sqlalchemy.py,36,1,0,0,0
sqlmap,C:\Users\Zhifei Chen\Desktop\pysmell\subjects_for_metrics\sqlmap\lib\utils\timeout.py,14,1,0,0,0
sqlmap,C:\Users\Zhifei Chen\Desktop\pysmell\subjects_for_metrics\sqlmap\lib\utils\xrange.py,8,1,0,0,0
sqlmap,C:\Users\Zhifei Chen\Desktop\pysmell\subjects_for_metrics\sqlmap\plugins\dbms\access\connector.py,22,1,0,0,0
sqlmap,C:\Users\Zhifei Chen\Desktop\pysmell\subjects_for_metrics\sqlmap\plugins\dbms\access\enumeration.py,11,1,0,0,0
sqlmap,C:\Users\Zhifei Chen\Desktop\pysmell\subjects_for_metrics\sqlmap\plugins\dbms\access\filesystem.py,11,1,0,0,0
sqlmap,C:\Users\Zhifei Chen\Desktop\pysmell\subjects_for_metrics\sqlmap\plugins\dbms\access\fingerprint.py,25,1,0,0,0
sqlmap,C:\Users\Zhifei Chen\Desktop\pysmell\subjects_for_metrics\sqlmap\plugins\dbms\access\syntax.py,10,1,0,0,0
sqlmap,C:\Users\Zhifei Chen\Desktop\pysmell\subjects_for_metrics\sqlmap\plugins\dbms\access\takeover.py,11,1,0,0,0
sqlmap,C:\Users\Zhifei Chen\Desktop\pysmell\subjects_for_metrics\sqlmap\plugins\dbms\access\__init__.py,18,6,1,1,1
sqlmap,C:\Users\Zhifei Chen\Desktop\pysmell\subjects_for_metrics\sqlmap\plugins\dbms\db2\connector.py,20,1,0,0,0
sqlmap,C:\Users\Zhifei Chen\Desktop\pysmell\subjects_for_metrics\sqlmap\plugins\dbms\db2\enumeration.py,12,1,0,0,0
sqlmap,C:\Users\Zhifei Chen\Desktop\pysmell\subjects_for_metrics\sqlmap\plugins\dbms\db2\filesystem.py,10,1,0,0,0
sqlmap,C:\Users\Zhifei Chen\Desktop\pysmell\subjects_for_metrics\sqlmap\plugins\dbms\db2\fingerprint.py,21,1,0,0,0
sqlmap,C:\Users\Zhifei Chen\Desktop\pysmell\subjects_for_metrics\sqlmap\plugins\dbms\db2\syntax.py,10,1,0,0,0
sqlmap,C:\Users\Zhifei Chen\Desktop\pysmell\subjects_for_metrics\sqlmap\plugins\dbms\db2\takeover.py,10,1,0,0,0
sqlmap,C:\Users\Zhifei Chen\Desktop\pysmell\subjects_for_metrics\sqlmap\plugins\dbms\db2\__init__.py,19,6,1,1,1
sqlmap,C:\Users\Zhifei Chen\Desktop\pysmell\subjects_for_metrics\sqlmap\plugins\dbms\firebird\connector.py,21,1,0,0,0
sqlmap,C:\Users\Zhifei Chen\Desktop\pysmell\subjects_for_metrics\sqlmap\plugins\dbms\firebird\enumeration.py,11,1,0,0,0
sqlmap,C:\Users\Zhifei Chen\Desktop\pysmell\subjects_for_metrics\sqlmap\plugins\dbms\firebird\filesystem.py,11,1,0,0,0
sqlmap,C:\Users\Zhifei Chen\Desktop\pysmell\subjects_for_metrics\sqlmap\plugins\dbms\firebird\fingerprint.py,25,1,0,0,0
sqlmap,C:\Users\Zhifei Chen\Desktop\pysmell\subjects_for_metrics\sqlmap\plugins\dbms\firebird\syntax.py,12,1,0,0,0
sqlmap,C:\Users\Zhifei Chen\Desktop\pysmell\subjects_for_metrics\sqlmap\plugins\dbms\firebird\takeover.py,11,1,0,0,0
sqlmap,C:\Users\Zhifei Chen\Desktop\pysmell\subjects_for_metrics\sqlmap\plugins\dbms\firebird\__init__.py,18,6,1,1,1
sqlmap,C:\Users\Zhifei Chen\Desktop\pysmell\subjects_for_metrics\sqlmap\plugins\dbms\hsqldb\connector.py,23,1,0,0,0
sqlmap,C:\Users\Zhifei Chen\Desktop\pysmell\subjects_for_metrics\sqlmap\plugins\dbms\hsqldb\enumeration.py,18,1,0,0,0
sqlmap,C:\Users\Zhifei Chen\Desktop\pysmell\subjects_for_metrics\sqlmap\plugins\dbms\hsqldb\filesystem.py,11,1,0,0,0
sqlmap,C:\Users\Zhifei Chen\Desktop\pysmell\subjects_for_metrics\sqlmap\plugins\dbms\hsqldb\fingerprint.py,23,1,0,0,0
sqlmap,C:\Users\Zhifei Chen\Desktop\pysmell\subjects_for_metrics\sqlmap\plugins\dbms\hsqldb\syntax.py,10,1,0,0,0
sqlmap,C:\Users\Zhifei Chen\Desktop\pysmell\subjects_for_metrics\sqlmap\plugins\dbms\hsqldb\takeover.py,11,1,0,0,0
sqlmap,C:\Users\Zhifei Chen\Desktop\pysmell\subjects_for_metrics\sqlmap\plugins\dbms\hsqldb\__init__.py,18,6,1,1,1
sqlmap,C:\Users\Zhifei Chen\Desktop\pysmell\subjects_for_metrics\sqlmap\plugins\dbms\maxdb\connector.py,11,1,0,0,0
sqlmap,C:\Users\Zhifei Chen\Desktop\pysmell\subjects_for_metrics\sqlmap\plugins\dbms\maxdb\enumeration.py,22,1,0,0,0
sqlmap,C:\Users\Zhifei Chen\Desktop\pysmell\subjects_for_metrics\sqlmap\plugins\dbms\maxdb\filesystem.py,11,1,0,0,0
sqlmap,C:\Users\Zhifei Chen\Desktop\pysmell\subjects_for_metrics\sqlmap\plugins\dbms\maxdb\fingerprint.py,21,1,0,0,0
sqlmap,C:\Users\Zhifei Chen\Desktop\pysmell\subjects_for_metrics\sqlmap\plugins\dbms\maxdb\syntax.py,10,1,0,0,0
sqlmap,C:\Users\Zhifei Chen\Desktop\pysmell\subjects_for_metrics\sqlmap\plugins\dbms\maxdb\takeover.py,11,1,0,0,0
sqlmap,C:\Users\Zhifei Chen\Desktop\pysmell\subjects_for_metrics\sqlmap\plugins\dbms\maxdb\__init__.py,18,6,1,1,1
sqlmap,C:\Users\Zhifei Chen\Desktop\pysmell\subjects_for_metrics\sqlmap\plugins\dbms\mssqlserver\connector.py,22,1,0,0,0
sqlmap,C:\Users\Zhifei Chen\Desktop\pysmell\subjects_for_metrics\sqlmap\plugins\dbms\mssqlserver\enumeration.py,33,1,0,0,0
sqlmap,C:\Users\Zhifei Chen\Desktop\pysmell\subjects_for_metrics\sqlmap\plugins\dbms\mssqlserver\filesystem.py,30,1,0,0,0
sqlmap,C:\Users\Zhifei Chen\Desktop\pysmell\subjects_for_metrics\sqlmap\plugins\dbms\mssqlserver\fingerprint.py,21,1,0,0,0
sqlmap,C:\Users\Zhifei Chen\Desktop\pysmell\subjects_for_metrics\sqlmap\plugins\dbms\mssqlserver\syntax.py,10,1,0,0,0
sqlmap,C:\Users\Zhifei Chen\Desktop\pysmell\subjects_for_metrics\sqlmap\plugins\dbms\mssqlserver\takeover.py,16,1,0,0,0
sqlmap,C:\Users\Zhifei Chen\Desktop\pysmell\subjects_for_metrics\sqlmap\plugins\dbms\mssqlserver\__init__.py,19,6,1,1,1
sqlmap,C:\Users\Zhifei Chen\Desktop\pysmell\subjects_for_metrics\sqlmap\plugins\dbms\mysql\connector.py,20,1,0,0,0
sqlmap,C:\Users\Zhifei Chen\Desktop\pysmell\subjects_for_metrics\sqlmap\plugins\dbms\mysql\enumeration.py,10,1,0,0,0
sqlmap,C:\Users\Zhifei Chen\Desktop\pysmell\subjects_for_metrics\sqlmap\plugins\dbms\mysql\filesystem.py,26,1,0,0,0
sqlmap,C:\Users\Zhifei Chen\Desktop\pysmell\subjects_for_metrics\sqlmap\plugins\dbms\mysql\fingerprint.py,24,1,0,0,0
sqlmap,C:\Users\Zhifei Chen\Desktop\pysmell\subjects_for_metrics\sqlmap\plugins\dbms\mysql\syntax.py,13,1,0,0,0
sqlmap,C:\Users\Zhifei Chen\Desktop\pysmell\subjects_for_metrics\sqlmap\plugins\dbms\mysql\takeover.py,27,1,0,0,0
sqlmap,C:\Users\Zhifei Chen\Desktop\pysmell\subjects_for_metrics\sqlmap\plugins\dbms\mysql\__init__.py,18,6,1,1,1
sqlmap,C:\Users\Zhifei Chen\Desktop\pysmell\subjects_for_metrics\sqlmap\plugins\dbms\oracle\connector.py,24,1,0,0,0
sqlmap,C:\Users\Zhifei Chen\Desktop\pysmell\subjects_for_metrics\sqlmap\plugins\dbms\oracle\enumeration.py,26,1,0,0,0
sqlmap,C:\Users\Zhifei Chen\Desktop\pysmell\subjects_for_metrics\sqlmap\plugins\dbms\oracle\filesystem.py,11,1,0,0,0
sqlmap,C:\Users\Zhifei Chen\Desktop\pysmell\subjects_for_metrics\sqlmap\plugins\dbms\oracle\fingerprint.py,21,1,0,0,0
sqlmap,C:\Users\Zhifei Chen\Desktop\pysmell\subjects_for_metrics\sqlmap\plugins\dbms\oracle\syntax.py,10,1,0,0,0
sqlmap,C:\Users\Zhifei Chen\Desktop\pysmell\subjects_for_metrics\sqlmap\plugins\dbms\oracle\takeover.py,11,1,0,0,0
sqlmap,C:\Users\Zhifei Chen\Desktop\pysmell\subjects_for_metrics\sqlmap\plugins\dbms\oracle\__init__.py,18,6,1,1,1
sqlmap,C:\Users\Zhifei Chen\Desktop\pysmell\subjects_for_metrics\sqlmap\plugins\dbms\postgresql\connector.py,20,1,0,0,0
sqlmap,C:\Users\Zhifei Chen\Desktop\pysmell\subjects_for_metrics\sqlmap\plugins\dbms\postgresql\enumeration.py,12,1,0,0,0
sqlmap,C:\Users\Zhifei Chen\Desktop\pysmell\subjects_for_metrics\sqlmap\plugins\dbms\postgresql\filesystem.py,17,1,0,0,0
sqlmap,C:\Users\Zhifei Chen\Desktop\pysmell\subjects_for_metrics\sqlmap\plugins\dbms\postgresql\fingerprint.py,20,1,0,0,0
sqlmap,C:\Users\Zhifei Chen\Desktop\pysmell\subjects_for_metrics\sqlmap\plugins\dbms\postgresql\syntax.py,10,1,0,0,0
sqlmap,C:\Users\Zhifei Chen\Desktop\pysmell\subjects_for_metrics\sqlmap\plugins\dbms\postgresql\takeover.py,23,1,0,0,0
sqlmap,C:\Users\Zhifei Chen\Desktop\pysmell\subjects_for_metrics\sqlmap\plugins\dbms\postgresql\__init__.py,18,6,1,1,1
sqlmap,C:\Users\Zhifei Chen\Desktop\pysmell\subjects_for_metrics\sqlmap\plugins\dbms\sqlite\connector.py,23,1,0,0,0
sqlmap,C:\Users\Zhifei Chen\Desktop\pysmell\subjects_for_metrics\sqlmap\plugins\dbms\sqlite\enumeration.py,12,1,0,0,0
sqlmap,C:\Users\Zhifei Chen\Desktop\pysmell\subjects_for_metrics\sqlmap\plugins\dbms\sqlite\filesystem.py,11,1,0,0,0
sqlmap,C:\Users\Zhifei Chen\Desktop\pysmell\subjects_for_metrics\sqlmap\plugins\dbms\sqlite\fingerprint.py,20,1,0,0,0
sqlmap,C:\Users\Zhifei Chen\Desktop\pysmell\subjects_for_metrics\sqlmap\plugins\dbms\sqlite\syntax.py,15,1,0,0,0
sqlmap,C:\Users\Zhifei Chen\Desktop\pysmell\subjects_for_metrics\sqlmap\plugins\dbms\sqlite\takeover.py,11,1,0,0,0
sqlmap,C:\Users\Zhifei Chen\Desktop\pysmell\subjects_for_metrics\sqlmap\plugins\dbms\sqlite\__init__.py,18,6,1,1,1
sqlmap,C:\Users\Zhifei Chen\Desktop\pysmell\subjects_for_metrics\sqlmap\plugins\dbms\sybase\connector.py,22,1,0,0,0
sqlmap,C:\Users\Zhifei Chen\Desktop\pysmell\subjects_for_metrics\sqlmap\plugins\dbms\sybase\enumeration.py,27,1,0,0,0
sqlmap,C:\Users\Zhifei Chen\Desktop\pysmell\subjects_for_metrics\sqlmap\plugins\dbms\sybase\filesystem.py,11,1,0,0,0
sqlmap,C:\Users\Zhifei Chen\Desktop\pysmell\subjects_for_metrics\sqlmap\plugins\dbms\sybase\fingerprint.py,21,1,0,0,0
sqlmap,C:\Users\Zhifei Chen\Desktop\pysmell\subjects_for_metrics\sqlmap\plugins\dbms\sybase\syntax.py,10,1,0,0,0
sqlmap,C:\Users\Zhifei Chen\Desktop\pysmell\subjects_for_metrics\sqlmap\plugins\dbms\sybase\takeover.py,11,1,0,0,0
sqlmap,C:\Users\Zhifei Chen\Desktop\pysmell\subjects_for_metrics\sqlmap\plugins\dbms\sybase\__init__.py,18,6,1,1,1
sqlmap,C:\Users\Zhifei Chen\Desktop\pysmell\subjects_for_metrics\sqlmap\plugins\generic\enumeration.py,24,5,1,1,1
sqlmap,C:\Users\Zhifei Chen\Desktop\pysmell\subjects_for_metrics\sqlmap\plugins\generic\takeover.py,32,5,1,1,1
sqlmap,C:\Users\Zhifei Chen\Desktop\pysmell\subjects_for_metrics\sqlmap\thirdparty\ansistrm\ansistrm.py,10,1,0,0,0
sqlmap,C:\Users\Zhifei Chen\Desktop\pysmell\subjects_for_metrics\sqlmap\thirdparty\beautifulsoup\beautifulsoup.py,113,1,0,0,0
sqlmap,C:\Users\Zhifei Chen\Desktop\pysmell\subjects_for_metrics\sqlmap\thirdparty\beautifulsoup\beautifulsoup.py,424,2,0,1,0
sqlmap,C:\Users\Zhifei Chen\Desktop\pysmell\subjects_for_metrics\sqlmap\thirdparty\beautifulsoup\beautifulsoup.py,459,1,0,0,0
sqlmap,C:\Users\Zhifei Chen\Desktop\pysmell\subjects_for_metrics\sqlmap\thirdparty\beautifulsoup\beautifulsoup.py,464,1,0,0,0
sqlmap,C:\Users\Zhifei Chen\Desktop\pysmell\subjects_for_metrics\sqlmap\thirdparty\beautifulsoup\beautifulsoup.py,471,1,0,0,0
sqlmap,C:\Users\Zhifei Chen\Desktop\pysmell\subjects_for_metrics\sqlmap\thirdparty\beautifulsoup\beautifulsoup.py,475,1,0,0,0
sqlmap,C:\Users\Zhifei Chen\Desktop\pysmell\subjects_for_metrics\sqlmap\thirdparty\beautifulsoup\beautifulsoup.py,479,1,0,0,0
sqlmap,C:\Users\Zhifei Chen\Desktop\pysmell\subjects_for_metrics\sqlmap\thirdparty\beautifulsoup\beautifulsoup.py,1006,1,0,0,0
sqlmap,C:\Users\Zhifei Chen\Desktop\pysmell\subjects_for_metrics\sqlmap\thirdparty\beautifulsoup\beautifulsoup.py,1036,2,0,1,0
sqlmap,C:\Users\Zhifei Chen\Desktop\pysmell\subjects_for_metrics\sqlmap\thirdparty\beautifulsoup\beautifulsoup.py,1467,1,0,0,0
sqlmap,C:\Users\Zhifei Chen\Desktop\pysmell\subjects_for_metrics\sqlmap\thirdparty\beautifulsoup\beautifulsoup.py,1620,1,0,0,0
sqlmap,C:\Users\Zhifei Chen\Desktop\pysmell\subjects_for_metrics\sqlmap\thirdparty\beautifulsoup\beautifulsoup.py,1623,1,0,0,0
sqlmap,C:\Users\Zhifei Chen\Desktop\pysmell\subjects_for_metrics\sqlmap\thirdparty\beautifulsoup\beautifulsoup.py,1659,1,0,0,0
sqlmap,C:\Users\Zhifei Chen\Desktop\pysmell\subjects_for_metrics\sqlmap\thirdparty\beautifulsoup\beautifulsoup.py,1672,1,0,0,0
sqlmap,C:\Users\Zhifei Chen\Desktop\pysmell\subjects_for_metrics\sqlmap\thirdparty\beautifulsoup\beautifulsoup.py,1711,1,0,0,0
sqlmap,C:\Users\Zhifei Chen\Desktop\pysmell\subjects_for_metrics\sqlmap\thirdparty\beautifulsoup\beautifulsoup.py,1713,1,0,0,0
sqlmap,C:\Users\Zhifei Chen\Desktop\pysmell\subjects_for_metrics\sqlmap\thirdparty\beautifulsoup\beautifulsoup.py,1715,1,0,0,0
sqlmap,C:\Users\Zhifei Chen\Desktop\pysmell\subjects_for_metrics\sqlmap\thirdparty\beautifulsoup\beautifulsoup.py,1717,1,0,0,0
sqlmap,C:\Users\Zhifei Chen\Desktop\pysmell\subjects_for_metrics\sqlmap\thirdparty\beautifulsoup\beautifulsoup.py,1719,1,0,0,0
sqlmap,C:\Users\Zhifei Chen\Desktop\pysmell\subjects_for_metrics\sqlmap\thirdparty\bottle\bottle.py,122,1,0,0,0
sqlmap,C:\Users\Zhifei Chen\Desktop\pysmell\subjects_for_metrics\sqlmap\thirdparty\bottle\bottle.py,127,1,0,0,0
sqlmap,C:\Users\Zhifei Chen\Desktop\pysmell\subjects_for_metrics\sqlmap\thirdparty\bottle\bottle.py,150,1,0,0,0
sqlmap,C:\Users\Zhifei Chen\Desktop\pysmell\subjects_for_metrics\sqlmap\thirdparty\bottle\bottle.py,175,1,0,0,0
sqlmap,C:\Users\Zhifei Chen\Desktop\pysmell\subjects_for_metrics\sqlmap\thirdparty\bottle\bottle.py,189,1,0,0,0
sqlmap,C:\Users\Zhifei Chen\Desktop\pysmell\subjects_for_metrics\sqlmap\thirdparty\bottle\bottle.py,210,1,0,0,0
sqlmap,C:\Users\Zhifei Chen\Desktop\pysmell\subjects_for_metrics\sqlmap\thirdparty\bottle\bottle.py,224,1,0,0,0
sqlmap,C:\Users\Zhifei Chen\Desktop\pysmell\subjects_for_metrics\sqlmap\thirdparty\bottle\bottle.py,228,1,0,0,0
sqlmap,C:\Users\Zhifei Chen\Desktop\pysmell\subjects_for_metrics\sqlmap\thirdparty\bottle\bottle.py,232,1,0,0,0
sqlmap,C:\Users\Zhifei Chen\Desktop\pysmell\subjects_for_metrics\sqlmap\thirdparty\bottle\bottle.py,235,1,0,0,0
sqlmap,C:\Users\Zhifei Chen\Desktop\pysmell\subjects_for_metrics\sqlmap\thirdparty\bottle\bottle.py,239,1,0,0,0
sqlmap,C:\Users\Zhifei Chen\Desktop\pysmell\subjects_for_metrics\sqlmap\thirdparty\bottle\bottle.py,243,1,0,0,0
sqlmap,C:\Users\Zhifei Chen\Desktop\pysmell\subjects_for_metrics\sqlmap\thirdparty\bottle\bottle.py,413,1,0,0,0
sqlmap,C:\Users\Zhifei Chen\Desktop\pysmell\subjects_for_metrics\sqlmap\thirdparty\bottle\bottle.py,508,1,0,0,0
sqlmap,C:\Users\Zhifei Chen\Desktop\pysmell\subjects_for_metrics\sqlmap\thirdparty\bottle\bottle.py,890,1,0,0,0
sqlmap,C:\Users\Zhifei Chen\Desktop\pysmell\subjects_for_metrics\sqlmap\thirdparty\bottle\bottle.py,1254,1,0,0,0
sqlmap,C:\Users\Zhifei Chen\Desktop\pysmell\subjects_for_metrics\sqlmap\thirdparty\bottle\bottle.py,1272,1,0,0,0
sqlmap,C:\Users\Zhifei Chen\Desktop\pysmell\subjects_for_metrics\sqlmap\thirdparty\bottle\bottle.py,1501,1,0,0,0
sqlmap,C:\Users\Zhifei Chen\Desktop\pysmell\subjects_for_metrics\sqlmap\thirdparty\bottle\bottle.py,1511,1,0,0,0
sqlmap,C:\Users\Zhifei Chen\Desktop\pysmell\subjects_for_metrics\sqlmap\thirdparty\bottle\bottle.py,1527,2,0,1,0
sqlmap,C:\Users\Zhifei Chen\Desktop\pysmell\subjects_for_metrics\sqlmap\thirdparty\bottle\bottle.py,1549,1,0,0,0
sqlmap,C:\Users\Zhifei Chen\Desktop\pysmell\subjects_for_metrics\sqlmap\thirdparty\bottle\bottle.py,1564,1,0,0,0
sqlmap,C:\Users\Zhifei Chen\Desktop\pysmell\subjects_for_metrics\sqlmap\thirdparty\bottle\bottle.py,1566,1,0,0,0
sqlmap,C:\Users\Zhifei Chen\Desktop\pysmell\subjects_for_metrics\sqlmap\thirdparty\bottle\bottle.py,1588,1,0,0,0
sqlmap,C:\Users\Zhifei Chen\Desktop\pysmell\subjects_for_metrics\sqlmap\thirdparty\bottle\bottle.py,1633,1,0,0,0
sqlmap,C:\Users\Zhifei Chen\Desktop\pysmell\subjects_for_metrics\sqlmap\thirdparty\bottle\bottle.py,1655,1,0,0,0
sqlmap,C:\Users\Zhifei Chen\Desktop\pysmell\subjects_for_metrics\sqlmap\thirdparty\bottle\bottle.py,1691,1,0,0,0
sqlmap,C:\Users\Zhifei Chen\Desktop\pysmell\subjects_for_metrics\sqlmap\thirdparty\bottle\bottle.py,1765,1,0,0,0
sqlmap,C:\Users\Zhifei Chen\Desktop\pysmell\subjects_for_metrics\sqlmap\thirdparty\bottle\bottle.py,1810,1,0,0,0
sqlmap,C:\Users\Zhifei Chen\Desktop\pysmell\subjects_for_metrics\sqlmap\thirdparty\bottle\bottle.py,1834,1,0,0,0
sqlmap,C:\Users\Zhifei Chen\Desktop\pysmell\subjects_for_metrics\sqlmap\thirdparty\bottle\bottle.py,1883,1,0,0,0
sqlmap,C:\Users\Zhifei Chen\Desktop\pysmell\subjects_for_metrics\sqlmap\thirdparty\bottle\bottle.py,1916,1,0,0,0
sqlmap,C:\Users\Zhifei Chen\Desktop\pysmell\subjects_for_metrics\sqlmap\thirdparty\bottle\bottle.py,1931,1,0,0,0
sqlmap,C:\Users\Zhifei Chen\Desktop\pysmell\subjects_for_metrics\sqlmap\thirdparty\bottle\bottle.py,1946,1,0,0,0
sqlmap,C:\Users\Zhifei Chen\Desktop\pysmell\subjects_for_metrics\sqlmap\thirdparty\bottle\bottle.py,1951,1,0,0,0
sqlmap,C:\Users\Zhifei Chen\Desktop\pysmell\subjects_for_metrics\sqlmap\thirdparty\bottle\bottle.py,2350,1,0,0,0
sqlmap,C:\Users\Zhifei Chen\Desktop\pysmell\subjects_for_metrics\sqlmap\thirdparty\bottle\bottle.py,2365,1,0,0,0
sqlmap,C:\Users\Zhifei Chen\Desktop\pysmell\subjects_for_metrics\sqlmap\thirdparty\bottle\bottle.py,2375,1,0,0,0
sqlmap,C:\Users\Zhifei Chen\Desktop\pysmell\subjects_for_metrics\sqlmap\thirdparty\bottle\bottle.py,2382,1,0,0,0
sqlmap,C:\Users\Zhifei Chen\Desktop\pysmell\subjects_for_metrics\sqlmap\thirdparty\bottle\bottle.py,2386,1,0,0,0
sqlmap,C:\Users\Zhifei Chen\Desktop\pysmell\subjects_for_metrics\sqlmap\thirdparty\bottle\bottle.py,2393,1,0,0,0
sqlmap,C:\Users\Zhifei Chen\Desktop\pysmell\subjects_for_metrics\sqlmap\thirdparty\bottle\bottle.py,2403,1,0,0,0
sqlmap,C:\Users\Zhifei Chen\Desktop\pysmell\subjects_for_metrics\sqlmap\thirdparty\bottle\bottle.py,2409,1,0,0,0
sqlmap,C:\Users\Zhifei Chen\Desktop\pysmell\subjects_for_metrics\sqlmap\thirdparty\bottle\bottle.py,2419,1,0,0,0
sqlmap,C:\Users\Zhifei Chen\Desktop\pysmell\subjects_for_metrics\sqlmap\thirdparty\bottle\bottle.py,2426,1,0,0,0
sqlmap,C:\Users\Zhifei Chen\Desktop\pysmell\subjects_for_metrics\sqlmap\thirdparty\bottle\bottle.py,2448,1,0,0,0
sqlmap,C:\Users\Zhifei Chen\Desktop\pysmell\subjects_for_metrics\sqlmap\thirdparty\bottle\bottle.py,2458,1,0,0,0
sqlmap,C:\Users\Zhifei Chen\Desktop\pysmell\subjects_for_metrics\sqlmap\thirdparty\bottle\bottle.py,2471,1,0,0,0
sqlmap,C:\Users\Zhifei Chen\Desktop\pysmell\subjects_for_metrics\sqlmap\thirdparty\bottle\bottle.py,2485,1,0,0,0
sqlmap,C:\Users\Zhifei Chen\Desktop\pysmell\subjects_for_metrics\sqlmap\thirdparty\bottle\bottle.py,2493,1,0,0,0
sqlmap,C:\Users\Zhifei Chen\Desktop\pysmell\subjects_for_metrics\sqlmap\thirdparty\bottle\bottle.py,2509,1,0,0,0
sqlmap,C:\Users\Zhifei Chen\Desktop\pysmell\subjects_for_metrics\sqlmap\thirdparty\bottle\bottle.py,2517,1,0,0,0
sqlmap,C:\Users\Zhifei Chen\Desktop\pysmell\subjects_for_metrics\sqlmap\thirdparty\bottle\bottle.py,2527,1,0,0,0
sqlmap,C:\Users\Zhifei Chen\Desktop\pysmell\subjects_for_metrics\sqlmap\thirdparty\bottle\bottle.py,2539,1,0,0,0
sqlmap,C:\Users\Zhifei Chen\Desktop\pysmell\subjects_for_metrics\sqlmap\thirdparty\bottle\bottle.py,2547,1,0,0,0
sqlmap,C:\Users\Zhifei Chen\Desktop\pysmell\subjects_for_metrics\sqlmap\thirdparty\bottle\bottle.py,2554,1,0,0,0
sqlmap,C:\Users\Zhifei Chen\Desktop\pysmell\subjects_for_metrics\sqlmap\thirdparty\bottle\bottle.py,2721,1,0,0,0
sqlmap,C:\Users\Zhifei Chen\Desktop\pysmell\subjects_for_metrics\sqlmap\thirdparty\bottle\bottle.py,2770,1,0,0,0
sqlmap,C:\Users\Zhifei Chen\Desktop\pysmell\subjects_for_metrics\sqlmap\thirdparty\bottle\bottle.py,2775,1,0,0,0
sqlmap,C:\Users\Zhifei Chen\Desktop\pysmell\subjects_for_metrics\sqlmap\thirdparty\bottle\bottle.py,2854,1,0,0,0
sqlmap,C:\Users\Zhifei Chen\Desktop\pysmell\subjects_for_metrics\sqlmap\thirdparty\bottle\bottle.py,2873,1,0,0,0
sqlmap,C:\Users\Zhifei Chen\Desktop\pysmell\subjects_for_metrics\sqlmap\thirdparty\bottle\bottle.py,2893,1,0,0,0
sqlmap,C:\Users\Zhifei Chen\Desktop\pysmell\subjects_for_metrics\sqlmap\thirdparty\bottle\bottle.py,2920,1,0,0,0
sqlmap,C:\Users\Zhifei Chen\Desktop\pysmell\subjects_for_metrics\sqlmap\thirdparty\bottle\bottle.py,2945,1,0,0,0
sqlmap,C:\Users\Zhifei Chen\Desktop\pysmell\subjects_for_metrics\sqlmap\thirdparty\chardet\big5prober.py,34,1,0,0,0
sqlmap,C:\Users\Zhifei Chen\Desktop\pysmell\subjects_for_metrics\sqlmap\thirdparty\chardet\chardistribution.py,111,1,0,0,0
sqlmap,C:\Users\Zhifei Chen\Desktop\pysmell\subjects_for_metrics\sqlmap\thirdparty\chardet\chardistribution.py,130,1,0,0,0
sqlmap,C:\Users\Zhifei Chen\Desktop\pysmell\subjects_for_metrics\sqlmap\thirdparty\chardet\chardistribution.py,149,1,0,0,0
sqlmap,C:\Users\Zhifei Chen\Desktop\pysmell\subjects_for_metrics\sqlmap\thirdparty\chardet\chardistribution.py,168,1,0,0,0
sqlmap,C:\Users\Zhifei Chen\Desktop\pysmell\subjects_for_metrics\sqlmap\thirdparty\chardet\chardistribution.py,190,1,0,0,0
sqlmap,C:\Users\Zhifei Chen\Desktop\pysmell\subjects_for_metrics\sqlmap\thirdparty\chardet\chardistribution.py,215,1,0,0,0
sqlmap,C:\Users\Zhifei Chen\Desktop\pysmell\subjects_for_metrics\sqlmap\thirdparty\chardet\charsetgroupprober.py,33,1,0,0,0
sqlmap,C:\Users\Zhifei Chen\Desktop\pysmell\subjects_for_metrics\sqlmap\thirdparty\chardet\cp949prober.py,34,1,0,0,0
sqlmap,C:\Users\Zhifei Chen\Desktop\pysmell\subjects_for_metrics\sqlmap\thirdparty\chardet\escprober.py,36,1,0,0,0
sqlmap,C:\Users\Zhifei Chen\Desktop\pysmell\subjects_for_metrics\sqlmap\thirdparty\chardet\eucjpprober.py,37,1,0,0,0
sqlmap,C:\Users\Zhifei Chen\Desktop\pysmell\subjects_for_metrics\sqlmap\thirdparty\chardet\euckrprober.py,34,1,0,0,0
sqlmap,C:\Users\Zhifei Chen\Desktop\pysmell\subjects_for_metrics\sqlmap\thirdparty\chardet\euctwprober.py,33,1,0,0,0
sqlmap,C:\Users\Zhifei Chen\Desktop\pysmell\subjects_for_metrics\sqlmap\thirdparty\chardet\gb2312prober.py,33,1,0,0,0
sqlmap,C:\Users\Zhifei Chen\Desktop\pysmell\subjects_for_metrics\sqlmap\thirdparty\chardet\hebrewprober.py,155,1,0,0,0
sqlmap,C:\Users\Zhifei Chen\Desktop\pysmell\subjects_for_metrics\sqlmap\thirdparty\chardet\jpcntx.py,179,1,0,0,0
sqlmap,C:\Users\Zhifei Chen\Desktop\pysmell\subjects_for_metrics\sqlmap\thirdparty\chardet\jpcntx.py,206,1,0,0,0
sqlmap,C:\Users\Zhifei Chen\Desktop\pysmell\subjects_for_metrics\sqlmap\thirdparty\chardet\latin1prober.py,97,1,0,0,0
sqlmap,C:\Users\Zhifei Chen\Desktop\pysmell\subjects_for_metrics\sqlmap\thirdparty\chardet\mbcharsetprober.py,35,1,0,0,0
sqlmap,C:\Users\Zhifei Chen\Desktop\pysmell\subjects_for_metrics\sqlmap\thirdparty\chardet\mbcsgroupprober.py,41,1,0,0,0
sqlmap,C:\Users\Zhifei Chen\Desktop\pysmell\subjects_for_metrics\sqlmap\thirdparty\chardet\sbcharsetprober.py,44,1,0,0,0
sqlmap,C:\Users\Zhifei Chen\Desktop\pysmell\subjects_for_metrics\sqlmap\thirdparty\chardet\sbcsgroupprober.py,42,1,0,0,0
sqlmap,C:\Users\Zhifei Chen\Desktop\pysmell\subjects_for_metrics\sqlmap\thirdparty\chardet\sjisprober.py,37,1,0,0,0
sqlmap,C:\Users\Zhifei Chen\Desktop\pysmell\subjects_for_metrics\sqlmap\thirdparty\chardet\utf8prober.py,36,1,0,0,0
sqlmap,C:\Users\Zhifei Chen\Desktop\pysmell\subjects_for_metrics\sqlmap\thirdparty\clientform\clientform.py,443,1,0,0,0
sqlmap,C:\Users\Zhifei Chen\Desktop\pysmell\subjects_for_metrics\sqlmap\thirdparty\clientform\clientform.py,444,1,0,0,0
sqlmap,C:\Users\Zhifei Chen\Desktop\pysmell\subjects_for_metrics\sqlmap\thirdparty\clientform\clientform.py,445,1,0,0,0
sqlmap,C:\Users\Zhifei Chen\Desktop\pysmell\subjects_for_metrics\sqlmap\thirdparty\clientform\clientform.py,446,1,0,0,0
sqlmap,C:\Users\Zhifei Chen\Desktop\pysmell\subjects_for_metrics\sqlmap\thirdparty\clientform\clientform.py,448,1,0,0,0
sqlmap,C:\Users\Zhifei Chen\Desktop\pysmell\subjects_for_metrics\sqlmap\thirdparty\clientform\clientform.py,454,2,0,1,0
sqlmap,C:\Users\Zhifei Chen\Desktop\pysmell\subjects_for_metrics\sqlmap\thirdparty\clientform\clientform.py,461,1,0,0,0
sqlmap,C:\Users\Zhifei Chen\Desktop\pysmell\subjects_for_metrics\sqlmap\thirdparty\clientform\clientform.py,465,1,0,0,0
sqlmap,C:\Users\Zhifei Chen\Desktop\pysmell\subjects_for_metrics\sqlmap\thirdparty\clientform\clientform.py,785,2,0,1,0
sqlmap,C:\Users\Zhifei Chen\Desktop\pysmell\subjects_for_metrics\sqlmap\thirdparty\clientform\clientform.py,840,1,0,0,0
sqlmap,C:\Users\Zhifei Chen\Desktop\pysmell\subjects_for_metrics\sqlmap\thirdparty\clientform\clientform.py,864,2,0,1,0
sqlmap,C:\Users\Zhifei Chen\Desktop\pysmell\subjects_for_metrics\sqlmap\thirdparty\clientform\clientform.py,888,1,0,0,0
sqlmap,C:\Users\Zhifei Chen\Desktop\pysmell\subjects_for_metrics\sqlmap\thirdparty\clientform\clientform.py,905,2,0,1,0
sqlmap,C:\Users\Zhifei Chen\Desktop\pysmell\subjects_for_metrics\sqlmap\thirdparty\clientform\clientform.py,909,2,0,1,0
sqlmap,C:\Users\Zhifei Chen\Desktop\pysmell\subjects_for_metrics\sqlmap\thirdparty\clientform\clientform.py,1300,1,0,0,0
sqlmap,C:\Users\Zhifei Chen\Desktop\pysmell\subjects_for_metrics\sqlmap\thirdparty\clientform\clientform.py,1378,1,0,0,0
sqlmap,C:\Users\Zhifei Chen\Desktop\pysmell\subjects_for_metrics\sqlmap\thirdparty\clientform\clientform.py,1398,1,0,0,0
sqlmap,C:\Users\Zhifei Chen\Desktop\pysmell\subjects_for_metrics\sqlmap\thirdparty\clientform\clientform.py,1502,1,0,0,0
sqlmap,C:\Users\Zhifei Chen\Desktop\pysmell\subjects_for_metrics\sqlmap\thirdparty\clientform\clientform.py,1572,1,0,0,0
sqlmap,C:\Users\Zhifei Chen\Desktop\pysmell\subjects_for_metrics\sqlmap\thirdparty\clientform\clientform.py,1694,1,0,0,0
sqlmap,C:\Users\Zhifei Chen\Desktop\pysmell\subjects_for_metrics\sqlmap\thirdparty\clientform\clientform.py,2274,1,0,0,0
sqlmap,C:\Users\Zhifei Chen\Desktop\pysmell\subjects_for_metrics\sqlmap\thirdparty\clientform\clientform.py,2307,1,0,0,0
sqlmap,C:\Users\Zhifei Chen\Desktop\pysmell\subjects_for_metrics\sqlmap\thirdparty\clientform\clientform.py,2326,1,0,0,0
sqlmap,C:\Users\Zhifei Chen\Desktop\pysmell\subjects_for_metrics\sqlmap\thirdparty\clientform\clientform.py,2441,1,0,0,0
sqlmap,C:\Users\Zhifei Chen\Desktop\pysmell\subjects_for_metrics\sqlmap\thirdparty\clientform\clientform.py,2479,1,0,0,0
sqlmap,C:\Users\Zhifei Chen\Desktop\pysmell\subjects_for_metrics\sqlmap\thirdparty\clientform\clientform.py,2510,1,0,0,0
sqlmap,C:\Users\Zhifei Chen\Desktop\pysmell\subjects_for_metrics\sqlmap\thirdparty\clientform\clientform.py,2511,1,0,0,0
sqlmap,C:\Users\Zhifei Chen\Desktop\pysmell\subjects_for_metrics\sqlmap\thirdparty\clientform\clientform.py,2512,1,0,0,0
sqlmap,C:\Users\Zhifei Chen\Desktop\pysmell\subjects_for_metrics\sqlmap\thirdparty\clientform\clientform.py,2513,1,0,0,0
sqlmap,C:\Users\Zhifei Chen\Desktop\pysmell\subjects_for_metrics\sqlmap\thirdparty\colorama\ansi.py,11,1,0,0,0
sqlmap,C:\Users\Zhifei Chen\Desktop\pysmell\subjects_for_metrics\sqlmap\thirdparty\colorama\ansitowin32.py,18,1,0,0,0
sqlmap,C:\Users\Zhifei Chen\Desktop\pysmell\subjects_for_metrics\sqlmap\thirdparty\colorama\ansitowin32.py,37,1,0,0,0
sqlmap,C:\Users\Zhifei Chen\Desktop\pysmell\subjects_for_metrics\sqlmap\thirdparty\colorama\winterm.py,6,1,0,0,0
sqlmap,C:\Users\Zhifei Chen\Desktop\pysmell\subjects_for_metrics\sqlmap\thirdparty\colorama\winterm.py,17,1,0,0,0
sqlmap,C:\Users\Zhifei Chen\Desktop\pysmell\subjects_for_metrics\sqlmap\thirdparty\colorama\winterm.py,22,1,0,0,0
sqlmap,C:\Users\Zhifei Chen\Desktop\pysmell\subjects_for_metrics\sqlmap\thirdparty\gprof2dot\gprof2dot.py,80,1,0,0,0
sqlmap,C:\Users\Zhifei Chen\Desktop\pysmell\subjects_for_metrics\sqlmap\thirdparty\gprof2dot\gprof2dot.py,91,1,0,0,0
sqlmap,C:\Users\Zhifei Chen\Desktop\pysmell\subjects_for_metrics\sqlmap\thirdparty\gprof2dot\gprof2dot.py,131,1,0,0,0
sqlmap,C:\Users\Zhifei Chen\Desktop\pysmell\subjects_for_metrics\sqlmap\thirdparty\gprof2dot\gprof2dot.py,163,1,0,0,0
sqlmap,C:\Users\Zhifei Chen\Desktop\pysmell\subjects_for_metrics\sqlmap\thirdparty\gprof2dot\gprof2dot.py,176,1,0,0,0
sqlmap,C:\Users\Zhifei Chen\Desktop\pysmell\subjects_for_metrics\sqlmap\thirdparty\gprof2dot\gprof2dot.py,201,1,0,0,0
sqlmap,C:\Users\Zhifei Chen\Desktop\pysmell\subjects_for_metrics\sqlmap\thirdparty\gprof2dot\gprof2dot.py,220,1,0,0,0
sqlmap,C:\Users\Zhifei Chen\Desktop\pysmell\subjects_for_metrics\sqlmap\thirdparty\gprof2dot\gprof2dot.py,568,1,0,0,0
sqlmap,C:\Users\Zhifei Chen\Desktop\pysmell\subjects_for_metrics\sqlmap\thirdparty\gprof2dot\gprof2dot.py,590,1,0,0,0
sqlmap,C:\Users\Zhifei Chen\Desktop\pysmell\subjects_for_metrics\sqlmap\thirdparty\gprof2dot\gprof2dot.py,716,1,0,0,0
sqlmap,C:\Users\Zhifei Chen\Desktop\pysmell\subjects_for_metrics\sqlmap\thirdparty\gprof2dot\gprof2dot.py,726,1,0,0,0
sqlmap,C:\Users\Zhifei Chen\Desktop\pysmell\subjects_for_metrics\sqlmap\thirdparty\gprof2dot\gprof2dot.py,773,1,0,0,0
sqlmap,C:\Users\Zhifei Chen\Desktop\pysmell\subjects_for_metrics\sqlmap\thirdparty\gprof2dot\gprof2dot.py,1035,1,0,0,0
sqlmap,C:\Users\Zhifei Chen\Desktop\pysmell\subjects_for_metrics\sqlmap\thirdparty\gprof2dot\gprof2dot.py,1320,1,0,0,0
sqlmap,C:\Users\Zhifei Chen\Desktop\pysmell\subjects_for_metrics\sqlmap\thirdparty\gprof2dot\gprof2dot.py,1487,1,0,0,0
sqlmap,C:\Users\Zhifei Chen\Desktop\pysmell\subjects_for_metrics\sqlmap\thirdparty\gprof2dot\gprof2dot.py,1604,1,0,0,0
sqlmap,C:\Users\Zhifei Chen\Desktop\pysmell\subjects_for_metrics\sqlmap\thirdparty\gprof2dot\gprof2dot.py,1699,1,0,0,0
sqlmap,C:\Users\Zhifei Chen\Desktop\pysmell\subjects_for_metrics\sqlmap\thirdparty\gprof2dot\gprof2dot.py,1801,1,0,0,0
sqlmap,C:\Users\Zhifei Chen\Desktop\pysmell\subjects_for_metrics\sqlmap\thirdparty\gprof2dot\gprof2dot.py,1918,1,0,0,0
sqlmap,C:\Users\Zhifei Chen\Desktop\pysmell\subjects_for_metrics\sqlmap\thirdparty\keepalive\keepalive.py,87,1,0,0,0
sqlmap,C:\Users\Zhifei Chen\Desktop\pysmell\subjects_for_metrics\sqlmap\thirdparty\keepalive\keepalive.py,212,1,0,0,0
sqlmap,C:\Users\Zhifei Chen\Desktop\pysmell\subjects_for_metrics\sqlmap\thirdparty\keepalive\keepalive.py,302,1,0,0,0
sqlmap,C:\Users\Zhifei Chen\Desktop\pysmell\subjects_for_metrics\sqlmap\thirdparty\magic\magic.py,20,1,0,0,0
sqlmap,C:\Users\Zhifei Chen\Desktop\pysmell\subjects_for_metrics\sqlmap\thirdparty\multipart\multipartpost.py,44,1,0,0,0
sqlmap,C:\Users\Zhifei Chen\Desktop\pysmell\subjects_for_metrics\sqlmap\thirdparty\odict\odict.py,36,1,0,0,0
sqlmap,C:\Users\Zhifei Chen\Desktop\pysmell\subjects_for_metrics\sqlmap\thirdparty\odict\odict.py,877,1,0,0,0
sqlmap,C:\Users\Zhifei Chen\Desktop\pysmell\subjects_for_metrics\sqlmap\thirdparty\odict\odict.py,969,1,0,0,0
sqlmap,C:\Users\Zhifei Chen\Desktop\pysmell\subjects_for_metrics\sqlmap\thirdparty\odict\odict.py,1079,1,0,0,0
sqlmap,C:\Users\Zhifei Chen\Desktop\pysmell\subjects_for_metrics\sqlmap\thirdparty\odict\odict.py,1169,1,0,0,0
sqlmap,C:\Users\Zhifei Chen\Desktop\pysmell\subjects_for_metrics\sqlmap\thirdparty\oset\pyoset.py,18,1,0,0,0
sqlmap,C:\Users\Zhifei Chen\Desktop\pysmell\subjects_for_metrics\sqlmap\thirdparty\oset\_abc.py,43,1,0,0,0
sqlmap,C:\Users\Zhifei Chen\Desktop\pysmell\subjects_for_metrics\sqlmap\thirdparty\oset\_abc.py,222,3,1,1,1
sqlmap,C:\Users\Zhifei Chen\Desktop\pysmell\subjects_for_metrics\sqlmap\thirdparty\oset\_abc.py,345,1,0,0,0
sqlmap,C:\Users\Zhifei Chen\Desktop\pysmell\subjects_for_metrics\sqlmap\thirdparty\oset\_abc.py,409,1,0,0,0
sqlmap,C:\Users\Zhifei Chen\Desktop\pysmell\subjects_for_metrics\sqlmap\thirdparty\pydes\pyDes.py,107,1,0,0,0
sqlmap,C:\Users\Zhifei Chen\Desktop\pysmell\subjects_for_metrics\sqlmap\thirdparty\pydes\pyDes.py,247,1,0,0,0
sqlmap,C:\Users\Zhifei Chen\Desktop\pysmell\subjects_for_metrics\sqlmap\thirdparty\pydes\pyDes.py,693,1,0,0,0
sqlmap,C:\Users\Zhifei Chen\Desktop\pysmell\subjects_for_metrics\sqlmap\thirdparty\socks\socks.py,58,1,0,0,0
sqlmap,C:\Users\Zhifei Chen\Desktop\pysmell\subjects_for_metrics\sqlmap\thirdparty\socks\socks.py,59,1,0,0,0
sqlmap,C:\Users\Zhifei Chen\Desktop\pysmell\subjects_for_metrics\sqlmap\thirdparty\socks\socks.py,60,1,0,0,0
sqlmap,C:\Users\Zhifei Chen\Desktop\pysmell\subjects_for_metrics\sqlmap\thirdparty\socks\socks.py,61,1,0,0,0
sqlmap,C:\Users\Zhifei Chen\Desktop\pysmell\subjects_for_metrics\sqlmap\thirdparty\socks\socks.py,62,1,0,0,0
sqlmap,C:\Users\Zhifei Chen\Desktop\pysmell\subjects_for_metrics\sqlmap\thirdparty\socks\socks.py,63,1,0,0,0
sqlmap,C:\Users\Zhifei Chen\Desktop\pysmell\subjects_for_metrics\sqlmap\thirdparty\socks\socks.py,120,1,0,0,0
sqlmap,C:\Users\Zhifei Chen\Desktop\pysmell\subjects_for_metrics\sqlmap\thirdparty\xdot\xdot.py,94,1,0,0,0
sqlmap,C:\Users\Zhifei Chen\Desktop\pysmell\subjects_for_metrics\sqlmap\thirdparty\xdot\xdot.py,195,1,0,0,0
sqlmap,C:\Users\Zhifei Chen\Desktop\pysmell\subjects_for_metrics\sqlmap\thirdparty\xdot\xdot.py,224,1,0,0,0
sqlmap,C:\Users\Zhifei Chen\Desktop\pysmell\subjects_for_metrics\sqlmap\thirdparty\xdot\xdot.py,250,1,0,0,0
sqlmap,C:\Users\Zhifei Chen\Desktop\pysmell\subjects_for_metrics\sqlmap\thirdparty\xdot\xdot.py,269,1,0,0,0
sqlmap,C:\Users\Zhifei Chen\Desktop\pysmell\subjects_for_metrics\sqlmap\thirdparty\xdot\xdot.py,297,1,0,0,0
sqlmap,C:\Users\Zhifei Chen\Desktop\pysmell\subjects_for_metrics\sqlmap\thirdparty\xdot\xdot.py,308,1,0,0,0
sqlmap,C:\Users\Zhifei Chen\Desktop\pysmell\subjects_for_metrics\sqlmap\thirdparty\xdot\xdot.py,318,1,0,0,0
sqlmap,C:\Users\Zhifei Chen\Desktop\pysmell\subjects_for_metrics\sqlmap\thirdparty\xdot\xdot.py,329,1,0,0,0
sqlmap,C:\Users\Zhifei Chen\Desktop\pysmell\subjects_for_metrics\sqlmap\thirdparty\xdot\xdot.py,342,1,0,0,0
sqlmap,C:\Users\Zhifei Chen\Desktop\pysmell\subjects_for_metrics\sqlmap\thirdparty\xdot\xdot.py,380,1,0,0,0
sqlmap,C:\Users\Zhifei Chen\Desktop\pysmell\subjects_for_metrics\sqlmap\thirdparty\xdot\xdot.py,398,1,0,0,0
sqlmap,C:\Users\Zhifei Chen\Desktop\pysmell\subjects_for_metrics\sqlmap\thirdparty\xdot\xdot.py,670,1,0,0,0
sqlmap,C:\Users\Zhifei Chen\Desktop\pysmell\subjects_for_metrics\sqlmap\thirdparty\xdot\xdot.py,857,1,0,0,0
sqlmap,C:\Users\Zhifei Chen\Desktop\pysmell\subjects_for_metrics\sqlmap\thirdparty\xdot\xdot.py,911,1,0,0,0
sqlmap,C:\Users\Zhifei Chen\Desktop\pysmell\subjects_for_metrics\sqlmap\thirdparty\xdot\xdot.py,939,1,0,0,0
sqlmap,C:\Users\Zhifei Chen\Desktop\pysmell\subjects_for_metrics\sqlmap\thirdparty\xdot\xdot.py,1060,1,0,0,0
sqlmap,C:\Users\Zhifei Chen\Desktop\pysmell\subjects_for_metrics\sqlmap\thirdparty\xdot\xdot.py,1166,1,0,0,0
sqlmap,C:\Users\Zhifei Chen\Desktop\pysmell\subjects_for_metrics\sqlmap\thirdparty\xdot\xdot.py,1187,1,0,0,0
sqlmap,C:\Users\Zhifei Chen\Desktop\pysmell\subjects_for_metrics\sqlmap\thirdparty\xdot\xdot.py,1196,1,0,0,0
sqlmap,C:\Users\Zhifei Chen\Desktop\pysmell\subjects_for_metrics\sqlmap\thirdparty\xdot\xdot.py,1213,1,0,0,0
sqlmap,C:\Users\Zhifei Chen\Desktop\pysmell\subjects_for_metrics\sqlmap\thirdparty\xdot\xdot.py,1230,1,0,0,0
sqlmap,C:\Users\Zhifei Chen\Desktop\pysmell\subjects_for_metrics\sqlmap\thirdparty\xdot\xdot.py,1256,1,0,0,0
sqlmap,C:\Users\Zhifei Chen\Desktop\pysmell\subjects_for_metrics\sqlmap\thirdparty\xdot\xdot.py,1298,1,0,0,0
sqlmap,C:\Users\Zhifei Chen\Desktop\pysmell\subjects_for_metrics\sqlmap\thirdparty\xdot\xdot.py,1317,1,0,0,0
sqlmap,C:\Users\Zhifei Chen\Desktop\pysmell\subjects_for_metrics\sqlmap\thirdparty\xdot\xdot.py,1333,1,0,0,0
sqlmap,C:\Users\Zhifei Chen\Desktop\pysmell\subjects_for_metrics\sqlmap\thirdparty\xdot\xdot.py,1344,1,0,0,0
sqlmap,C:\Users\Zhifei Chen\Desktop\pysmell\subjects_for_metrics\sqlmap\thirdparty\xdot\xdot.py,1375,1,0,0,0
sqlmap,C:\Users\Zhifei Chen\Desktop\pysmell\subjects_for_metrics\sqlmap\thirdparty\xdot\xdot.py,1691,1,0,0,0
