subject,file,lineno,CLOC,experience-based,statistics-based,tuning machine
jinja2,C:\Users\Zhifei Chen\Desktop\pysmell\subjects_for_metrics\jinja2\docs\cache_extension.py,5,5,0,0,0
jinja2,C:\Users\Zhifei Chen\Desktop\pysmell\subjects_for_metrics\jinja2\docs\jinjaext.py,41,31,1,0,0
jinja2,C:\Users\Zhifei Chen\Desktop\pysmell\subjects_for_metrics\jinja2\examples\rwbench\djangoext.py,64,3,0,0,0
jinja2,C:\Users\Zhifei Chen\Desktop\pysmell\subjects_for_metrics\jinja2\examples\rwbench\djangoext.py,87,3,0,0,0
jinja2,C:\Users\Zhifei Chen\Desktop\pysmell\subjects_for_metrics\jinja2\examples\rwbench\djangoext.py,115,3,0,0,0
jinja2,C:\Users\Zhifei Chen\Desktop\pysmell\subjects_for_metrics\jinja2\examples\rwbench\rwbench.py,40,2,0,0,0
jinja2,C:\Users\Zhifei Chen\Desktop\pysmell\subjects_for_metrics\jinja2\examples\rwbench\rwbench.py,52,2,0,0,0
jinja2,C:\Users\Zhifei Chen\Desktop\pysmell\subjects_for_metrics\jinja2\ext\inlinegettext.py,22,2,0,0,0
jinja2,C:\Users\Zhifei Chen\Desktop\pysmell\subjects_for_metrics\jinja2\ext\django2jinja\django2jinja.py,150,23,1,0,0
jinja2,C:\Users\Zhifei Chen\Desktop\pysmell\subjects_for_metrics\jinja2\jinja2\bccache.py,60,7,0,0,0
jinja2,C:\Users\Zhifei Chen\Desktop\pysmell\subjects_for_metrics\jinja2\jinja2\bccache.py,117,8,0,0,0
jinja2,C:\Users\Zhifei Chen\Desktop\pysmell\subjects_for_metrics\jinja2\jinja2\bccache.py,195,7,0,0,0
jinja2,C:\Users\Zhifei Chen\Desktop\pysmell\subjects_for_metrics\jinja2\jinja2\bccache.py,291,4,0,0,0
jinja2,C:\Users\Zhifei Chen\Desktop\pysmell\subjects_for_metrics\jinja2\jinja2\compiler.py,102,5,0,0,0
jinja2,C:\Users\Zhifei Chen\Desktop\pysmell\subjects_for_metrics\jinja2\jinja2\compiler.py,139,8,0,0,0
jinja2,C:\Users\Zhifei Chen\Desktop\pysmell\subjects_for_metrics\jinja2\jinja2\compiler.py,227,1,0,0,0
jinja2,C:\Users\Zhifei Chen\Desktop\pysmell\subjects_for_metrics\jinja2\jinja2\compiler.py,231,5,0,0,0
jinja2,C:\Users\Zhifei Chen\Desktop\pysmell\subjects_for_metrics\jinja2\jinja2\compiler.py,250,4,0,0,0
jinja2,C:\Users\Zhifei Chen\Desktop\pysmell\subjects_for_metrics\jinja2\jinja2\compiler.py,272,14,0,0,0
jinja2,C:\Users\Zhifei Chen\Desktop\pysmell\subjects_for_metrics\jinja2\jinja2\compiler.py,361,1,0,0,0
jinja2,C:\Users\Zhifei Chen\Desktop\pysmell\subjects_for_metrics\jinja2\jinja2\compiler.py,368,86,1,1,1
jinja2,C:\Users\Zhifei Chen\Desktop\pysmell\subjects_for_metrics\jinja2\jinja2\debug.py,36,6,0,0,0
jinja2,C:\Users\Zhifei Chen\Desktop\pysmell\subjects_for_metrics\jinja2\jinja2\debug.py,80,7,0,0,0
jinja2,C:\Users\Zhifei Chen\Desktop\pysmell\subjects_for_metrics\jinja2\jinja2\debug.py,296,2,0,0,0
jinja2,C:\Users\Zhifei Chen\Desktop\pysmell\subjects_for_metrics\jinja2\jinja2\debug.py,305,2,0,0,0
jinja2,C:\Users\Zhifei Chen\Desktop\pysmell\subjects_for_metrics\jinja2\jinja2\debug.py,314,2,0,0,0
jinja2,C:\Users\Zhifei Chen\Desktop\pysmell\subjects_for_metrics\jinja2\jinja2\environment.py,103,38,1,0,1
jinja2,C:\Users\Zhifei Chen\Desktop\pysmell\subjects_for_metrics\jinja2\jinja2\environment.py,871,15,0,0,0
jinja2,C:\Users\Zhifei Chen\Desktop\pysmell\subjects_for_metrics\jinja2\jinja2\environment.py,1082,6,0,0,0
jinja2,C:\Users\Zhifei Chen\Desktop\pysmell\subjects_for_metrics\jinja2\jinja2\environment.py,1108,3,0,0,0
jinja2,C:\Users\Zhifei Chen\Desktop\pysmell\subjects_for_metrics\jinja2\jinja2\environment.py,1127,8,0,0,0
jinja2,C:\Users\Zhifei Chen\Desktop\pysmell\subjects_for_metrics\jinja2\jinja2\exceptions.py,14,7,0,0,0
jinja2,C:\Users\Zhifei Chen\Desktop\pysmell\subjects_for_metrics\jinja2\jinja2\exceptions.py,44,5,0,0,0
jinja2,C:\Users\Zhifei Chen\Desktop\pysmell\subjects_for_metrics\jinja2\jinja2\exceptions.py,64,2,0,0,0
jinja2,C:\Users\Zhifei Chen\Desktop\pysmell\subjects_for_metrics\jinja2\jinja2\exceptions.py,80,4,0,0,0
jinja2,C:\Users\Zhifei Chen\Desktop\pysmell\subjects_for_metrics\jinja2\jinja2\exceptions.py,119,1,0,0,0
jinja2,C:\Users\Zhifei Chen\Desktop\pysmell\subjects_for_metrics\jinja2\jinja2\exceptions.py,127,1,0,0,0
jinja2,C:\Users\Zhifei Chen\Desktop\pysmell\subjects_for_metrics\jinja2\jinja2\exceptions.py,133,1,0,0,0
jinja2,C:\Users\Zhifei Chen\Desktop\pysmell\subjects_for_metrics\jinja2\jinja2\exceptions.py,137,1,0,0,0
jinja2,C:\Users\Zhifei Chen\Desktop\pysmell\subjects_for_metrics\jinja2\jinja2\exceptions.py,143,1,0,0,0
jinja2,C:\Users\Zhifei Chen\Desktop\pysmell\subjects_for_metrics\jinja2\jinja2\ext.py,32,2,0,0,0
jinja2,C:\Users\Zhifei Chen\Desktop\pysmell\subjects_for_metrics\jinja2\jinja2\ext.py,41,10,0,0,0
jinja2,C:\Users\Zhifei Chen\Desktop\pysmell\subjects_for_metrics\jinja2\jinja2\ext.py,156,11,0,0,0
jinja2,C:\Users\Zhifei Chen\Desktop\pysmell\subjects_for_metrics\jinja2\jinja2\ext.py,390,3,0,0,0
jinja2,C:\Users\Zhifei Chen\Desktop\pysmell\subjects_for_metrics\jinja2\jinja2\ext.py,402,3,0,0,0
jinja2,C:\Users\Zhifei Chen\Desktop\pysmell\subjects_for_metrics\jinja2\jinja2\ext.py,413,3,0,0,0
jinja2,C:\Users\Zhifei Chen\Desktop\pysmell\subjects_for_metrics\jinja2\jinja2\ext.py,434,3,0,0,0
jinja2,C:\Users\Zhifei Chen\Desktop\pysmell\subjects_for_metrics\jinja2\jinja2\ext.py,516,4,0,0,0
jinja2,C:\Users\Zhifei Chen\Desktop\pysmell\subjects_for_metrics\jinja2\jinja2\filters.py,715,5,0,0,0
jinja2,C:\Users\Zhifei Chen\Desktop\pysmell\subjects_for_metrics\jinja2\jinja2\lexer.py,212,3,0,0,0
jinja2,C:\Users\Zhifei Chen\Desktop\pysmell\subjects_for_metrics\jinja2\jinja2\lexer.py,225,8,0,0,0
jinja2,C:\Users\Zhifei Chen\Desktop\pysmell\subjects_for_metrics\jinja2\jinja2\lexer.py,268,5,0,0,0
jinja2,C:\Users\Zhifei Chen\Desktop\pysmell\subjects_for_metrics\jinja2\jinja2\lexer.py,289,15,0,0,0
jinja2,C:\Users\Zhifei Chen\Desktop\pysmell\subjects_for_metrics\jinja2\jinja2\lexer.py,402,6,0,0,0
jinja2,C:\Users\Zhifei Chen\Desktop\pysmell\subjects_for_metrics\jinja2\jinja2\loaders.py,37,5,0,0,0
jinja2,C:\Users\Zhifei Chen\Desktop\pysmell\subjects_for_metrics\jinja2\jinja2\loaders.py,138,4,0,0,0
jinja2,C:\Users\Zhifei Chen\Desktop\pysmell\subjects_for_metrics\jinja2\jinja2\loaders.py,205,4,0,0,0
jinja2,C:\Users\Zhifei Chen\Desktop\pysmell\subjects_for_metrics\jinja2\jinja2\loaders.py,270,4,0,0,0
jinja2,C:\Users\Zhifei Chen\Desktop\pysmell\subjects_for_metrics\jinja2\jinja2\loaders.py,292,3,0,0,0
jinja2,C:\Users\Zhifei Chen\Desktop\pysmell\subjects_for_metrics\jinja2\jinja2\loaders.py,322,6,0,0,0
jinja2,C:\Users\Zhifei Chen\Desktop\pysmell\subjects_for_metrics\jinja2\jinja2\loaders.py,376,5,0,0,0
jinja2,C:\Users\Zhifei Chen\Desktop\pysmell\subjects_for_metrics\jinja2\jinja2\loaders.py,417,1,0,0,0
jinja2,C:\Users\Zhifei Chen\Desktop\pysmell\subjects_for_metrics\jinja2\jinja2\loaders.py,421,6,0,0,0
jinja2,C:\Users\Zhifei Chen\Desktop\pysmell\subjects_for_metrics\jinja2\jinja2\meta.py,17,4,0,0,0
jinja2,C:\Users\Zhifei Chen\Desktop\pysmell\subjects_for_metrics\jinja2\jinja2\nodes.py,55,1,0,0,0
jinja2,C:\Users\Zhifei Chen\Desktop\pysmell\subjects_for_metrics\jinja2\jinja2\nodes.py,59,2,0,0,0
jinja2,C:\Users\Zhifei Chen\Desktop\pysmell\subjects_for_metrics\jinja2\jinja2\nodes.py,76,4,0,0,0
jinja2,C:\Users\Zhifei Chen\Desktop\pysmell\subjects_for_metrics\jinja2\jinja2\nodes.py,107,16,0,0,0
jinja2,C:\Users\Zhifei Chen\Desktop\pysmell\subjects_for_metrics\jinja2\jinja2\nodes.py,246,2,0,0,0
jinja2,C:\Users\Zhifei Chen\Desktop\pysmell\subjects_for_metrics\jinja2\jinja2\nodes.py,251,2,0,0,0
jinja2,C:\Users\Zhifei Chen\Desktop\pysmell\subjects_for_metrics\jinja2\jinja2\nodes.py,256,2,0,0,0
jinja2,C:\Users\Zhifei Chen\Desktop\pysmell\subjects_for_metrics\jinja2\jinja2\nodes.py,263,2,0,0,0
jinja2,C:\Users\Zhifei Chen\Desktop\pysmell\subjects_for_metrics\jinja2\jinja2\nodes.py,270,2,0,0,0
jinja2,C:\Users\Zhifei Chen\Desktop\pysmell\subjects_for_metrics\jinja2\jinja2\nodes.py,275,2,0,0,0
jinja2,C:\Users\Zhifei Chen\Desktop\pysmell\subjects_for_metrics\jinja2\jinja2\nodes.py,286,2,0,0,0
jinja2,C:\Users\Zhifei Chen\Desktop\pysmell\subjects_for_metrics\jinja2\jinja2\nodes.py,291,2,0,0,0
jinja2,C:\Users\Zhifei Chen\Desktop\pysmell\subjects_for_metrics\jinja2\jinja2\nodes.py,299,2,0,0,0
jinja2,C:\Users\Zhifei Chen\Desktop\pysmell\subjects_for_metrics\jinja2\jinja2\nodes.py,306,2,0,0,0
jinja2,C:\Users\Zhifei Chen\Desktop\pysmell\subjects_for_metrics\jinja2\jinja2\nodes.py,311,2,0,0,0
jinja2,C:\Users\Zhifei Chen\Desktop\pysmell\subjects_for_metrics\jinja2\jinja2\nodes.py,316,2,0,0,0
jinja2,C:\Users\Zhifei Chen\Desktop\pysmell\subjects_for_metrics\jinja2\jinja2\nodes.py,321,2,0,0,0
jinja2,C:\Users\Zhifei Chen\Desktop\pysmell\subjects_for_metrics\jinja2\jinja2\nodes.py,326,2,0,0,0
jinja2,C:\Users\Zhifei Chen\Desktop\pysmell\subjects_for_metrics\jinja2\jinja2\nodes.py,340,2,0,0,0
jinja2,C:\Users\Zhifei Chen\Desktop\pysmell\subjects_for_metrics\jinja2\jinja2\nodes.py,345,2,0,0,0
jinja2,C:\Users\Zhifei Chen\Desktop\pysmell\subjects_for_metrics\jinja2\jinja2\nodes.py,350,2,0,0,0
jinja2,C:\Users\Zhifei Chen\Desktop\pysmell\subjects_for_metrics\jinja2\jinja2\nodes.py,355,4,0,0,0
jinja2,C:\Users\Zhifei Chen\Desktop\pysmell\subjects_for_metrics\jinja2\jinja2\nodes.py,377,5,0,0,0
jinja2,C:\Users\Zhifei Chen\Desktop\pysmell\subjects_for_metrics\jinja2\jinja2\nodes.py,396,5,0,0,0
jinja2,C:\Users\Zhifei Chen\Desktop\pysmell\subjects_for_metrics\jinja2\jinja2\nodes.py,415,3,0,0,0
jinja2,C:\Users\Zhifei Chen\Desktop\pysmell\subjects_for_metrics\jinja2\jinja2\nodes.py,430,2,0,0,0
jinja2,C:\Users\Zhifei Chen\Desktop\pysmell\subjects_for_metrics\jinja2\jinja2\nodes.py,435,4,0,0,0
jinja2,C:\Users\Zhifei Chen\Desktop\pysmell\subjects_for_metrics\jinja2\jinja2\nodes.py,458,3,0,0,0
jinja2,C:\Users\Zhifei Chen\Desktop\pysmell\subjects_for_metrics\jinja2\jinja2\nodes.py,471,4,0,0,0
jinja2,C:\Users\Zhifei Chen\Desktop\pysmell\subjects_for_metrics\jinja2\jinja2\nodes.py,489,3,0,0,0
jinja2,C:\Users\Zhifei Chen\Desktop\pysmell\subjects_for_metrics\jinja2\jinja2\nodes.py,498,3,0,0,0
jinja2,C:\Users\Zhifei Chen\Desktop\pysmell\subjects_for_metrics\jinja2\jinja2\nodes.py,509,3,0,0,0
jinja2,C:\Users\Zhifei Chen\Desktop\pysmell\subjects_for_metrics\jinja2\jinja2\nodes.py,518,3,0,0,0
jinja2,C:\Users\Zhifei Chen\Desktop\pysmell\subjects_for_metrics\jinja2\jinja2\nodes.py,527,3,0,0,0
jinja2,C:\Users\Zhifei Chen\Desktop\pysmell\subjects_for_metrics\jinja2\jinja2\nodes.py,545,3,0,0,0
jinja2,C:\Users\Zhifei Chen\Desktop\pysmell\subjects_for_metrics\jinja2\jinja2\nodes.py,589,2,0,0,0
jinja2,C:\Users\Zhifei Chen\Desktop\pysmell\subjects_for_metrics\jinja2\jinja2\nodes.py,596,3,0,0,0
jinja2,C:\Users\Zhifei Chen\Desktop\pysmell\subjects_for_metrics\jinja2\jinja2\nodes.py,638,4,0,0,0
jinja2,C:\Users\Zhifei Chen\Desktop\pysmell\subjects_for_metrics\jinja2\jinja2\nodes.py,656,4,0,0,0
jinja2,C:\Users\Zhifei Chen\Desktop\pysmell\subjects_for_metrics\jinja2\jinja2\nodes.py,676,3,0,0,0
jinja2,C:\Users\Zhifei Chen\Desktop\pysmell\subjects_for_metrics\jinja2\jinja2\nodes.py,691,3,0,0,0
jinja2,C:\Users\Zhifei Chen\Desktop\pysmell\subjects_for_metrics\jinja2\jinja2\nodes.py,702,3,0,0,0
jinja2,C:\Users\Zhifei Chen\Desktop\pysmell\subjects_for_metrics\jinja2\jinja2\nodes.py,721,2,0,0,0
jinja2,C:\Users\Zhifei Chen\Desktop\pysmell\subjects_for_metrics\jinja2\jinja2\nodes.py,731,2,0,0,0
jinja2,C:\Users\Zhifei Chen\Desktop\pysmell\subjects_for_metrics\jinja2\jinja2\nodes.py,736,2,0,0,0
jinja2,C:\Users\Zhifei Chen\Desktop\pysmell\subjects_for_metrics\jinja2\jinja2\nodes.py,741,2,0,0,0
jinja2,C:\Users\Zhifei Chen\Desktop\pysmell\subjects_for_metrics\jinja2\jinja2\nodes.py,748,2,0,0,0
jinja2,C:\Users\Zhifei Chen\Desktop\pysmell\subjects_for_metrics\jinja2\jinja2\nodes.py,753,2,0,0,0
jinja2,C:\Users\Zhifei Chen\Desktop\pysmell\subjects_for_metrics\jinja2\jinja2\nodes.py,758,2,0,0,0
jinja2,C:\Users\Zhifei Chen\Desktop\pysmell\subjects_for_metrics\jinja2\jinja2\nodes.py,763,2,0,0,0
jinja2,C:\Users\Zhifei Chen\Desktop\pysmell\subjects_for_metrics\jinja2\jinja2\nodes.py,768,3,0,0,0
jinja2,C:\Users\Zhifei Chen\Desktop\pysmell\subjects_for_metrics\jinja2\jinja2\nodes.py,777,3,0,0,0
jinja2,C:\Users\Zhifei Chen\Desktop\pysmell\subjects_for_metrics\jinja2\jinja2\nodes.py,786,2,0,0,0
jinja2,C:\Users\Zhifei Chen\Desktop\pysmell\subjects_for_metrics\jinja2\jinja2\nodes.py,791,2,0,0,0
jinja2,C:\Users\Zhifei Chen\Desktop\pysmell\subjects_for_metrics\jinja2\jinja2\nodes.py,796,2,0,0,0
jinja2,C:\Users\Zhifei Chen\Desktop\pysmell\subjects_for_metrics\jinja2\jinja2\nodes.py,804,2,0,0,0
jinja2,C:\Users\Zhifei Chen\Desktop\pysmell\subjects_for_metrics\jinja2\jinja2\nodes.py,811,2,0,0,0
jinja2,C:\Users\Zhifei Chen\Desktop\pysmell\subjects_for_metrics\jinja2\jinja2\nodes.py,821,2,0,0,0
jinja2,C:\Users\Zhifei Chen\Desktop\pysmell\subjects_for_metrics\jinja2\jinja2\nodes.py,830,3,0,0,0
jinja2,C:\Users\Zhifei Chen\Desktop\pysmell\subjects_for_metrics\jinja2\jinja2\nodes.py,844,3,0,0,0
jinja2,C:\Users\Zhifei Chen\Desktop\pysmell\subjects_for_metrics\jinja2\jinja2\nodes.py,853,3,0,0,0
jinja2,C:\Users\Zhifei Chen\Desktop\pysmell\subjects_for_metrics\jinja2\jinja2\nodes.py,871,1,0,0,0
jinja2,C:\Users\Zhifei Chen\Desktop\pysmell\subjects_for_metrics\jinja2\jinja2\nodes.py,884,1,0,0,0
jinja2,C:\Users\Zhifei Chen\Desktop\pysmell\subjects_for_metrics\jinja2\jinja2\nodes.py,888,1,0,0,0
jinja2,C:\Users\Zhifei Chen\Desktop\pysmell\subjects_for_metrics\jinja2\jinja2\nodes.py,892,2,0,0,0
jinja2,C:\Users\Zhifei Chen\Desktop\pysmell\subjects_for_metrics\jinja2\jinja2\nodes.py,897,2,0,0,0
jinja2,C:\Users\Zhifei Chen\Desktop\pysmell\subjects_for_metrics\jinja2\jinja2\nodes.py,908,2,0,0,0
jinja2,C:\Users\Zhifei Chen\Desktop\pysmell\subjects_for_metrics\jinja2\jinja2\optimizer.py,30,9,0,0,0
jinja2,C:\Users\Zhifei Chen\Desktop\pysmell\subjects_for_metrics\jinja2\jinja2\parser.py,23,53,1,0,1
jinja2,C:\Users\Zhifei Chen\Desktop\pysmell\subjects_for_metrics\jinja2\jinja2\runtime.py,76,4,0,0,0
jinja2,C:\Users\Zhifei Chen\Desktop\pysmell\subjects_for_metrics\jinja2\jinja2\runtime.py,93,23,1,0,0
jinja2,C:\Users\Zhifei Chen\Desktop\pysmell\subjects_for_metrics\jinja2\jinja2\runtime.py,256,4,0,0,0
jinja2,C:\Users\Zhifei Chen\Desktop\pysmell\subjects_for_metrics\jinja2\jinja2\runtime.py,283,17,0,0,0
jinja2,C:\Users\Zhifei Chen\Desktop\pysmell\subjects_for_metrics\jinja2\jinja2\runtime.py,360,6,0,0,0
jinja2,C:\Users\Zhifei Chen\Desktop\pysmell\subjects_for_metrics\jinja2\jinja2\runtime.py,381,4,0,0,0
jinja2,C:\Users\Zhifei Chen\Desktop\pysmell\subjects_for_metrics\jinja2\jinja2\runtime.py,445,22,0,0,0
jinja2,C:\Users\Zhifei Chen\Desktop\pysmell\subjects_for_metrics\jinja2\jinja2\runtime.py,574,8,0,0,0
jinja2,C:\Users\Zhifei Chen\Desktop\pysmell\subjects_for_metrics\jinja2\jinja2\runtime.py,612,4,0,0,0
jinja2,C:\Users\Zhifei Chen\Desktop\pysmell\subjects_for_metrics\jinja2\jinja2\runtime.py,639,6,0,0,0
jinja2,C:\Users\Zhifei Chen\Desktop\pysmell\subjects_for_metrics\jinja2\jinja2\sandbox.py,179,25,1,0,0
jinja2,C:\Users\Zhifei Chen\Desktop\pysmell\subjects_for_metrics\jinja2\jinja2\sandbox.py,358,2,0,0,0
jinja2,C:\Users\Zhifei Chen\Desktop\pysmell\subjects_for_metrics\jinja2\jinja2\utils.py,305,25,1,0,0
jinja2,C:\Users\Zhifei Chen\Desktop\pysmell\subjects_for_metrics\jinja2\jinja2\utils.py,490,6,0,0,0
jinja2,C:\Users\Zhifei Chen\Desktop\pysmell\subjects_for_metrics\jinja2\jinja2\utils.py,516,3,0,0,0
jinja2,C:\Users\Zhifei Chen\Desktop\pysmell\subjects_for_metrics\jinja2\jinja2\visitor.py,14,4,0,0,0
jinja2,C:\Users\Zhifei Chen\Desktop\pysmell\subjects_for_metrics\jinja2\jinja2\visitor.py,47,3,0,0,0
jinja2,C:\Users\Zhifei Chen\Desktop\pysmell\subjects_for_metrics\jinja2\jinja2\_compat.py,93,2,0,0,0
jinja2,C:\Users\Zhifei Chen\Desktop\pysmell\subjects_for_metrics\jinja2\tests\test_api.py,24,8,0,0,0
jinja2,C:\Users\Zhifei Chen\Desktop\pysmell\subjects_for_metrics\jinja2\tests\test_api.py,97,5,0,0,0
jinja2,C:\Users\Zhifei Chen\Desktop\pysmell\subjects_for_metrics\jinja2\tests\test_api.py,145,6,0,0,0
jinja2,C:\Users\Zhifei Chen\Desktop\pysmell\subjects_for_metrics\jinja2\tests\test_api.py,189,11,0,0,0
jinja2,C:\Users\Zhifei Chen\Desktop\pysmell\subjects_for_metrics\jinja2\tests\test_api.py,212,3,0,0,0
jinja2,C:\Users\Zhifei Chen\Desktop\pysmell\subjects_for_metrics\jinja2\tests\test_api.py,297,4,0,0,0
jinja2,C:\Users\Zhifei Chen\Desktop\pysmell\subjects_for_metrics\jinja2\tests\test_api.py,302,2,0,0,0
jinja2,C:\Users\Zhifei Chen\Desktop\pysmell\subjects_for_metrics\jinja2\tests\test_api.py,310,2,0,0,0
jinja2,C:\Users\Zhifei Chen\Desktop\pysmell\subjects_for_metrics\jinja2\tests\test_api.py,318,2,0,0,0
jinja2,C:\Users\Zhifei Chen\Desktop\pysmell\subjects_for_metrics\jinja2\tests\test_api.py,322,2,0,0,0
jinja2,C:\Users\Zhifei Chen\Desktop\pysmell\subjects_for_metrics\jinja2\tests\test_bytecode_cache.py,26,2,0,0,0
jinja2,C:\Users\Zhifei Chen\Desktop\pysmell\subjects_for_metrics\jinja2\tests\test_core_tags.py,21,24,1,0,0
jinja2,C:\Users\Zhifei Chen\Desktop\pysmell\subjects_for_metrics\jinja2\tests\test_core_tags.py,198,8,0,0,0
jinja2,C:\Users\Zhifei Chen\Desktop\pysmell\subjects_for_metrics\jinja2\tests\test_core_tags.py,233,14,0,0,0
jinja2,C:\Users\Zhifei Chen\Desktop\pysmell\subjects_for_metrics\jinja2\tests\test_core_tags.py,325,4,0,0,0
jinja2,C:\Users\Zhifei Chen\Desktop\pysmell\subjects_for_metrics\jinja2\tests\test_debug.py,29,5,0,0,0
jinja2,C:\Users\Zhifei Chen\Desktop\pysmell\subjects_for_metrics\jinja2\tests\test_ext.py,102,5,0,0,0
jinja2,C:\Users\Zhifei Chen\Desktop\pysmell\subjects_for_metrics\jinja2\tests\test_ext.py,123,2,0,0,0
jinja2,C:\Users\Zhifei Chen\Desktop\pysmell\subjects_for_metrics\jinja2\tests\test_ext.py,129,3,0,0,0
jinja2,C:\Users\Zhifei Chen\Desktop\pysmell\subjects_for_metrics\jinja2\tests\test_ext.py,162,11,0,0,0
jinja2,C:\Users\Zhifei Chen\Desktop\pysmell\subjects_for_metrics\jinja2\tests\test_ext.py,237,2,0,0,0
jinja2,C:\Users\Zhifei Chen\Desktop\pysmell\subjects_for_metrics\jinja2\tests\test_ext.py,240,2,0,0,0
jinja2,C:\Users\Zhifei Chen\Desktop\pysmell\subjects_for_metrics\jinja2\tests\test_ext.py,248,8,0,0,0
jinja2,C:\Users\Zhifei Chen\Desktop\pysmell\subjects_for_metrics\jinja2\tests\test_ext.py,317,11,0,0,0
jinja2,C:\Users\Zhifei Chen\Desktop\pysmell\subjects_for_metrics\jinja2\tests\test_ext.py,391,6,0,0,0
jinja2,C:\Users\Zhifei Chen\Desktop\pysmell\subjects_for_metrics\jinja2\tests\test_filters.py,16,67,1,1,1
jinja2,C:\Users\Zhifei Chen\Desktop\pysmell\subjects_for_metrics\jinja2\tests\test_filters.py,153,2,0,0,0
jinja2,C:\Users\Zhifei Chen\Desktop\pysmell\subjects_for_metrics\jinja2\tests\test_filters.py,212,1,0,0,0
jinja2,C:\Users\Zhifei Chen\Desktop\pysmell\subjects_for_metrics\jinja2\tests\test_filters.py,351,4,0,0,0
jinja2,C:\Users\Zhifei Chen\Desktop\pysmell\subjects_for_metrics\jinja2\tests\test_filters.py,384,2,0,0,0
jinja2,C:\Users\Zhifei Chen\Desktop\pysmell\subjects_for_metrics\jinja2\tests\test_filters.py,390,2,0,0,0
jinja2,C:\Users\Zhifei Chen\Desktop\pysmell\subjects_for_metrics\jinja2\tests\test_filters.py,457,2,0,0,0
jinja2,C:\Users\Zhifei Chen\Desktop\pysmell\subjects_for_metrics\jinja2\tests\test_filters.py,499,2,0,0,0
jinja2,C:\Users\Zhifei Chen\Desktop\pysmell\subjects_for_metrics\jinja2\tests\test_filters.py,516,2,0,0,0
jinja2,C:\Users\Zhifei Chen\Desktop\pysmell\subjects_for_metrics\jinja2\tests\test_filters.py,531,2,0,0,0
jinja2,C:\Users\Zhifei Chen\Desktop\pysmell\subjects_for_metrics\jinja2\tests\test_filters.py,546,2,0,0,0
jinja2,C:\Users\Zhifei Chen\Desktop\pysmell\subjects_for_metrics\jinja2\tests\test_imports.py,28,4,0,0,0
jinja2,C:\Users\Zhifei Chen\Desktop\pysmell\subjects_for_metrics\jinja2\tests\test_imports.py,75,7,0,0,0
jinja2,C:\Users\Zhifei Chen\Desktop\pysmell\subjects_for_metrics\jinja2\tests\test_inheritance.py,80,15,0,0,0
jinja2,C:\Users\Zhifei Chen\Desktop\pysmell\subjects_for_metrics\jinja2\tests\test_inheritance.py,203,3,0,0,0
jinja2,C:\Users\Zhifei Chen\Desktop\pysmell\subjects_for_metrics\jinja2\tests\test_lexnparse.py,28,6,0,0,0
jinja2,C:\Users\Zhifei Chen\Desktop\pysmell\subjects_for_metrics\jinja2\tests\test_lexnparse.py,56,11,0,0,0
jinja2,C:\Users\Zhifei Chen\Desktop\pysmell\subjects_for_metrics\jinja2\tests\test_lexnparse.py,130,10,0,0,0
jinja2,C:\Users\Zhifei Chen\Desktop\pysmell\subjects_for_metrics\jinja2\tests\test_lexnparse.py,247,35,1,0,0
jinja2,C:\Users\Zhifei Chen\Desktop\pysmell\subjects_for_metrics\jinja2\tests\test_lexnparse.py,399,2,0,0,0
jinja2,C:\Users\Zhifei Chen\Desktop\pysmell\subjects_for_metrics\jinja2\tests\test_lexnparse.py,439,23,1,0,0
jinja2,C:\Users\Zhifei Chen\Desktop\pysmell\subjects_for_metrics\jinja2\tests\test_loader.py,23,10,0,0,0
jinja2,C:\Users\Zhifei Chen\Desktop\pysmell\subjects_for_metrics\jinja2\tests\test_loader.py,71,2,0,0,0
jinja2,C:\Users\Zhifei Chen\Desktop\pysmell\subjects_for_metrics\jinja2\tests\test_loader.py,108,14,0,0,0
jinja2,C:\Users\Zhifei Chen\Desktop\pysmell\subjects_for_metrics\jinja2\tests\test_regression.py,18,3,0,0,0
jinja2,C:\Users\Zhifei Chen\Desktop\pysmell\subjects_for_metrics\jinja2\tests\test_regression.py,79,16,0,0,0
jinja2,C:\Users\Zhifei Chen\Desktop\pysmell\subjects_for_metrics\jinja2\tests\test_regression.py,269,2,0,0,0
jinja2,C:\Users\Zhifei Chen\Desktop\pysmell\subjects_for_metrics\jinja2\tests\test_security.py,22,4,0,0,0
jinja2,C:\Users\Zhifei Chen\Desktop\pysmell\subjects_for_metrics\jinja2\tests\test_security.py,35,4,0,0,0
jinja2,C:\Users\Zhifei Chen\Desktop\pysmell\subjects_for_metrics\jinja2\tests\test_security.py,43,9,0,0,0
jinja2,C:\Users\Zhifei Chen\Desktop\pysmell\subjects_for_metrics\jinja2\tests\test_security.py,97,3,0,0,0
jinja2,C:\Users\Zhifei Chen\Desktop\pysmell\subjects_for_metrics\jinja2\tests\test_tests.py,16,12,0,0,0
jinja2,C:\Users\Zhifei Chen\Desktop\pysmell\subjects_for_metrics\jinja2\tests\test_tests.py,59,2,0,0,0
jinja2,C:\Users\Zhifei Chen\Desktop\pysmell\subjects_for_metrics\jinja2\tests\test_utils.py,20,4,0,0,0
jinja2,C:\Users\Zhifei Chen\Desktop\pysmell\subjects_for_metrics\jinja2\tests\test_utils.py,47,3,0,0,0
jinja2,C:\Users\Zhifei Chen\Desktop\pysmell\subjects_for_metrics\jinja2\tests\test_utils.py,52,2,0,0,0
jinja2,C:\Users\Zhifei Chen\Desktop\pysmell\subjects_for_metrics\jinja2\tests\test_utils.py,61,4,0,0,0
