subject,file,lineno,LEC,DNC,NCT,experience-based,statistics-based,tuning machine
jinja2,C:\Users\Zhifei Chen\Desktop\pysmell\subjects_for_metrics\jinja2\setup.py,71,,2,1,0,0,0
jinja2,C:\Users\Zhifei Chen\Desktop\pysmell\subjects_for_metrics\jinja2\docs\conf.py,55,1,,,0,0,0
jinja2,C:\Users\Zhifei Chen\Desktop\pysmell\subjects_for_metrics\jinja2\docs\conf.py,56,1,,,0,0,0
jinja2,C:\Users\Zhifei Chen\Desktop\pysmell\subjects_for_metrics\jinja2\docs\conf.py,130,,2,1,0,0,0
jinja2,C:\Users\Zhifei Chen\Desktop\pysmell\subjects_for_metrics\jinja2\docs\conf.py,155,,2,1,0,0,0
jinja2,C:\Users\Zhifei Chen\Desktop\pysmell\subjects_for_metrics\jinja2\docs\jinjaext.py,88,1,,,0,0,0
jinja2,C:\Users\Zhifei Chen\Desktop\pysmell\subjects_for_metrics\jinja2\docs\jinjaext.py,90,1,,,0,0,0
jinja2,C:\Users\Zhifei Chen\Desktop\pysmell\subjects_for_metrics\jinja2\docs\jinjaext.py,90,1,,,0,0,0
jinja2,C:\Users\Zhifei Chen\Desktop\pysmell\subjects_for_metrics\jinja2\docs\jinjaext.py,180,1,,,0,0,0
jinja2,C:\Users\Zhifei Chen\Desktop\pysmell\subjects_for_metrics\jinja2\docs\jinjaext.py,182,1,,,0,0,0
jinja2,C:\Users\Zhifei Chen\Desktop\pysmell\subjects_for_metrics\jinja2\docs\jinjaext.py,185,2,,,0,0,0
jinja2,C:\Users\Zhifei Chen\Desktop\pysmell\subjects_for_metrics\jinja2\examples\bench.py,418,1,,,0,0,0
jinja2,C:\Users\Zhifei Chen\Desktop\pysmell\subjects_for_metrics\jinja2\examples\basic\translate.py,4,1,,,0,0,0
jinja2,C:\Users\Zhifei Chen\Desktop\pysmell\subjects_for_metrics\jinja2\examples\basic\translate.py,7,1,,,0,0,0
jinja2,C:\Users\Zhifei Chen\Desktop\pysmell\subjects_for_metrics\jinja2\examples\basic\translate.py,7,1,,,0,0,0
jinja2,C:\Users\Zhifei Chen\Desktop\pysmell\subjects_for_metrics\jinja2\examples\rwbench\djangoext.py,8,,3,1,0,0,0
jinja2,C:\Users\Zhifei Chen\Desktop\pysmell\subjects_for_metrics\jinja2\examples\rwbench\rwbench.py,36,1,,,0,0,0
jinja2,C:\Users\Zhifei Chen\Desktop\pysmell\subjects_for_metrics\jinja2\examples\rwbench\rwbench.py,61,,2,1,0,0,0
jinja2,C:\Users\Zhifei Chen\Desktop\pysmell\subjects_for_metrics\jinja2\ext\djangojinja2.py,76,1,,,0,0,0
jinja2,C:\Users\Zhifei Chen\Desktop\pysmell\subjects_for_metrics\jinja2\ext\inlinegettext.py,51,1,,,0,0,0
jinja2,C:\Users\Zhifei Chen\Desktop\pysmell\subjects_for_metrics\jinja2\ext\inlinegettext.py,55,1,,,0,0,0
jinja2,C:\Users\Zhifei Chen\Desktop\pysmell\subjects_for_metrics\jinja2\ext\inlinegettext.py,56,1,,,0,0,0
jinja2,C:\Users\Zhifei Chen\Desktop\pysmell\subjects_for_metrics\jinja2\ext\inlinegettext.py,73,1,,,0,0,0
jinja2,C:\Users\Zhifei Chen\Desktop\pysmell\subjects_for_metrics\jinja2\ext\django2jinja\django2jinja.py,102,1,,,0,0,0
jinja2,C:\Users\Zhifei Chen\Desktop\pysmell\subjects_for_metrics\jinja2\ext\django2jinja\django2jinja.py,135,1,,,0,0,0
jinja2,C:\Users\Zhifei Chen\Desktop\pysmell\subjects_for_metrics\jinja2\ext\django2jinja\django2jinja.py,260,1,,,0,0,0
jinja2,C:\Users\Zhifei Chen\Desktop\pysmell\subjects_for_metrics\jinja2\ext\django2jinja\django2jinja.py,261,1,,,0,0,0
jinja2,C:\Users\Zhifei Chen\Desktop\pysmell\subjects_for_metrics\jinja2\ext\django2jinja\django2jinja.py,284,,2,1,0,0,0
jinja2,C:\Users\Zhifei Chen\Desktop\pysmell\subjects_for_metrics\jinja2\ext\django2jinja\django2jinja.py,301,1,,,0,0,0
jinja2,C:\Users\Zhifei Chen\Desktop\pysmell\subjects_for_metrics\jinja2\ext\django2jinja\django2jinja.py,303,1,,,0,0,0
jinja2,C:\Users\Zhifei Chen\Desktop\pysmell\subjects_for_metrics\jinja2\ext\django2jinja\django2jinja.py,303,1,,,0,0,0
jinja2,C:\Users\Zhifei Chen\Desktop\pysmell\subjects_for_metrics\jinja2\ext\django2jinja\django2jinja.py,316,1,,,0,0,0
jinja2,C:\Users\Zhifei Chen\Desktop\pysmell\subjects_for_metrics\jinja2\ext\django2jinja\django2jinja.py,332,1,,,0,0,0
jinja2,C:\Users\Zhifei Chen\Desktop\pysmell\subjects_for_metrics\jinja2\ext\django2jinja\django2jinja.py,429,,2,1,0,0,0
jinja2,C:\Users\Zhifei Chen\Desktop\pysmell\subjects_for_metrics\jinja2\ext\django2jinja\django2jinja.py,543,1,,,0,0,0
jinja2,C:\Users\Zhifei Chen\Desktop\pysmell\subjects_for_metrics\jinja2\ext\django2jinja\django2jinja.py,544,1,,,0,0,0
jinja2,C:\Users\Zhifei Chen\Desktop\pysmell\subjects_for_metrics\jinja2\ext\django2jinja\django2jinja.py,544,1,,,0,0,0
jinja2,C:\Users\Zhifei Chen\Desktop\pysmell\subjects_for_metrics\jinja2\ext\django2jinja\django2jinja.py,545,1,,,0,0,0
jinja2,C:\Users\Zhifei Chen\Desktop\pysmell\subjects_for_metrics\jinja2\ext\django2jinja\django2jinja.py,546,1,,,0,0,0
jinja2,C:\Users\Zhifei Chen\Desktop\pysmell\subjects_for_metrics\jinja2\ext\django2jinja\django2jinja.py,546,1,,,0,0,0
jinja2,C:\Users\Zhifei Chen\Desktop\pysmell\subjects_for_metrics\jinja2\ext\django2jinja\django2jinja.py,697,,2,1,0,0,0
jinja2,C:\Users\Zhifei Chen\Desktop\pysmell\subjects_for_metrics\jinja2\ext\django2jinja\django2jinja.py,721,1,,,0,0,0
jinja2,C:\Users\Zhifei Chen\Desktop\pysmell\subjects_for_metrics\jinja2\ext\django2jinja\django2jinja.py,746,1,,,0,0,0
jinja2,C:\Users\Zhifei Chen\Desktop\pysmell\subjects_for_metrics\jinja2\ext\django2jinja\django2jinja.py,747,1,,,0,0,0
jinja2,C:\Users\Zhifei Chen\Desktop\pysmell\subjects_for_metrics\jinja2\jinja2\bccache.py,57,1,,,0,0,0
jinja2,C:\Users\Zhifei Chen\Desktop\pysmell\subjects_for_metrics\jinja2\jinja2\bccache.py,57,1,,,0,0,0
jinja2,C:\Users\Zhifei Chen\Desktop\pysmell\subjects_for_metrics\jinja2\jinja2\compiler.py,330,1,,,0,0,0
jinja2,C:\Users\Zhifei Chen\Desktop\pysmell\subjects_for_metrics\jinja2\jinja2\compiler.py,590,1,,,0,0,0
jinja2,C:\Users\Zhifei Chen\Desktop\pysmell\subjects_for_metrics\jinja2\jinja2\compiler.py,592,1,,,0,0,0
jinja2,C:\Users\Zhifei Chen\Desktop\pysmell\subjects_for_metrics\jinja2\jinja2\compiler.py,618,1,,,0,0,0
jinja2,C:\Users\Zhifei Chen\Desktop\pysmell\subjects_for_metrics\jinja2\jinja2\compiler.py,783,1,,,0,0,0
jinja2,C:\Users\Zhifei Chen\Desktop\pysmell\subjects_for_metrics\jinja2\jinja2\compiler.py,789,1,,,0,0,0
jinja2,C:\Users\Zhifei Chen\Desktop\pysmell\subjects_for_metrics\jinja2\jinja2\compiler.py,1026,1,,,0,0,0
jinja2,C:\Users\Zhifei Chen\Desktop\pysmell\subjects_for_metrics\jinja2\jinja2\compiler.py,1035,1,,,0,0,0
jinja2,C:\Users\Zhifei Chen\Desktop\pysmell\subjects_for_metrics\jinja2\jinja2\compiler.py,1269,1,,,0,0,0
jinja2,C:\Users\Zhifei Chen\Desktop\pysmell\subjects_for_metrics\jinja2\jinja2\compiler.py,1270,1,,,0,0,0
jinja2,C:\Users\Zhifei Chen\Desktop\pysmell\subjects_for_metrics\jinja2\jinja2\compiler.py,1390,1,,,0,0,0
jinja2,C:\Users\Zhifei Chen\Desktop\pysmell\subjects_for_metrics\jinja2\jinja2\compiler.py,1529,1,,,0,0,0
jinja2,C:\Users\Zhifei Chen\Desktop\pysmell\subjects_for_metrics\jinja2\jinja2\compiler.py,1562,1,,,0,0,0
jinja2,C:\Users\Zhifei Chen\Desktop\pysmell\subjects_for_metrics\jinja2\jinja2\compiler.py,1589,1,,,0,0,0
jinja2,C:\Users\Zhifei Chen\Desktop\pysmell\subjects_for_metrics\jinja2\jinja2\compiler.py,1645,1,,,0,0,0
jinja2,C:\Users\Zhifei Chen\Desktop\pysmell\subjects_for_metrics\jinja2\jinja2\debug.py,72,1,,,0,0,0
jinja2,C:\Users\Zhifei Chen\Desktop\pysmell\subjects_for_metrics\jinja2\jinja2\debug.py,100,1,,,0,0,0
jinja2,C:\Users\Zhifei Chen\Desktop\pysmell\subjects_for_metrics\jinja2\jinja2\debug.py,119,1,,,0,0,0
jinja2,C:\Users\Zhifei Chen\Desktop\pysmell\subjects_for_metrics\jinja2\jinja2\debug.py,124,1,,,0,0,0
jinja2,C:\Users\Zhifei Chen\Desktop\pysmell\subjects_for_metrics\jinja2\jinja2\debug.py,158,1,,,0,0,0
jinja2,C:\Users\Zhifei Chen\Desktop\pysmell\subjects_for_metrics\jinja2\jinja2\debug.py,183,1,,,0,0,0
jinja2,C:\Users\Zhifei Chen\Desktop\pysmell\subjects_for_metrics\jinja2\jinja2\debug.py,183,1,,,0,0,0
jinja2,C:\Users\Zhifei Chen\Desktop\pysmell\subjects_for_metrics\jinja2\jinja2\debug.py,193,1,,,0,0,0
jinja2,C:\Users\Zhifei Chen\Desktop\pysmell\subjects_for_metrics\jinja2\jinja2\debug.py,193,1,,,0,0,0
jinja2,C:\Users\Zhifei Chen\Desktop\pysmell\subjects_for_metrics\jinja2\jinja2\debug.py,193,1,,,0,0,0
jinja2,C:\Users\Zhifei Chen\Desktop\pysmell\subjects_for_metrics\jinja2\jinja2\debug.py,195,1,,,0,0,0
jinja2,C:\Users\Zhifei Chen\Desktop\pysmell\subjects_for_metrics\jinja2\jinja2\debug.py,195,1,,,0,0,0
jinja2,C:\Users\Zhifei Chen\Desktop\pysmell\subjects_for_metrics\jinja2\jinja2\debug.py,212,1,,,0,0,0
jinja2,C:\Users\Zhifei Chen\Desktop\pysmell\subjects_for_metrics\jinja2\jinja2\debug.py,212,1,,,0,0,0
jinja2,C:\Users\Zhifei Chen\Desktop\pysmell\subjects_for_metrics\jinja2\jinja2\debug.py,224,1,,,0,0,0
jinja2,C:\Users\Zhifei Chen\Desktop\pysmell\subjects_for_metrics\jinja2\jinja2\debug.py,273,1,,,0,0,0
jinja2,C:\Users\Zhifei Chen\Desktop\pysmell\subjects_for_metrics\jinja2\jinja2\debug.py,298,,2,1,0,0,0
jinja2,C:\Users\Zhifei Chen\Desktop\pysmell\subjects_for_metrics\jinja2\jinja2\debug.py,307,,2,1,0,0,0
jinja2,C:\Users\Zhifei Chen\Desktop\pysmell\subjects_for_metrics\jinja2\jinja2\debug.py,316,,2,1,0,0,0
jinja2,C:\Users\Zhifei Chen\Desktop\pysmell\subjects_for_metrics\jinja2\jinja2\environment.py,55,1,,,0,0,0
jinja2,C:\Users\Zhifei Chen\Desktop\pysmell\subjects_for_metrics\jinja2\jinja2\environment.py,86,1,,,0,0,0
jinja2,C:\Users\Zhifei Chen\Desktop\pysmell\subjects_for_metrics\jinja2\jinja2\environment.py,355,1,,,0,0,0
jinja2,C:\Users\Zhifei Chen\Desktop\pysmell\subjects_for_metrics\jinja2\jinja2\environment.py,355,1,,,0,0,0
jinja2,C:\Users\Zhifei Chen\Desktop\pysmell\subjects_for_metrics\jinja2\jinja2\environment.py,355,1,,,0,0,0
jinja2,C:\Users\Zhifei Chen\Desktop\pysmell\subjects_for_metrics\jinja2\jinja2\environment.py,373,1,,,0,0,0
jinja2,C:\Users\Zhifei Chen\Desktop\pysmell\subjects_for_metrics\jinja2\jinja2\environment.py,671,1,,,0,0,0
jinja2,C:\Users\Zhifei Chen\Desktop\pysmell\subjects_for_metrics\jinja2\jinja2\environment.py,729,1,,,0,0,0
jinja2,C:\Users\Zhifei Chen\Desktop\pysmell\subjects_for_metrics\jinja2\jinja2\environment.py,788,1,,,0,0,0
jinja2,C:\Users\Zhifei Chen\Desktop\pysmell\subjects_for_metrics\jinja2\jinja2\environment.py,956,1,,,0,0,0
jinja2,C:\Users\Zhifei Chen\Desktop\pysmell\subjects_for_metrics\jinja2\jinja2\environment.py,957,1,,,0,0,0
jinja2,C:\Users\Zhifei Chen\Desktop\pysmell\subjects_for_metrics\jinja2\jinja2\environment.py,958,1,,,0,0,0
jinja2,C:\Users\Zhifei Chen\Desktop\pysmell\subjects_for_metrics\jinja2\jinja2\environment.py,961,1,,,0,0,0
jinja2,C:\Users\Zhifei Chen\Desktop\pysmell\subjects_for_metrics\jinja2\jinja2\environment.py,965,1,,,0,0,0
jinja2,C:\Users\Zhifei Chen\Desktop\pysmell\subjects_for_metrics\jinja2\jinja2\environment.py,969,1,,,0,0,0
jinja2,C:\Users\Zhifei Chen\Desktop\pysmell\subjects_for_metrics\jinja2\jinja2\environment.py,970,1,,,0,0,0
jinja2,C:\Users\Zhifei Chen\Desktop\pysmell\subjects_for_metrics\jinja2\jinja2\environment.py,1121,1,,,0,0,0
jinja2,C:\Users\Zhifei Chen\Desktop\pysmell\subjects_for_metrics\jinja2\jinja2\environment.py,1198,1,,,0,0,0
jinja2,C:\Users\Zhifei Chen\Desktop\pysmell\subjects_for_metrics\jinja2\jinja2\exceptions.py,26,1,,,0,0,0
jinja2,C:\Users\Zhifei Chen\Desktop\pysmell\subjects_for_metrics\jinja2\jinja2\exceptions.py,39,1,,,0,0,0
jinja2,C:\Users\Zhifei Chen\Desktop\pysmell\subjects_for_metrics\jinja2\jinja2\exceptions.py,76,1,,,0,0,0
jinja2,C:\Users\Zhifei Chen\Desktop\pysmell\subjects_for_metrics\jinja2\jinja2\ext.py,169,1,,,0,0,0
jinja2,C:\Users\Zhifei Chen\Desktop\pysmell\subjects_for_metrics\jinja2\jinja2\ext.py,191,1,,,0,0,0
jinja2,C:\Users\Zhifei Chen\Desktop\pysmell\subjects_for_metrics\jinja2\jinja2\ext.py,243,1,,,0,0,0
jinja2,C:\Users\Zhifei Chen\Desktop\pysmell\subjects_for_metrics\jinja2\jinja2\ext.py,245,1,,,0,0,0
jinja2,C:\Users\Zhifei Chen\Desktop\pysmell\subjects_for_metrics\jinja2\jinja2\ext.py,250,1,,,0,0,0
jinja2,C:\Users\Zhifei Chen\Desktop\pysmell\subjects_for_metrics\jinja2\jinja2\ext.py,268,1,,,0,0,0
jinja2,C:\Users\Zhifei Chen\Desktop\pysmell\subjects_for_metrics\jinja2\jinja2\ext.py,269,1,,,0,0,0
jinja2,C:\Users\Zhifei Chen\Desktop\pysmell\subjects_for_metrics\jinja2\jinja2\ext.py,281,1,,,0,0,0
jinja2,C:\Users\Zhifei Chen\Desktop\pysmell\subjects_for_metrics\jinja2\jinja2\ext.py,293,1,,,0,0,0
jinja2,C:\Users\Zhifei Chen\Desktop\pysmell\subjects_for_metrics\jinja2\jinja2\ext.py,510,1,,,0,0,0
jinja2,C:\Users\Zhifei Chen\Desktop\pysmell\subjects_for_metrics\jinja2\jinja2\ext.py,532,1,,,0,0,0
jinja2,C:\Users\Zhifei Chen\Desktop\pysmell\subjects_for_metrics\jinja2\jinja2\ext.py,547,,2,1,0,0,0
jinja2,C:\Users\Zhifei Chen\Desktop\pysmell\subjects_for_metrics\jinja2\jinja2\ext.py,547,1,,,0,0,0
jinja2,C:\Users\Zhifei Chen\Desktop\pysmell\subjects_for_metrics\jinja2\jinja2\filters.py,190,1,,,0,0,0
jinja2,C:\Users\Zhifei Chen\Desktop\pysmell\subjects_for_metrics\jinja2\jinja2\filters.py,190,1,,,0,0,0
jinja2,C:\Users\Zhifei Chen\Desktop\pysmell\subjects_for_metrics\jinja2\jinja2\filters.py,218,1,,,0,0,0
jinja2,C:\Users\Zhifei Chen\Desktop\pysmell\subjects_for_metrics\jinja2\jinja2\filters.py,329,1,,,0,0,0
jinja2,C:\Users\Zhifei Chen\Desktop\pysmell\subjects_for_metrics\jinja2\jinja2\filters.py,479,1,,,0,0,0
jinja2,C:\Users\Zhifei Chen\Desktop\pysmell\subjects_for_metrics\jinja2\jinja2\filters.py,481,1,,,0,0,0
jinja2,C:\Users\Zhifei Chen\Desktop\pysmell\subjects_for_metrics\jinja2\jinja2\filters.py,481,1,,,0,0,0
jinja2,C:\Users\Zhifei Chen\Desktop\pysmell\subjects_for_metrics\jinja2\jinja2\filters.py,601,1,,,0,0,0
jinja2,C:\Users\Zhifei Chen\Desktop\pysmell\subjects_for_metrics\jinja2\jinja2\filters.py,770,1,,,0,0,0
jinja2,C:\Users\Zhifei Chen\Desktop\pysmell\subjects_for_metrics\jinja2\jinja2\filters.py,830,1,,,0,0,0
jinja2,C:\Users\Zhifei Chen\Desktop\pysmell\subjects_for_metrics\jinja2\jinja2\filters.py,831,1,,,0,0,0
jinja2,C:\Users\Zhifei Chen\Desktop\pysmell\subjects_for_metrics\jinja2\jinja2\filters.py,919,1,,,0,0,0
jinja2,C:\Users\Zhifei Chen\Desktop\pysmell\subjects_for_metrics\jinja2\jinja2\filters.py,920,1,,,0,0,0
jinja2,C:\Users\Zhifei Chen\Desktop\pysmell\subjects_for_metrics\jinja2\jinja2\lexer.py,147,1,,,0,0,0
jinja2,C:\Users\Zhifei Chen\Desktop\pysmell\subjects_for_metrics\jinja2\jinja2\lexer.py,192,,2,1,0,0,0
jinja2,C:\Users\Zhifei Chen\Desktop\pysmell\subjects_for_metrics\jinja2\jinja2\lexer.py,209,1,,,0,0,0
jinja2,C:\Users\Zhifei Chen\Desktop\pysmell\subjects_for_metrics\jinja2\jinja2\lexer.py,235,1,,,0,0,0
jinja2,C:\Users\Zhifei Chen\Desktop\pysmell\subjects_for_metrics\jinja2\jinja2\lexer.py,398,1,,,0,0,0
jinja2,C:\Users\Zhifei Chen\Desktop\pysmell\subjects_for_metrics\jinja2\jinja2\lexer.py,416,,2,1,0,0,0
jinja2,C:\Users\Zhifei Chen\Desktop\pysmell\subjects_for_metrics\jinja2\jinja2\lexer.py,467,1,,,0,0,0
jinja2,C:\Users\Zhifei Chen\Desktop\pysmell\subjects_for_metrics\jinja2\jinja2\lexer.py,468,1,,,0,0,0
jinja2,C:\Users\Zhifei Chen\Desktop\pysmell\subjects_for_metrics\jinja2\jinja2\lexer.py,476,,4,1,0,0,0
jinja2,C:\Users\Zhifei Chen\Desktop\pysmell\subjects_for_metrics\jinja2\jinja2\lexer.py,502,,2,1,0,0,0
jinja2,C:\Users\Zhifei Chen\Desktop\pysmell\subjects_for_metrics\jinja2\jinja2\lexer.py,510,,2,1,0,0,0
jinja2,C:\Users\Zhifei Chen\Desktop\pysmell\subjects_for_metrics\jinja2\jinja2\lexer.py,528,,2,1,0,0,0
jinja2,C:\Users\Zhifei Chen\Desktop\pysmell\subjects_for_metrics\jinja2\jinja2\lexer.py,591,1,,,0,0,0
jinja2,C:\Users\Zhifei Chen\Desktop\pysmell\subjects_for_metrics\jinja2\jinja2\lexer.py,614,1,,,0,0,0
jinja2,C:\Users\Zhifei Chen\Desktop\pysmell\subjects_for_metrics\jinja2\jinja2\lexer.py,614,1,,,0,0,0
jinja2,C:\Users\Zhifei Chen\Desktop\pysmell\subjects_for_metrics\jinja2\jinja2\lexer.py,715,1,,,0,0,0
jinja2,C:\Users\Zhifei Chen\Desktop\pysmell\subjects_for_metrics\jinja2\jinja2\lexer.py,715,1,,,0,0,0
jinja2,C:\Users\Zhifei Chen\Desktop\pysmell\subjects_for_metrics\jinja2\jinja2\lexer.py,733,1,,,0,0,0
jinja2,C:\Users\Zhifei Chen\Desktop\pysmell\subjects_for_metrics\jinja2\jinja2\loaders.py,195,1,,,0,0,0
jinja2,C:\Users\Zhifei Chen\Desktop\pysmell\subjects_for_metrics\jinja2\jinja2\loaders.py,198,1,,,0,0,0
jinja2,C:\Users\Zhifei Chen\Desktop\pysmell\subjects_for_metrics\jinja2\jinja2\loaders.py,199,1,,,0,0,0
jinja2,C:\Users\Zhifei Chen\Desktop\pysmell\subjects_for_metrics\jinja2\jinja2\loaders.py,252,1,,,0,0,0
jinja2,C:\Users\Zhifei Chen\Desktop\pysmell\subjects_for_metrics\jinja2\jinja2\loaders.py,253,1,,,0,0,0
jinja2,C:\Users\Zhifei Chen\Desktop\pysmell\subjects_for_metrics\jinja2\jinja2\loaders.py,264,1,,,0,0,0
jinja2,C:\Users\Zhifei Chen\Desktop\pysmell\subjects_for_metrics\jinja2\jinja2\loaders.py,284,1,,,0,0,0
jinja2,C:\Users\Zhifei Chen\Desktop\pysmell\subjects_for_metrics\jinja2\jinja2\loaders.py,448,1,,,0,0,0
jinja2,C:\Users\Zhifei Chen\Desktop\pysmell\subjects_for_metrics\jinja2\jinja2\nodes.py,67,1,,,0,0,0
jinja2,C:\Users\Zhifei Chen\Desktop\pysmell\subjects_for_metrics\jinja2\jinja2\nodes.py,71,1,,,0,0,0
jinja2,C:\Users\Zhifei Chen\Desktop\pysmell\subjects_for_metrics\jinja2\jinja2\nodes.py,389,1,,,0,0,0
jinja2,C:\Users\Zhifei Chen\Desktop\pysmell\subjects_for_metrics\jinja2\jinja2\nodes.py,408,1,,,0,0,0
jinja2,C:\Users\Zhifei Chen\Desktop\pysmell\subjects_for_metrics\jinja2\jinja2\parser.py,38,1,,,0,0,0
jinja2,C:\Users\Zhifei Chen\Desktop\pysmell\subjects_for_metrics\jinja2\jinja2\parser.py,59,1,,,0,0,0
jinja2,C:\Users\Zhifei Chen\Desktop\pysmell\subjects_for_metrics\jinja2\jinja2\parser.py,79,1,,,0,0,0
jinja2,C:\Users\Zhifei Chen\Desktop\pysmell\subjects_for_metrics\jinja2\jinja2\parser.py,479,1,,,0,0,0
jinja2,C:\Users\Zhifei Chen\Desktop\pysmell\subjects_for_metrics\jinja2\jinja2\parser.py,625,1,,,0,0,0
jinja2,C:\Users\Zhifei Chen\Desktop\pysmell\subjects_for_metrics\jinja2\jinja2\parser.py,712,1,,,0,0,0
jinja2,C:\Users\Zhifei Chen\Desktop\pysmell\subjects_for_metrics\jinja2\jinja2\parser.py,857,1,,,0,0,0
jinja2,C:\Users\Zhifei Chen\Desktop\pysmell\subjects_for_metrics\jinja2\jinja2\parser.py,858,1,,,0,0,0
jinja2,C:\Users\Zhifei Chen\Desktop\pysmell\subjects_for_metrics\jinja2\jinja2\parser.py,859,1,,,0,0,0
jinja2,C:\Users\Zhifei Chen\Desktop\pysmell\subjects_for_metrics\jinja2\jinja2\runtime.py,70,1,,,0,0,0
jinja2,C:\Users\Zhifei Chen\Desktop\pysmell\subjects_for_metrics\jinja2\jinja2\runtime.py,71,1,,,0,0,0
jinja2,C:\Users\Zhifei Chen\Desktop\pysmell\subjects_for_metrics\jinja2\jinja2\runtime.py,71,1,,,0,0,0
jinja2,C:\Users\Zhifei Chen\Desktop\pysmell\subjects_for_metrics\jinja2\jinja2\runtime.py,83,1,,,0,0,0
jinja2,C:\Users\Zhifei Chen\Desktop\pysmell\subjects_for_metrics\jinja2\jinja2\runtime.py,126,,2,1,0,0,0
jinja2,C:\Users\Zhifei Chen\Desktop\pysmell\subjects_for_metrics\jinja2\jinja2\runtime.py,154,1,,,0,0,0
jinja2,C:\Users\Zhifei Chen\Desktop\pysmell\subjects_for_metrics\jinja2\jinja2\runtime.py,156,1,,,0,0,0
jinja2,C:\Users\Zhifei Chen\Desktop\pysmell\subjects_for_metrics\jinja2\jinja2\runtime.py,161,1,,,0,0,0
jinja2,C:\Users\Zhifei Chen\Desktop\pysmell\subjects_for_metrics\jinja2\jinja2\runtime.py,277,1,,,0,0,0
jinja2,C:\Users\Zhifei Chen\Desktop\pysmell\subjects_for_metrics\jinja2\jinja2\runtime.py,306,1,,,0,0,0
jinja2,C:\Users\Zhifei Chen\Desktop\pysmell\subjects_for_metrics\jinja2\jinja2\runtime.py,399,1,,,0,0,0
jinja2,C:\Users\Zhifei Chen\Desktop\pysmell\subjects_for_metrics\jinja2\jinja2\runtime.py,406,1,,,0,0,0
jinja2,C:\Users\Zhifei Chen\Desktop\pysmell\subjects_for_metrics\jinja2\jinja2\runtime.py,432,1,,,0,0,0
jinja2,C:\Users\Zhifei Chen\Desktop\pysmell\subjects_for_metrics\jinja2\jinja2\runtime.py,493,1,,,0,0,0
jinja2,C:\Users\Zhifei Chen\Desktop\pysmell\subjects_for_metrics\jinja2\jinja2\sandbox.py,80,,2,1,0,0,0
jinja2,C:\Users\Zhifei Chen\Desktop\pysmell\subjects_for_metrics\jinja2\jinja2\sandbox.py,263,1,,,0,0,0
jinja2,C:\Users\Zhifei Chen\Desktop\pysmell\subjects_for_metrics\jinja2\jinja2\sandbox.py,292,1,,,0,0,0
jinja2,C:\Users\Zhifei Chen\Desktop\pysmell\subjects_for_metrics\jinja2\jinja2\sandbox.py,301,1,,,0,0,0
jinja2,C:\Users\Zhifei Chen\Desktop\pysmell\subjects_for_metrics\jinja2\jinja2\utils.py,201,1,,,0,0,0
jinja2,C:\Users\Zhifei Chen\Desktop\pysmell\subjects_for_metrics\jinja2\jinja2\utils.py,218,1,,,0,0,0
jinja2,C:\Users\Zhifei Chen\Desktop\pysmell\subjects_for_metrics\jinja2\jinja2\utils.py,233,1,,,0,0,0
jinja2,C:\Users\Zhifei Chen\Desktop\pysmell\subjects_for_metrics\jinja2\jinja2\utils.py,276,1,,,0,0,0
jinja2,C:\Users\Zhifei Chen\Desktop\pysmell\subjects_for_metrics\jinja2\jinja2\utils.py,399,1,,,0,0,0
jinja2,C:\Users\Zhifei Chen\Desktop\pysmell\subjects_for_metrics\jinja2\jinja2\utils.py,400,1,,,0,0,0
jinja2,C:\Users\Zhifei Chen\Desktop\pysmell\subjects_for_metrics\jinja2\jinja2\utils.py,422,1,,,0,0,0
jinja2,C:\Users\Zhifei Chen\Desktop\pysmell\subjects_for_metrics\jinja2\jinja2\utils.py,424,1,,,0,0,0
jinja2,C:\Users\Zhifei Chen\Desktop\pysmell\subjects_for_metrics\jinja2\jinja2\utils.py,434,1,,,0,0,0
jinja2,C:\Users\Zhifei Chen\Desktop\pysmell\subjects_for_metrics\jinja2\jinja2\utils.py,445,1,,,0,0,0
jinja2,C:\Users\Zhifei Chen\Desktop\pysmell\subjects_for_metrics\jinja2\jinja2\utils.py,455,1,,,0,0,0
jinja2,C:\Users\Zhifei Chen\Desktop\pysmell\subjects_for_metrics\jinja2\jinja2\utils.py,507,1,,,0,0,0
jinja2,C:\Users\Zhifei Chen\Desktop\pysmell\subjects_for_metrics\jinja2\jinja2\visitor.py,71,1,,,0,0,0
jinja2,C:\Users\Zhifei Chen\Desktop\pysmell\subjects_for_metrics\jinja2\jinja2\_compat.py,15,1,,,0,0,0
jinja2,C:\Users\Zhifei Chen\Desktop\pysmell\subjects_for_metrics\jinja2\jinja2\_stringdefs.py,84,1,,,0,0,0
jinja2,C:\Users\Zhifei Chen\Desktop\pysmell\subjects_for_metrics\jinja2\jinja2\_stringdefs.py,91,1,,,0,0,0
jinja2,C:\Users\Zhifei Chen\Desktop\pysmell\subjects_for_metrics\jinja2\jinja2\_stringdefs.py,94,1,,,0,0,0
jinja2,C:\Users\Zhifei Chen\Desktop\pysmell\subjects_for_metrics\jinja2\jinja2\_stringdefs.py,107,1,,,0,0,0
jinja2,C:\Users\Zhifei Chen\Desktop\pysmell\subjects_for_metrics\jinja2\jinja2\_stringdefs.py,108,1,,,0,0,0
jinja2,C:\Users\Zhifei Chen\Desktop\pysmell\subjects_for_metrics\jinja2\jinja2\_stringdefs.py,119,1,,,0,0,0
jinja2,C:\Users\Zhifei Chen\Desktop\pysmell\subjects_for_metrics\jinja2\scripts\jinja2-debug.py,32,1,,,0,0,0
jinja2,C:\Users\Zhifei Chen\Desktop\pysmell\subjects_for_metrics\jinja2\scripts\make-release.py,58,1,,,0,0,0
jinja2,C:\Users\Zhifei Chen\Desktop\pysmell\subjects_for_metrics\jinja2\scripts\make-release.py,111,1,,,0,0,0
jinja2,C:\Users\Zhifei Chen\Desktop\pysmell\subjects_for_metrics\jinja2\tests\test_ext.py,57,,2,1,0,0,0
jinja2,C:\Users\Zhifei Chen\Desktop\pysmell\subjects_for_metrics\jinja2\tests\test_ext.py,147,1,,,0,0,0
jinja2,C:\Users\Zhifei Chen\Desktop\pysmell\subjects_for_metrics\jinja2\tests\test_ext.py,159,1,,,0,0,0
jinja2,C:\Users\Zhifei Chen\Desktop\pysmell\subjects_for_metrics\jinja2\tests\test_ext.py,231,1,,,0,0,0
jinja2,C:\Users\Zhifei Chen\Desktop\pysmell\subjects_for_metrics\jinja2\tests\test_ext.py,244,1,,,0,0,0
jinja2,C:\Users\Zhifei Chen\Desktop\pysmell\subjects_for_metrics\jinja2\tests\test_ext.py,245,1,,,0,0,0
jinja2,C:\Users\Zhifei Chen\Desktop\pysmell\subjects_for_metrics\jinja2\tests\test_ext.py,292,,3,2,0,0,1
jinja2,C:\Users\Zhifei Chen\Desktop\pysmell\subjects_for_metrics\jinja2\tests\test_ext.py,309,,3,2,0,0,1
jinja2,C:\Users\Zhifei Chen\Desktop\pysmell\subjects_for_metrics\jinja2\tests\test_ext.py,455,1,,,0,0,0
jinja2,C:\Users\Zhifei Chen\Desktop\pysmell\subjects_for_metrics\jinja2\tests\test_ext.py,456,1,,,0,0,0
jinja2,C:\Users\Zhifei Chen\Desktop\pysmell\subjects_for_metrics\jinja2\tests\test_filters.py,289,,2,1,0,0,0
jinja2,C:\Users\Zhifei Chen\Desktop\pysmell\subjects_for_metrics\jinja2\tests\test_filters.py,297,,3,1,0,0,0
jinja2,C:\Users\Zhifei Chen\Desktop\pysmell\subjects_for_metrics\jinja2\tests\test_filters.py,445,,2,1,0,0,0
jinja2,C:\Users\Zhifei Chen\Desktop\pysmell\subjects_for_metrics\jinja2\tests\test_filters.py,446,,2,1,0,0,0
jinja2,C:\Users\Zhifei Chen\Desktop\pysmell\subjects_for_metrics\jinja2\tests\test_filters.py,447,,2,1,0,0,0
jinja2,C:\Users\Zhifei Chen\Desktop\pysmell\subjects_for_metrics\jinja2\tests\test_imports.py,24,1,,,0,0,0
jinja2,C:\Users\Zhifei Chen\Desktop\pysmell\subjects_for_metrics\jinja2\tests\test_imports.py,107,1,,,0,0,0
jinja2,C:\Users\Zhifei Chen\Desktop\pysmell\subjects_for_metrics\jinja2\tests\test_lexnparse.py,23,1,,,0,0,0
jinja2,C:\Users\Zhifei Chen\Desktop\pysmell\subjects_for_metrics\jinja2\tests\test_lexnparse.py,118,,3,1,0,0,0
jinja2,C:\Users\Zhifei Chen\Desktop\pysmell\subjects_for_metrics\jinja2\tests\test_lexnparse.py,253,1,,,0,0,0
jinja2,C:\Users\Zhifei Chen\Desktop\pysmell\subjects_for_metrics\jinja2\tests\test_lexnparse.py,334,,2,1,0,0,0
jinja2,C:\Users\Zhifei Chen\Desktop\pysmell\subjects_for_metrics\jinja2\tests\test_lexnparse.py,417,1,,,0,0,0
jinja2,C:\Users\Zhifei Chen\Desktop\pysmell\subjects_for_metrics\jinja2\tests\test_lexnparse.py,417,1,,,0,0,0
jinja2,C:\Users\Zhifei Chen\Desktop\pysmell\subjects_for_metrics\jinja2\tests\test_lexnparse.py,418,1,,,0,0,0
jinja2,C:\Users\Zhifei Chen\Desktop\pysmell\subjects_for_metrics\jinja2\tests\test_lexnparse.py,418,1,,,0,0,0
jinja2,C:\Users\Zhifei Chen\Desktop\pysmell\subjects_for_metrics\jinja2\tests\test_loader.py,99,1,,,0,0,0
jinja2,C:\Users\Zhifei Chen\Desktop\pysmell\subjects_for_metrics\jinja2\tests\test_regression.py,84,1,,,0,0,0
jinja2,C:\Users\Zhifei Chen\Desktop\pysmell\subjects_for_metrics\jinja2\tests\test_regression.py,196,,2,1,0,0,0
jinja2,C:\Users\Zhifei Chen\Desktop\pysmell\subjects_for_metrics\jinja2\tests\test_security.py,132,,3,1,0,0,0
jinja2,C:\Users\Zhifei Chen\Desktop\pysmell\subjects_for_metrics\jinja2\tests\test_security.py,134,1,,,0,0,0
jinja2,C:\Users\Zhifei Chen\Desktop\pysmell\subjects_for_metrics\jinja2\tests\test_security.py,149,,3,1,0,0,0
jinja2,C:\Users\Zhifei Chen\Desktop\pysmell\subjects_for_metrics\jinja2\tests\test_security.py,151,1,,,0,0,0
jinja2,C:\Users\Zhifei Chen\Desktop\pysmell\subjects_for_metrics\jinja2\tests\test_utils.py,26,1,,,0,0,0
jinja2,C:\Users\Zhifei Chen\Desktop\pysmell\subjects_for_metrics\jinja2\tests\test_utils.py,27,1,,,0,0,0
jinja2,C:\Users\Zhifei Chen\Desktop\pysmell\subjects_for_metrics\jinja2\tests\test_utils.py,28,1,,,0,0,0
jinja2,C:\Users\Zhifei Chen\Desktop\pysmell\subjects_for_metrics\jinja2\tests\test_utils.py,29,1,,,0,0,0
jinja2,C:\Users\Zhifei Chen\Desktop\pysmell\subjects_for_metrics\jinja2\tests\test_utils.py,30,1,,,0,0,0
jinja2,C:\Users\Zhifei Chen\Desktop\pysmell\subjects_for_metrics\jinja2\tests\test_utils.py,36,1,,,0,0,0
jinja2,C:\Users\Zhifei Chen\Desktop\pysmell\subjects_for_metrics\jinja2\tests\test_utils.py,37,1,,,0,0,0
jinja2,C:\Users\Zhifei Chen\Desktop\pysmell\subjects_for_metrics\jinja2\tests\test_utils.py,38,1,,,0,0,0
