subject,tag,file,lineno,CLOC,,,manual analysis
tornado,v4.2.0,C:\Users\Zhifei Chen\Desktop\pysmell\subject_raw\tornado\tornado\tornado\gen.py,792,11,,,0
tornado,v4.2.0,C:\Users\Zhifei Chen\Desktop\pysmell\subject_raw\tornado\tornado\tornado\iostream.py,110,37,,,1
tornado,v4.2.0,C:\Users\Zhifei Chen\Desktop\pysmell\subject_raw\tornado\tornado\tornado\queues.py,47,20,,,0
tornado,v4.2.0,C:\Users\Zhifei Chen\Desktop\pysmell\subject_raw\tornado\tornado\tornado\web.py,1911,9,,,0
tornado,v4.2.0,C:\Users\Zhifei Chen\Desktop\pysmell\subject_raw\tornado\tornado\tornado\platform\posix.py,37,7,,,0
tornado,v4.2.0,C:\Users\Zhifei Chen\Desktop\pysmell\subject_raw\tornado\tornado\tornado\test\escape_test.py,135,12,,,0
tornado,v4.2.0,C:\Users\Zhifei Chen\Desktop\pysmell\subject_raw\tornado\tornado\tornado\test\httpserver_test.py,535,7,,,0
tornado,v4.2.0,C:\Users\Zhifei Chen\Desktop\pysmell\subject_raw\tornado\tornado\tornado\test\iostream_test.py,162,32,,,0
tornado,v4.2.0,C:\Users\Zhifei Chen\Desktop\pysmell\subject_raw\tornado\tornado\tornado\test\queues_test.py,75,10,,,0
tornado,v4.2.0,C:\Users\Zhifei Chen\Desktop\pysmell\subject_raw\tornado\tornado\tornado\test\testing_test.py,140,11,,,0
tornado,v4.2.0,C:\Users\Zhifei Chen\Desktop\pysmell\subject_raw\tornado\tornado\tornado\test\web_test.py,618,24,,,0
scipy,v0.16.0b2,C:\Users\Zhifei Chen\Desktop\pysmell\subject_raw\scipy\scipy\benchmarks\benchmarks\fftpack_basic.py,69,8,,,0
scipy,v0.16.0b2,C:\Users\Zhifei Chen\Desktop\pysmell\subject_raw\scipy\scipy\benchmarks\benchmarks\optimize_zeros.py,14,7,,,0
scipy,v0.16.0b2,C:\Users\Zhifei Chen\Desktop\pysmell\subject_raw\scipy\scipy\benchmarks\benchmarks\spatial.py,44,8,,,0
scipy,v0.16.0b2,C:\Users\Zhifei Chen\Desktop\pysmell\subject_raw\scipy\scipy\scipy\cluster\tests\test_hierarchy.py,154,8,,,0
scipy,v0.16.0b2,C:\Users\Zhifei Chen\Desktop\pysmell\subject_raw\scipy\scipy\scipy\fftpack\tests\test_basic.py,340,7,,,0
scipy,v0.16.0b2,C:\Users\Zhifei Chen\Desktop\pysmell\subject_raw\scipy\scipy\scipy\integrate\_ode.py,677,17,,,0
scipy,v0.16.0b2,C:\Users\Zhifei Chen\Desktop\pysmell\subject_raw\scipy\scipy\scipy\integrate\tests\test_quadpack.py,227,11,,,0
scipy,v0.16.0b2,C:\Users\Zhifei Chen\Desktop\pysmell\subject_raw\scipy\scipy\scipy\interpolate\tests\test_interpolate.py,1163,16,,,0
scipy,v0.16.0b2,C:\Users\Zhifei Chen\Desktop\pysmell\subject_raw\scipy\scipy\scipy\io\netcdf.py,763,13,,,0
scipy,v0.16.0b2,C:\Users\Zhifei Chen\Desktop\pysmell\subject_raw\scipy\scipy\scipy\io\matlab\mio5.py,110,9,,,0
scipy,v0.16.0b2,C:\Users\Zhifei Chen\Desktop\pysmell\subject_raw\scipy\scipy\scipy\linalg\tests\test_basic.py,616,7,,,0
scipy,v0.16.0b2,C:\Users\Zhifei Chen\Desktop\pysmell\subject_raw\scipy\scipy\scipy\linalg\tests\test_decomp.py,793,11,,,0
scipy,v0.16.0b2,C:\Users\Zhifei Chen\Desktop\pysmell\subject_raw\scipy\scipy\scipy\linalg\tests\test_fblas.py,194,7,,,0
scipy,v0.16.0b2,C:\Users\Zhifei Chen\Desktop\pysmell\subject_raw\scipy\scipy\scipy\linalg\tests\test_special_matrices.py,482,25,,,0
scipy,v0.16.0b2,C:\Users\Zhifei Chen\Desktop\pysmell\subject_raw\scipy\scipy\scipy\optimize\_differentialevolution.py,205,26,,,0
scipy,v0.16.0b2,C:\Users\Zhifei Chen\Desktop\pysmell\subject_raw\scipy\scipy\scipy\optimize\tests\test_nonlin.py,361,13,,,0
scipy,v0.16.0b2,C:\Users\Zhifei Chen\Desktop\pysmell\subject_raw\scipy\scipy\scipy\signal\ltisys.py,501,12,,,0
scipy,v0.16.0b2,C:\Users\Zhifei Chen\Desktop\pysmell\subject_raw\scipy\scipy\scipy\signal\tests\test_ltisys.py,306,8,,,0
scipy,v0.16.0b2,C:\Users\Zhifei Chen\Desktop\pysmell\subject_raw\scipy\scipy\scipy\signal\tests\test_signaltools.py,497,22,,,0
scipy,v0.16.0b2,C:\Users\Zhifei Chen\Desktop\pysmell\subject_raw\scipy\scipy\scipy\signal\tests\test_wavelets.py,11,7,,,0
scipy,v0.16.0b2,C:\Users\Zhifei Chen\Desktop\pysmell\subject_raw\scipy\scipy\scipy\sparse\linalg\interface.py,53,24,,,0
scipy,v0.16.0b2,C:\Users\Zhifei Chen\Desktop\pysmell\subject_raw\scipy\scipy\scipy\sparse\tests\test_base.py,181,67,,,1
scipy,v0.16.0b2,C:\Users\Zhifei Chen\Desktop\pysmell\subject_raw\scipy\scipy\scipy\sparse\tests\test_base.py,3968,18,,,0
scipy,v0.16.0b2,C:\Users\Zhifei Chen\Desktop\pysmell\subject_raw\scipy\scipy\scipy\spatial\tests\test_distance.py,1326,9,,,0
scipy,v0.16.0b2,C:\Users\Zhifei Chen\Desktop\pysmell\subject_raw\scipy\scipy\scipy\special\tests\test_basic.py,1223,12,,,0
scipy,v0.16.0b2,C:\Users\Zhifei Chen\Desktop\pysmell\subject_raw\scipy\scipy\scipy\special\tests\test_orthogonal_eval.py,36,17,,,0
scipy,v0.16.0b2,C:\Users\Zhifei Chen\Desktop\pysmell\subject_raw\scipy\scipy\scipy\stats\_continuous_distns.py,1148,7,,,0
scipy,v0.16.0b2,C:\Users\Zhifei Chen\Desktop\pysmell\subject_raw\scipy\scipy\scipy\stats\_continuous_distns.py,2237,7,,,0
scipy,v0.16.0b2,C:\Users\Zhifei Chen\Desktop\pysmell\subject_raw\scipy\scipy\scipy\stats\_continuous_distns.py,3286,9,,,0
scipy,v0.16.0b2,C:\Users\Zhifei Chen\Desktop\pysmell\subject_raw\scipy\scipy\scipy\stats\_continuous_distns.py,4211,7,,,0
scipy,v0.16.0b2,C:\Users\Zhifei Chen\Desktop\pysmell\subject_raw\scipy\scipy\scipy\stats\_discrete_distns.py,579,8,,,0
scipy,v0.16.0b2,C:\Users\Zhifei Chen\Desktop\pysmell\subject_raw\scipy\scipy\scipy\stats\_multivariate.py,2153,9,,,0
scipy,v0.16.0b2,C:\Users\Zhifei Chen\Desktop\pysmell\subject_raw\scipy\scipy\scipy\stats\tests\test_morestats.py,299,9,,,0
scipy,v0.16.0b2,C:\Users\Zhifei Chen\Desktop\pysmell\subject_raw\scipy\scipy\scipy\stats\tests\test_stats.py,115,16,,,0
scipy,v0.16.0b2,C:\Users\Zhifei Chen\Desktop\pysmell\subject_raw\scipy\scipy\scipy\stats\tests\test_stats.py,1727,8,,,0
scipy,v0.16.0b2,C:\Users\Zhifei Chen\Desktop\pysmell\subject_raw\scipy\scipy\scipy\weave\base_spec.py,91,10,,,0
scipy,v0.16.0b2,C:\Users\Zhifei Chen\Desktop\pysmell\subject_raw\scipy\scipy\scipy\weave\vtk_spec.py,64,9,,,0
scipy,v0.16.0b2,C:\Users\Zhifei Chen\Desktop\pysmell\subject_raw\scipy\scipy\scipy\weave\tests\test_c_spec.py,390,7,,,0
scipy,v0.16.0b2,C:\Users\Zhifei Chen\Desktop\pysmell\subject_raw\scipy\scipy\scipy\weave\tests\test_scxx_object.py,849,7,,,0
scipy,v0.16.0b2,C:\Users\Zhifei Chen\Desktop\pysmell\subject_raw\scipy\scipy\tools\authors.py,225,9,,,0
ansible,v1.9.2-0.1.rc1,C:\Users\Zhifei Chen\Desktop\pysmell\subject_raw\ansible\ansible\lib\ansible\cache\redis.py,39,11,,,0
ansible,v1.9.2-0.1.rc1,C:\Users\Zhifei Chen\Desktop\pysmell\subject_raw\ansible\ansible\lib\ansible\module_utils\facts.py,1006,7,,,0
ansible,v1.9.2-0.1.rc1,C:\Users\Zhifei Chen\Desktop\pysmell\subject_raw\ansible\ansible\lib\ansible\module_utils\urls.py,173,8,,,0
ansible,v1.9.2-0.1.rc1,C:\Users\Zhifei Chen\Desktop\pysmell\subject_raw\ansible\ansible\lib\ansible\runner\connection_plugins\fireball.py,34,7,,,0
ansible,v1.9.2-0.1.rc1,C:\Users\Zhifei Chen\Desktop\pysmell\subject_raw\ansible\ansible\lib\ansible\runner\shell_plugins\powershell.py,62,10,,,0
ansible,v1.9.2-0.1.rc1,C:\Users\Zhifei Chen\Desktop\pysmell\subject_raw\ansible\ansible\plugins\inventory\collins.py,87,8,,,0
ansible,v1.9.2-0.1.rc1,C:\Users\Zhifei Chen\Desktop\pysmell\subject_raw\ansible\ansible\plugins\inventory\windows_azure.py,61,17,,,0
ansible,v1.9.2-0.1.rc1,C:\Users\Zhifei Chen\Desktop\pysmell\subject_raw\ansible\ansible\v2\ansible\executor\connection_info.py,33,9,,,0
ansible,v1.9.2-0.1.rc1,C:\Users\Zhifei Chen\Desktop\pysmell\subject_raw\ansible\ansible\v2\ansible\module_utils\facts.py,593,11,,,0
ansible,v1.9.2-0.1.rc1,C:\Users\Zhifei Chen\Desktop\pysmell\subject_raw\ansible\ansible\v2\ansible\module_utils\urls.py,173,8,,,0
ansible,v1.9.2-0.1.rc1,C:\Users\Zhifei Chen\Desktop\pysmell\subject_raw\ansible\ansible\v2\ansible\playbook\task.py,39,51,,,1
ansible,v1.9.2-0.1.rc1,C:\Users\Zhifei Chen\Desktop\pysmell\subject_raw\ansible\ansible\v2\ansible\plugins\cache\memory.py,20,9,,,0
ansible,v1.9.2-0.1.rc1,C:\Users\Zhifei Chen\Desktop\pysmell\subject_raw\ansible\ansible\v2\ansible\plugins\connections\libvirt_lxc.py,26,11,,,0
ansible,v1.9.2-0.1.rc1,C:\Users\Zhifei Chen\Desktop\pysmell\subject_raw\ansible\ansible\v2\ansible\vars\__init__.py,40,14,,,0
ansible,v1.9.2-0.1.rc1,C:\Users\Zhifei Chen\Desktop\pysmell\subject_raw\ansible\ansible\v2\test\vars\test_variable_manager.py,29,10,,,0
boto,2.38.0,C:\Users\Zhifei Chen\Desktop\pysmell\subject_raw\boto\boto\boto\storage_uri.py,32,24,,,0
boto,2.38.0,C:\Users\Zhifei Chen\Desktop\pysmell\subject_raw\boto\boto\boto\cloudformation\stack.py,367,7,,,0
boto,2.38.0,C:\Users\Zhifei Chen\Desktop\pysmell\subject_raw\boto\boto\boto\cloudsearch\optionstatus.py,138,8,,,0
boto,2.38.0,C:\Users\Zhifei Chen\Desktop\pysmell\subject_raw\boto\boto\boto\cognito\sync\layer1.py,29,30,,,0
boto,2.38.0,C:\Users\Zhifei Chen\Desktop\pysmell\subject_raw\boto\boto\boto\dynamodb\types.py,231,24,,,0
boto,2.38.0,C:\Users\Zhifei Chen\Desktop\pysmell\subject_raw\boto\boto\boto\ec2\instance.py,630,9,,,0
boto,2.38.0,C:\Users\Zhifei Chen\Desktop\pysmell\subject_raw\boto\boto\boto\ec2\cloudwatch\alarm.py,48,23,,,0
boto,2.38.0,C:\Users\Zhifei Chen\Desktop\pysmell\subject_raw\boto\boto\boto\elastictranscoder\layer1.py,29,33,,,0
boto,2.38.0,C:\Users\Zhifei Chen\Desktop\pysmell\subject_raw\boto\boto\boto\emr\emrobject.py,419,10,,,0
boto,2.38.0,C:\Users\Zhifei Chen\Desktop\pysmell\subject_raw\boto\boto\boto\gs\key.py,34,27,,,0
boto,2.38.0,C:\Users\Zhifei Chen\Desktop\pysmell\subject_raw\boto\boto\boto\manage\task.py,35,14,,,0
boto,2.38.0,C:\Users\Zhifei Chen\Desktop\pysmell\subject_raw\boto\boto\boto\mws\response.py,540,9,,,0
boto,2.38.0,C:\Users\Zhifei Chen\Desktop\pysmell\subject_raw\boto\boto\boto\rds\dbinstance.py,30,12,,,0
boto,2.38.0,C:\Users\Zhifei Chen\Desktop\pysmell\subject_raw\boto\boto\boto\route53\healthcheck.py,50,10,,,0
boto,2.38.0,C:\Users\Zhifei Chen\Desktop\pysmell\subject_raw\boto\boto\boto\s3\multipart.py,128,12,,,0
boto,2.38.0,C:\Users\Zhifei Chen\Desktop\pysmell\subject_raw\boto\boto\boto\sdb\db\property.py,154,9,,,0
boto,2.38.0,C:\Users\Zhifei Chen\Desktop\pysmell\subject_raw\boto\boto\boto\sdb\db\manager\sdbmanager.py,401,27,,,0
boto,2.38.0,C:\Users\Zhifei Chen\Desktop\pysmell\subject_raw\boto\boto\boto\sqs\message.py,76,13,,,0
boto,2.38.0,C:\Users\Zhifei Chen\Desktop\pysmell\subject_raw\boto\boto\boto\swf\layer2.py,280,8,,,0
boto,2.38.0,C:\Users\Zhifei Chen\Desktop\pysmell\subject_raw\boto\boto\tests\integration\beanstalk\test_wrapper.py,28,7,,,0
boto,2.38.0,C:\Users\Zhifei Chen\Desktop\pysmell\subject_raw\boto\boto\tests\integration\elastictranscoder\test_layer1.py,33,9,,,0
boto,2.38.0,C:\Users\Zhifei Chen\Desktop\pysmell\subject_raw\boto\boto\tests\integration\route53\test_zone.py,33,14,,,0
boto,2.38.0,C:\Users\Zhifei Chen\Desktop\pysmell\subject_raw\boto\boto\tests\integration\sqs\test_connection.py,37,10,,,0
boto,2.38.0,C:\Users\Zhifei Chen\Desktop\pysmell\subject_raw\boto\boto\tests\unit\cloudformation\test_stack.py,138,10,,,0
boto,2.38.0,C:\Users\Zhifei Chen\Desktop\pysmell\subject_raw\boto\boto\tests\unit\cloudsearch\test_document.py,308,7,,,0
boto,2.38.0,C:\Users\Zhifei Chen\Desktop\pysmell\subject_raw\boto\boto\tests\unit\cloudsearch2\test_document.py,316,8,,,0
boto,2.38.0,C:\Users\Zhifei Chen\Desktop\pysmell\subject_raw\boto\boto\tests\unit\ec2\test_address.py,6,7,,,0
boto,2.38.0,C:\Users\Zhifei Chen\Desktop\pysmell\subject_raw\boto\boto\tests\unit\ec2\test_volume.py,210,8,,,0
boto,2.38.0,C:\Users\Zhifei Chen\Desktop\pysmell\subject_raw\boto\boto\tests\unit\glacier\test_writer.py,91,13,,,0
boto,2.38.0,C:\Users\Zhifei Chen\Desktop\pysmell\subject_raw\boto\boto\tests\unit\route53\test_connection.py,476,7,,,0
boto,2.38.0,C:\Users\Zhifei Chen\Desktop\pysmell\subject_raw\boto\boto\tests\unit\utils\test_utils.py,109,8,,,0
ipython,rel-3.1.0,C:\Users\Zhifei Chen\Desktop\pysmell\subject_raw\ipython\ipython\IPython\core\completer.py,218,8,,,0
ipython,rel-3.1.0,C:\Users\Zhifei Chen\Desktop\pysmell\subject_raw\ipython\ipython\IPython\core\history.py,123,17,,,0
ipython,rel-3.1.0,C:\Users\Zhifei Chen\Desktop\pysmell\subject_raw\ipython\ipython\IPython\core\magic.py,483,10,,,0
ipython,rel-3.1.0,C:\Users\Zhifei Chen\Desktop\pysmell\subject_raw\ipython\ipython\IPython\core\ultratb.py,350,11,,,0
ipython,rel-3.1.0,C:\Users\Zhifei Chen\Desktop\pysmell\subject_raw\ipython\ipython\IPython\core\magics\script.py,74,14,,,0
ipython,rel-3.1.0,C:\Users\Zhifei Chen\Desktop\pysmell\subject_raw\ipython\ipython\IPython\core\tests\test_run.py,171,8,,,0
ipython,rel-3.1.0,C:\Users\Zhifei Chen\Desktop\pysmell\subject_raw\ipython\ipython\IPython\lib\demo.py,197,23,,,0
ipython,rel-3.1.0,C:\Users\Zhifei Chen\Desktop\pysmell\subject_raw\ipython\ipython\IPython\terminal\interactiveshell.py,82,11,,,0
ipython,rel-3.1.0,C:\Users\Zhifei Chen\Desktop\pysmell\subject_raw\ipython\ipython\IPython\utils\capture.py,23,11,,,0
ipython,rel-3.1.0,C:\Users\Zhifei Chen\Desktop\pysmell\subject_raw\ipython\ipython\IPython\utils\_process_posix.py,43,10,,,0
numpy,v1.9.2,C:\Users\Zhifei Chen\Desktop\pysmell\subject_raw\numpy\numpy\numpy\core\records.py,214,8,,,0
numpy,v1.9.2,C:\Users\Zhifei Chen\Desktop\pysmell\subject_raw\numpy\numpy\numpy\core\tests\test_dtype.py,102,9,,,0
numpy,v1.9.2,C:\Users\Zhifei Chen\Desktop\pysmell\subject_raw\numpy\numpy\numpy\core\tests\test_multiarray.py,104,10,,,0
numpy,v1.9.2,C:\Users\Zhifei Chen\Desktop\pysmell\subject_raw\numpy\numpy\numpy\core\tests\test_multiarray.py,2721,52,,,1
numpy,v1.9.2,C:\Users\Zhifei Chen\Desktop\pysmell\subject_raw\numpy\numpy\numpy\core\tests\test_multiarray.py,4858,8,,,0
numpy,v1.9.2,C:\Users\Zhifei Chen\Desktop\pysmell\subject_raw\numpy\numpy\numpy\core\tests\test_numeric.py,1708,7,,,0
numpy,v1.9.2,C:\Users\Zhifei Chen\Desktop\pysmell\subject_raw\numpy\numpy\numpy\core\tests\test_umath.py,712,7,,,0
numpy,v1.9.2,C:\Users\Zhifei Chen\Desktop\pysmell\subject_raw\numpy\numpy\numpy\distutils\npy_pkg_config.py,167,8,,,0
numpy,v1.9.2,C:\Users\Zhifei Chen\Desktop\pysmell\subject_raw\numpy\numpy\numpy\distutils\system_info.py,1053,12,,,0
numpy,v1.9.2,C:\Users\Zhifei Chen\Desktop\pysmell\subject_raw\numpy\numpy\numpy\distutils\command\config_compiler.py,85,7,,,0
numpy,v1.9.2,C:\Users\Zhifei Chen\Desktop\pysmell\subject_raw\numpy\numpy\numpy\distutils\fcompiler\intel.py,80,14,,,0
numpy,v1.9.2,C:\Users\Zhifei Chen\Desktop\pysmell\subject_raw\numpy\numpy\numpy\distutils\fcompiler\vast.py,9,19,,,0
numpy,v1.9.2,C:\Users\Zhifei Chen\Desktop\pysmell\subject_raw\numpy\numpy\numpy\lib\user_array.py,18,69,,,1
numpy,v1.9.2,C:\Users\Zhifei Chen\Desktop\pysmell\subject_raw\numpy\numpy\numpy\lib\tests\test_arraysetops.py,15,13,,,0
numpy,v1.9.2,C:\Users\Zhifei Chen\Desktop\pysmell\subject_raw\numpy\numpy\numpy\lib\tests\test_function_base.py,1393,22,,,0
numpy,v1.9.2,C:\Users\Zhifei Chen\Desktop\pysmell\subject_raw\numpy\numpy\numpy\lib\tests\test_nanfunctions.py,26,12,,,0
numpy,v1.9.2,C:\Users\Zhifei Chen\Desktop\pysmell\subject_raw\numpy\numpy\numpy\lib\tests\test_regression.py,17,29,,,0
numpy,v1.9.2,C:\Users\Zhifei Chen\Desktop\pysmell\subject_raw\numpy\numpy\numpy\lib\tests\test__iotools.py,19,7,,,0
numpy,v1.9.2,C:\Users\Zhifei Chen\Desktop\pysmell\subject_raw\numpy\numpy\numpy\ma\core.py,5893,11,,,0
numpy,v1.9.2,C:\Users\Zhifei Chen\Desktop\pysmell\subject_raw\numpy\numpy\numpy\ma\tests\test_core.py,3177,30,,,0
numpy,v1.9.2,C:\Users\Zhifei Chen\Desktop\pysmell\subject_raw\numpy\numpy\numpy\ma\tests\test_subclassing.py,103,11,,,0
numpy,v1.9.2,C:\Users\Zhifei Chen\Desktop\pysmell\subject_raw\numpy\numpy\numpy\polynomial\_polybase.py,19,70,,,1
numpy,v1.9.2,C:\Users\Zhifei Chen\Desktop\pysmell\subject_raw\numpy\numpy\numpy\polynomial\tests\test_laguerre.py,461,8,,,0
numpy,v1.9.2,C:\Users\Zhifei Chen\Desktop\pysmell\subject_raw\numpy\numpy\numpy\testing\noseclasses.py,280,7,,,0
numpy,v1.9.2,C:\Users\Zhifei Chen\Desktop\pysmell\subject_raw\numpy\numpy\tools\swig\test\testArray.py,272,20,,,0
nltk,3.0.2,C:\Users\Zhifei Chen\Desktop\pysmell\subject_raw\nltk\nltk\nltk\data.py,979,31,,,0
nltk,3.0.2,C:\Users\Zhifei Chen\Desktop\pysmell\subject_raw\nltk\nltk\nltk\grammar.py,234,15,,,0
nltk,3.0.2,C:\Users\Zhifei Chen\Desktop\pysmell\subject_raw\nltk\nltk\nltk\probability.py,483,7,,,0
nltk,3.0.2,C:\Users\Zhifei Chen\Desktop\pysmell\subject_raw\nltk\nltk\nltk\text.py,118,7,,,0
nltk,3.0.2,C:\Users\Zhifei Chen\Desktop\pysmell\subject_raw\nltk\nltk\nltk\util.py,468,15,,,0
nltk,3.0.2,C:\Users\Zhifei Chen\Desktop\pysmell\subject_raw\nltk\nltk\nltk\app\chartparser_app.py,1625,60,,,1
nltk,3.0.2,C:\Users\Zhifei Chen\Desktop\pysmell\subject_raw\nltk\nltk\nltk\ccg\api.py,278,12,,,0
nltk,3.0.2,C:\Users\Zhifei Chen\Desktop\pysmell\subject_raw\nltk\nltk\nltk\classify\maxent.py,433,7,,,0
nltk,3.0.2,C:\Users\Zhifei Chen\Desktop\pysmell\subject_raw\nltk\nltk\nltk\cluster\gaac.py,17,11,,,0
nltk,3.0.2,C:\Users\Zhifei Chen\Desktop\pysmell\subject_raw\nltk\nltk\nltk\corpus\reader\chasen.py,18,9,,,0
nltk,3.0.2,C:\Users\Zhifei Chen\Desktop\pysmell\subject_raw\nltk\nltk\nltk\corpus\reader\ipipan.py,218,9,,,0
nltk,3.0.2,C:\Users\Zhifei Chen\Desktop\pysmell\subject_raw\nltk\nltk\nltk\corpus\reader\plaintext.py,135,8,,,0
nltk,3.0.2,C:\Users\Zhifei Chen\Desktop\pysmell\subject_raw\nltk\nltk\nltk\corpus\reader\timit.py,136,25,,,0
nltk,3.0.2,C:\Users\Zhifei Chen\Desktop\pysmell\subject_raw\nltk\nltk\nltk\draw\cfg.py,136,29,,,0
nltk,3.0.2,C:\Users\Zhifei Chen\Desktop\pysmell\subject_raw\nltk\nltk\nltk\draw\util.py,1184,13,,,0
nltk,3.0.2,C:\Users\Zhifei Chen\Desktop\pysmell\subject_raw\nltk\nltk\nltk\inference\nonmonotonic.py,274,8,,,0
nltk,3.0.2,C:\Users\Zhifei Chen\Desktop\pysmell\subject_raw\nltk\nltk\nltk\metrics\confusionmatrix.py,12,8,,,0
nltk,3.0.2,C:\Users\Zhifei Chen\Desktop\pysmell\subject_raw\nltk\nltk\nltk\parse\malt.py,24,9,,,0
nltk,3.0.2,C:\Users\Zhifei Chen\Desktop\pysmell\subject_raw\nltk\nltk\nltk\parse\viterbi.py,20,12,,,0
nltk,3.0.2,C:\Users\Zhifei Chen\Desktop\pysmell\subject_raw\nltk\nltk\nltk\sem\boxer.py,1020,9,,,0
nltk,3.0.2,C:\Users\Zhifei Chen\Desktop\pysmell\subject_raw\nltk\nltk\nltk\sem\drt.py,921,19,,,0
nltk,3.0.2,C:\Users\Zhifei Chen\Desktop\pysmell\subject_raw\nltk\nltk\nltk\sem\lfg.py,14,15,,,0
nltk,3.0.2,C:\Users\Zhifei Chen\Desktop\pysmell\subject_raw\nltk\nltk\nltk\sem\logic.py,736,12,,,0
nltk,3.0.2,C:\Users\Zhifei Chen\Desktop\pysmell\subject_raw\nltk\nltk\nltk\stem\snowball.py,1049,24,,,0
nltk,3.0.2,C:\Users\Zhifei Chen\Desktop\pysmell\subject_raw\nltk\nltk\nltk\tag\brill_trainer.py,26,16,,,0
nltk,3.0.2,C:\Users\Zhifei Chen\Desktop\pysmell\subject_raw\nltk\nltk\nltk\tag\sequential.py,562,8,,,0
nltk,3.0.2,C:\Users\Zhifei Chen\Desktop\pysmell\subject_raw\nltk\nltk\nltk\test\unit\test_tgrep.py,21,30,,,1
matplotlib,v1.4.3,C:\Users\Zhifei Chen\Desktop\pysmell\subject_raw\matplotlib\matplotlib\setupext.py,639,7,,,0
matplotlib,v1.4.3,C:\Users\Zhifei Chen\Desktop\pysmell\subject_raw\matplotlib\matplotlib\examples\event_handling\path_editor.py,28,11,,,0
matplotlib,v1.4.3,C:\Users\Zhifei Chen\Desktop\pysmell\subject_raw\matplotlib\matplotlib\examples\user_interfaces\embedding_webagg.py,155,7,,,0
matplotlib,v1.4.3,C:\Users\Zhifei Chen\Desktop\pysmell\subject_raw\matplotlib\matplotlib\lib\matplotlib\artist.py,79,74,,,1
matplotlib,v1.4.3,C:\Users\Zhifei Chen\Desktop\pysmell\subject_raw\matplotlib\matplotlib\lib\matplotlib\backend_bases.py,1391,9,,,0
matplotlib,v1.4.3,C:\Users\Zhifei Chen\Desktop\pysmell\subject_raw\matplotlib\matplotlib\lib\matplotlib\backend_tools.py,654,13,,,0
matplotlib,v1.4.3,C:\Users\Zhifei Chen\Desktop\pysmell\subject_raw\matplotlib\matplotlib\lib\matplotlib\cm.py,166,15,,,0
matplotlib,v1.4.3,C:\Users\Zhifei Chen\Desktop\pysmell\subject_raw\matplotlib\matplotlib\lib\matplotlib\colors.py,1037,9,,,0
matplotlib,v1.4.3,C:\Users\Zhifei Chen\Desktop\pysmell\subject_raw\matplotlib\matplotlib\lib\matplotlib\dviread.py,43,30,,,0
matplotlib,v1.4.3,C:\Users\Zhifei Chen\Desktop\pysmell\subject_raw\matplotlib\matplotlib\lib\matplotlib\gridspec.py,382,8,,,0
matplotlib,v1.4.3,C:\Users\Zhifei Chen\Desktop\pysmell\subject_raw\matplotlib\matplotlib\lib\matplotlib\mathtext.py,159,8,,,0
matplotlib,v1.4.3,C:\Users\Zhifei Chen\Desktop\pysmell\subject_raw\matplotlib\matplotlib\lib\matplotlib\mathtext.py,2940,22,,,0
matplotlib,v1.4.3,C:\Users\Zhifei Chen\Desktop\pysmell\subject_raw\matplotlib\matplotlib\lib\matplotlib\patches.py,548,12,,,0
matplotlib,v1.4.3,C:\Users\Zhifei Chen\Desktop\pysmell\subject_raw\matplotlib\matplotlib\lib\matplotlib\patches.py,3938,19,,,0
matplotlib,v1.4.3,C:\Users\Zhifei Chen\Desktop\pysmell\subject_raw\matplotlib\matplotlib\lib\matplotlib\scale.py,194,8,,,0
matplotlib,v1.4.3,C:\Users\Zhifei Chen\Desktop\pysmell\subject_raw\matplotlib\matplotlib\lib\matplotlib\table.py,154,10,,,0
matplotlib,v1.4.3,C:\Users\Zhifei Chen\Desktop\pysmell\subject_raw\matplotlib\matplotlib\lib\matplotlib\ticker.py,385,21,,,0
matplotlib,v1.4.3,C:\Users\Zhifei Chen\Desktop\pysmell\subject_raw\matplotlib\matplotlib\lib\matplotlib\transforms.py,1057,8,,,0
matplotlib,v1.4.3,C:\Users\Zhifei Chen\Desktop\pysmell\subject_raw\matplotlib\matplotlib\lib\matplotlib\transforms.py,2631,7,,,0
matplotlib,v1.4.3,C:\Users\Zhifei Chen\Desktop\pysmell\subject_raw\matplotlib\matplotlib\lib\matplotlib\_pylab_helpers.py,17,13,,,0
matplotlib,v1.4.3,C:\Users\Zhifei Chen\Desktop\pysmell\subject_raw\matplotlib\matplotlib\lib\matplotlib\backends\backend_cocoaagg.py,153,8,,,0
matplotlib,v1.4.3,C:\Users\Zhifei Chen\Desktop\pysmell\subject_raw\matplotlib\matplotlib\lib\matplotlib\backends\backend_gtk3agg.py,22,8,,,0
matplotlib,v1.4.3,C:\Users\Zhifei Chen\Desktop\pysmell\subject_raw\matplotlib\matplotlib\lib\matplotlib\backends\backend_pdf.py,419,39,,,1
matplotlib,v1.4.3,C:\Users\Zhifei Chen\Desktop\pysmell\subject_raw\matplotlib\matplotlib\lib\matplotlib\backends\backend_qt5.py,447,11,,,0
matplotlib,v1.4.3,C:\Users\Zhifei Chen\Desktop\pysmell\subject_raw\matplotlib\matplotlib\lib\matplotlib\backends\backend_webagg.py,100,9,,,0
matplotlib,v1.4.3,C:\Users\Zhifei Chen\Desktop\pysmell\subject_raw\matplotlib\matplotlib\lib\matplotlib\backends\backend_wx.py,1431,10,,,0
matplotlib,v1.4.3,C:\Users\Zhifei Chen\Desktop\pysmell\subject_raw\matplotlib\matplotlib\lib\matplotlib\projections\geo.py,478,9,,,0
matplotlib,v1.4.3,C:\Users\Zhifei Chen\Desktop\pysmell\subject_raw\matplotlib\matplotlib\lib\matplotlib\testing\jpl_units\UnitDbl.py,23,34,,,0
matplotlib,v1.4.3,C:\Users\Zhifei Chen\Desktop\pysmell\subject_raw\matplotlib\matplotlib\lib\matplotlib\tests\test_transforms.py,217,7,,,0
matplotlib,v1.4.3,C:\Users\Zhifei Chen\Desktop\pysmell\subject_raw\matplotlib\matplotlib\lib\mpl_toolkits\gtktools.py,123,11,,,0
matplotlib,v1.4.3,C:\Users\Zhifei Chen\Desktop\pysmell\subject_raw\matplotlib\matplotlib\lib\mpl_toolkits\axes_grid1\colorbar.py,299,16,,,0
matplotlib,v1.4.3,C:\Users\Zhifei Chen\Desktop\pysmell\subject_raw\matplotlib\matplotlib\lib\mpl_toolkits\axisartist\axisline_style.py,12,7,,,0
matplotlib,v1.4.3,C:\Users\Zhifei Chen\Desktop\pysmell\subject_raw\matplotlib\matplotlib\lib\mpl_toolkits\axisartist\grid_helper_curvelinear.py,328,9,,,0
django,1.8.2,C:\Users\Zhifei Chen\Desktop\pysmell\subject_raw\django\django\django\conf\__init__.py,140,8,,,0
django,1.8.2,C:\Users\Zhifei Chen\Desktop\pysmell\subject_raw\django\django\django\contrib\admin\sites.py,30,35,,,0
django,1.8.2,C:\Users\Zhifei Chen\Desktop\pysmell\subject_raw\django\django\django\contrib\auth\forms.py,257,8,,,0
django,1.8.2,C:\Users\Zhifei Chen\Desktop\pysmell\subject_raw\django\django\django\contrib\auth\tokens.py,9,8,,,0
django,1.8.2,C:\Users\Zhifei Chen\Desktop\pysmell\subject_raw\django\django\django\contrib\flatpages\models.py,10,12,,,0
django,1.8.2,C:\Users\Zhifei Chen\Desktop\pysmell\subject_raw\django\django\django\contrib\gis\db\backends\postgis\schema.py,4,11,,,0
django,1.8.2,C:\Users\Zhifei Chen\Desktop\pysmell\subject_raw\django\django\django\contrib\gis\forms\fields.py,10,12,,,0
django,1.8.2,C:\Users\Zhifei Chen\Desktop\pysmell\subject_raw\django\django\django\contrib\gis\gdal\geometries.py,632,8,,,0
django,1.8.2,C:\Users\Zhifei Chen\Desktop\pysmell\subject_raw\django\django\django\contrib\gis\geos\libgeos.py,137,7,,,0
django,1.8.2,C:\Users\Zhifei Chen\Desktop\pysmell\subject_raw\django\django\django\contrib\gis\maps\google\zoom.py,14,9,,,0
django,1.8.2,C:\Users\Zhifei Chen\Desktop\pysmell\subject_raw\django\django\django\contrib\sessions\backends\file.py,18,12,,,0
django,1.8.2,C:\Users\Zhifei Chen\Desktop\pysmell\subject_raw\django\django\django\contrib\syndication\views.py,31,14,,,0
django,1.8.2,C:\Users\Zhifei Chen\Desktop\pysmell\subject_raw\django\django\django\core\cache\__init__.py,94,7,,,0
django,1.8.2,C:\Users\Zhifei Chen\Desktop\pysmell\subject_raw\django\django\django\core\files\locks.py,59,7,,,0
django,1.8.2,C:\Users\Zhifei Chen\Desktop\pysmell\subject_raw\django\django\django\core\management\base.py,113,20,,,0
django,1.8.2,C:\Users\Zhifei Chen\Desktop\pysmell\subject_raw\django\django\django\core\serializers\json.py,21,7,,,0
django,1.8.2,C:\Users\Zhifei Chen\Desktop\pysmell\subject_raw\django\django\django\db\backends\base\introspection.py,13,15,,,0
django,1.8.2,C:\Users\Zhifei Chen\Desktop\pysmell\subject_raw\django\django\django\db\backends\oracle\creation.py,13,24,,,0
django,1.8.2,C:\Users\Zhifei Chen\Desktop\pysmell\subject_raw\django\django\django\db\backends\sqlite3\features.py,17,25,,,0
django,1.8.2,C:\Users\Zhifei Chen\Desktop\pysmell\subject_raw\django\django\django\db\migrations\optimizer.py,7,21,,,0
django,1.8.2,C:\Users\Zhifei Chen\Desktop\pysmell\subject_raw\django\django\django\db\migrations\operations\fields.py,10,11,,,0
django,1.8.2,C:\Users\Zhifei Chen\Desktop\pysmell\subject_raw\django\django\django\db\migrations\operations\models.py,481,18,,,0
django,1.8.2,C:\Users\Zhifei Chen\Desktop\pysmell\subject_raw\django\django\django\db\models\expressions.py,350,8,,,0
django,1.8.2,C:\Users\Zhifei Chen\Desktop\pysmell\subject_raw\django\django\django\db\models\lookups.py,93,14,,,0
django,1.8.2,C:\Users\Zhifei Chen\Desktop\pysmell\subject_raw\django\django\django\db\models\fields\related.py,526,8,,,0
django,1.8.2,C:\Users\Zhifei Chen\Desktop\pysmell\subject_raw\django\django\django\db\models\fields\__init__.py,1163,17,,,0
django,1.8.2,C:\Users\Zhifei Chen\Desktop\pysmell\subject_raw\django\django\django\db\models\fields\__init__.py,2143,16,,,0
django,1.8.2,C:\Users\Zhifei Chen\Desktop\pysmell\subject_raw\django\django\django\forms\fields.py,57,18,,,0
django,1.8.2,C:\Users\Zhifei Chen\Desktop\pysmell\subject_raw\django\django\django\forms\fields.py,1178,8,,,0
django,1.8.2,C:\Users\Zhifei Chen\Desktop\pysmell\subject_raw\django\django\django\forms\utils.py,76,16,,,0
django,1.8.2,C:\Users\Zhifei Chen\Desktop\pysmell\subject_raw\django\django\django\http\request.py,41,28,,,0
django,1.8.2,C:\Users\Zhifei Chen\Desktop\pysmell\subject_raw\django\django\django\test\html.py,20,14,,,0
django,1.8.2,C:\Users\Zhifei Chen\Desktop\pysmell\subject_raw\django\django\django\utils\archive.py,53,8,,,0
django,1.8.2,C:\Users\Zhifei Chen\Desktop\pysmell\subject_raw\django\django\django\utils\functional.py,206,29,,,0
django,1.8.2,C:\Users\Zhifei Chen\Desktop\pysmell\subject_raw\django\django\django\views\generic\base.py,161,13,,,0
django,1.8.2,C:\Users\Zhifei Chen\Desktop\pysmell\subject_raw\django\django\docs\_ext\djangodocs.py,222,14,,,0
django,1.8.2,C:\Users\Zhifei Chen\Desktop\pysmell\subject_raw\django\django\tests\admin_filters\models.py,44,7,,,0
django,1.8.2,C:\Users\Zhifei Chen\Desktop\pysmell\subject_raw\django\django\tests\admin_scripts\tests.py,303,11,,,0
django,1.8.2,C:\Users\Zhifei Chen\Desktop\pysmell\subject_raw\django\django\tests\admin_scripts\tests.py,1082,8,,,0
django,1.8.2,C:\Users\Zhifei Chen\Desktop\pysmell\subject_raw\django\django\tests\admin_views\admin.py,146,8,,,0
django,1.8.2,C:\Users\Zhifei Chen\Desktop\pysmell\subject_raw\django\django\tests\admin_views\models.py,217,7,,,0
django,1.8.2,C:\Users\Zhifei Chen\Desktop\pysmell\subject_raw\django\django\tests\admin_views\tests.py,4771,7,,,0
django,1.8.2,C:\Users\Zhifei Chen\Desktop\pysmell\subject_raw\django\django\tests\admin_widgets\models.py,12,7,,,0
django,1.8.2,C:\Users\Zhifei Chen\Desktop\pysmell\subject_raw\django\django\tests\aggregation\models.py,26,12,,,0
django,1.8.2,C:\Users\Zhifei Chen\Desktop\pysmell\subject_raw\django\django\tests\apps\tests.py,41,21,,,0
django,1.8.2,C:\Users\Zhifei Chen\Desktop\pysmell\subject_raw\django\django\tests\auth_tests\test_context_processors.py,62,9,,,0
django,1.8.2,C:\Users\Zhifei Chen\Desktop\pysmell\subject_raw\django\django\tests\auth_tests\test_signals.py,9,12,,,0
django,1.8.2,C:\Users\Zhifei Chen\Desktop\pysmell\subject_raw\django\django\tests\backends\models.py,75,7,,,0
django,1.8.2,C:\Users\Zhifei Chen\Desktop\pysmell\subject_raw\django\django\tests\basic\tests.py,712,7,,,0
django,1.8.2,C:\Users\Zhifei Chen\Desktop\pysmell\subject_raw\django\django\tests\cache\tests.py,1809,8,,,0
django,1.8.2,C:\Users\Zhifei Chen\Desktop\pysmell\subject_raw\django\django\tests\csrf_tests\tests.py,59,36,,,0
django,1.8.2,C:\Users\Zhifei Chen\Desktop\pysmell\subject_raw\django\django\tests\custom_managers\models.py,148,8,,,0
django,1.8.2,C:\Users\Zhifei Chen\Desktop\pysmell\subject_raw\django\django\tests\defer_regress\tests.py,21,15,,,0
django,1.8.2,C:\Users\Zhifei Chen\Desktop\pysmell\subject_raw\django\django\tests\expressions\models.py,21,10,,,0
django,1.8.2,C:\Users\Zhifei Chen\Desktop\pysmell\subject_raw\django\django\tests\field_deconstruction\tests.py,8,33,,,0
django,1.8.2,C:\Users\Zhifei Chen\Desktop\pysmell\subject_raw\django\django\tests\fixtures\models.py,70,7,,,0
django,1.8.2,C:\Users\Zhifei Chen\Desktop\pysmell\subject_raw\django\django\tests\flatpages_tests\test_csrf.py,9,13,,,0
django,1.8.2,C:\Users\Zhifei Chen\Desktop\pysmell\subject_raw\django\django\tests\foreign_object\models.py,165,7,,,0
django,1.8.2,C:\Users\Zhifei Chen\Desktop\pysmell\subject_raw\django\django\tests\forms_tests\tests\test_input_formats.py,583,8,,,0
django,1.8.2,C:\Users\Zhifei Chen\Desktop\pysmell\subject_raw\django\django\tests\generic_inline_admin\models.py,38,7,,,0
django,1.8.2,C:\Users\Zhifei Chen\Desktop\pysmell\subject_raw\django\django\tests\generic_views\test_base.py,70,21,,,0
django,1.8.2,C:\Users\Zhifei Chen\Desktop\pysmell\subject_raw\django\django\tests\generic_views\test_edit.py,242,10,,,0
django,1.8.2,C:\Users\Zhifei Chen\Desktop\pysmell\subject_raw\django\django\tests\gis_tests\test_measure.py,148,10,,,0
django,1.8.2,C:\Users\Zhifei Chen\Desktop\pysmell\subject_raw\django\django\tests\gis_tests\geoadmin\models.py,8,7,,,0
django,1.8.2,C:\Users\Zhifei Chen\Desktop\pysmell\subject_raw\django\django\tests\gis_tests\relatedapp\models.py,44,9,,,0
django,1.8.2,C:\Users\Zhifei Chen\Desktop\pysmell\subject_raw\django\django\tests\i18n\tests.py,911,13,,,0
django,1.8.2,C:\Users\Zhifei Chen\Desktop\pysmell\subject_raw\django\django\tests\inspectdb\models.py,32,8,,,0
django,1.8.2,C:\Users\Zhifei Chen\Desktop\pysmell\subject_raw\django\django\tests\invalid_models_tests\test_ordinary_fields.py,68,10,,,0
django,1.8.2,C:\Users\Zhifei Chen\Desktop\pysmell\subject_raw\django\django\tests\m2m_multiple\models.py,25,8,,,0
django,1.8.2,C:\Users\Zhifei Chen\Desktop\pysmell\subject_raw\django\django\tests\m2m_through_regress\models.py,20,7,,,0
django,1.8.2,C:\Users\Zhifei Chen\Desktop\pysmell\subject_raw\django\django\tests\managers_regress\tests.py,15,10,,,0
django,1.8.2,C:\Users\Zhifei Chen\Desktop\pysmell\subject_raw\django\django\tests\middleware\tests.py,495,7,,,0
django,1.8.2,C:\Users\Zhifei Chen\Desktop\pysmell\subject_raw\django\django\tests\migrations\test_executor.py,11,12,,,0
django,1.8.2,C:\Users\Zhifei Chen\Desktop\pysmell\subject_raw\django\django\tests\migrations\test_writer.py,155,32,,,0
django,1.8.2,C:\Users\Zhifei Chen\Desktop\pysmell\subject_raw\django\django\tests\migrations\test_migrations_conflict\0002_conflicting_second.py,7,7,,,0
django,1.8.2,C:\Users\Zhifei Chen\Desktop\pysmell\subject_raw\django\django\tests\migrations\test_migrations_run_before\0001_initial.py,7,8,,,0
django,1.8.2,C:\Users\Zhifei Chen\Desktop\pysmell\subject_raw\django\django\tests\migrations2\test_migrations_2\0001_initial.py,7,11,,,0
django,1.8.2,C:\Users\Zhifei Chen\Desktop\pysmell\subject_raw\django\django\tests\model_fields\models.py,292,8,,,0
django,1.8.2,C:\Users\Zhifei Chen\Desktop\pysmell\subject_raw\django\django\tests\model_fields\test_imagefield.py,338,8,,,0
django,1.8.2,C:\Users\Zhifei Chen\Desktop\pysmell\subject_raw\django\django\tests\model_forms\tests.py,650,19,,,0
django,1.8.2,C:\Users\Zhifei Chen\Desktop\pysmell\subject_raw\django\django\tests\model_formsets_regress\tests.py,388,26,,,0
django,1.8.2,C:\Users\Zhifei Chen\Desktop\pysmell\subject_raw\django\django\tests\model_meta\test_legacy.py,114,8,,,0
django,1.8.2,C:\Users\Zhifei Chen\Desktop\pysmell\subject_raw\django\django\tests\multiple_database\tests.py,1836,20,,,0
django,1.8.2,C:\Users\Zhifei Chen\Desktop\pysmell\subject_raw\django\django\tests\postgres_tests\test_array.py,249,8,,,0
django,1.8.2,C:\Users\Zhifei Chen\Desktop\pysmell\subject_raw\django\django\tests\prefetch_related\models.py,105,7,,,0
django,1.8.2,C:\Users\Zhifei Chen\Desktop\pysmell\subject_raw\django\django\tests\queries\models.py,73,7,,,0
django,1.8.2,C:\Users\Zhifei Chen\Desktop\pysmell\subject_raw\django\django\tests\queries\tests.py,2222,16,,,0
django,1.8.2,C:\Users\Zhifei Chen\Desktop\pysmell\subject_raw\django\django\tests\redirects_tests\tests.py,11,10,,,0
django,1.8.2,C:\Users\Zhifei Chen\Desktop\pysmell\subject_raw\django\django\tests\select_related\tests.py,12,16,,,0
django,1.8.2,C:\Users\Zhifei Chen\Desktop\pysmell\subject_raw\django\django\tests\serializers\tests.py,388,16,,,0
django,1.8.2,C:\Users\Zhifei Chen\Desktop\pysmell\subject_raw\django\django\tests\settings_tests\tests.py,307,8,,,0
django,1.8.2,C:\Users\Zhifei Chen\Desktop\pysmell\subject_raw\django\django\tests\sites_framework\migrations\0001_initial.py,7,7,,,0
django,1.8.2,C:\Users\Zhifei Chen\Desktop\pysmell\subject_raw\django\django\tests\swappable_models\tests.py,12,7,,,0
django,1.8.2,C:\Users\Zhifei Chen\Desktop\pysmell\subject_raw\django\django\tests\template_tests\test_engine.py,94,7,,,0
django,1.8.2,C:\Users\Zhifei Chen\Desktop\pysmell\subject_raw\django\django\tests\template_tests\test_response.py,225,14,,,0
django,1.8.2,C:\Users\Zhifei Chen\Desktop\pysmell\subject_raw\django\django\tests\template_tests\filter_tests\test_length_is.py,7,12,,,0
django,1.8.2,C:\Users\Zhifei Chen\Desktop\pysmell\subject_raw\django\django\tests\template_tests\filter_tests\test_urlize.py,11,10,,,0
django,1.8.2,C:\Users\Zhifei Chen\Desktop\pysmell\subject_raw\django\django\tests\template_tests\syntax_tests\test_filter_tag.py,7,9,,,0
django,1.8.2,C:\Users\Zhifei Chen\Desktop\pysmell\subject_raw\django\django\tests\template_tests\syntax_tests\test_named_endblock.py,7,8,,,0
django,1.8.2,C:\Users\Zhifei Chen\Desktop\pysmell\subject_raw\django\django\tests\test_client\tests.py,37,49,,,1
django,1.8.2,C:\Users\Zhifei Chen\Desktop\pysmell\subject_raw\django\django\tests\test_client_regress\tests.py,1236,8,,,0
django,1.8.2,C:\Users\Zhifei Chen\Desktop\pysmell\subject_raw\django\django\tests\test_utils\tests.py,787,14,,,0
django,1.8.2,C:\Users\Zhifei Chen\Desktop\pysmell\subject_raw\django\django\tests\transactions\tests.py,298,9,,,0
django,1.8.2,C:\Users\Zhifei Chen\Desktop\pysmell\subject_raw\django\django\tests\urlpatterns_reverse\tests.py,578,9,,,0
django,1.8.2,C:\Users\Zhifei Chen\Desktop\pysmell\subject_raw\django\django\tests\utils_tests\test_html.py,14,16,,,0
django,1.8.2,C:\Users\Zhifei Chen\Desktop\pysmell\subject_raw\django\django\tests\utils_tests\test_timesince.py,11,12,,,0
django,1.8.2,C:\Users\Zhifei Chen\Desktop\pysmell\subject_raw\django\django\tests\view_tests\models.py,20,7,,,0
django,1.8.2,C:\Users\Zhifei Chen\Desktop\pysmell\subject_raw\django\django\tests\view_tests\tests\test_static.py,17,12,,,0
