subject,tag,file,lineno,NBC,,,manual analysis
tornado,v4.2.0,C:\Users\Zhifei Chen\Desktop\pysmell\subject_raw\tornado\tornado\demos\facebook\facebook.py,76,2,,,0
tornado,v4.2.0,C:\Users\Zhifei Chen\Desktop\pysmell\subject_raw\tornado\tornado\demos\twitter\twitterdemo.py,51,2,,,0
tornado,v4.2.0,C:\Users\Zhifei Chen\Desktop\pysmell\subject_raw\tornado\tornado\tornado\test\auth_test.py,18,2,,,0
tornado,v4.2.0,C:\Users\Zhifei Chen\Desktop\pysmell\subject_raw\tornado\tornado\tornado\test\auth_test.py,93,2,,,0
tornado,v4.2.0,C:\Users\Zhifei Chen\Desktop\pysmell\subject_raw\tornado\tornado\tornado\test\auth_test.py,128,2,,,0
tornado,v4.2.0,C:\Users\Zhifei Chen\Desktop\pysmell\subject_raw\tornado\tornado\tornado\test\httpserver_test.py,131,2,,,0
tornado,v4.2.0,C:\Users\Zhifei Chen\Desktop\pysmell\subject_raw\tornado\tornado\tornado\test\httpserver_test.py,143,2,,,0
tornado,v4.2.0,C:\Users\Zhifei Chen\Desktop\pysmell\subject_raw\tornado\tornado\tornado\test\httpserver_test.py,771,2,,,0
tornado,v4.2.0,C:\Users\Zhifei Chen\Desktop\pysmell\subject_raw\tornado\tornado\tornado\test\iostream_test.py,778,2,,,0
tornado,v4.2.0,C:\Users\Zhifei Chen\Desktop\pysmell\subject_raw\tornado\tornado\tornado\test\iostream_test.py,789,2,,,0
tornado,v4.2.0,C:\Users\Zhifei Chen\Desktop\pysmell\subject_raw\tornado\tornado\tornado\test\iostream_test.py,797,2,,,0
tornado,v4.2.0,C:\Users\Zhifei Chen\Desktop\pysmell\subject_raw\tornado\tornado\tornado\test\iostream_test.py,814,2,,,0
tornado,v4.2.0,C:\Users\Zhifei Chen\Desktop\pysmell\subject_raw\tornado\tornado\tornado\test\netutil_test.py,86,2,,,0
tornado,v4.2.0,C:\Users\Zhifei Chen\Desktop\pysmell\subject_raw\tornado\tornado\tornado\test\netutil_test.py,110,2,,,0
tornado,v4.2.0,C:\Users\Zhifei Chen\Desktop\pysmell\subject_raw\tornado\tornado\tornado\test\simple_httpclient_test.py,419,2,,,0
tornado,v4.2.0,C:\Users\Zhifei Chen\Desktop\pysmell\subject_raw\tornado\tornado\tornado\test\testing_test.py,131,2,,,0
tornado,v4.2.0,C:\Users\Zhifei Chen\Desktop\pysmell\subject_raw\tornado\tornado\tornado\test\websocket_test.py,369,2,,,0
tornado,v4.2.0,C:\Users\Zhifei Chen\Desktop\pysmell\subject_raw\tornado\tornado\tornado\test\websocket_test.py,379,2,,,0
tornado,v4.2.0,C:\Users\Zhifei Chen\Desktop\pysmell\subject_raw\tornado\tornado\tornado\test\websocket_test.py,411,2,,,0
tornado,v4.2.0,C:\Users\Zhifei Chen\Desktop\pysmell\subject_raw\tornado\tornado\tornado\test\websocket_test.py,416,2,,,0
scipy,v0.16.0b2,C:\Users\Zhifei Chen\Desktop\pysmell\subject_raw\scipy\scipy\scipy\integrate\tests\test_integrate.py,585,2,,,0
scipy,v0.16.0b2,C:\Users\Zhifei Chen\Desktop\pysmell\subject_raw\scipy\scipy\scipy\integrate\tests\test_integrate.py,590,2,,,0
scipy,v0.16.0b2,C:\Users\Zhifei Chen\Desktop\pysmell\subject_raw\scipy\scipy\scipy\integrate\tests\test_integrate.py,595,2,,,0
scipy,v0.16.0b2,C:\Users\Zhifei Chen\Desktop\pysmell\subject_raw\scipy\scipy\scipy\integrate\tests\test_integrate.py,600,2,,,0
scipy,v0.16.0b2,C:\Users\Zhifei Chen\Desktop\pysmell\subject_raw\scipy\scipy\scipy\integrate\tests\test_integrate.py,605,2,,,0
scipy,v0.16.0b2,C:\Users\Zhifei Chen\Desktop\pysmell\subject_raw\scipy\scipy\scipy\linalg\tests\test_fblas.py,118,2,,,0
scipy,v0.16.0b2,C:\Users\Zhifei Chen\Desktop\pysmell\subject_raw\scipy\scipy\scipy\linalg\tests\test_fblas.py,131,2,,,0
scipy,v0.16.0b2,C:\Users\Zhifei Chen\Desktop\pysmell\subject_raw\scipy\scipy\scipy\linalg\tests\test_fblas.py,173,2,,,0
scipy,v0.16.0b2,C:\Users\Zhifei Chen\Desktop\pysmell\subject_raw\scipy\scipy\scipy\linalg\tests\test_fblas.py,257,2,,,0
scipy,v0.16.0b2,C:\Users\Zhifei Chen\Desktop\pysmell\subject_raw\scipy\scipy\scipy\linalg\tests\test_fblas.py,346,2,,,0
scipy,v0.16.0b2,C:\Users\Zhifei Chen\Desktop\pysmell\subject_raw\scipy\scipy\scipy\linalg\tests\test_fblas.py,514,2,,,0
scipy,v0.16.0b2,C:\Users\Zhifei Chen\Desktop\pysmell\subject_raw\scipy\scipy\scipy\sparse\bsr.py,22,2,,,0
scipy,v0.16.0b2,C:\Users\Zhifei Chen\Desktop\pysmell\subject_raw\scipy\scipy\scipy\sparse\csc.py,19,2,,,0
scipy,v0.16.0b2,C:\Users\Zhifei Chen\Desktop\pysmell\subject_raw\scipy\scipy\scipy\sparse\lil.py,19,2,,,0
scipy,v0.16.0b2,C:\Users\Zhifei Chen\Desktop\pysmell\subject_raw\scipy\scipy\scipy\sparse\tests\test_base.py,3887,2,,,0
scipy,v0.16.0b2,C:\Users\Zhifei Chen\Desktop\pysmell\subject_raw\scipy\scipy\scipy\sparse\tests\test_base.py,3944,2,,,0
scipy,v0.16.0b2,C:\Users\Zhifei Chen\Desktop\pysmell\subject_raw\scipy\scipy\scipy\stats\tests\test_stats.py,2812,2,,,0
ansible,v1.9.2-0.1.rc1,C:\Users\Zhifei Chen\Desktop\pysmell\subject_raw\ansible\ansible\lib\ansible\module_utils\facts.py,2143,2,,,0
ansible,v1.9.2-0.1.rc1,C:\Users\Zhifei Chen\Desktop\pysmell\subject_raw\ansible\ansible\lib\ansible\module_utils\facts.py,2150,2,,,0
ansible,v1.9.2-0.1.rc1,C:\Users\Zhifei Chen\Desktop\pysmell\subject_raw\ansible\ansible\lib\ansible\module_utils\facts.py,2238,2,,,0
ansible,v1.9.2-0.1.rc1,C:\Users\Zhifei Chen\Desktop\pysmell\subject_raw\ansible\ansible\v2\ansible\module_utils\facts.py,2051,2,,,0
ansible,v1.9.2-0.1.rc1,C:\Users\Zhifei Chen\Desktop\pysmell\subject_raw\ansible\ansible\v2\ansible\module_utils\facts.py,2076,2,,,0
ansible,v1.9.2-0.1.rc1,C:\Users\Zhifei Chen\Desktop\pysmell\subject_raw\ansible\ansible\v2\ansible\module_utils\facts.py,2142,2,,,0
ansible,v1.9.2-0.1.rc1,C:\Users\Zhifei Chen\Desktop\pysmell\subject_raw\ansible\ansible\v2\ansible\playbook\play.py,36,2,,,0
boto,2.38.0,C:\Users\Zhifei Chen\Desktop\pysmell\subject_raw\boto\boto\boto\auth.py,127,2,,,0
boto,2.38.0,C:\Users\Zhifei Chen\Desktop\pysmell\subject_raw\boto\boto\boto\auth.py,192,2,,,0
boto,2.38.0,C:\Users\Zhifei Chen\Desktop\pysmell\subject_raw\boto\boto\boto\auth.py,291,2,,,0
boto,2.38.0,C:\Users\Zhifei Chen\Desktop\pysmell\subject_raw\boto\boto\boto\auth.py,844,2,,,0
boto,2.38.0,C:\Users\Zhifei Chen\Desktop\pysmell\subject_raw\boto\boto\boto\auth.py,893,2,,,0
boto,2.38.0,C:\Users\Zhifei Chen\Desktop\pysmell\subject_raw\boto\boto\boto\dynamodb2\fields.py,306,2,,,0
boto,2.38.0,C:\Users\Zhifei Chen\Desktop\pysmell\subject_raw\boto\boto\boto\mturk\question.py,210,2,,,0
boto,2.38.0,C:\Users\Zhifei Chen\Desktop\pysmell\subject_raw\boto\boto\tests\integration\cloudformation\test_cert_verification.py,34,2,,,0
boto,2.38.0,C:\Users\Zhifei Chen\Desktop\pysmell\subject_raw\boto\boto\tests\integration\cloudsearch2\test_cert_verification.py,34,2,,,0
boto,2.38.0,C:\Users\Zhifei Chen\Desktop\pysmell\subject_raw\boto\boto\tests\integration\datapipeline\test_cert_verification.py,33,2,,,0
boto,2.38.0,C:\Users\Zhifei Chen\Desktop\pysmell\subject_raw\boto\boto\tests\integration\dynamodb2\test_cert_verification.py,34,2,,,0
boto,2.38.0,C:\Users\Zhifei Chen\Desktop\pysmell\subject_raw\boto\boto\tests\integration\ec2\autoscale\test_cert_verification.py,34,2,,,0
boto,2.38.0,C:\Users\Zhifei Chen\Desktop\pysmell\subject_raw\boto\boto\tests\integration\ec2\elb\test_cert_verification.py,34,2,,,0
boto,2.38.0,C:\Users\Zhifei Chen\Desktop\pysmell\subject_raw\boto\boto\tests\integration\emr\test_cert_verification.py,34,2,,,0
boto,2.38.0,C:\Users\Zhifei Chen\Desktop\pysmell\subject_raw\boto\boto\tests\integration\iam\test_cert_verification.py,34,2,,,0
boto,2.38.0,C:\Users\Zhifei Chen\Desktop\pysmell\subject_raw\boto\boto\tests\integration\logs\test_cert_verification.py,33,2,,,0
boto,2.38.0,C:\Users\Zhifei Chen\Desktop\pysmell\subject_raw\boto\boto\tests\integration\rds2\test_cert_verification.py,34,2,,,0
boto,2.38.0,C:\Users\Zhifei Chen\Desktop\pysmell\subject_raw\boto\boto\tests\integration\route53\test_cert_verification.py,35,2,,,0
boto,2.38.0,C:\Users\Zhifei Chen\Desktop\pysmell\subject_raw\boto\boto\tests\integration\s3\test_cert_verification.py,34,2,,,0
boto,2.38.0,C:\Users\Zhifei Chen\Desktop\pysmell\subject_raw\boto\boto\tests\integration\sdb\test_cert_verification.py,34,2,,,0
boto,2.38.0,C:\Users\Zhifei Chen\Desktop\pysmell\subject_raw\boto\boto\tests\integration\sns\test_cert_verification.py,34,2,,,0
boto,2.38.0,C:\Users\Zhifei Chen\Desktop\pysmell\subject_raw\boto\boto\tests\integration\sts\test_cert_verification.py,34,2,,,0
boto,2.38.0,C:\Users\Zhifei Chen\Desktop\pysmell\subject_raw\boto\boto\tests\integration\swf\test_cert_verification.py,34,2,,,0
ipython,rel-3.1.0,C:\Users\Zhifei Chen\Desktop\pysmell\subject_raw\ipython\ipython\IPython\core\error.py,48,2,,,0
ipython,rel-3.1.0,C:\Users\Zhifei Chen\Desktop\pysmell\subject_raw\ipython\ipython\IPython\core\tests\test_inputsplitter.py,583,2,,,0
ipython,rel-3.1.0,C:\Users\Zhifei Chen\Desktop\pysmell\subject_raw\ipython\ipython\IPython\core\tests\test_interactiveshell.py,569,2,,,0
ipython,rel-3.1.0,C:\Users\Zhifei Chen\Desktop\pysmell\subject_raw\ipython\ipython\IPython\core\tests\test_interactiveshell.py,605,2,,,0
ipython,rel-3.1.0,C:\Users\Zhifei Chen\Desktop\pysmell\subject_raw\ipython\ipython\IPython\lib\demo.py,547,2,,,0
ipython,rel-3.1.0,C:\Users\Zhifei Chen\Desktop\pysmell\subject_raw\ipython\ipython\IPython\lib\demo.py,582,2,,,0
ipython,rel-3.1.0,C:\Users\Zhifei Chen\Desktop\pysmell\subject_raw\ipython\ipython\IPython\testing\plugin\ipdoctest.py,573,2,,,0
ipython,rel-3.1.0,C:\Users\Zhifei Chen\Desktop\pysmell\subject_raw\ipython\ipython\IPython\testing\tests\test_tools.py,91,2,,,0
ipython,rel-3.1.0,C:\Users\Zhifei Chen\Desktop\pysmell\subject_raw\ipython\ipython\IPython\utils\tests\test_process.py,93,2,,,0
numpy,v1.9.2,C:\Users\Zhifei Chen\Desktop\pysmell\subject_raw\numpy\numpy\numpy\core\tests\test_numerictypes.py,137,2,,,0
numpy,v1.9.2,C:\Users\Zhifei Chen\Desktop\pysmell\subject_raw\numpy\numpy\numpy\core\tests\test_numerictypes.py,177,2,,,0
numpy,v1.9.2,C:\Users\Zhifei Chen\Desktop\pysmell\subject_raw\numpy\numpy\numpy\core\tests\test_numerictypes.py,189,2,,,0
numpy,v1.9.2,C:\Users\Zhifei Chen\Desktop\pysmell\subject_raw\numpy\numpy\numpy\core\tests\test_numerictypes.py,226,2,,,0
numpy,v1.9.2,C:\Users\Zhifei Chen\Desktop\pysmell\subject_raw\numpy\numpy\numpy\core\tests\test_numerictypes.py,326,2,,,0
numpy,v1.9.2,C:\Users\Zhifei Chen\Desktop\pysmell\subject_raw\numpy\numpy\numpy\core\tests\test_scalarinherit.py,11,2,,,0
numpy,v1.9.2,C:\Users\Zhifei Chen\Desktop\pysmell\subject_raw\numpy\numpy\numpy\core\tests\test_scalarinherit.py,16,2,,,0
numpy,v1.9.2,C:\Users\Zhifei Chen\Desktop\pysmell\subject_raw\numpy\numpy\numpy\core\tests\test_unicode.py,92,2,,,0
numpy,v1.9.2,C:\Users\Zhifei Chen\Desktop\pysmell\subject_raw\numpy\numpy\numpy\core\tests\test_unicode.py,102,2,,,0
numpy,v1.9.2,C:\Users\Zhifei Chen\Desktop\pysmell\subject_raw\numpy\numpy\numpy\core\tests\test_unicode.py,158,2,,,0
numpy,v1.9.2,C:\Users\Zhifei Chen\Desktop\pysmell\subject_raw\numpy\numpy\numpy\core\tests\test_unicode.py,164,2,,,0
numpy,v1.9.2,C:\Users\Zhifei Chen\Desktop\pysmell\subject_raw\numpy\numpy\numpy\core\tests\test_unicode.py,170,2,,,0
numpy,v1.9.2,C:\Users\Zhifei Chen\Desktop\pysmell\subject_raw\numpy\numpy\numpy\core\tests\test_unicode.py,182,2,,,0
numpy,v1.9.2,C:\Users\Zhifei Chen\Desktop\pysmell\subject_raw\numpy\numpy\numpy\core\tests\test_unicode.py,248,2,,,0
numpy,v1.9.2,C:\Users\Zhifei Chen\Desktop\pysmell\subject_raw\numpy\numpy\numpy\core\tests\test_unicode.py,260,2,,,0
numpy,v1.9.2,C:\Users\Zhifei Chen\Desktop\pysmell\subject_raw\numpy\numpy\numpy\core\tests\test_unicode.py,272,2,,,0
numpy,v1.9.2,C:\Users\Zhifei Chen\Desktop\pysmell\subject_raw\numpy\numpy\numpy\core\tests\test_unicode.py,326,2,,,0
numpy,v1.9.2,C:\Users\Zhifei Chen\Desktop\pysmell\subject_raw\numpy\numpy\numpy\core\tests\test_unicode.py,338,2,,,0
numpy,v1.9.2,C:\Users\Zhifei Chen\Desktop\pysmell\subject_raw\numpy\numpy\numpy\core\tests\test_unicode.py,350,2,,,0
numpy,v1.9.2,C:\Users\Zhifei Chen\Desktop\pysmell\subject_raw\numpy\numpy\numpy\lib\tests\test_io.py,177,2,,,0
numpy,v1.9.2,C:\Users\Zhifei Chen\Desktop\pysmell\subject_raw\numpy\numpy\numpy\lib\tests\test_nanfunctions.py,391,2,,,0
numpy,v1.9.2,C:\Users\Zhifei Chen\Desktop\pysmell\subject_raw\numpy\numpy\numpy\linalg\tests\test_linalg.py,439,2,,,0
numpy,v1.9.2,C:\Users\Zhifei Chen\Desktop\pysmell\subject_raw\numpy\numpy\numpy\linalg\tests\test_linalg.py,469,2,,,0
numpy,v1.9.2,C:\Users\Zhifei Chen\Desktop\pysmell\subject_raw\numpy\numpy\numpy\linalg\tests\test_linalg.py,485,2,,,0
numpy,v1.9.2,C:\Users\Zhifei Chen\Desktop\pysmell\subject_raw\numpy\numpy\numpy\linalg\tests\test_linalg.py,532,2,,,0
numpy,v1.9.2,C:\Users\Zhifei Chen\Desktop\pysmell\subject_raw\numpy\numpy\numpy\linalg\tests\test_linalg.py,601,2,,,0
numpy,v1.9.2,C:\Users\Zhifei Chen\Desktop\pysmell\subject_raw\numpy\numpy\numpy\linalg\tests\test_linalg.py,740,2,,,0
numpy,v1.9.2,C:\Users\Zhifei Chen\Desktop\pysmell\subject_raw\numpy\numpy\numpy\ma\tests\test_subclassing.py,42,2,,,0
numpy,v1.9.2,C:\Users\Zhifei Chen\Desktop\pysmell\subject_raw\numpy\numpy\numpy\testing\tests\test_utils.py,64,2,,,0
numpy,v1.9.2,C:\Users\Zhifei Chen\Desktop\pysmell\subject_raw\numpy\numpy\numpy\testing\tests\test_utils.py,261,2,,,0
nltk,3.0.2,C:\Users\Zhifei Chen\Desktop\pysmell\subject_raw\nltk\nltk\nltk\featstruct.py,572,2,,,0
nltk,3.0.2,C:\Users\Zhifei Chen\Desktop\pysmell\subject_raw\nltk\nltk\nltk\featstruct.py,1703,2,,,0
nltk,3.0.2,C:\Users\Zhifei Chen\Desktop\pysmell\subject_raw\nltk\nltk\nltk\featstruct.py,1731,2,,,0
nltk,3.0.2,C:\Users\Zhifei Chen\Desktop\pysmell\subject_raw\nltk\nltk\nltk\grammar.py,199,2,,,0
nltk,3.0.2,C:\Users\Zhifei Chen\Desktop\pysmell\subject_raw\nltk\nltk\nltk\grammar.py,375,2,,,0
nltk,3.0.2,C:\Users\Zhifei Chen\Desktop\pysmell\subject_raw\nltk\nltk\nltk\tree.py,1393,2,,,0
nltk,3.0.2,C:\Users\Zhifei Chen\Desktop\pysmell\subject_raw\nltk\nltk\nltk\tree.py,1404,2,,,0
nltk,3.0.2,C:\Users\Zhifei Chen\Desktop\pysmell\subject_raw\nltk\nltk\nltk\app\chartparser_app.py,1612,2,,,0
nltk,3.0.2,C:\Users\Zhifei Chen\Desktop\pysmell\subject_raw\nltk\nltk\nltk\app\chartparser_app.py,1616,2,,,0
nltk,3.0.2,C:\Users\Zhifei Chen\Desktop\pysmell\subject_raw\nltk\nltk\nltk\corpus\reader\bracket_parse.py,108,2,,,0
nltk,3.0.2,C:\Users\Zhifei Chen\Desktop\pysmell\subject_raw\nltk\nltk\nltk\corpus\reader\plaintext.py,135,2,,,0
nltk,3.0.2,C:\Users\Zhifei Chen\Desktop\pysmell\subject_raw\nltk\nltk\nltk\inference\api.py,252,2,,,0
nltk,3.0.2,C:\Users\Zhifei Chen\Desktop\pysmell\subject_raw\nltk\nltk\nltk\inference\api.py,394,2,,,0
nltk,3.0.2,C:\Users\Zhifei Chen\Desktop\pysmell\subject_raw\nltk\nltk\nltk\inference\api.py,495,2,,,0
nltk,3.0.2,C:\Users\Zhifei Chen\Desktop\pysmell\subject_raw\nltk\nltk\nltk\inference\mace.py,24,2,,,0
nltk,3.0.2,C:\Users\Zhifei Chen\Desktop\pysmell\subject_raw\nltk\nltk\nltk\inference\prover9.py,60,2,,,0
nltk,3.0.2,C:\Users\Zhifei Chen\Desktop\pysmell\subject_raw\nltk\nltk\nltk\inference\prover9.py,251,2,,,0
nltk,3.0.2,C:\Users\Zhifei Chen\Desktop\pysmell\subject_raw\nltk\nltk\nltk\parse\earleychart.py,114,2,,,0
nltk,3.0.2,C:\Users\Zhifei Chen\Desktop\pysmell\subject_raw\nltk\nltk\nltk\sem\drt.py,275,2,,,0
nltk,3.0.2,C:\Users\Zhifei Chen\Desktop\pysmell\subject_raw\nltk\nltk\nltk\sem\drt.py,513,2,,,0
nltk,3.0.2,C:\Users\Zhifei Chen\Desktop\pysmell\subject_raw\nltk\nltk\nltk\sem\drt.py,519,2,,,0
nltk,3.0.2,C:\Users\Zhifei Chen\Desktop\pysmell\subject_raw\nltk\nltk\nltk\sem\drt.py,526,2,,,0
nltk,3.0.2,C:\Users\Zhifei Chen\Desktop\pysmell\subject_raw\nltk\nltk\nltk\sem\drt.py,592,2,,,0
nltk,3.0.2,C:\Users\Zhifei Chen\Desktop\pysmell\subject_raw\nltk\nltk\nltk\sem\drt.py,640,2,,,0
nltk,3.0.2,C:\Users\Zhifei Chen\Desktop\pysmell\subject_raw\nltk\nltk\nltk\sem\drt.py,643,2,,,0
nltk,3.0.2,C:\Users\Zhifei Chen\Desktop\pysmell\subject_raw\nltk\nltk\nltk\sem\drt.py,652,2,,,0
nltk,3.0.2,C:\Users\Zhifei Chen\Desktop\pysmell\subject_raw\nltk\nltk\nltk\sem\drt.py,792,2,,,0
nltk,3.0.2,C:\Users\Zhifei Chen\Desktop\pysmell\subject_raw\nltk\nltk\nltk\sem\logic.py,736,2,,,0
nltk,3.0.2,C:\Users\Zhifei Chen\Desktop\pysmell\subject_raw\nltk\nltk\nltk\stem\snowball.py,134,2,,,0
nltk,3.0.2,C:\Users\Zhifei Chen\Desktop\pysmell\subject_raw\nltk\nltk\nltk\tag\sequential.py,562,2,,,0
nltk,3.0.2,C:\Users\Zhifei Chen\Desktop\pysmell\subject_raw\nltk\nltk\nltk\test\doctest_nose_plugin.py,155,2,,,0
nltk,3.0.2,C:\Users\Zhifei Chen\Desktop\pysmell\subject_raw\nltk\nltk\nltk\tokenize\punkt.py,1187,2,,,0
matplotlib,v1.4.3,C:\Users\Zhifei Chen\Desktop\pysmell\subject_raw\matplotlib\matplotlib\setupext.py,737,2,,,0
matplotlib,v1.4.3,C:\Users\Zhifei Chen\Desktop\pysmell\subject_raw\matplotlib\matplotlib\examples\misc\rc_traits.py,164,2,,,0
matplotlib,v1.4.3,C:\Users\Zhifei Chen\Desktop\pysmell\subject_raw\matplotlib\matplotlib\lib\matplotlib\animation.py,417,2,,,0
matplotlib,v1.4.3,C:\Users\Zhifei Chen\Desktop\pysmell\subject_raw\matplotlib\matplotlib\lib\matplotlib\animation.py,454,2,,,0
matplotlib,v1.4.3,C:\Users\Zhifei Chen\Desktop\pysmell\subject_raw\matplotlib\matplotlib\lib\matplotlib\animation.py,501,2,,,0
matplotlib,v1.4.3,C:\Users\Zhifei Chen\Desktop\pysmell\subject_raw\matplotlib\matplotlib\lib\matplotlib\animation.py,541,2,,,0
matplotlib,v1.4.3,C:\Users\Zhifei Chen\Desktop\pysmell\subject_raw\matplotlib\matplotlib\lib\matplotlib\collections.py,36,2,,,0
matplotlib,v1.4.3,C:\Users\Zhifei Chen\Desktop\pysmell\subject_raw\matplotlib\matplotlib\lib\matplotlib\image.py,35,2,,,0
matplotlib,v1.4.3,C:\Users\Zhifei Chen\Desktop\pysmell\subject_raw\matplotlib\matplotlib\lib\matplotlib\image.py,966,2,,,0
matplotlib,v1.4.3,C:\Users\Zhifei Chen\Desktop\pysmell\subject_raw\matplotlib\matplotlib\lib\matplotlib\text.py,1902,2,,,0
matplotlib,v1.4.3,C:\Users\Zhifei Chen\Desktop\pysmell\subject_raw\matplotlib\matplotlib\lib\matplotlib\backends\backend_gtk.py,650,2,,,0
matplotlib,v1.4.3,C:\Users\Zhifei Chen\Desktop\pysmell\subject_raw\matplotlib\matplotlib\lib\matplotlib\backends\backend_gtk3.py,524,2,,,0
matplotlib,v1.4.3,C:\Users\Zhifei Chen\Desktop\pysmell\subject_raw\matplotlib\matplotlib\lib\matplotlib\backends\backend_gtk3.py,763,2,,,0
matplotlib,v1.4.3,C:\Users\Zhifei Chen\Desktop\pysmell\subject_raw\matplotlib\matplotlib\lib\matplotlib\backends\backend_gtk3.py,839,2,,,0
matplotlib,v1.4.3,C:\Users\Zhifei Chen\Desktop\pysmell\subject_raw\matplotlib\matplotlib\lib\matplotlib\backends\backend_gtk3agg.py,22,2,,,0
matplotlib,v1.4.3,C:\Users\Zhifei Chen\Desktop\pysmell\subject_raw\matplotlib\matplotlib\lib\matplotlib\backends\backend_gtkagg.py,58,2,,,0
matplotlib,v1.4.3,C:\Users\Zhifei Chen\Desktop\pysmell\subject_raw\matplotlib\matplotlib\lib\matplotlib\backends\backend_macosx.py,187,2,,,0
matplotlib,v1.4.3,C:\Users\Zhifei Chen\Desktop\pysmell\subject_raw\matplotlib\matplotlib\lib\matplotlib\backends\backend_macosx.py,283,2,,,0
matplotlib,v1.4.3,C:\Users\Zhifei Chen\Desktop\pysmell\subject_raw\matplotlib\matplotlib\lib\matplotlib\backends\backend_macosx.py,394,2,,,0
matplotlib,v1.4.3,C:\Users\Zhifei Chen\Desktop\pysmell\subject_raw\matplotlib\matplotlib\lib\matplotlib\backends\backend_qt5.py,571,2,,,0
matplotlib,v1.4.3,C:\Users\Zhifei Chen\Desktop\pysmell\subject_raw\matplotlib\matplotlib\lib\matplotlib\backends\backend_tkagg.py,695,2,,,0
matplotlib,v1.4.3,C:\Users\Zhifei Chen\Desktop\pysmell\subject_raw\matplotlib\matplotlib\lib\matplotlib\backends\backend_tkagg.py,1002,2,,,0
matplotlib,v1.4.3,C:\Users\Zhifei Chen\Desktop\pysmell\subject_raw\matplotlib\matplotlib\lib\matplotlib\backends\backend_wx.py,1570,2,,,0
matplotlib,v1.4.3,C:\Users\Zhifei Chen\Desktop\pysmell\subject_raw\matplotlib\matplotlib\lib\matplotlib\sphinxext\mathmpl.py,20,2,,,0
matplotlib,v1.4.3,C:\Users\Zhifei Chen\Desktop\pysmell\subject_raw\matplotlib\matplotlib\lib\matplotlib\sphinxext\only_directives.py,14,2,,,0
matplotlib,v1.4.3,C:\Users\Zhifei Chen\Desktop\pysmell\subject_raw\matplotlib\matplotlib\lib\mpl_toolkits\axes_grid\axes_grid.py,9,2,,,0
matplotlib,v1.4.3,C:\Users\Zhifei Chen\Desktop\pysmell\subject_raw\matplotlib\matplotlib\lib\mpl_toolkits\axisartist\axis_artist.py,206,2,,,0
matplotlib,v1.4.3,C:\Users\Zhifei Chen\Desktop\pysmell\subject_raw\matplotlib\matplotlib\lib\mpl_toolkits\axisartist\axis_artist.py,639,2,,,0
django,1.8.2,C:\Users\Zhifei Chen\Desktop\pysmell\subject_raw\django\django\django\contrib\gis\feeds.py,85,2,,,0
django,1.8.2,C:\Users\Zhifei Chen\Desktop\pysmell\subject_raw\django\django\django\contrib\gis\feeds.py,115,2,,,0
django,1.8.2,C:\Users\Zhifei Chen\Desktop\pysmell\subject_raw\django\django\django\contrib\gis\db\backends\mysql\operations.py,10,2,,,0
django,1.8.2,C:\Users\Zhifei Chen\Desktop\pysmell\subject_raw\django\django\django\contrib\gis\db\backends\oracle\models.py,48,2,,,0
django,1.8.2,C:\Users\Zhifei Chen\Desktop\pysmell\subject_raw\django\django\django\contrib\gis\db\backends\postgis\features.py,6,2,,,0
django,1.8.2,C:\Users\Zhifei Chen\Desktop\pysmell\subject_raw\django\django\django\contrib\gis\db\backends\postgis\operations.py,48,2,,,0
django,1.8.2,C:\Users\Zhifei Chen\Desktop\pysmell\subject_raw\django\django\django\contrib\gis\db\backends\spatialite\models.py,49,2,,,0
django,1.8.2,C:\Users\Zhifei Chen\Desktop\pysmell\subject_raw\django\django\django\contrib\gis\db\models\fields.py,68,2,,,0
django,1.8.2,C:\Users\Zhifei Chen\Desktop\pysmell\subject_raw\django\django\django\contrib\gis\db\models\fields.py,367,2,,,0
django,1.8.2,C:\Users\Zhifei Chen\Desktop\pysmell\subject_raw\django\django\django\contrib\gis\db\models\functions.py,218,2,,,0
django,1.8.2,C:\Users\Zhifei Chen\Desktop\pysmell\subject_raw\django\django\django\contrib\gis\db\models\functions.py,328,2,,,0
django,1.8.2,C:\Users\Zhifei Chen\Desktop\pysmell\subject_raw\django\django\django\contrib\gis\db\models\functions.py,358,2,,,0
django,1.8.2,C:\Users\Zhifei Chen\Desktop\pysmell\subject_raw\django\django\django\contrib\gis\gdal\error.py,21,2,,,0
django,1.8.2,C:\Users\Zhifei Chen\Desktop\pysmell\subject_raw\django\django\django\contrib\gis\geos\error.py,12,2,,,0
django,1.8.2,C:\Users\Zhifei Chen\Desktop\pysmell\subject_raw\django\django\django\contrib\gis\geos\linestring.py,12,2,,,0
django,1.8.2,C:\Users\Zhifei Chen\Desktop\pysmell\subject_raw\django\django\django\contrib\staticfiles\storage.py,384,2,,,0
django,1.8.2,C:\Users\Zhifei Chen\Desktop\pysmell\subject_raw\django\django\django\core\mail\message.py,163,2,,,0
django,1.8.2,C:\Users\Zhifei Chen\Desktop\pysmell\subject_raw\django\django\django\core\servers\basehttp.py,65,2,,,0
django,1.8.2,C:\Users\Zhifei Chen\Desktop\pysmell\subject_raw\django\django\django\core\servers\basehttp.py,95,2,,,0
django,1.8.2,C:\Users\Zhifei Chen\Desktop\pysmell\subject_raw\django\django\django\db\backends\mysql\compiler.py,16,2,,,0
django,1.8.2,C:\Users\Zhifei Chen\Desktop\pysmell\subject_raw\django\django\django\db\backends\mysql\compiler.py,20,2,,,0
django,1.8.2,C:\Users\Zhifei Chen\Desktop\pysmell\subject_raw\django\django\django\db\backends\mysql\compiler.py,24,2,,,0
django,1.8.2,C:\Users\Zhifei Chen\Desktop\pysmell\subject_raw\django\django\django\db\backends\oracle\compiler.py,52,2,,,0
django,1.8.2,C:\Users\Zhifei Chen\Desktop\pysmell\subject_raw\django\django\django\db\backends\oracle\compiler.py,60,2,,,0
django,1.8.2,C:\Users\Zhifei Chen\Desktop\pysmell\subject_raw\django\django\django\db\models\fields\files.py,383,2,,,0
django,1.8.2,C:\Users\Zhifei Chen\Desktop\pysmell\subject_raw\django\django\django\db\models\fields\related_lookups.py,117,2,,,0
django,1.8.2,C:\Users\Zhifei Chen\Desktop\pysmell\subject_raw\django\django\django\db\models\fields\related_lookups.py,125,2,,,0
django,1.8.2,C:\Users\Zhifei Chen\Desktop\pysmell\subject_raw\django\django\django\db\models\fields\__init__.py,1163,2,,,0
django,1.8.2,C:\Users\Zhifei Chen\Desktop\pysmell\subject_raw\django\django\django\forms\utils.py,76,2,,,0
django,1.8.2,C:\Users\Zhifei Chen\Desktop\pysmell\subject_raw\django\django\django\forms\widgets.py,784,2,,,0
django,1.8.2,C:\Users\Zhifei Chen\Desktop\pysmell\subject_raw\django\django\django\templatetags\tz.py,17,2,,,0
django,1.8.2,C:\Users\Zhifei Chen\Desktop\pysmell\subject_raw\django\django\django\utils\safestring.py,22,2,,,0
django,1.8.2,C:\Users\Zhifei Chen\Desktop\pysmell\subject_raw\django\django\django\utils\safestring.py,46,2,,,0
django,1.8.2,C:\Users\Zhifei Chen\Desktop\pysmell\subject_raw\django\django\django\utils\safestring.py,79,2,,,0
django,1.8.2,C:\Users\Zhifei Chen\Desktop\pysmell\subject_raw\django\django\django\views\generic\dates.py,440,2,,,0
django,1.8.2,C:\Users\Zhifei Chen\Desktop\pysmell\subject_raw\django\django\django\views\generic\dates.py,526,2,,,0
django,1.8.2,C:\Users\Zhifei Chen\Desktop\pysmell\subject_raw\django\django\django\views\generic\dates.py,613,2,,,0
django,1.8.2,C:\Users\Zhifei Chen\Desktop\pysmell\subject_raw\django\django\django\views\generic\dates.py,676,2,,,0
django,1.8.2,C:\Users\Zhifei Chen\Desktop\pysmell\subject_raw\django\django\django\views\generic\detail.py,177,2,,,0
django,1.8.2,C:\Users\Zhifei Chen\Desktop\pysmell\subject_raw\django\django\django\views\generic\edit.py,231,2,,,0
django,1.8.2,C:\Users\Zhifei Chen\Desktop\pysmell\subject_raw\django\django\django\views\generic\edit.py,243,2,,,0
django,1.8.2,C:\Users\Zhifei Chen\Desktop\pysmell\subject_raw\django\django\django\views\generic\edit.py,266,2,,,0
django,1.8.2,C:\Users\Zhifei Chen\Desktop\pysmell\subject_raw\django\django\django\views\generic\edit.py,327,2,,,0
django,1.8.2,C:\Users\Zhifei Chen\Desktop\pysmell\subject_raw\django\django\django\views\generic\list.py,154,2,,,0
django,1.8.2,C:\Users\Zhifei Chen\Desktop\pysmell\subject_raw\django\django\django\views\generic\list.py,207,2,,,0
django,1.8.2,C:\Users\Zhifei Chen\Desktop\pysmell\subject_raw\django\django\tests\admin_docs\tests.py,56,2,,,0
django,1.8.2,C:\Users\Zhifei Chen\Desktop\pysmell\subject_raw\django\django\tests\admin_docs\tests.py,216,2,,,0
django,1.8.2,C:\Users\Zhifei Chen\Desktop\pysmell\subject_raw\django\django\tests\admin_inlines\tests.py,367,2,,,0
django,1.8.2,C:\Users\Zhifei Chen\Desktop\pysmell\subject_raw\django\django\tests\admin_scripts\tests.py,1771,2,,,0
django,1.8.2,C:\Users\Zhifei Chen\Desktop\pysmell\subject_raw\django\django\tests\admin_widgets\tests.py,209,2,,,0
django,1.8.2,C:\Users\Zhifei Chen\Desktop\pysmell\subject_raw\django\django\tests\admin_widgets\tests.py,381,2,,,0
django,1.8.2,C:\Users\Zhifei Chen\Desktop\pysmell\subject_raw\django\django\tests\admin_widgets\tests.py,779,2,,,0
django,1.8.2,C:\Users\Zhifei Chen\Desktop\pysmell\subject_raw\django\django\tests\admin_widgets\tests.py,1102,2,,,0
django,1.8.2,C:\Users\Zhifei Chen\Desktop\pysmell\subject_raw\django\django\tests\auth_tests\test_auth_backends.py,199,2,,,0
django,1.8.2,C:\Users\Zhifei Chen\Desktop\pysmell\subject_raw\django\django\tests\auth_tests\test_auth_backends.py,253,2,,,0
django,1.8.2,C:\Users\Zhifei Chen\Desktop\pysmell\subject_raw\django\django\tests\auth_tests\test_forms.py,132,2,,,0
django,1.8.2,C:\Users\Zhifei Chen\Desktop\pysmell\subject_raw\django\django\tests\auth_tests\test_forms.py,242,2,,,0
django,1.8.2,C:\Users\Zhifei Chen\Desktop\pysmell\subject_raw\django\django\tests\auth_tests\test_forms.py,267,2,,,0
django,1.8.2,C:\Users\Zhifei Chen\Desktop\pysmell\subject_raw\django\django\tests\auth_tests\test_forms.py,389,2,,,0
django,1.8.2,C:\Users\Zhifei Chen\Desktop\pysmell\subject_raw\django\django\tests\builtin_server\tests.py,15,2,,,0
django,1.8.2,C:\Users\Zhifei Chen\Desktop\pysmell\subject_raw\django\django\tests\cache\liberal_backend.py,9,2,,,0
django,1.8.2,C:\Users\Zhifei Chen\Desktop\pysmell\subject_raw\django\django\tests\cache\tests.py,1050,2,,,0
django,1.8.2,C:\Users\Zhifei Chen\Desktop\pysmell\subject_raw\django\django\tests\cache\tests.py,1191,2,,,0
django,1.8.2,C:\Users\Zhifei Chen\Desktop\pysmell\subject_raw\django\django\tests\check_framework\test_model_field_deprecation.py,8,2,,,0
django,1.8.2,C:\Users\Zhifei Chen\Desktop\pysmell\subject_raw\django\django\tests\defer\tests.py,25,2,,,0
django,1.8.2,C:\Users\Zhifei Chen\Desktop\pysmell\subject_raw\django\django\tests\defer\tests.py,207,2,,,0
django,1.8.2,C:\Users\Zhifei Chen\Desktop\pysmell\subject_raw\django\django\tests\fixtures\tests.py,414,2,,,0
django,1.8.2,C:\Users\Zhifei Chen\Desktop\pysmell\subject_raw\django\django\tests\flatpages_tests\test_middleware.py,115,2,,,0
django,1.8.2,C:\Users\Zhifei Chen\Desktop\pysmell\subject_raw\django\django\tests\flatpages_tests\test_views.py,40,2,,,0
django,1.8.2,C:\Users\Zhifei Chen\Desktop\pysmell\subject_raw\django\django\tests\flatpages_tests\test_views.py,104,2,,,0
django,1.8.2,C:\Users\Zhifei Chen\Desktop\pysmell\subject_raw\django\django\tests\forms_tests\tests\test_error_messages.py,238,2,,,0
django,1.8.2,C:\Users\Zhifei Chen\Desktop\pysmell\subject_raw\django\django\tests\forms_tests\tests\test_forms.py,1555,2,,,0
django,1.8.2,C:\Users\Zhifei Chen\Desktop\pysmell\subject_raw\django\django\tests\generic_inline_admin\tests.py,146,2,,,0
django,1.8.2,C:\Users\Zhifei Chen\Desktop\pysmell\subject_raw\django\django\tests\generic_views\test_dates.py,40,2,,,0
django,1.8.2,C:\Users\Zhifei Chen\Desktop\pysmell\subject_raw\django\django\tests\generic_views\test_dates.py,261,2,,,0
django,1.8.2,C:\Users\Zhifei Chen\Desktop\pysmell\subject_raw\django\django\tests\generic_views\test_dates.py,483,2,,,0
django,1.8.2,C:\Users\Zhifei Chen\Desktop\pysmell\subject_raw\django\django\tests\generic_views\views.py,100,2,,,0
django,1.8.2,C:\Users\Zhifei Chen\Desktop\pysmell\subject_raw\django\django\tests\generic_views\views.py,187,2,,,0
django,1.8.2,C:\Users\Zhifei Chen\Desktop\pysmell\subject_raw\django\django\tests\generic_views\views.py,195,2,,,0
django,1.8.2,C:\Users\Zhifei Chen\Desktop\pysmell\subject_raw\django\django\tests\generic_views\views.py,203,2,,,0
django,1.8.2,C:\Users\Zhifei Chen\Desktop\pysmell\subject_raw\django\django\tests\generic_views\views.py,207,2,,,0
django,1.8.2,C:\Users\Zhifei Chen\Desktop\pysmell\subject_raw\django\django\tests\generic_views\views.py,224,2,,,0
django,1.8.2,C:\Users\Zhifei Chen\Desktop\pysmell\subject_raw\django\django\tests\generic_views\views.py,250,2,,,0
django,1.8.2,C:\Users\Zhifei Chen\Desktop\pysmell\subject_raw\django\django\tests\generic_views\views.py,268,2,,,0
django,1.8.2,C:\Users\Zhifei Chen\Desktop\pysmell\subject_raw\django\django\tests\generic_views\views.py,276,2,,,0
django,1.8.2,C:\Users\Zhifei Chen\Desktop\pysmell\subject_raw\django\django\tests\generic_views\views.py,284,2,,,0
django,1.8.2,C:\Users\Zhifei Chen\Desktop\pysmell\subject_raw\django\django\tests\gis_tests\gdal_tests\test_geom.py,23,2,,,0
django,1.8.2,C:\Users\Zhifei Chen\Desktop\pysmell\subject_raw\django\django\tests\gis_tests\geo3d\tests.py,319,2,,,0
django,1.8.2,C:\Users\Zhifei Chen\Desktop\pysmell\subject_raw\django\django\tests\invalid_models_tests\test_models.py,436,2,,,0
django,1.8.2,C:\Users\Zhifei Chen\Desktop\pysmell\subject_raw\django\django\tests\invalid_models_tests\test_ordinary_fields.py,219,2,,,0
django,1.8.2,C:\Users\Zhifei Chen\Desktop\pysmell\subject_raw\django\django\tests\invalid_models_tests\test_ordinary_fields.py,552,2,,,0
django,1.8.2,C:\Users\Zhifei Chen\Desktop\pysmell\subject_raw\django\django\tests\mail\tests.py,53,2,,,0
django,1.8.2,C:\Users\Zhifei Chen\Desktop\pysmell\subject_raw\django\django\tests\mail\tests.py,470,2,,,0
django,1.8.2,C:\Users\Zhifei Chen\Desktop\pysmell\subject_raw\django\django\tests\mail\tests.py,725,2,,,0
django,1.8.2,C:\Users\Zhifei Chen\Desktop\pysmell\subject_raw\django\django\tests\mail\tests.py,812,2,,,0
django,1.8.2,C:\Users\Zhifei Chen\Desktop\pysmell\subject_raw\django\django\tests\mail\tests.py,937,2,,,0
django,1.8.2,C:\Users\Zhifei Chen\Desktop\pysmell\subject_raw\django\django\tests\managers_regress\models.py,87,2,,,0
django,1.8.2,C:\Users\Zhifei Chen\Desktop\pysmell\subject_raw\django\django\tests\messages_tests\test_fallback.py,12,2,,,0
django,1.8.2,C:\Users\Zhifei Chen\Desktop\pysmell\subject_raw\django\django\tests\messages_tests\urls.py,67,2,,,0
django,1.8.2,C:\Users\Zhifei Chen\Desktop\pysmell\subject_raw\django\django\tests\model_fields\test_imagefield.py,98,2,,,0
django,1.8.2,C:\Users\Zhifei Chen\Desktop\pysmell\subject_raw\django\django\tests\model_fields\test_imagefield.py,338,2,,,0
django,1.8.2,C:\Users\Zhifei Chen\Desktop\pysmell\subject_raw\django\django\tests\model_forms\tests.py,448,2,,,0
django,1.8.2,C:\Users\Zhifei Chen\Desktop\pysmell\subject_raw\django\django\tests\model_formsets_regress\tests.py,393,2,,,0
django,1.8.2,C:\Users\Zhifei Chen\Desktop\pysmell\subject_raw\django\django\tests\model_inheritance\models.py,180,2,,,0
django,1.8.2,C:\Users\Zhifei Chen\Desktop\pysmell\subject_raw\django\django\tests\model_inheritance_regress\models.py,68,2,,,0
django,1.8.2,C:\Users\Zhifei Chen\Desktop\pysmell\subject_raw\django\django\tests\model_inheritance_regress\models.py,72,2,,,0
django,1.8.2,C:\Users\Zhifei Chen\Desktop\pysmell\subject_raw\django\django\tests\model_meta\models.py,137,2,,,0
django,1.8.2,C:\Users\Zhifei Chen\Desktop\pysmell\subject_raw\django\django\tests\proxy_models\tests.py,137,2,,,0
django,1.8.2,C:\Users\Zhifei Chen\Desktop\pysmell\subject_raw\django\django\tests\serializers\tests.py,307,2,,,0
django,1.8.2,C:\Users\Zhifei Chen\Desktop\pysmell\subject_raw\django\django\tests\serializers\tests.py,388,2,,,0
django,1.8.2,C:\Users\Zhifei Chen\Desktop\pysmell\subject_raw\django\django\tests\serializers\tests.py,709,2,,,0
django,1.8.2,C:\Users\Zhifei Chen\Desktop\pysmell\subject_raw\django\django\tests\sessions_tests\tests.py,320,2,,,0
django,1.8.2,C:\Users\Zhifei Chen\Desktop\pysmell\subject_raw\django\django\tests\sessions_tests\tests.py,421,2,,,0
django,1.8.2,C:\Users\Zhifei Chen\Desktop\pysmell\subject_raw\django\django\tests\sessions_tests\tests.py,648,2,,,0
django,1.8.2,C:\Users\Zhifei Chen\Desktop\pysmell\subject_raw\django\django\tests\staticfiles_tests\tests.py,127,2,,,0
django,1.8.2,C:\Users\Zhifei Chen\Desktop\pysmell\subject_raw\django\django\tests\staticfiles_tests\tests.py,272,2,,,0
django,1.8.2,C:\Users\Zhifei Chen\Desktop\pysmell\subject_raw\django\django\tests\staticfiles_tests\tests.py,309,2,,,0
django,1.8.2,C:\Users\Zhifei Chen\Desktop\pysmell\subject_raw\django\django\tests\staticfiles_tests\tests.py,338,2,,,0
django,1.8.2,C:\Users\Zhifei Chen\Desktop\pysmell\subject_raw\django\django\tests\staticfiles_tests\tests.py,797,2,,,0
django,1.8.2,C:\Users\Zhifei Chen\Desktop\pysmell\subject_raw\django\django\tests\staticfiles_tests\tests.py,825,2,,,0
django,1.8.2,C:\Users\Zhifei Chen\Desktop\pysmell\subject_raw\django\django\tests\staticfiles_tests\tests.py,837,2,,,0
django,1.8.2,C:\Users\Zhifei Chen\Desktop\pysmell\subject_raw\django\django\tests\staticfiles_tests\tests.py,849,2,,,0
django,1.8.2,C:\Users\Zhifei Chen\Desktop\pysmell\subject_raw\django\django\tests\staticfiles_tests\tests.py,927,2,,,0
django,1.8.2,C:\Users\Zhifei Chen\Desktop\pysmell\subject_raw\django\django\tests\test_client_regress\tests.py,220,2,,,0
django,1.8.2,C:\Users\Zhifei Chen\Desktop\pysmell\subject_raw\django\django\tests\test_client_regress\tests.py,844,2,,,0
django,1.8.2,C:\Users\Zhifei Chen\Desktop\pysmell\subject_raw\django\django\tests\test_client_regress\tests.py,865,2,,,0
django,1.8.2,C:\Users\Zhifei Chen\Desktop\pysmell\subject_raw\django\django\tests\test_client_regress\tests.py,911,2,,,0
django,1.8.2,C:\Users\Zhifei Chen\Desktop\pysmell\subject_raw\django\django\tests\test_client_regress\tests.py,979,2,,,0
django,1.8.2,C:\Users\Zhifei Chen\Desktop\pysmell\subject_raw\django\django\tests\test_client_regress\tests.py,1053,2,,,0
django,1.8.2,C:\Users\Zhifei Chen\Desktop\pysmell\subject_raw\django\django\tests\utils_tests\test_archive.py,63,2,,,0
django,1.8.2,C:\Users\Zhifei Chen\Desktop\pysmell\subject_raw\django\django\tests\utils_tests\test_archive.py,67,2,,,0
django,1.8.2,C:\Users\Zhifei Chen\Desktop\pysmell\subject_raw\django\django\tests\utils_tests\test_archive.py,71,2,,,0
django,1.8.2,C:\Users\Zhifei Chen\Desktop\pysmell\subject_raw\django\django\tests\utils_tests\test_archive.py,75,2,,,0
django,1.8.2,C:\Users\Zhifei Chen\Desktop\pysmell\subject_raw\django\django\tests\view_tests\tests\test_debug.py,51,2,,,0
