subject,tag,file,lineno,LMC,,,manual analysis
tornado,v4.2.0,C:\Users\Zhifei Chen\Desktop\pysmell\subject_raw\tornado\tornado\maint\test\redbot\red_test.py,78,3,,,0
tornado,v4.2.0,C:\Users\Zhifei Chen\Desktop\pysmell\subject_raw\tornado\tornado\tornado\options.py,214,3,,,0
tornado,v4.2.0,C:\Users\Zhifei Chen\Desktop\pysmell\subject_raw\tornado\tornado\tornado\web.py,896,3,,,0
tornado,v4.2.0,C:\Users\Zhifei Chen\Desktop\pysmell\subject_raw\tornado\tornado\tornado\web.py,1980,3,,,0
tornado,v4.2.0,C:\Users\Zhifei Chen\Desktop\pysmell\subject_raw\tornado\tornado\tornado\websocket.py,185,3,,,0
tornado,v4.2.0,C:\Users\Zhifei Chen\Desktop\pysmell\subject_raw\tornado\tornado\tornado\platform\twisted.py,124,3,,,0
tornado,v4.2.0,C:\Users\Zhifei Chen\Desktop\pysmell\subject_raw\tornado\tornado\tornado\platform\twisted.py,442,3,,,0
tornado,v4.2.0,C:\Users\Zhifei Chen\Desktop\pysmell\subject_raw\tornado\tornado\tornado\platform\twisted.py,550,3,,,0
tornado,v4.2.0,C:\Users\Zhifei Chen\Desktop\pysmell\subject_raw\tornado\tornado\tornado\test\gen_test.py,997,4,,,0
tornado,v4.2.0,C:\Users\Zhifei Chen\Desktop\pysmell\subject_raw\tornado\tornado\tornado\test\httpserver_test.py,957,3,,,0
tornado,v4.2.0,C:\Users\Zhifei Chen\Desktop\pysmell\subject_raw\tornado\tornado\tornado\test\simple_httpclient_test.py,515,4,,,0
scipy,v0.16.0b2,C:\Users\Zhifei Chen\Desktop\pysmell\subject_raw\scipy\scipy\benchmarks\benchmarks\sparse_linalg_lobpcg.py,70,3,,,0
scipy,v0.16.0b2,C:\Users\Zhifei Chen\Desktop\pysmell\subject_raw\scipy\scipy\doc\source\scipyoptdoc.py,82,4,,,0
scipy,v0.16.0b2,C:\Users\Zhifei Chen\Desktop\pysmell\subject_raw\scipy\scipy\scipy\io\harwell_boeing\hb.py,461,3,,,0
scipy,v0.16.0b2,C:\Users\Zhifei Chen\Desktop\pysmell\subject_raw\scipy\scipy\scipy\io\tests\test_idl.py,236,4,,,1
scipy,v0.16.0b2,C:\Users\Zhifei Chen\Desktop\pysmell\subject_raw\scipy\scipy\scipy\io\tests\test_idl.py,371,3,,,0
scipy,v0.16.0b2,C:\Users\Zhifei Chen\Desktop\pysmell\subject_raw\scipy\scipy\scipy\linalg\tests\test_matfuncs.py,619,3,,,0
scipy,v0.16.0b2,C:\Users\Zhifei Chen\Desktop\pysmell\subject_raw\scipy\scipy\scipy\odr\odrpack.py,835,3,,,0
scipy,v0.16.0b2,C:\Users\Zhifei Chen\Desktop\pysmell\subject_raw\scipy\scipy\scipy\optimize\nonlin.py,1409,3,,,0
scipy,v0.16.0b2,C:\Users\Zhifei Chen\Desktop\pysmell\subject_raw\scipy\scipy\scipy\sparse\bsr.py,216,3,,,0
scipy,v0.16.0b2,C:\Users\Zhifei Chen\Desktop\pysmell\subject_raw\scipy\scipy\scipy\sparse\coo.py,251,3,,,0
scipy,v0.16.0b2,C:\Users\Zhifei Chen\Desktop\pysmell\subject_raw\scipy\scipy\scipy\sparse\linalg\isolve\tests\demo_lgmres.py,14,3,,,0
scipy,v0.16.0b2,C:\Users\Zhifei Chen\Desktop\pysmell\subject_raw\scipy\scipy\scipy\sparse\tests\test_base.py,3953,3,,,0
scipy,v0.16.0b2,C:\Users\Zhifei Chen\Desktop\pysmell\subject_raw\scipy\scipy\scipy\weave\accelerate_tools.py,382,3,,,0
ansible,v1.9.2-0.1.rc1,C:\Users\Zhifei Chen\Desktop\pysmell\subject_raw\ansible\ansible\lib\ansible\callbacks.py,51,3,,,0
ansible,v1.9.2-0.1.rc1,C:\Users\Zhifei Chen\Desktop\pysmell\subject_raw\ansible\ansible\lib\ansible\playbook\play.py,744,3,,,0
ansible,v1.9.2-0.1.rc1,C:\Users\Zhifei Chen\Desktop\pysmell\subject_raw\ansible\ansible\lib\ansible\playbook\__init__.py,356,3,,,0
ansible,v1.9.2-0.1.rc1,C:\Users\Zhifei Chen\Desktop\pysmell\subject_raw\ansible\ansible\lib\ansible\runner\__init__.py,856,3,,,0
ansible,v1.9.2-0.1.rc1,C:\Users\Zhifei Chen\Desktop\pysmell\subject_raw\ansible\ansible\lib\ansible\runner\connection_plugins\accelerate.py,85,3,,,0
ansible,v1.9.2-0.1.rc1,C:\Users\Zhifei Chen\Desktop\pysmell\subject_raw\ansible\ansible\lib\ansible\utils\template.py,52,3,,,0
ansible,v1.9.2-0.1.rc1,C:\Users\Zhifei Chen\Desktop\pysmell\subject_raw\ansible\ansible\plugins\inventory\consul_io.py,190,3,,,0
ansible,v1.9.2-0.1.rc1,C:\Users\Zhifei Chen\Desktop\pysmell\subject_raw\ansible\ansible\test\integration\cleanup_rax.py,96,4,,,1
ansible,v1.9.2-0.1.rc1,C:\Users\Zhifei Chen\Desktop\pysmell\subject_raw\ansible\ansible\test\units\TestFilters.py,94,4,,,1
ansible,v1.9.2-0.1.rc1,C:\Users\Zhifei Chen\Desktop\pysmell\subject_raw\ansible\ansible\test\units\TestFilters.py,162,4,,,1
ansible,v1.9.2-0.1.rc1,C:\Users\Zhifei Chen\Desktop\pysmell\subject_raw\ansible\ansible\test\units\TestFilters.py,177,4,,,1
ansible,v1.9.2-0.1.rc1,C:\Users\Zhifei Chen\Desktop\pysmell\subject_raw\ansible\ansible\test\units\TestUtils.py,467,3,,,0
ansible,v1.9.2-0.1.rc1,C:\Users\Zhifei Chen\Desktop\pysmell\subject_raw\ansible\ansible\v2\ansible\inventory\__init__.py,106,3,,,0
ansible,v1.9.2-0.1.rc1,C:\Users\Zhifei Chen\Desktop\pysmell\subject_raw\ansible\ansible\v2\ansible\plugins\action\assemble.py,81,3,,,0
ansible,v1.9.2-0.1.rc1,C:\Users\Zhifei Chen\Desktop\pysmell\subject_raw\ansible\ansible\v2\ansible\plugins\action\copy.py,115,3,,,0
ansible,v1.9.2-0.1.rc1,C:\Users\Zhifei Chen\Desktop\pysmell\subject_raw\ansible\ansible\v2\ansible\plugins\action\group_by.py,33,3,,,0
ansible,v1.9.2-0.1.rc1,C:\Users\Zhifei Chen\Desktop\pysmell\subject_raw\ansible\ansible\v2\ansible\plugins\action\set_fact.py,31,3,,,0
ansible,v1.9.2-0.1.rc1,C:\Users\Zhifei Chen\Desktop\pysmell\subject_raw\ansible\ansible\v2\ansible\plugins\action\unarchive.py,91,3,,,0
ansible,v1.9.2-0.1.rc1,C:\Users\Zhifei Chen\Desktop\pysmell\subject_raw\ansible\ansible\v2\ansible\plugins\connections\paramiko_ssh.py,344,3,,,0
boto,2.38.0,C:\Users\Zhifei Chen\Desktop\pysmell\subject_raw\boto\boto\boto\utils.py,171,4,,,1
boto,2.38.0,C:\Users\Zhifei Chen\Desktop\pysmell\subject_raw\boto\boto\boto\cloudfront\distribution.py,497,3,,,0
boto,2.38.0,C:\Users\Zhifei Chen\Desktop\pysmell\subject_raw\boto\boto\boto\cloudsearch2\__init__.py,34,3,,,0
boto,2.38.0,C:\Users\Zhifei Chen\Desktop\pysmell\subject_raw\boto\boto\boto\dynamodb\__init__.py,35,3,,,0
boto,2.38.0,C:\Users\Zhifei Chen\Desktop\pysmell\subject_raw\boto\boto\boto\gs\acl.py,93,3,,,0
boto,2.38.0,C:\Users\Zhifei Chen\Desktop\pysmell\subject_raw\boto\boto\boto\gs\bucket.py,716,3,,,0
boto,2.38.0,C:\Users\Zhifei Chen\Desktop\pysmell\subject_raw\boto\boto\boto\gs\resumable_upload_handler.py,511,3,,,0
boto,2.38.0,C:\Users\Zhifei Chen\Desktop\pysmell\subject_raw\boto\boto\boto\mws\connection.py,110,3,,,0
boto,2.38.0,C:\Users\Zhifei Chen\Desktop\pysmell\subject_raw\boto\boto\boto\s3\bucket.py,897,3,,,0
boto,2.38.0,C:\Users\Zhifei Chen\Desktop\pysmell\subject_raw\boto\boto\boto\s3\bucket.py,1533,3,,,0
boto,2.38.0,C:\Users\Zhifei Chen\Desktop\pysmell\subject_raw\boto\boto\boto\s3\bucket.py,1803,3,,,0
boto,2.38.0,C:\Users\Zhifei Chen\Desktop\pysmell\subject_raw\boto\boto\boto\s3\key.py,295,3,,,0
boto,2.38.0,C:\Users\Zhifei Chen\Desktop\pysmell\subject_raw\boto\boto\boto\s3\key.py,878,3,,,0
boto,2.38.0,C:\Users\Zhifei Chen\Desktop\pysmell\subject_raw\boto\boto\boto\s3\key.py,1913,3,,,0
boto,2.38.0,C:\Users\Zhifei Chen\Desktop\pysmell\subject_raw\boto\boto\boto\sdb\queryresultset.py,79,3,,,0
boto,2.38.0,C:\Users\Zhifei Chen\Desktop\pysmell\subject_raw\boto\boto\docs\source\extensions\githublinks\__init__.py,46,4,,,1
boto,2.38.0,C:\Users\Zhifei Chen\Desktop\pysmell\subject_raw\boto\boto\tests\unit\__init__.py,63,3,,,0
boto,2.38.0,C:\Users\Zhifei Chen\Desktop\pysmell\subject_raw\boto\boto\tests\unit\cloudformation\test_stack.py,239,3,,,0
boto,2.38.0,C:\Users\Zhifei Chen\Desktop\pysmell\subject_raw\boto\boto\tests\unit\cloudsearch\test_document.py,47,3,,,0
boto,2.38.0,C:\Users\Zhifei Chen\Desktop\pysmell\subject_raw\boto\boto\tests\unit\cloudsearch2\test_document.py,98,3,,,0
boto,2.38.0,C:\Users\Zhifei Chen\Desktop\pysmell\subject_raw\boto\boto\tests\unit\ec2\test_address.py,34,4,,,1
boto,2.38.0,C:\Users\Zhifei Chen\Desktop\pysmell\subject_raw\boto\boto\tests\unit\ec2\test_connection.py,1042,3,,,0
boto,2.38.0,C:\Users\Zhifei Chen\Desktop\pysmell\subject_raw\boto\boto\tests\unit\ec2\test_volume.py,103,4,,,1
boto,2.38.0,C:\Users\Zhifei Chen\Desktop\pysmell\subject_raw\boto\boto\tests\unit\ec2\test_volume.py,198,4,,,1
boto,2.38.0,C:\Users\Zhifei Chen\Desktop\pysmell\subject_raw\boto\boto\tests\unit\glacier\test_concurrent.py,76,3,,,0
boto,2.38.0,C:\Users\Zhifei Chen\Desktop\pysmell\subject_raw\boto\boto\tests\unit\glacier\test_layer2.py,199,3,,,1
boto,2.38.0,C:\Users\Zhifei Chen\Desktop\pysmell\subject_raw\boto\boto\tests\unit\glacier\test_layer2.py,273,3,,,0
boto,2.38.0,C:\Users\Zhifei Chen\Desktop\pysmell\subject_raw\boto\boto\tests\unit\glacier\test_vault.py,160,3,,,0
boto,2.38.0,C:\Users\Zhifei Chen\Desktop\pysmell\subject_raw\boto\boto\tests\unit\route53\test_connection.py,719,3,,,0
boto,2.38.0,C:\Users\Zhifei Chen\Desktop\pysmell\subject_raw\boto\boto\tests\unit\s3\test_keyfile.py,111,3,,,0
boto,2.38.0,C:\Users\Zhifei Chen\Desktop\pysmell\subject_raw\boto\boto\tests\unit\sts\test_connection.py,179,3,,,0
boto,2.38.0,C:\Users\Zhifei Chen\Desktop\pysmell\subject_raw\boto\boto\tests\unit\swf\test_layer2_actors.py,70,4,,,1
boto,2.38.0,C:\Users\Zhifei Chen\Desktop\pysmell\subject_raw\boto\boto\tests\unit\swf\test_layer2_domain.py,76,4,,,1
boto,2.38.0,C:\Users\Zhifei Chen\Desktop\pysmell\subject_raw\boto\boto\tests\unit\vpc\test_networkacl.py,238,3,,,0
ipython,rel-3.1.0,C:\Users\Zhifei Chen\Desktop\pysmell\subject_raw\ipython\ipython\IPython\core\debugger.py,236,3,,,0
ipython,rel-3.1.0,C:\Users\Zhifei Chen\Desktop\pysmell\subject_raw\ipython\ipython\IPython\core\displayhook.py,139,3,,,0
ipython,rel-3.1.0,C:\Users\Zhifei Chen\Desktop\pysmell\subject_raw\ipython\ipython\IPython\core\history.py,815,3,,,0
ipython,rel-3.1.0,C:\Users\Zhifei Chen\Desktop\pysmell\subject_raw\ipython\ipython\IPython\core\interactiveshell.py,3240,3,,,0
ipython,rel-3.1.0,C:\Users\Zhifei Chen\Desktop\pysmell\subject_raw\ipython\ipython\IPython\core\magics\auto.py,61,3,,,0
ipython,rel-3.1.0,C:\Users\Zhifei Chen\Desktop\pysmell\subject_raw\ipython\ipython\IPython\core\magics\execution.py,996,3,,,0
ipython,rel-3.1.0,C:\Users\Zhifei Chen\Desktop\pysmell\subject_raw\ipython\ipython\IPython\core\magics\history.py,300,3,,,0
ipython,rel-3.1.0,C:\Users\Zhifei Chen\Desktop\pysmell\subject_raw\ipython\ipython\IPython\core\magics\osm.py,141,3,,,0
ipython,rel-3.1.0,C:\Users\Zhifei Chen\Desktop\pysmell\subject_raw\ipython\ipython\IPython\core\tests\test_interactiveshell.py,871,3,,,0
ipython,rel-3.1.0,C:\Users\Zhifei Chen\Desktop\pysmell\subject_raw\ipython\ipython\IPython\lib\demo.py,382,3,,,0
ipython,rel-3.1.0,C:\Users\Zhifei Chen\Desktop\pysmell\subject_raw\ipython\ipython\IPython\sphinxext\ipython_directive.py,880,4,,,1
ipython,rel-3.1.0,C:\Users\Zhifei Chen\Desktop\pysmell\subject_raw\ipython\ipython\IPython\terminal\tests\test_interactivshell.py,250,3,,,0
ipython,rel-3.1.0,C:\Users\Zhifei Chen\Desktop\pysmell\subject_raw\ipython\ipython\IPython\utils\_process_cli.py,45,3,,,0
ipython,rel-3.1.0,C:\Users\Zhifei Chen\Desktop\pysmell\subject_raw\ipython\ipython\IPython\utils\_process_win32_controller.py,107,3,,,0
ipython,rel-3.1.0,C:\Users\Zhifei Chen\Desktop\pysmell\subject_raw\ipython\ipython\IPython\utils\_process_win32_controller.py,148,3,,,0
numpy,v1.9.2,C:\Users\Zhifei Chen\Desktop\pysmell\subject_raw\numpy\numpy\numpy\core\tests\test_multiarray.py,65,3,,,0
numpy,v1.9.2,C:\Users\Zhifei Chen\Desktop\pysmell\subject_raw\numpy\numpy\numpy\core\tests\test_multiarray.py,137,3,,,0
numpy,v1.9.2,C:\Users\Zhifei Chen\Desktop\pysmell\subject_raw\numpy\numpy\numpy\core\tests\test_multiarray.py,3674,3,,,0
numpy,v1.9.2,C:\Users\Zhifei Chen\Desktop\pysmell\subject_raw\numpy\numpy\numpy\distutils\mingw32ccompiler.py,57,3,,,0
numpy,v1.9.2,C:\Users\Zhifei Chen\Desktop\pysmell\subject_raw\numpy\numpy\numpy\distutils\command\build_src.py,482,3,,,0
numpy,v1.9.2,C:\Users\Zhifei Chen\Desktop\pysmell\subject_raw\numpy\numpy\numpy\f2py\tests\test_array_from_pyobj.py,288,3,,,0
numpy,v1.9.2,C:\Users\Zhifei Chen\Desktop\pysmell\subject_raw\numpy\numpy\numpy\f2py\tests\test_mixed.py,24,3,,,0
numpy,v1.9.2,C:\Users\Zhifei Chen\Desktop\pysmell\subject_raw\numpy\numpy\numpy\lib\tests\test_io.py,174,3,,,0
numpy,v1.9.2,C:\Users\Zhifei Chen\Desktop\pysmell\subject_raw\numpy\numpy\numpy\linalg\tests\test_linalg.py,278,3,,,0
numpy,v1.9.2,C:\Users\Zhifei Chen\Desktop\pysmell\subject_raw\numpy\numpy\numpy\ma\tests\test_core.py,335,3,,,0
numpy,v1.9.2,C:\Users\Zhifei Chen\Desktop\pysmell\subject_raw\numpy\numpy\numpy\ma\tests\test_core.py,1354,3,,,0
numpy,v1.9.2,C:\Users\Zhifei Chen\Desktop\pysmell\subject_raw\numpy\numpy\numpy\testing\noseclasses.py,52,3,,,0
nltk,3.0.2,C:\Users\Zhifei Chen\Desktop\pysmell\subject_raw\nltk\nltk\nltk\downloader.py,1556,3,,,0
nltk,3.0.2,C:\Users\Zhifei Chen\Desktop\pysmell\subject_raw\nltk\nltk\nltk\classify\rte_classify.py,141,3,,,0
nltk,3.0.2,C:\Users\Zhifei Chen\Desktop\pysmell\subject_raw\nltk\nltk\nltk\parse\nonprojectivedependencyparser.py,634,3,,,0
nltk,3.0.2,C:\Users\Zhifei Chen\Desktop\pysmell\subject_raw\nltk\nltk\nltk\tag\hunpos.py,121,3,,,0
matplotlib,v1.4.3,C:\Users\Zhifei Chen\Desktop\pysmell\subject_raw\matplotlib\matplotlib\doc\sphinxext\github.py,77,4,,,1
matplotlib,v1.4.3,C:\Users\Zhifei Chen\Desktop\pysmell\subject_raw\matplotlib\matplotlib\examples\api\skewt.py,74,3,,,0
matplotlib,v1.4.3,C:\Users\Zhifei Chen\Desktop\pysmell\subject_raw\matplotlib\matplotlib\examples\event_handling\lasso_demo.py,64,3,,,0
matplotlib,v1.4.3,C:\Users\Zhifei Chen\Desktop\pysmell\subject_raw\matplotlib\matplotlib\examples\pylab_examples\agg_buffer_to_array.py,11,3,,,0
matplotlib,v1.4.3,C:\Users\Zhifei Chen\Desktop\pysmell\subject_raw\matplotlib\matplotlib\examples\user_interfaces\fourier_demo_wx.py,136,3,,,0
matplotlib,v1.4.3,C:\Users\Zhifei Chen\Desktop\pysmell\subject_raw\matplotlib\matplotlib\examples\widgets\menu.py,156,3,,,0
matplotlib,v1.4.3,C:\Users\Zhifei Chen\Desktop\pysmell\subject_raw\matplotlib\matplotlib\lib\matplotlib\animation.py,856,3,,,0
matplotlib,v1.4.3,C:\Users\Zhifei Chen\Desktop\pysmell\subject_raw\matplotlib\matplotlib\lib\matplotlib\axis.py,442,3,,,0
matplotlib,v1.4.3,C:\Users\Zhifei Chen\Desktop\pysmell\subject_raw\matplotlib\matplotlib\lib\matplotlib\axis.py,1624,3,,,0
matplotlib,v1.4.3,C:\Users\Zhifei Chen\Desktop\pysmell\subject_raw\matplotlib\matplotlib\lib\matplotlib\axis.py,2242,3,,,0
matplotlib,v1.4.3,C:\Users\Zhifei Chen\Desktop\pysmell\subject_raw\matplotlib\matplotlib\lib\matplotlib\axis.py,2295,3,,,0
matplotlib,v1.4.3,C:\Users\Zhifei Chen\Desktop\pysmell\subject_raw\matplotlib\matplotlib\lib\matplotlib\backend_bases.py,2532,3,,,0
matplotlib,v1.4.3,C:\Users\Zhifei Chen\Desktop\pysmell\subject_raw\matplotlib\matplotlib\lib\matplotlib\backend_bases.py,3222,3,,,0
matplotlib,v1.4.3,C:\Users\Zhifei Chen\Desktop\pysmell\subject_raw\matplotlib\matplotlib\lib\matplotlib\backend_tools.py,400,3,,,0
matplotlib,v1.4.3,C:\Users\Zhifei Chen\Desktop\pysmell\subject_raw\matplotlib\matplotlib\lib\matplotlib\backend_tools.py,618,3,,,0
matplotlib,v1.4.3,C:\Users\Zhifei Chen\Desktop\pysmell\subject_raw\matplotlib\matplotlib\lib\matplotlib\backend_tools.py,904,3,,,0
matplotlib,v1.4.3,C:\Users\Zhifei Chen\Desktop\pysmell\subject_raw\matplotlib\matplotlib\lib\matplotlib\blocking_input.py,259,3,,,0
matplotlib,v1.4.3,C:\Users\Zhifei Chen\Desktop\pysmell\subject_raw\matplotlib\matplotlib\lib\matplotlib\dates.py,714,3,,,0
matplotlib,v1.4.3,C:\Users\Zhifei Chen\Desktop\pysmell\subject_raw\matplotlib\matplotlib\lib\matplotlib\image.py,541,3,,,0
matplotlib,v1.4.3,C:\Users\Zhifei Chen\Desktop\pysmell\subject_raw\matplotlib\matplotlib\lib\matplotlib\image.py,913,3,,,0
matplotlib,v1.4.3,C:\Users\Zhifei Chen\Desktop\pysmell\subject_raw\matplotlib\matplotlib\lib\matplotlib\offsetbox.py,1220,3,,,0
matplotlib,v1.4.3,C:\Users\Zhifei Chen\Desktop\pysmell\subject_raw\matplotlib\matplotlib\lib\matplotlib\path.py,165,3,,,0
matplotlib,v1.4.3,C:\Users\Zhifei Chen\Desktop\pysmell\subject_raw\matplotlib\matplotlib\lib\matplotlib\pyplot.py,1219,3,,,0
matplotlib,v1.4.3,C:\Users\Zhifei Chen\Desktop\pysmell\subject_raw\matplotlib\matplotlib\lib\matplotlib\quiver.py,601,3,,,0
matplotlib,v1.4.3,C:\Users\Zhifei Chen\Desktop\pysmell\subject_raw\matplotlib\matplotlib\lib\matplotlib\ticker.py,1530,3,,,0
matplotlib,v1.4.3,C:\Users\Zhifei Chen\Desktop\pysmell\subject_raw\matplotlib\matplotlib\lib\matplotlib\widgets.py,894,3,,,0
matplotlib,v1.4.3,C:\Users\Zhifei Chen\Desktop\pysmell\subject_raw\matplotlib\matplotlib\lib\matplotlib\widgets.py,1186,3,,,0
matplotlib,v1.4.3,C:\Users\Zhifei Chen\Desktop\pysmell\subject_raw\matplotlib\matplotlib\lib\matplotlib\axes\_base.py,169,3,,,0
matplotlib,v1.4.3,C:\Users\Zhifei Chen\Desktop\pysmell\subject_raw\matplotlib\matplotlib\lib\matplotlib\axes\_base.py,856,3,,,0
matplotlib,v1.4.3,C:\Users\Zhifei Chen\Desktop\pysmell\subject_raw\matplotlib\matplotlib\lib\matplotlib\axes\_base.py,884,3,,,0
matplotlib,v1.4.3,C:\Users\Zhifei Chen\Desktop\pysmell\subject_raw\matplotlib\matplotlib\lib\matplotlib\backends\backend_gtk.py,593,3,,,0
matplotlib,v1.4.3,C:\Users\Zhifei Chen\Desktop\pysmell\subject_raw\matplotlib\matplotlib\lib\matplotlib\backends\backend_gtk3.py,749,3,,,0
matplotlib,v1.4.3,C:\Users\Zhifei Chen\Desktop\pysmell\subject_raw\matplotlib\matplotlib\lib\matplotlib\backends\backend_pdf.py,1551,3,,,0
matplotlib,v1.4.3,C:\Users\Zhifei Chen\Desktop\pysmell\subject_raw\matplotlib\matplotlib\lib\matplotlib\backends\backend_qt5.py,273,3,,,0
matplotlib,v1.4.3,C:\Users\Zhifei Chen\Desktop\pysmell\subject_raw\matplotlib\matplotlib\lib\matplotlib\backends\backend_qt5.py,687,4,,,1
matplotlib,v1.4.3,C:\Users\Zhifei Chen\Desktop\pysmell\subject_raw\matplotlib\matplotlib\lib\matplotlib\backends\backend_qt5.py,799,3,,,0
matplotlib,v1.4.3,C:\Users\Zhifei Chen\Desktop\pysmell\subject_raw\matplotlib\matplotlib\lib\matplotlib\backends\backend_tkagg.py,346,3,,,0
matplotlib,v1.4.3,C:\Users\Zhifei Chen\Desktop\pysmell\subject_raw\matplotlib\matplotlib\lib\matplotlib\backends\backend_tkagg.py,614,3,,,0
matplotlib,v1.4.3,C:\Users\Zhifei Chen\Desktop\pysmell\subject_raw\matplotlib\matplotlib\lib\matplotlib\backends\backend_tkagg.py,747,4,,,1
matplotlib,v1.4.3,C:\Users\Zhifei Chen\Desktop\pysmell\subject_raw\matplotlib\matplotlib\lib\matplotlib\backends\backend_webagg.py,138,3,,,0
matplotlib,v1.4.3,C:\Users\Zhifei Chen\Desktop\pysmell\subject_raw\matplotlib\matplotlib\lib\matplotlib\backends\backend_wx.py,1042,3,,,0
matplotlib,v1.4.3,C:\Users\Zhifei Chen\Desktop\pysmell\subject_raw\matplotlib\matplotlib\lib\matplotlib\backends\backend_wx.py,1155,3,,,0
matplotlib,v1.4.3,C:\Users\Zhifei Chen\Desktop\pysmell\subject_raw\matplotlib\matplotlib\lib\matplotlib\backends\backend_wx.py,1811,3,,,0
matplotlib,v1.4.3,C:\Users\Zhifei Chen\Desktop\pysmell\subject_raw\matplotlib\matplotlib\lib\matplotlib\backends\qt_editor\formsubplottool.py,230,3,,,0
matplotlib,v1.4.3,C:\Users\Zhifei Chen\Desktop\pysmell\subject_raw\matplotlib\matplotlib\lib\matplotlib\testing\decorators.py,75,3,,,0
matplotlib,v1.4.3,C:\Users\Zhifei Chen\Desktop\pysmell\subject_raw\matplotlib\matplotlib\lib\matplotlib\tests\test_axes.py,3362,3,,,0
matplotlib,v1.4.3,C:\Users\Zhifei Chen\Desktop\pysmell\subject_raw\matplotlib\matplotlib\lib\matplotlib\tests\test_coding_standards.py,124,3,,,0
matplotlib,v1.4.3,C:\Users\Zhifei Chen\Desktop\pysmell\subject_raw\matplotlib\matplotlib\lib\matplotlib\tests\test_skew.py,85,3,,,0
matplotlib,v1.4.3,C:\Users\Zhifei Chen\Desktop\pysmell\subject_raw\matplotlib\matplotlib\lib\matplotlib\tri\triplot.py,56,3,,,0
matplotlib,v1.4.3,C:\Users\Zhifei Chen\Desktop\pysmell\subject_raw\matplotlib\matplotlib\lib\mpl_toolkits\axes_grid1\inset_locator.py,56,3,,,0
matplotlib,v1.4.3,C:\Users\Zhifei Chen\Desktop\pysmell\subject_raw\matplotlib\matplotlib\lib\mpl_toolkits\axisartist\axislines.py,561,3,,,0
matplotlib,v1.4.3,C:\Users\Zhifei Chen\Desktop\pysmell\subject_raw\matplotlib\matplotlib\lib\mpl_toolkits\mplot3d\axes3d.py,615,3,,,0
matplotlib,v1.4.3,C:\Users\Zhifei Chen\Desktop\pysmell\subject_raw\matplotlib\matplotlib\lib\mpl_toolkits\mplot3d\axes3d.py,1068,3,,,0
matplotlib,v1.4.3,C:\Users\Zhifei Chen\Desktop\pysmell\subject_raw\matplotlib\matplotlib\lib\mpl_toolkits\mplot3d\axis3d.py,305,3,,,0
django,1.8.2,C:\Users\Zhifei Chen\Desktop\pysmell\subject_raw\django\django\django\contrib\admin\helpers.py,123,3,,,0
django,1.8.2,C:\Users\Zhifei Chen\Desktop\pysmell\subject_raw\django\django\django\contrib\admin\options.py,397,3,,,0
django,1.8.2,C:\Users\Zhifei Chen\Desktop\pysmell\subject_raw\django\django\django\contrib\admin\options.py,1748,3,,,0
django,1.8.2,C:\Users\Zhifei Chen\Desktop\pysmell\subject_raw\django\django\django\contrib\admin\templatetags\admin_list.py,276,4,,,0
django,1.8.2,C:\Users\Zhifei Chen\Desktop\pysmell\subject_raw\django\django\django\contrib\admindocs\utils.py,131,3,,,0
django,1.8.2,C:\Users\Zhifei Chen\Desktop\pysmell\subject_raw\django\django\django\contrib\auth\admin.py,131,3,,,0
django,1.8.2,C:\Users\Zhifei Chen\Desktop\pysmell\subject_raw\django\django\django\contrib\contenttypes\admin.py,27,3,,,0
django,1.8.2,C:\Users\Zhifei Chen\Desktop\pysmell\subject_raw\django\django\django\contrib\contenttypes\fields.py,352,4,,,1
django,1.8.2,C:\Users\Zhifei Chen\Desktop\pysmell\subject_raw\django\django\django\contrib\contenttypes\models.py,147,3,,,0
django,1.8.2,C:\Users\Zhifei Chen\Desktop\pysmell\subject_raw\django\django\django\contrib\gis\db\backends\base\features.py,78,3,,,0
django,1.8.2,C:\Users\Zhifei Chen\Desktop\pysmell\subject_raw\django\django\django\contrib\gis\db\backends\postgis\schema.py,16,3,,,0
django,1.8.2,C:\Users\Zhifei Chen\Desktop\pysmell\subject_raw\django\django\django\contrib\messages\storage\session.py,29,3,,,0
django,1.8.2,C:\Users\Zhifei Chen\Desktop\pysmell\subject_raw\django\django\django\contrib\sites\migrations\0002_alter_domain_unique.py,18,4,,,1
django,1.8.2,C:\Users\Zhifei Chen\Desktop\pysmell\subject_raw\django\django\django\core\serializers\base.py,167,3,,,0
django,1.8.2,C:\Users\Zhifei Chen\Desktop\pysmell\subject_raw\django\django\django\core\serializers\xml_serializer.py,237,4,,,1
django,1.8.2,C:\Users\Zhifei Chen\Desktop\pysmell\subject_raw\django\django\django\db\backends\base\creation.py,147,3,,,0
django,1.8.2,C:\Users\Zhifei Chen\Desktop\pysmell\subject_raw\django\django\django\db\backends\base\schema.py,160,3,,,0
django,1.8.2,C:\Users\Zhifei Chen\Desktop\pysmell\subject_raw\django\django\django\db\backends\base\schema.py,379,4,,,1
django,1.8.2,C:\Users\Zhifei Chen\Desktop\pysmell\subject_raw\django\django\django\db\backends\base\schema.py,598,3,,,0
django,1.8.2,C:\Users\Zhifei Chen\Desktop\pysmell\subject_raw\django\django\django\db\backends\base\schema.py,784,4,,,1
django,1.8.2,C:\Users\Zhifei Chen\Desktop\pysmell\subject_raw\django\django\django\db\backends\base\schema.py,906,3,,,0
django,1.8.2,C:\Users\Zhifei Chen\Desktop\pysmell\subject_raw\django\django\django\db\backends\oracle\schema.py,48,3,,,0
django,1.8.2,C:\Users\Zhifei Chen\Desktop\pysmell\subject_raw\django\django\django\db\backends\sqlite3\schema.py,219,4,,,1
django,1.8.2,C:\Users\Zhifei Chen\Desktop\pysmell\subject_raw\django\django\django\db\migrations\autodetector.py,181,4,,,1
django,1.8.2,C:\Users\Zhifei Chen\Desktop\pysmell\subject_raw\django\django\django\db\migrations\autodetector.py,661,4,,,1
django,1.8.2,C:\Users\Zhifei Chen\Desktop\pysmell\subject_raw\django\django\django\db\migrations\autodetector.py,858,4,,,1
django,1.8.2,C:\Users\Zhifei Chen\Desktop\pysmell\subject_raw\django\django\django\db\migrations\executor.py,202,3,,,0
django,1.8.2,C:\Users\Zhifei Chen\Desktop\pysmell\subject_raw\django\django\django\db\migrations\writer.py,424,3,,,0
django,1.8.2,C:\Users\Zhifei Chen\Desktop\pysmell\subject_raw\django\django\django\db\migrations\operations\special.py,125,3,,,0
django,1.8.2,C:\Users\Zhifei Chen\Desktop\pysmell\subject_raw\django\django\django\db\models\base.py,852,3,,,1
django,1.8.2,C:\Users\Zhifei Chen\Desktop\pysmell\subject_raw\django\django\django\db\models\deletion.py,26,3,,,0
django,1.8.2,C:\Users\Zhifei Chen\Desktop\pysmell\subject_raw\django\django\django\db\models\lookups.py,140,3,,,0
django,1.8.2,C:\Users\Zhifei Chen\Desktop\pysmell\subject_raw\django\django\django\db\models\options.py,160,3,,,0
django,1.8.2,C:\Users\Zhifei Chen\Desktop\pysmell\subject_raw\django\django\django\db\models\query.py,407,3,,,0
django,1.8.2,C:\Users\Zhifei Chen\Desktop\pysmell\subject_raw\django\django\django\db\models\query.py,1103,3,,,0
django,1.8.2,C:\Users\Zhifei Chen\Desktop\pysmell\subject_raw\django\django\django\db\models\fields\related.py,129,3,,,0
django,1.8.2,C:\Users\Zhifei Chen\Desktop\pysmell\subject_raw\django\django\django\db\models\fields\related.py,309,4,,,1
django,1.8.2,C:\Users\Zhifei Chen\Desktop\pysmell\subject_raw\django\django\django\db\models\fields\related.py,483,3,,,0
django,1.8.2,C:\Users\Zhifei Chen\Desktop\pysmell\subject_raw\django\django\django\db\models\fields\related.py,921,3,,,0
django,1.8.2,C:\Users\Zhifei Chen\Desktop\pysmell\subject_raw\django\django\django\db\models\fields\related.py,1141,3,,,0
django,1.8.2,C:\Users\Zhifei Chen\Desktop\pysmell\subject_raw\django\django\django\db\models\fields\related.py,1388,3,,,0
django,1.8.2,C:\Users\Zhifei Chen\Desktop\pysmell\subject_raw\django\django\django\db\models\fields\related.py,1774,3,,,0
django,1.8.2,C:\Users\Zhifei Chen\Desktop\pysmell\subject_raw\django\django\django\db\models\fields\related.py,2269,4,,,1
django,1.8.2,C:\Users\Zhifei Chen\Desktop\pysmell\subject_raw\django\django\django\db\models\fields\related.py,2489,4,,,1
django,1.8.2,C:\Users\Zhifei Chen\Desktop\pysmell\subject_raw\django\django\django\db\models\fields\__init__.py,345,3,,,0
django,1.8.2,C:\Users\Zhifei Chen\Desktop\pysmell\subject_raw\django\django\django\db\models\sql\compiler.py,209,3,,,0
django,1.8.2,C:\Users\Zhifei Chen\Desktop\pysmell\subject_raw\django\django\django\db\models\sql\compiler.py,513,3,,,0
django,1.8.2,C:\Users\Zhifei Chen\Desktop\pysmell\subject_raw\django\django\django\db\models\sql\compiler.py,921,3,,,0
django,1.8.2,C:\Users\Zhifei Chen\Desktop\pysmell\subject_raw\django\django\django\db\models\sql\compiler.py,1092,3,,,0
django,1.8.2,C:\Users\Zhifei Chen\Desktop\pysmell\subject_raw\django\django\django\db\models\sql\query.py,1500,3,,,0
django,1.8.2,C:\Users\Zhifei Chen\Desktop\pysmell\subject_raw\django\django\django\forms\forms.py,687,3,,,0
django,1.8.2,C:\Users\Zhifei Chen\Desktop\pysmell\subject_raw\django\django\django\forms\models.py,812,3,,,0
django,1.8.2,C:\Users\Zhifei Chen\Desktop\pysmell\subject_raw\django\django\django\forms\models.py,934,3,,,1
django,1.8.2,C:\Users\Zhifei Chen\Desktop\pysmell\subject_raw\django\django\django\templatetags\i18n.py,83,3,,,0
django,1.8.2,C:\Users\Zhifei Chen\Desktop\pysmell\subject_raw\django\django\django\views\generic\dates.py,379,3,,,0
django,1.8.2,C:\Users\Zhifei Chen\Desktop\pysmell\subject_raw\django\django\tests\admin_changelist\tests.py,72,3,,,0
django,1.8.2,C:\Users\Zhifei Chen\Desktop\pysmell\subject_raw\django\django\tests\admin_inlines\tests.py,503,3,,,0
django,1.8.2,C:\Users\Zhifei Chen\Desktop\pysmell\subject_raw\django\django\tests\admin_inlines\tests.py,625,3,,,0
django,1.8.2,C:\Users\Zhifei Chen\Desktop\pysmell\subject_raw\django\django\tests\admin_views\tests.py,539,4,,,1
django,1.8.2,C:\Users\Zhifei Chen\Desktop\pysmell\subject_raw\django\django\tests\admin_views\tests.py,4248,3,,,0
django,1.8.2,C:\Users\Zhifei Chen\Desktop\pysmell\subject_raw\django\django\tests\admin_widgets\tests.py,442,3,,,0
django,1.8.2,C:\Users\Zhifei Chen\Desktop\pysmell\subject_raw\django\django\tests\admin_widgets\tests.py,493,3,,,0
django,1.8.2,C:\Users\Zhifei Chen\Desktop\pysmell\subject_raw\django\django\tests\admin_widgets\tests.py,553,3,,,0
django,1.8.2,C:\Users\Zhifei Chen\Desktop\pysmell\subject_raw\django\django\tests\admin_widgets\tests.py,860,3,,,0
django,1.8.2,C:\Users\Zhifei Chen\Desktop\pysmell\subject_raw\django\django\tests\admin_widgets\tests.py,1088,3,,,0
django,1.8.2,C:\Users\Zhifei Chen\Desktop\pysmell\subject_raw\django\django\tests\admin_widgets\tests.py,1173,3,,,0
django,1.8.2,C:\Users\Zhifei Chen\Desktop\pysmell\subject_raw\django\django\tests\aggregation\tests.py,38,3,,,0
django,1.8.2,C:\Users\Zhifei Chen\Desktop\pysmell\subject_raw\django\django\tests\aggregation_regress\tests.py,37,3,,,0
django,1.8.2,C:\Users\Zhifei Chen\Desktop\pysmell\subject_raw\django\django\tests\aggregation_regress\tests.py,82,3,,,0
django,1.8.2,C:\Users\Zhifei Chen\Desktop\pysmell\subject_raw\django\django\tests\annotations\tests.py,57,3,,,0
django,1.8.2,C:\Users\Zhifei Chen\Desktop\pysmell\subject_raw\django\django\tests\auth_tests\test_auth_backends.py,80,3,,,0
django,1.8.2,C:\Users\Zhifei Chen\Desktop\pysmell\subject_raw\django\django\tests\auth_tests\test_decorators.py,63,3,,,0
django,1.8.2,C:\Users\Zhifei Chen\Desktop\pysmell\subject_raw\django\django\tests\auth_tests\test_management.py,499,3,,,0
django,1.8.2,C:\Users\Zhifei Chen\Desktop\pysmell\subject_raw\django\django\tests\auth_tests\test_management.py,556,3,,,0
django,1.8.2,C:\Users\Zhifei Chen\Desktop\pysmell\subject_raw\django\django\tests\auth_tests\test_middleware.py,49,3,,,0
django,1.8.2,C:\Users\Zhifei Chen\Desktop\pysmell\subject_raw\django\django\tests\backends\tests.py,145,3,,,0
django,1.8.2,C:\Users\Zhifei Chen\Desktop\pysmell\subject_raw\django\django\tests\backends\tests.py,599,3,,,0
django,1.8.2,C:\Users\Zhifei Chen\Desktop\pysmell\subject_raw\django\django\tests\backends\tests.py,842,3,,,0
django,1.8.2,C:\Users\Zhifei Chen\Desktop\pysmell\subject_raw\django\django\tests\backends\tests.py,1071,3,,,0
django,1.8.2,C:\Users\Zhifei Chen\Desktop\pysmell\subject_raw\django\django\tests\backends\tests.py,1169,3,,,0
django,1.8.2,C:\Users\Zhifei Chen\Desktop\pysmell\subject_raw\django\django\tests\createsuperuser\tests.py,28,3,,,0
django,1.8.2,C:\Users\Zhifei Chen\Desktop\pysmell\subject_raw\django\django\tests\custom_managers\tests.py,170,3,,,0
django,1.8.2,C:\Users\Zhifei Chen\Desktop\pysmell\subject_raw\django\django\tests\custom_managers\tests.py,264,3,,,0
django,1.8.2,C:\Users\Zhifei Chen\Desktop\pysmell\subject_raw\django\django\tests\custom_managers\tests.py,437,3,,,0
django,1.8.2,C:\Users\Zhifei Chen\Desktop\pysmell\subject_raw\django\django\tests\delete\tests.py,193,3,,,0
django,1.8.2,C:\Users\Zhifei Chen\Desktop\pysmell\subject_raw\django\django\tests\delete\tests.py,294,3,,,0
django,1.8.2,C:\Users\Zhifei Chen\Desktop\pysmell\subject_raw\django\django\tests\fixtures\models.py,61,3,,,0
django,1.8.2,C:\Users\Zhifei Chen\Desktop\pysmell\subject_raw\django\django\tests\flatpages_tests\test_templatetags.py,49,3,,,0
django,1.8.2,C:\Users\Zhifei Chen\Desktop\pysmell\subject_raw\django\django\tests\foreign_object\tests.py,200,3,,,0
django,1.8.2,C:\Users\Zhifei Chen\Desktop\pysmell\subject_raw\django\django\tests\foreign_object\tests.py,283,3,,,0
django,1.8.2,C:\Users\Zhifei Chen\Desktop\pysmell\subject_raw\django\django\tests\forms_tests\tests\test_forms.py,912,3,,,0
django,1.8.2,C:\Users\Zhifei Chen\Desktop\pysmell\subject_raw\django\django\tests\generic_relations\tests.py,55,3,,,0
django,1.8.2,C:\Users\Zhifei Chen\Desktop\pysmell\subject_raw\django\django\tests\generic_relations\tests.py,80,3,,,0
django,1.8.2,C:\Users\Zhifei Chen\Desktop\pysmell\subject_raw\django\django\tests\generic_views\test_detail.py,25,3,,,0
django,1.8.2,C:\Users\Zhifei Chen\Desktop\pysmell\subject_raw\django\django\tests\gis_tests\gdal_tests\test_raster.py,83,3,,,0
django,1.8.2,C:\Users\Zhifei Chen\Desktop\pysmell\subject_raw\django\django\tests\gis_tests\gdal_tests\test_raster.py,137,3,,,0
django,1.8.2,C:\Users\Zhifei Chen\Desktop\pysmell\subject_raw\django\django\tests\gis_tests\relatedapp\tests.py,238,3,,,0
django,1.8.2,C:\Users\Zhifei Chen\Desktop\pysmell\subject_raw\django\django\tests\m2m_recursive\tests.py,53,3,,,0
django,1.8.2,C:\Users\Zhifei Chen\Desktop\pysmell\subject_raw\django\django\tests\m2m_recursive\tests.py,128,3,,,0
django,1.8.2,C:\Users\Zhifei Chen\Desktop\pysmell\subject_raw\django\django\tests\m2m_recursive\tests.py,191,3,,,0
django,1.8.2,C:\Users\Zhifei Chen\Desktop\pysmell\subject_raw\django\django\tests\m2m_signals\tests.py,114,3,,,0
django,1.8.2,C:\Users\Zhifei Chen\Desktop\pysmell\subject_raw\django\django\tests\m2m_signals\tests.py,382,3,,,0
django,1.8.2,C:\Users\Zhifei Chen\Desktop\pysmell\subject_raw\django\django\tests\m2m_through\tests.py,103,3,,,0
django,1.8.2,C:\Users\Zhifei Chen\Desktop\pysmell\subject_raw\django\django\tests\m2m_through\tests.py,172,3,,,0
django,1.8.2,C:\Users\Zhifei Chen\Desktop\pysmell\subject_raw\django\django\tests\m2m_through_regress\tests.py,37,3,,,0
django,1.8.2,C:\Users\Zhifei Chen\Desktop\pysmell\subject_raw\django\django\tests\m2m_through_regress\tests.py,158,3,,,0
django,1.8.2,C:\Users\Zhifei Chen\Desktop\pysmell\subject_raw\django\django\tests\m2m_through_regress\tests.py,202,3,,,0
django,1.8.2,C:\Users\Zhifei Chen\Desktop\pysmell\subject_raw\django\django\tests\m2o_recursive\tests.py,21,3,,,0
django,1.8.2,C:\Users\Zhifei Chen\Desktop\pysmell\subject_raw\django\django\tests\many_to_many\tests.py,23,3,,,0
django,1.8.2,C:\Users\Zhifei Chen\Desktop\pysmell\subject_raw\django\django\tests\many_to_many\tests.py,328,3,,,0
django,1.8.2,C:\Users\Zhifei Chen\Desktop\pysmell\subject_raw\django\django\tests\many_to_many\tests.py,351,3,,,0
django,1.8.2,C:\Users\Zhifei Chen\Desktop\pysmell\subject_raw\django\django\tests\many_to_many\tests.py,370,3,,,0
django,1.8.2,C:\Users\Zhifei Chen\Desktop\pysmell\subject_raw\django\django\tests\many_to_many\tests.py,443,3,,,0
django,1.8.2,C:\Users\Zhifei Chen\Desktop\pysmell\subject_raw\django\django\tests\many_to_one\tests.py,62,3,,,0
django,1.8.2,C:\Users\Zhifei Chen\Desktop\pysmell\subject_raw\django\django\tests\many_to_one\tests.py,143,3,,,0
django,1.8.2,C:\Users\Zhifei Chen\Desktop\pysmell\subject_raw\django\django\tests\many_to_one\tests.py,409,3,,,0
django,1.8.2,C:\Users\Zhifei Chen\Desktop\pysmell\subject_raw\django\django\tests\many_to_one_null\tests.py,62,3,,,0
django,1.8.2,C:\Users\Zhifei Chen\Desktop\pysmell\subject_raw\django\django\tests\many_to_one_null\tests.py,88,3,,,0
django,1.8.2,C:\Users\Zhifei Chen\Desktop\pysmell\subject_raw\django\django\tests\middleware_exceptions\tests.py,135,4,,,1
django,1.8.2,C:\Users\Zhifei Chen\Desktop\pysmell\subject_raw\django\django\tests\migrations\test_executor.py,68,3,,,0
django,1.8.2,C:\Users\Zhifei Chen\Desktop\pysmell\subject_raw\django\django\tests\migrations\test_operations.py,641,4,,,1
django,1.8.2,C:\Users\Zhifei Chen\Desktop\pysmell\subject_raw\django\django\tests\model_fields\tests.py,571,3,,,0
django,1.8.2,C:\Users\Zhifei Chen\Desktop\pysmell\subject_raw\django\django\tests\model_fields\test_imagefield.py,355,3,,,0
django,1.8.2,C:\Users\Zhifei Chen\Desktop\pysmell\subject_raw\django\django\tests\model_inheritance_regress\tests.py,424,3,,,0
django,1.8.2,C:\Users\Zhifei Chen\Desktop\pysmell\subject_raw\django\django\tests\multiple_database\tests.py,187,4,,,1
django,1.8.2,C:\Users\Zhifei Chen\Desktop\pysmell\subject_raw\django\django\tests\multiple_database\tests.py,824,3,,,0
django,1.8.2,C:\Users\Zhifei Chen\Desktop\pysmell\subject_raw\django\django\tests\multiple_database\tests.py,1260,4,,,1
django,1.8.2,C:\Users\Zhifei Chen\Desktop\pysmell\subject_raw\django\django\tests\postgres_tests\test_unaccent.py,24,3,,,0
django,1.8.2,C:\Users\Zhifei Chen\Desktop\pysmell\subject_raw\django\django\tests\prefetch_related\tests.py,44,3,,,0
django,1.8.2,C:\Users\Zhifei Chen\Desktop\pysmell\subject_raw\django\django\tests\prefetch_related\tests.py,644,3,,,0
django,1.8.2,C:\Users\Zhifei Chen\Desktop\pysmell\subject_raw\django\django\tests\prefetch_related\tests.py,937,3,,,0
django,1.8.2,C:\Users\Zhifei Chen\Desktop\pysmell\subject_raw\django\django\tests\queries\tests.py,504,3,,,0
django,1.8.2,C:\Users\Zhifei Chen\Desktop\pysmell\subject_raw\django\django\tests\queryset_pickle\tests.py,72,3,,,0
django,1.8.2,C:\Users\Zhifei Chen\Desktop\pysmell\subject_raw\django\django\tests\select_related\tests.py,82,3,,,0
django,1.8.2,C:\Users\Zhifei Chen\Desktop\pysmell\subject_raw\django\django\tests\select_related_onetoone\tests.py,69,3,,,0
django,1.8.2,C:\Users\Zhifei Chen\Desktop\pysmell\subject_raw\django\django\tests\select_related_onetoone\tests.py,205,3,,,0
django,1.8.2,C:\Users\Zhifei Chen\Desktop\pysmell\subject_raw\django\django\tests\staticfiles_tests\tests.py,612,3,,,0
django,1.8.2,C:\Users\Zhifei Chen\Desktop\pysmell\subject_raw\django\django\tests\test_runner\tests.py,335,3,,,0
