subject,file,lineno,NOC,NOFF,NOO,experience-based,statistics-based,tuning machine
TextBlob,C:\Users\Zhifei Chen\Desktop\pysmell\subjects_for_metrics\TextBlob\tests\test_blob.py,106,27,1,6,0,0,0
TextBlob,C:\Users\Zhifei Chen\Desktop\pysmell\subjects_for_metrics\TextBlob\tests\test_classifiers.py,84,46,1,9,0,0,0
TextBlob,C:\Users\Zhifei Chen\Desktop\pysmell\subjects_for_metrics\TextBlob\tests\test_np_extractor.py,41,34,1,7,0,0,0
TextBlob,C:\Users\Zhifei Chen\Desktop\pysmell\subjects_for_metrics\TextBlob\tests\test_np_extractor.py,44,28,1,5,0,0,0
TextBlob,C:\Users\Zhifei Chen\Desktop\pysmell\subjects_for_metrics\TextBlob\textblob\base.py,64,43,1,8,0,0,0
TextBlob,C:\Users\Zhifei Chen\Desktop\pysmell\subjects_for_metrics\TextBlob\textblob\blob.py,194,51,1,8,0,0,0
TextBlob,C:\Users\Zhifei Chen\Desktop\pysmell\subjects_for_metrics\TextBlob\textblob\blob.py,204,25,1,5,0,0,0
TextBlob,C:\Users\Zhifei Chen\Desktop\pysmell\subjects_for_metrics\TextBlob\textblob\blob.py,236,27,1,5,0,0,0
TextBlob,C:\Users\Zhifei Chen\Desktop\pysmell\subjects_for_metrics\TextBlob\textblob\blob.py,253,81,2,15,1,0,0
TextBlob,C:\Users\Zhifei Chen\Desktop\pysmell\subjects_for_metrics\TextBlob\textblob\blob.py,259,27,1,5,0,0,0
TextBlob,C:\Users\Zhifei Chen\Desktop\pysmell\subjects_for_metrics\TextBlob\textblob\blob.py,263,27,1,5,0,0,0
TextBlob,C:\Users\Zhifei Chen\Desktop\pysmell\subjects_for_metrics\TextBlob\textblob\blob.py,267,33,1,5,0,0,0
TextBlob,C:\Users\Zhifei Chen\Desktop\pysmell\subjects_for_metrics\TextBlob\textblob\blob.py,271,31,1,5,0,0,0
TextBlob,C:\Users\Zhifei Chen\Desktop\pysmell\subjects_for_metrics\TextBlob\textblob\blob.py,275,31,1,5,0,0,0
TextBlob,C:\Users\Zhifei Chen\Desktop\pysmell\subjects_for_metrics\TextBlob\textblob\blob.py,430,87,2,17,1,0,0
TextBlob,C:\Users\Zhifei Chen\Desktop\pysmell\subjects_for_metrics\TextBlob\textblob\blob.py,446,119,2,24,1,0,1
TextBlob,C:\Users\Zhifei Chen\Desktop\pysmell\subjects_for_metrics\TextBlob\textblob\blob.py,457,37,1,6,0,0,0
TextBlob,C:\Users\Zhifei Chen\Desktop\pysmell\subjects_for_metrics\TextBlob\textblob\blob.py,479,67,1,21,1,0,0
TextBlob,C:\Users\Zhifei Chen\Desktop\pysmell\subjects_for_metrics\TextBlob\textblob\blob.py,541,31,1,7,0,0,0
TextBlob,C:\Users\Zhifei Chen\Desktop\pysmell\subjects_for_metrics\TextBlob\textblob\blob.py,616,41,1,5,0,0,0
TextBlob,C:\Users\Zhifei Chen\Desktop\pysmell\subjects_for_metrics\TextBlob\textblob\blob.py,621,42,1,5,0,0,0
TextBlob,C:\Users\Zhifei Chen\Desktop\pysmell\subjects_for_metrics\TextBlob\textblob\classifiers.py,62,38,1,7,0,0,0
TextBlob,C:\Users\Zhifei Chen\Desktop\pysmell\subjects_for_metrics\TextBlob\textblob\classifiers.py,67,73,1,9,0,0,0
TextBlob,C:\Users\Zhifei Chen\Desktop\pysmell\subjects_for_metrics\TextBlob\textblob\classifiers.py,70,39,1,6,0,0,0
TextBlob,C:\Users\Zhifei Chen\Desktop\pysmell\subjects_for_metrics\TextBlob\textblob\classifiers.py,83,70,1,10,0,0,0
TextBlob,C:\Users\Zhifei Chen\Desktop\pysmell\subjects_for_metrics\TextBlob\textblob\classifiers.py,93,47,1,8,0,0,0
TextBlob,C:\Users\Zhifei Chen\Desktop\pysmell\subjects_for_metrics\TextBlob\textblob\classifiers.py,192,54,1,11,0,0,0
TextBlob,C:\Users\Zhifei Chen\Desktop\pysmell\subjects_for_metrics\TextBlob\textblob\classifiers.py,252,49,1,10,0,0,0
TextBlob,C:\Users\Zhifei Chen\Desktop\pysmell\subjects_for_metrics\TextBlob\textblob\classifiers.py,263,54,1,11,0,0,0
TextBlob,C:\Users\Zhifei Chen\Desktop\pysmell\subjects_for_metrics\TextBlob\textblob\classifiers.py,415,49,1,7,0,0,0
TextBlob,C:\Users\Zhifei Chen\Desktop\pysmell\subjects_for_metrics\TextBlob\textblob\classifiers.py,417,50,1,7,0,0,0
TextBlob,C:\Users\Zhifei Chen\Desktop\pysmell\subjects_for_metrics\TextBlob\textblob\classifiers.py,454,49,1,6,0,0,0
TextBlob,C:\Users\Zhifei Chen\Desktop\pysmell\subjects_for_metrics\TextBlob\textblob\classifiers.py,458,50,1,6,0,0,0
TextBlob,C:\Users\Zhifei Chen\Desktop\pysmell\subjects_for_metrics\TextBlob\textblob\formats.py,68,19,1,3,0,0,0
TextBlob,C:\Users\Zhifei Chen\Desktop\pysmell\subjects_for_metrics\TextBlob\textblob\formats.py,118,39,1,10,0,0,0
TextBlob,C:\Users\Zhifei Chen\Desktop\pysmell\subjects_for_metrics\TextBlob\textblob\ordereddict.py,83,23,1,7,0,0,0
TextBlob,C:\Users\Zhifei Chen\Desktop\pysmell\subjects_for_metrics\TextBlob\textblob\tokenizers.py,43,103,3,16,1,1,1
TextBlob,C:\Users\Zhifei Chen\Desktop\pysmell\subjects_for_metrics\TextBlob\textblob\tokenizers.py,70,110,1,11,0,0,0
TextBlob,C:\Users\Zhifei Chen\Desktop\pysmell\subjects_for_metrics\TextBlob\textblob\translate.py,68,40,1,7,0,0,0
TextBlob,C:\Users\Zhifei Chen\Desktop\pysmell\subjects_for_metrics\TextBlob\textblob\utils.py,37,25,1,5,0,0,0
TextBlob,C:\Users\Zhifei Chen\Desktop\pysmell\subjects_for_metrics\TextBlob\textblob\_text.py,236,71,3,16,1,1,1
TextBlob,C:\Users\Zhifei Chen\Desktop\pysmell\subjects_for_metrics\TextBlob\textblob\_text.py,236,27,1,6,0,0,0
TextBlob,C:\Users\Zhifei Chen\Desktop\pysmell\subjects_for_metrics\TextBlob\textblob\_text.py,317,30,2,10,0,0,0
TextBlob,C:\Users\Zhifei Chen\Desktop\pysmell\subjects_for_metrics\TextBlob\textblob\_text.py,322,40,2,11,0,0,0
TextBlob,C:\Users\Zhifei Chen\Desktop\pysmell\subjects_for_metrics\TextBlob\textblob\_text.py,323,41,1,7,0,0,0
TextBlob,C:\Users\Zhifei Chen\Desktop\pysmell\subjects_for_metrics\TextBlob\textblob\_text.py,324,87,1,21,1,0,0
TextBlob,C:\Users\Zhifei Chen\Desktop\pysmell\subjects_for_metrics\TextBlob\textblob\_text.py,382,52,2,15,0,0,0
TextBlob,C:\Users\Zhifei Chen\Desktop\pysmell\subjects_for_metrics\TextBlob\textblob\_text.py,424,41,1,13,0,0,0
TextBlob,C:\Users\Zhifei Chen\Desktop\pysmell\subjects_for_metrics\TextBlob\textblob\_text.py,434,34,1,8,0,0,0
TextBlob,C:\Users\Zhifei Chen\Desktop\pysmell\subjects_for_metrics\TextBlob\textblob\_text.py,528,34,1,8,0,0,0
TextBlob,C:\Users\Zhifei Chen\Desktop\pysmell\subjects_for_metrics\TextBlob\textblob\_text.py,617,26,1,7,0,0,0
TextBlob,C:\Users\Zhifei Chen\Desktop\pysmell\subjects_for_metrics\TextBlob\textblob\_text.py,653,43,1,11,0,0,0
TextBlob,C:\Users\Zhifei Chen\Desktop\pysmell\subjects_for_metrics\TextBlob\textblob\_text.py,767,67,2,18,1,0,0
TextBlob,C:\Users\Zhifei Chen\Desktop\pysmell\subjects_for_metrics\TextBlob\textblob\_text.py,767,29,1,7,0,0,0
TextBlob,C:\Users\Zhifei Chen\Desktop\pysmell\subjects_for_metrics\TextBlob\textblob\_text.py,770,38,1,9,0,0,0
TextBlob,C:\Users\Zhifei Chen\Desktop\pysmell\subjects_for_metrics\TextBlob\textblob\_text.py,773,29,1,7,0,0,0
TextBlob,C:\Users\Zhifei Chen\Desktop\pysmell\subjects_for_metrics\TextBlob\textblob\_text.py,823,59,1,15,0,0,0
TextBlob,C:\Users\Zhifei Chen\Desktop\pysmell\subjects_for_metrics\TextBlob\textblob\_text.py,826,56,1,17,0,0,0
TextBlob,C:\Users\Zhifei Chen\Desktop\pysmell\subjects_for_metrics\TextBlob\textblob\_text.py,829,54,1,16,0,0,0
TextBlob,C:\Users\Zhifei Chen\Desktop\pysmell\subjects_for_metrics\TextBlob\textblob\_text.py,838,31,1,9,0,0,0
TextBlob,C:\Users\Zhifei Chen\Desktop\pysmell\subjects_for_metrics\TextBlob\textblob\_text.py,842,31,1,9,0,0,0
TextBlob,C:\Users\Zhifei Chen\Desktop\pysmell\subjects_for_metrics\TextBlob\textblob\_text.py,846,17,1,5,0,0,0
TextBlob,C:\Users\Zhifei Chen\Desktop\pysmell\subjects_for_metrics\TextBlob\textblob\_text.py,850,22,1,9,0,0,0
TextBlob,C:\Users\Zhifei Chen\Desktop\pysmell\subjects_for_metrics\TextBlob\textblob\_text.py,851,22,1,9,0,0,0
TextBlob,C:\Users\Zhifei Chen\Desktop\pysmell\subjects_for_metrics\TextBlob\textblob\_text.py,1013,66,1,16,1,0,0
TextBlob,C:\Users\Zhifei Chen\Desktop\pysmell\subjects_for_metrics\TextBlob\textblob\_text.py,1057,15,1,3,0,0,0
TextBlob,C:\Users\Zhifei Chen\Desktop\pysmell\subjects_for_metrics\TextBlob\textblob\_text.py,1058,49,1,9,0,0,0
TextBlob,C:\Users\Zhifei Chen\Desktop\pysmell\subjects_for_metrics\TextBlob\textblob\_text.py,1213,44,1,10,0,0,0
TextBlob,C:\Users\Zhifei Chen\Desktop\pysmell\subjects_for_metrics\TextBlob\textblob\_text.py,1230,55,1,13,0,0,0
TextBlob,C:\Users\Zhifei Chen\Desktop\pysmell\subjects_for_metrics\TextBlob\textblob\_text.py,1232,34,1,9,0,0,0
TextBlob,C:\Users\Zhifei Chen\Desktop\pysmell\subjects_for_metrics\TextBlob\textblob\_text.py,1242,15,1,6,0,0,0
TextBlob,C:\Users\Zhifei Chen\Desktop\pysmell\subjects_for_metrics\TextBlob\textblob\_text.py,1300,66,3,13,1,1,1
TextBlob,C:\Users\Zhifei Chen\Desktop\pysmell\subjects_for_metrics\TextBlob\textblob\_text.py,1300,52,2,10,0,0,0
TextBlob,C:\Users\Zhifei Chen\Desktop\pysmell\subjects_for_metrics\TextBlob\textblob\_text.py,1300,39,1,7,0,0,0
TextBlob,C:\Users\Zhifei Chen\Desktop\pysmell\subjects_for_metrics\TextBlob\textblob\_text.py,1301,53,2,12,0,0,0
TextBlob,C:\Users\Zhifei Chen\Desktop\pysmell\subjects_for_metrics\TextBlob\textblob\_text.py,1301,29,1,6,0,0,0
TextBlob,C:\Users\Zhifei Chen\Desktop\pysmell\subjects_for_metrics\TextBlob\textblob\_text.py,1315,122,3,23,1,1,1
TextBlob,C:\Users\Zhifei Chen\Desktop\pysmell\subjects_for_metrics\TextBlob\textblob\_text.py,1315,82,2,16,1,0,0
TextBlob,C:\Users\Zhifei Chen\Desktop\pysmell\subjects_for_metrics\TextBlob\textblob\_text.py,1315,51,1,10,0,0,0
TextBlob,C:\Users\Zhifei Chen\Desktop\pysmell\subjects_for_metrics\TextBlob\textblob\_text.py,1350,48,1,13,0,0,0
TextBlob,C:\Users\Zhifei Chen\Desktop\pysmell\subjects_for_metrics\TextBlob\textblob\_text.py,1361,38,1,17,0,0,0
TextBlob,C:\Users\Zhifei Chen\Desktop\pysmell\subjects_for_metrics\TextBlob\textblob\_text.py,1363,29,2,11,0,0,0
TextBlob,C:\Users\Zhifei Chen\Desktop\pysmell\subjects_for_metrics\TextBlob\textblob\_text.py,1364,52,2,23,0,0,0
TextBlob,C:\Users\Zhifei Chen\Desktop\pysmell\subjects_for_metrics\TextBlob\textblob\_text.py,1365,53,3,16,1,1,1
TextBlob,C:\Users\Zhifei Chen\Desktop\pysmell\subjects_for_metrics\TextBlob\textblob\_text.py,1366,50,2,15,0,0,0
TextBlob,C:\Users\Zhifei Chen\Desktop\pysmell\subjects_for_metrics\TextBlob\textblob\_text.py,1375,59,3,14,1,1,1
TextBlob,C:\Users\Zhifei Chen\Desktop\pysmell\subjects_for_metrics\TextBlob\textblob\_text.py,1380,25,2,6,0,0,0
TextBlob,C:\Users\Zhifei Chen\Desktop\pysmell\subjects_for_metrics\TextBlob\textblob\_text.py,1400,37,1,9,0,0,0
TextBlob,C:\Users\Zhifei Chen\Desktop\pysmell\subjects_for_metrics\TextBlob\textblob\_text.py,1401,26,1,5,0,0,0
TextBlob,C:\Users\Zhifei Chen\Desktop\pysmell\subjects_for_metrics\TextBlob\textblob\_text.py,1402,37,1,9,0,0,0
TextBlob,C:\Users\Zhifei Chen\Desktop\pysmell\subjects_for_metrics\TextBlob\textblob\_text.py,1404,41,1,9,0,0,0
TextBlob,C:\Users\Zhifei Chen\Desktop\pysmell\subjects_for_metrics\TextBlob\textblob\_text.py,1406,33,1,7,0,0,0
TextBlob,C:\Users\Zhifei Chen\Desktop\pysmell\subjects_for_metrics\TextBlob\textblob\en\np_extractors.py,21,130,2,22,1,0,1
TextBlob,C:\Users\Zhifei Chen\Desktop\pysmell\subjects_for_metrics\TextBlob\textblob\en\np_extractors.py,21,50,1,12,0,0,0
TextBlob,C:\Users\Zhifei Chen\Desktop\pysmell\subjects_for_metrics\TextBlob\textblob\en\np_extractors.py,33,28,1,5,0,0,0
TextBlob,C:\Users\Zhifei Chen\Desktop\pysmell\subjects_for_metrics\TextBlob\textblob\en\np_extractors.py,35,44,1,5,0,0,0
TextBlob,C:\Users\Zhifei Chen\Desktop\pysmell\subjects_for_metrics\TextBlob\textblob\en\np_extractors.py,36,70,1,13,1,0,0
TextBlob,C:\Users\Zhifei Chen\Desktop\pysmell\subjects_for_metrics\TextBlob\textblob\en\np_extractors.py,72,217,2,33,1,1,1
TextBlob,C:\Users\Zhifei Chen\Desktop\pysmell\subjects_for_metrics\TextBlob\textblob\en\np_extractors.py,77,36,1,5,0,0,0
TextBlob,C:\Users\Zhifei Chen\Desktop\pysmell\subjects_for_metrics\TextBlob\textblob\en\np_extractors.py,159,41,2,12,0,0,0
TextBlob,C:\Users\Zhifei Chen\Desktop\pysmell\subjects_for_metrics\TextBlob\textblob\en\np_extractors.py,203,35,1,9,0,0,0
TextBlob,C:\Users\Zhifei Chen\Desktop\pysmell\subjects_for_metrics\TextBlob\textblob\en\sentiments.py,37,27,1,5,0,0,0
TextBlob,C:\Users\Zhifei Chen\Desktop\pysmell\subjects_for_metrics\TextBlob\textblob\en\sentiments.py,64,91,1,14,1,0,0
TextBlob,C:\Users\Zhifei Chen\Desktop\pysmell\subjects_for_metrics\TextBlob\textblob\en\sentiments.py,66,91,1,14,1,0,0
TextBlob,C:\Users\Zhifei Chen\Desktop\pysmell\subjects_for_metrics\TextBlob\textblob\en\sentiments.py,78,36,2,10,0,0,0
TextBlob,C:\Users\Zhifei Chen\Desktop\pysmell\subjects_for_metrics\TextBlob\textblob\unicodecsv\__init__.py,99,51,1,7,0,0,0
TextBlob,C:\Users\Zhifei Chen\Desktop\pysmell\subjects_for_metrics\TextBlob\textblob\unicodecsv\__init__.py,111,92,2,13,1,0,0
TextBlob,C:\Users\Zhifei Chen\Desktop\pysmell\subjects_for_metrics\TextBlob\textblob\unicodecsv\__init__.py,183,45,1,7,0,0,0
TextBlob,C:\Users\Zhifei Chen\Desktop\pysmell\subjects_for_metrics\TextBlob\textblob\unicodecsv\__init__.py,189,91,1,14,1,0,0
