subject,file,lineno,CLOC,experience-based,statistics-based,tuning machine
TextBlob,C:\Users\Zhifei Chen\Desktop\pysmell\subjects_for_metrics\TextBlob\docs\_themes\flask_theme_support.py,7,64,1,1,1
TextBlob,C:\Users\Zhifei Chen\Desktop\pysmell\subjects_for_metrics\TextBlob\tests\test_blob.py,52,16,0,0,0
TextBlob,C:\Users\Zhifei Chen\Desktop\pysmell\subjects_for_metrics\TextBlob\tests\test_blob.py,136,13,0,0,0
TextBlob,C:\Users\Zhifei Chen\Desktop\pysmell\subjects_for_metrics\TextBlob\tests\test_blob.py,235,81,1,1,1
TextBlob,C:\Users\Zhifei Chen\Desktop\pysmell\subjects_for_metrics\TextBlob\tests\test_blob.py,829,20,0,0,0
TextBlob,C:\Users\Zhifei Chen\Desktop\pysmell\subjects_for_metrics\TextBlob\tests\test_blob.py,939,4,0,0,0
TextBlob,C:\Users\Zhifei Chen\Desktop\pysmell\subjects_for_metrics\TextBlob\tests\test_blob.py,955,10,0,0,0
TextBlob,C:\Users\Zhifei Chen\Desktop\pysmell\subjects_for_metrics\TextBlob\tests\test_classifiers.py,43,2,0,0,0
TextBlob,C:\Users\Zhifei Chen\Desktop\pysmell\subjects_for_metrics\TextBlob\tests\test_classifiers.py,48,3,0,0,0
TextBlob,C:\Users\Zhifei Chen\Desktop\pysmell\subjects_for_metrics\TextBlob\tests\test_classifiers.py,64,24,1,0,0
TextBlob,C:\Users\Zhifei Chen\Desktop\pysmell\subjects_for_metrics\TextBlob\tests\test_classifiers.py,156,4,0,0,0
TextBlob,C:\Users\Zhifei Chen\Desktop\pysmell\subjects_for_metrics\TextBlob\tests\test_classifiers.py,205,9,0,0,0
TextBlob,C:\Users\Zhifei Chen\Desktop\pysmell\subjects_for_metrics\TextBlob\tests\test_classifiers.py,244,6,0,0,0
TextBlob,C:\Users\Zhifei Chen\Desktop\pysmell\subjects_for_metrics\TextBlob\tests\test_classifiers.py,263,7,0,0,0
TextBlob,C:\Users\Zhifei Chen\Desktop\pysmell\subjects_for_metrics\TextBlob\tests\test_decorators.py,10,2,0,0,0
TextBlob,C:\Users\Zhifei Chen\Desktop\pysmell\subjects_for_metrics\TextBlob\tests\test_formats.py,14,5,0,0,0
TextBlob,C:\Users\Zhifei Chen\Desktop\pysmell\subjects_for_metrics\TextBlob\tests\test_formats.py,35,3,0,0,0
TextBlob,C:\Users\Zhifei Chen\Desktop\pysmell\subjects_for_metrics\TextBlob\tests\test_formats.py,48,3,0,0,0
TextBlob,C:\Users\Zhifei Chen\Desktop\pysmell\subjects_for_metrics\TextBlob\tests\test_formats.py,62,3,0,0,0
TextBlob,C:\Users\Zhifei Chen\Desktop\pysmell\subjects_for_metrics\TextBlob\tests\test_formats.py,77,4,0,0,0
TextBlob,C:\Users\Zhifei Chen\Desktop\pysmell\subjects_for_metrics\TextBlob\tests\test_formats.py,99,3,0,0,0
TextBlob,C:\Users\Zhifei Chen\Desktop\pysmell\subjects_for_metrics\TextBlob\tests\test_formats.py,110,3,0,0,0
TextBlob,C:\Users\Zhifei Chen\Desktop\pysmell\subjects_for_metrics\TextBlob\tests\test_np_extractor.py,13,5,0,0,0
TextBlob,C:\Users\Zhifei Chen\Desktop\pysmell\subjects_for_metrics\TextBlob\tests\test_np_extractor.py,48,2,0,0,0
TextBlob,C:\Users\Zhifei Chen\Desktop\pysmell\subjects_for_metrics\TextBlob\tests\test_parsers.py,9,3,0,0,0
TextBlob,C:\Users\Zhifei Chen\Desktop\pysmell\subjects_for_metrics\TextBlob\tests\test_sentiments.py,9,4,0,0,0
TextBlob,C:\Users\Zhifei Chen\Desktop\pysmell\subjects_for_metrics\TextBlob\tests\test_sentiments.py,28,4,0,0,0
TextBlob,C:\Users\Zhifei Chen\Desktop\pysmell\subjects_for_metrics\TextBlob\tests\test_taggers.py,15,4,0,0,0
TextBlob,C:\Users\Zhifei Chen\Desktop\pysmell\subjects_for_metrics\TextBlob\tests\test_taggers.py,35,6,0,0,0
TextBlob,C:\Users\Zhifei Chen\Desktop\pysmell\subjects_for_metrics\TextBlob\tests\test_taggers.py,56,2,0,0,0
TextBlob,C:\Users\Zhifei Chen\Desktop\pysmell\subjects_for_metrics\TextBlob\tests\test_tokenizers.py,17,7,0,0,0
TextBlob,C:\Users\Zhifei Chen\Desktop\pysmell\subjects_for_metrics\TextBlob\tests\test_tokenizers.py,47,6,0,0,0
TextBlob,C:\Users\Zhifei Chen\Desktop\pysmell\subjects_for_metrics\TextBlob\tests\test_translate.py,13,14,0,0,0
TextBlob,C:\Users\Zhifei Chen\Desktop\pysmell\subjects_for_metrics\TextBlob\tests\test_utils.py,13,5,0,0,0
TextBlob,C:\Users\Zhifei Chen\Desktop\pysmell\subjects_for_metrics\TextBlob\textblob\base.py,17,2,0,0,0
TextBlob,C:\Users\Zhifei Chen\Desktop\pysmell\subjects_for_metrics\TextBlob\textblob\base.py,31,2,0,0,0
TextBlob,C:\Users\Zhifei Chen\Desktop\pysmell\subjects_for_metrics\TextBlob\textblob\base.py,44,3,0,0,0
TextBlob,C:\Users\Zhifei Chen\Desktop\pysmell\subjects_for_metrics\TextBlob\textblob\base.py,72,5,0,0,0
TextBlob,C:\Users\Zhifei Chen\Desktop\pysmell\subjects_for_metrics\TextBlob\textblob\base.py,99,2,0,0,0
TextBlob,C:\Users\Zhifei Chen\Desktop\pysmell\subjects_for_metrics\TextBlob\textblob\blob.py,61,18,0,0,0
TextBlob,C:\Users\Zhifei Chen\Desktop\pysmell\subjects_for_metrics\TextBlob\textblob\blob.py,197,15,0,0,0
TextBlob,C:\Users\Zhifei Chen\Desktop\pysmell\subjects_for_metrics\TextBlob\textblob\blob.py,313,30,1,0,0
TextBlob,C:\Users\Zhifei Chen\Desktop\pysmell\subjects_for_metrics\TextBlob\textblob\blob.py,582,8,0,0,0
TextBlob,C:\Users\Zhifei Chen\Desktop\pysmell\subjects_for_metrics\TextBlob\textblob\blob.py,662,3,0,0,0
TextBlob,C:\Users\Zhifei Chen\Desktop\pysmell\subjects_for_metrics\TextBlob\textblob\blob.py,694,10,0,0,0
TextBlob,C:\Users\Zhifei Chen\Desktop\pysmell\subjects_for_metrics\TextBlob\textblob\classifiers.py,98,8,0,0,0
TextBlob,C:\Users\Zhifei Chen\Desktop\pysmell\subjects_for_metrics\TextBlob\textblob\classifiers.py,174,10,0,0,0
TextBlob,C:\Users\Zhifei Chen\Desktop\pysmell\subjects_for_metrics\TextBlob\textblob\classifiers.py,274,5,0,0,0
TextBlob,C:\Users\Zhifei Chen\Desktop\pysmell\subjects_for_metrics\TextBlob\textblob\classifiers.py,328,5,0,0,0
TextBlob,C:\Users\Zhifei Chen\Desktop\pysmell\subjects_for_metrics\TextBlob\textblob\classifiers.py,367,6,0,0,0
TextBlob,C:\Users\Zhifei Chen\Desktop\pysmell\subjects_for_metrics\TextBlob\textblob\classifiers.py,467,4,0,0,0
TextBlob,C:\Users\Zhifei Chen\Desktop\pysmell\subjects_for_metrics\TextBlob\textblob\compat.py,55,2,0,0,0
TextBlob,C:\Users\Zhifei Chen\Desktop\pysmell\subjects_for_metrics\TextBlob\textblob\decorators.py,9,3,0,0,0
TextBlob,C:\Users\Zhifei Chen\Desktop\pysmell\subjects_for_metrics\TextBlob\textblob\exceptions.py,14,2,0,0,0
TextBlob,C:\Users\Zhifei Chen\Desktop\pysmell\subjects_for_metrics\TextBlob\textblob\exceptions.py,20,2,0,0,0
TextBlob,C:\Users\Zhifei Chen\Desktop\pysmell\subjects_for_metrics\TextBlob\textblob\exceptions.py,30,2,0,0,0
TextBlob,C:\Users\Zhifei Chen\Desktop\pysmell\subjects_for_metrics\TextBlob\textblob\exceptions.py,34,2,0,0,0
TextBlob,C:\Users\Zhifei Chen\Desktop\pysmell\subjects_for_metrics\TextBlob\textblob\exceptions.py,38,2,0,0,0
TextBlob,C:\Users\Zhifei Chen\Desktop\pysmell\subjects_for_metrics\TextBlob\textblob\exceptions.py,44,2,0,0,0
TextBlob,C:\Users\Zhifei Chen\Desktop\pysmell\subjects_for_metrics\TextBlob\textblob\formats.py,30,4,0,0,0
TextBlob,C:\Users\Zhifei Chen\Desktop\pysmell\subjects_for_metrics\TextBlob\textblob\formats.py,56,5,0,0,0
TextBlob,C:\Users\Zhifei Chen\Desktop\pysmell\subjects_for_metrics\TextBlob\textblob\formats.py,84,2,0,0,0
TextBlob,C:\Users\Zhifei Chen\Desktop\pysmell\subjects_for_metrics\TextBlob\textblob\formats.py,94,2,0,0,0
TextBlob,C:\Users\Zhifei Chen\Desktop\pysmell\subjects_for_metrics\TextBlob\textblob\formats.py,100,4,0,0,0
TextBlob,C:\Users\Zhifei Chen\Desktop\pysmell\subjects_for_metrics\TextBlob\textblob\mixins.py,7,8,0,0,0
TextBlob,C:\Users\Zhifei Chen\Desktop\pysmell\subjects_for_metrics\TextBlob\textblob\mixins.py,38,2,0,0,0
TextBlob,C:\Users\Zhifei Chen\Desktop\pysmell\subjects_for_metrics\TextBlob\textblob\mixins.py,49,24,1,0,0
TextBlob,C:\Users\Zhifei Chen\Desktop\pysmell\subjects_for_metrics\TextBlob\textblob\ordereddict.py,28,23,1,0,0
TextBlob,C:\Users\Zhifei Chen\Desktop\pysmell\subjects_for_metrics\TextBlob\textblob\tokenizers.py,16,2,0,0,0
TextBlob,C:\Users\Zhifei Chen\Desktop\pysmell\subjects_for_metrics\TextBlob\textblob\tokenizers.py,47,2,0,0,0
TextBlob,C:\Users\Zhifei Chen\Desktop\pysmell\subjects_for_metrics\TextBlob\textblob\translate.py,16,9,0,0,0
TextBlob,C:\Users\Zhifei Chen\Desktop\pysmell\subjects_for_metrics\TextBlob\textblob\_text.py,73,17,0,0,0
TextBlob,C:\Users\Zhifei Chen\Desktop\pysmell\subjects_for_metrics\TextBlob\textblob\_text.py,118,12,0,0,0
TextBlob,C:\Users\Zhifei Chen\Desktop\pysmell\subjects_for_metrics\TextBlob\textblob\_text.py,368,5,0,0,0
TextBlob,C:\Users\Zhifei Chen\Desktop\pysmell\subjects_for_metrics\TextBlob\textblob\_text.py,398,2,0,0,0
TextBlob,C:\Users\Zhifei Chen\Desktop\pysmell\subjects_for_metrics\TextBlob\textblob\_text.py,408,8,0,0,0
TextBlob,C:\Users\Zhifei Chen\Desktop\pysmell\subjects_for_metrics\TextBlob\textblob\_text.py,486,8,0,0,0
TextBlob,C:\Users\Zhifei Chen\Desktop\pysmell\subjects_for_metrics\TextBlob\textblob\_text.py,594,7,0,0,0
TextBlob,C:\Users\Zhifei Chen\Desktop\pysmell\subjects_for_metrics\TextBlob\textblob\_text.py,691,3,0,0,0
TextBlob,C:\Users\Zhifei Chen\Desktop\pysmell\subjects_for_metrics\TextBlob\textblob\_text.py,701,10,0,0,0
TextBlob,C:\Users\Zhifei Chen\Desktop\pysmell\subjects_for_metrics\TextBlob\textblob\_text.py,1153,8,0,0,0
TextBlob,C:\Users\Zhifei Chen\Desktop\pysmell\subjects_for_metrics\TextBlob\textblob\_text.py,1289,3,0,0,0
TextBlob,C:\Users\Zhifei Chen\Desktop\pysmell\subjects_for_metrics\TextBlob\textblob\_text.py,1322,11,0,0,0
TextBlob,C:\Users\Zhifei Chen\Desktop\pysmell\subjects_for_metrics\TextBlob\textblob\en\np_extractors.py,13,4,0,0,0
TextBlob,C:\Users\Zhifei Chen\Desktop\pysmell\subjects_for_metrics\TextBlob\textblob\en\np_extractors.py,41,12,0,0,0
TextBlob,C:\Users\Zhifei Chen\Desktop\pysmell\subjects_for_metrics\TextBlob\textblob\en\np_extractors.py,87,11,0,0,0
TextBlob,C:\Users\Zhifei Chen\Desktop\pysmell\subjects_for_metrics\TextBlob\textblob\en\parsers.py,11,2,0,0,0
TextBlob,C:\Users\Zhifei Chen\Desktop\pysmell\subjects_for_metrics\TextBlob\textblob\en\sentiments.py,17,4,0,0,0
TextBlob,C:\Users\Zhifei Chen\Desktop\pysmell\subjects_for_metrics\TextBlob\textblob\en\sentiments.py,40,6,0,0,0
TextBlob,C:\Users\Zhifei Chen\Desktop\pysmell\subjects_for_metrics\TextBlob\textblob\en\taggers.py,13,2,0,0,0
TextBlob,C:\Users\Zhifei Chen\Desktop\pysmell\subjects_for_metrics\TextBlob\textblob\en\taggers.py,24,2,0,0,0
TextBlob,C:\Users\Zhifei Chen\Desktop\pysmell\subjects_for_metrics\TextBlob\textblob\en\__init__.py,39,3,0,0,0
TextBlob,C:\Users\Zhifei Chen\Desktop\pysmell\subjects_for_metrics\TextBlob\textblob\en\__init__.py,51,2,0,0,0
TextBlob,C:\Users\Zhifei Chen\Desktop\pysmell\subjects_for_metrics\TextBlob\textblob\unicodecsv\__init__.py,61,5,0,0,0
TextBlob,C:\Users\Zhifei Chen\Desktop\pysmell\subjects_for_metrics\TextBlob\textblob\unicodecsv\__init__.py,94,6,0,0,0
TextBlob,C:\Users\Zhifei Chen\Desktop\pysmell\subjects_for_metrics\TextBlob\textblob\unicodecsv\__init__.py,126,3,0,0,0
TextBlob,C:\Users\Zhifei Chen\Desktop\pysmell\subjects_for_metrics\TextBlob\textblob\unicodecsv\__init__.py,154,3,0,0,0
