subject,file,lineno,NBC,experience-based,statistics-based,tuning machine
TextBlob,C:\Users\Zhifei Chen\Desktop\pysmell\subjects_for_metrics\TextBlob\docs\_themes\flask_theme_support.py,7,1,0,0,0
TextBlob,C:\Users\Zhifei Chen\Desktop\pysmell\subjects_for_metrics\TextBlob\tests\test_blob.py,52,1,0,0,0
TextBlob,C:\Users\Zhifei Chen\Desktop\pysmell\subjects_for_metrics\TextBlob\tests\test_blob.py,136,1,0,0,0
TextBlob,C:\Users\Zhifei Chen\Desktop\pysmell\subjects_for_metrics\TextBlob\tests\test_blob.py,235,1,0,0,0
TextBlob,C:\Users\Zhifei Chen\Desktop\pysmell\subjects_for_metrics\TextBlob\tests\test_blob.py,829,1,0,0,0
TextBlob,C:\Users\Zhifei Chen\Desktop\pysmell\subjects_for_metrics\TextBlob\tests\test_blob.py,939,1,0,0,0
TextBlob,C:\Users\Zhifei Chen\Desktop\pysmell\subjects_for_metrics\TextBlob\tests\test_blob.py,955,1,0,0,0
TextBlob,C:\Users\Zhifei Chen\Desktop\pysmell\subjects_for_metrics\TextBlob\tests\test_classifiers.py,43,1,0,0,0
TextBlob,C:\Users\Zhifei Chen\Desktop\pysmell\subjects_for_metrics\TextBlob\tests\test_classifiers.py,48,1,0,0,0
TextBlob,C:\Users\Zhifei Chen\Desktop\pysmell\subjects_for_metrics\TextBlob\tests\test_classifiers.py,64,1,0,0,0
TextBlob,C:\Users\Zhifei Chen\Desktop\pysmell\subjects_for_metrics\TextBlob\tests\test_classifiers.py,156,1,0,0,0
TextBlob,C:\Users\Zhifei Chen\Desktop\pysmell\subjects_for_metrics\TextBlob\tests\test_classifiers.py,205,1,0,0,0
TextBlob,C:\Users\Zhifei Chen\Desktop\pysmell\subjects_for_metrics\TextBlob\tests\test_classifiers.py,244,1,0,0,0
TextBlob,C:\Users\Zhifei Chen\Desktop\pysmell\subjects_for_metrics\TextBlob\tests\test_classifiers.py,263,1,0,0,0
TextBlob,C:\Users\Zhifei Chen\Desktop\pysmell\subjects_for_metrics\TextBlob\tests\test_decorators.py,10,1,0,0,0
TextBlob,C:\Users\Zhifei Chen\Desktop\pysmell\subjects_for_metrics\TextBlob\tests\test_formats.py,14,1,0,0,0
TextBlob,C:\Users\Zhifei Chen\Desktop\pysmell\subjects_for_metrics\TextBlob\tests\test_formats.py,35,1,0,0,0
TextBlob,C:\Users\Zhifei Chen\Desktop\pysmell\subjects_for_metrics\TextBlob\tests\test_formats.py,48,1,0,0,0
TextBlob,C:\Users\Zhifei Chen\Desktop\pysmell\subjects_for_metrics\TextBlob\tests\test_formats.py,62,1,0,0,0
TextBlob,C:\Users\Zhifei Chen\Desktop\pysmell\subjects_for_metrics\TextBlob\tests\test_formats.py,77,1,0,0,0
TextBlob,C:\Users\Zhifei Chen\Desktop\pysmell\subjects_for_metrics\TextBlob\tests\test_formats.py,99,1,0,0,0
TextBlob,C:\Users\Zhifei Chen\Desktop\pysmell\subjects_for_metrics\TextBlob\tests\test_formats.py,110,1,0,0,0
TextBlob,C:\Users\Zhifei Chen\Desktop\pysmell\subjects_for_metrics\TextBlob\tests\test_np_extractor.py,13,1,0,0,0
TextBlob,C:\Users\Zhifei Chen\Desktop\pysmell\subjects_for_metrics\TextBlob\tests\test_np_extractor.py,48,1,0,0,0
TextBlob,C:\Users\Zhifei Chen\Desktop\pysmell\subjects_for_metrics\TextBlob\tests\test_parsers.py,9,1,0,0,0
TextBlob,C:\Users\Zhifei Chen\Desktop\pysmell\subjects_for_metrics\TextBlob\tests\test_sentiments.py,9,1,0,0,0
TextBlob,C:\Users\Zhifei Chen\Desktop\pysmell\subjects_for_metrics\TextBlob\tests\test_sentiments.py,28,1,0,0,0
TextBlob,C:\Users\Zhifei Chen\Desktop\pysmell\subjects_for_metrics\TextBlob\tests\test_taggers.py,15,1,0,0,0
TextBlob,C:\Users\Zhifei Chen\Desktop\pysmell\subjects_for_metrics\TextBlob\tests\test_taggers.py,35,1,0,0,0
TextBlob,C:\Users\Zhifei Chen\Desktop\pysmell\subjects_for_metrics\TextBlob\tests\test_taggers.py,56,1,0,0,0
TextBlob,C:\Users\Zhifei Chen\Desktop\pysmell\subjects_for_metrics\TextBlob\tests\test_tokenizers.py,17,1,0,0,0
TextBlob,C:\Users\Zhifei Chen\Desktop\pysmell\subjects_for_metrics\TextBlob\tests\test_tokenizers.py,47,1,0,0,0
TextBlob,C:\Users\Zhifei Chen\Desktop\pysmell\subjects_for_metrics\TextBlob\tests\test_translate.py,13,1,0,0,0
TextBlob,C:\Users\Zhifei Chen\Desktop\pysmell\subjects_for_metrics\TextBlob\tests\test_utils.py,13,1,0,0,0
TextBlob,C:\Users\Zhifei Chen\Desktop\pysmell\subjects_for_metrics\TextBlob\textblob\base.py,17,1,0,0,0
TextBlob,C:\Users\Zhifei Chen\Desktop\pysmell\subjects_for_metrics\TextBlob\textblob\base.py,31,1,0,0,0
TextBlob,C:\Users\Zhifei Chen\Desktop\pysmell\subjects_for_metrics\TextBlob\textblob\base.py,44,2,0,1,0
TextBlob,C:\Users\Zhifei Chen\Desktop\pysmell\subjects_for_metrics\TextBlob\textblob\base.py,72,1,0,0,0
TextBlob,C:\Users\Zhifei Chen\Desktop\pysmell\subjects_for_metrics\TextBlob\textblob\base.py,99,1,0,0,0
TextBlob,C:\Users\Zhifei Chen\Desktop\pysmell\subjects_for_metrics\TextBlob\textblob\blob.py,61,1,0,0,0
TextBlob,C:\Users\Zhifei Chen\Desktop\pysmell\subjects_for_metrics\TextBlob\textblob\blob.py,197,1,0,0,0
TextBlob,C:\Users\Zhifei Chen\Desktop\pysmell\subjects_for_metrics\TextBlob\textblob\blob.py,313,2,0,1,0
TextBlob,C:\Users\Zhifei Chen\Desktop\pysmell\subjects_for_metrics\TextBlob\textblob\blob.py,582,1,0,0,0
TextBlob,C:\Users\Zhifei Chen\Desktop\pysmell\subjects_for_metrics\TextBlob\textblob\blob.py,662,1,0,0,0
TextBlob,C:\Users\Zhifei Chen\Desktop\pysmell\subjects_for_metrics\TextBlob\textblob\blob.py,694,1,0,0,0
TextBlob,C:\Users\Zhifei Chen\Desktop\pysmell\subjects_for_metrics\TextBlob\textblob\classifiers.py,98,1,0,0,0
TextBlob,C:\Users\Zhifei Chen\Desktop\pysmell\subjects_for_metrics\TextBlob\textblob\classifiers.py,174,1,0,0,0
TextBlob,C:\Users\Zhifei Chen\Desktop\pysmell\subjects_for_metrics\TextBlob\textblob\classifiers.py,274,1,0,0,0
TextBlob,C:\Users\Zhifei Chen\Desktop\pysmell\subjects_for_metrics\TextBlob\textblob\classifiers.py,328,1,0,0,0
TextBlob,C:\Users\Zhifei Chen\Desktop\pysmell\subjects_for_metrics\TextBlob\textblob\classifiers.py,367,1,0,0,0
TextBlob,C:\Users\Zhifei Chen\Desktop\pysmell\subjects_for_metrics\TextBlob\textblob\classifiers.py,467,1,0,0,0
TextBlob,C:\Users\Zhifei Chen\Desktop\pysmell\subjects_for_metrics\TextBlob\textblob\compat.py,55,1,0,0,0
TextBlob,C:\Users\Zhifei Chen\Desktop\pysmell\subjects_for_metrics\TextBlob\textblob\decorators.py,9,1,0,0,0
TextBlob,C:\Users\Zhifei Chen\Desktop\pysmell\subjects_for_metrics\TextBlob\textblob\exceptions.py,14,1,0,0,0
TextBlob,C:\Users\Zhifei Chen\Desktop\pysmell\subjects_for_metrics\TextBlob\textblob\exceptions.py,20,1,0,0,0
TextBlob,C:\Users\Zhifei Chen\Desktop\pysmell\subjects_for_metrics\TextBlob\textblob\exceptions.py,30,1,0,0,0
TextBlob,C:\Users\Zhifei Chen\Desktop\pysmell\subjects_for_metrics\TextBlob\textblob\exceptions.py,34,1,0,0,0
TextBlob,C:\Users\Zhifei Chen\Desktop\pysmell\subjects_for_metrics\TextBlob\textblob\exceptions.py,38,1,0,0,0
TextBlob,C:\Users\Zhifei Chen\Desktop\pysmell\subjects_for_metrics\TextBlob\textblob\exceptions.py,44,1,0,0,0
TextBlob,C:\Users\Zhifei Chen\Desktop\pysmell\subjects_for_metrics\TextBlob\textblob\formats.py,30,1,0,0,0
TextBlob,C:\Users\Zhifei Chen\Desktop\pysmell\subjects_for_metrics\TextBlob\textblob\formats.py,56,1,0,0,0
TextBlob,C:\Users\Zhifei Chen\Desktop\pysmell\subjects_for_metrics\TextBlob\textblob\formats.py,84,1,0,0,0
TextBlob,C:\Users\Zhifei Chen\Desktop\pysmell\subjects_for_metrics\TextBlob\textblob\formats.py,94,1,0,0,0
TextBlob,C:\Users\Zhifei Chen\Desktop\pysmell\subjects_for_metrics\TextBlob\textblob\formats.py,100,1,0,0,0
TextBlob,C:\Users\Zhifei Chen\Desktop\pysmell\subjects_for_metrics\TextBlob\textblob\mixins.py,7,1,0,0,0
TextBlob,C:\Users\Zhifei Chen\Desktop\pysmell\subjects_for_metrics\TextBlob\textblob\mixins.py,38,1,0,0,0
TextBlob,C:\Users\Zhifei Chen\Desktop\pysmell\subjects_for_metrics\TextBlob\textblob\mixins.py,49,1,0,0,0
TextBlob,C:\Users\Zhifei Chen\Desktop\pysmell\subjects_for_metrics\TextBlob\textblob\ordereddict.py,28,2,0,1,0
TextBlob,C:\Users\Zhifei Chen\Desktop\pysmell\subjects_for_metrics\TextBlob\textblob\tokenizers.py,16,1,0,0,0
TextBlob,C:\Users\Zhifei Chen\Desktop\pysmell\subjects_for_metrics\TextBlob\textblob\tokenizers.py,47,1,0,0,0
TextBlob,C:\Users\Zhifei Chen\Desktop\pysmell\subjects_for_metrics\TextBlob\textblob\translate.py,16,1,0,0,0
TextBlob,C:\Users\Zhifei Chen\Desktop\pysmell\subjects_for_metrics\TextBlob\textblob\_text.py,73,1,0,0,0
TextBlob,C:\Users\Zhifei Chen\Desktop\pysmell\subjects_for_metrics\TextBlob\textblob\_text.py,118,1,0,0,0
TextBlob,C:\Users\Zhifei Chen\Desktop\pysmell\subjects_for_metrics\TextBlob\textblob\_text.py,368,1,0,0,0
TextBlob,C:\Users\Zhifei Chen\Desktop\pysmell\subjects_for_metrics\TextBlob\textblob\_text.py,408,2,0,1,0
TextBlob,C:\Users\Zhifei Chen\Desktop\pysmell\subjects_for_metrics\TextBlob\textblob\_text.py,486,2,0,1,0
TextBlob,C:\Users\Zhifei Chen\Desktop\pysmell\subjects_for_metrics\TextBlob\textblob\_text.py,594,2,0,1,0
TextBlob,C:\Users\Zhifei Chen\Desktop\pysmell\subjects_for_metrics\TextBlob\textblob\_text.py,691,1,0,0,0
TextBlob,C:\Users\Zhifei Chen\Desktop\pysmell\subjects_for_metrics\TextBlob\textblob\_text.py,701,1,0,0,0
TextBlob,C:\Users\Zhifei Chen\Desktop\pysmell\subjects_for_metrics\TextBlob\textblob\_text.py,1289,1,0,0,0
TextBlob,C:\Users\Zhifei Chen\Desktop\pysmell\subjects_for_metrics\TextBlob\textblob\_text.py,1322,1,0,0,0
TextBlob,C:\Users\Zhifei Chen\Desktop\pysmell\subjects_for_metrics\TextBlob\textblob\en\np_extractors.py,13,1,0,0,0
TextBlob,C:\Users\Zhifei Chen\Desktop\pysmell\subjects_for_metrics\TextBlob\textblob\en\np_extractors.py,41,1,0,0,0
TextBlob,C:\Users\Zhifei Chen\Desktop\pysmell\subjects_for_metrics\TextBlob\textblob\en\np_extractors.py,87,1,0,0,0
TextBlob,C:\Users\Zhifei Chen\Desktop\pysmell\subjects_for_metrics\TextBlob\textblob\en\parsers.py,11,1,0,0,0
TextBlob,C:\Users\Zhifei Chen\Desktop\pysmell\subjects_for_metrics\TextBlob\textblob\en\sentiments.py,17,1,0,0,0
TextBlob,C:\Users\Zhifei Chen\Desktop\pysmell\subjects_for_metrics\TextBlob\textblob\en\sentiments.py,40,1,0,0,0
TextBlob,C:\Users\Zhifei Chen\Desktop\pysmell\subjects_for_metrics\TextBlob\textblob\en\taggers.py,13,1,0,0,0
TextBlob,C:\Users\Zhifei Chen\Desktop\pysmell\subjects_for_metrics\TextBlob\textblob\en\taggers.py,24,1,0,0,0
TextBlob,C:\Users\Zhifei Chen\Desktop\pysmell\subjects_for_metrics\TextBlob\textblob\en\__init__.py,39,1,0,0,0
TextBlob,C:\Users\Zhifei Chen\Desktop\pysmell\subjects_for_metrics\TextBlob\textblob\en\__init__.py,51,1,0,0,0
TextBlob,C:\Users\Zhifei Chen\Desktop\pysmell\subjects_for_metrics\TextBlob\textblob\unicodecsv\__init__.py,61,1,0,0,0
TextBlob,C:\Users\Zhifei Chen\Desktop\pysmell\subjects_for_metrics\TextBlob\textblob\unicodecsv\__init__.py,94,1,0,0,0
TextBlob,C:\Users\Zhifei Chen\Desktop\pysmell\subjects_for_metrics\TextBlob\textblob\unicodecsv\__init__.py,126,1,0,0,0
TextBlob,C:\Users\Zhifei Chen\Desktop\pysmell\subjects_for_metrics\TextBlob\textblob\unicodecsv\__init__.py,154,1,0,0,0
