subject,file,lineno,LEC,DNC,NCT,experience-based,statistics-based,tuning machine
TextBlob,C:\Users\Zhifei Chen\Desktop\pysmell\subjects_for_metrics\TextBlob\run_tests.py,19,1,,,0,0,0
TextBlob,C:\Users\Zhifei Chen\Desktop\pysmell\subjects_for_metrics\TextBlob\run_tests.py,30,1,,,0,0,0
TextBlob,C:\Users\Zhifei Chen\Desktop\pysmell\subjects_for_metrics\TextBlob\setup.py,48,,2,1,0,0,0
TextBlob,C:\Users\Zhifei Chen\Desktop\pysmell\subjects_for_metrics\TextBlob\docs\conf.py,58,,2,1,0,0,0
TextBlob,C:\Users\Zhifei Chen\Desktop\pysmell\subjects_for_metrics\TextBlob\docs\conf.py,71,,2,1,0,0,0
TextBlob,C:\Users\Zhifei Chen\Desktop\pysmell\subjects_for_metrics\TextBlob\docs\conf.py,78,,3,1,0,0,0
TextBlob,C:\Users\Zhifei Chen\Desktop\pysmell\subjects_for_metrics\TextBlob\docs\conf.py,87,,2,1,0,0,0
TextBlob,C:\Users\Zhifei Chen\Desktop\pysmell\subjects_for_metrics\TextBlob\tests\test_blob.py,27,,2,1,0,0,0
TextBlob,C:\Users\Zhifei Chen\Desktop\pysmell\subjects_for_metrics\TextBlob\tests\test_blob.py,41,,2,1,0,0,0
TextBlob,C:\Users\Zhifei Chen\Desktop\pysmell\subjects_for_metrics\TextBlob\tests\test_blob.py,64,1,,,0,0,0
TextBlob,C:\Users\Zhifei Chen\Desktop\pysmell\subjects_for_metrics\TextBlob\tests\test_blob.py,68,1,,,0,0,0
TextBlob,C:\Users\Zhifei Chen\Desktop\pysmell\subjects_for_metrics\TextBlob\tests\test_blob.py,82,1,,,0,0,0
TextBlob,C:\Users\Zhifei Chen\Desktop\pysmell\subjects_for_metrics\TextBlob\tests\test_blob.py,84,1,,,0,0,0
TextBlob,C:\Users\Zhifei Chen\Desktop\pysmell\subjects_for_metrics\TextBlob\tests\test_blob.py,125,1,,,0,0,0
TextBlob,C:\Users\Zhifei Chen\Desktop\pysmell\subjects_for_metrics\TextBlob\tests\test_blob.py,127,1,,,0,0,0
TextBlob,C:\Users\Zhifei Chen\Desktop\pysmell\subjects_for_metrics\TextBlob\tests\test_blob.py,132,1,,,0,0,0
TextBlob,C:\Users\Zhifei Chen\Desktop\pysmell\subjects_for_metrics\TextBlob\tests\test_blob.py,133,1,,,0,0,0
TextBlob,C:\Users\Zhifei Chen\Desktop\pysmell\subjects_for_metrics\TextBlob\tests\test_blob.py,187,,2,1,0,0,0
TextBlob,C:\Users\Zhifei Chen\Desktop\pysmell\subjects_for_metrics\TextBlob\tests\test_blob.py,200,1,,,0,0,0
TextBlob,C:\Users\Zhifei Chen\Desktop\pysmell\subjects_for_metrics\TextBlob\tests\test_blob.py,201,1,,,0,0,0
TextBlob,C:\Users\Zhifei Chen\Desktop\pysmell\subjects_for_metrics\TextBlob\tests\test_blob.py,283,1,,,0,0,0
TextBlob,C:\Users\Zhifei Chen\Desktop\pysmell\subjects_for_metrics\TextBlob\tests\test_blob.py,328,1,,,0,0,0
TextBlob,C:\Users\Zhifei Chen\Desktop\pysmell\subjects_for_metrics\TextBlob\tests\test_blob.py,340,1,,,0,0,0
TextBlob,C:\Users\Zhifei Chen\Desktop\pysmell\subjects_for_metrics\TextBlob\tests\test_blob.py,344,1,,,0,0,0
TextBlob,C:\Users\Zhifei Chen\Desktop\pysmell\subjects_for_metrics\TextBlob\tests\test_blob.py,349,1,,,0,0,0
TextBlob,C:\Users\Zhifei Chen\Desktop\pysmell\subjects_for_metrics\TextBlob\tests\test_blob.py,357,1,,,0,0,0
TextBlob,C:\Users\Zhifei Chen\Desktop\pysmell\subjects_for_metrics\TextBlob\tests\test_blob.py,358,1,,,0,0,0
TextBlob,C:\Users\Zhifei Chen\Desktop\pysmell\subjects_for_metrics\TextBlob\tests\test_blob.py,423,,2,1,0,0,0
TextBlob,C:\Users\Zhifei Chen\Desktop\pysmell\subjects_for_metrics\TextBlob\tests\test_blob.py,443,2,,,0,0,0
TextBlob,C:\Users\Zhifei Chen\Desktop\pysmell\subjects_for_metrics\TextBlob\tests\test_blob.py,448,2,,,0,0,0
TextBlob,C:\Users\Zhifei Chen\Desktop\pysmell\subjects_for_metrics\TextBlob\tests\test_blob.py,476,1,,,0,0,0
TextBlob,C:\Users\Zhifei Chen\Desktop\pysmell\subjects_for_metrics\TextBlob\tests\test_blob.py,481,1,,,0,0,0
TextBlob,C:\Users\Zhifei Chen\Desktop\pysmell\subjects_for_metrics\TextBlob\tests\test_blob.py,482,1,,,0,0,0
TextBlob,C:\Users\Zhifei Chen\Desktop\pysmell\subjects_for_metrics\TextBlob\tests\test_blob.py,507,1,,,0,0,0
TextBlob,C:\Users\Zhifei Chen\Desktop\pysmell\subjects_for_metrics\TextBlob\tests\test_blob.py,508,1,,,0,0,0
TextBlob,C:\Users\Zhifei Chen\Desktop\pysmell\subjects_for_metrics\TextBlob\tests\test_blob.py,562,1,,,0,0,0
TextBlob,C:\Users\Zhifei Chen\Desktop\pysmell\subjects_for_metrics\TextBlob\tests\test_blob.py,563,1,,,0,0,0
TextBlob,C:\Users\Zhifei Chen\Desktop\pysmell\subjects_for_metrics\TextBlob\tests\test_blob.py,568,1,,,0,0,0
TextBlob,C:\Users\Zhifei Chen\Desktop\pysmell\subjects_for_metrics\TextBlob\tests\test_blob.py,569,1,,,0,0,0
TextBlob,C:\Users\Zhifei Chen\Desktop\pysmell\subjects_for_metrics\TextBlob\tests\test_blob.py,574,1,,,0,0,0
TextBlob,C:\Users\Zhifei Chen\Desktop\pysmell\subjects_for_metrics\TextBlob\tests\test_blob.py,575,1,,,0,0,0
TextBlob,C:\Users\Zhifei Chen\Desktop\pysmell\subjects_for_metrics\TextBlob\tests\test_blob.py,579,1,,,0,0,0
TextBlob,C:\Users\Zhifei Chen\Desktop\pysmell\subjects_for_metrics\TextBlob\tests\test_blob.py,610,1,,,0,0,0
TextBlob,C:\Users\Zhifei Chen\Desktop\pysmell\subjects_for_metrics\TextBlob\tests\test_blob.py,613,1,,,0,0,0
TextBlob,C:\Users\Zhifei Chen\Desktop\pysmell\subjects_for_metrics\TextBlob\tests\test_blob.py,615,1,,,0,0,0
TextBlob,C:\Users\Zhifei Chen\Desktop\pysmell\subjects_for_metrics\TextBlob\tests\test_blob.py,617,1,,,0,0,0
TextBlob,C:\Users\Zhifei Chen\Desktop\pysmell\subjects_for_metrics\TextBlob\tests\test_blob.py,630,1,,,0,0,0
TextBlob,C:\Users\Zhifei Chen\Desktop\pysmell\subjects_for_metrics\TextBlob\tests\test_blob.py,678,1,,,0,0,0
TextBlob,C:\Users\Zhifei Chen\Desktop\pysmell\subjects_for_metrics\TextBlob\tests\test_blob.py,680,1,,,0,0,0
TextBlob,C:\Users\Zhifei Chen\Desktop\pysmell\subjects_for_metrics\TextBlob\tests\test_blob.py,682,1,,,0,0,0
TextBlob,C:\Users\Zhifei Chen\Desktop\pysmell\subjects_for_metrics\TextBlob\tests\test_blob.py,697,1,,,0,0,0
TextBlob,C:\Users\Zhifei Chen\Desktop\pysmell\subjects_for_metrics\TextBlob\tests\test_blob.py,697,1,,,0,0,0
TextBlob,C:\Users\Zhifei Chen\Desktop\pysmell\subjects_for_metrics\TextBlob\tests\test_blob.py,715,1,,,0,0,0
TextBlob,C:\Users\Zhifei Chen\Desktop\pysmell\subjects_for_metrics\TextBlob\tests\test_blob.py,716,1,,,0,0,0
TextBlob,C:\Users\Zhifei Chen\Desktop\pysmell\subjects_for_metrics\TextBlob\tests\test_blob.py,717,1,,,0,0,0
TextBlob,C:\Users\Zhifei Chen\Desktop\pysmell\subjects_for_metrics\TextBlob\tests\test_blob.py,717,1,,,0,0,0
TextBlob,C:\Users\Zhifei Chen\Desktop\pysmell\subjects_for_metrics\TextBlob\tests\test_blob.py,718,1,,,0,0,0
TextBlob,C:\Users\Zhifei Chen\Desktop\pysmell\subjects_for_metrics\TextBlob\tests\test_blob.py,718,1,,,0,0,0
TextBlob,C:\Users\Zhifei Chen\Desktop\pysmell\subjects_for_metrics\TextBlob\tests\test_blob.py,719,1,,,0,0,0
TextBlob,C:\Users\Zhifei Chen\Desktop\pysmell\subjects_for_metrics\TextBlob\tests\test_blob.py,719,1,,,0,0,0
TextBlob,C:\Users\Zhifei Chen\Desktop\pysmell\subjects_for_metrics\TextBlob\tests\test_blob.py,720,1,,,0,0,0
TextBlob,C:\Users\Zhifei Chen\Desktop\pysmell\subjects_for_metrics\TextBlob\tests\test_blob.py,721,1,,,0,0,0
TextBlob,C:\Users\Zhifei Chen\Desktop\pysmell\subjects_for_metrics\TextBlob\tests\test_blob.py,722,1,,,0,0,0
TextBlob,C:\Users\Zhifei Chen\Desktop\pysmell\subjects_for_metrics\TextBlob\tests\test_blob.py,723,1,,,0,0,0
TextBlob,C:\Users\Zhifei Chen\Desktop\pysmell\subjects_for_metrics\TextBlob\tests\test_blob.py,727,1,,,0,0,0
TextBlob,C:\Users\Zhifei Chen\Desktop\pysmell\subjects_for_metrics\TextBlob\tests\test_blob.py,732,1,,,0,0,0
TextBlob,C:\Users\Zhifei Chen\Desktop\pysmell\subjects_for_metrics\TextBlob\tests\test_blob.py,861,1,,,0,0,0
TextBlob,C:\Users\Zhifei Chen\Desktop\pysmell\subjects_for_metrics\TextBlob\tests\test_blob.py,881,2,,,0,0,0
TextBlob,C:\Users\Zhifei Chen\Desktop\pysmell\subjects_for_metrics\TextBlob\tests\test_blob.py,885,,2,1,0,0,0
TextBlob,C:\Users\Zhifei Chen\Desktop\pysmell\subjects_for_metrics\TextBlob\tests\test_blob.py,887,,2,1,0,0,0
TextBlob,C:\Users\Zhifei Chen\Desktop\pysmell\subjects_for_metrics\TextBlob\tests\test_blob.py,888,,2,1,0,0,0
TextBlob,C:\Users\Zhifei Chen\Desktop\pysmell\subjects_for_metrics\TextBlob\tests\test_blob.py,890,,2,1,0,0,0
TextBlob,C:\Users\Zhifei Chen\Desktop\pysmell\subjects_for_metrics\TextBlob\tests\test_blob.py,891,,2,1,0,0,0
TextBlob,C:\Users\Zhifei Chen\Desktop\pysmell\subjects_for_metrics\TextBlob\tests\test_blob.py,892,,2,1,0,0,0
TextBlob,C:\Users\Zhifei Chen\Desktop\pysmell\subjects_for_metrics\TextBlob\tests\test_blob.py,918,1,,,0,0,0
TextBlob,C:\Users\Zhifei Chen\Desktop\pysmell\subjects_for_metrics\TextBlob\tests\test_blob.py,947,1,,,0,0,0
TextBlob,C:\Users\Zhifei Chen\Desktop\pysmell\subjects_for_metrics\TextBlob\tests\test_blob.py,952,1,,,0,0,0
TextBlob,C:\Users\Zhifei Chen\Desktop\pysmell\subjects_for_metrics\TextBlob\tests\test_blob.py,952,1,,,0,0,0
TextBlob,C:\Users\Zhifei Chen\Desktop\pysmell\subjects_for_metrics\TextBlob\tests\test_classifiers.py,24,,2,1,0,0,0
TextBlob,C:\Users\Zhifei Chen\Desktop\pysmell\subjects_for_metrics\TextBlob\tests\test_classifiers.py,37,,2,1,0,0,0
TextBlob,C:\Users\Zhifei Chen\Desktop\pysmell\subjects_for_metrics\TextBlob\tests\test_classifiers.py,61,,2,1,0,0,0
TextBlob,C:\Users\Zhifei Chen\Desktop\pysmell\subjects_for_metrics\TextBlob\tests\test_classifiers.py,101,,2,1,0,0,0
TextBlob,C:\Users\Zhifei Chen\Desktop\pysmell\subjects_for_metrics\TextBlob\tests\test_classifiers.py,118,1,,,0,0,0
TextBlob,C:\Users\Zhifei Chen\Desktop\pysmell\subjects_for_metrics\TextBlob\tests\test_classifiers.py,123,2,,,0,0,0
TextBlob,C:\Users\Zhifei Chen\Desktop\pysmell\subjects_for_metrics\TextBlob\tests\test_classifiers.py,129,2,,,0,0,0
TextBlob,C:\Users\Zhifei Chen\Desktop\pysmell\subjects_for_metrics\TextBlob\tests\test_classifiers.py,136,2,,,0,0,0
TextBlob,C:\Users\Zhifei Chen\Desktop\pysmell\subjects_for_metrics\TextBlob\tests\test_classifiers.py,143,2,,,0,0,0
TextBlob,C:\Users\Zhifei Chen\Desktop\pysmell\subjects_for_metrics\TextBlob\tests\test_classifiers.py,150,2,,,0,0,0
TextBlob,C:\Users\Zhifei Chen\Desktop\pysmell\subjects_for_metrics\TextBlob\tests\test_classifiers.py,154,,2,1,0,0,0
TextBlob,C:\Users\Zhifei Chen\Desktop\pysmell\subjects_for_metrics\TextBlob\tests\test_classifiers.py,193,2,,,0,0,0
TextBlob,C:\Users\Zhifei Chen\Desktop\pysmell\subjects_for_metrics\TextBlob\tests\test_classifiers.py,221,,2,1,0,0,0
TextBlob,C:\Users\Zhifei Chen\Desktop\pysmell\subjects_for_metrics\TextBlob\tests\test_classifiers.py,228,2,,,0,0,0
TextBlob,C:\Users\Zhifei Chen\Desktop\pysmell\subjects_for_metrics\TextBlob\tests\test_classifiers.py,304,,2,1,0,0,0
TextBlob,C:\Users\Zhifei Chen\Desktop\pysmell\subjects_for_metrics\TextBlob\tests\test_classifiers.py,325,1,,,0,0,0
TextBlob,C:\Users\Zhifei Chen\Desktop\pysmell\subjects_for_metrics\TextBlob\tests\test_classifiers.py,326,1,,,0,0,0
TextBlob,C:\Users\Zhifei Chen\Desktop\pysmell\subjects_for_metrics\TextBlob\tests\test_classifiers.py,327,1,,,0,0,0
TextBlob,C:\Users\Zhifei Chen\Desktop\pysmell\subjects_for_metrics\TextBlob\tests\test_classifiers.py,332,1,,,0,0,0
TextBlob,C:\Users\Zhifei Chen\Desktop\pysmell\subjects_for_metrics\TextBlob\tests\test_classifiers.py,333,1,,,0,0,0
TextBlob,C:\Users\Zhifei Chen\Desktop\pysmell\subjects_for_metrics\TextBlob\tests\test_classifiers.py,334,1,,,0,0,0
TextBlob,C:\Users\Zhifei Chen\Desktop\pysmell\subjects_for_metrics\TextBlob\tests\test_classifiers.py,339,1,,,0,0,0
TextBlob,C:\Users\Zhifei Chen\Desktop\pysmell\subjects_for_metrics\TextBlob\tests\test_classifiers.py,341,1,,,0,0,0
TextBlob,C:\Users\Zhifei Chen\Desktop\pysmell\subjects_for_metrics\TextBlob\tests\test_classifiers.py,347,1,,,0,0,0
TextBlob,C:\Users\Zhifei Chen\Desktop\pysmell\subjects_for_metrics\TextBlob\tests\test_classifiers.py,349,1,,,0,0,0
TextBlob,C:\Users\Zhifei Chen\Desktop\pysmell\subjects_for_metrics\TextBlob\tests\test_classifiers.py,356,1,,,0,0,0
TextBlob,C:\Users\Zhifei Chen\Desktop\pysmell\subjects_for_metrics\TextBlob\tests\test_classifiers.py,357,1,,,0,0,0
TextBlob,C:\Users\Zhifei Chen\Desktop\pysmell\subjects_for_metrics\TextBlob\tests\test_formats.py,95,1,,,0,0,0
TextBlob,C:\Users\Zhifei Chen\Desktop\pysmell\subjects_for_metrics\TextBlob\tests\test_formats.py,96,1,,,0,0,0
TextBlob,C:\Users\Zhifei Chen\Desktop\pysmell\subjects_for_metrics\TextBlob\tests\test_formats.py,96,1,,,0,0,0
TextBlob,C:\Users\Zhifei Chen\Desktop\pysmell\subjects_for_metrics\TextBlob\tests\test_formats.py,101,,2,1,0,0,0
TextBlob,C:\Users\Zhifei Chen\Desktop\pysmell\subjects_for_metrics\TextBlob\tests\test_sentiments.py,22,1,,,0,0,0
TextBlob,C:\Users\Zhifei Chen\Desktop\pysmell\subjects_for_metrics\TextBlob\tests\test_sentiments.py,23,1,,,0,0,0
TextBlob,C:\Users\Zhifei Chen\Desktop\pysmell\subjects_for_metrics\TextBlob\tests\test_sentiments.py,24,1,,,0,0,0
TextBlob,C:\Users\Zhifei Chen\Desktop\pysmell\subjects_for_metrics\TextBlob\tests\test_sentiments.py,25,1,,,0,0,0
TextBlob,C:\Users\Zhifei Chen\Desktop\pysmell\subjects_for_metrics\TextBlob\tests\test_sentiments.py,41,1,,,0,0,0
TextBlob,C:\Users\Zhifei Chen\Desktop\pysmell\subjects_for_metrics\TextBlob\tests\test_sentiments.py,42,1,,,0,0,0
TextBlob,C:\Users\Zhifei Chen\Desktop\pysmell\subjects_for_metrics\TextBlob\tests\test_sentiments.py,44,1,,,0,0,0
TextBlob,C:\Users\Zhifei Chen\Desktop\pysmell\subjects_for_metrics\TextBlob\tests\test_sentiments.py,46,1,,,0,0,0
TextBlob,C:\Users\Zhifei Chen\Desktop\pysmell\subjects_for_metrics\TextBlob\tests\test_sentiments.py,47,1,,,0,0,0
TextBlob,C:\Users\Zhifei Chen\Desktop\pysmell\subjects_for_metrics\TextBlob\tests\test_sentiments.py,47,1,,,0,0,0
TextBlob,C:\Users\Zhifei Chen\Desktop\pysmell\subjects_for_metrics\TextBlob\tests\test_sentiments.py,48,1,,,0,0,0
TextBlob,C:\Users\Zhifei Chen\Desktop\pysmell\subjects_for_metrics\TextBlob\tests\test_sentiments.py,49,1,,,0,0,0
TextBlob,C:\Users\Zhifei Chen\Desktop\pysmell\subjects_for_metrics\TextBlob\tests\test_sentiments.py,50,1,,,0,0,0
TextBlob,C:\Users\Zhifei Chen\Desktop\pysmell\subjects_for_metrics\TextBlob\tests\test_taggers.py,29,,2,1,0,0,0
TextBlob,C:\Users\Zhifei Chen\Desktop\pysmell\subjects_for_metrics\TextBlob\tests\test_taggers.py,48,,2,1,0,0,0
TextBlob,C:\Users\Zhifei Chen\Desktop\pysmell\subjects_for_metrics\TextBlob\textblob\blob.py,129,2,,,0,0,0
TextBlob,C:\Users\Zhifei Chen\Desktop\pysmell\subjects_for_metrics\TextBlob\textblob\blob.py,218,1,,,0,0,0
TextBlob,C:\Users\Zhifei Chen\Desktop\pysmell\subjects_for_metrics\TextBlob\textblob\blob.py,220,1,,,0,0,0
TextBlob,C:\Users\Zhifei Chen\Desktop\pysmell\subjects_for_metrics\TextBlob\textblob\blob.py,224,1,,,0,0,0
TextBlob,C:\Users\Zhifei Chen\Desktop\pysmell\subjects_for_metrics\TextBlob\textblob\blob.py,416,1,,,0,0,0
TextBlob,C:\Users\Zhifei Chen\Desktop\pysmell\subjects_for_metrics\TextBlob\textblob\blob.py,425,1,,,0,0,0
TextBlob,C:\Users\Zhifei Chen\Desktop\pysmell\subjects_for_metrics\TextBlob\textblob\blob.py,459,1,,,0,0,0
TextBlob,C:\Users\Zhifei Chen\Desktop\pysmell\subjects_for_metrics\TextBlob\textblob\blob.py,468,1,,,0,0,0
TextBlob,C:\Users\Zhifei Chen\Desktop\pysmell\subjects_for_metrics\TextBlob\textblob\blob.py,479,1,,,0,0,0
TextBlob,C:\Users\Zhifei Chen\Desktop\pysmell\subjects_for_metrics\TextBlob\textblob\classifiers.py,142,1,,,0,0,0
TextBlob,C:\Users\Zhifei Chen\Desktop\pysmell\subjects_for_metrics\TextBlob\textblob\compat.py,4,1,,,0,0,0
TextBlob,C:\Users\Zhifei Chen\Desktop\pysmell\subjects_for_metrics\TextBlob\textblob\compat.py,5,1,,,0,0,0
TextBlob,C:\Users\Zhifei Chen\Desktop\pysmell\subjects_for_metrics\TextBlob\textblob\decorators.py,24,1,,,0,0,0
TextBlob,C:\Users\Zhifei Chen\Desktop\pysmell\subjects_for_metrics\TextBlob\textblob\formats.py,118,1,,,0,0,0
TextBlob,C:\Users\Zhifei Chen\Desktop\pysmell\subjects_for_metrics\TextBlob\textblob\formats.py,118,1,,,0,0,0
TextBlob,C:\Users\Zhifei Chen\Desktop\pysmell\subjects_for_metrics\TextBlob\textblob\formats.py,129,,2,1,0,0,0
TextBlob,C:\Users\Zhifei Chen\Desktop\pysmell\subjects_for_metrics\TextBlob\textblob\formats.py,159,1,,,0,0,0
TextBlob,C:\Users\Zhifei Chen\Desktop\pysmell\subjects_for_metrics\TextBlob\textblob\mixins.py,92,1,,,0,0,0
TextBlob,C:\Users\Zhifei Chen\Desktop\pysmell\subjects_for_metrics\TextBlob\textblob\mixins.py,95,1,,,0,0,0
TextBlob,C:\Users\Zhifei Chen\Desktop\pysmell\subjects_for_metrics\TextBlob\textblob\ordereddict.py,48,1,,,0,0,0
TextBlob,C:\Users\Zhifei Chen\Desktop\pysmell\subjects_for_metrics\TextBlob\textblob\ordereddict.py,49,1,,,0,0,0
TextBlob,C:\Users\Zhifei Chen\Desktop\pysmell\subjects_for_metrics\TextBlob\textblob\ordereddict.py,49,1,,,0,0,0
TextBlob,C:\Users\Zhifei Chen\Desktop\pysmell\subjects_for_metrics\TextBlob\textblob\ordereddict.py,49,1,,,0,0,0
TextBlob,C:\Users\Zhifei Chen\Desktop\pysmell\subjects_for_metrics\TextBlob\textblob\ordereddict.py,55,1,,,0,0,0
TextBlob,C:\Users\Zhifei Chen\Desktop\pysmell\subjects_for_metrics\TextBlob\textblob\ordereddict.py,56,1,,,0,0,0
TextBlob,C:\Users\Zhifei Chen\Desktop\pysmell\subjects_for_metrics\TextBlob\textblob\ordereddict.py,60,1,,,0,0,0
TextBlob,C:\Users\Zhifei Chen\Desktop\pysmell\subjects_for_metrics\TextBlob\textblob\ordereddict.py,62,1,,,0,0,0
TextBlob,C:\Users\Zhifei Chen\Desktop\pysmell\subjects_for_metrics\TextBlob\textblob\ordereddict.py,63,1,,,0,0,0
TextBlob,C:\Users\Zhifei Chen\Desktop\pysmell\subjects_for_metrics\TextBlob\textblob\ordereddict.py,67,1,,,0,0,0
TextBlob,C:\Users\Zhifei Chen\Desktop\pysmell\subjects_for_metrics\TextBlob\textblob\ordereddict.py,69,1,,,0,0,0
TextBlob,C:\Users\Zhifei Chen\Desktop\pysmell\subjects_for_metrics\TextBlob\textblob\ordereddict.py,70,1,,,0,0,0
TextBlob,C:\Users\Zhifei Chen\Desktop\pysmell\subjects_for_metrics\TextBlob\textblob\ordereddict.py,83,1,,,0,0,0
TextBlob,C:\Users\Zhifei Chen\Desktop\pysmell\subjects_for_metrics\TextBlob\textblob\ordereddict.py,89,,2,1,0,0,0
TextBlob,C:\Users\Zhifei Chen\Desktop\pysmell\subjects_for_metrics\TextBlob\textblob\ordereddict.py,90,,2,1,0,0,0
TextBlob,C:\Users\Zhifei Chen\Desktop\pysmell\subjects_for_metrics\TextBlob\textblob\ordereddict.py,116,1,,,0,0,0
TextBlob,C:\Users\Zhifei Chen\Desktop\pysmell\subjects_for_metrics\TextBlob\textblob\translate.py,61,1,,,0,0,0
TextBlob,C:\Users\Zhifei Chen\Desktop\pysmell\subjects_for_metrics\TextBlob\textblob\translate.py,68,1,,,0,0,0
TextBlob,C:\Users\Zhifei Chen\Desktop\pysmell\subjects_for_metrics\TextBlob\textblob\translate.py,68,1,,,0,0,0
TextBlob,C:\Users\Zhifei Chen\Desktop\pysmell\subjects_for_metrics\TextBlob\textblob\translate.py,78,2,,,0,0,0
TextBlob,C:\Users\Zhifei Chen\Desktop\pysmell\subjects_for_metrics\TextBlob\textblob\translate.py,80,1,,,0,0,0
TextBlob,C:\Users\Zhifei Chen\Desktop\pysmell\subjects_for_metrics\TextBlob\textblob\translate.py,80,1,,,0,0,0
TextBlob,C:\Users\Zhifei Chen\Desktop\pysmell\subjects_for_metrics\TextBlob\textblob\translate.py,97,1,,,0,0,0
TextBlob,C:\Users\Zhifei Chen\Desktop\pysmell\subjects_for_metrics\TextBlob\textblob\_text.py,32,,2,1,0,0,0
TextBlob,C:\Users\Zhifei Chen\Desktop\pysmell\subjects_for_metrics\TextBlob\textblob\_text.py,32,,2,1,0,0,0
TextBlob,C:\Users\Zhifei Chen\Desktop\pysmell\subjects_for_metrics\TextBlob\textblob\_text.py,47,,2,1,0,0,0
TextBlob,C:\Users\Zhifei Chen\Desktop\pysmell\subjects_for_metrics\TextBlob\textblob\_text.py,47,,2,1,0,0,0
TextBlob,C:\Users\Zhifei Chen\Desktop\pysmell\subjects_for_metrics\TextBlob\textblob\_text.py,175,1,,,0,0,0
TextBlob,C:\Users\Zhifei Chen\Desktop\pysmell\subjects_for_metrics\TextBlob\textblob\_text.py,224,,2,1,0,0,0
TextBlob,C:\Users\Zhifei Chen\Desktop\pysmell\subjects_for_metrics\TextBlob\textblob\_text.py,287,1,,,0,0,0
TextBlob,C:\Users\Zhifei Chen\Desktop\pysmell\subjects_for_metrics\TextBlob\textblob\_text.py,287,1,,,0,0,0
TextBlob,C:\Users\Zhifei Chen\Desktop\pysmell\subjects_for_metrics\TextBlob\textblob\_text.py,292,1,,,0,0,0
TextBlob,C:\Users\Zhifei Chen\Desktop\pysmell\subjects_for_metrics\TextBlob\textblob\_text.py,292,1,,,0,0,0
TextBlob,C:\Users\Zhifei Chen\Desktop\pysmell\subjects_for_metrics\TextBlob\textblob\_text.py,295,1,,,0,0,0
TextBlob,C:\Users\Zhifei Chen\Desktop\pysmell\subjects_for_metrics\TextBlob\textblob\_text.py,304,1,,,0,0,0
TextBlob,C:\Users\Zhifei Chen\Desktop\pysmell\subjects_for_metrics\TextBlob\textblob\_text.py,304,1,,,0,0,0
TextBlob,C:\Users\Zhifei Chen\Desktop\pysmell\subjects_for_metrics\TextBlob\textblob\_text.py,308,,3,1,0,0,0
TextBlob,C:\Users\Zhifei Chen\Desktop\pysmell\subjects_for_metrics\TextBlob\textblob\_text.py,310,1,,,0,0,0
TextBlob,C:\Users\Zhifei Chen\Desktop\pysmell\subjects_for_metrics\TextBlob\textblob\_text.py,313,1,,,0,0,0
TextBlob,C:\Users\Zhifei Chen\Desktop\pysmell\subjects_for_metrics\TextBlob\textblob\_text.py,314,1,,,0,0,0
TextBlob,C:\Users\Zhifei Chen\Desktop\pysmell\subjects_for_metrics\TextBlob\textblob\_text.py,314,1,,,0,0,0
TextBlob,C:\Users\Zhifei Chen\Desktop\pysmell\subjects_for_metrics\TextBlob\textblob\_text.py,314,1,,,0,0,0
TextBlob,C:\Users\Zhifei Chen\Desktop\pysmell\subjects_for_metrics\TextBlob\textblob\_text.py,317,1,,,0,0,0
TextBlob,C:\Users\Zhifei Chen\Desktop\pysmell\subjects_for_metrics\TextBlob\textblob\_text.py,317,1,,,0,0,0
TextBlob,C:\Users\Zhifei Chen\Desktop\pysmell\subjects_for_metrics\TextBlob\textblob\_text.py,321,1,,,0,0,0
TextBlob,C:\Users\Zhifei Chen\Desktop\pysmell\subjects_for_metrics\TextBlob\textblob\_text.py,321,1,,,0,0,0
TextBlob,C:\Users\Zhifei Chen\Desktop\pysmell\subjects_for_metrics\TextBlob\textblob\_text.py,382,1,,,0,0,0
TextBlob,C:\Users\Zhifei Chen\Desktop\pysmell\subjects_for_metrics\TextBlob\textblob\_text.py,439,1,,,0,0,0
TextBlob,C:\Users\Zhifei Chen\Desktop\pysmell\subjects_for_metrics\TextBlob\textblob\_text.py,441,1,,,0,0,0
TextBlob,C:\Users\Zhifei Chen\Desktop\pysmell\subjects_for_metrics\TextBlob\textblob\_text.py,442,1,,,0,0,0
TextBlob,C:\Users\Zhifei Chen\Desktop\pysmell\subjects_for_metrics\TextBlob\textblob\_text.py,442,1,,,0,0,0
TextBlob,C:\Users\Zhifei Chen\Desktop\pysmell\subjects_for_metrics\TextBlob\textblob\_text.py,442,1,,,0,0,0
TextBlob,C:\Users\Zhifei Chen\Desktop\pysmell\subjects_for_metrics\TextBlob\textblob\_text.py,443,1,,,0,0,0
TextBlob,C:\Users\Zhifei Chen\Desktop\pysmell\subjects_for_metrics\TextBlob\textblob\_text.py,444,1,,,0,0,0
TextBlob,C:\Users\Zhifei Chen\Desktop\pysmell\subjects_for_metrics\TextBlob\textblob\_text.py,444,1,,,0,0,0
TextBlob,C:\Users\Zhifei Chen\Desktop\pysmell\subjects_for_metrics\TextBlob\textblob\_text.py,444,1,,,0,0,0
TextBlob,C:\Users\Zhifei Chen\Desktop\pysmell\subjects_for_metrics\TextBlob\textblob\_text.py,445,1,,,0,0,0
TextBlob,C:\Users\Zhifei Chen\Desktop\pysmell\subjects_for_metrics\TextBlob\textblob\_text.py,445,1,,,0,0,0
TextBlob,C:\Users\Zhifei Chen\Desktop\pysmell\subjects_for_metrics\TextBlob\textblob\_text.py,452,1,,,0,0,0
TextBlob,C:\Users\Zhifei Chen\Desktop\pysmell\subjects_for_metrics\TextBlob\textblob\_text.py,453,1,,,0,0,0
TextBlob,C:\Users\Zhifei Chen\Desktop\pysmell\subjects_for_metrics\TextBlob\textblob\_text.py,454,1,,,0,0,0
TextBlob,C:\Users\Zhifei Chen\Desktop\pysmell\subjects_for_metrics\TextBlob\textblob\_text.py,455,1,,,0,0,0
TextBlob,C:\Users\Zhifei Chen\Desktop\pysmell\subjects_for_metrics\TextBlob\textblob\_text.py,456,1,,,0,0,0
TextBlob,C:\Users\Zhifei Chen\Desktop\pysmell\subjects_for_metrics\TextBlob\textblob\_text.py,464,1,,,0,0,0
TextBlob,C:\Users\Zhifei Chen\Desktop\pysmell\subjects_for_metrics\TextBlob\textblob\_text.py,466,1,,,0,0,0
TextBlob,C:\Users\Zhifei Chen\Desktop\pysmell\subjects_for_metrics\TextBlob\textblob\_text.py,468,1,,,0,0,0
TextBlob,C:\Users\Zhifei Chen\Desktop\pysmell\subjects_for_metrics\TextBlob\textblob\_text.py,534,,2,1,0,0,0
TextBlob,C:\Users\Zhifei Chen\Desktop\pysmell\subjects_for_metrics\TextBlob\textblob\_text.py,538,1,,,0,0,0
TextBlob,C:\Users\Zhifei Chen\Desktop\pysmell\subjects_for_metrics\TextBlob\textblob\_text.py,540,1,,,0,0,0
TextBlob,C:\Users\Zhifei Chen\Desktop\pysmell\subjects_for_metrics\TextBlob\textblob\_text.py,540,1,,,0,0,0
TextBlob,C:\Users\Zhifei Chen\Desktop\pysmell\subjects_for_metrics\TextBlob\textblob\_text.py,540,1,,,0,0,0
TextBlob,C:\Users\Zhifei Chen\Desktop\pysmell\subjects_for_metrics\TextBlob\textblob\_text.py,542,1,,,0,0,0
TextBlob,C:\Users\Zhifei Chen\Desktop\pysmell\subjects_for_metrics\TextBlob\textblob\_text.py,542,1,,,0,0,0
TextBlob,C:\Users\Zhifei Chen\Desktop\pysmell\subjects_for_metrics\TextBlob\textblob\_text.py,542,1,,,0,0,0
TextBlob,C:\Users\Zhifei Chen\Desktop\pysmell\subjects_for_metrics\TextBlob\textblob\_text.py,544,2,,,0,0,0
TextBlob,C:\Users\Zhifei Chen\Desktop\pysmell\subjects_for_metrics\TextBlob\textblob\_text.py,545,2,,,0,0,0
TextBlob,C:\Users\Zhifei Chen\Desktop\pysmell\subjects_for_metrics\TextBlob\textblob\_text.py,546,2,,,0,0,0
TextBlob,C:\Users\Zhifei Chen\Desktop\pysmell\subjects_for_metrics\TextBlob\textblob\_text.py,547,2,,,0,0,0
TextBlob,C:\Users\Zhifei Chen\Desktop\pysmell\subjects_for_metrics\TextBlob\textblob\_text.py,548,2,,,0,0,0
TextBlob,C:\Users\Zhifei Chen\Desktop\pysmell\subjects_for_metrics\TextBlob\textblob\_text.py,548,2,,,0,0,0
TextBlob,C:\Users\Zhifei Chen\Desktop\pysmell\subjects_for_metrics\TextBlob\textblob\_text.py,549,2,,,0,0,0
TextBlob,C:\Users\Zhifei Chen\Desktop\pysmell\subjects_for_metrics\TextBlob\textblob\_text.py,549,2,,,0,0,0
TextBlob,C:\Users\Zhifei Chen\Desktop\pysmell\subjects_for_metrics\TextBlob\textblob\_text.py,550,2,,,0,0,0
TextBlob,C:\Users\Zhifei Chen\Desktop\pysmell\subjects_for_metrics\TextBlob\textblob\_text.py,550,2,,,0,0,0
TextBlob,C:\Users\Zhifei Chen\Desktop\pysmell\subjects_for_metrics\TextBlob\textblob\_text.py,550,2,,,0,0,0
TextBlob,C:\Users\Zhifei Chen\Desktop\pysmell\subjects_for_metrics\TextBlob\textblob\_text.py,551,2,,,0,0,0
TextBlob,C:\Users\Zhifei Chen\Desktop\pysmell\subjects_for_metrics\TextBlob\textblob\_text.py,551,2,,,0,0,0
TextBlob,C:\Users\Zhifei Chen\Desktop\pysmell\subjects_for_metrics\TextBlob\textblob\_text.py,551,2,,,0,0,0
TextBlob,C:\Users\Zhifei Chen\Desktop\pysmell\subjects_for_metrics\TextBlob\textblob\_text.py,552,2,,,0,0,0
TextBlob,C:\Users\Zhifei Chen\Desktop\pysmell\subjects_for_metrics\TextBlob\textblob\_text.py,552,2,,,0,0,0
TextBlob,C:\Users\Zhifei Chen\Desktop\pysmell\subjects_for_metrics\TextBlob\textblob\_text.py,553,2,,,0,0,0
TextBlob,C:\Users\Zhifei Chen\Desktop\pysmell\subjects_for_metrics\TextBlob\textblob\_text.py,554,2,,,0,0,0
TextBlob,C:\Users\Zhifei Chen\Desktop\pysmell\subjects_for_metrics\TextBlob\textblob\_text.py,555,2,,,0,0,0
TextBlob,C:\Users\Zhifei Chen\Desktop\pysmell\subjects_for_metrics\TextBlob\textblob\_text.py,556,2,,,0,0,0
TextBlob,C:\Users\Zhifei Chen\Desktop\pysmell\subjects_for_metrics\TextBlob\textblob\_text.py,556,2,,,0,0,0
TextBlob,C:\Users\Zhifei Chen\Desktop\pysmell\subjects_for_metrics\TextBlob\textblob\_text.py,557,2,,,0,0,0
TextBlob,C:\Users\Zhifei Chen\Desktop\pysmell\subjects_for_metrics\TextBlob\textblob\_text.py,557,2,,,0,0,0
TextBlob,C:\Users\Zhifei Chen\Desktop\pysmell\subjects_for_metrics\TextBlob\textblob\_text.py,558,2,,,0,0,0
TextBlob,C:\Users\Zhifei Chen\Desktop\pysmell\subjects_for_metrics\TextBlob\textblob\_text.py,558,2,,,0,0,0
TextBlob,C:\Users\Zhifei Chen\Desktop\pysmell\subjects_for_metrics\TextBlob\textblob\_text.py,559,2,,,0,0,0
TextBlob,C:\Users\Zhifei Chen\Desktop\pysmell\subjects_for_metrics\TextBlob\textblob\_text.py,559,2,,,0,0,0
TextBlob,C:\Users\Zhifei Chen\Desktop\pysmell\subjects_for_metrics\TextBlob\textblob\_text.py,560,2,,,0,0,0
TextBlob,C:\Users\Zhifei Chen\Desktop\pysmell\subjects_for_metrics\TextBlob\textblob\_text.py,560,2,,,0,0,0
TextBlob,C:\Users\Zhifei Chen\Desktop\pysmell\subjects_for_metrics\TextBlob\textblob\_text.py,561,2,,,0,0,0
TextBlob,C:\Users\Zhifei Chen\Desktop\pysmell\subjects_for_metrics\TextBlob\textblob\_text.py,561,2,,,0,0,0
TextBlob,C:\Users\Zhifei Chen\Desktop\pysmell\subjects_for_metrics\TextBlob\textblob\_text.py,562,2,,,0,0,0
TextBlob,C:\Users\Zhifei Chen\Desktop\pysmell\subjects_for_metrics\TextBlob\textblob\_text.py,562,2,,,0,0,0
TextBlob,C:\Users\Zhifei Chen\Desktop\pysmell\subjects_for_metrics\TextBlob\textblob\_text.py,563,2,,,0,0,0
TextBlob,C:\Users\Zhifei Chen\Desktop\pysmell\subjects_for_metrics\TextBlob\textblob\_text.py,563,2,,,0,0,0
TextBlob,C:\Users\Zhifei Chen\Desktop\pysmell\subjects_for_metrics\TextBlob\textblob\_text.py,564,2,,,0,0,0
TextBlob,C:\Users\Zhifei Chen\Desktop\pysmell\subjects_for_metrics\TextBlob\textblob\_text.py,564,2,,,0,0,0
TextBlob,C:\Users\Zhifei Chen\Desktop\pysmell\subjects_for_metrics\TextBlob\textblob\_text.py,565,2,,,0,0,0
TextBlob,C:\Users\Zhifei Chen\Desktop\pysmell\subjects_for_metrics\TextBlob\textblob\_text.py,565,2,,,0,0,0
TextBlob,C:\Users\Zhifei Chen\Desktop\pysmell\subjects_for_metrics\TextBlob\textblob\_text.py,566,2,,,0,0,0
TextBlob,C:\Users\Zhifei Chen\Desktop\pysmell\subjects_for_metrics\TextBlob\textblob\_text.py,566,2,,,0,0,0
TextBlob,C:\Users\Zhifei Chen\Desktop\pysmell\subjects_for_metrics\TextBlob\textblob\_text.py,567,2,,,0,0,0
TextBlob,C:\Users\Zhifei Chen\Desktop\pysmell\subjects_for_metrics\TextBlob\textblob\_text.py,567,2,,,0,0,0
TextBlob,C:\Users\Zhifei Chen\Desktop\pysmell\subjects_for_metrics\TextBlob\textblob\_text.py,568,2,,,0,0,0
TextBlob,C:\Users\Zhifei Chen\Desktop\pysmell\subjects_for_metrics\TextBlob\textblob\_text.py,568,2,,,0,0,0
TextBlob,C:\Users\Zhifei Chen\Desktop\pysmell\subjects_for_metrics\TextBlob\textblob\_text.py,569,1,,,0,0,0
TextBlob,C:\Users\Zhifei Chen\Desktop\pysmell\subjects_for_metrics\TextBlob\textblob\_text.py,569,2,,,0,0,0
TextBlob,C:\Users\Zhifei Chen\Desktop\pysmell\subjects_for_metrics\TextBlob\textblob\_text.py,569,1,,,0,0,0
TextBlob,C:\Users\Zhifei Chen\Desktop\pysmell\subjects_for_metrics\TextBlob\textblob\_text.py,570,1,,,0,0,0
TextBlob,C:\Users\Zhifei Chen\Desktop\pysmell\subjects_for_metrics\TextBlob\textblob\_text.py,618,1,,,0,0,0
TextBlob,C:\Users\Zhifei Chen\Desktop\pysmell\subjects_for_metrics\TextBlob\textblob\_text.py,628,2,,,0,0,0
TextBlob,C:\Users\Zhifei Chen\Desktop\pysmell\subjects_for_metrics\TextBlob\textblob\_text.py,632,2,,,0,0,0
TextBlob,C:\Users\Zhifei Chen\Desktop\pysmell\subjects_for_metrics\TextBlob\textblob\_text.py,634,1,,,0,0,0
TextBlob,C:\Users\Zhifei Chen\Desktop\pysmell\subjects_for_metrics\TextBlob\textblob\_text.py,636,1,,,0,0,0
TextBlob,C:\Users\Zhifei Chen\Desktop\pysmell\subjects_for_metrics\TextBlob\textblob\_text.py,636,1,,,0,0,0
TextBlob,C:\Users\Zhifei Chen\Desktop\pysmell\subjects_for_metrics\TextBlob\textblob\_text.py,636,1,,,0,0,0
TextBlob,C:\Users\Zhifei Chen\Desktop\pysmell\subjects_for_metrics\TextBlob\textblob\_text.py,639,2,,,0,0,0
TextBlob,C:\Users\Zhifei Chen\Desktop\pysmell\subjects_for_metrics\TextBlob\textblob\_text.py,642,1,,,0,0,0
TextBlob,C:\Users\Zhifei Chen\Desktop\pysmell\subjects_for_metrics\TextBlob\textblob\_text.py,643,1,,,0,0,0
TextBlob,C:\Users\Zhifei Chen\Desktop\pysmell\subjects_for_metrics\TextBlob\textblob\_text.py,643,1,,,0,0,0
TextBlob,C:\Users\Zhifei Chen\Desktop\pysmell\subjects_for_metrics\TextBlob\textblob\_text.py,643,1,,,0,0,0
TextBlob,C:\Users\Zhifei Chen\Desktop\pysmell\subjects_for_metrics\TextBlob\textblob\_text.py,654,1,,,0,0,0
TextBlob,C:\Users\Zhifei Chen\Desktop\pysmell\subjects_for_metrics\TextBlob\textblob\_text.py,742,,2,1,0,0,0
TextBlob,C:\Users\Zhifei Chen\Desktop\pysmell\subjects_for_metrics\TextBlob\textblob\_text.py,761,1,,,0,0,0
TextBlob,C:\Users\Zhifei Chen\Desktop\pysmell\subjects_for_metrics\TextBlob\textblob\_text.py,767,1,,,0,0,0
TextBlob,C:\Users\Zhifei Chen\Desktop\pysmell\subjects_for_metrics\TextBlob\textblob\_text.py,767,1,,,0,0,0
TextBlob,C:\Users\Zhifei Chen\Desktop\pysmell\subjects_for_metrics\TextBlob\textblob\_text.py,770,2,,,0,0,0
TextBlob,C:\Users\Zhifei Chen\Desktop\pysmell\subjects_for_metrics\TextBlob\textblob\_text.py,773,1,,,0,0,0
TextBlob,C:\Users\Zhifei Chen\Desktop\pysmell\subjects_for_metrics\TextBlob\textblob\_text.py,795,1,,,0,0,0
TextBlob,C:\Users\Zhifei Chen\Desktop\pysmell\subjects_for_metrics\TextBlob\textblob\_text.py,814,1,,,0,0,0
TextBlob,C:\Users\Zhifei Chen\Desktop\pysmell\subjects_for_metrics\TextBlob\textblob\_text.py,819,1,,,0,0,0
TextBlob,C:\Users\Zhifei Chen\Desktop\pysmell\subjects_for_metrics\TextBlob\textblob\_text.py,826,1,,,0,0,0
TextBlob,C:\Users\Zhifei Chen\Desktop\pysmell\subjects_for_metrics\TextBlob\textblob\_text.py,829,1,,,0,0,0
TextBlob,C:\Users\Zhifei Chen\Desktop\pysmell\subjects_for_metrics\TextBlob\textblob\_text.py,832,,2,1,0,0,0
TextBlob,C:\Users\Zhifei Chen\Desktop\pysmell\subjects_for_metrics\TextBlob\textblob\_text.py,832,1,,,0,0,0
TextBlob,C:\Users\Zhifei Chen\Desktop\pysmell\subjects_for_metrics\TextBlob\textblob\_text.py,838,,2,1,0,0,0
TextBlob,C:\Users\Zhifei Chen\Desktop\pysmell\subjects_for_metrics\TextBlob\textblob\_text.py,839,1,,,0,0,0
TextBlob,C:\Users\Zhifei Chen\Desktop\pysmell\subjects_for_metrics\TextBlob\textblob\_text.py,839,1,,,0,0,0
TextBlob,C:\Users\Zhifei Chen\Desktop\pysmell\subjects_for_metrics\TextBlob\textblob\_text.py,842,,2,1,0,0,0
TextBlob,C:\Users\Zhifei Chen\Desktop\pysmell\subjects_for_metrics\TextBlob\textblob\_text.py,843,1,,,0,0,0
TextBlob,C:\Users\Zhifei Chen\Desktop\pysmell\subjects_for_metrics\TextBlob\textblob\_text.py,843,1,,,0,0,0
TextBlob,C:\Users\Zhifei Chen\Desktop\pysmell\subjects_for_metrics\TextBlob\textblob\_text.py,867,1,,,0,0,0
TextBlob,C:\Users\Zhifei Chen\Desktop\pysmell\subjects_for_metrics\TextBlob\textblob\_text.py,868,2,,,0,0,0
TextBlob,C:\Users\Zhifei Chen\Desktop\pysmell\subjects_for_metrics\TextBlob\textblob\_text.py,874,2,,,0,0,0
TextBlob,C:\Users\Zhifei Chen\Desktop\pysmell\subjects_for_metrics\TextBlob\textblob\_text.py,875,2,,,0,0,0
TextBlob,C:\Users\Zhifei Chen\Desktop\pysmell\subjects_for_metrics\TextBlob\textblob\_text.py,875,2,,,0,0,0
TextBlob,C:\Users\Zhifei Chen\Desktop\pysmell\subjects_for_metrics\TextBlob\textblob\_text.py,876,2,,,0,0,0
TextBlob,C:\Users\Zhifei Chen\Desktop\pysmell\subjects_for_metrics\TextBlob\textblob\_text.py,876,2,,,0,0,0
TextBlob,C:\Users\Zhifei Chen\Desktop\pysmell\subjects_for_metrics\TextBlob\textblob\_text.py,877,2,,,0,0,0
TextBlob,C:\Users\Zhifei Chen\Desktop\pysmell\subjects_for_metrics\TextBlob\textblob\_text.py,878,2,,,0,0,0
TextBlob,C:\Users\Zhifei Chen\Desktop\pysmell\subjects_for_metrics\TextBlob\textblob\_text.py,881,2,,,0,0,0
TextBlob,C:\Users\Zhifei Chen\Desktop\pysmell\subjects_for_metrics\TextBlob\textblob\_text.py,882,2,,,0,0,0
TextBlob,C:\Users\Zhifei Chen\Desktop\pysmell\subjects_for_metrics\TextBlob\textblob\_text.py,882,2,,,0,0,0
TextBlob,C:\Users\Zhifei Chen\Desktop\pysmell\subjects_for_metrics\TextBlob\textblob\_text.py,883,2,,,0,0,0
TextBlob,C:\Users\Zhifei Chen\Desktop\pysmell\subjects_for_metrics\TextBlob\textblob\_text.py,888,1,,,0,0,0
TextBlob,C:\Users\Zhifei Chen\Desktop\pysmell\subjects_for_metrics\TextBlob\textblob\_text.py,900,1,,,0,0,0
TextBlob,C:\Users\Zhifei Chen\Desktop\pysmell\subjects_for_metrics\TextBlob\textblob\_text.py,901,2,,,0,0,0
TextBlob,C:\Users\Zhifei Chen\Desktop\pysmell\subjects_for_metrics\TextBlob\textblob\_text.py,902,2,,,0,0,0
TextBlob,C:\Users\Zhifei Chen\Desktop\pysmell\subjects_for_metrics\TextBlob\textblob\_text.py,909,2,,,0,0,0
TextBlob,C:\Users\Zhifei Chen\Desktop\pysmell\subjects_for_metrics\TextBlob\textblob\_text.py,910,2,,,0,0,0
TextBlob,C:\Users\Zhifei Chen\Desktop\pysmell\subjects_for_metrics\TextBlob\textblob\_text.py,910,2,,,0,0,0
TextBlob,C:\Users\Zhifei Chen\Desktop\pysmell\subjects_for_metrics\TextBlob\textblob\_text.py,916,,2,1,0,0,0
TextBlob,C:\Users\Zhifei Chen\Desktop\pysmell\subjects_for_metrics\TextBlob\textblob\_text.py,921,2,,,0,0,0
TextBlob,C:\Users\Zhifei Chen\Desktop\pysmell\subjects_for_metrics\TextBlob\textblob\_text.py,922,2,,,0,0,0
TextBlob,C:\Users\Zhifei Chen\Desktop\pysmell\subjects_for_metrics\TextBlob\textblob\_text.py,923,2,,,0,0,0
TextBlob,C:\Users\Zhifei Chen\Desktop\pysmell\subjects_for_metrics\TextBlob\textblob\_text.py,924,2,,,0,0,0
TextBlob,C:\Users\Zhifei Chen\Desktop\pysmell\subjects_for_metrics\TextBlob\textblob\_text.py,925,2,,,0,0,0
TextBlob,C:\Users\Zhifei Chen\Desktop\pysmell\subjects_for_metrics\TextBlob\textblob\_text.py,927,1,,,0,0,0
TextBlob,C:\Users\Zhifei Chen\Desktop\pysmell\subjects_for_metrics\TextBlob\textblob\_text.py,935,1,,,0,0,0
TextBlob,C:\Users\Zhifei Chen\Desktop\pysmell\subjects_for_metrics\TextBlob\textblob\_text.py,935,1,,,0,0,0
TextBlob,C:\Users\Zhifei Chen\Desktop\pysmell\subjects_for_metrics\TextBlob\textblob\_text.py,937,1,,,0,0,0
TextBlob,C:\Users\Zhifei Chen\Desktop\pysmell\subjects_for_metrics\TextBlob\textblob\_text.py,980,,2,1,0,0,0
TextBlob,C:\Users\Zhifei Chen\Desktop\pysmell\subjects_for_metrics\TextBlob\textblob\_text.py,981,,2,1,0,0,0
TextBlob,C:\Users\Zhifei Chen\Desktop\pysmell\subjects_for_metrics\TextBlob\textblob\_text.py,983,1,,,0,0,0
TextBlob,C:\Users\Zhifei Chen\Desktop\pysmell\subjects_for_metrics\TextBlob\textblob\_text.py,985,1,,,0,0,0
TextBlob,C:\Users\Zhifei Chen\Desktop\pysmell\subjects_for_metrics\TextBlob\textblob\_text.py,989,1,,,0,0,0
TextBlob,C:\Users\Zhifei Chen\Desktop\pysmell\subjects_for_metrics\TextBlob\textblob\_text.py,992,1,,,0,0,0
TextBlob,C:\Users\Zhifei Chen\Desktop\pysmell\subjects_for_metrics\TextBlob\textblob\_text.py,992,1,,,0,0,0
TextBlob,C:\Users\Zhifei Chen\Desktop\pysmell\subjects_for_metrics\TextBlob\textblob\_text.py,995,1,,,0,0,0
TextBlob,C:\Users\Zhifei Chen\Desktop\pysmell\subjects_for_metrics\TextBlob\textblob\_text.py,995,1,,,0,0,0
TextBlob,C:\Users\Zhifei Chen\Desktop\pysmell\subjects_for_metrics\TextBlob\textblob\_text.py,998,1,,,0,0,0
TextBlob,C:\Users\Zhifei Chen\Desktop\pysmell\subjects_for_metrics\TextBlob\textblob\_text.py,998,1,,,0,0,0
TextBlob,C:\Users\Zhifei Chen\Desktop\pysmell\subjects_for_metrics\TextBlob\textblob\_text.py,1001,1,,,0,0,0
TextBlob,C:\Users\Zhifei Chen\Desktop\pysmell\subjects_for_metrics\TextBlob\textblob\_text.py,1001,1,,,0,0,0
TextBlob,C:\Users\Zhifei Chen\Desktop\pysmell\subjects_for_metrics\TextBlob\textblob\_text.py,1004,1,,,0,0,0
TextBlob,C:\Users\Zhifei Chen\Desktop\pysmell\subjects_for_metrics\TextBlob\textblob\_text.py,1004,1,,,0,0,0
TextBlob,C:\Users\Zhifei Chen\Desktop\pysmell\subjects_for_metrics\TextBlob\textblob\_text.py,1013,1,,,0,0,0
TextBlob,C:\Users\Zhifei Chen\Desktop\pysmell\subjects_for_metrics\TextBlob\textblob\_text.py,1028,,3,1,0,0,0
TextBlob,C:\Users\Zhifei Chen\Desktop\pysmell\subjects_for_metrics\TextBlob\textblob\_text.py,1048,1,,,0,0,0
TextBlob,C:\Users\Zhifei Chen\Desktop\pysmell\subjects_for_metrics\TextBlob\textblob\_text.py,1048,1,,,0,0,0
TextBlob,C:\Users\Zhifei Chen\Desktop\pysmell\subjects_for_metrics\TextBlob\textblob\_text.py,1049,1,,,0,0,0
TextBlob,C:\Users\Zhifei Chen\Desktop\pysmell\subjects_for_metrics\TextBlob\textblob\_text.py,1049,1,,,0,0,0
TextBlob,C:\Users\Zhifei Chen\Desktop\pysmell\subjects_for_metrics\TextBlob\textblob\_text.py,1060,1,,,0,0,0
TextBlob,C:\Users\Zhifei Chen\Desktop\pysmell\subjects_for_metrics\TextBlob\textblob\_text.py,1065,1,,,0,0,0
TextBlob,C:\Users\Zhifei Chen\Desktop\pysmell\subjects_for_metrics\TextBlob\textblob\_text.py,1068,1,,,0,0,0
TextBlob,C:\Users\Zhifei Chen\Desktop\pysmell\subjects_for_metrics\TextBlob\textblob\_text.py,1070,1,,,0,0,0
TextBlob,C:\Users\Zhifei Chen\Desktop\pysmell\subjects_for_metrics\TextBlob\textblob\_text.py,1072,2,,,0,0,0
TextBlob,C:\Users\Zhifei Chen\Desktop\pysmell\subjects_for_metrics\TextBlob\textblob\_text.py,1076,1,,,0,0,0
TextBlob,C:\Users\Zhifei Chen\Desktop\pysmell\subjects_for_metrics\TextBlob\textblob\_text.py,1079,1,,,0,0,0
TextBlob,C:\Users\Zhifei Chen\Desktop\pysmell\subjects_for_metrics\TextBlob\textblob\_text.py,1084,,2,1,0,0,0
TextBlob,C:\Users\Zhifei Chen\Desktop\pysmell\subjects_for_metrics\TextBlob\textblob\_text.py,1087,2,,,0,0,0
TextBlob,C:\Users\Zhifei Chen\Desktop\pysmell\subjects_for_metrics\TextBlob\textblob\_text.py,1088,2,,,0,0,0
TextBlob,C:\Users\Zhifei Chen\Desktop\pysmell\subjects_for_metrics\TextBlob\textblob\_text.py,1089,2,,,0,0,0
TextBlob,C:\Users\Zhifei Chen\Desktop\pysmell\subjects_for_metrics\TextBlob\textblob\_text.py,1101,1,,,0,0,0
TextBlob,C:\Users\Zhifei Chen\Desktop\pysmell\subjects_for_metrics\TextBlob\textblob\_text.py,1101,1,,,0,0,0
TextBlob,C:\Users\Zhifei Chen\Desktop\pysmell\subjects_for_metrics\TextBlob\textblob\_text.py,1104,2,,,0,0,0
TextBlob,C:\Users\Zhifei Chen\Desktop\pysmell\subjects_for_metrics\TextBlob\textblob\_text.py,1105,2,,,0,0,0
TextBlob,C:\Users\Zhifei Chen\Desktop\pysmell\subjects_for_metrics\TextBlob\textblob\_text.py,1106,1,,,0,0,0
TextBlob,C:\Users\Zhifei Chen\Desktop\pysmell\subjects_for_metrics\TextBlob\textblob\_text.py,1108,1,,,0,0,0
TextBlob,C:\Users\Zhifei Chen\Desktop\pysmell\subjects_for_metrics\TextBlob\textblob\_text.py,1109,1,,,0,0,0
TextBlob,C:\Users\Zhifei Chen\Desktop\pysmell\subjects_for_metrics\TextBlob\textblob\_text.py,1109,1,,,0,0,0
TextBlob,C:\Users\Zhifei Chen\Desktop\pysmell\subjects_for_metrics\TextBlob\textblob\_text.py,1111,1,,,0,0,0
TextBlob,C:\Users\Zhifei Chen\Desktop\pysmell\subjects_for_metrics\TextBlob\textblob\_text.py,1112,1,,,0,0,0
TextBlob,C:\Users\Zhifei Chen\Desktop\pysmell\subjects_for_metrics\TextBlob\textblob\_text.py,1113,1,,,0,0,0
TextBlob,C:\Users\Zhifei Chen\Desktop\pysmell\subjects_for_metrics\TextBlob\textblob\_text.py,1114,1,,,0,0,0
TextBlob,C:\Users\Zhifei Chen\Desktop\pysmell\subjects_for_metrics\TextBlob\textblob\_text.py,1213,1,,,0,0,0
TextBlob,C:\Users\Zhifei Chen\Desktop\pysmell\subjects_for_metrics\TextBlob\textblob\_text.py,1235,1,,,0,0,0
TextBlob,C:\Users\Zhifei Chen\Desktop\pysmell\subjects_for_metrics\TextBlob\textblob\_text.py,1236,2,,,0,0,0
TextBlob,C:\Users\Zhifei Chen\Desktop\pysmell\subjects_for_metrics\TextBlob\textblob\_text.py,1237,2,,,0,0,0
TextBlob,C:\Users\Zhifei Chen\Desktop\pysmell\subjects_for_metrics\TextBlob\textblob\_text.py,1237,2,,,0,0,0
TextBlob,C:\Users\Zhifei Chen\Desktop\pysmell\subjects_for_metrics\TextBlob\textblob\_text.py,1240,1,,,0,0,0
TextBlob,C:\Users\Zhifei Chen\Desktop\pysmell\subjects_for_metrics\TextBlob\textblob\_text.py,1240,1,,,0,0,0
TextBlob,C:\Users\Zhifei Chen\Desktop\pysmell\subjects_for_metrics\TextBlob\textblob\_text.py,1242,1,,,0,0,0
TextBlob,C:\Users\Zhifei Chen\Desktop\pysmell\subjects_for_metrics\TextBlob\textblob\_text.py,1242,1,,,0,0,0
TextBlob,C:\Users\Zhifei Chen\Desktop\pysmell\subjects_for_metrics\TextBlob\textblob\_text.py,1245,1,,,0,0,0
TextBlob,C:\Users\Zhifei Chen\Desktop\pysmell\subjects_for_metrics\TextBlob\textblob\_text.py,1245,1,,,0,0,0
TextBlob,C:\Users\Zhifei Chen\Desktop\pysmell\subjects_for_metrics\TextBlob\textblob\_text.py,1248,1,,,0,0,0
TextBlob,C:\Users\Zhifei Chen\Desktop\pysmell\subjects_for_metrics\TextBlob\textblob\_text.py,1248,1,,,0,0,0
TextBlob,C:\Users\Zhifei Chen\Desktop\pysmell\subjects_for_metrics\TextBlob\textblob\_text.py,1251,1,,,0,0,0
TextBlob,C:\Users\Zhifei Chen\Desktop\pysmell\subjects_for_metrics\TextBlob\textblob\_text.py,1251,1,,,0,0,0
TextBlob,C:\Users\Zhifei Chen\Desktop\pysmell\subjects_for_metrics\TextBlob\textblob\_text.py,1273,1,,,0,0,0
TextBlob,C:\Users\Zhifei Chen\Desktop\pysmell\subjects_for_metrics\TextBlob\textblob\_text.py,1274,3,,,1,1,1
TextBlob,C:\Users\Zhifei Chen\Desktop\pysmell\subjects_for_metrics\TextBlob\textblob\_text.py,1274,3,,,1,1,1
TextBlob,C:\Users\Zhifei Chen\Desktop\pysmell\subjects_for_metrics\TextBlob\textblob\_text.py,1275,2,,,0,0,0
TextBlob,C:\Users\Zhifei Chen\Desktop\pysmell\subjects_for_metrics\TextBlob\textblob\_text.py,1275,2,,,0,0,0
TextBlob,C:\Users\Zhifei Chen\Desktop\pysmell\subjects_for_metrics\TextBlob\textblob\_text.py,1276,1,,,0,0,0
TextBlob,C:\Users\Zhifei Chen\Desktop\pysmell\subjects_for_metrics\TextBlob\textblob\_text.py,1276,1,,,0,0,0
TextBlob,C:\Users\Zhifei Chen\Desktop\pysmell\subjects_for_metrics\TextBlob\textblob\_text.py,1332,1,,,0,0,0
TextBlob,C:\Users\Zhifei Chen\Desktop\pysmell\subjects_for_metrics\TextBlob\textblob\_text.py,1332,1,,,0,0,0
TextBlob,C:\Users\Zhifei Chen\Desktop\pysmell\subjects_for_metrics\TextBlob\textblob\_text.py,1349,1,,,0,0,0
TextBlob,C:\Users\Zhifei Chen\Desktop\pysmell\subjects_for_metrics\TextBlob\textblob\_text.py,1349,1,,,0,0,0
TextBlob,C:\Users\Zhifei Chen\Desktop\pysmell\subjects_for_metrics\TextBlob\textblob\_text.py,1361,1,,,0,0,0
TextBlob,C:\Users\Zhifei Chen\Desktop\pysmell\subjects_for_metrics\TextBlob\textblob\_text.py,1361,1,,,0,0,0
TextBlob,C:\Users\Zhifei Chen\Desktop\pysmell\subjects_for_metrics\TextBlob\textblob\_text.py,1363,1,,,0,0,0
TextBlob,C:\Users\Zhifei Chen\Desktop\pysmell\subjects_for_metrics\TextBlob\textblob\_text.py,1364,1,,,0,0,0
TextBlob,C:\Users\Zhifei Chen\Desktop\pysmell\subjects_for_metrics\TextBlob\textblob\_text.py,1364,1,,,0,0,0
TextBlob,C:\Users\Zhifei Chen\Desktop\pysmell\subjects_for_metrics\TextBlob\textblob\_text.py,1364,1,,,0,0,0
TextBlob,C:\Users\Zhifei Chen\Desktop\pysmell\subjects_for_metrics\TextBlob\textblob\_text.py,1365,1,,,0,0,0
TextBlob,C:\Users\Zhifei Chen\Desktop\pysmell\subjects_for_metrics\TextBlob\textblob\_text.py,1366,1,,,0,0,0
TextBlob,C:\Users\Zhifei Chen\Desktop\pysmell\subjects_for_metrics\TextBlob\textblob\_text.py,1389,,2,1,0,0,0
TextBlob,C:\Users\Zhifei Chen\Desktop\pysmell\subjects_for_metrics\TextBlob\textblob\_text.py,1391,,2,1,0,0,0
TextBlob,C:\Users\Zhifei Chen\Desktop\pysmell\subjects_for_metrics\TextBlob\textblob\_text.py,1393,,2,1,0,0,0
TextBlob,C:\Users\Zhifei Chen\Desktop\pysmell\subjects_for_metrics\TextBlob\textblob\_text.py,1395,,2,1,0,0,0
TextBlob,C:\Users\Zhifei Chen\Desktop\pysmell\subjects_for_metrics\TextBlob\textblob\en\inflect.py,31,,3,1,0,0,0
TextBlob,C:\Users\Zhifei Chen\Desktop\pysmell\subjects_for_metrics\TextBlob\textblob\en\inflect.py,174,1,,,0,0,0
TextBlob,C:\Users\Zhifei Chen\Desktop\pysmell\subjects_for_metrics\TextBlob\textblob\en\inflect.py,174,1,,,0,0,0
TextBlob,C:\Users\Zhifei Chen\Desktop\pysmell\subjects_for_metrics\TextBlob\textblob\en\inflect.py,177,,2,1,0,0,0
TextBlob,C:\Users\Zhifei Chen\Desktop\pysmell\subjects_for_metrics\TextBlob\textblob\en\inflect.py,246,1,,,0,0,0
TextBlob,C:\Users\Zhifei Chen\Desktop\pysmell\subjects_for_metrics\TextBlob\textblob\en\inflect.py,263,1,,,0,0,0
TextBlob,C:\Users\Zhifei Chen\Desktop\pysmell\subjects_for_metrics\TextBlob\textblob\en\inflect.py,263,1,,,0,0,0
TextBlob,C:\Users\Zhifei Chen\Desktop\pysmell\subjects_for_metrics\TextBlob\textblob\en\inflect.py,264,1,,,0,0,0
TextBlob,C:\Users\Zhifei Chen\Desktop\pysmell\subjects_for_metrics\TextBlob\textblob\en\inflect.py,264,1,,,0,0,0
TextBlob,C:\Users\Zhifei Chen\Desktop\pysmell\subjects_for_metrics\TextBlob\textblob\en\inflect.py,265,1,,,0,0,0
TextBlob,C:\Users\Zhifei Chen\Desktop\pysmell\subjects_for_metrics\TextBlob\textblob\en\inflect.py,265,1,,,0,0,0
TextBlob,C:\Users\Zhifei Chen\Desktop\pysmell\subjects_for_metrics\TextBlob\textblob\en\inflect.py,266,1,,,0,0,0
TextBlob,C:\Users\Zhifei Chen\Desktop\pysmell\subjects_for_metrics\TextBlob\textblob\en\inflect.py,267,1,,,0,0,0
TextBlob,C:\Users\Zhifei Chen\Desktop\pysmell\subjects_for_metrics\TextBlob\textblob\en\inflect.py,267,1,,,0,0,0
TextBlob,C:\Users\Zhifei Chen\Desktop\pysmell\subjects_for_metrics\TextBlob\textblob\en\inflect.py,269,1,,,0,0,0
TextBlob,C:\Users\Zhifei Chen\Desktop\pysmell\subjects_for_metrics\TextBlob\textblob\en\inflect.py,269,1,,,0,0,0
TextBlob,C:\Users\Zhifei Chen\Desktop\pysmell\subjects_for_metrics\TextBlob\textblob\en\inflect.py,278,1,,,0,0,0
TextBlob,C:\Users\Zhifei Chen\Desktop\pysmell\subjects_for_metrics\TextBlob\textblob\en\inflect.py,288,1,,,0,0,0
TextBlob,C:\Users\Zhifei Chen\Desktop\pysmell\subjects_for_metrics\TextBlob\textblob\en\inflect.py,312,,2,1,0,0,0
TextBlob,C:\Users\Zhifei Chen\Desktop\pysmell\subjects_for_metrics\TextBlob\textblob\en\inflect.py,360,1,,,0,0,0
TextBlob,C:\Users\Zhifei Chen\Desktop\pysmell\subjects_for_metrics\TextBlob\textblob\en\inflect.py,360,1,,,0,0,0
TextBlob,C:\Users\Zhifei Chen\Desktop\pysmell\subjects_for_metrics\TextBlob\textblob\en\inflect.py,431,1,,,0,0,0
TextBlob,C:\Users\Zhifei Chen\Desktop\pysmell\subjects_for_metrics\TextBlob\textblob\en\inflect.py,436,1,,,0,0,0
TextBlob,C:\Users\Zhifei Chen\Desktop\pysmell\subjects_for_metrics\TextBlob\textblob\en\inflect.py,437,1,,,0,0,0
TextBlob,C:\Users\Zhifei Chen\Desktop\pysmell\subjects_for_metrics\TextBlob\textblob\en\inflect.py,437,1,,,0,0,0
TextBlob,C:\Users\Zhifei Chen\Desktop\pysmell\subjects_for_metrics\TextBlob\textblob\en\inflect.py,440,1,,,0,0,0
TextBlob,C:\Users\Zhifei Chen\Desktop\pysmell\subjects_for_metrics\TextBlob\textblob\en\inflect.py,454,1,,,0,0,0
TextBlob,C:\Users\Zhifei Chen\Desktop\pysmell\subjects_for_metrics\TextBlob\textblob\en\inflect.py,462,1,,,0,0,0
TextBlob,C:\Users\Zhifei Chen\Desktop\pysmell\subjects_for_metrics\TextBlob\textblob\en\np_extractors.py,36,,2,1,0,0,0
TextBlob,C:\Users\Zhifei Chen\Desktop\pysmell\subjects_for_metrics\TextBlob\textblob\en\np_extractors.py,50,,2,1,0,0,0
TextBlob,C:\Users\Zhifei Chen\Desktop\pysmell\subjects_for_metrics\TextBlob\textblob\en\np_extractors.py,96,,2,1,0,0,0
TextBlob,C:\Users\Zhifei Chen\Desktop\pysmell\subjects_for_metrics\TextBlob\textblob\en\np_extractors.py,110,,2,1,0,0,0
TextBlob,C:\Users\Zhifei Chen\Desktop\pysmell\subjects_for_metrics\TextBlob\textblob\en\np_extractors.py,146,1,,,0,0,0
TextBlob,C:\Users\Zhifei Chen\Desktop\pysmell\subjects_for_metrics\TextBlob\textblob\en\np_extractors.py,147,1,,,0,0,0
TextBlob,C:\Users\Zhifei Chen\Desktop\pysmell\subjects_for_metrics\TextBlob\textblob\en\np_extractors.py,148,1,,,0,0,0
TextBlob,C:\Users\Zhifei Chen\Desktop\pysmell\subjects_for_metrics\TextBlob\textblob\en\np_extractors.py,148,1,,,0,0,0
TextBlob,C:\Users\Zhifei Chen\Desktop\pysmell\subjects_for_metrics\TextBlob\textblob\en\np_extractors.py,154,1,,,0,0,0
TextBlob,C:\Users\Zhifei Chen\Desktop\pysmell\subjects_for_metrics\TextBlob\textblob\en\np_extractors.py,154,1,,,0,0,0
TextBlob,C:\Users\Zhifei Chen\Desktop\pysmell\subjects_for_metrics\TextBlob\textblob\en\np_extractors.py,159,1,,,0,0,0
TextBlob,C:\Users\Zhifei Chen\Desktop\pysmell\subjects_for_metrics\TextBlob\textblob\en\np_extractors.py,159,1,,,0,0,0
TextBlob,C:\Users\Zhifei Chen\Desktop\pysmell\subjects_for_metrics\TextBlob\textblob\en\np_extractors.py,175,1,,,0,0,0
TextBlob,C:\Users\Zhifei Chen\Desktop\pysmell\subjects_for_metrics\TextBlob\textblob\en\np_extractors.py,178,1,,,0,0,0
TextBlob,C:\Users\Zhifei Chen\Desktop\pysmell\subjects_for_metrics\TextBlob\textblob\en\np_extractors.py,192,1,,,0,0,0
TextBlob,C:\Users\Zhifei Chen\Desktop\pysmell\subjects_for_metrics\TextBlob\textblob\en\np_extractors.py,192,1,,,0,0,0
TextBlob,C:\Users\Zhifei Chen\Desktop\pysmell\subjects_for_metrics\TextBlob\textblob\en\np_extractors.py,193,1,,,0,0,0
TextBlob,C:\Users\Zhifei Chen\Desktop\pysmell\subjects_for_metrics\TextBlob\textblob\en\np_extractors.py,193,1,,,0,0,0
TextBlob,C:\Users\Zhifei Chen\Desktop\pysmell\subjects_for_metrics\TextBlob\textblob\en\np_extractors.py,199,1,,,0,0,0
TextBlob,C:\Users\Zhifei Chen\Desktop\pysmell\subjects_for_metrics\TextBlob\textblob\en\np_extractors.py,199,1,,,0,0,0
TextBlob,C:\Users\Zhifei Chen\Desktop\pysmell\subjects_for_metrics\TextBlob\textblob\en\np_extractors.py,203,1,,,0,0,0
TextBlob,C:\Users\Zhifei Chen\Desktop\pysmell\subjects_for_metrics\TextBlob\textblob\en\__init__.py,29,1,,,0,0,0
TextBlob,C:\Users\Zhifei Chen\Desktop\pysmell\subjects_for_metrics\TextBlob\textblob\en\__init__.py,29,1,,,0,0,0
TextBlob,C:\Users\Zhifei Chen\Desktop\pysmell\subjects_for_metrics\TextBlob\textblob\en\__init__.py,29,1,,,0,0,0
TextBlob,C:\Users\Zhifei Chen\Desktop\pysmell\subjects_for_metrics\TextBlob\textblob\en\__init__.py,60,1,,,0,0,0
TextBlob,C:\Users\Zhifei Chen\Desktop\pysmell\subjects_for_metrics\TextBlob\textblob\en\__init__.py,62,1,,,0,0,0
TextBlob,C:\Users\Zhifei Chen\Desktop\pysmell\subjects_for_metrics\TextBlob\textblob\en\__init__.py,63,1,,,0,0,0
TextBlob,C:\Users\Zhifei Chen\Desktop\pysmell\subjects_for_metrics\TextBlob\textblob\en\__init__.py,117,1,,,0,0,0
TextBlob,C:\Users\Zhifei Chen\Desktop\pysmell\subjects_for_metrics\TextBlob\textblob\en\__init__.py,117,1,,,0,0,0
TextBlob,C:\Users\Zhifei Chen\Desktop\pysmell\subjects_for_metrics\TextBlob\textblob\en\__init__.py,128,1,,,0,0,0
TextBlob,C:\Users\Zhifei Chen\Desktop\pysmell\subjects_for_metrics\TextBlob\textblob\en\__init__.py,133,1,,,0,0,0
TextBlob,C:\Users\Zhifei Chen\Desktop\pysmell\subjects_for_metrics\TextBlob\textblob\unicodecsv\__init__.py,33,1,,,0,0,0
TextBlob,C:\Users\Zhifei Chen\Desktop\pysmell\subjects_for_metrics\TextBlob\textblob\unicodecsv\__init__.py,189,1,,,0,0,0
TextBlob,C:\Users\Zhifei Chen\Desktop\pysmell\subjects_for_metrics\TextBlob\textblob\unicodecsv\__init__.py,193,1,,,0,0,0
