subject,file,lineno,CLOC,experience-based,statistics-based,tuning machine
flask,C:\Users\Zhifei Chen\Desktop\pysmell\subjects_for_metrics\flask\docs\flaskext.py,7,64,1,1,1
flask,C:\Users\Zhifei Chen\Desktop\pysmell\subjects_for_metrics\flask\flask\app.py,68,127,1,1,1
flask,C:\Users\Zhifei Chen\Desktop\pysmell\subjects_for_metrics\flask\flask\blueprints.py,17,3,0,0,0
flask,C:\Users\Zhifei Chen\Desktop\pysmell\subjects_for_metrics\flask\flask\blueprints.py,79,33,1,0,0
flask,C:\Users\Zhifei Chen\Desktop\pysmell\subjects_for_metrics\flask\flask\cli.py,22,1,0,0,0
flask,C:\Users\Zhifei Chen\Desktop\pysmell\subjects_for_metrics\flask\flask\cli.py,101,6,0,0,0
flask,C:\Users\Zhifei Chen\Desktop\pysmell\subjects_for_metrics\flask\flask\cli.py,155,3,0,0,0
flask,C:\Users\Zhifei Chen\Desktop\pysmell\subjects_for_metrics\flask\flask\cli.py,236,3,0,0,0
flask,C:\Users\Zhifei Chen\Desktop\pysmell\subjects_for_metrics\flask\flask\cli.py,265,5,0,0,0
flask,C:\Users\Zhifei Chen\Desktop\pysmell\subjects_for_metrics\flask\flask\config.py,21,4,0,0,0
flask,C:\Users\Zhifei Chen\Desktop\pysmell\subjects_for_metrics\flask\flask\config.py,40,9,0,0,0
flask,C:\Users\Zhifei Chen\Desktop\pysmell\subjects_for_metrics\flask\flask\ctx.py,28,7,0,0,0
flask,C:\Users\Zhifei Chen\Desktop\pysmell\subjects_for_metrics\flask\flask\ctx.py,158,6,0,0,0
flask,C:\Users\Zhifei Chen\Desktop\pysmell\subjects_for_metrics\flask\flask\ctx.py,207,14,0,0,0
flask,C:\Users\Zhifei Chen\Desktop\pysmell\subjects_for_metrics\flask\flask\debughelpers.py,17,1,0,0,0
flask,C:\Users\Zhifei Chen\Desktop\pysmell\subjects_for_metrics\flask\flask\debughelpers.py,23,4,0,0,0
flask,C:\Users\Zhifei Chen\Desktop\pysmell\subjects_for_metrics\flask\flask\debughelpers.py,47,2,0,0,0
flask,C:\Users\Zhifei Chen\Desktop\pysmell\subjects_for_metrics\flask\flask\debughelpers.py,80,2,0,0,0
flask,C:\Users\Zhifei Chen\Desktop\pysmell\subjects_for_metrics\flask\flask\exthook.py,27,9,0,0,0
flask,C:\Users\Zhifei Chen\Desktop\pysmell\subjects_for_metrics\flask\flask\helpers.py,750,3,0,0,0
flask,C:\Users\Zhifei Chen\Desktop\pysmell\subjects_for_metrics\flask\flask\helpers.py,776,15,0,0,0
flask,C:\Users\Zhifei Chen\Desktop\pysmell\subjects_for_metrics\flask\flask\json.py,52,2,0,0,0
flask,C:\Users\Zhifei Chen\Desktop\pysmell\subjects_for_metrics\flask\flask\json.py,86,1,0,0,0
flask,C:\Users\Zhifei Chen\Desktop\pysmell\subjects_for_metrics\flask\flask\logging.py,59,2,0,0,0
flask,C:\Users\Zhifei Chen\Desktop\pysmell\subjects_for_metrics\flask\flask\logging.py,65,2,0,0,0
flask,C:\Users\Zhifei Chen\Desktop\pysmell\subjects_for_metrics\flask\flask\logging.py,70,2,0,0,0
flask,C:\Users\Zhifei Chen\Desktop\pysmell\subjects_for_metrics\flask\flask\sessions.py,28,7,0,0,0
flask,C:\Users\Zhifei Chen\Desktop\pysmell\subjects_for_metrics\flask\flask\sessions.py,82,3,0,0,0
flask,C:\Users\Zhifei Chen\Desktop\pysmell\subjects_for_metrics\flask\flask\sessions.py,112,2,0,0,0
flask,C:\Users\Zhifei Chen\Desktop\pysmell\subjects_for_metrics\flask\flask\sessions.py,122,5,0,0,0
flask,C:\Users\Zhifei Chen\Desktop\pysmell\subjects_for_metrics\flask\flask\sessions.py,137,13,0,0,0
flask,C:\Users\Zhifei Chen\Desktop\pysmell\subjects_for_metrics\flask\flask\sessions.py,293,9,0,0,0
flask,C:\Users\Zhifei Chen\Desktop\pysmell\subjects_for_metrics\flask\flask\templating.py,33,2,0,0,0
flask,C:\Users\Zhifei Chen\Desktop\pysmell\subjects_for_metrics\flask\flask\templating.py,46,5,0,0,0
flask,C:\Users\Zhifei Chen\Desktop\pysmell\subjects_for_metrics\flask\flask\testing.py,39,6,0,0,0
flask,C:\Users\Zhifei Chen\Desktop\pysmell\subjects_for_metrics\flask\flask\views.py,19,5,0,0,0
flask,C:\Users\Zhifei Chen\Desktop\pysmell\subjects_for_metrics\flask\flask\views.py,105,2,0,0,0
flask,C:\Users\Zhifei Chen\Desktop\pysmell\subjects_for_metrics\flask\flask\views.py,123,2,0,0,0
flask,C:\Users\Zhifei Chen\Desktop\pysmell\subjects_for_metrics\flask\flask\wrappers.py,28,14,0,0,0
flask,C:\Users\Zhifei Chen\Desktop\pysmell\subjects_for_metrics\flask\flask\wrappers.py,194,2,0,0,0
flask,C:\Users\Zhifei Chen\Desktop\pysmell\subjects_for_metrics\flask\flask\_compat.py,61,2,0,0,0
flask,C:\Users\Zhifei Chen\Desktop\pysmell\subjects_for_metrics\flask\flask\_compat.py,74,3,0,0,0
flask,C:\Users\Zhifei Chen\Desktop\pysmell\subjects_for_metrics\flask\scripts\flaskext_compat.py,23,9,0,0,0
flask,C:\Users\Zhifei Chen\Desktop\pysmell\subjects_for_metrics\flask\scripts\flaskext_tester.py,118,2,0,0,0
flask,C:\Users\Zhifei Chen\Desktop\pysmell\subjects_for_metrics\flask\tests\conftest.py,50,3,0,0,0
flask,C:\Users\Zhifei Chen\Desktop\pysmell\subjects_for_metrics\flask\tests\test_appctx.py,119,2,0,0,0
flask,C:\Users\Zhifei Chen\Desktop\pysmell\subjects_for_metrics\flask\tests\test_basic.py,257,3,0,0,0
flask,C:\Users\Zhifei Chen\Desktop\pysmell\subjects_for_metrics\flask\tests\test_basic.py,791,2,0,0,0
flask,C:\Users\Zhifei Chen\Desktop\pysmell\subjects_for_metrics\flask\tests\test_basic.py,810,2,0,0,0
flask,C:\Users\Zhifei Chen\Desktop\pysmell\subjects_for_metrics\flask\tests\test_basic.py,1087,3,0,0,0
flask,C:\Users\Zhifei Chen\Desktop\pysmell\subjects_for_metrics\flask\tests\test_basic.py,1577,3,0,0,0
flask,C:\Users\Zhifei Chen\Desktop\pysmell\subjects_for_metrics\flask\tests\test_blueprints.py,62,2,0,0,0
flask,C:\Users\Zhifei Chen\Desktop\pysmell\subjects_for_metrics\flask\tests\test_blueprints.py,64,2,0,0,0
flask,C:\Users\Zhifei Chen\Desktop\pysmell\subjects_for_metrics\flask\tests\test_blueprints.py,189,2,0,0,0
flask,C:\Users\Zhifei Chen\Desktop\pysmell\subjects_for_metrics\flask\tests\test_config.py,76,2,0,0,0
flask,C:\Users\Zhifei Chen\Desktop\pysmell\subjects_for_metrics\flask\tests\test_config.py,79,2,0,0,0
flask,C:\Users\Zhifei Chen\Desktop\pysmell\subjects_for_metrics\flask\tests\test_config.py,154,2,0,0,0
flask,C:\Users\Zhifei Chen\Desktop\pysmell\subjects_for_metrics\flask\tests\test_config.py,157,2,0,0,0
flask,C:\Users\Zhifei Chen\Desktop\pysmell\subjects_for_metrics\flask\tests\test_deprecations.py,17,3,0,0,0
flask,C:\Users\Zhifei Chen\Desktop\pysmell\subjects_for_metrics\flask\tests\test_helpers.py,32,16,0,0,0
flask,C:\Users\Zhifei Chen\Desktop\pysmell\subjects_for_metrics\flask\tests\test_helpers.py,167,2,0,0,0
flask,C:\Users\Zhifei Chen\Desktop\pysmell\subjects_for_metrics\flask\tests\test_helpers.py,170,2,0,0,0
flask,C:\Users\Zhifei Chen\Desktop\pysmell\subjects_for_metrics\flask\tests\test_helpers.py,175,3,0,0,0
flask,C:\Users\Zhifei Chen\Desktop\pysmell\subjects_for_metrics\flask\tests\test_helpers.py,197,2,0,0,0
flask,C:\Users\Zhifei Chen\Desktop\pysmell\subjects_for_metrics\flask\tests\test_helpers.py,286,7,0,0,0
flask,C:\Users\Zhifei Chen\Desktop\pysmell\subjects_for_metrics\flask\tests\test_helpers.py,350,3,0,0,0
flask,C:\Users\Zhifei Chen\Desktop\pysmell\subjects_for_metrics\flask\tests\test_helpers.py,440,2,0,0,0
flask,C:\Users\Zhifei Chen\Desktop\pysmell\subjects_for_metrics\flask\tests\test_helpers.py,468,10,0,0,0
flask,C:\Users\Zhifei Chen\Desktop\pysmell\subjects_for_metrics\flask\tests\test_helpers.py,584,3,0,0,0
flask,C:\Users\Zhifei Chen\Desktop\pysmell\subjects_for_metrics\flask\tests\test_helpers.py,605,2,0,0,0
flask,C:\Users\Zhifei Chen\Desktop\pysmell\subjects_for_metrics\flask\tests\test_helpers.py,624,4,0,0,0
flask,C:\Users\Zhifei Chen\Desktop\pysmell\subjects_for_metrics\flask\tests\test_helpers.py,659,6,0,0,0
flask,C:\Users\Zhifei Chen\Desktop\pysmell\subjects_for_metrics\flask\tests\test_instance_config.py,126,2,0,0,0
flask,C:\Users\Zhifei Chen\Desktop\pysmell\subjects_for_metrics\flask\tests\test_regression.py,25,3,0,0,0
flask,C:\Users\Zhifei Chen\Desktop\pysmell\subjects_for_metrics\flask\tests\test_regression.py,82,2,0,0,0
flask,C:\Users\Zhifei Chen\Desktop\pysmell\subjects_for_metrics\flask\tests\test_subclassing.py,19,2,0,0,0
flask,C:\Users\Zhifei Chen\Desktop\pysmell\subjects_for_metrics\flask\tests\test_templating.py,289,2,0,0,0
flask,C:\Users\Zhifei Chen\Desktop\pysmell\subjects_for_metrics\flask\tests\test_templating.py,353,2,0,0,0
flask,C:\Users\Zhifei Chen\Desktop\pysmell\subjects_for_metrics\flask\tests\test_templating.py,385,2,0,0,0
flask,C:\Users\Zhifei Chen\Desktop\pysmell\subjects_for_metrics\flask\tests\test_templating.py,388,2,0,0,0
flask,C:\Users\Zhifei Chen\Desktop\pysmell\subjects_for_metrics\flask\tests\test_user_error_handler.py,9,2,0,0,0
flask,C:\Users\Zhifei Chen\Desktop\pysmell\subjects_for_metrics\flask\tests\test_user_error_handler.py,38,2,0,0,0
flask,C:\Users\Zhifei Chen\Desktop\pysmell\subjects_for_metrics\flask\tests\test_user_error_handler.py,41,2,0,0,0
flask,C:\Users\Zhifei Chen\Desktop\pysmell\subjects_for_metrics\flask\tests\test_user_error_handler.py,44,2,0,0,0
flask,C:\Users\Zhifei Chen\Desktop\pysmell\subjects_for_metrics\flask\tests\test_user_error_handler.py,79,2,0,0,0
flask,C:\Users\Zhifei Chen\Desktop\pysmell\subjects_for_metrics\flask\tests\test_user_error_handler.py,82,2,0,0,0
flask,C:\Users\Zhifei Chen\Desktop\pysmell\subjects_for_metrics\flask\tests\test_views.py,31,3,0,0,0
flask,C:\Users\Zhifei Chen\Desktop\pysmell\subjects_for_metrics\flask\tests\test_views.py,42,3,0,0,0
flask,C:\Users\Zhifei Chen\Desktop\pysmell\subjects_for_metrics\flask\tests\test_views.py,55,3,0,0,0
flask,C:\Users\Zhifei Chen\Desktop\pysmell\subjects_for_metrics\flask\tests\test_views.py,61,3,0,0,0
flask,C:\Users\Zhifei Chen\Desktop\pysmell\subjects_for_metrics\flask\tests\test_views.py,75,3,0,0,0
flask,C:\Users\Zhifei Chen\Desktop\pysmell\subjects_for_metrics\flask\tests\test_views.py,81,2,0,0,0
flask,C:\Users\Zhifei Chen\Desktop\pysmell\subjects_for_metrics\flask\tests\test_views.py,101,3,0,0,0
flask,C:\Users\Zhifei Chen\Desktop\pysmell\subjects_for_metrics\flask\tests\test_views.py,115,2,0,0,0
flask,C:\Users\Zhifei Chen\Desktop\pysmell\subjects_for_metrics\flask\tests\test_views.py,133,3,0,0,0
flask,C:\Users\Zhifei Chen\Desktop\pysmell\subjects_for_metrics\flask\tests\test_views.py,151,3,0,0,0
