subject,file,lineno,DOC,experience-based,statistics-based,tuning machine
flask,C:\Users\Zhifei Chen\Desktop\pysmell\subjects_for_metrics\flask\docs\conf.py,275,2,0,0,0
flask,C:\Users\Zhifei Chen\Desktop\pysmell\subjects_for_metrics\flask\examples\flaskr\test_flaskr.py,19,2,0,0,0
flask,C:\Users\Zhifei Chen\Desktop\pysmell\subjects_for_metrics\flask\examples\minitwit\test_minitwit.py,17,2,0,0,0
flask,C:\Users\Zhifei Chen\Desktop\pysmell\subjects_for_metrics\flask\flask\app.py,51,2,0,0,0
flask,C:\Users\Zhifei Chen\Desktop\pysmell\subjects_for_metrics\flask\flask\app.py,1040,2,0,0,0
flask,C:\Users\Zhifei Chen\Desktop\pysmell\subjects_for_metrics\flask\flask\app.py,1070,2,0,0,0
flask,C:\Users\Zhifei Chen\Desktop\pysmell\subjects_for_metrics\flask\flask\app.py,1101,2,0,0,0
flask,C:\Users\Zhifei Chen\Desktop\pysmell\subjects_for_metrics\flask\flask\app.py,1175,2,0,0,0
flask,C:\Users\Zhifei Chen\Desktop\pysmell\subjects_for_metrics\flask\flask\app.py,1203,2,0,0,0
flask,C:\Users\Zhifei Chen\Desktop\pysmell\subjects_for_metrics\flask\flask\app.py,1240,2,0,0,0
flask,C:\Users\Zhifei Chen\Desktop\pysmell\subjects_for_metrics\flask\flask\app.py,1414,2,0,0,0
flask,C:\Users\Zhifei Chen\Desktop\pysmell\subjects_for_metrics\flask\flask\blueprints.py,121,2,0,0,0
flask,C:\Users\Zhifei Chen\Desktop\pysmell\subjects_for_metrics\flask\flask\blueprints.py,156,2,0,0,0
flask,C:\Users\Zhifei Chen\Desktop\pysmell\subjects_for_metrics\flask\flask\blueprints.py,175,3,1,0,0
flask,C:\Users\Zhifei Chen\Desktop\pysmell\subjects_for_metrics\flask\flask\blueprints.py,189,2,0,0,0
flask,C:\Users\Zhifei Chen\Desktop\pysmell\subjects_for_metrics\flask\flask\blueprints.py,201,2,0,0,0
flask,C:\Users\Zhifei Chen\Desktop\pysmell\subjects_for_metrics\flask\flask\blueprints.py,213,2,0,0,0
flask,C:\Users\Zhifei Chen\Desktop\pysmell\subjects_for_metrics\flask\flask\blueprints.py,227,2,0,0,0
flask,C:\Users\Zhifei Chen\Desktop\pysmell\subjects_for_metrics\flask\flask\blueprints.py,241,2,0,0,0
flask,C:\Users\Zhifei Chen\Desktop\pysmell\subjects_for_metrics\flask\flask\blueprints.py,255,2,0,0,0
flask,C:\Users\Zhifei Chen\Desktop\pysmell\subjects_for_metrics\flask\flask\blueprints.py,346,2,0,0,0
flask,C:\Users\Zhifei Chen\Desktop\pysmell\subjects_for_metrics\flask\flask\blueprints.py,387,2,0,0,0
flask,C:\Users\Zhifei Chen\Desktop\pysmell\subjects_for_metrics\flask\flask\cli.py,118,2,0,0,0
flask,C:\Users\Zhifei Chen\Desktop\pysmell\subjects_for_metrics\flask\flask\cli.py,200,2,0,0,0
flask,C:\Users\Zhifei Chen\Desktop\pysmell\subjects_for_metrics\flask\flask\cli.py,244,2,0,0,0
flask,C:\Users\Zhifei Chen\Desktop\pysmell\subjects_for_metrics\flask\flask\cli.py,345,2,0,0,0
flask,C:\Users\Zhifei Chen\Desktop\pysmell\subjects_for_metrics\flask\flask\ctx.py,81,2,0,0,0
flask,C:\Users\Zhifei Chen\Desktop\pysmell\subjects_for_metrics\flask\flask\helpers.py,65,2,0,0,0
flask,C:\Users\Zhifei Chen\Desktop\pysmell\subjects_for_metrics\flask\flask\sessions.py,90,2,0,0,0
flask,C:\Users\Zhifei Chen\Desktop\pysmell\subjects_for_metrics\flask\flask\sessions.py,115,2,0,0,0
flask,C:\Users\Zhifei Chen\Desktop\pysmell\subjects_for_metrics\flask\flask\views.py,72,2,0,0,0
flask,C:\Users\Zhifei Chen\Desktop\pysmell\subjects_for_metrics\flask\scripts\flask-07-upgrade.py,85,2,0,0,0
flask,C:\Users\Zhifei Chen\Desktop\pysmell\subjects_for_metrics\flask\scripts\flask-07-upgrade.py,127,2,0,0,0
flask,C:\Users\Zhifei Chen\Desktop\pysmell\subjects_for_metrics\flask\scripts\flask-07-upgrade.py,209,2,0,0,0
flask,C:\Users\Zhifei Chen\Desktop\pysmell\subjects_for_metrics\flask\scripts\flaskext_tester.py,120,2,0,0,0
flask,C:\Users\Zhifei Chen\Desktop\pysmell\subjects_for_metrics\flask\scripts\make-release.py,60,2,0,0,0
flask,C:\Users\Zhifei Chen\Desktop\pysmell\subjects_for_metrics\flask\tests\conftest.py,24,2,0,0,0
flask,C:\Users\Zhifei Chen\Desktop\pysmell\subjects_for_metrics\flask\tests\conftest.py,36,2,0,0,0
flask,C:\Users\Zhifei Chen\Desktop\pysmell\subjects_for_metrics\flask\tests\conftest.py,92,2,0,0,0
flask,C:\Users\Zhifei Chen\Desktop\pysmell\subjects_for_metrics\flask\tests\conftest.py,122,2,0,0,0
flask,C:\Users\Zhifei Chen\Desktop\pysmell\subjects_for_metrics\flask\tests\test_appctx.py,17,2,0,0,0
flask,C:\Users\Zhifei Chen\Desktop\pysmell\subjects_for_metrics\flask\tests\test_appctx.py,52,2,0,0,0
flask,C:\Users\Zhifei Chen\Desktop\pysmell\subjects_for_metrics\flask\tests\test_appctx.py,64,2,0,0,0
flask,C:\Users\Zhifei Chen\Desktop\pysmell\subjects_for_metrics\flask\tests\test_appctx.py,81,2,0,0,0
flask,C:\Users\Zhifei Chen\Desktop\pysmell\subjects_for_metrics\flask\tests\test_appctx.py,127,2,0,0,0
flask,C:\Users\Zhifei Chen\Desktop\pysmell\subjects_for_metrics\flask\tests\test_basic.py,28,2,0,0,0
flask,C:\Users\Zhifei Chen\Desktop\pysmell\subjects_for_metrics\flask\tests\test_basic.py,39,2,0,0,0
flask,C:\Users\Zhifei Chen\Desktop\pysmell\subjects_for_metrics\flask\tests\test_basic.py,53,2,0,0,0
flask,C:\Users\Zhifei Chen\Desktop\pysmell\subjects_for_metrics\flask\tests\test_basic.py,73,2,0,0,0
flask,C:\Users\Zhifei Chen\Desktop\pysmell\subjects_for_metrics\flask\tests\test_basic.py,107,2,0,0,0
flask,C:\Users\Zhifei Chen\Desktop\pysmell\subjects_for_metrics\flask\tests\test_basic.py,146,2,0,0,0
flask,C:\Users\Zhifei Chen\Desktop\pysmell\subjects_for_metrics\flask\tests\test_basic.py,167,2,0,0,0
flask,C:\Users\Zhifei Chen\Desktop\pysmell\subjects_for_metrics\flask\tests\test_basic.py,188,2,0,0,0
flask,C:\Users\Zhifei Chen\Desktop\pysmell\subjects_for_metrics\flask\tests\test_basic.py,206,2,0,0,0
flask,C:\Users\Zhifei Chen\Desktop\pysmell\subjects_for_metrics\flask\tests\test_basic.py,222,2,0,0,0
flask,C:\Users\Zhifei Chen\Desktop\pysmell\subjects_for_metrics\flask\tests\test_basic.py,238,2,0,0,0
flask,C:\Users\Zhifei Chen\Desktop\pysmell\subjects_for_metrics\flask\tests\test_basic.py,256,2,0,0,0
flask,C:\Users\Zhifei Chen\Desktop\pysmell\subjects_for_metrics\flask\tests\test_basic.py,282,2,0,0,0
flask,C:\Users\Zhifei Chen\Desktop\pysmell\subjects_for_metrics\flask\tests\test_basic.py,306,2,0,0,0
flask,C:\Users\Zhifei Chen\Desktop\pysmell\subjects_for_metrics\flask\tests\test_basic.py,322,2,0,0,0
flask,C:\Users\Zhifei Chen\Desktop\pysmell\subjects_for_metrics\flask\tests\test_basic.py,357,2,0,0,0
flask,C:\Users\Zhifei Chen\Desktop\pysmell\subjects_for_metrics\flask\tests\test_basic.py,376,2,0,0,0
flask,C:\Users\Zhifei Chen\Desktop\pysmell\subjects_for_metrics\flask\tests\test_basic.py,408,2,0,0,0
flask,C:\Users\Zhifei Chen\Desktop\pysmell\subjects_for_metrics\flask\tests\test_basic.py,465,2,0,0,0
flask,C:\Users\Zhifei Chen\Desktop\pysmell\subjects_for_metrics\flask\tests\test_basic.py,553,2,0,0,0
flask,C:\Users\Zhifei Chen\Desktop\pysmell\subjects_for_metrics\flask\tests\test_basic.py,578,2,0,0,0
flask,C:\Users\Zhifei Chen\Desktop\pysmell\subjects_for_metrics\flask\tests\test_basic.py,606,3,1,0,0
flask,C:\Users\Zhifei Chen\Desktop\pysmell\subjects_for_metrics\flask\tests\test_basic.py,623,2,0,0,0
flask,C:\Users\Zhifei Chen\Desktop\pysmell\subjects_for_metrics\flask\tests\test_basic.py,641,2,0,0,0
flask,C:\Users\Zhifei Chen\Desktop\pysmell\subjects_for_metrics\flask\tests\test_basic.py,660,2,0,0,0
flask,C:\Users\Zhifei Chen\Desktop\pysmell\subjects_for_metrics\flask\tests\test_basic.py,698,2,0,0,0
flask,C:\Users\Zhifei Chen\Desktop\pysmell\subjects_for_metrics\flask\tests\test_basic.py,736,2,0,0,0
flask,C:\Users\Zhifei Chen\Desktop\pysmell\subjects_for_metrics\flask\tests\test_basic.py,775,2,0,0,0
flask,C:\Users\Zhifei Chen\Desktop\pysmell\subjects_for_metrics\flask\tests\test_basic.py,790,2,0,0,0
flask,C:\Users\Zhifei Chen\Desktop\pysmell\subjects_for_metrics\flask\tests\test_basic.py,809,2,0,0,0
flask,C:\Users\Zhifei Chen\Desktop\pysmell\subjects_for_metrics\flask\tests\test_basic.py,844,2,0,0,0
flask,C:\Users\Zhifei Chen\Desktop\pysmell\subjects_for_metrics\flask\tests\test_basic.py,864,2,0,0,0
flask,C:\Users\Zhifei Chen\Desktop\pysmell\subjects_for_metrics\flask\tests\test_basic.py,878,2,0,0,0
flask,C:\Users\Zhifei Chen\Desktop\pysmell\subjects_for_metrics\flask\tests\test_basic.py,900,2,0,0,0
flask,C:\Users\Zhifei Chen\Desktop\pysmell\subjects_for_metrics\flask\tests\test_basic.py,1032,2,0,0,0
flask,C:\Users\Zhifei Chen\Desktop\pysmell\subjects_for_metrics\flask\tests\test_basic.py,1044,2,0,0,0
flask,C:\Users\Zhifei Chen\Desktop\pysmell\subjects_for_metrics\flask\tests\test_basic.py,1072,2,0,0,0
flask,C:\Users\Zhifei Chen\Desktop\pysmell\subjects_for_metrics\flask\tests\test_basic.py,1084,2,0,0,0
flask,C:\Users\Zhifei Chen\Desktop\pysmell\subjects_for_metrics\flask\tests\test_basic.py,1117,2,0,0,0
flask,C:\Users\Zhifei Chen\Desktop\pysmell\subjects_for_metrics\flask\tests\test_basic.py,1138,2,0,0,0
flask,C:\Users\Zhifei Chen\Desktop\pysmell\subjects_for_metrics\flask\tests\test_basic.py,1195,3,1,0,0
flask,C:\Users\Zhifei Chen\Desktop\pysmell\subjects_for_metrics\flask\tests\test_basic.py,1225,2,0,0,0
flask,C:\Users\Zhifei Chen\Desktop\pysmell\subjects_for_metrics\flask\tests\test_basic.py,1248,2,0,0,0
flask,C:\Users\Zhifei Chen\Desktop\pysmell\subjects_for_metrics\flask\tests\test_basic.py,1280,2,0,0,0
flask,C:\Users\Zhifei Chen\Desktop\pysmell\subjects_for_metrics\flask\tests\test_basic.py,1306,2,0,0,0
flask,C:\Users\Zhifei Chen\Desktop\pysmell\subjects_for_metrics\flask\tests\test_basic.py,1319,2,0,0,0
flask,C:\Users\Zhifei Chen\Desktop\pysmell\subjects_for_metrics\flask\tests\test_basic.py,1346,2,0,0,0
flask,C:\Users\Zhifei Chen\Desktop\pysmell\subjects_for_metrics\flask\tests\test_basic.py,1361,2,0,0,0
flask,C:\Users\Zhifei Chen\Desktop\pysmell\subjects_for_metrics\flask\tests\test_basic.py,1383,2,0,0,0
flask,C:\Users\Zhifei Chen\Desktop\pysmell\subjects_for_metrics\flask\tests\test_basic.py,1409,2,0,0,0
flask,C:\Users\Zhifei Chen\Desktop\pysmell\subjects_for_metrics\flask\tests\test_basic.py,1436,2,0,0,0
flask,C:\Users\Zhifei Chen\Desktop\pysmell\subjects_for_metrics\flask\tests\test_basic.py,1457,2,0,0,0
flask,C:\Users\Zhifei Chen\Desktop\pysmell\subjects_for_metrics\flask\tests\test_basic.py,1516,2,0,0,0
flask,C:\Users\Zhifei Chen\Desktop\pysmell\subjects_for_metrics\flask\tests\test_basic.py,1536,2,0,0,0
flask,C:\Users\Zhifei Chen\Desktop\pysmell\subjects_for_metrics\flask\tests\test_basic.py,1549,2,0,0,0
flask,C:\Users\Zhifei Chen\Desktop\pysmell\subjects_for_metrics\flask\tests\test_basic.py,1562,2,0,0,0
flask,C:\Users\Zhifei Chen\Desktop\pysmell\subjects_for_metrics\flask\tests\test_basic.py,1594,2,0,0,0
flask,C:\Users\Zhifei Chen\Desktop\pysmell\subjects_for_metrics\flask\tests\test_basic.py,1607,2,0,0,0
flask,C:\Users\Zhifei Chen\Desktop\pysmell\subjects_for_metrics\flask\tests\test_blueprints.py,21,2,0,0,0
flask,C:\Users\Zhifei Chen\Desktop\pysmell\subjects_for_metrics\flask\tests\test_blueprints.py,61,2,0,0,0
flask,C:\Users\Zhifei Chen\Desktop\pysmell\subjects_for_metrics\flask\tests\test_blueprints.py,94,2,0,0,0
flask,C:\Users\Zhifei Chen\Desktop\pysmell\subjects_for_metrics\flask\tests\test_blueprints.py,115,2,0,0,0
flask,C:\Users\Zhifei Chen\Desktop\pysmell\subjects_for_metrics\flask\tests\test_blueprints.py,216,2,0,0,0
flask,C:\Users\Zhifei Chen\Desktop\pysmell\subjects_for_metrics\flask\tests\test_blueprints.py,241,2,0,0,0
flask,C:\Users\Zhifei Chen\Desktop\pysmell\subjects_for_metrics\flask\tests\test_blueprints.py,260,2,0,0,0
flask,C:\Users\Zhifei Chen\Desktop\pysmell\subjects_for_metrics\flask\tests\test_blueprints.py,275,2,0,0,0
flask,C:\Users\Zhifei Chen\Desktop\pysmell\subjects_for_metrics\flask\tests\test_blueprints.py,309,2,0,0,0
flask,C:\Users\Zhifei Chen\Desktop\pysmell\subjects_for_metrics\flask\tests\test_blueprints.py,361,2,0,0,0
flask,C:\Users\Zhifei Chen\Desktop\pysmell\subjects_for_metrics\flask\tests\test_blueprints.py,372,2,0,0,0
flask,C:\Users\Zhifei Chen\Desktop\pysmell\subjects_for_metrics\flask\tests\test_blueprints.py,383,2,0,0,0
flask,C:\Users\Zhifei Chen\Desktop\pysmell\subjects_for_metrics\flask\tests\test_blueprints.py,394,2,0,0,0
flask,C:\Users\Zhifei Chen\Desktop\pysmell\subjects_for_metrics\flask\tests\test_blueprints.py,405,2,0,0,0
flask,C:\Users\Zhifei Chen\Desktop\pysmell\subjects_for_metrics\flask\tests\test_blueprints.py,418,2,0,0,0
flask,C:\Users\Zhifei Chen\Desktop\pysmell\subjects_for_metrics\flask\tests\test_blueprints.py,431,2,0,0,0
flask,C:\Users\Zhifei Chen\Desktop\pysmell\subjects_for_metrics\flask\tests\test_blueprints.py,444,2,0,0,0
flask,C:\Users\Zhifei Chen\Desktop\pysmell\subjects_for_metrics\flask\tests\test_blueprints.py,457,2,0,0,0
flask,C:\Users\Zhifei Chen\Desktop\pysmell\subjects_for_metrics\flask\tests\test_blueprints.py,470,2,0,0,0
flask,C:\Users\Zhifei Chen\Desktop\pysmell\subjects_for_metrics\flask\tests\test_blueprints.py,481,2,0,0,0
flask,C:\Users\Zhifei Chen\Desktop\pysmell\subjects_for_metrics\flask\tests\test_blueprints.py,492,2,0,0,0
flask,C:\Users\Zhifei Chen\Desktop\pysmell\subjects_for_metrics\flask\tests\test_blueprints.py,503,2,0,0,0
flask,C:\Users\Zhifei Chen\Desktop\pysmell\subjects_for_metrics\flask\tests\test_blueprints.py,514,2,0,0,0
flask,C:\Users\Zhifei Chen\Desktop\pysmell\subjects_for_metrics\flask\tests\test_blueprints.py,527,2,0,0,0
flask,C:\Users\Zhifei Chen\Desktop\pysmell\subjects_for_metrics\flask\tests\test_blueprints.py,540,2,0,0,0
flask,C:\Users\Zhifei Chen\Desktop\pysmell\subjects_for_metrics\flask\tests\test_blueprints.py,553,2,0,0,0
flask,C:\Users\Zhifei Chen\Desktop\pysmell\subjects_for_metrics\flask\tests\test_blueprints.py,566,2,0,0,0
flask,C:\Users\Zhifei Chen\Desktop\pysmell\subjects_for_metrics\flask\tests\test_deprecations.py,19,2,0,0,0
flask,C:\Users\Zhifei Chen\Desktop\pysmell\subjects_for_metrics\flask\tests\test_deprecations.py,36,2,0,0,0
flask,C:\Users\Zhifei Chen\Desktop\pysmell\subjects_for_metrics\flask\tests\test_ext.py,23,2,0,0,0
flask,C:\Users\Zhifei Chen\Desktop\pysmell\subjects_for_metrics\flask\tests\test_helpers.py,52,2,0,0,0
flask,C:\Users\Zhifei Chen\Desktop\pysmell\subjects_for_metrics\flask\tests\test_helpers.py,64,2,0,0,0
flask,C:\Users\Zhifei Chen\Desktop\pysmell\subjects_for_metrics\flask\tests\test_helpers.py,76,2,0,0,0
flask,C:\Users\Zhifei Chen\Desktop\pysmell\subjects_for_metrics\flask\tests\test_helpers.py,85,2,0,0,0
flask,C:\Users\Zhifei Chen\Desktop\pysmell\subjects_for_metrics\flask\tests\test_helpers.py,94,2,0,0,0
flask,C:\Users\Zhifei Chen\Desktop\pysmell\subjects_for_metrics\flask\tests\test_helpers.py,106,2,0,0,0
flask,C:\Users\Zhifei Chen\Desktop\pysmell\subjects_for_metrics\flask\tests\test_helpers.py,134,2,0,0,0
flask,C:\Users\Zhifei Chen\Desktop\pysmell\subjects_for_metrics\flask\tests\test_helpers.py,166,2,0,0,0
flask,C:\Users\Zhifei Chen\Desktop\pysmell\subjects_for_metrics\flask\tests\test_helpers.py,196,2,0,0,0
flask,C:\Users\Zhifei Chen\Desktop\pysmell\subjects_for_metrics\flask\tests\test_helpers.py,215,2,0,0,0
flask,C:\Users\Zhifei Chen\Desktop\pysmell\subjects_for_metrics\flask\tests\test_helpers.py,478,2,0,0,0
flask,C:\Users\Zhifei Chen\Desktop\pysmell\subjects_for_metrics\flask\tests\test_helpers.py,510,2,0,0,0
flask,C:\Users\Zhifei Chen\Desktop\pysmell\subjects_for_metrics\flask\tests\test_helpers.py,531,2,0,0,0
flask,C:\Users\Zhifei Chen\Desktop\pysmell\subjects_for_metrics\flask\tests\test_helpers.py,554,2,0,0,0
flask,C:\Users\Zhifei Chen\Desktop\pysmell\subjects_for_metrics\flask\tests\test_helpers.py,562,2,0,0,0
flask,C:\Users\Zhifei Chen\Desktop\pysmell\subjects_for_metrics\flask\tests\test_helpers.py,570,2,0,0,0
flask,C:\Users\Zhifei Chen\Desktop\pysmell\subjects_for_metrics\flask\tests\test_helpers.py,626,3,1,0,0
flask,C:\Users\Zhifei Chen\Desktop\pysmell\subjects_for_metrics\flask\tests\test_helpers.py,640,3,1,0,0
flask,C:\Users\Zhifei Chen\Desktop\pysmell\subjects_for_metrics\flask\tests\test_helpers.py,655,3,1,0,0
flask,C:\Users\Zhifei Chen\Desktop\pysmell\subjects_for_metrics\flask\tests\test_regression.py,51,2,0,0,0
flask,C:\Users\Zhifei Chen\Desktop\pysmell\subjects_for_metrics\flask\tests\test_regression.py,81,2,0,0,0
flask,C:\Users\Zhifei Chen\Desktop\pysmell\subjects_for_metrics\flask\tests\test_reqctx.py,22,2,0,0,0
flask,C:\Users\Zhifei Chen\Desktop\pysmell\subjects_for_metrics\flask\tests\test_reqctx.py,35,2,0,0,0
flask,C:\Users\Zhifei Chen\Desktop\pysmell\subjects_for_metrics\flask\tests\test_reqctx.py,51,2,0,0,0
flask,C:\Users\Zhifei Chen\Desktop\pysmell\subjects_for_metrics\flask\tests\test_reqctx.py,66,2,0,0,0
flask,C:\Users\Zhifei Chen\Desktop\pysmell\subjects_for_metrics\flask\tests\test_reqctx.py,106,2,0,0,0
flask,C:\Users\Zhifei Chen\Desktop\pysmell\subjects_for_metrics\flask\tests\test_reqctx.py,133,2,0,0,0
flask,C:\Users\Zhifei Chen\Desktop\pysmell\subjects_for_metrics\flask\tests\test_reqctx.py,150,3,1,0,0
flask,C:\Users\Zhifei Chen\Desktop\pysmell\subjects_for_metrics\flask\tests\test_reqctx.py,177,3,1,0,0
flask,C:\Users\Zhifei Chen\Desktop\pysmell\subjects_for_metrics\flask\tests\test_signals.py,27,2,0,0,0
flask,C:\Users\Zhifei Chen\Desktop\pysmell\subjects_for_metrics\flask\tests\test_signals.py,49,2,0,0,0
flask,C:\Users\Zhifei Chen\Desktop\pysmell\subjects_for_metrics\flask\tests\test_signals.py,73,2,0,0,0
flask,C:\Users\Zhifei Chen\Desktop\pysmell\subjects_for_metrics\flask\tests\test_signals.py,112,2,0,0,0
flask,C:\Users\Zhifei Chen\Desktop\pysmell\subjects_for_metrics\flask\tests\test_signals.py,131,2,0,0,0
flask,C:\Users\Zhifei Chen\Desktop\pysmell\subjects_for_metrics\flask\tests\test_signals.py,157,2,0,0,0
flask,C:\Users\Zhifei Chen\Desktop\pysmell\subjects_for_metrics\flask\tests\test_signals.py,183,2,0,0,0
flask,C:\Users\Zhifei Chen\Desktop\pysmell\subjects_for_metrics\flask\tests\test_subclassing.py,18,2,0,0,0
flask,C:\Users\Zhifei Chen\Desktop\pysmell\subjects_for_metrics\flask\tests\test_templating.py,19,2,0,0,0
flask,C:\Users\Zhifei Chen\Desktop\pysmell\subjects_for_metrics\flask\tests\test_templating.py,30,2,0,0,0
flask,C:\Users\Zhifei Chen\Desktop\pysmell\subjects_for_metrics\flask\tests\test_templating.py,38,2,0,0,0
flask,C:\Users\Zhifei Chen\Desktop\pysmell\subjects_for_metrics\flask\tests\test_templating.py,50,2,0,0,0
flask,C:\Users\Zhifei Chen\Desktop\pysmell\subjects_for_metrics\flask\tests\test_templating.py,66,2,0,0,0
flask,C:\Users\Zhifei Chen\Desktop\pysmell\subjects_for_metrics\flask\tests\test_templating.py,83,2,0,0,0
flask,C:\Users\Zhifei Chen\Desktop\pysmell\subjects_for_metrics\flask\tests\test_templating.py,116,2,0,0,0
flask,C:\Users\Zhifei Chen\Desktop\pysmell\subjects_for_metrics\flask\tests\test_templating.py,125,2,0,0,0
flask,C:\Users\Zhifei Chen\Desktop\pysmell\subjects_for_metrics\flask\tests\test_templating.py,134,2,0,0,0
flask,C:\Users\Zhifei Chen\Desktop\pysmell\subjects_for_metrics\flask\tests\test_templating.py,143,2,0,0,0
flask,C:\Users\Zhifei Chen\Desktop\pysmell\subjects_for_metrics\flask\tests\test_templating.py,152,2,0,0,0
flask,C:\Users\Zhifei Chen\Desktop\pysmell\subjects_for_metrics\flask\tests\test_templating.py,163,2,0,0,0
flask,C:\Users\Zhifei Chen\Desktop\pysmell\subjects_for_metrics\flask\tests\test_templating.py,174,2,0,0,0
flask,C:\Users\Zhifei Chen\Desktop\pysmell\subjects_for_metrics\flask\tests\test_templating.py,185,2,0,0,0
flask,C:\Users\Zhifei Chen\Desktop\pysmell\subjects_for_metrics\flask\tests\test_templating.py,196,2,0,0,0
flask,C:\Users\Zhifei Chen\Desktop\pysmell\subjects_for_metrics\flask\tests\test_templating.py,205,2,0,0,0
flask,C:\Users\Zhifei Chen\Desktop\pysmell\subjects_for_metrics\flask\tests\test_templating.py,214,2,0,0,0
flask,C:\Users\Zhifei Chen\Desktop\pysmell\subjects_for_metrics\flask\tests\test_templating.py,223,2,0,0,0
flask,C:\Users\Zhifei Chen\Desktop\pysmell\subjects_for_metrics\flask\tests\test_templating.py,232,2,0,0,0
flask,C:\Users\Zhifei Chen\Desktop\pysmell\subjects_for_metrics\flask\tests\test_templating.py,243,2,0,0,0
flask,C:\Users\Zhifei Chen\Desktop\pysmell\subjects_for_metrics\flask\tests\test_templating.py,254,2,0,0,0
flask,C:\Users\Zhifei Chen\Desktop\pysmell\subjects_for_metrics\flask\tests\test_templating.py,265,2,0,0,0
flask,C:\Users\Zhifei Chen\Desktop\pysmell\subjects_for_metrics\flask\tests\test_templating.py,276,2,0,0,0
flask,C:\Users\Zhifei Chen\Desktop\pysmell\subjects_for_metrics\flask\tests\test_templating.py,288,2,0,0,0
flask,C:\Users\Zhifei Chen\Desktop\pysmell\subjects_for_metrics\flask\tests\test_templating.py,301,2,0,0,0
flask,C:\Users\Zhifei Chen\Desktop\pysmell\subjects_for_metrics\flask\tests\test_testing.py,18,2,0,0,0
flask,C:\Users\Zhifei Chen\Desktop\pysmell\subjects_for_metrics\flask\tests\test_testing.py,33,2,0,0,0
flask,C:\Users\Zhifei Chen\Desktop\pysmell\subjects_for_metrics\flask\tests\test_testing.py,46,2,0,0,0
flask,C:\Users\Zhifei Chen\Desktop\pysmell\subjects_for_metrics\flask\tests\test_testing.py,78,2,0,0,0
flask,C:\Users\Zhifei Chen\Desktop\pysmell\subjects_for_metrics\flask\tests\test_testing.py,135,2,0,0,0
flask,C:\Users\Zhifei Chen\Desktop\pysmell\subjects_for_metrics\flask\tests\test_testing.py,176,2,0,0,0
flask,C:\Users\Zhifei Chen\Desktop\pysmell\subjects_for_metrics\flask\tests\test_testing.py,198,2,0,0,0
flask,C:\Users\Zhifei Chen\Desktop\pysmell\subjects_for_metrics\flask\tests\test_testing.py,212,2,0,0,0
flask,C:\Users\Zhifei Chen\Desktop\pysmell\subjects_for_metrics\flask\tests\test_testing.py,228,2,0,0,0
flask,C:\Users\Zhifei Chen\Desktop\pysmell\subjects_for_metrics\flask\tests\test_user_error_handler.py,6,2,0,0,0
flask,C:\Users\Zhifei Chen\Desktop\pysmell\subjects_for_metrics\flask\tests\test_user_error_handler.py,35,2,0,0,0
flask,C:\Users\Zhifei Chen\Desktop\pysmell\subjects_for_metrics\flask\tests\test_user_error_handler.py,76,2,0,0,0
flask,C:\Users\Zhifei Chen\Desktop\pysmell\subjects_for_metrics\flask\tests\test_user_error_handler.py,114,2,0,0,0
flask,C:\Users\Zhifei Chen\Desktop\pysmell\subjects_for_metrics\flask\tests\test_views.py,91,3,1,0,0
