subject,file,lineno,LEC,DNC,NCT,experience-based,statistics-based,tuning machine
flask,C:\Users\Zhifei Chen\Desktop\pysmell\subjects_for_metrics\flask\docs\conf.py,63,1,,,0,0,0
flask,C:\Users\Zhifei Chen\Desktop\pysmell\subjects_for_metrics\flask\docs\conf.py,64,1,,,0,0,0
flask,C:\Users\Zhifei Chen\Desktop\pysmell\subjects_for_metrics\flask\docs\conf.py,144,,2,1,0,0,0
flask,C:\Users\Zhifei Chen\Desktop\pysmell\subjects_for_metrics\flask\docs\conf.py,188,,2,1,0,0,0
flask,C:\Users\Zhifei Chen\Desktop\pysmell\subjects_for_metrics\flask\examples\flaskr\flaskr.py,35,1,,,0,0,0
flask,C:\Users\Zhifei Chen\Desktop\pysmell\subjects_for_metrics\flask\examples\flaskr\flaskr.py,85,1,,,0,0,0
flask,C:\Users\Zhifei Chen\Desktop\pysmell\subjects_for_metrics\flask\examples\flaskr\flaskr.py,85,1,,,0,0,0
flask,C:\Users\Zhifei Chen\Desktop\pysmell\subjects_for_metrics\flask\examples\flaskr\flaskr.py,95,1,,,0,0,0
flask,C:\Users\Zhifei Chen\Desktop\pysmell\subjects_for_metrics\flask\examples\flaskr\flaskr.py,95,1,,,0,0,0
flask,C:\Users\Zhifei Chen\Desktop\pysmell\subjects_for_metrics\flask\examples\flaskr\flaskr.py,97,1,,,0,0,0
flask,C:\Users\Zhifei Chen\Desktop\pysmell\subjects_for_metrics\flask\examples\flaskr\flaskr.py,97,1,,,0,0,0
flask,C:\Users\Zhifei Chen\Desktop\pysmell\subjects_for_metrics\flask\examples\flaskr\flaskr.py,100,1,,,0,0,0
flask,C:\Users\Zhifei Chen\Desktop\pysmell\subjects_for_metrics\flask\examples\flaskr\test_flaskr.py,21,1,,,0,0,0
flask,C:\Users\Zhifei Chen\Desktop\pysmell\subjects_for_metrics\flask\examples\flaskr\test_flaskr.py,22,1,,,0,0,0
flask,C:\Users\Zhifei Chen\Desktop\pysmell\subjects_for_metrics\flask\examples\flaskr\test_flaskr.py,29,1,,,0,0,0
flask,C:\Users\Zhifei Chen\Desktop\pysmell\subjects_for_metrics\flask\examples\flaskr\test_flaskr.py,54,1,,,0,0,0
flask,C:\Users\Zhifei Chen\Desktop\pysmell\subjects_for_metrics\flask\examples\flaskr\test_flaskr.py,55,1,,,0,0,0
flask,C:\Users\Zhifei Chen\Desktop\pysmell\subjects_for_metrics\flask\examples\flaskr\test_flaskr.py,59,1,,,0,0,0
flask,C:\Users\Zhifei Chen\Desktop\pysmell\subjects_for_metrics\flask\examples\flaskr\test_flaskr.py,60,1,,,0,0,0
flask,C:\Users\Zhifei Chen\Desktop\pysmell\subjects_for_metrics\flask\examples\flaskr\test_flaskr.py,62,1,,,0,0,0
flask,C:\Users\Zhifei Chen\Desktop\pysmell\subjects_for_metrics\flask\examples\flaskr\test_flaskr.py,63,1,,,0,0,0
flask,C:\Users\Zhifei Chen\Desktop\pysmell\subjects_for_metrics\flask\examples\flaskr\test_flaskr.py,69,1,,,0,0,0
flask,C:\Users\Zhifei Chen\Desktop\pysmell\subjects_for_metrics\flask\examples\flaskr\test_flaskr.py,70,1,,,0,0,0
flask,C:\Users\Zhifei Chen\Desktop\pysmell\subjects_for_metrics\flask\examples\minitwit\minitwit.py,39,1,,,0,0,0
flask,C:\Users\Zhifei Chen\Desktop\pysmell\subjects_for_metrics\flask\examples\minitwit\minitwit.py,71,1,,,0,0,0
flask,C:\Users\Zhifei Chen\Desktop\pysmell\subjects_for_metrics\flask\examples\minitwit\minitwit.py,78,1,,,0,0,0
flask,C:\Users\Zhifei Chen\Desktop\pysmell\subjects_for_metrics\flask\examples\minitwit\minitwit.py,97,1,,,0,0,0
flask,C:\Users\Zhifei Chen\Desktop\pysmell\subjects_for_metrics\flask\examples\minitwit\minitwit.py,115,1,,,0,0,0
flask,C:\Users\Zhifei Chen\Desktop\pysmell\subjects_for_metrics\flask\examples\minitwit\minitwit.py,115,1,,,0,0,0
flask,C:\Users\Zhifei Chen\Desktop\pysmell\subjects_for_metrics\flask\examples\minitwit\minitwit.py,138,1,,,0,0,0
flask,C:\Users\Zhifei Chen\Desktop\pysmell\subjects_for_metrics\flask\examples\minitwit\minitwit.py,138,1,,,0,0,0
flask,C:\Users\Zhifei Chen\Desktop\pysmell\subjects_for_metrics\flask\examples\minitwit\minitwit.py,144,1,,,0,0,0
flask,C:\Users\Zhifei Chen\Desktop\pysmell\subjects_for_metrics\flask\examples\minitwit\minitwit.py,158,1,,,0,0,0
flask,C:\Users\Zhifei Chen\Desktop\pysmell\subjects_for_metrics\flask\examples\minitwit\minitwit.py,174,1,,,0,0,0
flask,C:\Users\Zhifei Chen\Desktop\pysmell\subjects_for_metrics\flask\examples\minitwit\minitwit.py,185,1,,,0,0,0
flask,C:\Users\Zhifei Chen\Desktop\pysmell\subjects_for_metrics\flask\examples\minitwit\minitwit.py,188,1,,,0,0,0
flask,C:\Users\Zhifei Chen\Desktop\pysmell\subjects_for_metrics\flask\examples\minitwit\minitwit.py,188,1,,,0,0,0
flask,C:\Users\Zhifei Chen\Desktop\pysmell\subjects_for_metrics\flask\examples\minitwit\minitwit.py,203,1,,,0,0,0
flask,C:\Users\Zhifei Chen\Desktop\pysmell\subjects_for_metrics\flask\examples\minitwit\minitwit.py,206,1,,,0,0,0
flask,C:\Users\Zhifei Chen\Desktop\pysmell\subjects_for_metrics\flask\examples\minitwit\minitwit.py,207,1,,,0,0,0
flask,C:\Users\Zhifei Chen\Desktop\pysmell\subjects_for_metrics\flask\examples\minitwit\minitwit.py,211,1,,,0,0,0
flask,C:\Users\Zhifei Chen\Desktop\pysmell\subjects_for_metrics\flask\examples\minitwit\minitwit.py,211,1,,,0,0,0
flask,C:\Users\Zhifei Chen\Desktop\pysmell\subjects_for_metrics\flask\examples\minitwit\minitwit.py,223,1,,,0,0,0
flask,C:\Users\Zhifei Chen\Desktop\pysmell\subjects_for_metrics\flask\examples\minitwit\minitwit.py,225,1,,,0,0,0
flask,C:\Users\Zhifei Chen\Desktop\pysmell\subjects_for_metrics\flask\examples\minitwit\minitwit.py,226,1,,,0,0,0
flask,C:\Users\Zhifei Chen\Desktop\pysmell\subjects_for_metrics\flask\examples\minitwit\minitwit.py,228,1,,,0,0,0
flask,C:\Users\Zhifei Chen\Desktop\pysmell\subjects_for_metrics\flask\examples\minitwit\minitwit.py,230,1,,,0,0,0
flask,C:\Users\Zhifei Chen\Desktop\pysmell\subjects_for_metrics\flask\examples\minitwit\minitwit.py,230,1,,,0,0,0
flask,C:\Users\Zhifei Chen\Desktop\pysmell\subjects_for_metrics\flask\examples\minitwit\minitwit.py,232,1,,,0,0,0
flask,C:\Users\Zhifei Chen\Desktop\pysmell\subjects_for_metrics\flask\examples\minitwit\minitwit.py,238,1,,,0,0,0
flask,C:\Users\Zhifei Chen\Desktop\pysmell\subjects_for_metrics\flask\examples\minitwit\minitwit.py,238,1,,,0,0,0
flask,C:\Users\Zhifei Chen\Desktop\pysmell\subjects_for_metrics\flask\examples\minitwit\minitwit.py,239,1,,,0,0,0
flask,C:\Users\Zhifei Chen\Desktop\pysmell\subjects_for_metrics\flask\examples\minitwit\minitwit.py,255,1,,,0,0,0
flask,C:\Users\Zhifei Chen\Desktop\pysmell\subjects_for_metrics\flask\examples\minitwit\minitwit.py,256,1,,,0,0,0
flask,C:\Users\Zhifei Chen\Desktop\pysmell\subjects_for_metrics\flask\examples\minitwit\test_minitwit.py,19,1,,,0,0,0
flask,C:\Users\Zhifei Chen\Desktop\pysmell\subjects_for_metrics\flask\examples\minitwit\test_minitwit.py,27,1,,,0,0,0
flask,C:\Users\Zhifei Chen\Desktop\pysmell\subjects_for_metrics\flask\examples\persona\persona.py,36,1,,,0,0,0
flask,C:\Users\Zhifei Chen\Desktop\pysmell\subjects_for_metrics\flask\examples\persona\persona.py,37,1,,,0,0,0
flask,C:\Users\Zhifei Chen\Desktop\pysmell\subjects_for_metrics\flask\examples\persona\persona.py,42,1,,,0,0,0
flask,C:\Users\Zhifei Chen\Desktop\pysmell\subjects_for_metrics\flask\examples\persona\persona.py,43,1,,,0,0,0
flask,C:\Users\Zhifei Chen\Desktop\pysmell\subjects_for_metrics\flask\examples\persona\persona.py,43,1,,,0,0,0
flask,C:\Users\Zhifei Chen\Desktop\pysmell\subjects_for_metrics\flask\flask\app.py,467,,2,1,0,0,0
flask,C:\Users\Zhifei Chen\Desktop\pysmell\subjects_for_metrics\flask\flask\app.py,548,1,,,0,0,0
flask,C:\Users\Zhifei Chen\Desktop\pysmell\subjects_for_metrics\flask\flask\app.py,563,1,,,0,0,0
flask,C:\Users\Zhifei Chen\Desktop\pysmell\subjects_for_metrics\flask\flask\app.py,566,1,,,0,0,0
flask,C:\Users\Zhifei Chen\Desktop\pysmell\subjects_for_metrics\flask\flask\app.py,576,1,,,0,0,0
flask,C:\Users\Zhifei Chen\Desktop\pysmell\subjects_for_metrics\flask\flask\app.py,589,1,,,0,0,0
flask,C:\Users\Zhifei Chen\Desktop\pysmell\subjects_for_metrics\flask\flask\app.py,682,1,,,0,0,0
flask,C:\Users\Zhifei Chen\Desktop\pysmell\subjects_for_metrics\flask\flask\app.py,684,1,,,0,0,0
flask,C:\Users\Zhifei Chen\Desktop\pysmell\subjects_for_metrics\flask\flask\app.py,685,1,,,0,0,0
flask,C:\Users\Zhifei Chen\Desktop\pysmell\subjects_for_metrics\flask\flask\app.py,685,1,,,0,0,0
flask,C:\Users\Zhifei Chen\Desktop\pysmell\subjects_for_metrics\flask\flask\app.py,687,1,,,0,0,0
flask,C:\Users\Zhifei Chen\Desktop\pysmell\subjects_for_metrics\flask\flask\app.py,700,1,,,0,0,0
flask,C:\Users\Zhifei Chen\Desktop\pysmell\subjects_for_metrics\flask\flask\app.py,746,1,,,0,0,0
flask,C:\Users\Zhifei Chen\Desktop\pysmell\subjects_for_metrics\flask\flask\app.py,751,1,,,0,0,0
flask,C:\Users\Zhifei Chen\Desktop\pysmell\subjects_for_metrics\flask\flask\app.py,817,1,,,0,0,0
flask,C:\Users\Zhifei Chen\Desktop\pysmell\subjects_for_metrics\flask\flask\app.py,819,1,,,0,0,0
flask,C:\Users\Zhifei Chen\Desktop\pysmell\subjects_for_metrics\flask\flask\app.py,928,1,,,0,0,0
flask,C:\Users\Zhifei Chen\Desktop\pysmell\subjects_for_metrics\flask\flask\app.py,932,1,,,0,0,0
flask,C:\Users\Zhifei Chen\Desktop\pysmell\subjects_for_metrics\flask\flask\app.py,934,1,,,0,0,0
flask,C:\Users\Zhifei Chen\Desktop\pysmell\subjects_for_metrics\flask\flask\app.py,998,1,,,0,0,0
flask,C:\Users\Zhifei Chen\Desktop\pysmell\subjects_for_metrics\flask\flask\app.py,1038,1,,,0,0,0
flask,C:\Users\Zhifei Chen\Desktop\pysmell\subjects_for_metrics\flask\flask\app.py,1082,1,,,0,0,0
flask,C:\Users\Zhifei Chen\Desktop\pysmell\subjects_for_metrics\flask\flask\app.py,1090,1,,,0,0,0
flask,C:\Users\Zhifei Chen\Desktop\pysmell\subjects_for_metrics\flask\flask\app.py,1173,1,,,0,0,0
flask,C:\Users\Zhifei Chen\Desktop\pysmell\subjects_for_metrics\flask\flask\app.py,1201,1,,,0,0,0
flask,C:\Users\Zhifei Chen\Desktop\pysmell\subjects_for_metrics\flask\flask\app.py,1238,1,,,0,0,0
flask,C:\Users\Zhifei Chen\Desktop\pysmell\subjects_for_metrics\flask\flask\app.py,1270,1,,,0,0,0
flask,C:\Users\Zhifei Chen\Desktop\pysmell\subjects_for_metrics\flask\flask\app.py,1384,1,,,0,0,0
flask,C:\Users\Zhifei Chen\Desktop\pysmell\subjects_for_metrics\flask\flask\app.py,1437,1,,,0,0,0
flask,C:\Users\Zhifei Chen\Desktop\pysmell\subjects_for_metrics\flask\flask\app.py,1450,1,,,0,0,0
flask,C:\Users\Zhifei Chen\Desktop\pysmell\subjects_for_metrics\flask\flask\app.py,1483,1,,,0,0,0
flask,C:\Users\Zhifei Chen\Desktop\pysmell\subjects_for_metrics\flask\flask\app.py,1485,1,,,0,0,0
flask,C:\Users\Zhifei Chen\Desktop\pysmell\subjects_for_metrics\flask\flask\app.py,1594,1,,,0,0,0
flask,C:\Users\Zhifei Chen\Desktop\pysmell\subjects_for_metrics\flask\flask\app.py,1740,1,,,0,0,0
flask,C:\Users\Zhifei Chen\Desktop\pysmell\subjects_for_metrics\flask\flask\app.py,1743,1,,,0,0,0
flask,C:\Users\Zhifei Chen\Desktop\pysmell\subjects_for_metrics\flask\flask\app.py,1745,1,,,0,0,0
flask,C:\Users\Zhifei Chen\Desktop\pysmell\subjects_for_metrics\flask\flask\app.py,1746,1,,,0,0,0
flask,C:\Users\Zhifei Chen\Desktop\pysmell\subjects_for_metrics\flask\flask\app.py,1747,1,,,0,0,0
flask,C:\Users\Zhifei Chen\Desktop\pysmell\subjects_for_metrics\flask\flask\app.py,1758,1,,,0,0,0
flask,C:\Users\Zhifei Chen\Desktop\pysmell\subjects_for_metrics\flask\flask\app.py,1798,1,,,0,0,0
flask,C:\Users\Zhifei Chen\Desktop\pysmell\subjects_for_metrics\flask\flask\app.py,1804,1,,,0,0,0
flask,C:\Users\Zhifei Chen\Desktop\pysmell\subjects_for_metrics\flask\flask\app.py,1827,1,,,0,0,0
flask,C:\Users\Zhifei Chen\Desktop\pysmell\subjects_for_metrics\flask\flask\app.py,1829,1,,,0,0,0
flask,C:\Users\Zhifei Chen\Desktop\pysmell\subjects_for_metrics\flask\flask\app.py,1848,1,,,0,0,0
flask,C:\Users\Zhifei Chen\Desktop\pysmell\subjects_for_metrics\flask\flask\app.py,1852,1,,,0,0,0
flask,C:\Users\Zhifei Chen\Desktop\pysmell\subjects_for_metrics\flask\flask\app.py,1865,1,,,0,0,0
flask,C:\Users\Zhifei Chen\Desktop\pysmell\subjects_for_metrics\flask\flask\blueprints.py,184,1,,,0,0,0
flask,C:\Users\Zhifei Chen\Desktop\pysmell\subjects_for_metrics\flask\flask\blueprints.py,210,1,,,0,0,0
flask,C:\Users\Zhifei Chen\Desktop\pysmell\subjects_for_metrics\flask\flask\blueprints.py,238,1,,,0,0,0
flask,C:\Users\Zhifei Chen\Desktop\pysmell\subjects_for_metrics\flask\flask\blueprints.py,266,1,,,0,0,0
flask,C:\Users\Zhifei Chen\Desktop\pysmell\subjects_for_metrics\flask\flask\cli.py,43,1,,,0,0,0
flask,C:\Users\Zhifei Chen\Desktop\pysmell\subjects_for_metrics\flask\flask\cli.py,58,1,,,0,0,0
flask,C:\Users\Zhifei Chen\Desktop\pysmell\subjects_for_metrics\flask\flask\cli.py,59,1,,,0,0,0
flask,C:\Users\Zhifei Chen\Desktop\pysmell\subjects_for_metrics\flask\flask\cli.py,76,1,,,0,0,0
flask,C:\Users\Zhifei Chen\Desktop\pysmell\subjects_for_metrics\flask\flask\cli.py,89,1,,,0,0,0
flask,C:\Users\Zhifei Chen\Desktop\pysmell\subjects_for_metrics\flask\flask\cli.py,340,1,,,0,0,0
flask,C:\Users\Zhifei Chen\Desktop\pysmell\subjects_for_metrics\flask\flask\cli.py,364,1,,,0,0,0
flask,C:\Users\Zhifei Chen\Desktop\pysmell\subjects_for_metrics\flask\flask\cli.py,367,1,,,0,0,0
flask,C:\Users\Zhifei Chen\Desktop\pysmell\subjects_for_metrics\flask\flask\cli.py,479,1,,,0,0,0
flask,C:\Users\Zhifei Chen\Desktop\pysmell\subjects_for_metrics\flask\flask\cli.py,483,1,,,0,0,0
flask,C:\Users\Zhifei Chen\Desktop\pysmell\subjects_for_metrics\flask\flask\cli.py,490,1,,,0,0,0
flask,C:\Users\Zhifei Chen\Desktop\pysmell\subjects_for_metrics\flask\flask\config.py,31,1,,,0,0,0
flask,C:\Users\Zhifei Chen\Desktop\pysmell\subjects_for_metrics\flask\flask\config.py,37,1,,,0,0,0
flask,C:\Users\Zhifei Chen\Desktop\pysmell\subjects_for_metrics\flask\flask\config.py,166,1,,,0,0,0
flask,C:\Users\Zhifei Chen\Desktop\pysmell\subjects_for_metrics\flask\flask\config.py,201,1,,,0,0,0
flask,C:\Users\Zhifei Chen\Desktop\pysmell\subjects_for_metrics\flask\flask\config.py,202,1,,,0,0,0
flask,C:\Users\Zhifei Chen\Desktop\pysmell\subjects_for_metrics\flask\flask\config.py,204,1,,,0,0,0
flask,C:\Users\Zhifei Chen\Desktop\pysmell\subjects_for_metrics\flask\flask\config.py,213,1,,,0,0,0
flask,C:\Users\Zhifei Chen\Desktop\pysmell\subjects_for_metrics\flask\flask\config.py,249,1,,,0,0,0
flask,C:\Users\Zhifei Chen\Desktop\pysmell\subjects_for_metrics\flask\flask\config.py,254,1,,,0,0,0
flask,C:\Users\Zhifei Chen\Desktop\pysmell\subjects_for_metrics\flask\flask\ctx.py,189,1,,,0,0,0
flask,C:\Users\Zhifei Chen\Desktop\pysmell\subjects_for_metrics\flask\flask\ctx.py,351,1,,,0,0,0
flask,C:\Users\Zhifei Chen\Desktop\pysmell\subjects_for_metrics\flask\flask\ctx.py,373,1,,,0,0,0
flask,C:\Users\Zhifei Chen\Desktop\pysmell\subjects_for_metrics\flask\flask\debughelpers.py,60,1,,,0,0,0
flask,C:\Users\Zhifei Chen\Desktop\pysmell\subjects_for_metrics\flask\flask\debughelpers.py,119,,2,1,0,0,0
flask,C:\Users\Zhifei Chen\Desktop\pysmell\subjects_for_metrics\flask\flask\debughelpers.py,137,1,,,0,0,0
flask,C:\Users\Zhifei Chen\Desktop\pysmell\subjects_for_metrics\flask\flask\exthook.py,49,1,,,0,0,0
flask,C:\Users\Zhifei Chen\Desktop\pysmell\subjects_for_metrics\flask\flask\exthook.py,57,1,,,0,0,0
flask,C:\Users\Zhifei Chen\Desktop\pysmell\subjects_for_metrics\flask\flask\exthook.py,58,1,,,0,0,0
flask,C:\Users\Zhifei Chen\Desktop\pysmell\subjects_for_metrics\flask\flask\exthook.py,83,1,,,0,0,0
flask,C:\Users\Zhifei Chen\Desktop\pysmell\subjects_for_metrics\flask\flask\exthook.py,83,1,,,0,0,0
flask,C:\Users\Zhifei Chen\Desktop\pysmell\subjects_for_metrics\flask\flask\exthook.py,85,1,,,0,0,0
flask,C:\Users\Zhifei Chen\Desktop\pysmell\subjects_for_metrics\flask\flask\exthook.py,107,1,,,0,0,0
flask,C:\Users\Zhifei Chen\Desktop\pysmell\subjects_for_metrics\flask\flask\helpers.py,182,1,,,0,0,0
flask,C:\Users\Zhifei Chen\Desktop\pysmell\subjects_for_metrics\flask\flask\helpers.py,272,1,,,0,0,0
flask,C:\Users\Zhifei Chen\Desktop\pysmell\subjects_for_metrics\flask\flask\helpers.py,276,1,,,0,0,0
flask,C:\Users\Zhifei Chen\Desktop\pysmell\subjects_for_metrics\flask\flask\helpers.py,283,1,,,0,0,0
flask,C:\Users\Zhifei Chen\Desktop\pysmell\subjects_for_metrics\flask\flask\helpers.py,370,1,,,0,0,0
flask,C:\Users\Zhifei Chen\Desktop\pysmell\subjects_for_metrics\flask\flask\helpers.py,408,1,,,0,0,0
flask,C:\Users\Zhifei Chen\Desktop\pysmell\subjects_for_metrics\flask\flask\helpers.py,410,1,,,0,0,0
flask,C:\Users\Zhifei Chen\Desktop\pysmell\subjects_for_metrics\flask\flask\helpers.py,498,1,,,0,0,0
flask,C:\Users\Zhifei Chen\Desktop\pysmell\subjects_for_metrics\flask\flask\helpers.py,515,1,,,0,0,0
flask,C:\Users\Zhifei Chen\Desktop\pysmell\subjects_for_metrics\flask\flask\helpers.py,516,1,,,0,0,0
flask,C:\Users\Zhifei Chen\Desktop\pysmell\subjects_for_metrics\flask\flask\helpers.py,522,1,,,0,0,0
flask,C:\Users\Zhifei Chen\Desktop\pysmell\subjects_for_metrics\flask\flask\helpers.py,653,1,,,0,0,0
flask,C:\Users\Zhifei Chen\Desktop\pysmell\subjects_for_metrics\flask\flask\helpers.py,703,1,,,0,0,0
flask,C:\Users\Zhifei Chen\Desktop\pysmell\subjects_for_metrics\flask\flask\helpers.py,722,1,,,0,0,0
flask,C:\Users\Zhifei Chen\Desktop\pysmell\subjects_for_metrics\flask\flask\helpers.py,772,1,,,0,0,0
flask,C:\Users\Zhifei Chen\Desktop\pysmell\subjects_for_metrics\flask\flask\helpers.py,859,1,,,0,0,0
flask,C:\Users\Zhifei Chen\Desktop\pysmell\subjects_for_metrics\flask\flask\json.py,98,1,,,0,0,0
flask,C:\Users\Zhifei Chen\Desktop\pysmell\subjects_for_metrics\flask\flask\json.py,100,1,,,0,0,0
flask,C:\Users\Zhifei Chen\Desktop\pysmell\subjects_for_metrics\flask\flask\json.py,240,1,,,0,0,0
flask,C:\Users\Zhifei Chen\Desktop\pysmell\subjects_for_metrics\flask\flask\logging.py,39,1,,,0,0,0
flask,C:\Users\Zhifei Chen\Desktop\pysmell\subjects_for_metrics\flask\flask\logging.py,44,1,,,0,0,0
flask,C:\Users\Zhifei Chen\Desktop\pysmell\subjects_for_metrics\flask\flask\logging.py,86,1,,,0,0,0
flask,C:\Users\Zhifei Chen\Desktop\pysmell\subjects_for_metrics\flask\flask\sessions.py,37,1,,,0,0,0
flask,C:\Users\Zhifei Chen\Desktop\pysmell\subjects_for_metrics\flask\flask\sessions.py,205,1,,,0,0,0
flask,C:\Users\Zhifei Chen\Desktop\pysmell\subjects_for_metrics\flask\flask\sessions.py,206,1,,,0,0,0
flask,C:\Users\Zhifei Chen\Desktop\pysmell\subjects_for_metrics\flask\flask\sessions.py,207,1,,,0,0,0
flask,C:\Users\Zhifei Chen\Desktop\pysmell\subjects_for_metrics\flask\flask\sessions.py,209,1,,,0,0,0
flask,C:\Users\Zhifei Chen\Desktop\pysmell\subjects_for_metrics\flask\flask\sessions.py,209,1,,,0,0,0
flask,C:\Users\Zhifei Chen\Desktop\pysmell\subjects_for_metrics\flask\flask\sessions.py,233,1,,,0,0,0
flask,C:\Users\Zhifei Chen\Desktop\pysmell\subjects_for_metrics\flask\flask\sessions.py,234,1,,,0,0,0
flask,C:\Users\Zhifei Chen\Desktop\pysmell\subjects_for_metrics\flask\flask\sessions.py,241,1,,,0,0,0
flask,C:\Users\Zhifei Chen\Desktop\pysmell\subjects_for_metrics\flask\flask\sessions.py,247,1,,,0,0,0
flask,C:\Users\Zhifei Chen\Desktop\pysmell\subjects_for_metrics\flask\flask\sessions.py,273,1,,,0,0,0
flask,C:\Users\Zhifei Chen\Desktop\pysmell\subjects_for_metrics\flask\flask\templating.py,26,1,,,0,0,0
flask,C:\Users\Zhifei Chen\Desktop\pysmell\subjects_for_metrics\flask\flask\templating.py,28,1,,,0,0,0
flask,C:\Users\Zhifei Chen\Desktop\pysmell\subjects_for_metrics\flask\flask\templating.py,29,1,,,0,0,0
flask,C:\Users\Zhifei Chen\Desktop\pysmell\subjects_for_metrics\flask\flask\templating.py,41,1,,,0,0,0
flask,C:\Users\Zhifei Chen\Desktop\pysmell\subjects_for_metrics\flask\flask\templating.py,55,1,,,0,0,0
flask,C:\Users\Zhifei Chen\Desktop\pysmell\subjects_for_metrics\flask\flask\testing.py,101,1,,,0,0,0
flask,C:\Users\Zhifei Chen\Desktop\pysmell\subjects_for_metrics\flask\flask\wrappers.py,67,1,,,0,0,0
flask,C:\Users\Zhifei Chen\Desktop\pysmell\subjects_for_metrics\flask\flask\wrappers.py,96,1,,,0,0,0
flask,C:\Users\Zhifei Chen\Desktop\pysmell\subjects_for_metrics\flask\flask\_compat.py,15,1,,,0,0,0
flask,C:\Users\Zhifei Chen\Desktop\pysmell\subjects_for_metrics\flask\scripts\flask-07-upgrade.py,50,,2,1,0,0,0
flask,C:\Users\Zhifei Chen\Desktop\pysmell\subjects_for_metrics\flask\scripts\flask-07-upgrade.py,69,1,,,0,0,0
flask,C:\Users\Zhifei Chen\Desktop\pysmell\subjects_for_metrics\flask\scripts\flask-07-upgrade.py,70,1,,,0,0,0
flask,C:\Users\Zhifei Chen\Desktop\pysmell\subjects_for_metrics\flask\scripts\flask-07-upgrade.py,102,,2,1,0,0,0
flask,C:\Users\Zhifei Chen\Desktop\pysmell\subjects_for_metrics\flask\scripts\flask-07-upgrade.py,104,1,,,0,0,0
flask,C:\Users\Zhifei Chen\Desktop\pysmell\subjects_for_metrics\flask\scripts\flask-07-upgrade.py,118,1,,,0,0,0
flask,C:\Users\Zhifei Chen\Desktop\pysmell\subjects_for_metrics\flask\scripts\flask-07-upgrade.py,131,1,,,0,0,0
flask,C:\Users\Zhifei Chen\Desktop\pysmell\subjects_for_metrics\flask\scripts\flask-07-upgrade.py,134,1,,,0,0,0
flask,C:\Users\Zhifei Chen\Desktop\pysmell\subjects_for_metrics\flask\scripts\flask-07-upgrade.py,136,1,,,0,0,0
flask,C:\Users\Zhifei Chen\Desktop\pysmell\subjects_for_metrics\flask\scripts\flask-07-upgrade.py,138,1,,,0,0,0
flask,C:\Users\Zhifei Chen\Desktop\pysmell\subjects_for_metrics\flask\scripts\flask-07-upgrade.py,139,1,,,0,0,0
flask,C:\Users\Zhifei Chen\Desktop\pysmell\subjects_for_metrics\flask\scripts\flask-07-upgrade.py,141,1,,,0,0,0
flask,C:\Users\Zhifei Chen\Desktop\pysmell\subjects_for_metrics\flask\scripts\flask-07-upgrade.py,145,1,,,0,0,0
flask,C:\Users\Zhifei Chen\Desktop\pysmell\subjects_for_metrics\flask\scripts\flask-07-upgrade.py,152,1,,,0,0,0
flask,C:\Users\Zhifei Chen\Desktop\pysmell\subjects_for_metrics\flask\scripts\flask-07-upgrade.py,175,1,,,0,0,0
flask,C:\Users\Zhifei Chen\Desktop\pysmell\subjects_for_metrics\flask\scripts\flask-07-upgrade.py,181,1,,,0,0,0
flask,C:\Users\Zhifei Chen\Desktop\pysmell\subjects_for_metrics\flask\scripts\flask-07-upgrade.py,181,1,,,0,0,0
flask,C:\Users\Zhifei Chen\Desktop\pysmell\subjects_for_metrics\flask\scripts\flask-07-upgrade.py,186,1,,,0,0,0
flask,C:\Users\Zhifei Chen\Desktop\pysmell\subjects_for_metrics\flask\scripts\flask-07-upgrade.py,202,1,,,0,0,0
flask,C:\Users\Zhifei Chen\Desktop\pysmell\subjects_for_metrics\flask\scripts\flask-07-upgrade.py,249,1,,,0,0,0
flask,C:\Users\Zhifei Chen\Desktop\pysmell\subjects_for_metrics\flask\scripts\flaskext_compat.py,45,1,,,0,0,0
flask,C:\Users\Zhifei Chen\Desktop\pysmell\subjects_for_metrics\flask\scripts\flaskext_compat.py,53,1,,,0,0,0
flask,C:\Users\Zhifei Chen\Desktop\pysmell\subjects_for_metrics\flask\scripts\flaskext_compat.py,54,1,,,0,0,0
flask,C:\Users\Zhifei Chen\Desktop\pysmell\subjects_for_metrics\flask\scripts\flaskext_compat.py,79,1,,,0,0,0
flask,C:\Users\Zhifei Chen\Desktop\pysmell\subjects_for_metrics\flask\scripts\flaskext_compat.py,79,1,,,0,0,0
flask,C:\Users\Zhifei Chen\Desktop\pysmell\subjects_for_metrics\flask\scripts\flaskext_compat.py,81,1,,,0,0,0
flask,C:\Users\Zhifei Chen\Desktop\pysmell\subjects_for_metrics\flask\scripts\flaskext_compat.py,103,1,,,0,0,0
flask,C:\Users\Zhifei Chen\Desktop\pysmell\subjects_for_metrics\flask\scripts\flaskext_compat.py,123,1,,,0,0,0
flask,C:\Users\Zhifei Chen\Desktop\pysmell\subjects_for_metrics\flask\scripts\flaskext_migrate.py,45,1,,,0,0,0
flask,C:\Users\Zhifei Chen\Desktop\pysmell\subjects_for_metrics\flask\scripts\flaskext_migrate.py,45,1,,,0,0,0
flask,C:\Users\Zhifei Chen\Desktop\pysmell\subjects_for_metrics\flask\scripts\flaskext_migrate.py,48,1,,,0,0,0
flask,C:\Users\Zhifei Chen\Desktop\pysmell\subjects_for_metrics\flask\scripts\flaskext_migrate.py,55,1,,,0,0,0
flask,C:\Users\Zhifei Chen\Desktop\pysmell\subjects_for_metrics\flask\scripts\flaskext_migrate.py,60,1,,,0,0,0
flask,C:\Users\Zhifei Chen\Desktop\pysmell\subjects_for_metrics\flask\scripts\flaskext_migrate.py,100,1,,,0,0,0
flask,C:\Users\Zhifei Chen\Desktop\pysmell\subjects_for_metrics\flask\scripts\flaskext_migrate.py,130,1,,,0,0,0
flask,C:\Users\Zhifei Chen\Desktop\pysmell\subjects_for_metrics\flask\scripts\flaskext_migrate.py,131,1,,,0,0,0
flask,C:\Users\Zhifei Chen\Desktop\pysmell\subjects_for_metrics\flask\scripts\flaskext_migrate.py,132,1,,,0,0,0
flask,C:\Users\Zhifei Chen\Desktop\pysmell\subjects_for_metrics\flask\scripts\flaskext_migrate.py,154,1,,,0,0,0
flask,C:\Users\Zhifei Chen\Desktop\pysmell\subjects_for_metrics\flask\scripts\flaskext_tester.py,40,1,,,0,0,0
flask,C:\Users\Zhifei Chen\Desktop\pysmell\subjects_for_metrics\flask\scripts\flaskext_tester.py,122,1,,,0,0,0
flask,C:\Users\Zhifei Chen\Desktop\pysmell\subjects_for_metrics\flask\scripts\flaskext_tester.py,145,1,,,0,0,0
flask,C:\Users\Zhifei Chen\Desktop\pysmell\subjects_for_metrics\flask\scripts\flaskext_tester.py,147,1,,,0,0,0
flask,C:\Users\Zhifei Chen\Desktop\pysmell\subjects_for_metrics\flask\scripts\flaskext_tester.py,163,1,,,0,0,0
flask,C:\Users\Zhifei Chen\Desktop\pysmell\subjects_for_metrics\flask\scripts\flaskext_tester.py,176,1,,,0,0,0
flask,C:\Users\Zhifei Chen\Desktop\pysmell\subjects_for_metrics\flask\scripts\flaskext_tester.py,223,1,,,0,0,0
flask,C:\Users\Zhifei Chen\Desktop\pysmell\subjects_for_metrics\flask\scripts\flaskext_tester.py,224,1,,,0,0,0
flask,C:\Users\Zhifei Chen\Desktop\pysmell\subjects_for_metrics\flask\scripts\flaskext_tester.py,266,1,,,0,0,0
flask,C:\Users\Zhifei Chen\Desktop\pysmell\subjects_for_metrics\flask\scripts\make-release.py,51,1,,,0,0,0
flask,C:\Users\Zhifei Chen\Desktop\pysmell\subjects_for_metrics\flask\scripts\make-release.py,102,1,,,0,0,0
flask,C:\Users\Zhifei Chen\Desktop\pysmell\subjects_for_metrics\flask\tests\test_appctx.py,19,1,,,0,0,0
flask,C:\Users\Zhifei Chen\Desktop\pysmell\subjects_for_metrics\flask\tests\test_appctx.py,20,1,,,0,0,0
flask,C:\Users\Zhifei Chen\Desktop\pysmell\subjects_for_metrics\flask\tests\test_appctx.py,142,1,,,0,0,0
flask,C:\Users\Zhifei Chen\Desktop\pysmell\subjects_for_metrics\flask\tests\test_basic.py,159,1,,,0,0,0
flask,C:\Users\Zhifei Chen\Desktop\pysmell\subjects_for_metrics\flask\tests\test_basic.py,160,1,,,0,0,0
flask,C:\Users\Zhifei Chen\Desktop\pysmell\subjects_for_metrics\flask\tests\test_basic.py,194,1,,,0,0,0
flask,C:\Users\Zhifei Chen\Desktop\pysmell\subjects_for_metrics\flask\tests\test_basic.py,194,1,,,0,0,0
flask,C:\Users\Zhifei Chen\Desktop\pysmell\subjects_for_metrics\flask\tests\test_basic.py,199,1,,,0,0,0
flask,C:\Users\Zhifei Chen\Desktop\pysmell\subjects_for_metrics\flask\tests\test_basic.py,215,1,,,0,0,0
flask,C:\Users\Zhifei Chen\Desktop\pysmell\subjects_for_metrics\flask\tests\test_basic.py,218,1,,,0,0,0
flask,C:\Users\Zhifei Chen\Desktop\pysmell\subjects_for_metrics\flask\tests\test_basic.py,219,1,,,0,0,0
flask,C:\Users\Zhifei Chen\Desktop\pysmell\subjects_for_metrics\flask\tests\test_basic.py,231,1,,,0,0,0
flask,C:\Users\Zhifei Chen\Desktop\pysmell\subjects_for_metrics\flask\tests\test_basic.py,234,1,,,0,0,0
flask,C:\Users\Zhifei Chen\Desktop\pysmell\subjects_for_metrics\flask\tests\test_basic.py,235,1,,,0,0,0
flask,C:\Users\Zhifei Chen\Desktop\pysmell\subjects_for_metrics\flask\tests\test_basic.py,248,1,,,0,0,0
flask,C:\Users\Zhifei Chen\Desktop\pysmell\subjects_for_metrics\flask\tests\test_basic.py,251,1,,,0,0,0
flask,C:\Users\Zhifei Chen\Desktop\pysmell\subjects_for_metrics\flask\tests\test_basic.py,252,1,,,0,0,0
flask,C:\Users\Zhifei Chen\Desktop\pysmell\subjects_for_metrics\flask\tests\test_basic.py,253,1,,,0,0,0
flask,C:\Users\Zhifei Chen\Desktop\pysmell\subjects_for_metrics\flask\tests\test_basic.py,264,1,,,0,0,0
flask,C:\Users\Zhifei Chen\Desktop\pysmell\subjects_for_metrics\flask\tests\test_basic.py,276,1,,,0,0,0
flask,C:\Users\Zhifei Chen\Desktop\pysmell\subjects_for_metrics\flask\tests\test_basic.py,279,1,,,0,0,0
flask,C:\Users\Zhifei Chen\Desktop\pysmell\subjects_for_metrics\flask\tests\test_basic.py,296,1,,,0,0,0
flask,C:\Users\Zhifei Chen\Desktop\pysmell\subjects_for_metrics\flask\tests\test_basic.py,299,1,,,0,0,0
flask,C:\Users\Zhifei Chen\Desktop\pysmell\subjects_for_metrics\flask\tests\test_basic.py,329,1,,,0,0,0
flask,C:\Users\Zhifei Chen\Desktop\pysmell\subjects_for_metrics\flask\tests\test_basic.py,340,1,,,0,0,0
flask,C:\Users\Zhifei Chen\Desktop\pysmell\subjects_for_metrics\flask\tests\test_basic.py,353,1,,,0,0,0
flask,C:\Users\Zhifei Chen\Desktop\pysmell\subjects_for_metrics\flask\tests\test_basic.py,364,1,,,0,0,0
flask,C:\Users\Zhifei Chen\Desktop\pysmell\subjects_for_metrics\flask\tests\test_basic.py,385,1,,,0,0,0
flask,C:\Users\Zhifei Chen\Desktop\pysmell\subjects_for_metrics\flask\tests\test_basic.py,386,1,,,0,0,0
flask,C:\Users\Zhifei Chen\Desktop\pysmell\subjects_for_metrics\flask\tests\test_basic.py,387,1,,,0,0,0
flask,C:\Users\Zhifei Chen\Desktop\pysmell\subjects_for_metrics\flask\tests\test_basic.py,388,1,,,0,0,0
flask,C:\Users\Zhifei Chen\Desktop\pysmell\subjects_for_metrics\flask\tests\test_basic.py,389,1,,,0,0,0
flask,C:\Users\Zhifei Chen\Desktop\pysmell\subjects_for_metrics\flask\tests\test_basic.py,399,1,,,0,0,0
flask,C:\Users\Zhifei Chen\Desktop\pysmell\subjects_for_metrics\flask\tests\test_basic.py,400,1,,,0,0,0
flask,C:\Users\Zhifei Chen\Desktop\pysmell\subjects_for_metrics\flask\tests\test_basic.py,401,1,,,0,0,0
flask,C:\Users\Zhifei Chen\Desktop\pysmell\subjects_for_metrics\flask\tests\test_basic.py,402,1,,,0,0,0
flask,C:\Users\Zhifei Chen\Desktop\pysmell\subjects_for_metrics\flask\tests\test_basic.py,403,1,,,0,0,0
flask,C:\Users\Zhifei Chen\Desktop\pysmell\subjects_for_metrics\flask\tests\test_basic.py,404,1,,,0,0,0
flask,C:\Users\Zhifei Chen\Desktop\pysmell\subjects_for_metrics\flask\tests\test_basic.py,405,1,,,0,0,0
flask,C:\Users\Zhifei Chen\Desktop\pysmell\subjects_for_metrics\flask\tests\test_basic.py,416,1,,,0,0,0
flask,C:\Users\Zhifei Chen\Desktop\pysmell\subjects_for_metrics\flask\tests\test_basic.py,436,1,,,0,0,0
flask,C:\Users\Zhifei Chen\Desktop\pysmell\subjects_for_metrics\flask\tests\test_basic.py,440,1,,,0,0,0
flask,C:\Users\Zhifei Chen\Desktop\pysmell\subjects_for_metrics\flask\tests\test_basic.py,444,1,,,0,0,0
flask,C:\Users\Zhifei Chen\Desktop\pysmell\subjects_for_metrics\flask\tests\test_basic.py,448,1,,,0,0,0
flask,C:\Users\Zhifei Chen\Desktop\pysmell\subjects_for_metrics\flask\tests\test_basic.py,497,,2,1,0,0,0
flask,C:\Users\Zhifei Chen\Desktop\pysmell\subjects_for_metrics\flask\tests\test_basic.py,508,,2,1,0,0,0
flask,C:\Users\Zhifei Chen\Desktop\pysmell\subjects_for_metrics\flask\tests\test_basic.py,515,,2,1,0,0,0
flask,C:\Users\Zhifei Chen\Desktop\pysmell\subjects_for_metrics\flask\tests\test_basic.py,526,1,,,0,0,0
flask,C:\Users\Zhifei Chen\Desktop\pysmell\subjects_for_metrics\flask\tests\test_basic.py,527,1,,,0,0,0
flask,C:\Users\Zhifei Chen\Desktop\pysmell\subjects_for_metrics\flask\tests\test_basic.py,614,1,,,0,0,0
flask,C:\Users\Zhifei Chen\Desktop\pysmell\subjects_for_metrics\flask\tests\test_basic.py,620,1,,,0,0,0
flask,C:\Users\Zhifei Chen\Desktop\pysmell\subjects_for_metrics\flask\tests\test_basic.py,663,1,,,0,0,0
flask,C:\Users\Zhifei Chen\Desktop\pysmell\subjects_for_metrics\flask\tests\test_basic.py,738,1,,,0,0,0
flask,C:\Users\Zhifei Chen\Desktop\pysmell\subjects_for_metrics\flask\tests\test_basic.py,850,1,,,0,0,0
flask,C:\Users\Zhifei Chen\Desktop\pysmell\subjects_for_metrics\flask\tests\test_basic.py,854,1,,,0,0,0
flask,C:\Users\Zhifei Chen\Desktop\pysmell\subjects_for_metrics\flask\tests\test_basic.py,867,1,,,0,0,0
flask,C:\Users\Zhifei Chen\Desktop\pysmell\subjects_for_metrics\flask\tests\test_basic.py,885,1,,,0,0,0
flask,C:\Users\Zhifei Chen\Desktop\pysmell\subjects_for_metrics\flask\tests\test_basic.py,913,,2,1,0,0,0
flask,C:\Users\Zhifei Chen\Desktop\pysmell\subjects_for_metrics\flask\tests\test_basic.py,920,,2,1,0,0,0
flask,C:\Users\Zhifei Chen\Desktop\pysmell\subjects_for_metrics\flask\tests\test_basic.py,931,,2,1,0,0,0
flask,C:\Users\Zhifei Chen\Desktop\pysmell\subjects_for_metrics\flask\tests\test_basic.py,941,1,,,0,0,0
flask,C:\Users\Zhifei Chen\Desktop\pysmell\subjects_for_metrics\flask\tests\test_basic.py,946,1,,,0,0,0
flask,C:\Users\Zhifei Chen\Desktop\pysmell\subjects_for_metrics\flask\tests\test_basic.py,955,1,,,0,0,0
flask,C:\Users\Zhifei Chen\Desktop\pysmell\subjects_for_metrics\flask\tests\test_basic.py,956,1,,,0,0,0
flask,C:\Users\Zhifei Chen\Desktop\pysmell\subjects_for_metrics\flask\tests\test_basic.py,996,,2,1,0,0,0
flask,C:\Users\Zhifei Chen\Desktop\pysmell\subjects_for_metrics\flask\tests\test_basic.py,998,1,,,0,0,0
flask,C:\Users\Zhifei Chen\Desktop\pysmell\subjects_for_metrics\flask\tests\test_basic.py,999,1,,,0,0,0
flask,C:\Users\Zhifei Chen\Desktop\pysmell\subjects_for_metrics\flask\tests\test_basic.py,1007,,2,1,0,0,0
flask,C:\Users\Zhifei Chen\Desktop\pysmell\subjects_for_metrics\flask\tests\test_basic.py,1023,,2,1,0,0,0
flask,C:\Users\Zhifei Chen\Desktop\pysmell\subjects_for_metrics\flask\tests\test_basic.py,1096,1,,,0,0,0
flask,C:\Users\Zhifei Chen\Desktop\pysmell\subjects_for_metrics\flask\tests\test_basic.py,1198,1,,,0,0,0
flask,C:\Users\Zhifei Chen\Desktop\pysmell\subjects_for_metrics\flask\tests\test_basic.py,1205,1,,,0,0,0
flask,C:\Users\Zhifei Chen\Desktop\pysmell\subjects_for_metrics\flask\tests\test_basic.py,1227,1,,,0,0,0
flask,C:\Users\Zhifei Chen\Desktop\pysmell\subjects_for_metrics\flask\tests\test_basic.py,1231,1,,,0,0,0
flask,C:\Users\Zhifei Chen\Desktop\pysmell\subjects_for_metrics\flask\tests\test_basic.py,1236,1,,,0,0,0
flask,C:\Users\Zhifei Chen\Desktop\pysmell\subjects_for_metrics\flask\tests\test_basic.py,1287,1,,,0,0,0
flask,C:\Users\Zhifei Chen\Desktop\pysmell\subjects_for_metrics\flask\tests\test_basic.py,1484,1,,,0,0,0
flask,C:\Users\Zhifei Chen\Desktop\pysmell\subjects_for_metrics\flask\tests\test_basic.py,1489,1,,,0,0,0
flask,C:\Users\Zhifei Chen\Desktop\pysmell\subjects_for_metrics\flask\tests\test_basic.py,1518,1,,,0,0,0
flask,C:\Users\Zhifei Chen\Desktop\pysmell\subjects_for_metrics\flask\tests\test_basic.py,1538,1,,,0,0,0
flask,C:\Users\Zhifei Chen\Desktop\pysmell\subjects_for_metrics\flask\tests\test_basic.py,1551,1,,,0,0,0
flask,C:\Users\Zhifei Chen\Desktop\pysmell\subjects_for_metrics\flask\tests\test_basic.py,1599,1,,,0,0,0
flask,C:\Users\Zhifei Chen\Desktop\pysmell\subjects_for_metrics\flask\tests\test_basic.py,1604,1,,,0,0,0
flask,C:\Users\Zhifei Chen\Desktop\pysmell\subjects_for_metrics\flask\tests\test_basic.py,1612,1,,,0,0,0
flask,C:\Users\Zhifei Chen\Desktop\pysmell\subjects_for_metrics\flask\tests\test_basic.py,1618,1,,,0,0,0
flask,C:\Users\Zhifei Chen\Desktop\pysmell\subjects_for_metrics\flask\tests\test_blueprints.py,160,1,,,0,0,0
flask,C:\Users\Zhifei Chen\Desktop\pysmell\subjects_for_metrics\flask\tests\test_blueprints.py,163,1,,,0,0,0
flask,C:\Users\Zhifei Chen\Desktop\pysmell\subjects_for_metrics\flask\tests\test_blueprints.py,165,1,,,0,0,0
flask,C:\Users\Zhifei Chen\Desktop\pysmell\subjects_for_metrics\flask\tests\test_blueprints.py,167,1,,,0,0,0
flask,C:\Users\Zhifei Chen\Desktop\pysmell\subjects_for_metrics\flask\tests\test_blueprints.py,171,1,,,0,0,0
flask,C:\Users\Zhifei Chen\Desktop\pysmell\subjects_for_metrics\flask\tests\test_blueprints.py,197,1,,,0,0,0
flask,C:\Users\Zhifei Chen\Desktop\pysmell\subjects_for_metrics\flask\tests\test_blueprints.py,201,1,,,0,0,0
flask,C:\Users\Zhifei Chen\Desktop\pysmell\subjects_for_metrics\flask\tests\test_blueprints.py,203,1,,,0,0,0
flask,C:\Users\Zhifei Chen\Desktop\pysmell\subjects_for_metrics\flask\tests\test_blueprints.py,205,1,,,0,0,0
flask,C:\Users\Zhifei Chen\Desktop\pysmell\subjects_for_metrics\flask\tests\test_blueprints.py,209,1,,,0,0,0
flask,C:\Users\Zhifei Chen\Desktop\pysmell\subjects_for_metrics\flask\tests\test_blueprints.py,365,1,,,0,0,0
flask,C:\Users\Zhifei Chen\Desktop\pysmell\subjects_for_metrics\flask\tests\test_blueprints.py,369,1,,,0,0,0
flask,C:\Users\Zhifei Chen\Desktop\pysmell\subjects_for_metrics\flask\tests\test_blueprints.py,370,1,,,0,0,0
flask,C:\Users\Zhifei Chen\Desktop\pysmell\subjects_for_metrics\flask\tests\test_blueprints.py,375,1,,,0,0,0
flask,C:\Users\Zhifei Chen\Desktop\pysmell\subjects_for_metrics\flask\tests\test_blueprints.py,380,1,,,0,0,0
flask,C:\Users\Zhifei Chen\Desktop\pysmell\subjects_for_metrics\flask\tests\test_blueprints.py,381,1,,,0,0,0
flask,C:\Users\Zhifei Chen\Desktop\pysmell\subjects_for_metrics\flask\tests\test_blueprints.py,387,1,,,0,0,0
flask,C:\Users\Zhifei Chen\Desktop\pysmell\subjects_for_metrics\flask\tests\test_blueprints.py,391,1,,,0,0,0
flask,C:\Users\Zhifei Chen\Desktop\pysmell\subjects_for_metrics\flask\tests\test_blueprints.py,392,1,,,0,0,0
flask,C:\Users\Zhifei Chen\Desktop\pysmell\subjects_for_metrics\flask\tests\test_blueprints.py,397,1,,,0,0,0
flask,C:\Users\Zhifei Chen\Desktop\pysmell\subjects_for_metrics\flask\tests\test_blueprints.py,402,1,,,0,0,0
flask,C:\Users\Zhifei Chen\Desktop\pysmell\subjects_for_metrics\flask\tests\test_blueprints.py,403,1,,,0,0,0
flask,C:\Users\Zhifei Chen\Desktop\pysmell\subjects_for_metrics\flask\tests\test_blueprints.py,409,1,,,0,0,0
flask,C:\Users\Zhifei Chen\Desktop\pysmell\subjects_for_metrics\flask\tests\test_blueprints.py,426,1,,,0,0,0
flask,C:\Users\Zhifei Chen\Desktop\pysmell\subjects_for_metrics\flask\tests\test_blueprints.py,434,1,,,0,0,0
flask,C:\Users\Zhifei Chen\Desktop\pysmell\subjects_for_metrics\flask\tests\test_blueprints.py,448,1,,,0,0,0
flask,C:\Users\Zhifei Chen\Desktop\pysmell\subjects_for_metrics\flask\tests\test_blueprints.py,460,1,,,0,0,0
flask,C:\Users\Zhifei Chen\Desktop\pysmell\subjects_for_metrics\flask\tests\test_blueprints.py,478,1,,,0,0,0
flask,C:\Users\Zhifei Chen\Desktop\pysmell\subjects_for_metrics\flask\tests\test_blueprints.py,479,1,,,0,0,0
flask,C:\Users\Zhifei Chen\Desktop\pysmell\subjects_for_metrics\flask\tests\test_blueprints.py,489,1,,,0,0,0
flask,C:\Users\Zhifei Chen\Desktop\pysmell\subjects_for_metrics\flask\tests\test_blueprints.py,490,1,,,0,0,0
flask,C:\Users\Zhifei Chen\Desktop\pysmell\subjects_for_metrics\flask\tests\test_blueprints.py,500,1,,,0,0,0
flask,C:\Users\Zhifei Chen\Desktop\pysmell\subjects_for_metrics\flask\tests\test_blueprints.py,501,1,,,0,0,0
flask,C:\Users\Zhifei Chen\Desktop\pysmell\subjects_for_metrics\flask\tests\test_blueprints.py,511,1,,,0,0,0
flask,C:\Users\Zhifei Chen\Desktop\pysmell\subjects_for_metrics\flask\tests\test_blueprints.py,512,1,,,0,0,0
flask,C:\Users\Zhifei Chen\Desktop\pysmell\subjects_for_metrics\flask\tests\test_config.py,23,1,,,0,0,0
flask,C:\Users\Zhifei Chen\Desktop\pysmell\subjects_for_metrics\flask\tests\test_config.py,29,1,,,0,0,0
flask,C:\Users\Zhifei Chen\Desktop\pysmell\subjects_for_metrics\flask\tests\test_config.py,55,,2,1,0,0,0
flask,C:\Users\Zhifei Chen\Desktop\pysmell\subjects_for_metrics\flask\tests\test_config.py,99,1,,,0,0,0
flask,C:\Users\Zhifei Chen\Desktop\pysmell\subjects_for_metrics\flask\tests\test_config.py,167,1,,,0,0,0
flask,C:\Users\Zhifei Chen\Desktop\pysmell\subjects_for_metrics\flask\tests\test_config.py,173,1,,,0,0,0
flask,C:\Users\Zhifei Chen\Desktop\pysmell\subjects_for_metrics\flask\tests\test_config.py,174,1,,,0,0,0
flask,C:\Users\Zhifei Chen\Desktop\pysmell\subjects_for_metrics\flask\tests\test_config.py,175,1,,,0,0,0
flask,C:\Users\Zhifei Chen\Desktop\pysmell\subjects_for_metrics\flask\tests\test_config.py,176,1,,,0,0,0
flask,C:\Users\Zhifei Chen\Desktop\pysmell\subjects_for_metrics\flask\tests\test_config.py,179,1,,,0,0,0
flask,C:\Users\Zhifei Chen\Desktop\pysmell\subjects_for_metrics\flask\tests\test_config.py,180,1,,,0,0,0
flask,C:\Users\Zhifei Chen\Desktop\pysmell\subjects_for_metrics\flask\tests\test_config.py,183,1,,,0,0,0
flask,C:\Users\Zhifei Chen\Desktop\pysmell\subjects_for_metrics\flask\tests\test_config.py,184,1,,,0,0,0
flask,C:\Users\Zhifei Chen\Desktop\pysmell\subjects_for_metrics\flask\tests\test_config.py,187,1,,,0,0,0
flask,C:\Users\Zhifei Chen\Desktop\pysmell\subjects_for_metrics\flask\tests\test_config.py,188,1,,,0,0,0
flask,C:\Users\Zhifei Chen\Desktop\pysmell\subjects_for_metrics\flask\tests\test_config.py,191,1,,,0,0,0
flask,C:\Users\Zhifei Chen\Desktop\pysmell\subjects_for_metrics\flask\tests\test_config.py,192,1,,,0,0,0
flask,C:\Users\Zhifei Chen\Desktop\pysmell\subjects_for_metrics\flask\tests\test_helpers.py,50,1,,,0,0,0
flask,C:\Users\Zhifei Chen\Desktop\pysmell\subjects_for_metrics\flask\tests\test_helpers.py,54,1,,,0,0,0
flask,C:\Users\Zhifei Chen\Desktop\pysmell\subjects_for_metrics\flask\tests\test_helpers.py,66,1,,,0,0,0
flask,C:\Users\Zhifei Chen\Desktop\pysmell\subjects_for_metrics\flask\tests\test_helpers.py,124,1,,,0,0,0
flask,C:\Users\Zhifei Chen\Desktop\pysmell\subjects_for_metrics\flask\tests\test_helpers.py,129,1,,,0,0,0
flask,C:\Users\Zhifei Chen\Desktop\pysmell\subjects_for_metrics\flask\tests\test_helpers.py,139,1,,,0,0,0
flask,C:\Users\Zhifei Chen\Desktop\pysmell\subjects_for_metrics\flask\tests\test_helpers.py,139,1,,,0,0,0
flask,C:\Users\Zhifei Chen\Desktop\pysmell\subjects_for_metrics\flask\tests\test_helpers.py,163,,2,1,0,0,0
flask,C:\Users\Zhifei Chen\Desktop\pysmell\subjects_for_metrics\flask\tests\test_helpers.py,181,1,,,0,0,0
flask,C:\Users\Zhifei Chen\Desktop\pysmell\subjects_for_metrics\flask\tests\test_helpers.py,189,1,,,0,0,0
flask,C:\Users\Zhifei Chen\Desktop\pysmell\subjects_for_metrics\flask\tests\test_helpers.py,191,,2,1,0,0,0
flask,C:\Users\Zhifei Chen\Desktop\pysmell\subjects_for_metrics\flask\tests\test_helpers.py,206,1,,,0,0,0
flask,C:\Users\Zhifei Chen\Desktop\pysmell\subjects_for_metrics\flask\tests\test_helpers.py,218,1,,,0,0,0
flask,C:\Users\Zhifei Chen\Desktop\pysmell\subjects_for_metrics\flask\tests\test_helpers.py,306,1,,,0,0,0
flask,C:\Users\Zhifei Chen\Desktop\pysmell\subjects_for_metrics\flask\tests\test_helpers.py,332,1,,,0,0,0
flask,C:\Users\Zhifei Chen\Desktop\pysmell\subjects_for_metrics\flask\tests\test_helpers.py,390,1,,,0,0,0
flask,C:\Users\Zhifei Chen\Desktop\pysmell\subjects_for_metrics\flask\tests\test_helpers.py,397,1,,,0,0,0
flask,C:\Users\Zhifei Chen\Desktop\pysmell\subjects_for_metrics\flask\tests\test_helpers.py,399,1,,,0,0,0
flask,C:\Users\Zhifei Chen\Desktop\pysmell\subjects_for_metrics\flask\tests\test_helpers.py,401,1,,,0,0,0
flask,C:\Users\Zhifei Chen\Desktop\pysmell\subjects_for_metrics\flask\tests\test_helpers.py,409,1,,,0,0,0
flask,C:\Users\Zhifei Chen\Desktop\pysmell\subjects_for_metrics\flask\tests\test_helpers.py,411,1,,,0,0,0
flask,C:\Users\Zhifei Chen\Desktop\pysmell\subjects_for_metrics\flask\tests\test_helpers.py,420,1,,,0,0,0
flask,C:\Users\Zhifei Chen\Desktop\pysmell\subjects_for_metrics\flask\tests\test_helpers.py,425,1,,,0,0,0
flask,C:\Users\Zhifei Chen\Desktop\pysmell\subjects_for_metrics\flask\tests\test_helpers.py,428,1,,,0,0,0
flask,C:\Users\Zhifei Chen\Desktop\pysmell\subjects_for_metrics\flask\tests\test_helpers.py,432,1,,,0,0,0
flask,C:\Users\Zhifei Chen\Desktop\pysmell\subjects_for_metrics\flask\tests\test_helpers.py,437,1,,,0,0,0
flask,C:\Users\Zhifei Chen\Desktop\pysmell\subjects_for_metrics\flask\tests\test_helpers.py,447,1,,,0,0,0
flask,C:\Users\Zhifei Chen\Desktop\pysmell\subjects_for_metrics\flask\tests\test_helpers.py,452,1,,,0,0,0
flask,C:\Users\Zhifei Chen\Desktop\pysmell\subjects_for_metrics\flask\tests\test_helpers.py,496,1,,,0,0,0
flask,C:\Users\Zhifei Chen\Desktop\pysmell\subjects_for_metrics\flask\tests\test_helpers.py,513,1,,,0,0,0
flask,C:\Users\Zhifei Chen\Desktop\pysmell\subjects_for_metrics\flask\tests\test_helpers.py,533,1,,,0,0,0
flask,C:\Users\Zhifei Chen\Desktop\pysmell\subjects_for_metrics\flask\tests\test_helpers.py,633,1,,,0,0,0
flask,C:\Users\Zhifei Chen\Desktop\pysmell\subjects_for_metrics\flask\tests\test_helpers.py,648,1,,,0,0,0
flask,C:\Users\Zhifei Chen\Desktop\pysmell\subjects_for_metrics\flask\tests\test_helpers.py,673,1,,,0,0,0
flask,C:\Users\Zhifei Chen\Desktop\pysmell\subjects_for_metrics\flask\tests\test_instance_config.py,118,1,,,0,0,0
flask,C:\Users\Zhifei Chen\Desktop\pysmell\subjects_for_metrics\flask\tests\test_regression.py,36,1,,,0,0,0
flask,C:\Users\Zhifei Chen\Desktop\pysmell\subjects_for_metrics\flask\tests\test_regression.py,101,1,,,0,0,0
flask,C:\Users\Zhifei Chen\Desktop\pysmell\subjects_for_metrics\flask\tests\test_reqctx.py,110,1,,,0,0,0
flask,C:\Users\Zhifei Chen\Desktop\pysmell\subjects_for_metrics\flask\tests\test_reqctx.py,137,1,,,0,0,0
flask,C:\Users\Zhifei Chen\Desktop\pysmell\subjects_for_metrics\flask\tests\test_reqctx.py,165,1,,,0,0,0
flask,C:\Users\Zhifei Chen\Desktop\pysmell\subjects_for_metrics\flask\tests\test_reqctx.py,174,1,,,0,0,0
flask,C:\Users\Zhifei Chen\Desktop\pysmell\subjects_for_metrics\flask\tests\test_reqctx.py,190,1,,,0,0,0
flask,C:\Users\Zhifei Chen\Desktop\pysmell\subjects_for_metrics\flask\tests\test_reqctx.py,198,1,,,0,0,0
flask,C:\Users\Zhifei Chen\Desktop\pysmell\subjects_for_metrics\flask\tests\test_signals.py,43,1,,,0,0,0
flask,C:\Users\Zhifei Chen\Desktop\pysmell\subjects_for_metrics\flask\tests\test_signals.py,45,1,,,0,0,0
flask,C:\Users\Zhifei Chen\Desktop\pysmell\subjects_for_metrics\flask\tests\test_signals.py,59,1,,,0,0,0
flask,C:\Users\Zhifei Chen\Desktop\pysmell\subjects_for_metrics\flask\tests\test_signals.py,66,1,,,0,0,0
flask,C:\Users\Zhifei Chen\Desktop\pysmell\subjects_for_metrics\flask\tests\test_signals.py,68,1,,,0,0,0
flask,C:\Users\Zhifei Chen\Desktop\pysmell\subjects_for_metrics\flask\tests\test_signals.py,127,1,,,0,0,0
flask,C:\Users\Zhifei Chen\Desktop\pysmell\subjects_for_metrics\flask\tests\test_signals.py,159,1,,,0,0,0
flask,C:\Users\Zhifei Chen\Desktop\pysmell\subjects_for_metrics\flask\tests\test_signals.py,177,1,,,0,0,0
flask,C:\Users\Zhifei Chen\Desktop\pysmell\subjects_for_metrics\flask\tests\test_signals.py,200,,3,1,0,0,0
flask,C:\Users\Zhifei Chen\Desktop\pysmell\subjects_for_metrics\flask\tests\test_templating.py,40,1,,,0,0,0
flask,C:\Users\Zhifei Chen\Desktop\pysmell\subjects_for_metrics\flask\tests\test_templating.py,56,1,,,0,0,0
flask,C:\Users\Zhifei Chen\Desktop\pysmell\subjects_for_metrics\flask\tests\test_templating.py,120,1,,,0,0,0
flask,C:\Users\Zhifei Chen\Desktop\pysmell\subjects_for_metrics\flask\tests\test_templating.py,122,1,,,0,0,0
flask,C:\Users\Zhifei Chen\Desktop\pysmell\subjects_for_metrics\flask\tests\test_templating.py,123,1,,,0,0,0
flask,C:\Users\Zhifei Chen\Desktop\pysmell\subjects_for_metrics\flask\tests\test_templating.py,128,1,,,0,0,0
flask,C:\Users\Zhifei Chen\Desktop\pysmell\subjects_for_metrics\flask\tests\test_templating.py,131,1,,,0,0,0
flask,C:\Users\Zhifei Chen\Desktop\pysmell\subjects_for_metrics\flask\tests\test_templating.py,132,1,,,0,0,0
flask,C:\Users\Zhifei Chen\Desktop\pysmell\subjects_for_metrics\flask\tests\test_templating.py,138,1,,,0,0,0
flask,C:\Users\Zhifei Chen\Desktop\pysmell\subjects_for_metrics\flask\tests\test_templating.py,140,1,,,0,0,0
flask,C:\Users\Zhifei Chen\Desktop\pysmell\subjects_for_metrics\flask\tests\test_templating.py,141,1,,,0,0,0
flask,C:\Users\Zhifei Chen\Desktop\pysmell\subjects_for_metrics\flask\tests\test_templating.py,146,1,,,0,0,0
flask,C:\Users\Zhifei Chen\Desktop\pysmell\subjects_for_metrics\flask\tests\test_templating.py,149,1,,,0,0,0
flask,C:\Users\Zhifei Chen\Desktop\pysmell\subjects_for_metrics\flask\tests\test_templating.py,150,1,,,0,0,0
flask,C:\Users\Zhifei Chen\Desktop\pysmell\subjects_for_metrics\flask\tests\test_templating.py,156,1,,,0,0,0
flask,C:\Users\Zhifei Chen\Desktop\pysmell\subjects_for_metrics\flask\tests\test_templating.py,166,1,,,0,0,0
flask,C:\Users\Zhifei Chen\Desktop\pysmell\subjects_for_metrics\flask\tests\test_templating.py,178,1,,,0,0,0
flask,C:\Users\Zhifei Chen\Desktop\pysmell\subjects_for_metrics\flask\tests\test_templating.py,188,1,,,0,0,0
flask,C:\Users\Zhifei Chen\Desktop\pysmell\subjects_for_metrics\flask\tests\test_templating.py,202,1,,,0,0,0
flask,C:\Users\Zhifei Chen\Desktop\pysmell\subjects_for_metrics\flask\tests\test_templating.py,203,1,,,0,0,0
flask,C:\Users\Zhifei Chen\Desktop\pysmell\subjects_for_metrics\flask\tests\test_templating.py,211,1,,,0,0,0
flask,C:\Users\Zhifei Chen\Desktop\pysmell\subjects_for_metrics\flask\tests\test_templating.py,212,1,,,0,0,0
flask,C:\Users\Zhifei Chen\Desktop\pysmell\subjects_for_metrics\flask\tests\test_templating.py,220,1,,,0,0,0
flask,C:\Users\Zhifei Chen\Desktop\pysmell\subjects_for_metrics\flask\tests\test_templating.py,221,1,,,0,0,0
flask,C:\Users\Zhifei Chen\Desktop\pysmell\subjects_for_metrics\flask\tests\test_templating.py,229,1,,,0,0,0
flask,C:\Users\Zhifei Chen\Desktop\pysmell\subjects_for_metrics\flask\tests\test_templating.py,230,1,,,0,0,0
flask,C:\Users\Zhifei Chen\Desktop\pysmell\subjects_for_metrics\flask\tests\test_templating.py,282,1,,,0,0,0
flask,C:\Users\Zhifei Chen\Desktop\pysmell\subjects_for_metrics\flask\tests\test_templating.py,283,1,,,0,0,0
flask,C:\Users\Zhifei Chen\Desktop\pysmell\subjects_for_metrics\flask\tests\test_templating.py,321,1,,,0,0,0
flask,C:\Users\Zhifei Chen\Desktop\pysmell\subjects_for_metrics\flask\tests\test_templating.py,325,1,,,0,0,0
flask,C:\Users\Zhifei Chen\Desktop\pysmell\subjects_for_metrics\flask\tests\test_templating.py,330,1,,,0,0,0
flask,C:\Users\Zhifei Chen\Desktop\pysmell\subjects_for_metrics\flask\tests\test_templating.py,335,1,,,0,0,0
flask,C:\Users\Zhifei Chen\Desktop\pysmell\subjects_for_metrics\flask\tests\test_templating.py,336,1,,,0,0,0
flask,C:\Users\Zhifei Chen\Desktop\pysmell\subjects_for_metrics\flask\tests\test_templating.py,340,1,,,0,0,0
flask,C:\Users\Zhifei Chen\Desktop\pysmell\subjects_for_metrics\flask\tests\test_templating.py,341,1,,,0,0,0
flask,C:\Users\Zhifei Chen\Desktop\pysmell\subjects_for_metrics\flask\tests\test_templating.py,345,1,,,0,0,0
flask,C:\Users\Zhifei Chen\Desktop\pysmell\subjects_for_metrics\flask\tests\test_templating.py,346,1,,,0,0,0
flask,C:\Users\Zhifei Chen\Desktop\pysmell\subjects_for_metrics\flask\tests\test_templating.py,369,1,,,0,0,0
flask,C:\Users\Zhifei Chen\Desktop\pysmell\subjects_for_metrics\flask\tests\test_templating.py,370,1,,,0,0,0
flask,C:\Users\Zhifei Chen\Desktop\pysmell\subjects_for_metrics\flask\tests\test_templating.py,372,1,,,0,0,0
flask,C:\Users\Zhifei Chen\Desktop\pysmell\subjects_for_metrics\flask\tests\test_templating.py,379,1,,,0,0,0
flask,C:\Users\Zhifei Chen\Desktop\pysmell\subjects_for_metrics\flask\tests\test_templating.py,380,1,,,0,0,0
flask,C:\Users\Zhifei Chen\Desktop\pysmell\subjects_for_metrics\flask\tests\test_testing.py,21,1,,,0,0,0
flask,C:\Users\Zhifei Chen\Desktop\pysmell\subjects_for_metrics\flask\tests\test_testing.py,22,1,,,0,0,0
flask,C:\Users\Zhifei Chen\Desktop\pysmell\subjects_for_metrics\flask\tests\test_testing.py,54,1,,,0,0,0
flask,C:\Users\Zhifei Chen\Desktop\pysmell\subjects_for_metrics\flask\tests\test_testing.py,85,1,,,0,0,0
flask,C:\Users\Zhifei Chen\Desktop\pysmell\subjects_for_metrics\flask\tests\test_testing.py,90,1,,,0,0,0
flask,C:\Users\Zhifei Chen\Desktop\pysmell\subjects_for_metrics\flask\tests\test_testing.py,96,1,,,0,0,0
flask,C:\Users\Zhifei Chen\Desktop\pysmell\subjects_for_metrics\flask\tests\test_testing.py,137,1,,,0,0,0
flask,C:\Users\Zhifei Chen\Desktop\pysmell\subjects_for_metrics\flask\tests\test_testing.py,189,1,,,0,0,0
flask,C:\Users\Zhifei Chen\Desktop\pysmell\subjects_for_metrics\flask\tests\test_testing.py,214,1,,,0,0,0
flask,C:\Users\Zhifei Chen\Desktop\pysmell\subjects_for_metrics\flask\tests\test_testing.py,230,1,,,0,0,0
flask,C:\Users\Zhifei Chen\Desktop\pysmell\subjects_for_metrics\flask\tests\test_views.py,25,1,,,0,0,0
flask,C:\Users\Zhifei Chen\Desktop\pysmell\subjects_for_metrics\flask\tests\test_views.py,88,1,,,0,0,0
flask,C:\Users\Zhifei Chen\Desktop\pysmell\subjects_for_metrics\flask\tests\test_views.py,97,1,,,0,0,0
flask,C:\Users\Zhifei Chen\Desktop\pysmell\subjects_for_metrics\flask\tests\test_views.py,109,1,,,0,0,0
flask,C:\Users\Zhifei Chen\Desktop\pysmell\subjects_for_metrics\flask\tests\test_views.py,125,1,,,0,0,0
flask,C:\Users\Zhifei Chen\Desktop\pysmell\subjects_for_metrics\flask\tests\test_views.py,128,1,,,0,0,0
flask,C:\Users\Zhifei Chen\Desktop\pysmell\subjects_for_metrics\flask\tests\test_views.py,145,1,,,0,0,0
flask,C:\Users\Zhifei Chen\Desktop\pysmell\subjects_for_metrics\flask\tests\test_apps\blueprintapp\__init__.py,4,1,,,0,0,0
