subject,file,lineno,NBC,experience-based,statistics-based,tuning machine
luigi,C:\Users\Zhifei Chen\Desktop\pysmell\subjects_for_metrics\luigi\sitecustomize.py,21,1,0,0,0
luigi,C:\Users\Zhifei Chen\Desktop\pysmell\subjects_for_metrics\luigi\dummy_test_module\not_imported.py,4,1,0,0,0
luigi,C:\Users\Zhifei Chen\Desktop\pysmell\subjects_for_metrics\luigi\examples\dynamic_requirements.py,24,1,0,0,0
luigi,C:\Users\Zhifei Chen\Desktop\pysmell\subjects_for_metrics\luigi\examples\dynamic_requirements.py,47,1,0,0,0
luigi,C:\Users\Zhifei Chen\Desktop\pysmell\subjects_for_metrics\luigi\examples\dynamic_requirements.py,66,1,0,0,0
luigi,C:\Users\Zhifei Chen\Desktop\pysmell\subjects_for_metrics\luigi\examples\elasticsearch_index.py,25,1,0,0,0
luigi,C:\Users\Zhifei Chen\Desktop\pysmell\subjects_for_metrics\luigi\examples\elasticsearch_index.py,62,1,0,0,0
luigi,C:\Users\Zhifei Chen\Desktop\pysmell\subjects_for_metrics\luigi\examples\execution_summary_example.py,55,1,0,0,0
luigi,C:\Users\Zhifei Chen\Desktop\pysmell\subjects_for_metrics\luigi\examples\execution_summary_example.py,61,1,0,0,0
luigi,C:\Users\Zhifei Chen\Desktop\pysmell\subjects_for_metrics\luigi\examples\execution_summary_example.py,73,1,0,0,0
luigi,C:\Users\Zhifei Chen\Desktop\pysmell\subjects_for_metrics\luigi\examples\execution_summary_example.py,86,1,0,0,0
luigi,C:\Users\Zhifei Chen\Desktop\pysmell\subjects_for_metrics\luigi\examples\execution_summary_example.py,97,1,0,0,0
luigi,C:\Users\Zhifei Chen\Desktop\pysmell\subjects_for_metrics\luigi\examples\execution_summary_example.py,110,1,0,0,0
luigi,C:\Users\Zhifei Chen\Desktop\pysmell\subjects_for_metrics\luigi\examples\foo.py,26,1,0,0,0
luigi,C:\Users\Zhifei Chen\Desktop\pysmell\subjects_for_metrics\luigi\examples\foo.py,37,1,0,0,0
luigi,C:\Users\Zhifei Chen\Desktop\pysmell\subjects_for_metrics\luigi\examples\foo_complex.py,30,1,0,0,0
luigi,C:\Users\Zhifei Chen\Desktop\pysmell\subjects_for_metrics\luigi\examples\foo_complex.py,43,1,0,0,0
luigi,C:\Users\Zhifei Chen\Desktop\pysmell\subjects_for_metrics\luigi\examples\ftp_experiment_outputs.py,30,1,0,0,0
luigi,C:\Users\Zhifei Chen\Desktop\pysmell\subjects_for_metrics\luigi\examples\ftp_experiment_outputs.py,57,1,0,0,0
luigi,C:\Users\Zhifei Chen\Desktop\pysmell\subjects_for_metrics\luigi\examples\hello_world.py,4,1,0,0,0
luigi,C:\Users\Zhifei Chen\Desktop\pysmell\subjects_for_metrics\luigi\examples\pyspark_wc.py,22,1,0,0,0
luigi,C:\Users\Zhifei Chen\Desktop\pysmell\subjects_for_metrics\luigi\examples\pyspark_wc.py,55,1,0,0,0
luigi,C:\Users\Zhifei Chen\Desktop\pysmell\subjects_for_metrics\luigi\examples\spark_als.py,26,1,0,0,0
luigi,C:\Users\Zhifei Chen\Desktop\pysmell\subjects_for_metrics\luigi\examples\spark_als.py,60,1,0,0,0
luigi,C:\Users\Zhifei Chen\Desktop\pysmell\subjects_for_metrics\luigi\examples\ssh_remote_execution.py,31,1,0,0,0
luigi,C:\Users\Zhifei Chen\Desktop\pysmell\subjects_for_metrics\luigi\examples\ssh_remote_execution.py,57,1,0,0,0
luigi,C:\Users\Zhifei Chen\Desktop\pysmell\subjects_for_metrics\luigi\examples\terasort.py,44,1,0,0,0
luigi,C:\Users\Zhifei Chen\Desktop\pysmell\subjects_for_metrics\luigi\examples\terasort.py,75,1,0,0,0
luigi,C:\Users\Zhifei Chen\Desktop\pysmell\subjects_for_metrics\luigi\examples\top_artists.py,30,1,0,0,0
luigi,C:\Users\Zhifei Chen\Desktop\pysmell\subjects_for_metrics\luigi\examples\top_artists.py,50,1,0,0,0
luigi,C:\Users\Zhifei Chen\Desktop\pysmell\subjects_for_metrics\luigi\examples\top_artists.py,78,1,0,0,0
luigi,C:\Users\Zhifei Chen\Desktop\pysmell\subjects_for_metrics\luigi\examples\top_artists.py,97,1,0,0,0
luigi,C:\Users\Zhifei Chen\Desktop\pysmell\subjects_for_metrics\luigi\examples\top_artists.py,139,1,0,0,0
luigi,C:\Users\Zhifei Chen\Desktop\pysmell\subjects_for_metrics\luigi\examples\top_artists.py,194,1,0,0,0
luigi,C:\Users\Zhifei Chen\Desktop\pysmell\subjects_for_metrics\luigi\examples\top_artists.py,247,1,0,0,0
luigi,C:\Users\Zhifei Chen\Desktop\pysmell\subjects_for_metrics\luigi\examples\wordcount.py,22,1,0,0,0
luigi,C:\Users\Zhifei Chen\Desktop\pysmell\subjects_for_metrics\luigi\examples\wordcount.py,40,1,0,0,0
luigi,C:\Users\Zhifei Chen\Desktop\pysmell\subjects_for_metrics\luigi\examples\wordcount_hadoop.py,29,1,0,0,0
luigi,C:\Users\Zhifei Chen\Desktop\pysmell\subjects_for_metrics\luigi\examples\wordcount_hadoop.py,49,1,0,0,0
luigi,C:\Users\Zhifei Chen\Desktop\pysmell\subjects_for_metrics\luigi\luigi\cmdline_parser.py,28,1,0,0,0
luigi,C:\Users\Zhifei Chen\Desktop\pysmell\subjects_for_metrics\luigi\luigi\configuration.py,42,1,0,0,0
luigi,C:\Users\Zhifei Chen\Desktop\pysmell\subjects_for_metrics\luigi\luigi\date_interval.py,45,1,0,0,0
luigi,C:\Users\Zhifei Chen\Desktop\pysmell\subjects_for_metrics\luigi\luigi\date_interval.py,163,1,0,0,0
luigi,C:\Users\Zhifei Chen\Desktop\pysmell\subjects_for_metrics\luigi\luigi\date_interval.py,185,1,0,0,0
luigi,C:\Users\Zhifei Chen\Desktop\pysmell\subjects_for_metrics\luigi\luigi\date_interval.py,217,1,0,0,0
luigi,C:\Users\Zhifei Chen\Desktop\pysmell\subjects_for_metrics\luigi\luigi\date_interval.py,238,1,0,0,0
luigi,C:\Users\Zhifei Chen\Desktop\pysmell\subjects_for_metrics\luigi\luigi\date_interval.py,258,1,0,0,0
luigi,C:\Users\Zhifei Chen\Desktop\pysmell\subjects_for_metrics\luigi\luigi\db_task_history.py,57,1,0,0,0
luigi,C:\Users\Zhifei Chen\Desktop\pysmell\subjects_for_metrics\luigi\luigi\db_task_history.py,187,1,0,0,0
luigi,C:\Users\Zhifei Chen\Desktop\pysmell\subjects_for_metrics\luigi\luigi\db_task_history.py,200,1,0,0,0
luigi,C:\Users\Zhifei Chen\Desktop\pysmell\subjects_for_metrics\luigi\luigi\db_task_history.py,214,1,0,0,0
luigi,C:\Users\Zhifei Chen\Desktop\pysmell\subjects_for_metrics\luigi\luigi\event.py,21,1,0,0,0
luigi,C:\Users\Zhifei Chen\Desktop\pysmell\subjects_for_metrics\luigi\luigi\execution_summary.py,31,1,0,0,0
luigi,C:\Users\Zhifei Chen\Desktop\pysmell\subjects_for_metrics\luigi\luigi\file.py,33,1,0,0,0
luigi,C:\Users\Zhifei Chen\Desktop\pysmell\subjects_for_metrics\luigi\luigi\file.py,45,1,0,0,0
luigi,C:\Users\Zhifei Chen\Desktop\pysmell\subjects_for_metrics\luigi\luigi\file.py,87,1,0,0,0
luigi,C:\Users\Zhifei Chen\Desktop\pysmell\subjects_for_metrics\luigi\luigi\file.py,157,1,0,0,0
luigi,C:\Users\Zhifei Chen\Desktop\pysmell\subjects_for_metrics\luigi\luigi\format.py,30,1,0,0,0
luigi,C:\Users\Zhifei Chen\Desktop\pysmell\subjects_for_metrics\luigi\luigi\format.py,56,1,0,0,0
luigi,C:\Users\Zhifei Chen\Desktop\pysmell\subjects_for_metrics\luigi\luigi\format.py,169,1,0,0,0
luigi,C:\Users\Zhifei Chen\Desktop\pysmell\subjects_for_metrics\luigi\luigi\format.py,245,1,0,0,0
luigi,C:\Users\Zhifei Chen\Desktop\pysmell\subjects_for_metrics\luigi\luigi\format.py,274,1,0,0,0
luigi,C:\Users\Zhifei Chen\Desktop\pysmell\subjects_for_metrics\luigi\luigi\format.py,316,1,0,0,0
luigi,C:\Users\Zhifei Chen\Desktop\pysmell\subjects_for_metrics\luigi\luigi\format.py,339,1,0,0,0
luigi,C:\Users\Zhifei Chen\Desktop\pysmell\subjects_for_metrics\luigi\luigi\format.py,356,1,0,0,0
luigi,C:\Users\Zhifei Chen\Desktop\pysmell\subjects_for_metrics\luigi\luigi\format.py,396,1,0,0,0
luigi,C:\Users\Zhifei Chen\Desktop\pysmell\subjects_for_metrics\luigi\luigi\format.py,432,1,0,0,0
luigi,C:\Users\Zhifei Chen\Desktop\pysmell\subjects_for_metrics\luigi\luigi\format.py,440,1,0,0,0
luigi,C:\Users\Zhifei Chen\Desktop\pysmell\subjects_for_metrics\luigi\luigi\format.py,453,1,0,0,0
luigi,C:\Users\Zhifei Chen\Desktop\pysmell\subjects_for_metrics\luigi\luigi\format.py,460,1,0,0,0
luigi,C:\Users\Zhifei Chen\Desktop\pysmell\subjects_for_metrics\luigi\luigi\format.py,466,1,0,0,0
luigi,C:\Users\Zhifei Chen\Desktop\pysmell\subjects_for_metrics\luigi\luigi\format.py,473,1,0,0,0
luigi,C:\Users\Zhifei Chen\Desktop\pysmell\subjects_for_metrics\luigi\luigi\format.py,491,1,0,0,0
luigi,C:\Users\Zhifei Chen\Desktop\pysmell\subjects_for_metrics\luigi\luigi\interface.py,62,1,0,0,0
luigi,C:\Users\Zhifei Chen\Desktop\pysmell\subjects_for_metrics\luigi\luigi\interface.py,128,1,0,0,0
luigi,C:\Users\Zhifei Chen\Desktop\pysmell\subjects_for_metrics\luigi\luigi\interface.py,199,1,0,0,0
luigi,C:\Users\Zhifei Chen\Desktop\pysmell\subjects_for_metrics\luigi\luigi\mock.py,34,1,0,0,0
luigi,C:\Users\Zhifei Chen\Desktop\pysmell\subjects_for_metrics\luigi\luigi\mock.py,86,1,0,0,0
luigi,C:\Users\Zhifei Chen\Desktop\pysmell\subjects_for_metrics\luigi\luigi\mock.py,118,1,0,0,0
luigi,C:\Users\Zhifei Chen\Desktop\pysmell\subjects_for_metrics\luigi\luigi\mock.py,175,1,0,0,0
luigi,C:\Users\Zhifei Chen\Desktop\pysmell\subjects_for_metrics\luigi\luigi\mrrunner.py,39,1,0,0,0
luigi,C:\Users\Zhifei Chen\Desktop\pysmell\subjects_for_metrics\luigi\luigi\parameter.py,41,1,0,0,0
luigi,C:\Users\Zhifei Chen\Desktop\pysmell\subjects_for_metrics\luigi\luigi\parameter.py,48,1,0,0,0
luigi,C:\Users\Zhifei Chen\Desktop\pysmell\subjects_for_metrics\luigi\luigi\parameter.py,55,1,0,0,0
luigi,C:\Users\Zhifei Chen\Desktop\pysmell\subjects_for_metrics\luigi\luigi\parameter.py,62,1,0,0,0
luigi,C:\Users\Zhifei Chen\Desktop\pysmell\subjects_for_metrics\luigi\luigi\parameter.py,69,1,0,0,0
luigi,C:\Users\Zhifei Chen\Desktop\pysmell\subjects_for_metrics\luigi\luigi\parameter.py,259,1,0,0,0
luigi,C:\Users\Zhifei Chen\Desktop\pysmell\subjects_for_metrics\luigi\luigi\parameter.py,292,1,0,0,0
luigi,C:\Users\Zhifei Chen\Desktop\pysmell\subjects_for_metrics\luigi\luigi\parameter.py,310,1,0,0,0
luigi,C:\Users\Zhifei Chen\Desktop\pysmell\subjects_for_metrics\luigi\luigi\parameter.py,326,1,0,0,0
luigi,C:\Users\Zhifei Chen\Desktop\pysmell\subjects_for_metrics\luigi\luigi\parameter.py,341,1,0,0,0
luigi,C:\Users\Zhifei Chen\Desktop\pysmell\subjects_for_metrics\luigi\luigi\parameter.py,360,1,0,0,0
luigi,C:\Users\Zhifei Chen\Desktop\pysmell\subjects_for_metrics\luigi\luigi\parameter.py,386,1,0,0,0
luigi,C:\Users\Zhifei Chen\Desktop\pysmell\subjects_for_metrics\luigi\luigi\parameter.py,402,1,0,0,0
luigi,C:\Users\Zhifei Chen\Desktop\pysmell\subjects_for_metrics\luigi\luigi\parameter.py,414,1,0,0,0
luigi,C:\Users\Zhifei Chen\Desktop\pysmell\subjects_for_metrics\luigi\luigi\parameter.py,440,1,0,0,0
luigi,C:\Users\Zhifei Chen\Desktop\pysmell\subjects_for_metrics\luigi\luigi\parameter.py,451,1,0,0,0
luigi,C:\Users\Zhifei Chen\Desktop\pysmell\subjects_for_metrics\luigi\luigi\parameter.py,480,1,0,0,0
luigi,C:\Users\Zhifei Chen\Desktop\pysmell\subjects_for_metrics\luigi\luigi\parameter.py,537,1,0,0,0
luigi,C:\Users\Zhifei Chen\Desktop\pysmell\subjects_for_metrics\luigi\luigi\postgres.py,42,1,0,0,0
luigi,C:\Users\Zhifei Chen\Desktop\pysmell\subjects_for_metrics\luigi\luigi\postgres.py,101,1,0,0,0
luigi,C:\Users\Zhifei Chen\Desktop\pysmell\subjects_for_metrics\luigi\luigi\postgres.py,234,1,0,0,0
luigi,C:\Users\Zhifei Chen\Desktop\pysmell\subjects_for_metrics\luigi\luigi\retcodes.py,29,1,0,0,0
luigi,C:\Users\Zhifei Chen\Desktop\pysmell\subjects_for_metrics\luigi\luigi\rpc.py,65,1,0,0,0
luigi,C:\Users\Zhifei Chen\Desktop\pysmell\subjects_for_metrics\luigi\luigi\rpc.py,72,1,0,0,0
luigi,C:\Users\Zhifei Chen\Desktop\pysmell\subjects_for_metrics\luigi\luigi\rpc.py,80,1,0,0,0
luigi,C:\Users\Zhifei Chen\Desktop\pysmell\subjects_for_metrics\luigi\luigi\rpc.py,92,1,0,0,0
luigi,C:\Users\Zhifei Chen\Desktop\pysmell\subjects_for_metrics\luigi\luigi\s3.py,63,1,0,0,0
luigi,C:\Users\Zhifei Chen\Desktop\pysmell\subjects_for_metrics\luigi\luigi\s3.py,67,1,0,0,0
luigi,C:\Users\Zhifei Chen\Desktop\pysmell\subjects_for_metrics\luigi\luigi\s3.py,71,1,0,0,0
luigi,C:\Users\Zhifei Chen\Desktop\pysmell\subjects_for_metrics\luigi\luigi\s3.py,393,1,0,0,0
luigi,C:\Users\Zhifei Chen\Desktop\pysmell\subjects_for_metrics\luigi\luigi\s3.py,406,1,0,0,0
luigi,C:\Users\Zhifei Chen\Desktop\pysmell\subjects_for_metrics\luigi\luigi\s3.py,488,1,0,0,0
luigi,C:\Users\Zhifei Chen\Desktop\pysmell\subjects_for_metrics\luigi\luigi\s3.py,519,1,0,0,0
luigi,C:\Users\Zhifei Chen\Desktop\pysmell\subjects_for_metrics\luigi\luigi\s3.py,568,1,0,0,0
luigi,C:\Users\Zhifei Chen\Desktop\pysmell\subjects_for_metrics\luigi\luigi\s3.py,578,1,0,0,0
luigi,C:\Users\Zhifei Chen\Desktop\pysmell\subjects_for_metrics\luigi\luigi\s3.py,588,1,0,0,0
luigi,C:\Users\Zhifei Chen\Desktop\pysmell\subjects_for_metrics\luigi\luigi\s3.py,598,1,0,0,0
luigi,C:\Users\Zhifei Chen\Desktop\pysmell\subjects_for_metrics\luigi\luigi\scheduler.py,48,1,0,0,0
luigi,C:\Users\Zhifei Chen\Desktop\pysmell\subjects_for_metrics\luigi\luigi\scheduler.py,79,1,0,0,0
luigi,C:\Users\Zhifei Chen\Desktop\pysmell\subjects_for_metrics\luigi\luigi\scheduler.py,114,1,0,0,0
luigi,C:\Users\Zhifei Chen\Desktop\pysmell\subjects_for_metrics\luigi\luigi\scheduler.py,168,1,0,0,0
luigi,C:\Users\Zhifei Chen\Desktop\pysmell\subjects_for_metrics\luigi\luigi\scheduler.py,220,1,0,0,0
luigi,C:\Users\Zhifei Chen\Desktop\pysmell\subjects_for_metrics\luigi\luigi\scheduler.py,280,1,0,0,0
luigi,C:\Users\Zhifei Chen\Desktop\pysmell\subjects_for_metrics\luigi\luigi\scheduler.py,510,1,0,0,0
luigi,C:\Users\Zhifei Chen\Desktop\pysmell\subjects_for_metrics\luigi\luigi\server.py,62,1,0,0,0
luigi,C:\Users\Zhifei Chen\Desktop\pysmell\subjects_for_metrics\luigi\luigi\server.py,87,1,0,0,0
luigi,C:\Users\Zhifei Chen\Desktop\pysmell\subjects_for_metrics\luigi\luigi\server.py,96,1,0,0,0
luigi,C:\Users\Zhifei Chen\Desktop\pysmell\subjects_for_metrics\luigi\luigi\server.py,109,1,0,0,0
luigi,C:\Users\Zhifei Chen\Desktop\pysmell\subjects_for_metrics\luigi\luigi\server.py,167,1,0,0,0
luigi,C:\Users\Zhifei Chen\Desktop\pysmell\subjects_for_metrics\luigi\luigi\server.py,174,1,0,0,0
luigi,C:\Users\Zhifei Chen\Desktop\pysmell\subjects_for_metrics\luigi\luigi\server.py,181,1,0,0,0
luigi,C:\Users\Zhifei Chen\Desktop\pysmell\subjects_for_metrics\luigi\luigi\server.py,188,1,0,0,0
luigi,C:\Users\Zhifei Chen\Desktop\pysmell\subjects_for_metrics\luigi\luigi\server.py,197,1,0,0,0
luigi,C:\Users\Zhifei Chen\Desktop\pysmell\subjects_for_metrics\luigi\luigi\server.py,213,1,0,0,0
luigi,C:\Users\Zhifei Chen\Desktop\pysmell\subjects_for_metrics\luigi\luigi\six.py,64,1,0,0,0
luigi,C:\Users\Zhifei Chen\Desktop\pysmell\subjects_for_metrics\luigi\luigi\six.py,89,1,0,0,0
luigi,C:\Users\Zhifei Chen\Desktop\pysmell\subjects_for_metrics\luigi\luigi\six.py,106,1,0,0,0
luigi,C:\Users\Zhifei Chen\Desktop\pysmell\subjects_for_metrics\luigi\luigi\six.py,127,1,0,0,0
luigi,C:\Users\Zhifei Chen\Desktop\pysmell\subjects_for_metrics\luigi\luigi\six.py,142,1,0,0,0
luigi,C:\Users\Zhifei Chen\Desktop\pysmell\subjects_for_metrics\luigi\luigi\six.py,167,1,0,0,0
luigi,C:\Users\Zhifei Chen\Desktop\pysmell\subjects_for_metrics\luigi\luigi\six.py,230,1,0,0,0
luigi,C:\Users\Zhifei Chen\Desktop\pysmell\subjects_for_metrics\luigi\luigi\six.py,314,1,0,0,0
luigi,C:\Users\Zhifei Chen\Desktop\pysmell\subjects_for_metrics\luigi\luigi\six.py,353,1,0,0,0
luigi,C:\Users\Zhifei Chen\Desktop\pysmell\subjects_for_metrics\luigi\luigi\six.py,372,1,0,0,0
luigi,C:\Users\Zhifei Chen\Desktop\pysmell\subjects_for_metrics\luigi\luigi\six.py,421,1,0,0,0
luigi,C:\Users\Zhifei Chen\Desktop\pysmell\subjects_for_metrics\luigi\luigi\six.py,441,1,0,0,0
luigi,C:\Users\Zhifei Chen\Desktop\pysmell\subjects_for_metrics\luigi\luigi\six.py,458,1,0,0,0
luigi,C:\Users\Zhifei Chen\Desktop\pysmell\subjects_for_metrics\luigi\luigi\six.py,537,1,0,0,0
luigi,C:\Users\Zhifei Chen\Desktop\pysmell\subjects_for_metrics\luigi\luigi\six.py,781,1,0,0,0
luigi,C:\Users\Zhifei Chen\Desktop\pysmell\subjects_for_metrics\luigi\luigi\target.py,33,1,0,0,0
luigi,C:\Users\Zhifei Chen\Desktop\pysmell\subjects_for_metrics\luigi\luigi\target.py,54,1,0,0,0
luigi,C:\Users\Zhifei Chen\Desktop\pysmell\subjects_for_metrics\luigi\luigi\target.py,61,1,0,0,0
luigi,C:\Users\Zhifei Chen\Desktop\pysmell\subjects_for_metrics\luigi\luigi\target.py,69,1,0,0,0
luigi,C:\Users\Zhifei Chen\Desktop\pysmell\subjects_for_metrics\luigi\luigi\target.py,77,1,0,0,0
luigi,C:\Users\Zhifei Chen\Desktop\pysmell\subjects_for_metrics\luigi\luigi\target.py,85,1,0,0,0
luigi,C:\Users\Zhifei Chen\Desktop\pysmell\subjects_for_metrics\luigi\luigi\target.py,161,1,0,0,0
luigi,C:\Users\Zhifei Chen\Desktop\pysmell\subjects_for_metrics\luigi\luigi\target.py,223,1,0,0,0
luigi,C:\Users\Zhifei Chen\Desktop\pysmell\subjects_for_metrics\luigi\luigi\task.py,61,1,0,0,0
luigi,C:\Users\Zhifei Chen\Desktop\pysmell\subjects_for_metrics\luigi\luigi\task.py,71,1,0,0,0
luigi,C:\Users\Zhifei Chen\Desktop\pysmell\subjects_for_metrics\luigi\luigi\task.py,466,1,0,0,0
luigi,C:\Users\Zhifei Chen\Desktop\pysmell\subjects_for_metrics\luigi\luigi\task.py,489,1,0,0,0
luigi,C:\Users\Zhifei Chen\Desktop\pysmell\subjects_for_metrics\luigi\luigi\task.py,500,1,0,0,0
luigi,C:\Users\Zhifei Chen\Desktop\pysmell\subjects_for_metrics\luigi\luigi\task.py,509,1,0,0,0
luigi,C:\Users\Zhifei Chen\Desktop\pysmell\subjects_for_metrics\luigi\luigi\task_history.py,30,1,0,0,0
luigi,C:\Users\Zhifei Chen\Desktop\pysmell\subjects_for_metrics\luigi\luigi\task_history.py,53,1,0,0,0
luigi,C:\Users\Zhifei Chen\Desktop\pysmell\subjects_for_metrics\luigi\luigi\task_history.py,74,1,0,0,0
luigi,C:\Users\Zhifei Chen\Desktop\pysmell\subjects_for_metrics\luigi\luigi\task_register.py,29,1,0,0,0
luigi,C:\Users\Zhifei Chen\Desktop\pysmell\subjects_for_metrics\luigi\luigi\task_register.py,33,1,0,0,0
luigi,C:\Users\Zhifei Chen\Desktop\pysmell\subjects_for_metrics\luigi\luigi\task_register.py,37,1,0,0,0
luigi,C:\Users\Zhifei Chen\Desktop\pysmell\subjects_for_metrics\luigi\luigi\task_register.py,41,1,0,0,0
luigi,C:\Users\Zhifei Chen\Desktop\pysmell\subjects_for_metrics\luigi\luigi\util.py,59,1,0,0,0
luigi,C:\Users\Zhifei Chen\Desktop\pysmell\subjects_for_metrics\luigi\luigi\util.py,91,1,0,0,0
luigi,C:\Users\Zhifei Chen\Desktop\pysmell\subjects_for_metrics\luigi\luigi\util.py,100,1,0,0,0
luigi,C:\Users\Zhifei Chen\Desktop\pysmell\subjects_for_metrics\luigi\luigi\util.py,113,1,0,0,0
luigi,C:\Users\Zhifei Chen\Desktop\pysmell\subjects_for_metrics\luigi\luigi\util.py,122,1,0,0,0
luigi,C:\Users\Zhifei Chen\Desktop\pysmell\subjects_for_metrics\luigi\luigi\util.py,144,1,0,0,0
luigi,C:\Users\Zhifei Chen\Desktop\pysmell\subjects_for_metrics\luigi\luigi\util.py,184,1,0,0,0
luigi,C:\Users\Zhifei Chen\Desktop\pysmell\subjects_for_metrics\luigi\luigi\worker.py,77,1,0,0,0
luigi,C:\Users\Zhifei Chen\Desktop\pysmell\subjects_for_metrics\luigi\luigi\worker.py,81,1,0,0,0
luigi,C:\Users\Zhifei Chen\Desktop\pysmell\subjects_for_metrics\luigi\luigi\worker.py,211,1,0,0,0
luigi,C:\Users\Zhifei Chen\Desktop\pysmell\subjects_for_metrics\luigi\luigi\worker.py,228,1,0,0,0
luigi,C:\Users\Zhifei Chen\Desktop\pysmell\subjects_for_metrics\luigi\luigi\worker.py,237,1,0,0,0
luigi,C:\Users\Zhifei Chen\Desktop\pysmell\subjects_for_metrics\luigi\luigi\worker.py,246,1,0,0,0
luigi,C:\Users\Zhifei Chen\Desktop\pysmell\subjects_for_metrics\luigi\luigi\worker.py,267,1,0,0,0
luigi,C:\Users\Zhifei Chen\Desktop\pysmell\subjects_for_metrics\luigi\luigi\worker.py,294,1,0,0,0
luigi,C:\Users\Zhifei Chen\Desktop\pysmell\subjects_for_metrics\luigi\luigi\worker.py,322,1,0,0,0
luigi,C:\Users\Zhifei Chen\Desktop\pysmell\subjects_for_metrics\luigi\luigi\contrib\bigquery.py,37,1,0,0,0
luigi,C:\Users\Zhifei Chen\Desktop\pysmell\subjects_for_metrics\luigi\luigi\contrib\bigquery.py,42,1,0,0,0
luigi,C:\Users\Zhifei Chen\Desktop\pysmell\subjects_for_metrics\luigi\luigi\contrib\bigquery.py,48,1,0,0,0
luigi,C:\Users\Zhifei Chen\Desktop\pysmell\subjects_for_metrics\luigi\luigi\contrib\bigquery.py,53,1,0,0,0
luigi,C:\Users\Zhifei Chen\Desktop\pysmell\subjects_for_metrics\luigi\luigi\contrib\bigquery.py,62,1,0,0,0
luigi,C:\Users\Zhifei Chen\Desktop\pysmell\subjects_for_metrics\luigi\luigi\contrib\bigquery.py,73,1,0,0,0
luigi,C:\Users\Zhifei Chen\Desktop\pysmell\subjects_for_metrics\luigi\luigi\contrib\bigquery.py,284,1,0,0,0
luigi,C:\Users\Zhifei Chen\Desktop\pysmell\subjects_for_metrics\luigi\luigi\contrib\bigquery.py,307,1,0,0,0
luigi,C:\Users\Zhifei Chen\Desktop\pysmell\subjects_for_metrics\luigi\luigi\contrib\bigquery.py,376,1,0,0,0
luigi,C:\Users\Zhifei Chen\Desktop\pysmell\subjects_for_metrics\luigi\luigi\contrib\esindex.py,110,1,0,0,0
luigi,C:\Users\Zhifei Chen\Desktop\pysmell\subjects_for_metrics\luigi\luigi\contrib\esindex.py,224,1,0,0,0
luigi,C:\Users\Zhifei Chen\Desktop\pysmell\subjects_for_metrics\luigi\luigi\contrib\ftp.py,41,1,0,0,0
luigi,C:\Users\Zhifei Chen\Desktop\pysmell\subjects_for_metrics\luigi\luigi\contrib\ftp.py,196,1,0,0,0
luigi,C:\Users\Zhifei Chen\Desktop\pysmell\subjects_for_metrics\luigi\luigi\contrib\ftp.py,221,1,0,0,0
luigi,C:\Users\Zhifei Chen\Desktop\pysmell\subjects_for_metrics\luigi\luigi\contrib\gcs.py,83,1,0,0,0
luigi,C:\Users\Zhifei Chen\Desktop\pysmell\subjects_for_metrics\luigi\luigi\contrib\gcs.py,87,1,0,0,0
luigi,C:\Users\Zhifei Chen\Desktop\pysmell\subjects_for_metrics\luigi\luigi\contrib\gcs.py,370,1,0,0,0
luigi,C:\Users\Zhifei Chen\Desktop\pysmell\subjects_for_metrics\luigi\luigi\contrib\gcs.py,390,1,0,0,0
luigi,C:\Users\Zhifei Chen\Desktop\pysmell\subjects_for_metrics\luigi\luigi\contrib\gcs.py,403,1,0,0,0
luigi,C:\Users\Zhifei Chen\Desktop\pysmell\subjects_for_metrics\luigi\luigi\contrib\gcs.py,423,1,0,0,0
luigi,C:\Users\Zhifei Chen\Desktop\pysmell\subjects_for_metrics\luigi\luigi\contrib\hadoop.py,73,1,0,0,0
luigi,C:\Users\Zhifei Chen\Desktop\pysmell\subjects_for_metrics\luigi\luigi\contrib\hadoop.py,212,1,0,0,0
luigi,C:\Users\Zhifei Chen\Desktop\pysmell\subjects_for_metrics\luigi\luigi\contrib\hadoop.py,236,1,0,0,0
luigi,C:\Users\Zhifei Chen\Desktop\pysmell\subjects_for_metrics\luigi\luigi\contrib\hadoop.py,377,1,0,0,0
luigi,C:\Users\Zhifei Chen\Desktop\pysmell\subjects_for_metrics\luigi\luigi\contrib\hadoop.py,381,1,0,0,0
luigi,C:\Users\Zhifei Chen\Desktop\pysmell\subjects_for_metrics\luigi\luigi\contrib\hadoop.py,534,1,0,0,0
luigi,C:\Users\Zhifei Chen\Desktop\pysmell\subjects_for_metrics\luigi\luigi\contrib\hadoop.py,546,1,0,0,0
luigi,C:\Users\Zhifei Chen\Desktop\pysmell\subjects_for_metrics\luigi\luigi\contrib\hadoop.py,612,1,0,0,0
luigi,C:\Users\Zhifei Chen\Desktop\pysmell\subjects_for_metrics\luigi\luigi\contrib\hadoop.py,724,1,0,0,0
luigi,C:\Users\Zhifei Chen\Desktop\pysmell\subjects_for_metrics\luigi\luigi\contrib\hadoop_jar.py,59,1,0,0,0
luigi,C:\Users\Zhifei Chen\Desktop\pysmell\subjects_for_metrics\luigi\luigi\contrib\hadoop_jar.py,63,1,0,0,0
luigi,C:\Users\Zhifei Chen\Desktop\pysmell\subjects_for_metrics\luigi\luigi\contrib\hadoop_jar.py,118,1,0,0,0
luigi,C:\Users\Zhifei Chen\Desktop\pysmell\subjects_for_metrics\luigi\luigi\contrib\hive.py,38,1,0,0,0
luigi,C:\Users\Zhifei Chen\Desktop\pysmell\subjects_for_metrics\luigi\luigi\contrib\hive.py,89,1,0,0,0
luigi,C:\Users\Zhifei Chen\Desktop\pysmell\subjects_for_metrics\luigi\luigi\contrib\hive.py,121,1,0,0,0
luigi,C:\Users\Zhifei Chen\Desktop\pysmell\subjects_for_metrics\luigi\luigi\contrib\hive.py,165,1,0,0,0
luigi,C:\Users\Zhifei Chen\Desktop\pysmell\subjects_for_metrics\luigi\luigi\contrib\hive.py,178,1,0,0,0
luigi,C:\Users\Zhifei Chen\Desktop\pysmell\subjects_for_metrics\luigi\luigi\contrib\hive.py,216,1,0,0,0
luigi,C:\Users\Zhifei Chen\Desktop\pysmell\subjects_for_metrics\luigi\luigi\contrib\hive.py,256,1,0,0,0
luigi,C:\Users\Zhifei Chen\Desktop\pysmell\subjects_for_metrics\luigi\luigi\contrib\hive.py,313,1,0,0,0
luigi,C:\Users\Zhifei Chen\Desktop\pysmell\subjects_for_metrics\luigi\luigi\contrib\hive.py,360,1,0,0,0
luigi,C:\Users\Zhifei Chen\Desktop\pysmell\subjects_for_metrics\luigi\luigi\contrib\hive.py,391,1,0,0,0
luigi,C:\Users\Zhifei Chen\Desktop\pysmell\subjects_for_metrics\luigi\luigi\contrib\hive.py,435,1,0,0,0
luigi,C:\Users\Zhifei Chen\Desktop\pysmell\subjects_for_metrics\luigi\luigi\contrib\mysqldb.py,32,1,0,0,0
luigi,C:\Users\Zhifei Chen\Desktop\pysmell\subjects_for_metrics\luigi\luigi\contrib\pig.py,42,1,0,0,0
luigi,C:\Users\Zhifei Chen\Desktop\pysmell\subjects_for_metrics\luigi\luigi\contrib\pig.py,165,1,0,0,0
luigi,C:\Users\Zhifei Chen\Desktop\pysmell\subjects_for_metrics\luigi\luigi\contrib\pig.py,188,1,0,0,0
luigi,C:\Users\Zhifei Chen\Desktop\pysmell\subjects_for_metrics\luigi\luigi\contrib\pyspark_runner.py,39,1,0,0,0
luigi,C:\Users\Zhifei Chen\Desktop\pysmell\subjects_for_metrics\luigi\luigi\contrib\rdbms.py,30,2,0,1,0
luigi,C:\Users\Zhifei Chen\Desktop\pysmell\subjects_for_metrics\luigi\luigi\contrib\redis_store.py,34,1,0,0,0
luigi,C:\Users\Zhifei Chen\Desktop\pysmell\subjects_for_metrics\luigi\luigi\contrib\redshift.py,39,1,0,0,0
luigi,C:\Users\Zhifei Chen\Desktop\pysmell\subjects_for_metrics\luigi\luigi\contrib\redshift.py,54,1,0,0,0
luigi,C:\Users\Zhifei Chen\Desktop\pysmell\subjects_for_metrics\luigi\luigi\contrib\redshift.py,237,1,0,0,0
luigi,C:\Users\Zhifei Chen\Desktop\pysmell\subjects_for_metrics\luigi\luigi\contrib\redshift.py,290,1,0,0,0
luigi,C:\Users\Zhifei Chen\Desktop\pysmell\subjects_for_metrics\luigi\luigi\contrib\redshift.py,336,1,0,0,0
luigi,C:\Users\Zhifei Chen\Desktop\pysmell\subjects_for_metrics\luigi\luigi\contrib\scalding.py,62,1,0,0,0
luigi,C:\Users\Zhifei Chen\Desktop\pysmell\subjects_for_metrics\luigi\luigi\contrib\scalding.py,225,1,0,0,0
luigi,C:\Users\Zhifei Chen\Desktop\pysmell\subjects_for_metrics\luigi\luigi\contrib\sge.py,160,1,0,0,0
luigi,C:\Users\Zhifei Chen\Desktop\pysmell\subjects_for_metrics\luigi\luigi\contrib\sge.py,304,1,0,0,0
luigi,C:\Users\Zhifei Chen\Desktop\pysmell\subjects_for_metrics\luigi\luigi\contrib\simulate.py,32,1,0,0,0
luigi,C:\Users\Zhifei Chen\Desktop\pysmell\subjects_for_metrics\luigi\luigi\contrib\spark.py,46,1,0,0,0
luigi,C:\Users\Zhifei Chen\Desktop\pysmell\subjects_for_metrics\luigi\luigi\contrib\spark.py,68,1,0,0,0
luigi,C:\Users\Zhifei Chen\Desktop\pysmell\subjects_for_metrics\luigi\luigi\contrib\spark.py,85,1,0,0,0
luigi,C:\Users\Zhifei Chen\Desktop\pysmell\subjects_for_metrics\luigi\luigi\contrib\spark.py,286,1,0,0,0
luigi,C:\Users\Zhifei Chen\Desktop\pysmell\subjects_for_metrics\luigi\luigi\contrib\spark.py,374,1,0,0,0
luigi,C:\Users\Zhifei Chen\Desktop\pysmell\subjects_for_metrics\luigi\luigi\contrib\spark.py,508,1,0,0,0
luigi,C:\Users\Zhifei Chen\Desktop\pysmell\subjects_for_metrics\luigi\luigi\contrib\spark.py,542,1,0,0,0
luigi,C:\Users\Zhifei Chen\Desktop\pysmell\subjects_for_metrics\luigi\luigi\contrib\spark.py,569,1,0,0,0
luigi,C:\Users\Zhifei Chen\Desktop\pysmell\subjects_for_metrics\luigi\luigi\contrib\sparkey.py,23,1,0,0,0
luigi,C:\Users\Zhifei Chen\Desktop\pysmell\subjects_for_metrics\luigi\luigi\contrib\sqla.py,153,1,0,0,0
luigi,C:\Users\Zhifei Chen\Desktop\pysmell\subjects_for_metrics\luigi\luigi\contrib\sqla.py,269,1,0,0,0
luigi,C:\Users\Zhifei Chen\Desktop\pysmell\subjects_for_metrics\luigi\luigi\contrib\ssh.py,55,1,0,0,0
luigi,C:\Users\Zhifei Chen\Desktop\pysmell\subjects_for_metrics\luigi\luigi\contrib\ssh.py,65,1,0,0,0
luigi,C:\Users\Zhifei Chen\Desktop\pysmell\subjects_for_metrics\luigi\luigi\contrib\ssh.py,160,1,0,0,0
luigi,C:\Users\Zhifei Chen\Desktop\pysmell\subjects_for_metrics\luigi\luigi\contrib\ssh.py,279,1,0,0,0
luigi,C:\Users\Zhifei Chen\Desktop\pysmell\subjects_for_metrics\luigi\luigi\contrib\ssh.py,318,1,0,0,0
luigi,C:\Users\Zhifei Chen\Desktop\pysmell\subjects_for_metrics\luigi\luigi\contrib\target.py,27,1,0,0,0
luigi,C:\Users\Zhifei Chen\Desktop\pysmell\subjects_for_metrics\luigi\luigi\contrib\webhdfs.py,42,1,0,0,0
luigi,C:\Users\Zhifei Chen\Desktop\pysmell\subjects_for_metrics\luigi\luigi\contrib\webhdfs.py,68,1,0,0,0
luigi,C:\Users\Zhifei Chen\Desktop\pysmell\subjects_for_metrics\luigi\luigi\contrib\webhdfs.py,105,1,0,0,0
luigi,C:\Users\Zhifei Chen\Desktop\pysmell\subjects_for_metrics\luigi\luigi\contrib\webhdfs.py,119,1,0,0,0
luigi,C:\Users\Zhifei Chen\Desktop\pysmell\subjects_for_metrics\luigi\luigi\contrib\hdfs\abstract_client.py,28,1,0,0,0
luigi,C:\Users\Zhifei Chen\Desktop\pysmell\subjects_for_metrics\luigi\luigi\contrib\hdfs\config.py,37,1,0,0,0
luigi,C:\Users\Zhifei Chen\Desktop\pysmell\subjects_for_metrics\luigi\luigi\contrib\hdfs\config.py,49,1,0,0,0
luigi,C:\Users\Zhifei Chen\Desktop\pysmell\subjects_for_metrics\luigi\luigi\contrib\hdfs\error.py,24,1,0,0,0
luigi,C:\Users\Zhifei Chen\Desktop\pysmell\subjects_for_metrics\luigi\luigi\contrib\hdfs\format.py,11,1,0,0,0
luigi,C:\Users\Zhifei Chen\Desktop\pysmell\subjects_for_metrics\luigi\luigi\contrib\hdfs\format.py,17,1,0,0,0
luigi,C:\Users\Zhifei Chen\Desktop\pysmell\subjects_for_metrics\luigi\luigi\contrib\hdfs\format.py,48,1,0,0,0
luigi,C:\Users\Zhifei Chen\Desktop\pysmell\subjects_for_metrics\luigi\luigi\contrib\hdfs\format.py,70,1,0,0,0
luigi,C:\Users\Zhifei Chen\Desktop\pysmell\subjects_for_metrics\luigi\luigi\contrib\hdfs\format.py,88,1,0,0,0
luigi,C:\Users\Zhifei Chen\Desktop\pysmell\subjects_for_metrics\luigi\luigi\contrib\hdfs\format.py,111,1,0,0,0
luigi,C:\Users\Zhifei Chen\Desktop\pysmell\subjects_for_metrics\luigi\luigi\contrib\hdfs\hadoopcli_clients.py,56,1,0,0,0
luigi,C:\Users\Zhifei Chen\Desktop\pysmell\subjects_for_metrics\luigi\luigi\contrib\hdfs\hadoopcli_clients.py,220,1,0,0,0
luigi,C:\Users\Zhifei Chen\Desktop\pysmell\subjects_for_metrics\luigi\luigi\contrib\hdfs\hadoopcli_clients.py,250,1,0,0,0
luigi,C:\Users\Zhifei Chen\Desktop\pysmell\subjects_for_metrics\luigi\luigi\contrib\hdfs\snakebite_client.py,37,1,0,0,0
luigi,C:\Users\Zhifei Chen\Desktop\pysmell\subjects_for_metrics\luigi\luigi\contrib\hdfs\target.py,32,1,0,0,0
luigi,C:\Users\Zhifei Chen\Desktop\pysmell\subjects_for_metrics\luigi\luigi\tools\deps.py,66,1,0,0,0
luigi,C:\Users\Zhifei Chen\Desktop\pysmell\subjects_for_metrics\luigi\luigi\tools\luigi_grep.py,11,1,0,0,0
luigi,C:\Users\Zhifei Chen\Desktop\pysmell\subjects_for_metrics\luigi\luigi\tools\range.py,46,1,0,0,0
luigi,C:\Users\Zhifei Chen\Desktop\pysmell\subjects_for_metrics\luigi\luigi\tools\range.py,69,1,0,0,0
luigi,C:\Users\Zhifei Chen\Desktop\pysmell\subjects_for_metrics\luigi\luigi\tools\range.py,239,1,0,0,0
luigi,C:\Users\Zhifei Chen\Desktop\pysmell\subjects_for_metrics\luigi\luigi\tools\range.py,288,1,0,0,0
luigi,C:\Users\Zhifei Chen\Desktop\pysmell\subjects_for_metrics\luigi\luigi\tools\range.py,499,1,0,0,0
luigi,C:\Users\Zhifei Chen\Desktop\pysmell\subjects_for_metrics\luigi\luigi\tools\range.py,523,1,0,0,0
luigi,C:\Users\Zhifei Chen\Desktop\pysmell\subjects_for_metrics\luigi\test\central_planner_test.py,30,1,0,0,0
luigi,C:\Users\Zhifei Chen\Desktop\pysmell\subjects_for_metrics\luigi\test\clone_test.py,26,1,0,0,0
luigi,C:\Users\Zhifei Chen\Desktop\pysmell\subjects_for_metrics\luigi\test\clone_test.py,47,1,0,0,0
luigi,C:\Users\Zhifei Chen\Desktop\pysmell\subjects_for_metrics\luigi\test\clone_test.py,54,1,0,0,0
luigi,C:\Users\Zhifei Chen\Desktop\pysmell\subjects_for_metrics\luigi\test\cmdline_test.py,34,1,0,0,0
luigi,C:\Users\Zhifei Chen\Desktop\pysmell\subjects_for_metrics\luigi\test\cmdline_test.py,46,1,0,0,0
luigi,C:\Users\Zhifei Chen\Desktop\pysmell\subjects_for_metrics\luigi\test\cmdline_test.py,50,1,0,0,0
luigi,C:\Users\Zhifei Chen\Desktop\pysmell\subjects_for_metrics\luigi\test\cmdline_test.py,54,1,0,0,0
luigi,C:\Users\Zhifei Chen\Desktop\pysmell\subjects_for_metrics\luigi\test\cmdline_test.py,60,1,0,0,0
luigi,C:\Users\Zhifei Chen\Desktop\pysmell\subjects_for_metrics\luigi\test\cmdline_test.py,67,1,0,0,0
luigi,C:\Users\Zhifei Chen\Desktop\pysmell\subjects_for_metrics\luigi\test\cmdline_test.py,79,1,0,0,0
luigi,C:\Users\Zhifei Chen\Desktop\pysmell\subjects_for_metrics\luigi\test\cmdline_test.py,83,1,0,0,0
luigi,C:\Users\Zhifei Chen\Desktop\pysmell\subjects_for_metrics\luigi\test\cmdline_test.py,87,1,0,0,0
luigi,C:\Users\Zhifei Chen\Desktop\pysmell\subjects_for_metrics\luigi\test\cmdline_test.py,152,1,0,0,0
luigi,C:\Users\Zhifei Chen\Desktop\pysmell\subjects_for_metrics\luigi\test\customized_run_test.py,29,1,0,0,0
luigi,C:\Users\Zhifei Chen\Desktop\pysmell\subjects_for_metrics\luigi\test\customized_run_test.py,44,1,0,0,0
luigi,C:\Users\Zhifei Chen\Desktop\pysmell\subjects_for_metrics\luigi\test\customized_run_test.py,59,1,0,0,0
luigi,C:\Users\Zhifei Chen\Desktop\pysmell\subjects_for_metrics\luigi\test\customized_run_test.py,74,1,0,0,0
luigi,C:\Users\Zhifei Chen\Desktop\pysmell\subjects_for_metrics\luigi\test\customized_run_test.py,88,1,0,0,0
luigi,C:\Users\Zhifei Chen\Desktop\pysmell\subjects_for_metrics\luigi\test\customized_run_test.py,104,1,0,0,0
luigi,C:\Users\Zhifei Chen\Desktop\pysmell\subjects_for_metrics\luigi\test\date_interval_test.py,25,1,0,0,0
luigi,C:\Users\Zhifei Chen\Desktop\pysmell\subjects_for_metrics\luigi\test\date_interval_test.py,95,1,0,0,0
luigi,C:\Users\Zhifei Chen\Desktop\pysmell\subjects_for_metrics\luigi\test\date_interval_test.py,98,1,0,0,0
luigi,C:\Users\Zhifei Chen\Desktop\pysmell\subjects_for_metrics\luigi\test\date_parameter_test.py,25,1,0,0,0
luigi,C:\Users\Zhifei Chen\Desktop\pysmell\subjects_for_metrics\luigi\test\date_parameter_test.py,29,1,0,0,0
luigi,C:\Users\Zhifei Chen\Desktop\pysmell\subjects_for_metrics\luigi\test\date_parameter_test.py,33,1,0,0,0
luigi,C:\Users\Zhifei Chen\Desktop\pysmell\subjects_for_metrics\luigi\test\date_parameter_test.py,37,1,0,0,0
luigi,C:\Users\Zhifei Chen\Desktop\pysmell\subjects_for_metrics\luigi\test\date_parameter_test.py,41,1,0,0,0
luigi,C:\Users\Zhifei Chen\Desktop\pysmell\subjects_for_metrics\luigi\test\date_parameter_test.py,45,1,0,0,0
luigi,C:\Users\Zhifei Chen\Desktop\pysmell\subjects_for_metrics\luigi\test\date_parameter_test.py,63,1,0,0,0
luigi,C:\Users\Zhifei Chen\Desktop\pysmell\subjects_for_metrics\luigi\test\date_parameter_test.py,81,1,0,0,0
luigi,C:\Users\Zhifei Chen\Desktop\pysmell\subjects_for_metrics\luigi\test\date_parameter_test.py,111,1,0,0,0
luigi,C:\Users\Zhifei Chen\Desktop\pysmell\subjects_for_metrics\luigi\test\date_parameter_test.py,129,1,0,0,0
luigi,C:\Users\Zhifei Chen\Desktop\pysmell\subjects_for_metrics\luigi\test\db_task_history_test.py,29,1,0,0,0
luigi,C:\Users\Zhifei Chen\Desktop\pysmell\subjects_for_metrics\luigi\test\db_task_history_test.py,33,1,0,0,0
luigi,C:\Users\Zhifei Chen\Desktop\pysmell\subjects_for_metrics\luigi\test\db_task_history_test.py,38,1,0,0,0
luigi,C:\Users\Zhifei Chen\Desktop\pysmell\subjects_for_metrics\luigi\test\db_task_history_test.py,103,1,0,0,0
luigi,C:\Users\Zhifei Chen\Desktop\pysmell\subjects_for_metrics\luigi\test\decorator_test.py,32,1,0,0,0
luigi,C:\Users\Zhifei Chen\Desktop\pysmell\subjects_for_metrics\luigi\test\decorator_test.py,36,1,0,0,0
luigi,C:\Users\Zhifei Chen\Desktop\pysmell\subjects_for_metrics\luigi\test\decorator_test.py,41,1,0,0,0
luigi,C:\Users\Zhifei Chen\Desktop\pysmell\subjects_for_metrics\luigi\test\decorator_test.py,46,1,0,0,0
luigi,C:\Users\Zhifei Chen\Desktop\pysmell\subjects_for_metrics\luigi\test\decorator_test.py,51,1,0,0,0
luigi,C:\Users\Zhifei Chen\Desktop\pysmell\subjects_for_metrics\luigi\test\decorator_test.py,56,1,0,0,0
luigi,C:\Users\Zhifei Chen\Desktop\pysmell\subjects_for_metrics\luigi\test\decorator_test.py,62,1,0,0,0
luigi,C:\Users\Zhifei Chen\Desktop\pysmell\subjects_for_metrics\luigi\test\decorator_test.py,106,1,0,0,0
luigi,C:\Users\Zhifei Chen\Desktop\pysmell\subjects_for_metrics\luigi\test\decorator_test.py,110,1,0,0,0
luigi,C:\Users\Zhifei Chen\Desktop\pysmell\subjects_for_metrics\luigi\test\decorator_test.py,118,1,0,0,0
luigi,C:\Users\Zhifei Chen\Desktop\pysmell\subjects_for_metrics\luigi\test\decorator_test.py,126,1,0,0,0
luigi,C:\Users\Zhifei Chen\Desktop\pysmell\subjects_for_metrics\luigi\test\decorator_test.py,135,1,0,0,0
luigi,C:\Users\Zhifei Chen\Desktop\pysmell\subjects_for_metrics\luigi\test\decorator_test.py,142,1,0,0,0
luigi,C:\Users\Zhifei Chen\Desktop\pysmell\subjects_for_metrics\luigi\test\decorator_test.py,146,1,0,0,0
luigi,C:\Users\Zhifei Chen\Desktop\pysmell\subjects_for_metrics\luigi\test\decorator_test.py,151,1,0,0,0
luigi,C:\Users\Zhifei Chen\Desktop\pysmell\subjects_for_metrics\luigi\test\decorator_test.py,160,1,0,0,0
luigi,C:\Users\Zhifei Chen\Desktop\pysmell\subjects_for_metrics\luigi\test\decorator_test.py,169,1,0,0,0
luigi,C:\Users\Zhifei Chen\Desktop\pysmell\subjects_for_metrics\luigi\test\decorator_test.py,178,1,0,0,0
luigi,C:\Users\Zhifei Chen\Desktop\pysmell\subjects_for_metrics\luigi\test\decorator_test.py,229,1,0,0,0
luigi,C:\Users\Zhifei Chen\Desktop\pysmell\subjects_for_metrics\luigi\test\decorator_test.py,233,1,0,0,0
luigi,C:\Users\Zhifei Chen\Desktop\pysmell\subjects_for_metrics\luigi\test\decorator_test.py,240,1,0,0,0
luigi,C:\Users\Zhifei Chen\Desktop\pysmell\subjects_for_metrics\luigi\test\decorator_test.py,245,1,0,0,0
luigi,C:\Users\Zhifei Chen\Desktop\pysmell\subjects_for_metrics\luigi\test\decorator_test.py,253,1,0,0,0
luigi,C:\Users\Zhifei Chen\Desktop\pysmell\subjects_for_metrics\luigi\test\decorator_test.py,258,1,0,0,0
luigi,C:\Users\Zhifei Chen\Desktop\pysmell\subjects_for_metrics\luigi\test\decorator_test.py,289,1,0,0,0
luigi,C:\Users\Zhifei Chen\Desktop\pysmell\subjects_for_metrics\luigi\test\decorator_test.py,301,1,0,0,0
luigi,C:\Users\Zhifei Chen\Desktop\pysmell\subjects_for_metrics\luigi\test\decorator_test.py,308,1,0,0,0
luigi,C:\Users\Zhifei Chen\Desktop\pysmell\subjects_for_metrics\luigi\test\decorator_test.py,316,1,0,0,0
luigi,C:\Users\Zhifei Chen\Desktop\pysmell\subjects_for_metrics\luigi\test\decorator_test.py,329,1,0,0,0
luigi,C:\Users\Zhifei Chen\Desktop\pysmell\subjects_for_metrics\luigi\test\decorator_test.py,336,1,0,0,0
luigi,C:\Users\Zhifei Chen\Desktop\pysmell\subjects_for_metrics\luigi\test\decorator_test.py,348,1,0,0,0
luigi,C:\Users\Zhifei Chen\Desktop\pysmell\subjects_for_metrics\luigi\test\decorator_test.py,357,1,0,0,0
luigi,C:\Users\Zhifei Chen\Desktop\pysmell\subjects_for_metrics\luigi\test\dynamic_import_test.py,28,1,0,0,0
luigi,C:\Users\Zhifei Chen\Desktop\pysmell\subjects_for_metrics\luigi\test\email_test.py,29,1,0,0,0
luigi,C:\Users\Zhifei Chen\Desktop\pysmell\subjects_for_metrics\luigi\test\email_test.py,39,1,0,0,0
luigi,C:\Users\Zhifei Chen\Desktop\pysmell\subjects_for_metrics\luigi\test\email_test.py,43,1,0,0,0
luigi,C:\Users\Zhifei Chen\Desktop\pysmell\subjects_for_metrics\luigi\test\email_test.py,48,1,0,0,0
luigi,C:\Users\Zhifei Chen\Desktop\pysmell\subjects_for_metrics\luigi\test\email_test.py,59,1,0,0,0
luigi,C:\Users\Zhifei Chen\Desktop\pysmell\subjects_for_metrics\luigi\test\email_test.py,67,1,0,0,0
luigi,C:\Users\Zhifei Chen\Desktop\pysmell\subjects_for_metrics\luigi\test\event_callbacks_test.py,27,1,0,0,0
luigi,C:\Users\Zhifei Chen\Desktop\pysmell\subjects_for_metrics\luigi\test\event_callbacks_test.py,31,1,0,0,0
luigi,C:\Users\Zhifei Chen\Desktop\pysmell\subjects_for_metrics\luigi\test\event_callbacks_test.py,39,1,0,0,0
luigi,C:\Users\Zhifei Chen\Desktop\pysmell\subjects_for_metrics\luigi\test\event_callbacks_test.py,46,1,0,0,0
luigi,C:\Users\Zhifei Chen\Desktop\pysmell\subjects_for_metrics\luigi\test\event_callbacks_test.py,142,1,0,0,0
luigi,C:\Users\Zhifei Chen\Desktop\pysmell\subjects_for_metrics\luigi\test\event_callbacks_test.py,157,2,0,1,0
luigi,C:\Users\Zhifei Chen\Desktop\pysmell\subjects_for_metrics\luigi\test\event_callbacks_test.py,167,2,0,1,0
luigi,C:\Users\Zhifei Chen\Desktop\pysmell\subjects_for_metrics\luigi\test\event_callbacks_test.py,171,1,0,0,0
luigi,C:\Users\Zhifei Chen\Desktop\pysmell\subjects_for_metrics\luigi\test\event_callbacks_test.py,177,1,0,0,0
luigi,C:\Users\Zhifei Chen\Desktop\pysmell\subjects_for_metrics\luigi\test\event_callbacks_test.py,183,1,0,0,0
luigi,C:\Users\Zhifei Chen\Desktop\pysmell\subjects_for_metrics\luigi\test\event_callbacks_test.py,189,1,0,0,0
luigi,C:\Users\Zhifei Chen\Desktop\pysmell\subjects_for_metrics\luigi\test\execution_summary_test.py,28,1,0,0,0
luigi,C:\Users\Zhifei Chen\Desktop\pysmell\subjects_for_metrics\luigi\test\execution_summary_test.py,46,1,0,0,0
luigi,C:\Users\Zhifei Chen\Desktop\pysmell\subjects_for_metrics\luigi\test\execution_summary_test.py,58,1,0,0,0
luigi,C:\Users\Zhifei Chen\Desktop\pysmell\subjects_for_metrics\luigi\test\execution_summary_test.py,99,1,0,0,0
luigi,C:\Users\Zhifei Chen\Desktop\pysmell\subjects_for_metrics\luigi\test\execution_summary_test.py,108,1,0,0,0
luigi,C:\Users\Zhifei Chen\Desktop\pysmell\subjects_for_metrics\luigi\test\execution_summary_test.py,111,1,0,0,0
luigi,C:\Users\Zhifei Chen\Desktop\pysmell\subjects_for_metrics\luigi\test\execution_summary_test.py,114,1,0,0,0
luigi,C:\Users\Zhifei Chen\Desktop\pysmell\subjects_for_metrics\luigi\test\execution_summary_test.py,117,1,0,0,0
luigi,C:\Users\Zhifei Chen\Desktop\pysmell\subjects_for_metrics\luigi\test\execution_summary_test.py,158,1,0,0,0
luigi,C:\Users\Zhifei Chen\Desktop\pysmell\subjects_for_metrics\luigi\test\execution_summary_test.py,166,1,0,0,0
luigi,C:\Users\Zhifei Chen\Desktop\pysmell\subjects_for_metrics\luigi\test\execution_summary_test.py,173,1,0,0,0
luigi,C:\Users\Zhifei Chen\Desktop\pysmell\subjects_for_metrics\luigi\test\execution_summary_test.py,204,1,0,0,0
luigi,C:\Users\Zhifei Chen\Desktop\pysmell\subjects_for_metrics\luigi\test\execution_summary_test.py,209,1,0,0,0
luigi,C:\Users\Zhifei Chen\Desktop\pysmell\subjects_for_metrics\luigi\test\execution_summary_test.py,243,1,0,0,0
luigi,C:\Users\Zhifei Chen\Desktop\pysmell\subjects_for_metrics\luigi\test\execution_summary_test.py,267,1,0,0,0
luigi,C:\Users\Zhifei Chen\Desktop\pysmell\subjects_for_metrics\luigi\test\execution_summary_test.py,296,1,0,0,0
luigi,C:\Users\Zhifei Chen\Desktop\pysmell\subjects_for_metrics\luigi\test\execution_summary_test.py,313,1,0,0,0
luigi,C:\Users\Zhifei Chen\Desktop\pysmell\subjects_for_metrics\luigi\test\execution_summary_test.py,335,1,0,0,0
luigi,C:\Users\Zhifei Chen\Desktop\pysmell\subjects_for_metrics\luigi\test\execution_summary_test.py,339,1,0,0,0
luigi,C:\Users\Zhifei Chen\Desktop\pysmell\subjects_for_metrics\luigi\test\execution_summary_test.py,357,1,0,0,0
luigi,C:\Users\Zhifei Chen\Desktop\pysmell\subjects_for_metrics\luigi\test\execution_summary_test.py,370,1,0,0,0
luigi,C:\Users\Zhifei Chen\Desktop\pysmell\subjects_for_metrics\luigi\test\execution_summary_test.py,375,1,0,0,0
luigi,C:\Users\Zhifei Chen\Desktop\pysmell\subjects_for_metrics\luigi\test\execution_summary_test.py,398,1,0,0,0
luigi,C:\Users\Zhifei Chen\Desktop\pysmell\subjects_for_metrics\luigi\test\execution_summary_test.py,401,1,0,0,0
luigi,C:\Users\Zhifei Chen\Desktop\pysmell\subjects_for_metrics\luigi\test\execution_summary_test.py,423,1,0,0,0
luigi,C:\Users\Zhifei Chen\Desktop\pysmell\subjects_for_metrics\luigi\test\execution_summary_test.py,426,1,0,0,0
luigi,C:\Users\Zhifei Chen\Desktop\pysmell\subjects_for_metrics\luigi\test\execution_summary_test.py,443,1,0,0,0
luigi,C:\Users\Zhifei Chen\Desktop\pysmell\subjects_for_metrics\luigi\test\execution_summary_test.py,446,1,0,0,0
luigi,C:\Users\Zhifei Chen\Desktop\pysmell\subjects_for_metrics\luigi\test\execution_summary_test.py,462,1,0,0,0
luigi,C:\Users\Zhifei Chen\Desktop\pysmell\subjects_for_metrics\luigi\test\execution_summary_test.py,467,1,0,0,0
luigi,C:\Users\Zhifei Chen\Desktop\pysmell\subjects_for_metrics\luigi\test\execution_summary_test.py,483,1,0,0,0
luigi,C:\Users\Zhifei Chen\Desktop\pysmell\subjects_for_metrics\luigi\test\execution_summary_test.py,487,1,0,0,0
luigi,C:\Users\Zhifei Chen\Desktop\pysmell\subjects_for_metrics\luigi\test\execution_summary_test.py,517,1,0,0,0
luigi,C:\Users\Zhifei Chen\Desktop\pysmell\subjects_for_metrics\luigi\test\execution_summary_test.py,520,1,0,0,0
luigi,C:\Users\Zhifei Chen\Desktop\pysmell\subjects_for_metrics\luigi\test\execution_summary_test.py,532,1,0,0,0
luigi,C:\Users\Zhifei Chen\Desktop\pysmell\subjects_for_metrics\luigi\test\execution_summary_test.py,536,1,0,0,0
luigi,C:\Users\Zhifei Chen\Desktop\pysmell\subjects_for_metrics\luigi\test\execution_summary_test.py,564,1,0,0,0
luigi,C:\Users\Zhifei Chen\Desktop\pysmell\subjects_for_metrics\luigi\test\execution_summary_test.py,568,1,0,0,0
luigi,C:\Users\Zhifei Chen\Desktop\pysmell\subjects_for_metrics\luigi\test\execution_summary_test.py,583,1,0,0,0
luigi,C:\Users\Zhifei Chen\Desktop\pysmell\subjects_for_metrics\luigi\test\execution_summary_test.py,588,1,0,0,0
luigi,C:\Users\Zhifei Chen\Desktop\pysmell\subjects_for_metrics\luigi\test\execution_summary_test.py,611,1,0,0,0
luigi,C:\Users\Zhifei Chen\Desktop\pysmell\subjects_for_metrics\luigi\test\execution_summary_test.py,616,1,0,0,0
luigi,C:\Users\Zhifei Chen\Desktop\pysmell\subjects_for_metrics\luigi\test\execution_summary_test.py,623,1,0,0,0
luigi,C:\Users\Zhifei Chen\Desktop\pysmell\subjects_for_metrics\luigi\test\execution_summary_test.py,637,1,0,0,0
luigi,C:\Users\Zhifei Chen\Desktop\pysmell\subjects_for_metrics\luigi\test\execution_summary_test.py,642,1,0,0,0
luigi,C:\Users\Zhifei Chen\Desktop\pysmell\subjects_for_metrics\luigi\test\execution_summary_test.py,653,1,0,0,0
luigi,C:\Users\Zhifei Chen\Desktop\pysmell\subjects_for_metrics\luigi\test\execution_summary_test.py,661,1,0,0,0
luigi,C:\Users\Zhifei Chen\Desktop\pysmell\subjects_for_metrics\luigi\test\execution_summary_test.py,678,1,0,0,0
luigi,C:\Users\Zhifei Chen\Desktop\pysmell\subjects_for_metrics\luigi\test\execution_summary_test.py,683,1,0,0,0
luigi,C:\Users\Zhifei Chen\Desktop\pysmell\subjects_for_metrics\luigi\test\execution_summary_test.py,690,1,0,0,0
luigi,C:\Users\Zhifei Chen\Desktop\pysmell\subjects_for_metrics\luigi\test\execution_summary_test.py,698,1,0,0,0
luigi,C:\Users\Zhifei Chen\Desktop\pysmell\subjects_for_metrics\luigi\test\execution_summary_test.py,704,1,0,0,0
luigi,C:\Users\Zhifei Chen\Desktop\pysmell\subjects_for_metrics\luigi\test\execution_summary_test.py,712,1,0,0,0
luigi,C:\Users\Zhifei Chen\Desktop\pysmell\subjects_for_metrics\luigi\test\execution_summary_test.py,754,1,0,0,0
luigi,C:\Users\Zhifei Chen\Desktop\pysmell\subjects_for_metrics\luigi\test\execution_summary_test.py,757,1,0,0,0
luigi,C:\Users\Zhifei Chen\Desktop\pysmell\subjects_for_metrics\luigi\test\execution_summary_test.py,780,1,0,0,0
luigi,C:\Users\Zhifei Chen\Desktop\pysmell\subjects_for_metrics\luigi\test\execution_summary_test.py,783,1,0,0,0
luigi,C:\Users\Zhifei Chen\Desktop\pysmell\subjects_for_metrics\luigi\test\execution_summary_test.py,807,1,0,0,0
luigi,C:\Users\Zhifei Chen\Desktop\pysmell\subjects_for_metrics\luigi\test\factorial_test.py,23,1,0,0,0
luigi,C:\Users\Zhifei Chen\Desktop\pysmell\subjects_for_metrics\luigi\test\factorial_test.py,46,1,0,0,0
luigi,C:\Users\Zhifei Chen\Desktop\pysmell\subjects_for_metrics\luigi\test\fib_test.py,27,1,0,0,0
luigi,C:\Users\Zhifei Chen\Desktop\pysmell\subjects_for_metrics\luigi\test\fib_test.py,55,1,0,0,0
luigi,C:\Users\Zhifei Chen\Desktop\pysmell\subjects_for_metrics\luigi\test\fib_test.py,61,1,0,0,0
luigi,C:\Users\Zhifei Chen\Desktop\pysmell\subjects_for_metrics\luigi\test\file_test.py,34,2,0,1,0
luigi,C:\Users\Zhifei Chen\Desktop\pysmell\subjects_for_metrics\luigi\test\file_test.py,171,1,0,0,0
luigi,C:\Users\Zhifei Chen\Desktop\pysmell\subjects_for_metrics\luigi\test\file_test.py,176,1,0,0,0
luigi,C:\Users\Zhifei Chen\Desktop\pysmell\subjects_for_metrics\luigi\test\file_test.py,182,1,0,0,0
luigi,C:\Users\Zhifei Chen\Desktop\pysmell\subjects_for_metrics\luigi\test\file_test.py,204,1,0,0,0
luigi,C:\Users\Zhifei Chen\Desktop\pysmell\subjects_for_metrics\luigi\test\file_test.py,239,1,0,0,0
luigi,C:\Users\Zhifei Chen\Desktop\pysmell\subjects_for_metrics\luigi\test\helpers.py,35,1,0,0,0
luigi,C:\Users\Zhifei Chen\Desktop\pysmell\subjects_for_metrics\luigi\test\helpers.py,125,1,0,0,0
luigi,C:\Users\Zhifei Chen\Desktop\pysmell\subjects_for_metrics\luigi\test\helpers.py,138,1,0,0,0
luigi,C:\Users\Zhifei Chen\Desktop\pysmell\subjects_for_metrics\luigi\test\helpers.py,167,1,0,0,0
luigi,C:\Users\Zhifei Chen\Desktop\pysmell\subjects_for_metrics\luigi\test\helpers_test.py,8,1,0,0,0
luigi,C:\Users\Zhifei Chen\Desktop\pysmell\subjects_for_metrics\luigi\test\helpers_test.py,11,1,0,0,0
luigi,C:\Users\Zhifei Chen\Desktop\pysmell\subjects_for_metrics\luigi\test\helpers_test.py,17,1,0,0,0
luigi,C:\Users\Zhifei Chen\Desktop\pysmell\subjects_for_metrics\luigi\test\helpers_test.py,23,1,0,0,0
luigi,C:\Users\Zhifei Chen\Desktop\pysmell\subjects_for_metrics\luigi\test\helpers_test.py,32,1,0,0,0
luigi,C:\Users\Zhifei Chen\Desktop\pysmell\subjects_for_metrics\luigi\test\helpers_test.py,35,1,0,0,0
luigi,C:\Users\Zhifei Chen\Desktop\pysmell\subjects_for_metrics\luigi\test\import_test.py,23,1,0,0,0
luigi,C:\Users\Zhifei Chen\Desktop\pysmell\subjects_for_metrics\luigi\test\instance_test.py,28,1,0,0,0
luigi,C:\Users\Zhifei Chen\Desktop\pysmell\subjects_for_metrics\luigi\test\instance_test.py,31,1,0,0,0
luigi,C:\Users\Zhifei Chen\Desktop\pysmell\subjects_for_metrics\luigi\test\instance_test.py,44,1,0,0,0
luigi,C:\Users\Zhifei Chen\Desktop\pysmell\subjects_for_metrics\luigi\test\instance_test.py,53,1,0,0,0
luigi,C:\Users\Zhifei Chen\Desktop\pysmell\subjects_for_metrics\luigi\test\instance_test.py,69,1,0,0,0
luigi,C:\Users\Zhifei Chen\Desktop\pysmell\subjects_for_metrics\luigi\test\instance_test.py,72,1,0,0,0
luigi,C:\Users\Zhifei Chen\Desktop\pysmell\subjects_for_metrics\luigi\test\instance_test.py,81,1,0,0,0
luigi,C:\Users\Zhifei Chen\Desktop\pysmell\subjects_for_metrics\luigi\test\instance_test.py,93,1,0,0,0
luigi,C:\Users\Zhifei Chen\Desktop\pysmell\subjects_for_metrics\luigi\test\instance_wrap_test.py,29,1,0,0,0
luigi,C:\Users\Zhifei Chen\Desktop\pysmell\subjects_for_metrics\luigi\test\instance_wrap_test.py,43,1,0,0,0
luigi,C:\Users\Zhifei Chen\Desktop\pysmell\subjects_for_metrics\luigi\test\instance_wrap_test.py,60,1,0,0,0
luigi,C:\Users\Zhifei Chen\Desktop\pysmell\subjects_for_metrics\luigi\test\instance_wrap_test.py,78,1,0,0,0
luigi,C:\Users\Zhifei Chen\Desktop\pysmell\subjects_for_metrics\luigi\test\interface_test.py,32,1,0,0,0
luigi,C:\Users\Zhifei Chen\Desktop\pysmell\subjects_for_metrics\luigi\test\interface_test.py,43,1,0,0,0
luigi,C:\Users\Zhifei Chen\Desktop\pysmell\subjects_for_metrics\luigi\test\interface_test.py,68,1,0,0,0
luigi,C:\Users\Zhifei Chen\Desktop\pysmell\subjects_for_metrics\luigi\test\interface_test.py,71,1,0,0,0
luigi,C:\Users\Zhifei Chen\Desktop\pysmell\subjects_for_metrics\luigi\test\lock_test.py,31,1,0,0,0
luigi,C:\Users\Zhifei Chen\Desktop\pysmell\subjects_for_metrics\luigi\test\lock_test.py,41,1,0,0,0
luigi,C:\Users\Zhifei Chen\Desktop\pysmell\subjects_for_metrics\luigi\test\minicluster.py,33,1,0,0,0
luigi,C:\Users\Zhifei Chen\Desktop\pysmell\subjects_for_metrics\luigi\test\minicluster.py,77,1,0,0,0
luigi,C:\Users\Zhifei Chen\Desktop\pysmell\subjects_for_metrics\luigi\test\mock_test.py,24,1,0,0,0
luigi,C:\Users\Zhifei Chen\Desktop\pysmell\subjects_for_metrics\luigi\test\mock_test.py,55,1,0,0,0
luigi,C:\Users\Zhifei Chen\Desktop\pysmell\subjects_for_metrics\luigi\test\mock_test.py,86,1,0,0,0
luigi,C:\Users\Zhifei Chen\Desktop\pysmell\subjects_for_metrics\luigi\test\most_common_test.py,23,1,0,0,0
luigi,C:\Users\Zhifei Chen\Desktop\pysmell\subjects_for_metrics\luigi\test\namespace_test.py,24,1,0,0,0
luigi,C:\Users\Zhifei Chen\Desktop\pysmell\subjects_for_metrics\luigi\test\namespace_test.py,28,1,0,0,0
luigi,C:\Users\Zhifei Chen\Desktop\pysmell\subjects_for_metrics\luigi\test\namespace_test.py,32,1,0,0,0
luigi,C:\Users\Zhifei Chen\Desktop\pysmell\subjects_for_metrics\luigi\test\namespace_test_helper.py,23,1,0,0,0
luigi,C:\Users\Zhifei Chen\Desktop\pysmell\subjects_for_metrics\luigi\test\namespace_test_helper.py,27,1,0,0,0
luigi,C:\Users\Zhifei Chen\Desktop\pysmell\subjects_for_metrics\luigi\test\other_module.py,21,1,0,0,0
luigi,C:\Users\Zhifei Chen\Desktop\pysmell\subjects_for_metrics\luigi\test\parameter_test.py,33,1,0,0,0
luigi,C:\Users\Zhifei Chen\Desktop\pysmell\subjects_for_metrics\luigi\test\parameter_test.py,37,1,0,0,0
luigi,C:\Users\Zhifei Chen\Desktop\pysmell\subjects_for_metrics\luigi\test\parameter_test.py,41,1,0,0,0
luigi,C:\Users\Zhifei Chen\Desktop\pysmell\subjects_for_metrics\luigi\test\parameter_test.py,45,1,0,0,0
luigi,C:\Users\Zhifei Chen\Desktop\pysmell\subjects_for_metrics\luigi\test\parameter_test.py,51,1,0,0,0
luigi,C:\Users\Zhifei Chen\Desktop\pysmell\subjects_for_metrics\luigi\test\parameter_test.py,58,1,0,0,0
luigi,C:\Users\Zhifei Chen\Desktop\pysmell\subjects_for_metrics\luigi\test\parameter_test.py,65,1,0,0,0
luigi,C:\Users\Zhifei Chen\Desktop\pysmell\subjects_for_metrics\luigi\test\parameter_test.py,74,1,0,0,0
luigi,C:\Users\Zhifei Chen\Desktop\pysmell\subjects_for_metrics\luigi\test\parameter_test.py,85,1,0,0,0
luigi,C:\Users\Zhifei Chen\Desktop\pysmell\subjects_for_metrics\luigi\test\parameter_test.py,109,1,0,0,0
luigi,C:\Users\Zhifei Chen\Desktop\pysmell\subjects_for_metrics\luigi\test\parameter_test.py,114,1,0,0,0
luigi,C:\Users\Zhifei Chen\Desktop\pysmell\subjects_for_metrics\luigi\test\parameter_test.py,120,1,0,0,0
luigi,C:\Users\Zhifei Chen\Desktop\pysmell\subjects_for_metrics\luigi\test\parameter_test.py,131,1,0,0,0
luigi,C:\Users\Zhifei Chen\Desktop\pysmell\subjects_for_metrics\luigi\test\parameter_test.py,137,1,0,0,0
luigi,C:\Users\Zhifei Chen\Desktop\pysmell\subjects_for_metrics\luigi\test\parameter_test.py,199,1,0,0,0
luigi,C:\Users\Zhifei Chen\Desktop\pysmell\subjects_for_metrics\luigi\test\parameter_test.py,214,1,0,0,0
luigi,C:\Users\Zhifei Chen\Desktop\pysmell\subjects_for_metrics\luigi\test\parameter_test.py,224,1,0,0,0
luigi,C:\Users\Zhifei Chen\Desktop\pysmell\subjects_for_metrics\luigi\test\parameter_test.py,234,1,0,0,0
luigi,C:\Users\Zhifei Chen\Desktop\pysmell\subjects_for_metrics\luigi\test\parameter_test.py,243,1,0,0,0
luigi,C:\Users\Zhifei Chen\Desktop\pysmell\subjects_for_metrics\luigi\test\parameter_test.py,293,1,0,0,0
luigi,C:\Users\Zhifei Chen\Desktop\pysmell\subjects_for_metrics\luigi\test\parameter_test.py,338,1,0,0,0
luigi,C:\Users\Zhifei Chen\Desktop\pysmell\subjects_for_metrics\luigi\test\parameter_test.py,341,1,0,0,0
luigi,C:\Users\Zhifei Chen\Desktop\pysmell\subjects_for_metrics\luigi\test\parameter_test.py,355,1,0,0,0
luigi,C:\Users\Zhifei Chen\Desktop\pysmell\subjects_for_metrics\luigi\test\parameter_test.py,364,1,0,0,0
luigi,C:\Users\Zhifei Chen\Desktop\pysmell\subjects_for_metrics\luigi\test\parameter_test.py,372,1,0,0,0
luigi,C:\Users\Zhifei Chen\Desktop\pysmell\subjects_for_metrics\luigi\test\parameter_test.py,383,1,0,0,0
luigi,C:\Users\Zhifei Chen\Desktop\pysmell\subjects_for_metrics\luigi\test\parameter_test.py,511,1,0,0,0
luigi,C:\Users\Zhifei Chen\Desktop\pysmell\subjects_for_metrics\luigi\test\parameter_test.py,519,1,0,0,0
luigi,C:\Users\Zhifei Chen\Desktop\pysmell\subjects_for_metrics\luigi\test\parameter_test.py,527,1,0,0,0
luigi,C:\Users\Zhifei Chen\Desktop\pysmell\subjects_for_metrics\luigi\test\parameter_test.py,535,1,0,0,0
luigi,C:\Users\Zhifei Chen\Desktop\pysmell\subjects_for_metrics\luigi\test\parameter_test.py,543,1,0,0,0
luigi,C:\Users\Zhifei Chen\Desktop\pysmell\subjects_for_metrics\luigi\test\parameter_test.py,551,1,0,0,0
luigi,C:\Users\Zhifei Chen\Desktop\pysmell\subjects_for_metrics\luigi\test\parameter_test.py,563,1,0,0,0
luigi,C:\Users\Zhifei Chen\Desktop\pysmell\subjects_for_metrics\luigi\test\parameter_test.py,586,1,0,0,0
luigi,C:\Users\Zhifei Chen\Desktop\pysmell\subjects_for_metrics\luigi\test\parameter_test.py,607,1,0,0,0
luigi,C:\Users\Zhifei Chen\Desktop\pysmell\subjects_for_metrics\luigi\test\parameter_test.py,615,1,0,0,0
luigi,C:\Users\Zhifei Chen\Desktop\pysmell\subjects_for_metrics\luigi\test\parameter_test.py,632,1,0,0,0
luigi,C:\Users\Zhifei Chen\Desktop\pysmell\subjects_for_metrics\luigi\test\parameter_test.py,650,1,0,0,0
luigi,C:\Users\Zhifei Chen\Desktop\pysmell\subjects_for_metrics\luigi\test\parameter_test.py,661,1,0,0,0
luigi,C:\Users\Zhifei Chen\Desktop\pysmell\subjects_for_metrics\luigi\test\parameter_test.py,665,1,0,0,0
luigi,C:\Users\Zhifei Chen\Desktop\pysmell\subjects_for_metrics\luigi\test\parameter_test.py,672,1,0,0,0
luigi,C:\Users\Zhifei Chen\Desktop\pysmell\subjects_for_metrics\luigi\test\parameter_test.py,693,1,0,0,0
luigi,C:\Users\Zhifei Chen\Desktop\pysmell\subjects_for_metrics\luigi\test\parameter_test.py,701,1,0,0,0
luigi,C:\Users\Zhifei Chen\Desktop\pysmell\subjects_for_metrics\luigi\test\parameter_test.py,704,1,0,0,0
luigi,C:\Users\Zhifei Chen\Desktop\pysmell\subjects_for_metrics\luigi\test\parameter_test.py,715,1,0,0,0
luigi,C:\Users\Zhifei Chen\Desktop\pysmell\subjects_for_metrics\luigi\test\parameter_test.py,727,1,0,0,0
luigi,C:\Users\Zhifei Chen\Desktop\pysmell\subjects_for_metrics\luigi\test\parameter_test.py,743,1,0,0,0
luigi,C:\Users\Zhifei Chen\Desktop\pysmell\subjects_for_metrics\luigi\test\parameter_test.py,756,1,0,0,0
luigi,C:\Users\Zhifei Chen\Desktop\pysmell\subjects_for_metrics\luigi\test\parameter_test.py,777,1,0,0,0
luigi,C:\Users\Zhifei Chen\Desktop\pysmell\subjects_for_metrics\luigi\test\postgres_test.py,29,1,0,0,0
luigi,C:\Users\Zhifei Chen\Desktop\pysmell\subjects_for_metrics\luigi\test\postgres_test.py,47,1,0,0,0
luigi,C:\Users\Zhifei Chen\Desktop\pysmell\subjects_for_metrics\luigi\test\postgres_test.py,61,1,0,0,0
luigi,C:\Users\Zhifei Chen\Desktop\pysmell\subjects_for_metrics\luigi\test\postgres_with_server_test.py,60,1,0,0,0
luigi,C:\Users\Zhifei Chen\Desktop\pysmell\subjects_for_metrics\luigi\test\postgres_with_server_test.py,68,1,0,0,0
luigi,C:\Users\Zhifei Chen\Desktop\pysmell\subjects_for_metrics\luigi\test\postgres_with_server_test.py,87,1,0,0,0
luigi,C:\Users\Zhifei Chen\Desktop\pysmell\subjects_for_metrics\luigi\test\postgres_with_server_test.py,94,1,0,0,0
luigi,C:\Users\Zhifei Chen\Desktop\pysmell\subjects_for_metrics\luigi\test\postgres_with_server_test.py,103,1,0,0,0
luigi,C:\Users\Zhifei Chen\Desktop\pysmell\subjects_for_metrics\luigi\test\postgres_with_server_test.py,112,1,0,0,0
luigi,C:\Users\Zhifei Chen\Desktop\pysmell\subjects_for_metrics\luigi\test\postgres_with_server_test.py,159,1,0,0,0
luigi,C:\Users\Zhifei Chen\Desktop\pysmell\subjects_for_metrics\luigi\test\priority_test.py,26,1,0,0,0
luigi,C:\Users\Zhifei Chen\Desktop\pysmell\subjects_for_metrics\luigi\test\priority_test.py,46,1,0,0,0
luigi,C:\Users\Zhifei Chen\Desktop\pysmell\subjects_for_metrics\luigi\test\range_test.py,29,1,0,0,0
luigi,C:\Users\Zhifei Chen\Desktop\pysmell\subjects_for_metrics\luigi\test\range_test.py,36,1,0,0,0
luigi,C:\Users\Zhifei Chen\Desktop\pysmell\subjects_for_metrics\luigi\test\range_test.py,91,1,0,0,0
luigi,C:\Users\Zhifei Chen\Desktop\pysmell\subjects_for_metrics\luigi\test\range_test.py,98,1,0,0,0
luigi,C:\Users\Zhifei Chen\Desktop\pysmell\subjects_for_metrics\luigi\test\range_test.py,106,1,0,0,0
luigi,C:\Users\Zhifei Chen\Desktop\pysmell\subjects_for_metrics\luigi\test\range_test.py,113,1,0,0,0
luigi,C:\Users\Zhifei Chen\Desktop\pysmell\subjects_for_metrics\luigi\test\range_test.py,137,1,0,0,0
luigi,C:\Users\Zhifei Chen\Desktop\pysmell\subjects_for_metrics\luigi\test\range_test.py,178,1,0,0,0
luigi,C:\Users\Zhifei Chen\Desktop\pysmell\subjects_for_metrics\luigi\test\range_test.py,207,1,0,0,0
luigi,C:\Users\Zhifei Chen\Desktop\pysmell\subjects_for_metrics\luigi\test\range_test.py,247,1,0,0,0
luigi,C:\Users\Zhifei Chen\Desktop\pysmell\subjects_for_metrics\luigi\test\range_test.py,293,1,0,0,0
luigi,C:\Users\Zhifei Chen\Desktop\pysmell\subjects_for_metrics\luigi\test\range_test.py,322,1,0,0,0
luigi,C:\Users\Zhifei Chen\Desktop\pysmell\subjects_for_metrics\luigi\test\range_test.py,361,1,0,0,0
luigi,C:\Users\Zhifei Chen\Desktop\pysmell\subjects_for_metrics\luigi\test\range_test.py,465,1,0,0,0
luigi,C:\Users\Zhifei Chen\Desktop\pysmell\subjects_for_metrics\luigi\test\range_test.py,503,1,0,0,0
luigi,C:\Users\Zhifei Chen\Desktop\pysmell\subjects_for_metrics\luigi\test\range_test.py,524,1,0,0,0
luigi,C:\Users\Zhifei Chen\Desktop\pysmell\subjects_for_metrics\luigi\test\range_test.py,539,1,0,0,0
luigi,C:\Users\Zhifei Chen\Desktop\pysmell\subjects_for_metrics\luigi\test\range_test.py,542,1,0,0,0
luigi,C:\Users\Zhifei Chen\Desktop\pysmell\subjects_for_metrics\luigi\test\range_test.py,574,1,0,0,0
luigi,C:\Users\Zhifei Chen\Desktop\pysmell\subjects_for_metrics\luigi\test\range_test.py,594,1,0,0,0
luigi,C:\Users\Zhifei Chen\Desktop\pysmell\subjects_for_metrics\luigi\test\range_test.py,627,1,0,0,0
luigi,C:\Users\Zhifei Chen\Desktop\pysmell\subjects_for_metrics\luigi\test\range_test.py,665,1,0,0,0
luigi,C:\Users\Zhifei Chen\Desktop\pysmell\subjects_for_metrics\luigi\test\range_test.py,671,1,0,0,0
luigi,C:\Users\Zhifei Chen\Desktop\pysmell\subjects_for_metrics\luigi\test\range_test.py,689,1,0,0,0
luigi,C:\Users\Zhifei Chen\Desktop\pysmell\subjects_for_metrics\luigi\test\range_test.py,707,1,0,0,0
luigi,C:\Users\Zhifei Chen\Desktop\pysmell\subjects_for_metrics\luigi\test\recursion_test.py,27,1,0,0,0
luigi,C:\Users\Zhifei Chen\Desktop\pysmell\subjects_for_metrics\luigi\test\recursion_test.py,44,1,0,0,0
luigi,C:\Users\Zhifei Chen\Desktop\pysmell\subjects_for_metrics\luigi\test\redshift_test.py,59,1,0,0,0
luigi,C:\Users\Zhifei Chen\Desktop\pysmell\subjects_for_metrics\luigi\test\remote_scheduler_test.py,28,1,0,0,0
luigi,C:\Users\Zhifei Chen\Desktop\pysmell\subjects_for_metrics\luigi\test\remote_scheduler_test.py,39,1,0,0,0
luigi,C:\Users\Zhifei Chen\Desktop\pysmell\subjects_for_metrics\luigi\test\retcodes_test.py,24,1,0,0,0
luigi,C:\Users\Zhifei Chen\Desktop\pysmell\subjects_for_metrics\luigi\test\retcodes_test.py,35,1,0,0,0
luigi,C:\Users\Zhifei Chen\Desktop\pysmell\subjects_for_metrics\luigi\test\retcodes_test.py,44,1,0,0,0
luigi,C:\Users\Zhifei Chen\Desktop\pysmell\subjects_for_metrics\luigi\test\retcodes_test.py,53,1,0,0,0
luigi,C:\Users\Zhifei Chen\Desktop\pysmell\subjects_for_metrics\luigi\test\retcodes_test.py,83,1,0,0,0
luigi,C:\Users\Zhifei Chen\Desktop\pysmell\subjects_for_metrics\luigi\test\retcodes_test.py,91,1,0,0,0
luigi,C:\Users\Zhifei Chen\Desktop\pysmell\subjects_for_metrics\luigi\test\retcodes_test.py,95,1,0,0,0
luigi,C:\Users\Zhifei Chen\Desktop\pysmell\subjects_for_metrics\luigi\test\retcodes_test.py,99,1,0,0,0
luigi,C:\Users\Zhifei Chen\Desktop\pysmell\subjects_for_metrics\luigi\test\retcodes_test.py,109,1,0,0,0
luigi,C:\Users\Zhifei Chen\Desktop\pysmell\subjects_for_metrics\luigi\test\rpc_test.py,33,1,0,0,0
luigi,C:\Users\Zhifei Chen\Desktop\pysmell\subjects_for_metrics\luigi\test\rpc_test.py,47,1,0,0,0
luigi,C:\Users\Zhifei Chen\Desktop\pysmell\subjects_for_metrics\luigi\test\rpc_test.py,63,2,0,1,0
luigi,C:\Users\Zhifei Chen\Desktop\pysmell\subjects_for_metrics\luigi\test\s3_test.py,42,2,0,1,0
luigi,C:\Users\Zhifei Chen\Desktop\pysmell\subjects_for_metrics\luigi\test\s3_test.py,104,1,0,0,0
luigi,C:\Users\Zhifei Chen\Desktop\pysmell\subjects_for_metrics\luigi\test\scheduler_test.py,32,1,0,0,0
luigi,C:\Users\Zhifei Chen\Desktop\pysmell\subjects_for_metrics\luigi\test\scheduler_visualisation_test.py,34,1,0,0,0
luigi,C:\Users\Zhifei Chen\Desktop\pysmell\subjects_for_metrics\luigi\test\scheduler_visualisation_test.py,45,1,0,0,0
luigi,C:\Users\Zhifei Chen\Desktop\pysmell\subjects_for_metrics\luigi\test\scheduler_visualisation_test.py,63,1,0,0,0
luigi,C:\Users\Zhifei Chen\Desktop\pysmell\subjects_for_metrics\luigi\test\scheduler_visualisation_test.py,77,1,0,0,0
luigi,C:\Users\Zhifei Chen\Desktop\pysmell\subjects_for_metrics\luigi\test\scheduler_visualisation_test.py,84,1,0,0,0
luigi,C:\Users\Zhifei Chen\Desktop\pysmell\subjects_for_metrics\luigi\test\scheduler_visualisation_test.py,238,1,0,0,0
luigi,C:\Users\Zhifei Chen\Desktop\pysmell\subjects_for_metrics\luigi\test\scheduler_visualisation_test.py,241,1,0,0,0
luigi,C:\Users\Zhifei Chen\Desktop\pysmell\subjects_for_metrics\luigi\test\scheduler_visualisation_test.py,246,1,0,0,0
luigi,C:\Users\Zhifei Chen\Desktop\pysmell\subjects_for_metrics\luigi\test\scheduler_visualisation_test.py,251,1,0,0,0
luigi,C:\Users\Zhifei Chen\Desktop\pysmell\subjects_for_metrics\luigi\test\scheduler_visualisation_test.py,256,1,0,0,0
luigi,C:\Users\Zhifei Chen\Desktop\pysmell\subjects_for_metrics\luigi\test\scheduler_visualisation_test.py,261,1,0,0,0
luigi,C:\Users\Zhifei Chen\Desktop\pysmell\subjects_for_metrics\luigi\test\scheduler_visualisation_test.py,330,1,0,0,0
luigi,C:\Users\Zhifei Chen\Desktop\pysmell\subjects_for_metrics\luigi\test\scheduler_visualisation_test.py,333,1,0,0,0
luigi,C:\Users\Zhifei Chen\Desktop\pysmell\subjects_for_metrics\luigi\test\scheduler_visualisation_test.py,338,1,0,0,0
luigi,C:\Users\Zhifei Chen\Desktop\pysmell\subjects_for_metrics\luigi\test\scheduler_visualisation_test.py,344,1,0,0,0
luigi,C:\Users\Zhifei Chen\Desktop\pysmell\subjects_for_metrics\luigi\test\scheduler_visualisation_test.py,364,1,0,0,0
luigi,C:\Users\Zhifei Chen\Desktop\pysmell\subjects_for_metrics\luigi\test\scheduler_visualisation_test.py,385,1,0,0,0
luigi,C:\Users\Zhifei Chen\Desktop\pysmell\subjects_for_metrics\luigi\test\scheduler_visualisation_test.py,390,1,0,0,0
luigi,C:\Users\Zhifei Chen\Desktop\pysmell\subjects_for_metrics\luigi\test\scheduler_visualisation_test.py,395,1,0,0,0
luigi,C:\Users\Zhifei Chen\Desktop\pysmell\subjects_for_metrics\luigi\test\scheduler_visualisation_test.py,412,1,0,0,0
luigi,C:\Users\Zhifei Chen\Desktop\pysmell\subjects_for_metrics\luigi\test\server_test.py,58,1,0,0,0
luigi,C:\Users\Zhifei Chen\Desktop\pysmell\subjects_for_metrics\luigi\test\server_test.py,85,1,0,0,0
luigi,C:\Users\Zhifei Chen\Desktop\pysmell\subjects_for_metrics\luigi\test\server_test.py,102,1,0,0,0
luigi,C:\Users\Zhifei Chen\Desktop\pysmell\subjects_for_metrics\luigi\test\server_test.py,160,1,0,0,0
luigi,C:\Users\Zhifei Chen\Desktop\pysmell\subjects_for_metrics\luigi\test\server_test.py,162,1,0,0,0
luigi,C:\Users\Zhifei Chen\Desktop\pysmell\subjects_for_metrics\luigi\test\server_test.py,188,1,0,0,0
luigi,C:\Users\Zhifei Chen\Desktop\pysmell\subjects_for_metrics\luigi\test\server_test.py,197,1,0,0,0
luigi,C:\Users\Zhifei Chen\Desktop\pysmell\subjects_for_metrics\luigi\test\server_test.py,207,1,0,0,0
luigi,C:\Users\Zhifei Chen\Desktop\pysmell\subjects_for_metrics\luigi\test\server_test.py,208,1,0,0,0
luigi,C:\Users\Zhifei Chen\Desktop\pysmell\subjects_for_metrics\luigi\test\server_test.py,215,1,0,0,0
luigi,C:\Users\Zhifei Chen\Desktop\pysmell\subjects_for_metrics\luigi\test\server_test.py,233,1,0,0,0
luigi,C:\Users\Zhifei Chen\Desktop\pysmell\subjects_for_metrics\luigi\test\server_test.py,234,1,0,0,0
luigi,C:\Users\Zhifei Chen\Desktop\pysmell\subjects_for_metrics\luigi\test\server_test.py,244,1,0,0,0
luigi,C:\Users\Zhifei Chen\Desktop\pysmell\subjects_for_metrics\luigi\test\server_test.py,246,1,0,0,0
luigi,C:\Users\Zhifei Chen\Desktop\pysmell\subjects_for_metrics\luigi\test\set_task_name_test.py,24,1,0,0,0
luigi,C:\Users\Zhifei Chen\Desktop\pysmell\subjects_for_metrics\luigi\test\set_task_name_test.py,35,1,0,0,0
luigi,C:\Users\Zhifei Chen\Desktop\pysmell\subjects_for_metrics\luigi\test\simulate_test.py,45,1,0,0,0
luigi,C:\Users\Zhifei Chen\Desktop\pysmell\subjects_for_metrics\luigi\test\simulate_test.py,61,1,0,0,0
luigi,C:\Users\Zhifei Chen\Desktop\pysmell\subjects_for_metrics\luigi\test\simulate_test.py,66,1,0,0,0
luigi,C:\Users\Zhifei Chen\Desktop\pysmell\subjects_for_metrics\luigi\test\simulate_test.py,71,1,0,0,0
luigi,C:\Users\Zhifei Chen\Desktop\pysmell\subjects_for_metrics\luigi\test\simulate_test.py,76,1,0,0,0
luigi,C:\Users\Zhifei Chen\Desktop\pysmell\subjects_for_metrics\luigi\test\simulate_test.py,88,1,0,0,0
luigi,C:\Users\Zhifei Chen\Desktop\pysmell\subjects_for_metrics\luigi\test\snakebite_test.py,37,1,0,0,0
luigi,C:\Users\Zhifei Chen\Desktop\pysmell\subjects_for_metrics\luigi\test\subtask_test.py,24,1,0,0,0
luigi,C:\Users\Zhifei Chen\Desktop\pysmell\subjects_for_metrics\luigi\test\subtask_test.py,39,1,0,0,0
luigi,C:\Users\Zhifei Chen\Desktop\pysmell\subjects_for_metrics\luigi\test\subtask_test.py,49,1,0,0,0
luigi,C:\Users\Zhifei Chen\Desktop\pysmell\subjects_for_metrics\luigi\test\target_test.py,25,1,0,0,0
luigi,C:\Users\Zhifei Chen\Desktop\pysmell\subjects_for_metrics\luigi\test\target_test.py,29,1,0,0,0
luigi,C:\Users\Zhifei Chen\Desktop\pysmell\subjects_for_metrics\luigi\test\target_test.py,38,1,0,0,0
luigi,C:\Users\Zhifei Chen\Desktop\pysmell\subjects_for_metrics\luigi\test\target_test.py,47,1,0,0,0
luigi,C:\Users\Zhifei Chen\Desktop\pysmell\subjects_for_metrics\luigi\test\target_test.py,58,1,0,0,0
luigi,C:\Users\Zhifei Chen\Desktop\pysmell\subjects_for_metrics\luigi\test\target_test.py,169,1,0,0,0
luigi,C:\Users\Zhifei Chen\Desktop\pysmell\subjects_for_metrics\luigi\test\task_history_test.py,28,1,0,0,0
luigi,C:\Users\Zhifei Chen\Desktop\pysmell\subjects_for_metrics\luigi\test\task_history_test.py,43,1,0,0,0
luigi,C:\Users\Zhifei Chen\Desktop\pysmell\subjects_for_metrics\luigi\test\task_history_test.py,54,1,0,0,0
luigi,C:\Users\Zhifei Chen\Desktop\pysmell\subjects_for_metrics\luigi\test\task_test.py,27,1,0,0,0
luigi,C:\Users\Zhifei Chen\Desktop\pysmell\subjects_for_metrics\luigi\test\task_test.py,39,1,0,0,0
luigi,C:\Users\Zhifei Chen\Desktop\pysmell\subjects_for_metrics\luigi\test\task_test.py,44,1,0,0,0
luigi,C:\Users\Zhifei Chen\Desktop\pysmell\subjects_for_metrics\luigi\test\test_sigpipe.py,42,1,0,0,0
luigi,C:\Users\Zhifei Chen\Desktop\pysmell\subjects_for_metrics\luigi\test\test_sigpipe.py,69,1,0,0,0
luigi,C:\Users\Zhifei Chen\Desktop\pysmell\subjects_for_metrics\luigi\test\test_ssh.py,24,1,0,0,0
luigi,C:\Users\Zhifei Chen\Desktop\pysmell\subjects_for_metrics\luigi\test\util_previous_test.py,26,1,0,0,0
luigi,C:\Users\Zhifei Chen\Desktop\pysmell\subjects_for_metrics\luigi\test\util_previous_test.py,34,1,0,0,0
luigi,C:\Users\Zhifei Chen\Desktop\pysmell\subjects_for_metrics\luigi\test\util_previous_test.py,52,1,0,0,0
luigi,C:\Users\Zhifei Chen\Desktop\pysmell\subjects_for_metrics\luigi\test\util_previous_test.py,60,1,0,0,0
luigi,C:\Users\Zhifei Chen\Desktop\pysmell\subjects_for_metrics\luigi\test\util_previous_test.py,78,1,0,0,0
luigi,C:\Users\Zhifei Chen\Desktop\pysmell\subjects_for_metrics\luigi\test\util_previous_test.py,86,1,0,0,0
luigi,C:\Users\Zhifei Chen\Desktop\pysmell\subjects_for_metrics\luigi\test\util_previous_test.py,104,1,0,0,0
luigi,C:\Users\Zhifei Chen\Desktop\pysmell\subjects_for_metrics\luigi\test\util_previous_test.py,111,1,0,0,0
luigi,C:\Users\Zhifei Chen\Desktop\pysmell\subjects_for_metrics\luigi\test\util_previous_test.py,129,1,0,0,0
luigi,C:\Users\Zhifei Chen\Desktop\pysmell\subjects_for_metrics\luigi\test\util_previous_test.py,134,1,0,0,0
luigi,C:\Users\Zhifei Chen\Desktop\pysmell\subjects_for_metrics\luigi\test\util_previous_test.py,144,1,0,0,0
luigi,C:\Users\Zhifei Chen\Desktop\pysmell\subjects_for_metrics\luigi\test\util_previous_test.py,149,1,0,0,0
luigi,C:\Users\Zhifei Chen\Desktop\pysmell\subjects_for_metrics\luigi\test\util_previous_test.py,157,1,0,0,0
luigi,C:\Users\Zhifei Chen\Desktop\pysmell\subjects_for_metrics\luigi\test\util_previous_test.py,161,1,0,0,0
luigi,C:\Users\Zhifei Chen\Desktop\pysmell\subjects_for_metrics\luigi\test\worker_external_task_test.py,26,1,0,0,0
luigi,C:\Users\Zhifei Chen\Desktop\pysmell\subjects_for_metrics\luigi\test\worker_external_task_test.py,50,1,0,0,0
luigi,C:\Users\Zhifei Chen\Desktop\pysmell\subjects_for_metrics\luigi\test\worker_external_task_test.py,75,1,0,0,0
luigi,C:\Users\Zhifei Chen\Desktop\pysmell\subjects_for_metrics\luigi\test\worker_multiprocess_test.py,30,1,0,0,0
luigi,C:\Users\Zhifei Chen\Desktop\pysmell\subjects_for_metrics\luigi\test\worker_multiprocess_test.py,47,1,0,0,0
luigi,C:\Users\Zhifei Chen\Desktop\pysmell\subjects_for_metrics\luigi\test\worker_multiprocess_test.py,67,1,0,0,0
luigi,C:\Users\Zhifei Chen\Desktop\pysmell\subjects_for_metrics\luigi\test\worker_multiprocess_test.py,86,1,0,0,0
luigi,C:\Users\Zhifei Chen\Desktop\pysmell\subjects_for_metrics\luigi\test\worker_multiprocess_test.py,94,1,0,0,0
luigi,C:\Users\Zhifei Chen\Desktop\pysmell\subjects_for_metrics\luigi\test\worker_parallel_scheduling_test.py,51,1,0,0,0
luigi,C:\Users\Zhifei Chen\Desktop\pysmell\subjects_for_metrics\luigi\test\worker_parallel_scheduling_test.py,57,1,0,0,0
luigi,C:\Users\Zhifei Chen\Desktop\pysmell\subjects_for_metrics\luigi\test\worker_parallel_scheduling_test.py,65,1,0,0,0
luigi,C:\Users\Zhifei Chen\Desktop\pysmell\subjects_for_metrics\luigi\test\worker_parallel_scheduling_test.py,76,1,0,0,0
luigi,C:\Users\Zhifei Chen\Desktop\pysmell\subjects_for_metrics\luigi\test\worker_parallel_scheduling_test.py,82,1,0,0,0
luigi,C:\Users\Zhifei Chen\Desktop\pysmell\subjects_for_metrics\luigi\test\worker_parallel_scheduling_test.py,88,1,0,0,0
luigi,C:\Users\Zhifei Chen\Desktop\pysmell\subjects_for_metrics\luigi\test\worker_parallel_scheduling_test.py,91,1,0,0,0
luigi,C:\Users\Zhifei Chen\Desktop\pysmell\subjects_for_metrics\luigi\test\worker_parallel_scheduling_test.py,96,1,0,0,0
luigi,C:\Users\Zhifei Chen\Desktop\pysmell\subjects_for_metrics\luigi\test\worker_task_test.py,36,1,0,0,0
luigi,C:\Users\Zhifei Chen\Desktop\pysmell\subjects_for_metrics\luigi\test\worker_task_test.py,39,1,0,0,0
luigi,C:\Users\Zhifei Chen\Desktop\pysmell\subjects_for_metrics\luigi\test\worker_task_test.py,56,1,0,0,0
luigi,C:\Users\Zhifei Chen\Desktop\pysmell\subjects_for_metrics\luigi\test\worker_task_test.py,59,1,0,0,0
luigi,C:\Users\Zhifei Chen\Desktop\pysmell\subjects_for_metrics\luigi\test\worker_task_test.py,72,1,0,0,0
luigi,C:\Users\Zhifei Chen\Desktop\pysmell\subjects_for_metrics\luigi\test\worker_task_test.py,91,1,0,0,0
luigi,C:\Users\Zhifei Chen\Desktop\pysmell\subjects_for_metrics\luigi\test\worker_test.py,41,1,0,0,0
luigi,C:\Users\Zhifei Chen\Desktop\pysmell\subjects_for_metrics\luigi\test\worker_test.py,55,1,0,0,0
luigi,C:\Users\Zhifei Chen\Desktop\pysmell\subjects_for_metrics\luigi\test\worker_test.py,67,1,0,0,0
luigi,C:\Users\Zhifei Chen\Desktop\pysmell\subjects_for_metrics\luigi\test\worker_test.py,71,1,0,0,0
luigi,C:\Users\Zhifei Chen\Desktop\pysmell\subjects_for_metrics\luigi\test\worker_test.py,93,1,0,0,0
luigi,C:\Users\Zhifei Chen\Desktop\pysmell\subjects_for_metrics\luigi\test\worker_test.py,108,1,0,0,0
luigi,C:\Users\Zhifei Chen\Desktop\pysmell\subjects_for_metrics\luigi\test\worker_test.py,127,1,0,0,0
luigi,C:\Users\Zhifei Chen\Desktop\pysmell\subjects_for_metrics\luigi\test\worker_test.py,136,1,0,0,0
luigi,C:\Users\Zhifei Chen\Desktop\pysmell\subjects_for_metrics\luigi\test\worker_test.py,166,1,0,0,0
luigi,C:\Users\Zhifei Chen\Desktop\pysmell\subjects_for_metrics\luigi\test\worker_test.py,172,1,0,0,0
luigi,C:\Users\Zhifei Chen\Desktop\pysmell\subjects_for_metrics\luigi\test\worker_test.py,195,1,0,0,0
luigi,C:\Users\Zhifei Chen\Desktop\pysmell\subjects_for_metrics\luigi\test\worker_test.py,199,1,0,0,0
luigi,C:\Users\Zhifei Chen\Desktop\pysmell\subjects_for_metrics\luigi\test\worker_test.py,210,1,0,0,0
luigi,C:\Users\Zhifei Chen\Desktop\pysmell\subjects_for_metrics\luigi\test\worker_test.py,234,1,0,0,0
luigi,C:\Users\Zhifei Chen\Desktop\pysmell\subjects_for_metrics\luigi\test\worker_test.py,239,1,0,0,0
luigi,C:\Users\Zhifei Chen\Desktop\pysmell\subjects_for_metrics\luigi\test\worker_test.py,245,1,0,0,0
luigi,C:\Users\Zhifei Chen\Desktop\pysmell\subjects_for_metrics\luigi\test\worker_test.py,275,1,0,0,0
luigi,C:\Users\Zhifei Chen\Desktop\pysmell\subjects_for_metrics\luigi\test\worker_test.py,284,1,0,0,0
luigi,C:\Users\Zhifei Chen\Desktop\pysmell\subjects_for_metrics\luigi\test\worker_test.py,303,1,0,0,0
luigi,C:\Users\Zhifei Chen\Desktop\pysmell\subjects_for_metrics\luigi\test\worker_test.py,308,1,0,0,0
luigi,C:\Users\Zhifei Chen\Desktop\pysmell\subjects_for_metrics\luigi\test\worker_test.py,320,1,0,0,0
luigi,C:\Users\Zhifei Chen\Desktop\pysmell\subjects_for_metrics\luigi\test\worker_test.py,333,1,0,0,0
luigi,C:\Users\Zhifei Chen\Desktop\pysmell\subjects_for_metrics\luigi\test\worker_test.py,355,1,0,0,0
luigi,C:\Users\Zhifei Chen\Desktop\pysmell\subjects_for_metrics\luigi\test\worker_test.py,360,1,0,0,0
luigi,C:\Users\Zhifei Chen\Desktop\pysmell\subjects_for_metrics\luigi\test\worker_test.py,365,1,0,0,0
luigi,C:\Users\Zhifei Chen\Desktop\pysmell\subjects_for_metrics\luigi\test\worker_test.py,394,1,0,0,0
luigi,C:\Users\Zhifei Chen\Desktop\pysmell\subjects_for_metrics\luigi\test\worker_test.py,397,1,0,0,0
luigi,C:\Users\Zhifei Chen\Desktop\pysmell\subjects_for_metrics\luigi\test\worker_test.py,423,1,0,0,0
luigi,C:\Users\Zhifei Chen\Desktop\pysmell\subjects_for_metrics\luigi\test\worker_test.py,432,1,0,0,0
luigi,C:\Users\Zhifei Chen\Desktop\pysmell\subjects_for_metrics\luigi\test\worker_test.py,461,1,0,0,0
luigi,C:\Users\Zhifei Chen\Desktop\pysmell\subjects_for_metrics\luigi\test\worker_test.py,470,1,0,0,0
luigi,C:\Users\Zhifei Chen\Desktop\pysmell\subjects_for_metrics\luigi\test\worker_test.py,499,1,0,0,0
luigi,C:\Users\Zhifei Chen\Desktop\pysmell\subjects_for_metrics\luigi\test\worker_test.py,506,1,0,0,0
luigi,C:\Users\Zhifei Chen\Desktop\pysmell\subjects_for_metrics\luigi\test\worker_test.py,511,1,0,0,0
luigi,C:\Users\Zhifei Chen\Desktop\pysmell\subjects_for_metrics\luigi\test\worker_test.py,527,1,0,0,0
luigi,C:\Users\Zhifei Chen\Desktop\pysmell\subjects_for_metrics\luigi\test\worker_test.py,534,1,0,0,0
luigi,C:\Users\Zhifei Chen\Desktop\pysmell\subjects_for_metrics\luigi\test\worker_test.py,539,1,0,0,0
luigi,C:\Users\Zhifei Chen\Desktop\pysmell\subjects_for_metrics\luigi\test\worker_test.py,555,1,0,0,0
luigi,C:\Users\Zhifei Chen\Desktop\pysmell\subjects_for_metrics\luigi\test\worker_test.py,587,1,0,0,0
luigi,C:\Users\Zhifei Chen\Desktop\pysmell\subjects_for_metrics\luigi\test\worker_test.py,592,1,0,0,0
luigi,C:\Users\Zhifei Chen\Desktop\pysmell\subjects_for_metrics\luigi\test\worker_test.py,652,1,0,0,0
luigi,C:\Users\Zhifei Chen\Desktop\pysmell\subjects_for_metrics\luigi\test\worker_test.py,674,1,0,0,0
luigi,C:\Users\Zhifei Chen\Desktop\pysmell\subjects_for_metrics\luigi\test\worker_test.py,687,1,0,0,0
luigi,C:\Users\Zhifei Chen\Desktop\pysmell\subjects_for_metrics\luigi\test\worker_test.py,702,1,0,0,0
luigi,C:\Users\Zhifei Chen\Desktop\pysmell\subjects_for_metrics\luigi\test\worker_test.py,717,1,0,0,0
luigi,C:\Users\Zhifei Chen\Desktop\pysmell\subjects_for_metrics\luigi\test\worker_test.py,733,1,0,0,0
luigi,C:\Users\Zhifei Chen\Desktop\pysmell\subjects_for_metrics\luigi\test\worker_test.py,744,1,0,0,0
luigi,C:\Users\Zhifei Chen\Desktop\pysmell\subjects_for_metrics\luigi\test\worker_test.py,750,1,0,0,0
luigi,C:\Users\Zhifei Chen\Desktop\pysmell\subjects_for_metrics\luigi\test\worker_test.py,757,1,0,0,0
luigi,C:\Users\Zhifei Chen\Desktop\pysmell\subjects_for_metrics\luigi\test\worker_test.py,768,1,0,0,0
luigi,C:\Users\Zhifei Chen\Desktop\pysmell\subjects_for_metrics\luigi\test\worker_test.py,780,1,0,0,0
luigi,C:\Users\Zhifei Chen\Desktop\pysmell\subjects_for_metrics\luigi\test\worker_test.py,857,1,0,0,0
luigi,C:\Users\Zhifei Chen\Desktop\pysmell\subjects_for_metrics\luigi\test\worker_test.py,869,1,0,0,0
luigi,C:\Users\Zhifei Chen\Desktop\pysmell\subjects_for_metrics\luigi\test\worker_test.py,884,1,0,0,0
luigi,C:\Users\Zhifei Chen\Desktop\pysmell\subjects_for_metrics\luigi\test\worker_test.py,896,1,0,0,0
luigi,C:\Users\Zhifei Chen\Desktop\pysmell\subjects_for_metrics\luigi\test\worker_test.py,914,1,0,0,0
luigi,C:\Users\Zhifei Chen\Desktop\pysmell\subjects_for_metrics\luigi\test\worker_test.py,932,1,0,0,0
luigi,C:\Users\Zhifei Chen\Desktop\pysmell\subjects_for_metrics\luigi\test\worker_test.py,963,1,0,0,0
luigi,C:\Users\Zhifei Chen\Desktop\pysmell\subjects_for_metrics\luigi\test\worker_test.py,973,1,0,0,0
luigi,C:\Users\Zhifei Chen\Desktop\pysmell\subjects_for_metrics\luigi\test\wrap_test.py,30,1,0,0,0
luigi,C:\Users\Zhifei Chen\Desktop\pysmell\subjects_for_metrics\luigi\test\wrap_test.py,41,1,0,0,0
luigi,C:\Users\Zhifei Chen\Desktop\pysmell\subjects_for_metrics\luigi\test\wrap_test.py,54,1,0,0,0
luigi,C:\Users\Zhifei Chen\Desktop\pysmell\subjects_for_metrics\luigi\test\wrap_test.py,71,1,0,0,0
luigi,C:\Users\Zhifei Chen\Desktop\pysmell\subjects_for_metrics\luigi\test\wrap_test.py,77,1,0,0,0
luigi,C:\Users\Zhifei Chen\Desktop\pysmell\subjects_for_metrics\luigi\test\wrap_test.py,83,1,0,0,0
luigi,C:\Users\Zhifei Chen\Desktop\pysmell\subjects_for_metrics\luigi\test\wrap_test.py,102,1,0,0,0
luigi,C:\Users\Zhifei Chen\Desktop\pysmell\subjects_for_metrics\luigi\test\_mysqldb_test.py,44,1,0,0,0
luigi,C:\Users\Zhifei Chen\Desktop\pysmell\subjects_for_metrics\luigi\test\_test_ftp.py,39,1,0,0,0
luigi,C:\Users\Zhifei Chen\Desktop\pysmell\subjects_for_metrics\luigi\test\_test_ftp.py,92,1,0,0,0
luigi,C:\Users\Zhifei Chen\Desktop\pysmell\subjects_for_metrics\luigi\test\_test_ftp.py,122,1,0,0,0
luigi,C:\Users\Zhifei Chen\Desktop\pysmell\subjects_for_metrics\luigi\test\contrib\bigquery_test.py,37,1,0,0,0
luigi,C:\Users\Zhifei Chen\Desktop\pysmell\subjects_for_metrics\luigi\test\contrib\bigquery_test.py,59,1,0,0,0
luigi,C:\Users\Zhifei Chen\Desktop\pysmell\subjects_for_metrics\luigi\test\contrib\bigquery_test.py,71,1,0,0,0
luigi,C:\Users\Zhifei Chen\Desktop\pysmell\subjects_for_metrics\luigi\test\contrib\cascading_test.py,24,1,0,0,0
luigi,C:\Users\Zhifei Chen\Desktop\pysmell\subjects_for_metrics\luigi\test\contrib\esindex_test.py,65,1,0,0,0
luigi,C:\Users\Zhifei Chen\Desktop\pysmell\subjects_for_metrics\luigi\test\contrib\esindex_test.py,92,1,0,0,0
luigi,C:\Users\Zhifei Chen\Desktop\pysmell\subjects_for_metrics\luigi\test\contrib\esindex_test.py,118,1,0,0,0
luigi,C:\Users\Zhifei Chen\Desktop\pysmell\subjects_for_metrics\luigi\test\contrib\esindex_test.py,129,1,0,0,0
luigi,C:\Users\Zhifei Chen\Desktop\pysmell\subjects_for_metrics\luigi\test\contrib\esindex_test.py,139,1,0,0,0
luigi,C:\Users\Zhifei Chen\Desktop\pysmell\subjects_for_metrics\luigi\test\contrib\esindex_test.py,159,1,0,0,0
luigi,C:\Users\Zhifei Chen\Desktop\pysmell\subjects_for_metrics\luigi\test\contrib\esindex_test.py,228,1,0,0,0
luigi,C:\Users\Zhifei Chen\Desktop\pysmell\subjects_for_metrics\luigi\test\contrib\esindex_test.py,293,1,0,0,0
luigi,C:\Users\Zhifei Chen\Desktop\pysmell\subjects_for_metrics\luigi\test\contrib\esindex_test.py,305,1,0,0,0
luigi,C:\Users\Zhifei Chen\Desktop\pysmell\subjects_for_metrics\luigi\test\contrib\gcs_test.py,55,1,0,0,0
luigi,C:\Users\Zhifei Chen\Desktop\pysmell\subjects_for_metrics\luigi\test\contrib\gcs_test.py,77,1,0,0,0
luigi,C:\Users\Zhifei Chen\Desktop\pysmell\subjects_for_metrics\luigi\test\contrib\gcs_test.py,157,2,0,1,0
luigi,C:\Users\Zhifei Chen\Desktop\pysmell\subjects_for_metrics\luigi\test\contrib\hadoop_jar_test.py,26,1,0,0,0
luigi,C:\Users\Zhifei Chen\Desktop\pysmell\subjects_for_metrics\luigi\test\contrib\hadoop_jar_test.py,33,1,0,0,0
luigi,C:\Users\Zhifei Chen\Desktop\pysmell\subjects_for_metrics\luigi\test\contrib\hadoop_jar_test.py,37,1,0,0,0
luigi,C:\Users\Zhifei Chen\Desktop\pysmell\subjects_for_metrics\luigi\test\contrib\hadoop_jar_test.py,42,1,0,0,0
luigi,C:\Users\Zhifei Chen\Desktop\pysmell\subjects_for_metrics\luigi\test\contrib\hadoop_jar_test.py,47,1,0,0,0
luigi,C:\Users\Zhifei Chen\Desktop\pysmell\subjects_for_metrics\luigi\test\contrib\hadoop_jar_test.py,51,1,0,0,0
luigi,C:\Users\Zhifei Chen\Desktop\pysmell\subjects_for_metrics\luigi\test\contrib\hadoop_test.py,39,1,0,0,0
luigi,C:\Users\Zhifei Chen\Desktop\pysmell\subjects_for_metrics\luigi\test\contrib\hadoop_test.py,49,2,0,1,0
luigi,C:\Users\Zhifei Chen\Desktop\pysmell\subjects_for_metrics\luigi\test\contrib\hadoop_test.py,58,1,0,0,0
luigi,C:\Users\Zhifei Chen\Desktop\pysmell\subjects_for_metrics\luigi\test\contrib\hadoop_test.py,70,1,0,0,0
luigi,C:\Users\Zhifei Chen\Desktop\pysmell\subjects_for_metrics\luigi\test\contrib\hadoop_test.py,87,1,0,0,0
luigi,C:\Users\Zhifei Chen\Desktop\pysmell\subjects_for_metrics\luigi\test\contrib\hadoop_test.py,122,1,0,0,0
luigi,C:\Users\Zhifei Chen\Desktop\pysmell\subjects_for_metrics\luigi\test\contrib\hadoop_test.py,135,1,0,0,0
luigi,C:\Users\Zhifei Chen\Desktop\pysmell\subjects_for_metrics\luigi\test\contrib\hadoop_test.py,151,1,0,0,0
luigi,C:\Users\Zhifei Chen\Desktop\pysmell\subjects_for_metrics\luigi\test\contrib\hadoop_test.py,169,1,0,0,0
luigi,C:\Users\Zhifei Chen\Desktop\pysmell\subjects_for_metrics\luigi\test\contrib\hadoop_test.py,173,1,0,0,0
luigi,C:\Users\Zhifei Chen\Desktop\pysmell\subjects_for_metrics\luigi\test\contrib\hadoop_test.py,182,1,0,0,0
luigi,C:\Users\Zhifei Chen\Desktop\pysmell\subjects_for_metrics\luigi\test\contrib\hadoop_test.py,194,1,0,0,0
luigi,C:\Users\Zhifei Chen\Desktop\pysmell\subjects_for_metrics\luigi\test\contrib\hadoop_test.py,249,1,0,0,0
luigi,C:\Users\Zhifei Chen\Desktop\pysmell\subjects_for_metrics\luigi\test\contrib\hadoop_test.py,279,1,0,0,0
luigi,C:\Users\Zhifei Chen\Desktop\pysmell\subjects_for_metrics\luigi\test\contrib\hadoop_test.py,293,1,0,0,0
luigi,C:\Users\Zhifei Chen\Desktop\pysmell\subjects_for_metrics\luigi\test\contrib\hadoop_test.py,315,1,0,0,0
luigi,C:\Users\Zhifei Chen\Desktop\pysmell\subjects_for_metrics\luigi\test\contrib\hdfs_test.py,37,1,0,0,0
luigi,C:\Users\Zhifei Chen\Desktop\pysmell\subjects_for_metrics\luigi\test\contrib\hdfs_test.py,51,1,0,0,0
luigi,C:\Users\Zhifei Chen\Desktop\pysmell\subjects_for_metrics\luigi\test\contrib\hdfs_test.py,55,1,0,0,0
luigi,C:\Users\Zhifei Chen\Desktop\pysmell\subjects_for_metrics\luigi\test\contrib\hdfs_test.py,92,1,0,0,0
luigi,C:\Users\Zhifei Chen\Desktop\pysmell\subjects_for_metrics\luigi\test\contrib\hdfs_test.py,120,1,0,0,0
luigi,C:\Users\Zhifei Chen\Desktop\pysmell\subjects_for_metrics\luigi\test\contrib\hdfs_test.py,164,1,0,0,0
luigi,C:\Users\Zhifei Chen\Desktop\pysmell\subjects_for_metrics\luigi\test\contrib\hdfs_test.py,208,1,0,0,0
luigi,C:\Users\Zhifei Chen\Desktop\pysmell\subjects_for_metrics\luigi\test\contrib\hdfs_test.py,233,2,0,1,0
luigi,C:\Users\Zhifei Chen\Desktop\pysmell\subjects_for_metrics\luigi\test\contrib\hdfs_test.py,238,2,0,1,0
luigi,C:\Users\Zhifei Chen\Desktop\pysmell\subjects_for_metrics\luigi\test\contrib\hdfs_test.py,260,1,0,0,0
luigi,C:\Users\Zhifei Chen\Desktop\pysmell\subjects_for_metrics\luigi\test\contrib\hdfs_test.py,282,2,0,1,0
luigi,C:\Users\Zhifei Chen\Desktop\pysmell\subjects_for_metrics\luigi\test\contrib\hdfs_test.py,459,1,0,0,0
luigi,C:\Users\Zhifei Chen\Desktop\pysmell\subjects_for_metrics\luigi\test\contrib\hdfs_test.py,735,1,0,0,0
luigi,C:\Users\Zhifei Chen\Desktop\pysmell\subjects_for_metrics\luigi\test\contrib\hdfs_test.py,741,1,0,0,0
luigi,C:\Users\Zhifei Chen\Desktop\pysmell\subjects_for_metrics\luigi\test\contrib\hdfs_test.py,749,1,0,0,0
luigi,C:\Users\Zhifei Chen\Desktop\pysmell\subjects_for_metrics\luigi\test\contrib\hdfs_test.py,775,2,0,1,0
luigi,C:\Users\Zhifei Chen\Desktop\pysmell\subjects_for_metrics\luigi\test\contrib\hdfs_test.py,781,2,0,1,0
luigi,C:\Users\Zhifei Chen\Desktop\pysmell\subjects_for_metrics\luigi\test\contrib\hive_test.py,28,1,0,0,0
luigi,C:\Users\Zhifei Chen\Desktop\pysmell\subjects_for_metrics\luigi\test\contrib\hive_test.py,64,1,0,0,0
luigi,C:\Users\Zhifei Chen\Desktop\pysmell\subjects_for_metrics\luigi\test\contrib\hive_test.py,74,1,0,0,0
luigi,C:\Users\Zhifei Chen\Desktop\pysmell\subjects_for_metrics\luigi\test\contrib\hive_test.py,278,1,0,0,0
luigi,C:\Users\Zhifei Chen\Desktop\pysmell\subjects_for_metrics\luigi\test\contrib\hive_test.py,285,1,0,0,0
luigi,C:\Users\Zhifei Chen\Desktop\pysmell\subjects_for_metrics\luigi\test\contrib\hive_test.py,292,1,0,0,0
luigi,C:\Users\Zhifei Chen\Desktop\pysmell\subjects_for_metrics\luigi\test\contrib\hive_test.py,301,1,0,0,0
luigi,C:\Users\Zhifei Chen\Desktop\pysmell\subjects_for_metrics\luigi\test\contrib\pig_test.py,27,1,0,0,0
luigi,C:\Users\Zhifei Chen\Desktop\pysmell\subjects_for_metrics\luigi\test\contrib\pig_test.py,35,1,0,0,0
luigi,C:\Users\Zhifei Chen\Desktop\pysmell\subjects_for_metrics\luigi\test\contrib\pig_test.py,55,1,0,0,0
luigi,C:\Users\Zhifei Chen\Desktop\pysmell\subjects_for_metrics\luigi\test\contrib\pig_test.py,92,1,0,0,0
luigi,C:\Users\Zhifei Chen\Desktop\pysmell\subjects_for_metrics\luigi\test\contrib\pig_test.py,175,1,0,0,0
luigi,C:\Users\Zhifei Chen\Desktop\pysmell\subjects_for_metrics\luigi\test\contrib\redis_test.py,38,1,0,0,0
luigi,C:\Users\Zhifei Chen\Desktop\pysmell\subjects_for_metrics\luigi\test\contrib\redshift_test.py,30,1,0,0,0
luigi,C:\Users\Zhifei Chen\Desktop\pysmell\subjects_for_metrics\luigi\test\contrib\redshift_test.py,52,1,0,0,0
luigi,C:\Users\Zhifei Chen\Desktop\pysmell\subjects_for_metrics\luigi\test\contrib\redshift_test.py,91,1,0,0,0
luigi,C:\Users\Zhifei Chen\Desktop\pysmell\subjects_for_metrics\luigi\test\contrib\scalding_test.py,29,1,0,0,0
luigi,C:\Users\Zhifei Chen\Desktop\pysmell\subjects_for_metrics\luigi\test\contrib\scalding_test.py,36,1,0,0,0
luigi,C:\Users\Zhifei Chen\Desktop\pysmell\subjects_for_metrics\luigi\test\contrib\sge_test.py,49,1,0,0,0
luigi,C:\Users\Zhifei Chen\Desktop\pysmell\subjects_for_metrics\luigi\test\contrib\sge_test.py,65,1,0,0,0
luigi,C:\Users\Zhifei Chen\Desktop\pysmell\subjects_for_metrics\luigi\test\contrib\sge_test.py,80,1,0,0,0
luigi,C:\Users\Zhifei Chen\Desktop\pysmell\subjects_for_metrics\luigi\test\contrib\spark_test.py,44,1,0,0,0
luigi,C:\Users\Zhifei Chen\Desktop\pysmell\subjects_for_metrics\luigi\test\contrib\spark_test.py,74,1,0,0,0
luigi,C:\Users\Zhifei Chen\Desktop\pysmell\subjects_for_metrics\luigi\test\contrib\spark_test.py,81,1,0,0,0
luigi,C:\Users\Zhifei Chen\Desktop\pysmell\subjects_for_metrics\luigi\test\contrib\spark_test.py,93,1,0,0,0
luigi,C:\Users\Zhifei Chen\Desktop\pysmell\subjects_for_metrics\luigi\test\contrib\spark_test.py,99,1,0,0,0
luigi,C:\Users\Zhifei Chen\Desktop\pysmell\subjects_for_metrics\luigi\test\contrib\spark_test.py,118,1,0,0,0
luigi,C:\Users\Zhifei Chen\Desktop\pysmell\subjects_for_metrics\luigi\test\contrib\spark_test.py,130,1,0,0,0
luigi,C:\Users\Zhifei Chen\Desktop\pysmell\subjects_for_metrics\luigi\test\contrib\spark_test.py,139,1,0,0,0
luigi,C:\Users\Zhifei Chen\Desktop\pysmell\subjects_for_metrics\luigi\test\contrib\spark_test.py,205,1,0,0,0
luigi,C:\Users\Zhifei Chen\Desktop\pysmell\subjects_for_metrics\luigi\test\contrib\spark_test.py,239,1,0,0,0
luigi,C:\Users\Zhifei Chen\Desktop\pysmell\subjects_for_metrics\luigi\test\contrib\spark_test.py,271,1,0,0,0
luigi,C:\Users\Zhifei Chen\Desktop\pysmell\subjects_for_metrics\luigi\test\contrib\spark_test.py,298,1,0,0,0
luigi,C:\Users\Zhifei Chen\Desktop\pysmell\subjects_for_metrics\luigi\test\contrib\sqla_test.py,39,1,0,0,0
luigi,C:\Users\Zhifei Chen\Desktop\pysmell\subjects_for_metrics\luigi\test\contrib\sqla_test.py,53,1,0,0,0
luigi,C:\Users\Zhifei Chen\Desktop\pysmell\subjects_for_metrics\luigi\test\contrib\sqla_test.py,70,1,0,0,0
luigi,C:\Users\Zhifei Chen\Desktop\pysmell\subjects_for_metrics\luigi\test\contrib\sqla_test.py,98,1,0,0,0
luigi,C:\Users\Zhifei Chen\Desktop\pysmell\subjects_for_metrics\luigi\test\contrib\sqla_test.py,125,1,0,0,0
luigi,C:\Users\Zhifei Chen\Desktop\pysmell\subjects_for_metrics\luigi\test\contrib\sqla_test.py,196,1,0,0,0
luigi,C:\Users\Zhifei Chen\Desktop\pysmell\subjects_for_metrics\luigi\test\contrib\sqla_test.py,242,1,0,0,0
luigi,C:\Users\Zhifei Chen\Desktop\pysmell\subjects_for_metrics\luigi\test\contrib\sqla_test.py,267,1,0,0,0
luigi,C:\Users\Zhifei Chen\Desktop\pysmell\subjects_for_metrics\luigi\test\contrib\sqla_test.py,279,1,0,0,0
luigi,C:\Users\Zhifei Chen\Desktop\pysmell\subjects_for_metrics\luigi\test\contrib\sqla_test.py,301,1,0,0,0
luigi,C:\Users\Zhifei Chen\Desktop\pysmell\subjects_for_metrics\luigi\test\contrib\sqla_test.py,312,1,0,0,0
luigi,C:\Users\Zhifei Chen\Desktop\pysmell\subjects_for_metrics\luigi\test\contrib\sqla_test.py,324,1,0,0,0
luigi,C:\Users\Zhifei Chen\Desktop\pysmell\subjects_for_metrics\luigi\test\contrib\sqla_test.py,353,1,0,0,0
luigi,C:\Users\Zhifei Chen\Desktop\pysmell\subjects_for_metrics\luigi\test\contrib\sqla_test.py,367,1,0,0,0
luigi,C:\Users\Zhifei Chen\Desktop\pysmell\subjects_for_metrics\luigi\test\contrib\sqla_test.py,383,1,0,0,0
luigi,C:\Users\Zhifei Chen\Desktop\pysmell\subjects_for_metrics\luigi\test\contrib\sqla_test.py,393,1,0,0,0
luigi,C:\Users\Zhifei Chen\Desktop\pysmell\subjects_for_metrics\luigi\test\contrib\test_ssh.py,64,1,0,0,0
luigi,C:\Users\Zhifei Chen\Desktop\pysmell\subjects_for_metrics\luigi\test\contrib\test_ssh.py,111,1,0,0,0
luigi,C:\Users\Zhifei Chen\Desktop\pysmell\subjects_for_metrics\luigi\test\contrib\test_ssh.py,162,1,0,0,0
luigi,C:\Users\Zhifei Chen\Desktop\pysmell\subjects_for_metrics\luigi\test\contrib\test_ssh.py,195,1,0,0,0
luigi,C:\Users\Zhifei Chen\Desktop\pysmell\subjects_for_metrics\luigi\test\contrib\test_ssh.py,203,2,0,1,0
luigi,C:\Users\Zhifei Chen\Desktop\pysmell\subjects_for_metrics\luigi\test\contrib\test_ssh.py,251,1,0,0,0
luigi,C:\Users\Zhifei Chen\Desktop\pysmell\subjects_for_metrics\luigi\test\contrib\test_ssh.py,255,1,0,0,0
luigi,C:\Users\Zhifei Chen\Desktop\pysmell\subjects_for_metrics\luigi\test\contrib\_webhdfs_test.py,24,1,0,0,0
