subject,file,lineno,NOC,PAR,NOO,experience-based,statistics-based,tuning machine
luigi,C:\Users\Zhifei Chen\Desktop\pysmell\subjects_for_metrics\luigi\examples\pyspark_wc.py,49,23,1,3,0,0,0
luigi,C:\Users\Zhifei Chen\Desktop\pysmell\subjects_for_metrics\luigi\examples\pyspark_wc.py,50,19,1,3,0,0,0
luigi,C:\Users\Zhifei Chen\Desktop\pysmell\subjects_for_metrics\luigi\examples\pyspark_wc.py,51,15,2,3,0,0,0
luigi,C:\Users\Zhifei Chen\Desktop\pysmell\subjects_for_metrics\luigi\examples\ssh_remote_execution.py,83,12,1,3,0,0,0
luigi,C:\Users\Zhifei Chen\Desktop\pysmell\subjects_for_metrics\luigi\luigi\execution_summary.py,104,14,1,3,0,0,0
luigi,C:\Users\Zhifei Chen\Desktop\pysmell\subjects_for_metrics\luigi\luigi\execution_summary.py,275,15,2,3,0,0,0
luigi,C:\Users\Zhifei Chen\Desktop\pysmell\subjects_for_metrics\luigi\luigi\lock.py,81,33,1,5,0,0,0
luigi,C:\Users\Zhifei Chen\Desktop\pysmell\subjects_for_metrics\luigi\luigi\scheduler.py,256,43,1,6,0,0,0
luigi,C:\Users\Zhifei Chen\Desktop\pysmell\subjects_for_metrics\luigi\luigi\scheduler.py,482,19,1,2,0,0,0
luigi,C:\Users\Zhifei Chen\Desktop\pysmell\subjects_for_metrics\luigi\luigi\scheduler.py,913,12,1,1,0,0,0
luigi,C:\Users\Zhifei Chen\Desktop\pysmell\subjects_for_metrics\luigi\luigi\scheduler.py,916,41,1,9,0,0,0
luigi,C:\Users\Zhifei Chen\Desktop\pysmell\subjects_for_metrics\luigi\luigi\scheduler.py,935,30,1,3,0,0,0
luigi,C:\Users\Zhifei Chen\Desktop\pysmell\subjects_for_metrics\luigi\luigi\six.py,817,45,1,6,0,0,0
luigi,C:\Users\Zhifei Chen\Desktop\pysmell\subjects_for_metrics\luigi\luigi\task.py,189,21,1,4,0,0,0
luigi,C:\Users\Zhifei Chen\Desktop\pysmell\subjects_for_metrics\luigi\luigi\task.py,347,28,1,3,0,0,0
luigi,C:\Users\Zhifei Chen\Desktop\pysmell\subjects_for_metrics\luigi\luigi\task_register.py,223,18,1,3,0,0,0
luigi,C:\Users\Zhifei Chen\Desktop\pysmell\subjects_for_metrics\luigi\luigi\contrib\gcs.py,190,35,0,5,0,0,0
luigi,C:\Users\Zhifei Chen\Desktop\pysmell\subjects_for_metrics\luigi\luigi\contrib\gcs.py,228,40,0,6,0,0,0
luigi,C:\Users\Zhifei Chen\Desktop\pysmell\subjects_for_metrics\luigi\luigi\contrib\gcs.py,241,28,0,5,0,0,0
luigi,C:\Users\Zhifei Chen\Desktop\pysmell\subjects_for_metrics\luigi\luigi\contrib\gcs.py,296,66,0,10,1,0,0
luigi,C:\Users\Zhifei Chen\Desktop\pysmell\subjects_for_metrics\luigi\luigi\contrib\gcs.py,305,45,0,5,0,0,0
luigi,C:\Users\Zhifei Chen\Desktop\pysmell\subjects_for_metrics\luigi\luigi\contrib\hadoop.py,334,12,1,1,0,0,0
luigi,C:\Users\Zhifei Chen\Desktop\pysmell\subjects_for_metrics\luigi\luigi\contrib\hadoop.py,932,37,1,6,0,0,0
luigi,C:\Users\Zhifei Chen\Desktop\pysmell\subjects_for_metrics\luigi\luigi\contrib\pig.py,102,54,2,10,1,0,0
luigi,C:\Users\Zhifei Chen\Desktop\pysmell\subjects_for_metrics\luigi\luigi\contrib\spark.py,245,25,1,4,0,0,0
luigi,C:\Users\Zhifei Chen\Desktop\pysmell\subjects_for_metrics\luigi\luigi\contrib\spark.py,249,25,1,4,0,0,0
luigi,C:\Users\Zhifei Chen\Desktop\pysmell\subjects_for_metrics\luigi\luigi\contrib\spark.py,257,17,1,3,0,0,0
luigi,C:\Users\Zhifei Chen\Desktop\pysmell\subjects_for_metrics\luigi\luigi\contrib\spark.py,261,20,1,4,0,0,0
luigi,C:\Users\Zhifei Chen\Desktop\pysmell\subjects_for_metrics\luigi\luigi\contrib\spark.py,310,17,1,3,0,0,0
luigi,C:\Users\Zhifei Chen\Desktop\pysmell\subjects_for_metrics\luigi\luigi\contrib\hdfs\snakebite_client.py,66,44,1,11,0,0,0
luigi,C:\Users\Zhifei Chen\Desktop\pysmell\subjects_for_metrics\luigi\luigi\tools\range.py,376,19,1,5,0,0,0
luigi,C:\Users\Zhifei Chen\Desktop\pysmell\subjects_for_metrics\luigi\test\central_planner_test.py,56,8,0,1,0,0,0
luigi,C:\Users\Zhifei Chen\Desktop\pysmell\subjects_for_metrics\luigi\test\clone_test.py,39,11,0,1,0,0,0
luigi,C:\Users\Zhifei Chen\Desktop\pysmell\subjects_for_metrics\luigi\test\clone_test.py,41,16,1,1,0,0,0
luigi,C:\Users\Zhifei Chen\Desktop\pysmell\subjects_for_metrics\luigi\test\customized_run_test.py,117,8,0,1,0,0,0
luigi,C:\Users\Zhifei Chen\Desktop\pysmell\subjects_for_metrics\luigi\test\date_interval_test.py,89,13,0,3,0,0,0
luigi,C:\Users\Zhifei Chen\Desktop\pysmell\subjects_for_metrics\luigi\test\date_interval_test.py,103,42,1,6,0,0,0
luigi,C:\Users\Zhifei Chen\Desktop\pysmell\subjects_for_metrics\luigi\test\date_interval_test.py,116,42,1,6,0,0,0
luigi,C:\Users\Zhifei Chen\Desktop\pysmell\subjects_for_metrics\luigi\test\date_interval_test.py,123,16,2,3,0,0,0
luigi,C:\Users\Zhifei Chen\Desktop\pysmell\subjects_for_metrics\luigi\test\date_interval_test.py,124,16,2,3,0,0,0
luigi,C:\Users\Zhifei Chen\Desktop\pysmell\subjects_for_metrics\luigi\test\date_interval_test.py,125,15,2,3,0,0,0
luigi,C:\Users\Zhifei Chen\Desktop\pysmell\subjects_for_metrics\luigi\test\date_interval_test.py,126,15,2,3,0,0,0
luigi,C:\Users\Zhifei Chen\Desktop\pysmell\subjects_for_metrics\luigi\test\date_interval_test.py,127,16,2,3,0,0,0
luigi,C:\Users\Zhifei Chen\Desktop\pysmell\subjects_for_metrics\luigi\test\date_interval_test.py,128,16,2,3,0,0,0
luigi,C:\Users\Zhifei Chen\Desktop\pysmell\subjects_for_metrics\luigi\test\date_parameter_test.py,56,61,1,11,1,0,0
luigi,C:\Users\Zhifei Chen\Desktop\pysmell\subjects_for_metrics\luigi\test\date_parameter_test.py,74,71,1,14,1,0,0
luigi,C:\Users\Zhifei Chen\Desktop\pysmell\subjects_for_metrics\luigi\test\date_parameter_test.py,104,72,1,14,1,0,0
luigi,C:\Users\Zhifei Chen\Desktop\pysmell\subjects_for_metrics\luigi\test\date_parameter_test.py,122,63,1,11,1,0,0
luigi,C:\Users\Zhifei Chen\Desktop\pysmell\subjects_for_metrics\luigi\test\date_parameter_test.py,140,62,1,11,1,0,0
luigi,C:\Users\Zhifei Chen\Desktop\pysmell\subjects_for_metrics\luigi\test\event_callbacks_test.py,202,17,1,2,0,0,0
luigi,C:\Users\Zhifei Chen\Desktop\pysmell\subjects_for_metrics\luigi\test\event_callbacks_test.py,206,17,1,2,0,0,0
luigi,C:\Users\Zhifei Chen\Desktop\pysmell\subjects_for_metrics\luigi\test\event_callbacks_test.py,210,17,1,2,0,0,0
luigi,C:\Users\Zhifei Chen\Desktop\pysmell\subjects_for_metrics\luigi\test\factorial_test.py,40,11,0,1,0,0,0
luigi,C:\Users\Zhifei Chen\Desktop\pysmell\subjects_for_metrics\luigi\test\parameter_test.py,220,15,0,2,0,0,0
luigi,C:\Users\Zhifei Chen\Desktop\pysmell\subjects_for_metrics\luigi\test\parameter_test.py,230,15,0,2,0,0,0
luigi,C:\Users\Zhifei Chen\Desktop\pysmell\subjects_for_metrics\luigi\test\parameter_test.py,240,20,0,3,0,0,0
luigi,C:\Users\Zhifei Chen\Desktop\pysmell\subjects_for_metrics\luigi\test\parameter_test.py,360,20,0,3,0,0,0
luigi,C:\Users\Zhifei Chen\Desktop\pysmell\subjects_for_metrics\luigi\test\parameter_test.py,369,20,0,3,0,0,0
luigi,C:\Users\Zhifei Chen\Desktop\pysmell\subjects_for_metrics\luigi\test\parameter_test.py,375,74,0,9,1,0,0
luigi,C:\Users\Zhifei Chen\Desktop\pysmell\subjects_for_metrics\luigi\test\parameter_test.py,379,74,0,9,1,0,0
luigi,C:\Users\Zhifei Chen\Desktop\pysmell\subjects_for_metrics\luigi\test\parameter_test.py,489,74,0,9,1,0,0
luigi,C:\Users\Zhifei Chen\Desktop\pysmell\subjects_for_metrics\luigi\test\parameter_test.py,494,74,0,9,1,0,0
luigi,C:\Users\Zhifei Chen\Desktop\pysmell\subjects_for_metrics\luigi\test\parameter_test.py,684,60,0,4,0,0,0
luigi,C:\Users\Zhifei Chen\Desktop\pysmell\subjects_for_metrics\luigi\test\parameter_test.py,686,61,0,4,0,0,0
luigi,C:\Users\Zhifei Chen\Desktop\pysmell\subjects_for_metrics\luigi\test\parameter_test.py,708,41,1,6,0,0,0
luigi,C:\Users\Zhifei Chen\Desktop\pysmell\subjects_for_metrics\luigi\test\parameter_test.py,712,41,1,6,0,0,0
luigi,C:\Users\Zhifei Chen\Desktop\pysmell\subjects_for_metrics\luigi\test\range_test.py,476,25,1,3,0,0,0
luigi,C:\Users\Zhifei Chen\Desktop\pysmell\subjects_for_metrics\luigi\test\range_test.py,477,38,1,4,0,0,0
luigi,C:\Users\Zhifei Chen\Desktop\pysmell\subjects_for_metrics\luigi\test\range_test.py,485,29,1,3,0,0,0
luigi,C:\Users\Zhifei Chen\Desktop\pysmell\subjects_for_metrics\luigi\test\range_test.py,486,44,1,4,0,0,0
luigi,C:\Users\Zhifei Chen\Desktop\pysmell\subjects_for_metrics\luigi\test\range_test.py,494,28,1,3,0,0,0
luigi,C:\Users\Zhifei Chen\Desktop\pysmell\subjects_for_metrics\luigi\test\range_test.py,495,44,1,4,0,0,0
luigi,C:\Users\Zhifei Chen\Desktop\pysmell\subjects_for_metrics\luigi\test\range_test.py,518,47,1,3,0,0,0
luigi,C:\Users\Zhifei Chen\Desktop\pysmell\subjects_for_metrics\luigi\test\range_test.py,519,44,1,4,0,0,0
luigi,C:\Users\Zhifei Chen\Desktop\pysmell\subjects_for_metrics\luigi\test\range_test.py,533,49,1,3,0,0,0
luigi,C:\Users\Zhifei Chen\Desktop\pysmell\subjects_for_metrics\luigi\test\range_test.py,534,44,1,4,0,0,0
luigi,C:\Users\Zhifei Chen\Desktop\pysmell\subjects_for_metrics\luigi\test\rpc_test.py,73,11,0,1,0,0,0
luigi,C:\Users\Zhifei Chen\Desktop\pysmell\subjects_for_metrics\luigi\test\s3_test.py,288,55,0,4,0,0,0
luigi,C:\Users\Zhifei Chen\Desktop\pysmell\subjects_for_metrics\luigi\test\s3_test.py,299,41,0,4,0,0,0
luigi,C:\Users\Zhifei Chen\Desktop\pysmell\subjects_for_metrics\luigi\test\s3_test.py,304,40,0,4,0,0,0
luigi,C:\Users\Zhifei Chen\Desktop\pysmell\subjects_for_metrics\luigi\test\s3_test.py,310,68,0,5,0,0,0
luigi,C:\Users\Zhifei Chen\Desktop\pysmell\subjects_for_metrics\luigi\test\server_test.py,115,11,0,1,0,0,0
luigi,C:\Users\Zhifei Chen\Desktop\pysmell\subjects_for_metrics\luigi\test\worker_test.py,124,8,0,1,0,0,0
luigi,C:\Users\Zhifei Chen\Desktop\pysmell\subjects_for_metrics\luigi\test\contrib\cascading_test.py,66,29,0,5,0,0,0
luigi,C:\Users\Zhifei Chen\Desktop\pysmell\subjects_for_metrics\luigi\test\contrib\cascading_test.py,67,26,0,4,0,0,0
luigi,C:\Users\Zhifei Chen\Desktop\pysmell\subjects_for_metrics\luigi\test\contrib\cascading_test.py,71,48,0,6,0,0,0
luigi,C:\Users\Zhifei Chen\Desktop\pysmell\subjects_for_metrics\luigi\test\contrib\cascading_test.py,75,27,0,4,0,0,0
luigi,C:\Users\Zhifei Chen\Desktop\pysmell\subjects_for_metrics\luigi\test\contrib\hadoop_jar_test.py,87,35,1,5,0,0,0
luigi,C:\Users\Zhifei Chen\Desktop\pysmell\subjects_for_metrics\luigi\test\contrib\spark_test.py,38,21,0,3,0,0,0
