subject,file,lineno,PAR,experience-based,statistics-based,tuning machine
YouCompleteMe,C:\Users\Zhifei Chen\Desktop\pysmell\subjects_for_metrics\YouCompleteMe\install.py,13,1,0,0,0
YouCompleteMe,C:\Users\Zhifei Chen\Desktop\pysmell\subjects_for_metrics\YouCompleteMe\run_tests.py,25,1,0,0,0
YouCompleteMe,C:\Users\Zhifei Chen\Desktop\pysmell\subjects_for_metrics\YouCompleteMe\run_tests.py,35,1,0,0,0
YouCompleteMe,C:\Users\Zhifei Chen\Desktop\pysmell\subjects_for_metrics\YouCompleteMe\run_tests.py,43,1,0,0,0
YouCompleteMe,C:\Users\Zhifei Chen\Desktop\pysmell\subjects_for_metrics\YouCompleteMe\run_tests.py,51,1,0,0,0
YouCompleteMe,C:\Users\Zhifei Chen\Desktop\pysmell\subjects_for_metrics\YouCompleteMe\run_tests.py,59,1,0,0,0
YouCompleteMe,C:\Users\Zhifei Chen\Desktop\pysmell\subjects_for_metrics\YouCompleteMe\python\ycm\base.py,28,1,0,0,0
YouCompleteMe,C:\Users\Zhifei Chen\Desktop\pysmell\subjects_for_metrics\YouCompleteMe\python\ycm\base.py,47,1,0,0,0
YouCompleteMe,C:\Users\Zhifei Chen\Desktop\pysmell\subjects_for_metrics\YouCompleteMe\python\ycm\base.py,56,1,0,0,0
YouCompleteMe,C:\Users\Zhifei Chen\Desktop\pysmell\subjects_for_metrics\YouCompleteMe\python\ycm\base.py,63,1,0,0,0
YouCompleteMe,C:\Users\Zhifei Chen\Desktop\pysmell\subjects_for_metrics\YouCompleteMe\python\ycm\base.py,80,1,0,0,0
YouCompleteMe,C:\Users\Zhifei Chen\Desktop\pysmell\subjects_for_metrics\YouCompleteMe\python\ycm\base.py,91,1,0,0,0
YouCompleteMe,C:\Users\Zhifei Chen\Desktop\pysmell\subjects_for_metrics\YouCompleteMe\python\ycm\base.py,108,2,0,0,0
YouCompleteMe,C:\Users\Zhifei Chen\Desktop\pysmell\subjects_for_metrics\YouCompleteMe\python\ycm\base.py,139,2,0,0,0
YouCompleteMe,C:\Users\Zhifei Chen\Desktop\pysmell\subjects_for_metrics\YouCompleteMe\python\ycm\diagnostic_interface.py,26,2,0,0,0
YouCompleteMe,C:\Users\Zhifei Chen\Desktop\pysmell\subjects_for_metrics\YouCompleteMe\python\ycm\diagnostic_interface.py,37,1,0,0,0
YouCompleteMe,C:\Users\Zhifei Chen\Desktop\pysmell\subjects_for_metrics\YouCompleteMe\python\ycm\diagnostic_interface.py,46,2,0,0,0
YouCompleteMe,C:\Users\Zhifei Chen\Desktop\pysmell\subjects_for_metrics\YouCompleteMe\python\ycm\diagnostic_interface.py,64,2,0,0,0
YouCompleteMe,C:\Users\Zhifei Chen\Desktop\pysmell\subjects_for_metrics\YouCompleteMe\python\ycm\diagnostic_interface.py,82,1,0,0,0
YouCompleteMe,C:\Users\Zhifei Chen\Desktop\pysmell\subjects_for_metrics\YouCompleteMe\python\ycm\diagnostic_interface.py,113,3,0,0,0
YouCompleteMe,C:\Users\Zhifei Chen\Desktop\pysmell\subjects_for_metrics\YouCompleteMe\python\ycm\diagnostic_interface.py,146,3,0,0,0
YouCompleteMe,C:\Users\Zhifei Chen\Desktop\pysmell\subjects_for_metrics\YouCompleteMe\python\ycm\diagnostic_interface.py,172,2,0,0,0
YouCompleteMe,C:\Users\Zhifei Chen\Desktop\pysmell\subjects_for_metrics\YouCompleteMe\python\ycm\diagnostic_interface.py,184,2,0,0,0
YouCompleteMe,C:\Users\Zhifei Chen\Desktop\pysmell\subjects_for_metrics\YouCompleteMe\python\ycm\diagnostic_interface.py,190,1,0,0,0
YouCompleteMe,C:\Users\Zhifei Chen\Desktop\pysmell\subjects_for_metrics\YouCompleteMe\python\ycm\diagnostic_interface.py,208,1,0,0,0
YouCompleteMe,C:\Users\Zhifei Chen\Desktop\pysmell\subjects_for_metrics\YouCompleteMe\python\ycm\diagnostic_interface.py,212,1,0,0,0
YouCompleteMe,C:\Users\Zhifei Chen\Desktop\pysmell\subjects_for_metrics\YouCompleteMe\python\ycm\diagnostic_interface.py,213,1,0,0,0
YouCompleteMe,C:\Users\Zhifei Chen\Desktop\pysmell\subjects_for_metrics\YouCompleteMe\python\ycm\diagnostic_interface.py,226,2,0,0,0
YouCompleteMe,C:\Users\Zhifei Chen\Desktop\pysmell\subjects_for_metrics\YouCompleteMe\python\ycm\omni_completer.py,29,2,0,0,0
YouCompleteMe,C:\Users\Zhifei Chen\Desktop\pysmell\subjects_for_metrics\YouCompleteMe\python\ycm\omni_completer.py,34,1,0,0,0
YouCompleteMe,C:\Users\Zhifei Chen\Desktop\pysmell\subjects_for_metrics\YouCompleteMe\python\ycm\omni_completer.py,38,1,0,0,0
YouCompleteMe,C:\Users\Zhifei Chen\Desktop\pysmell\subjects_for_metrics\YouCompleteMe\python\ycm\omni_completer.py,42,2,0,0,0
YouCompleteMe,C:\Users\Zhifei Chen\Desktop\pysmell\subjects_for_metrics\YouCompleteMe\python\ycm\omni_completer.py,51,2,0,0,0
YouCompleteMe,C:\Users\Zhifei Chen\Desktop\pysmell\subjects_for_metrics\YouCompleteMe\python\ycm\omni_completer.py,57,2,0,0,0
YouCompleteMe,C:\Users\Zhifei Chen\Desktop\pysmell\subjects_for_metrics\YouCompleteMe\python\ycm\omni_completer.py,67,2,0,0,0
YouCompleteMe,C:\Users\Zhifei Chen\Desktop\pysmell\subjects_for_metrics\YouCompleteMe\python\ycm\omni_completer.py,95,2,0,0,0
YouCompleteMe,C:\Users\Zhifei Chen\Desktop\pysmell\subjects_for_metrics\YouCompleteMe\python\ycm\paths.py,31,1,0,0,0
YouCompleteMe,C:\Users\Zhifei Chen\Desktop\pysmell\subjects_for_metrics\YouCompleteMe\python\ycm\paths.py,34,2,0,0,0
YouCompleteMe,C:\Users\Zhifei Chen\Desktop\pysmell\subjects_for_metrics\YouCompleteMe\python\ycm\paths.py,43,1,0,0,0
YouCompleteMe,C:\Users\Zhifei Chen\Desktop\pysmell\subjects_for_metrics\YouCompleteMe\python\ycm\paths.py,70,1,0,0,0
YouCompleteMe,C:\Users\Zhifei Chen\Desktop\pysmell\subjects_for_metrics\YouCompleteMe\python\ycm\paths.py,75,1,0,0,0
YouCompleteMe,C:\Users\Zhifei Chen\Desktop\pysmell\subjects_for_metrics\YouCompleteMe\python\ycm\syntax_parse.py,75,2,0,0,0
YouCompleteMe,C:\Users\Zhifei Chen\Desktop\pysmell\subjects_for_metrics\YouCompleteMe\python\ycm\syntax_parse.py,81,1,0,0,0
YouCompleteMe,C:\Users\Zhifei Chen\Desktop\pysmell\subjects_for_metrics\YouCompleteMe\python\ycm\syntax_parse.py,89,1,0,0,0
YouCompleteMe,C:\Users\Zhifei Chen\Desktop\pysmell\subjects_for_metrics\YouCompleteMe\python\ycm\syntax_parse.py,104,1,0,0,0
YouCompleteMe,C:\Users\Zhifei Chen\Desktop\pysmell\subjects_for_metrics\YouCompleteMe\python\ycm\syntax_parse.py,135,1,0,0,0
YouCompleteMe,C:\Users\Zhifei Chen\Desktop\pysmell\subjects_for_metrics\YouCompleteMe\python\ycm\syntax_parse.py,136,2,0,0,0
YouCompleteMe,C:\Users\Zhifei Chen\Desktop\pysmell\subjects_for_metrics\YouCompleteMe\python\ycm\syntax_parse.py,170,1,0,0,0
YouCompleteMe,C:\Users\Zhifei Chen\Desktop\pysmell\subjects_for_metrics\YouCompleteMe\python\ycm\syntax_parse.py,171,1,0,0,0
YouCompleteMe,C:\Users\Zhifei Chen\Desktop\pysmell\subjects_for_metrics\YouCompleteMe\python\ycm\syntax_parse.py,190,1,0,0,0
YouCompleteMe,C:\Users\Zhifei Chen\Desktop\pysmell\subjects_for_metrics\YouCompleteMe\python\ycm\syntax_parse.py,198,1,0,0,0
YouCompleteMe,C:\Users\Zhifei Chen\Desktop\pysmell\subjects_for_metrics\YouCompleteMe\python\ycm\test_utils.py,33,1,0,0,0
YouCompleteMe,C:\Users\Zhifei Chen\Desktop\pysmell\subjects_for_metrics\YouCompleteMe\python\ycm\test_utils.py,55,1,0,0,0
YouCompleteMe,C:\Users\Zhifei Chen\Desktop\pysmell\subjects_for_metrics\YouCompleteMe\python\ycm\unsafe_thread_pool_executor.py,32,5,1,1,1
YouCompleteMe,C:\Users\Zhifei Chen\Desktop\pysmell\subjects_for_metrics\YouCompleteMe\python\ycm\unsafe_thread_pool_executor.py,38,1,0,0,0
YouCompleteMe,C:\Users\Zhifei Chen\Desktop\pysmell\subjects_for_metrics\YouCompleteMe\python\ycm\unsafe_thread_pool_executor.py,50,2,0,0,0
YouCompleteMe,C:\Users\Zhifei Chen\Desktop\pysmell\subjects_for_metrics\YouCompleteMe\python\ycm\unsafe_thread_pool_executor.py,70,2,0,0,0
YouCompleteMe,C:\Users\Zhifei Chen\Desktop\pysmell\subjects_for_metrics\YouCompleteMe\python\ycm\unsafe_thread_pool_executor.py,83,4,0,1,0
YouCompleteMe,C:\Users\Zhifei Chen\Desktop\pysmell\subjects_for_metrics\YouCompleteMe\python\ycm\unsafe_thread_pool_executor.py,96,1,0,0,0
YouCompleteMe,C:\Users\Zhifei Chen\Desktop\pysmell\subjects_for_metrics\YouCompleteMe\python\ycm\unsafe_thread_pool_executor.py,99,1,0,0,0
YouCompleteMe,C:\Users\Zhifei Chen\Desktop\pysmell\subjects_for_metrics\YouCompleteMe\python\ycm\unsafe_thread_pool_executor.py,111,1,0,0,0
YouCompleteMe,C:\Users\Zhifei Chen\Desktop\pysmell\subjects_for_metrics\YouCompleteMe\python\ycm\vimsupport.py,33,1,0,0,0
YouCompleteMe,C:\Users\Zhifei Chen\Desktop\pysmell\subjects_for_metrics\YouCompleteMe\python\ycm\vimsupport.py,42,1,0,0,0
YouCompleteMe,C:\Users\Zhifei Chen\Desktop\pysmell\subjects_for_metrics\YouCompleteMe\python\ycm\vimsupport.py,55,1,0,0,0
YouCompleteMe,C:\Users\Zhifei Chen\Desktop\pysmell\subjects_for_metrics\YouCompleteMe\python\ycm\vimsupport.py,59,1,0,0,0
YouCompleteMe,C:\Users\Zhifei Chen\Desktop\pysmell\subjects_for_metrics\YouCompleteMe\python\ycm\vimsupport.py,64,1,0,0,0
YouCompleteMe,C:\Users\Zhifei Chen\Desktop\pysmell\subjects_for_metrics\YouCompleteMe\python\ycm\vimsupport.py,70,1,0,0,0
YouCompleteMe,C:\Users\Zhifei Chen\Desktop\pysmell\subjects_for_metrics\YouCompleteMe\python\ycm\vimsupport.py,84,2,0,0,0
YouCompleteMe,C:\Users\Zhifei Chen\Desktop\pysmell\subjects_for_metrics\YouCompleteMe\python\ycm\vimsupport.py,98,1,0,0,0
YouCompleteMe,C:\Users\Zhifei Chen\Desktop\pysmell\subjects_for_metrics\YouCompleteMe\python\ycm\vimsupport.py,102,1,0,0,0
YouCompleteMe,C:\Users\Zhifei Chen\Desktop\pysmell\subjects_for_metrics\YouCompleteMe\python\ycm\vimsupport.py,118,1,0,0,0
YouCompleteMe,C:\Users\Zhifei Chen\Desktop\pysmell\subjects_for_metrics\YouCompleteMe\python\ycm\vimsupport.py,124,1,0,0,0
YouCompleteMe,C:\Users\Zhifei Chen\Desktop\pysmell\subjects_for_metrics\YouCompleteMe\python\ycm\vimsupport.py,128,1,0,0,0
YouCompleteMe,C:\Users\Zhifei Chen\Desktop\pysmell\subjects_for_metrics\YouCompleteMe\python\ycm\vimsupport.py,135,1,0,0,0
YouCompleteMe,C:\Users\Zhifei Chen\Desktop\pysmell\subjects_for_metrics\YouCompleteMe\python\ycm\vimsupport.py,148,2,0,0,0
YouCompleteMe,C:\Users\Zhifei Chen\Desktop\pysmell\subjects_for_metrics\YouCompleteMe\python\ycm\vimsupport.py,156,3,0,0,0
YouCompleteMe,C:\Users\Zhifei Chen\Desktop\pysmell\subjects_for_metrics\YouCompleteMe\python\ycm\vimsupport.py,167,3,0,0,0
YouCompleteMe,C:\Users\Zhifei Chen\Desktop\pysmell\subjects_for_metrics\YouCompleteMe\python\ycm\vimsupport.py,180,2,0,0,0
YouCompleteMe,C:\Users\Zhifei Chen\Desktop\pysmell\subjects_for_metrics\YouCompleteMe\python\ycm\vimsupport.py,187,1,0,0,0
YouCompleteMe,C:\Users\Zhifei Chen\Desktop\pysmell\subjects_for_metrics\YouCompleteMe\python\ycm\vimsupport.py,196,2,0,0,0
YouCompleteMe,C:\Users\Zhifei Chen\Desktop\pysmell\subjects_for_metrics\YouCompleteMe\python\ycm\vimsupport.py,221,2,0,0,0
YouCompleteMe,C:\Users\Zhifei Chen\Desktop\pysmell\subjects_for_metrics\YouCompleteMe\python\ycm\vimsupport.py,236,1,0,0,0
YouCompleteMe,C:\Users\Zhifei Chen\Desktop\pysmell\subjects_for_metrics\YouCompleteMe\python\ycm\vimsupport.py,241,1,0,0,0
YouCompleteMe,C:\Users\Zhifei Chen\Desktop\pysmell\subjects_for_metrics\YouCompleteMe\python\ycm\vimsupport.py,242,1,0,0,0
YouCompleteMe,C:\Users\Zhifei Chen\Desktop\pysmell\subjects_for_metrics\YouCompleteMe\python\ycm\vimsupport.py,273,1,0,0,0
YouCompleteMe,C:\Users\Zhifei Chen\Desktop\pysmell\subjects_for_metrics\YouCompleteMe\python\ycm\vimsupport.py,283,0,0,0,0
YouCompleteMe,C:\Users\Zhifei Chen\Desktop\pysmell\subjects_for_metrics\YouCompleteMe\python\ycm\vimsupport.py,294,1,0,0,0
YouCompleteMe,C:\Users\Zhifei Chen\Desktop\pysmell\subjects_for_metrics\YouCompleteMe\python\ycm\vimsupport.py,304,1,0,0,0
YouCompleteMe,C:\Users\Zhifei Chen\Desktop\pysmell\subjects_for_metrics\YouCompleteMe\python\ycm\vimsupport.py,308,1,0,0,0
YouCompleteMe,C:\Users\Zhifei Chen\Desktop\pysmell\subjects_for_metrics\YouCompleteMe\python\ycm\vimsupport.py,312,1,0,0,0
YouCompleteMe,C:\Users\Zhifei Chen\Desktop\pysmell\subjects_for_metrics\YouCompleteMe\python\ycm\vimsupport.py,317,3,0,0,0
YouCompleteMe,C:\Users\Zhifei Chen\Desktop\pysmell\subjects_for_metrics\YouCompleteMe\python\ycm\vimsupport.py,335,1,0,0,0
YouCompleteMe,C:\Users\Zhifei Chen\Desktop\pysmell\subjects_for_metrics\YouCompleteMe\python\ycm\vimsupport.py,343,3,0,0,0
YouCompleteMe,C:\Users\Zhifei Chen\Desktop\pysmell\subjects_for_metrics\YouCompleteMe\python\ycm\vimsupport.py,383,1,0,0,0
YouCompleteMe,C:\Users\Zhifei Chen\Desktop\pysmell\subjects_for_metrics\YouCompleteMe\python\ycm\vimsupport.py,393,1,0,0,0
YouCompleteMe,C:\Users\Zhifei Chen\Desktop\pysmell\subjects_for_metrics\YouCompleteMe\python\ycm\vimsupport.py,401,1,0,0,0
YouCompleteMe,C:\Users\Zhifei Chen\Desktop\pysmell\subjects_for_metrics\YouCompleteMe\python\ycm\vimsupport.py,406,2,0,0,0
YouCompleteMe,C:\Users\Zhifei Chen\Desktop\pysmell\subjects_for_metrics\YouCompleteMe\python\ycm\vimsupport.py,430,1,0,0,0
YouCompleteMe,C:\Users\Zhifei Chen\Desktop\pysmell\subjects_for_metrics\YouCompleteMe\python\ycm\vimsupport.py,434,1,0,0,0
YouCompleteMe,C:\Users\Zhifei Chen\Desktop\pysmell\subjects_for_metrics\YouCompleteMe\python\ycm\vimsupport.py,435,1,0,0,0
YouCompleteMe,C:\Users\Zhifei Chen\Desktop\pysmell\subjects_for_metrics\YouCompleteMe\python\ycm\vimsupport.py,444,1,0,0,0
YouCompleteMe,C:\Users\Zhifei Chen\Desktop\pysmell\subjects_for_metrics\YouCompleteMe\python\ycm\vimsupport.py,459,1,0,0,0
YouCompleteMe,C:\Users\Zhifei Chen\Desktop\pysmell\subjects_for_metrics\YouCompleteMe\python\ycm\vimsupport.py,463,1,0,0,0
YouCompleteMe,C:\Users\Zhifei Chen\Desktop\pysmell\subjects_for_metrics\YouCompleteMe\python\ycm\vimsupport.py,467,1,0,0,0
YouCompleteMe,C:\Users\Zhifei Chen\Desktop\pysmell\subjects_for_metrics\YouCompleteMe\python\ycm\vimsupport.py,473,1,0,0,0
YouCompleteMe,C:\Users\Zhifei Chen\Desktop\pysmell\subjects_for_metrics\YouCompleteMe\python\ycm\vimsupport.py,477,2,0,0,0
YouCompleteMe,C:\Users\Zhifei Chen\Desktop\pysmell\subjects_for_metrics\YouCompleteMe\python\ycm\vimsupport.py,481,1,0,0,0
YouCompleteMe,C:\Users\Zhifei Chen\Desktop\pysmell\subjects_for_metrics\YouCompleteMe\python\ycm\vimsupport.py,485,1,0,0,0
YouCompleteMe,C:\Users\Zhifei Chen\Desktop\pysmell\subjects_for_metrics\YouCompleteMe\python\ycm\vimsupport.py,489,1,0,0,0
YouCompleteMe,C:\Users\Zhifei Chen\Desktop\pysmell\subjects_for_metrics\YouCompleteMe\python\ycm\vimsupport.py,493,1,0,0,0
YouCompleteMe,C:\Users\Zhifei Chen\Desktop\pysmell\subjects_for_metrics\YouCompleteMe\python\ycm\vimsupport.py,536,6,1,1,1
YouCompleteMe,C:\Users\Zhifei Chen\Desktop\pysmell\subjects_for_metrics\YouCompleteMe\python\ycm\vimsupport.py,570,1,0,0,0
YouCompleteMe,C:\Users\Zhifei Chen\Desktop\pysmell\subjects_for_metrics\YouCompleteMe\python\ycm\vimsupport.py,588,1,0,0,0
YouCompleteMe,C:\Users\Zhifei Chen\Desktop\pysmell\subjects_for_metrics\YouCompleteMe\python\ycm\vimsupport.py,592,1,0,0,0
YouCompleteMe,C:\Users\Zhifei Chen\Desktop\pysmell\subjects_for_metrics\YouCompleteMe\python\ycm\vimsupport.py,596,1,0,0,0
YouCompleteMe,C:\Users\Zhifei Chen\Desktop\pysmell\subjects_for_metrics\YouCompleteMe\python\ycm\vimsupport.py,601,1,0,0,0
YouCompleteMe,C:\Users\Zhifei Chen\Desktop\pysmell\subjects_for_metrics\YouCompleteMe\python\ycm\vimsupport.py,608,1,0,0,0
YouCompleteMe,C:\Users\Zhifei Chen\Desktop\pysmell\subjects_for_metrics\YouCompleteMe\python\ycm\vimsupport.py,613,1,0,0,0
YouCompleteMe,C:\Users\Zhifei Chen\Desktop\pysmell\subjects_for_metrics\YouCompleteMe\python\ycm\vimsupport.py,618,1,0,0,0
YouCompleteMe,C:\Users\Zhifei Chen\Desktop\pysmell\subjects_for_metrics\YouCompleteMe\python\ycm\youcompleteme.py,51,1,0,0,0
YouCompleteMe,C:\Users\Zhifei Chen\Desktop\pysmell\subjects_for_metrics\YouCompleteMe\python\ycm\youcompleteme.py,87,2,0,0,0
YouCompleteMe,C:\Users\Zhifei Chen\Desktop\pysmell\subjects_for_metrics\YouCompleteMe\python\ycm\youcompleteme.py,105,1,0,0,0
YouCompleteMe,C:\Users\Zhifei Chen\Desktop\pysmell\subjects_for_metrics\YouCompleteMe\python\ycm\youcompleteme.py,145,1,0,0,0
YouCompleteMe,C:\Users\Zhifei Chen\Desktop\pysmell\subjects_for_metrics\YouCompleteMe\python\ycm\youcompleteme.py,151,1,0,0,0
YouCompleteMe,C:\Users\Zhifei Chen\Desktop\pysmell\subjects_for_metrics\YouCompleteMe\python\ycm\youcompleteme.py,168,1,0,0,0
YouCompleteMe,C:\Users\Zhifei Chen\Desktop\pysmell\subjects_for_metrics\YouCompleteMe\python\ycm\youcompleteme.py,174,1,0,0,0
YouCompleteMe,C:\Users\Zhifei Chen\Desktop\pysmell\subjects_for_metrics\YouCompleteMe\python\ycm\youcompleteme.py,179,1,0,0,0
YouCompleteMe,C:\Users\Zhifei Chen\Desktop\pysmell\subjects_for_metrics\YouCompleteMe\python\ycm\youcompleteme.py,186,1,0,0,0
YouCompleteMe,C:\Users\Zhifei Chen\Desktop\pysmell\subjects_for_metrics\YouCompleteMe\python\ycm\youcompleteme.py,205,3,0,0,0
YouCompleteMe,C:\Users\Zhifei Chen\Desktop\pysmell\subjects_for_metrics\YouCompleteMe\python\ycm\youcompleteme.py,210,1,0,0,0
YouCompleteMe,C:\Users\Zhifei Chen\Desktop\pysmell\subjects_for_metrics\YouCompleteMe\python\ycm\youcompleteme.py,221,1,0,0,0
YouCompleteMe,C:\Users\Zhifei Chen\Desktop\pysmell\subjects_for_metrics\YouCompleteMe\python\ycm\youcompleteme.py,225,1,0,0,0
YouCompleteMe,C:\Users\Zhifei Chen\Desktop\pysmell\subjects_for_metrics\YouCompleteMe\python\ycm\youcompleteme.py,229,2,0,0,0
YouCompleteMe,C:\Users\Zhifei Chen\Desktop\pysmell\subjects_for_metrics\YouCompleteMe\python\ycm\youcompleteme.py,241,1,0,0,0
YouCompleteMe,C:\Users\Zhifei Chen\Desktop\pysmell\subjects_for_metrics\YouCompleteMe\python\ycm\youcompleteme.py,246,1,0,0,0
YouCompleteMe,C:\Users\Zhifei Chen\Desktop\pysmell\subjects_for_metrics\YouCompleteMe\python\ycm\youcompleteme.py,251,1,0,0,0
YouCompleteMe,C:\Users\Zhifei Chen\Desktop\pysmell\subjects_for_metrics\YouCompleteMe\python\ycm\youcompleteme.py,267,2,0,0,0
YouCompleteMe,C:\Users\Zhifei Chen\Desktop\pysmell\subjects_for_metrics\YouCompleteMe\python\ycm\youcompleteme.py,274,1,0,0,0
YouCompleteMe,C:\Users\Zhifei Chen\Desktop\pysmell\subjects_for_metrics\YouCompleteMe\python\ycm\youcompleteme.py,282,1,0,0,0
YouCompleteMe,C:\Users\Zhifei Chen\Desktop\pysmell\subjects_for_metrics\YouCompleteMe\python\ycm\youcompleteme.py,288,1,0,0,0
YouCompleteMe,C:\Users\Zhifei Chen\Desktop\pysmell\subjects_for_metrics\YouCompleteMe\python\ycm\youcompleteme.py,292,1,0,0,0
YouCompleteMe,C:\Users\Zhifei Chen\Desktop\pysmell\subjects_for_metrics\YouCompleteMe\python\ycm\youcompleteme.py,296,1,0,0,0
YouCompleteMe,C:\Users\Zhifei Chen\Desktop\pysmell\subjects_for_metrics\YouCompleteMe\python\ycm\youcompleteme.py,302,1,0,0,0
YouCompleteMe,C:\Users\Zhifei Chen\Desktop\pysmell\subjects_for_metrics\YouCompleteMe\python\ycm\youcompleteme.py,308,1,0,0,0
YouCompleteMe,C:\Users\Zhifei Chen\Desktop\pysmell\subjects_for_metrics\YouCompleteMe\python\ycm\youcompleteme.py,315,1,0,0,0
YouCompleteMe,C:\Users\Zhifei Chen\Desktop\pysmell\subjects_for_metrics\YouCompleteMe\python\ycm\youcompleteme.py,338,3,0,0,0
YouCompleteMe,C:\Users\Zhifei Chen\Desktop\pysmell\subjects_for_metrics\YouCompleteMe\python\ycm\youcompleteme.py,343,2,0,0,0
YouCompleteMe,C:\Users\Zhifei Chen\Desktop\pysmell\subjects_for_metrics\YouCompleteMe\python\ycm\youcompleteme.py,348,1,0,0,0
YouCompleteMe,C:\Users\Zhifei Chen\Desktop\pysmell\subjects_for_metrics\YouCompleteMe\python\ycm\youcompleteme.py,361,3,0,0,0
YouCompleteMe,C:\Users\Zhifei Chen\Desktop\pysmell\subjects_for_metrics\YouCompleteMe\python\ycm\youcompleteme.py,374,3,0,0,0
YouCompleteMe,C:\Users\Zhifei Chen\Desktop\pysmell\subjects_for_metrics\YouCompleteMe\python\ycm\youcompleteme.py,390,2,0,0,0
YouCompleteMe,C:\Users\Zhifei Chen\Desktop\pysmell\subjects_for_metrics\YouCompleteMe\python\ycm\youcompleteme.py,414,2,0,0,0
YouCompleteMe,C:\Users\Zhifei Chen\Desktop\pysmell\subjects_for_metrics\YouCompleteMe\python\ycm\youcompleteme.py,427,1,0,0,0
YouCompleteMe,C:\Users\Zhifei Chen\Desktop\pysmell\subjects_for_metrics\YouCompleteMe\python\ycm\youcompleteme.py,448,2,0,0,0
YouCompleteMe,C:\Users\Zhifei Chen\Desktop\pysmell\subjects_for_metrics\YouCompleteMe\python\ycm\youcompleteme.py,455,1,0,0,0
YouCompleteMe,C:\Users\Zhifei Chen\Desktop\pysmell\subjects_for_metrics\YouCompleteMe\python\ycm\youcompleteme.py,460,1,0,0,0
YouCompleteMe,C:\Users\Zhifei Chen\Desktop\pysmell\subjects_for_metrics\YouCompleteMe\python\ycm\youcompleteme.py,475,1,0,0,0
YouCompleteMe,C:\Users\Zhifei Chen\Desktop\pysmell\subjects_for_metrics\YouCompleteMe\python\ycm\youcompleteme.py,482,1,0,0,0
YouCompleteMe,C:\Users\Zhifei Chen\Desktop\pysmell\subjects_for_metrics\YouCompleteMe\python\ycm\youcompleteme.py,494,1,0,0,0
YouCompleteMe,C:\Users\Zhifei Chen\Desktop\pysmell\subjects_for_metrics\YouCompleteMe\python\ycm\youcompleteme.py,511,1,0,0,0
YouCompleteMe,C:\Users\Zhifei Chen\Desktop\pysmell\subjects_for_metrics\YouCompleteMe\python\ycm\youcompleteme.py,521,2,0,0,0
YouCompleteMe,C:\Users\Zhifei Chen\Desktop\pysmell\subjects_for_metrics\YouCompleteMe\python\ycm\youcompleteme.py,533,2,0,0,0
YouCompleteMe,C:\Users\Zhifei Chen\Desktop\pysmell\subjects_for_metrics\YouCompleteMe\python\ycm\youcompleteme.py,534,1,0,0,0
YouCompleteMe,C:\Users\Zhifei Chen\Desktop\pysmell\subjects_for_metrics\YouCompleteMe\python\ycm\youcompleteme.py,548,2,0,0,0
YouCompleteMe,C:\Users\Zhifei Chen\Desktop\pysmell\subjects_for_metrics\YouCompleteMe\python\ycm\youcompleteme.py,549,1,0,0,0
YouCompleteMe,C:\Users\Zhifei Chen\Desktop\pysmell\subjects_for_metrics\YouCompleteMe\python\ycm\youcompleteme.py,559,1,0,0,0
YouCompleteMe,C:\Users\Zhifei Chen\Desktop\pysmell\subjects_for_metrics\YouCompleteMe\python\ycm\client\base_request.py,38,1,0,0,0
YouCompleteMe,C:\Users\Zhifei Chen\Desktop\pysmell\subjects_for_metrics\YouCompleteMe\python\ycm\client\base_request.py,42,1,0,0,0
YouCompleteMe,C:\Users\Zhifei Chen\Desktop\pysmell\subjects_for_metrics\YouCompleteMe\python\ycm\client\base_request.py,46,1,0,0,0
YouCompleteMe,C:\Users\Zhifei Chen\Desktop\pysmell\subjects_for_metrics\YouCompleteMe\python\ycm\client\base_request.py,50,1,0,0,0
YouCompleteMe,C:\Users\Zhifei Chen\Desktop\pysmell\subjects_for_metrics\YouCompleteMe\python\ycm\client\base_request.py,56,1,0,0,0
YouCompleteMe,C:\Users\Zhifei Chen\Desktop\pysmell\subjects_for_metrics\YouCompleteMe\python\ycm\client\base_request.py,67,2,0,0,0
YouCompleteMe,C:\Users\Zhifei Chen\Desktop\pysmell\subjects_for_metrics\YouCompleteMe\python\ycm\client\base_request.py,77,2,0,0,0
YouCompleteMe,C:\Users\Zhifei Chen\Desktop\pysmell\subjects_for_metrics\YouCompleteMe\python\ycm\client\base_request.py,86,3,0,0,0
YouCompleteMe,C:\Users\Zhifei Chen\Desktop\pysmell\subjects_for_metrics\YouCompleteMe\python\ycm\client\base_request.py,91,4,0,1,0
YouCompleteMe,C:\Users\Zhifei Chen\Desktop\pysmell\subjects_for_metrics\YouCompleteMe\python\ycm\client\base_request.py,108,3,0,0,0
YouCompleteMe,C:\Users\Zhifei Chen\Desktop\pysmell\subjects_for_metrics\YouCompleteMe\python\ycm\client\base_request.py,130,2,0,0,0
YouCompleteMe,C:\Users\Zhifei Chen\Desktop\pysmell\subjects_for_metrics\YouCompleteMe\python\ycm\client\base_request.py,147,0,0,0,0
YouCompleteMe,C:\Users\Zhifei Chen\Desktop\pysmell\subjects_for_metrics\YouCompleteMe\python\ycm\client\base_request.py,162,1,0,0,0
YouCompleteMe,C:\Users\Zhifei Chen\Desktop\pysmell\subjects_for_metrics\YouCompleteMe\python\ycm\client\base_request.py,177,1,0,0,0
YouCompleteMe,C:\Users\Zhifei Chen\Desktop\pysmell\subjects_for_metrics\YouCompleteMe\python\ycm\client\base_request.py,187,1,0,0,0
YouCompleteMe,C:\Users\Zhifei Chen\Desktop\pysmell\subjects_for_metrics\YouCompleteMe\python\ycm\client\base_request.py,194,1,0,0,0
YouCompleteMe,C:\Users\Zhifei Chen\Desktop\pysmell\subjects_for_metrics\YouCompleteMe\python\ycm\client\base_request.py,200,1,0,0,0
YouCompleteMe,C:\Users\Zhifei Chen\Desktop\pysmell\subjects_for_metrics\YouCompleteMe\python\ycm\client\base_request.py,203,1,0,0,0
YouCompleteMe,C:\Users\Zhifei Chen\Desktop\pysmell\subjects_for_metrics\YouCompleteMe\python\ycm\client\base_request.py,221,1,0,0,0
YouCompleteMe,C:\Users\Zhifei Chen\Desktop\pysmell\subjects_for_metrics\YouCompleteMe\python\ycm\client\command_request.py,26,1,0,0,0
YouCompleteMe,C:\Users\Zhifei Chen\Desktop\pysmell\subjects_for_metrics\YouCompleteMe\python\ycm\client\command_request.py,33,2,0,0,0
YouCompleteMe,C:\Users\Zhifei Chen\Desktop\pysmell\subjects_for_metrics\YouCompleteMe\python\ycm\client\command_request.py,45,1,0,0,0
YouCompleteMe,C:\Users\Zhifei Chen\Desktop\pysmell\subjects_for_metrics\YouCompleteMe\python\ycm\client\command_request.py,58,1,0,0,0
YouCompleteMe,C:\Users\Zhifei Chen\Desktop\pysmell\subjects_for_metrics\YouCompleteMe\python\ycm\client\command_request.py,62,1,0,0,0
YouCompleteMe,C:\Users\Zhifei Chen\Desktop\pysmell\subjects_for_metrics\YouCompleteMe\python\ycm\client\command_request.py,76,1,0,0,0
YouCompleteMe,C:\Users\Zhifei Chen\Desktop\pysmell\subjects_for_metrics\YouCompleteMe\python\ycm\client\command_request.py,87,1,0,0,0
YouCompleteMe,C:\Users\Zhifei Chen\Desktop\pysmell\subjects_for_metrics\YouCompleteMe\python\ycm\client\command_request.py,100,1,0,0,0
YouCompleteMe,C:\Users\Zhifei Chen\Desktop\pysmell\subjects_for_metrics\YouCompleteMe\python\ycm\client\command_request.py,104,1,0,0,0
YouCompleteMe,C:\Users\Zhifei Chen\Desktop\pysmell\subjects_for_metrics\YouCompleteMe\python\ycm\client\command_request.py,108,2,0,0,0
YouCompleteMe,C:\Users\Zhifei Chen\Desktop\pysmell\subjects_for_metrics\YouCompleteMe\python\ycm\client\command_request.py,116,1,0,0,0
YouCompleteMe,C:\Users\Zhifei Chen\Desktop\pysmell\subjects_for_metrics\YouCompleteMe\python\ycm\client\completer_available_request.py,24,2,0,0,0
YouCompleteMe,C:\Users\Zhifei Chen\Desktop\pysmell\subjects_for_metrics\YouCompleteMe\python\ycm\client\completer_available_request.py,30,1,0,0,0
YouCompleteMe,C:\Users\Zhifei Chen\Desktop\pysmell\subjects_for_metrics\YouCompleteMe\python\ycm\client\completer_available_request.py,40,1,0,0,0
YouCompleteMe,C:\Users\Zhifei Chen\Desktop\pysmell\subjects_for_metrics\YouCompleteMe\python\ycm\client\completer_available_request.py,44,1,0,0,0
YouCompleteMe,C:\Users\Zhifei Chen\Desktop\pysmell\subjects_for_metrics\YouCompleteMe\python\ycm\client\completion_request.py,29,2,0,0,0
YouCompleteMe,C:\Users\Zhifei Chen\Desktop\pysmell\subjects_for_metrics\YouCompleteMe\python\ycm\client\completion_request.py,34,1,0,0,0
YouCompleteMe,C:\Users\Zhifei Chen\Desktop\pysmell\subjects_for_metrics\YouCompleteMe\python\ycm\client\completion_request.py,40,1,0,0,0
YouCompleteMe,C:\Users\Zhifei Chen\Desktop\pysmell\subjects_for_metrics\YouCompleteMe\python\ycm\client\completion_request.py,44,1,0,0,0
YouCompleteMe,C:\Users\Zhifei Chen\Desktop\pysmell\subjects_for_metrics\YouCompleteMe\python\ycm\client\completion_request.py,60,1,0,0,0
YouCompleteMe,C:\Users\Zhifei Chen\Desktop\pysmell\subjects_for_metrics\YouCompleteMe\python\ycm\client\completion_request.py,64,1,0,0,0
YouCompleteMe,C:\Users\Zhifei Chen\Desktop\pysmell\subjects_for_metrics\YouCompleteMe\python\ycm\client\completion_request.py,95,1,0,0,0
YouCompleteMe,C:\Users\Zhifei Chen\Desktop\pysmell\subjects_for_metrics\YouCompleteMe\python\ycm\client\event_notification.py,27,2,0,0,0
YouCompleteMe,C:\Users\Zhifei Chen\Desktop\pysmell\subjects_for_metrics\YouCompleteMe\python\ycm\client\event_notification.py,34,1,0,0,0
YouCompleteMe,C:\Users\Zhifei Chen\Desktop\pysmell\subjects_for_metrics\YouCompleteMe\python\ycm\client\event_notification.py,44,1,0,0,0
YouCompleteMe,C:\Users\Zhifei Chen\Desktop\pysmell\subjects_for_metrics\YouCompleteMe\python\ycm\client\event_notification.py,48,1,0,0,0
YouCompleteMe,C:\Users\Zhifei Chen\Desktop\pysmell\subjects_for_metrics\YouCompleteMe\python\ycm\client\event_notification.py,69,1,0,0,0
YouCompleteMe,C:\Users\Zhifei Chen\Desktop\pysmell\subjects_for_metrics\YouCompleteMe\python\ycm\client\event_notification.py,73,1,0,0,0
YouCompleteMe,C:\Users\Zhifei Chen\Desktop\pysmell\subjects_for_metrics\YouCompleteMe\python\ycm\client\event_notification.py,77,1,0,0,0
YouCompleteMe,C:\Users\Zhifei Chen\Desktop\pysmell\subjects_for_metrics\YouCompleteMe\python\ycm\client\omni_completion_request.py,24,3,0,0,0
YouCompleteMe,C:\Users\Zhifei Chen\Desktop\pysmell\subjects_for_metrics\YouCompleteMe\python\ycm\client\omni_completion_request.py,29,1,0,0,0
YouCompleteMe,C:\Users\Zhifei Chen\Desktop\pysmell\subjects_for_metrics\YouCompleteMe\python\ycm\client\omni_completion_request.py,33,1,0,0,0
YouCompleteMe,C:\Users\Zhifei Chen\Desktop\pysmell\subjects_for_metrics\YouCompleteMe\python\ycm\client\omni_completion_request.py,37,1,0,0,0
YouCompleteMe,C:\Users\Zhifei Chen\Desktop\pysmell\subjects_for_metrics\YouCompleteMe\python\ycm\client\ycmd_keepalive.py,29,1,0,0,0
YouCompleteMe,C:\Users\Zhifei Chen\Desktop\pysmell\subjects_for_metrics\YouCompleteMe\python\ycm\client\ycmd_keepalive.py,35,1,0,0,0
YouCompleteMe,C:\Users\Zhifei Chen\Desktop\pysmell\subjects_for_metrics\YouCompleteMe\python\ycm\client\ycmd_keepalive.py,39,1,0,0,0
YouCompleteMe,C:\Users\Zhifei Chen\Desktop\pysmell\subjects_for_metrics\YouCompleteMe\python\ycm\client\tests\completion_request_test.py,30,3,0,0,0
YouCompleteMe,C:\Users\Zhifei Chen\Desktop\pysmell\subjects_for_metrics\YouCompleteMe\python\ycm\client\tests\completion_request_test.py,44,1,0,0,0
YouCompleteMe,C:\Users\Zhifei Chen\Desktop\pysmell\subjects_for_metrics\YouCompleteMe\python\ycm\client\tests\completion_request_test.py,64,1,0,0,0
YouCompleteMe,C:\Users\Zhifei Chen\Desktop\pysmell\subjects_for_metrics\YouCompleteMe\python\ycm\client\tests\completion_request_test.py,81,1,0,0,0
YouCompleteMe,C:\Users\Zhifei Chen\Desktop\pysmell\subjects_for_metrics\YouCompleteMe\python\ycm\client\tests\completion_request_test.py,100,1,0,0,0
YouCompleteMe,C:\Users\Zhifei Chen\Desktop\pysmell\subjects_for_metrics\YouCompleteMe\python\ycm\client\tests\completion_request_test.py,117,1,0,0,0
YouCompleteMe,C:\Users\Zhifei Chen\Desktop\pysmell\subjects_for_metrics\YouCompleteMe\python\ycm\tests\base_test.py,30,2,0,0,0
YouCompleteMe,C:\Users\Zhifei Chen\Desktop\pysmell\subjects_for_metrics\YouCompleteMe\python\ycm\tests\base_test.py,35,1,0,0,0
YouCompleteMe,C:\Users\Zhifei Chen\Desktop\pysmell\subjects_for_metrics\YouCompleteMe\python\ycm\tests\base_test.py,42,1,0,0,0
YouCompleteMe,C:\Users\Zhifei Chen\Desktop\pysmell\subjects_for_metrics\YouCompleteMe\python\ycm\tests\base_test.py,49,1,0,0,0
YouCompleteMe,C:\Users\Zhifei Chen\Desktop\pysmell\subjects_for_metrics\YouCompleteMe\python\ycm\tests\base_test.py,56,1,0,0,0
YouCompleteMe,C:\Users\Zhifei Chen\Desktop\pysmell\subjects_for_metrics\YouCompleteMe\python\ycm\tests\base_test.py,63,1,0,0,0
YouCompleteMe,C:\Users\Zhifei Chen\Desktop\pysmell\subjects_for_metrics\YouCompleteMe\python\ycm\tests\base_test.py,70,1,0,0,0
YouCompleteMe,C:\Users\Zhifei Chen\Desktop\pysmell\subjects_for_metrics\YouCompleteMe\python\ycm\tests\base_test.py,81,1,0,0,0
YouCompleteMe,C:\Users\Zhifei Chen\Desktop\pysmell\subjects_for_metrics\YouCompleteMe\python\ycm\tests\base_test.py,88,1,0,0,0
YouCompleteMe,C:\Users\Zhifei Chen\Desktop\pysmell\subjects_for_metrics\YouCompleteMe\python\ycm\tests\base_test.py,97,1,0,0,0
YouCompleteMe,C:\Users\Zhifei Chen\Desktop\pysmell\subjects_for_metrics\YouCompleteMe\python\ycm\tests\base_test.py,111,1,0,0,0
YouCompleteMe,C:\Users\Zhifei Chen\Desktop\pysmell\subjects_for_metrics\YouCompleteMe\python\ycm\tests\base_test.py,119,1,0,0,0
YouCompleteMe,C:\Users\Zhifei Chen\Desktop\pysmell\subjects_for_metrics\YouCompleteMe\python\ycm\tests\base_test.py,127,1,0,0,0
YouCompleteMe,C:\Users\Zhifei Chen\Desktop\pysmell\subjects_for_metrics\YouCompleteMe\python\ycm\tests\base_test.py,133,1,0,0,0
YouCompleteMe,C:\Users\Zhifei Chen\Desktop\pysmell\subjects_for_metrics\YouCompleteMe\python\ycm\tests\base_test.py,139,1,0,0,0
YouCompleteMe,C:\Users\Zhifei Chen\Desktop\pysmell\subjects_for_metrics\YouCompleteMe\python\ycm\tests\base_test.py,144,1,0,0,0
YouCompleteMe,C:\Users\Zhifei Chen\Desktop\pysmell\subjects_for_metrics\YouCompleteMe\python\ycm\tests\base_test.py,149,1,0,0,0
YouCompleteMe,C:\Users\Zhifei Chen\Desktop\pysmell\subjects_for_metrics\YouCompleteMe\python\ycm\tests\base_test.py,155,1,0,0,0
YouCompleteMe,C:\Users\Zhifei Chen\Desktop\pysmell\subjects_for_metrics\YouCompleteMe\python\ycm\tests\base_test.py,160,1,0,0,0
YouCompleteMe,C:\Users\Zhifei Chen\Desktop\pysmell\subjects_for_metrics\YouCompleteMe\python\ycm\tests\base_test.py,167,1,0,0,0
YouCompleteMe,C:\Users\Zhifei Chen\Desktop\pysmell\subjects_for_metrics\YouCompleteMe\python\ycm\tests\base_test.py,174,1,0,0,0
YouCompleteMe,C:\Users\Zhifei Chen\Desktop\pysmell\subjects_for_metrics\YouCompleteMe\python\ycm\tests\base_test.py,186,1,0,0,0
YouCompleteMe,C:\Users\Zhifei Chen\Desktop\pysmell\subjects_for_metrics\YouCompleteMe\python\ycm\tests\base_test.py,193,1,0,0,0
YouCompleteMe,C:\Users\Zhifei Chen\Desktop\pysmell\subjects_for_metrics\YouCompleteMe\python\ycm\tests\base_test.py,199,1,0,0,0
YouCompleteMe,C:\Users\Zhifei Chen\Desktop\pysmell\subjects_for_metrics\YouCompleteMe\python\ycm\tests\base_test.py,208,1,0,0,0
YouCompleteMe,C:\Users\Zhifei Chen\Desktop\pysmell\subjects_for_metrics\YouCompleteMe\python\ycm\tests\base_test.py,220,1,0,0,0
YouCompleteMe,C:\Users\Zhifei Chen\Desktop\pysmell\subjects_for_metrics\YouCompleteMe\python\ycm\tests\base_test.py,232,1,0,0,0
YouCompleteMe,C:\Users\Zhifei Chen\Desktop\pysmell\subjects_for_metrics\YouCompleteMe\python\ycm\tests\base_test.py,241,1,0,0,0
YouCompleteMe,C:\Users\Zhifei Chen\Desktop\pysmell\subjects_for_metrics\YouCompleteMe\python\ycm\tests\base_test.py,250,1,0,0,0
YouCompleteMe,C:\Users\Zhifei Chen\Desktop\pysmell\subjects_for_metrics\YouCompleteMe\python\ycm\tests\base_test.py,262,1,0,0,0
YouCompleteMe,C:\Users\Zhifei Chen\Desktop\pysmell\subjects_for_metrics\YouCompleteMe\python\ycm\tests\base_test.py,269,1,0,0,0
YouCompleteMe,C:\Users\Zhifei Chen\Desktop\pysmell\subjects_for_metrics\YouCompleteMe\python\ycm\tests\postcomplete_tests.py,26,1,0,0,0
YouCompleteMe,C:\Users\Zhifei Chen\Desktop\pysmell\subjects_for_metrics\YouCompleteMe\python\ycm\tests\postcomplete_tests.py,33,1,0,0,0
YouCompleteMe,C:\Users\Zhifei Chen\Desktop\pysmell\subjects_for_metrics\YouCompleteMe\python\ycm\tests\postcomplete_tests.py,40,1,0,0,0
YouCompleteMe,C:\Users\Zhifei Chen\Desktop\pysmell\subjects_for_metrics\YouCompleteMe\python\ycm\tests\postcomplete_tests.py,50,1,0,0,0
YouCompleteMe,C:\Users\Zhifei Chen\Desktop\pysmell\subjects_for_metrics\YouCompleteMe\python\ycm\tests\postcomplete_tests.py,57,1,0,0,0
YouCompleteMe,C:\Users\Zhifei Chen\Desktop\pysmell\subjects_for_metrics\YouCompleteMe\python\ycm\tests\postcomplete_tests.py,68,1,0,0,0
YouCompleteMe,C:\Users\Zhifei Chen\Desktop\pysmell\subjects_for_metrics\YouCompleteMe\python\ycm\tests\postcomplete_tests.py,77,1,0,0,0
YouCompleteMe,C:\Users\Zhifei Chen\Desktop\pysmell\subjects_for_metrics\YouCompleteMe\python\ycm\tests\postcomplete_tests.py,88,1,0,0,0
YouCompleteMe,C:\Users\Zhifei Chen\Desktop\pysmell\subjects_for_metrics\YouCompleteMe\python\ycm\tests\postcomplete_tests.py,99,1,0,0,0
YouCompleteMe,C:\Users\Zhifei Chen\Desktop\pysmell\subjects_for_metrics\YouCompleteMe\python\ycm\tests\postcomplete_tests.py,110,1,0,0,0
YouCompleteMe,C:\Users\Zhifei Chen\Desktop\pysmell\subjects_for_metrics\YouCompleteMe\python\ycm\tests\postcomplete_tests.py,119,1,0,0,0
YouCompleteMe,C:\Users\Zhifei Chen\Desktop\pysmell\subjects_for_metrics\YouCompleteMe\python\ycm\tests\postcomplete_tests.py,130,1,0,0,0
YouCompleteMe,C:\Users\Zhifei Chen\Desktop\pysmell\subjects_for_metrics\YouCompleteMe\python\ycm\tests\postcomplete_tests.py,141,1,0,0,0
YouCompleteMe,C:\Users\Zhifei Chen\Desktop\pysmell\subjects_for_metrics\YouCompleteMe\python\ycm\tests\postcomplete_tests.py,152,1,0,0,0
YouCompleteMe,C:\Users\Zhifei Chen\Desktop\pysmell\subjects_for_metrics\YouCompleteMe\python\ycm\tests\postcomplete_tests.py,161,1,0,0,0
YouCompleteMe,C:\Users\Zhifei Chen\Desktop\pysmell\subjects_for_metrics\YouCompleteMe\python\ycm\tests\postcomplete_tests.py,172,1,0,0,0
YouCompleteMe,C:\Users\Zhifei Chen\Desktop\pysmell\subjects_for_metrics\YouCompleteMe\python\ycm\tests\postcomplete_tests.py,183,1,0,0,0
YouCompleteMe,C:\Users\Zhifei Chen\Desktop\pysmell\subjects_for_metrics\YouCompleteMe\python\ycm\tests\postcomplete_tests.py,194,1,0,0,0
YouCompleteMe,C:\Users\Zhifei Chen\Desktop\pysmell\subjects_for_metrics\YouCompleteMe\python\ycm\tests\postcomplete_tests.py,203,1,0,0,0
YouCompleteMe,C:\Users\Zhifei Chen\Desktop\pysmell\subjects_for_metrics\YouCompleteMe\python\ycm\tests\postcomplete_tests.py,214,1,0,0,0
YouCompleteMe,C:\Users\Zhifei Chen\Desktop\pysmell\subjects_for_metrics\YouCompleteMe\python\ycm\tests\postcomplete_tests.py,225,1,0,0,0
YouCompleteMe,C:\Users\Zhifei Chen\Desktop\pysmell\subjects_for_metrics\YouCompleteMe\python\ycm\tests\postcomplete_tests.py,231,1,0,0,0
YouCompleteMe,C:\Users\Zhifei Chen\Desktop\pysmell\subjects_for_metrics\YouCompleteMe\python\ycm\tests\postcomplete_tests.py,240,1,0,0,0
YouCompleteMe,C:\Users\Zhifei Chen\Desktop\pysmell\subjects_for_metrics\YouCompleteMe\python\ycm\tests\postcomplete_tests.py,247,1,0,0,0
YouCompleteMe,C:\Users\Zhifei Chen\Desktop\pysmell\subjects_for_metrics\YouCompleteMe\python\ycm\tests\postcomplete_tests.py,256,1,0,0,0
YouCompleteMe,C:\Users\Zhifei Chen\Desktop\pysmell\subjects_for_metrics\YouCompleteMe\python\ycm\tests\postcomplete_tests.py,265,1,0,0,0
YouCompleteMe,C:\Users\Zhifei Chen\Desktop\pysmell\subjects_for_metrics\YouCompleteMe\python\ycm\tests\postcomplete_tests.py,275,1,0,0,0
YouCompleteMe,C:\Users\Zhifei Chen\Desktop\pysmell\subjects_for_metrics\YouCompleteMe\python\ycm\tests\postcomplete_tests.py,286,1,0,0,0
YouCompleteMe,C:\Users\Zhifei Chen\Desktop\pysmell\subjects_for_metrics\YouCompleteMe\python\ycm\tests\postcomplete_tests.py,297,1,0,0,0
YouCompleteMe,C:\Users\Zhifei Chen\Desktop\pysmell\subjects_for_metrics\YouCompleteMe\python\ycm\tests\postcomplete_tests.py,306,1,0,0,0
YouCompleteMe,C:\Users\Zhifei Chen\Desktop\pysmell\subjects_for_metrics\YouCompleteMe\python\ycm\tests\postcomplete_tests.py,315,1,0,0,0
YouCompleteMe,C:\Users\Zhifei Chen\Desktop\pysmell\subjects_for_metrics\YouCompleteMe\python\ycm\tests\postcomplete_tests.py,323,1,0,0,0
YouCompleteMe,C:\Users\Zhifei Chen\Desktop\pysmell\subjects_for_metrics\YouCompleteMe\python\ycm\tests\postcomplete_tests.py,332,1,0,0,0
YouCompleteMe,C:\Users\Zhifei Chen\Desktop\pysmell\subjects_for_metrics\YouCompleteMe\python\ycm\tests\postcomplete_tests.py,341,1,0,0,0
YouCompleteMe,C:\Users\Zhifei Chen\Desktop\pysmell\subjects_for_metrics\YouCompleteMe\python\ycm\tests\postcomplete_tests.py,356,1,0,0,0
YouCompleteMe,C:\Users\Zhifei Chen\Desktop\pysmell\subjects_for_metrics\YouCompleteMe\python\ycm\tests\postcomplete_tests.py,367,0,0,0,0
YouCompleteMe,C:\Users\Zhifei Chen\Desktop\pysmell\subjects_for_metrics\YouCompleteMe\python\ycm\tests\postcomplete_tests.py,380,1,0,0,0
YouCompleteMe,C:\Users\Zhifei Chen\Desktop\pysmell\subjects_for_metrics\YouCompleteMe\python\ycm\tests\postcomplete_tests.py,382,1,0,0,0
YouCompleteMe,C:\Users\Zhifei Chen\Desktop\pysmell\subjects_for_metrics\YouCompleteMe\python\ycm\tests\syntax_parse_test.py,29,1,0,0,0
YouCompleteMe,C:\Users\Zhifei Chen\Desktop\pysmell\subjects_for_metrics\YouCompleteMe\python\ycm\tests\syntax_parse_test.py,36,1,0,0,0
YouCompleteMe,C:\Users\Zhifei Chen\Desktop\pysmell\subjects_for_metrics\YouCompleteMe\python\ycm\tests\syntax_parse_test.py,73,1,0,0,0
YouCompleteMe,C:\Users\Zhifei Chen\Desktop\pysmell\subjects_for_metrics\YouCompleteMe\python\ycm\tests\syntax_parse_test.py,103,1,0,0,0
YouCompleteMe,C:\Users\Zhifei Chen\Desktop\pysmell\subjects_for_metrics\YouCompleteMe\python\ycm\tests\syntax_parse_test.py,132,1,0,0,0
YouCompleteMe,C:\Users\Zhifei Chen\Desktop\pysmell\subjects_for_metrics\YouCompleteMe\python\ycm\tests\syntax_parse_test.py,138,1,0,0,0
YouCompleteMe,C:\Users\Zhifei Chen\Desktop\pysmell\subjects_for_metrics\YouCompleteMe\python\ycm\tests\syntax_parse_test.py,148,1,0,0,0
YouCompleteMe,C:\Users\Zhifei Chen\Desktop\pysmell\subjects_for_metrics\YouCompleteMe\python\ycm\tests\syntax_parse_test.py,158,1,0,0,0
YouCompleteMe,C:\Users\Zhifei Chen\Desktop\pysmell\subjects_for_metrics\YouCompleteMe\python\ycm\tests\syntax_parse_test.py,166,1,0,0,0
YouCompleteMe,C:\Users\Zhifei Chen\Desktop\pysmell\subjects_for_metrics\YouCompleteMe\python\ycm\tests\syntax_parse_test.py,179,1,0,0,0
YouCompleteMe,C:\Users\Zhifei Chen\Desktop\pysmell\subjects_for_metrics\YouCompleteMe\python\ycm\tests\syntax_parse_test.py,190,1,0,0,0
YouCompleteMe,C:\Users\Zhifei Chen\Desktop\pysmell\subjects_for_metrics\YouCompleteMe\python\ycm\tests\syntax_parse_test.py,201,1,0,0,0
YouCompleteMe,C:\Users\Zhifei Chen\Desktop\pysmell\subjects_for_metrics\YouCompleteMe\python\ycm\tests\syntax_parse_test.py,214,1,0,0,0
YouCompleteMe,C:\Users\Zhifei Chen\Desktop\pysmell\subjects_for_metrics\YouCompleteMe\python\ycm\tests\syntax_parse_test.py,227,1,0,0,0
YouCompleteMe,C:\Users\Zhifei Chen\Desktop\pysmell\subjects_for_metrics\YouCompleteMe\python\ycm\tests\syntax_parse_test.py,246,1,0,0,0
YouCompleteMe,C:\Users\Zhifei Chen\Desktop\pysmell\subjects_for_metrics\YouCompleteMe\python\ycm\tests\syntax_parse_test.py,255,1,0,0,0
YouCompleteMe,C:\Users\Zhifei Chen\Desktop\pysmell\subjects_for_metrics\YouCompleteMe\python\ycm\tests\syntax_parse_test.py,264,1,0,0,0
YouCompleteMe,C:\Users\Zhifei Chen\Desktop\pysmell\subjects_for_metrics\YouCompleteMe\python\ycm\tests\syntax_parse_test.py,273,1,0,0,0
YouCompleteMe,C:\Users\Zhifei Chen\Desktop\pysmell\subjects_for_metrics\YouCompleteMe\python\ycm\tests\syntax_parse_test.py,283,1,0,0,0
YouCompleteMe,C:\Users\Zhifei Chen\Desktop\pysmell\subjects_for_metrics\YouCompleteMe\python\ycm\tests\syntax_parse_test.py,293,1,0,0,0
YouCompleteMe,C:\Users\Zhifei Chen\Desktop\pysmell\subjects_for_metrics\YouCompleteMe\python\ycm\tests\syntax_parse_test.py,302,1,0,0,0
YouCompleteMe,C:\Users\Zhifei Chen\Desktop\pysmell\subjects_for_metrics\YouCompleteMe\python\ycm\tests\syntax_parse_test.py,311,1,0,0,0
YouCompleteMe,C:\Users\Zhifei Chen\Desktop\pysmell\subjects_for_metrics\YouCompleteMe\python\ycm\tests\syntax_parse_test.py,320,1,0,0,0
YouCompleteMe,C:\Users\Zhifei Chen\Desktop\pysmell\subjects_for_metrics\YouCompleteMe\python\ycm\tests\vimsupport_test.py,28,1,0,0,0
YouCompleteMe,C:\Users\Zhifei Chen\Desktop\pysmell\subjects_for_metrics\YouCompleteMe\python\ycm\tests\vimsupport_test.py,84,1,0,0,0
YouCompleteMe,C:\Users\Zhifei Chen\Desktop\pysmell\subjects_for_metrics\YouCompleteMe\python\ycm\tests\vimsupport_test.py,101,1,0,0,0
YouCompleteMe,C:\Users\Zhifei Chen\Desktop\pysmell\subjects_for_metrics\YouCompleteMe\python\ycm\tests\vimsupport_test.py,118,1,0,0,0
YouCompleteMe,C:\Users\Zhifei Chen\Desktop\pysmell\subjects_for_metrics\YouCompleteMe\python\ycm\tests\vimsupport_test.py,134,1,0,0,0
YouCompleteMe,C:\Users\Zhifei Chen\Desktop\pysmell\subjects_for_metrics\YouCompleteMe\python\ycm\tests\vimsupport_test.py,150,1,0,0,0
YouCompleteMe,C:\Users\Zhifei Chen\Desktop\pysmell\subjects_for_metrics\YouCompleteMe\python\ycm\tests\vimsupport_test.py,166,1,0,0,0
YouCompleteMe,C:\Users\Zhifei Chen\Desktop\pysmell\subjects_for_metrics\YouCompleteMe\python\ycm\tests\vimsupport_test.py,182,1,0,0,0
YouCompleteMe,C:\Users\Zhifei Chen\Desktop\pysmell\subjects_for_metrics\YouCompleteMe\python\ycm\tests\vimsupport_test.py,198,1,0,0,0
YouCompleteMe,C:\Users\Zhifei Chen\Desktop\pysmell\subjects_for_metrics\YouCompleteMe\python\ycm\tests\vimsupport_test.py,214,1,0,0,0
YouCompleteMe,C:\Users\Zhifei Chen\Desktop\pysmell\subjects_for_metrics\YouCompleteMe\python\ycm\tests\vimsupport_test.py,225,1,0,0,0
YouCompleteMe,C:\Users\Zhifei Chen\Desktop\pysmell\subjects_for_metrics\YouCompleteMe\python\ycm\tests\vimsupport_test.py,258,1,0,0,0
YouCompleteMe,C:\Users\Zhifei Chen\Desktop\pysmell\subjects_for_metrics\YouCompleteMe\python\ycm\tests\vimsupport_test.py,273,1,0,0,0
YouCompleteMe,C:\Users\Zhifei Chen\Desktop\pysmell\subjects_for_metrics\YouCompleteMe\python\ycm\tests\vimsupport_test.py,288,1,0,0,0
YouCompleteMe,C:\Users\Zhifei Chen\Desktop\pysmell\subjects_for_metrics\YouCompleteMe\python\ycm\tests\vimsupport_test.py,303,1,0,0,0
YouCompleteMe,C:\Users\Zhifei Chen\Desktop\pysmell\subjects_for_metrics\YouCompleteMe\python\ycm\tests\vimsupport_test.py,347,1,0,0,0
YouCompleteMe,C:\Users\Zhifei Chen\Desktop\pysmell\subjects_for_metrics\YouCompleteMe\python\ycm\tests\vimsupport_test.py,392,1,0,0,0
YouCompleteMe,C:\Users\Zhifei Chen\Desktop\pysmell\subjects_for_metrics\YouCompleteMe\python\ycm\tests\vimsupport_test.py,403,1,0,0,0
YouCompleteMe,C:\Users\Zhifei Chen\Desktop\pysmell\subjects_for_metrics\YouCompleteMe\python\ycm\tests\vimsupport_test.py,418,1,0,0,0
YouCompleteMe,C:\Users\Zhifei Chen\Desktop\pysmell\subjects_for_metrics\YouCompleteMe\python\ycm\tests\vimsupport_test.py,429,1,0,0,0
YouCompleteMe,C:\Users\Zhifei Chen\Desktop\pysmell\subjects_for_metrics\YouCompleteMe\python\ycm\tests\vimsupport_test.py,440,1,0,0,0
YouCompleteMe,C:\Users\Zhifei Chen\Desktop\pysmell\subjects_for_metrics\YouCompleteMe\python\ycm\tests\vimsupport_test.py,451,1,0,0,0
YouCompleteMe,C:\Users\Zhifei Chen\Desktop\pysmell\subjects_for_metrics\YouCompleteMe\python\ycm\tests\vimsupport_test.py,462,1,0,0,0
YouCompleteMe,C:\Users\Zhifei Chen\Desktop\pysmell\subjects_for_metrics\YouCompleteMe\python\ycm\tests\vimsupport_test.py,473,1,0,0,0
YouCompleteMe,C:\Users\Zhifei Chen\Desktop\pysmell\subjects_for_metrics\YouCompleteMe\python\ycm\tests\vimsupport_test.py,484,1,0,0,0
YouCompleteMe,C:\Users\Zhifei Chen\Desktop\pysmell\subjects_for_metrics\YouCompleteMe\python\ycm\tests\vimsupport_test.py,495,1,0,0,0
YouCompleteMe,C:\Users\Zhifei Chen\Desktop\pysmell\subjects_for_metrics\YouCompleteMe\python\ycm\tests\vimsupport_test.py,506,1,0,0,0
YouCompleteMe,C:\Users\Zhifei Chen\Desktop\pysmell\subjects_for_metrics\YouCompleteMe\python\ycm\tests\vimsupport_test.py,517,1,0,0,0
YouCompleteMe,C:\Users\Zhifei Chen\Desktop\pysmell\subjects_for_metrics\YouCompleteMe\python\ycm\tests\vimsupport_test.py,532,4,0,1,0
YouCompleteMe,C:\Users\Zhifei Chen\Desktop\pysmell\subjects_for_metrics\YouCompleteMe\python\ycm\tests\vimsupport_test.py,542,1,0,0,0
YouCompleteMe,C:\Users\Zhifei Chen\Desktop\pysmell\subjects_for_metrics\YouCompleteMe\python\ycm\tests\vimsupport_test.py,555,1,0,0,0
YouCompleteMe,C:\Users\Zhifei Chen\Desktop\pysmell\subjects_for_metrics\YouCompleteMe\python\ycm\tests\vimsupport_test.py,568,5,1,1,1
YouCompleteMe,C:\Users\Zhifei Chen\Desktop\pysmell\subjects_for_metrics\YouCompleteMe\python\ycm\tests\vimsupport_test.py,585,1,0,0,0
YouCompleteMe,C:\Users\Zhifei Chen\Desktop\pysmell\subjects_for_metrics\YouCompleteMe\python\ycm\tests\vimsupport_test.py,592,3,0,0,0
YouCompleteMe,C:\Users\Zhifei Chen\Desktop\pysmell\subjects_for_metrics\YouCompleteMe\python\ycm\tests\vimsupport_test.py,618,2,0,0,0
YouCompleteMe,C:\Users\Zhifei Chen\Desktop\pysmell\subjects_for_metrics\YouCompleteMe\python\ycm\tests\vimsupport_test.py,628,3,0,0,0
YouCompleteMe,C:\Users\Zhifei Chen\Desktop\pysmell\subjects_for_metrics\YouCompleteMe\python\ycm\tests\vimsupport_test.py,647,3,0,0,0
YouCompleteMe,C:\Users\Zhifei Chen\Desktop\pysmell\subjects_for_metrics\YouCompleteMe\third_party\pythonfutures\crawl.py,28,2,0,0,0
YouCompleteMe,C:\Users\Zhifei Chen\Desktop\pysmell\subjects_for_metrics\YouCompleteMe\third_party\pythonfutures\crawl.py,32,1,0,0,0
YouCompleteMe,C:\Users\Zhifei Chen\Desktop\pysmell\subjects_for_metrics\YouCompleteMe\third_party\pythonfutures\crawl.py,41,2,0,0,0
YouCompleteMe,C:\Users\Zhifei Chen\Desktop\pysmell\subjects_for_metrics\YouCompleteMe\third_party\pythonfutures\crawl.py,56,1,0,0,0
YouCompleteMe,C:\Users\Zhifei Chen\Desktop\pysmell\subjects_for_metrics\YouCompleteMe\third_party\pythonfutures\primes.py,17,1,0,0,0
YouCompleteMe,C:\Users\Zhifei Chen\Desktop\pysmell\subjects_for_metrics\YouCompleteMe\third_party\pythonfutures\primes.py,27,1,0,0,0
YouCompleteMe,C:\Users\Zhifei Chen\Desktop\pysmell\subjects_for_metrics\YouCompleteMe\third_party\pythonfutures\primes.py,30,1,0,0,0
YouCompleteMe,C:\Users\Zhifei Chen\Desktop\pysmell\subjects_for_metrics\YouCompleteMe\third_party\pythonfutures\primes.py,34,1,0,0,0
YouCompleteMe,C:\Users\Zhifei Chen\Desktop\pysmell\subjects_for_metrics\YouCompleteMe\third_party\pythonfutures\primes.py,38,1,0,0,0
YouCompleteMe,C:\Users\Zhifei Chen\Desktop\pysmell\subjects_for_metrics\YouCompleteMe\third_party\pythonfutures\test_futures.py,37,1,0,0,0
YouCompleteMe,C:\Users\Zhifei Chen\Desktop\pysmell\subjects_for_metrics\YouCompleteMe\third_party\pythonfutures\test_futures.py,42,1,0,0,0
YouCompleteMe,C:\Users\Zhifei Chen\Desktop\pysmell\subjects_for_metrics\YouCompleteMe\third_party\pythonfutures\test_futures.py,53,3,0,0,0
YouCompleteMe,C:\Users\Zhifei Chen\Desktop\pysmell\subjects_for_metrics\YouCompleteMe\third_party\pythonfutures\test_futures.py,84,2,0,0,0
YouCompleteMe,C:\Users\Zhifei Chen\Desktop\pysmell\subjects_for_metrics\YouCompleteMe\third_party\pythonfutures\test_futures.py,92,1,0,0,0
YouCompleteMe,C:\Users\Zhifei Chen\Desktop\pysmell\subjects_for_metrics\YouCompleteMe\third_party\pythonfutures\test_futures.py,103,1,0,0,0
YouCompleteMe,C:\Users\Zhifei Chen\Desktop\pysmell\subjects_for_metrics\YouCompleteMe\third_party\pythonfutures\test_futures.py,117,0,0,0,0
YouCompleteMe,C:\Users\Zhifei Chen\Desktop\pysmell\subjects_for_metrics\YouCompleteMe\third_party\pythonfutures\test_futures.py,133,2,0,0,0
YouCompleteMe,C:\Users\Zhifei Chen\Desktop\pysmell\subjects_for_metrics\YouCompleteMe\third_party\pythonfutures\test_futures.py,137,1,0,0,0
YouCompleteMe,C:\Users\Zhifei Chen\Desktop\pysmell\subjects_for_metrics\YouCompleteMe\third_party\pythonfutures\test_futures.py,141,2,0,0,0
YouCompleteMe,C:\Users\Zhifei Chen\Desktop\pysmell\subjects_for_metrics\YouCompleteMe\third_party\pythonfutures\test_futures.py,150,1,0,0,0
YouCompleteMe,C:\Users\Zhifei Chen\Desktop\pysmell\subjects_for_metrics\YouCompleteMe\third_party\pythonfutures\test_futures.py,159,1,0,0,0
YouCompleteMe,C:\Users\Zhifei Chen\Desktop\pysmell\subjects_for_metrics\YouCompleteMe\third_party\pythonfutures\test_futures.py,166,1,0,0,0
YouCompleteMe,C:\Users\Zhifei Chen\Desktop\pysmell\subjects_for_metrics\YouCompleteMe\third_party\pythonfutures\test_futures.py,185,1,0,0,0
YouCompleteMe,C:\Users\Zhifei Chen\Desktop\pysmell\subjects_for_metrics\YouCompleteMe\third_party\pythonfutures\test_futures.py,191,1,0,0,0
YouCompleteMe,C:\Users\Zhifei Chen\Desktop\pysmell\subjects_for_metrics\YouCompleteMe\third_party\pythonfutures\test_futures.py,205,1,0,0,0
YouCompleteMe,C:\Users\Zhifei Chen\Desktop\pysmell\subjects_for_metrics\YouCompleteMe\third_party\pythonfutures\test_futures.py,213,1,0,0,0
YouCompleteMe,C:\Users\Zhifei Chen\Desktop\pysmell\subjects_for_metrics\YouCompleteMe\third_party\pythonfutures\test_futures.py,216,1,0,0,0
YouCompleteMe,C:\Users\Zhifei Chen\Desktop\pysmell\subjects_for_metrics\YouCompleteMe\third_party\pythonfutures\test_futures.py,225,1,0,0,0
YouCompleteMe,C:\Users\Zhifei Chen\Desktop\pysmell\subjects_for_metrics\YouCompleteMe\third_party\pythonfutures\test_futures.py,234,1,0,0,0
YouCompleteMe,C:\Users\Zhifei Chen\Desktop\pysmell\subjects_for_metrics\YouCompleteMe\third_party\pythonfutures\test_futures.py,245,1,0,0,0
YouCompleteMe,C:\Users\Zhifei Chen\Desktop\pysmell\subjects_for_metrics\YouCompleteMe\third_party\pythonfutures\test_futures.py,248,1,0,0,0
YouCompleteMe,C:\Users\Zhifei Chen\Desktop\pysmell\subjects_for_metrics\YouCompleteMe\third_party\pythonfutures\test_futures.py,259,1,0,0,0
YouCompleteMe,C:\Users\Zhifei Chen\Desktop\pysmell\subjects_for_metrics\YouCompleteMe\third_party\pythonfutures\test_futures.py,268,1,0,0,0
YouCompleteMe,C:\Users\Zhifei Chen\Desktop\pysmell\subjects_for_metrics\YouCompleteMe\third_party\pythonfutures\test_futures.py,282,1,0,0,0
YouCompleteMe,C:\Users\Zhifei Chen\Desktop\pysmell\subjects_for_metrics\YouCompleteMe\third_party\pythonfutures\test_futures.py,293,1,0,0,0
YouCompleteMe,C:\Users\Zhifei Chen\Desktop\pysmell\subjects_for_metrics\YouCompleteMe\third_party\pythonfutures\test_futures.py,305,1,0,0,0
YouCompleteMe,C:\Users\Zhifei Chen\Desktop\pysmell\subjects_for_metrics\YouCompleteMe\third_party\pythonfutures\test_futures.py,317,1,0,0,0
YouCompleteMe,C:\Users\Zhifei Chen\Desktop\pysmell\subjects_for_metrics\YouCompleteMe\third_party\pythonfutures\test_futures.py,333,1,0,0,0
YouCompleteMe,C:\Users\Zhifei Chen\Desktop\pysmell\subjects_for_metrics\YouCompleteMe\third_party\pythonfutures\test_futures.py,343,1,0,0,0
YouCompleteMe,C:\Users\Zhifei Chen\Desktop\pysmell\subjects_for_metrics\YouCompleteMe\third_party\pythonfutures\test_futures.py,362,1,0,0,0
YouCompleteMe,C:\Users\Zhifei Chen\Desktop\pysmell\subjects_for_metrics\YouCompleteMe\third_party\pythonfutures\test_futures.py,383,1,0,0,0
YouCompleteMe,C:\Users\Zhifei Chen\Desktop\pysmell\subjects_for_metrics\YouCompleteMe\third_party\pythonfutures\test_futures.py,387,1,0,0,0
YouCompleteMe,C:\Users\Zhifei Chen\Desktop\pysmell\subjects_for_metrics\YouCompleteMe\third_party\pythonfutures\test_futures.py,405,1,0,0,0
YouCompleteMe,C:\Users\Zhifei Chen\Desktop\pysmell\subjects_for_metrics\YouCompleteMe\third_party\pythonfutures\test_futures.py,421,1,0,0,0
YouCompleteMe,C:\Users\Zhifei Chen\Desktop\pysmell\subjects_for_metrics\YouCompleteMe\third_party\pythonfutures\test_futures.py,452,1,0,0,0
YouCompleteMe,C:\Users\Zhifei Chen\Desktop\pysmell\subjects_for_metrics\YouCompleteMe\third_party\pythonfutures\test_futures.py,456,1,0,0,0
YouCompleteMe,C:\Users\Zhifei Chen\Desktop\pysmell\subjects_for_metrics\YouCompleteMe\third_party\pythonfutures\test_futures.py,460,1,0,0,0
YouCompleteMe,C:\Users\Zhifei Chen\Desktop\pysmell\subjects_for_metrics\YouCompleteMe\third_party\pythonfutures\test_futures.py,465,1,0,0,0
YouCompleteMe,C:\Users\Zhifei Chen\Desktop\pysmell\subjects_for_metrics\YouCompleteMe\third_party\pythonfutures\test_futures.py,471,1,0,0,0
YouCompleteMe,C:\Users\Zhifei Chen\Desktop\pysmell\subjects_for_metrics\YouCompleteMe\third_party\pythonfutures\test_futures.py,495,1,0,0,0
YouCompleteMe,C:\Users\Zhifei Chen\Desktop\pysmell\subjects_for_metrics\YouCompleteMe\third_party\pythonfutures\test_futures.py,497,1,0,0,0
YouCompleteMe,C:\Users\Zhifei Chen\Desktop\pysmell\subjects_for_metrics\YouCompleteMe\third_party\pythonfutures\test_futures.py,505,1,0,0,0
YouCompleteMe,C:\Users\Zhifei Chen\Desktop\pysmell\subjects_for_metrics\YouCompleteMe\third_party\pythonfutures\test_futures.py,507,1,0,0,0
YouCompleteMe,C:\Users\Zhifei Chen\Desktop\pysmell\subjects_for_metrics\YouCompleteMe\third_party\pythonfutures\test_futures.py,515,1,0,0,0
YouCompleteMe,C:\Users\Zhifei Chen\Desktop\pysmell\subjects_for_metrics\YouCompleteMe\third_party\pythonfutures\test_futures.py,517,1,0,0,0
YouCompleteMe,C:\Users\Zhifei Chen\Desktop\pysmell\subjects_for_metrics\YouCompleteMe\third_party\pythonfutures\test_futures.py,525,1,0,0,0
YouCompleteMe,C:\Users\Zhifei Chen\Desktop\pysmell\subjects_for_metrics\YouCompleteMe\third_party\pythonfutures\test_futures.py,530,1,0,0,0
YouCompleteMe,C:\Users\Zhifei Chen\Desktop\pysmell\subjects_for_metrics\YouCompleteMe\third_party\pythonfutures\test_futures.py,534,1,0,0,0
YouCompleteMe,C:\Users\Zhifei Chen\Desktop\pysmell\subjects_for_metrics\YouCompleteMe\third_party\pythonfutures\test_futures.py,545,1,0,0,0
YouCompleteMe,C:\Users\Zhifei Chen\Desktop\pysmell\subjects_for_metrics\YouCompleteMe\third_party\pythonfutures\test_futures.py,547,1,0,0,0
YouCompleteMe,C:\Users\Zhifei Chen\Desktop\pysmell\subjects_for_metrics\YouCompleteMe\third_party\pythonfutures\test_futures.py,555,1,0,0,0
YouCompleteMe,C:\Users\Zhifei Chen\Desktop\pysmell\subjects_for_metrics\YouCompleteMe\third_party\pythonfutures\test_futures.py,557,1,0,0,0
YouCompleteMe,C:\Users\Zhifei Chen\Desktop\pysmell\subjects_for_metrics\YouCompleteMe\third_party\pythonfutures\test_futures.py,565,1,0,0,0
YouCompleteMe,C:\Users\Zhifei Chen\Desktop\pysmell\subjects_for_metrics\YouCompleteMe\third_party\pythonfutures\test_futures.py,567,1,0,0,0
YouCompleteMe,C:\Users\Zhifei Chen\Desktop\pysmell\subjects_for_metrics\YouCompleteMe\third_party\pythonfutures\test_futures.py,575,1,0,0,0
YouCompleteMe,C:\Users\Zhifei Chen\Desktop\pysmell\subjects_for_metrics\YouCompleteMe\third_party\pythonfutures\test_futures.py,591,1,0,0,0
YouCompleteMe,C:\Users\Zhifei Chen\Desktop\pysmell\subjects_for_metrics\YouCompleteMe\third_party\pythonfutures\test_futures.py,617,1,0,0,0
YouCompleteMe,C:\Users\Zhifei Chen\Desktop\pysmell\subjects_for_metrics\YouCompleteMe\third_party\pythonfutures\test_futures.py,625,1,0,0,0
YouCompleteMe,C:\Users\Zhifei Chen\Desktop\pysmell\subjects_for_metrics\YouCompleteMe\third_party\pythonfutures\test_futures.py,633,1,0,0,0
YouCompleteMe,C:\Users\Zhifei Chen\Desktop\pysmell\subjects_for_metrics\YouCompleteMe\third_party\pythonfutures\test_futures.py,641,1,0,0,0
YouCompleteMe,C:\Users\Zhifei Chen\Desktop\pysmell\subjects_for_metrics\YouCompleteMe\third_party\pythonfutures\test_futures.py,653,1,0,0,0
YouCompleteMe,C:\Users\Zhifei Chen\Desktop\pysmell\subjects_for_metrics\YouCompleteMe\third_party\pythonfutures\test_futures.py,655,1,0,0,0
YouCompleteMe,C:\Users\Zhifei Chen\Desktop\pysmell\subjects_for_metrics\YouCompleteMe\third_party\pythonfutures\test_futures.py,666,1,0,0,0
YouCompleteMe,C:\Users\Zhifei Chen\Desktop\pysmell\subjects_for_metrics\YouCompleteMe\third_party\pythonfutures\test_futures.py,668,1,0,0,0
YouCompleteMe,C:\Users\Zhifei Chen\Desktop\pysmell\subjects_for_metrics\YouCompleteMe\third_party\pythonfutures\test_futures.py,679,1,0,0,0
YouCompleteMe,C:\Users\Zhifei Chen\Desktop\pysmell\subjects_for_metrics\YouCompleteMe\third_party\pythonfutures\test_futures.py,692,1,0,0,0
YouCompleteMe,C:\Users\Zhifei Chen\Desktop\pysmell\subjects_for_metrics\YouCompleteMe\third_party\pythonfutures\test_futures.py,693,1,0,0,0
YouCompleteMe,C:\Users\Zhifei Chen\Desktop\pysmell\subjects_for_metrics\YouCompleteMe\third_party\pythonfutures\test_futures.py,707,1,0,0,0
YouCompleteMe,C:\Users\Zhifei Chen\Desktop\pysmell\subjects_for_metrics\YouCompleteMe\third_party\pythonfutures\concurrent\futures\process.py,79,1,0,0,0
YouCompleteMe,C:\Users\Zhifei Chen\Desktop\pysmell\subjects_for_metrics\YouCompleteMe\third_party\pythonfutures\concurrent\futures\process.py,95,5,1,1,1
YouCompleteMe,C:\Users\Zhifei Chen\Desktop\pysmell\subjects_for_metrics\YouCompleteMe\third_party\pythonfutures\concurrent\futures\process.py,102,2,0,0,0
YouCompleteMe,C:\Users\Zhifei Chen\Desktop\pysmell\subjects_for_metrics\YouCompleteMe\third_party\pythonfutures\concurrent\futures\process.py,108,5,1,1,1
YouCompleteMe,C:\Users\Zhifei Chen\Desktop\pysmell\subjects_for_metrics\YouCompleteMe\third_party\pythonfutures\concurrent\futures\process.py,114,2,0,0,0
YouCompleteMe,C:\Users\Zhifei Chen\Desktop\pysmell\subjects_for_metrics\YouCompleteMe\third_party\pythonfutures\concurrent\futures\process.py,143,3,0,0,0
YouCompleteMe,C:\Users\Zhifei Chen\Desktop\pysmell\subjects_for_metrics\YouCompleteMe\third_party\pythonfutures\concurrent\futures\process.py,180,6,1,1,1
YouCompleteMe,C:\Users\Zhifei Chen\Desktop\pysmell\subjects_for_metrics\YouCompleteMe\third_party\pythonfutures\concurrent\futures\process.py,205,1,0,0,0
YouCompleteMe,C:\Users\Zhifei Chen\Desktop\pysmell\subjects_for_metrics\YouCompleteMe\third_party\pythonfutures\concurrent\futures\process.py,246,1,0,0,0
YouCompleteMe,C:\Users\Zhifei Chen\Desktop\pysmell\subjects_for_metrics\YouCompleteMe\third_party\pythonfutures\concurrent\futures\process.py,270,1,0,0,0
YouCompleteMe,C:\Users\Zhifei Chen\Desktop\pysmell\subjects_for_metrics\YouCompleteMe\third_party\pythonfutures\concurrent\futures\process.py,301,1,0,0,0
YouCompleteMe,C:\Users\Zhifei Chen\Desktop\pysmell\subjects_for_metrics\YouCompleteMe\third_party\pythonfutures\concurrent\futures\process.py,304,1,0,0,0
YouCompleteMe,C:\Users\Zhifei Chen\Desktop\pysmell\subjects_for_metrics\YouCompleteMe\third_party\pythonfutures\concurrent\futures\process.py,319,1,0,0,0
YouCompleteMe,C:\Users\Zhifei Chen\Desktop\pysmell\subjects_for_metrics\YouCompleteMe\third_party\pythonfutures\concurrent\futures\process.py,328,4,0,1,0
YouCompleteMe,C:\Users\Zhifei Chen\Desktop\pysmell\subjects_for_metrics\YouCompleteMe\third_party\pythonfutures\concurrent\futures\process.py,347,1,0,0,0
YouCompleteMe,C:\Users\Zhifei Chen\Desktop\pysmell\subjects_for_metrics\YouCompleteMe\third_party\pythonfutures\concurrent\futures\thread.py,38,1,0,0,0
YouCompleteMe,C:\Users\Zhifei Chen\Desktop\pysmell\subjects_for_metrics\YouCompleteMe\third_party\pythonfutures\concurrent\futures\thread.py,50,5,1,1,1
YouCompleteMe,C:\Users\Zhifei Chen\Desktop\pysmell\subjects_for_metrics\YouCompleteMe\third_party\pythonfutures\concurrent\futures\thread.py,56,1,0,0,0
YouCompleteMe,C:\Users\Zhifei Chen\Desktop\pysmell\subjects_for_metrics\YouCompleteMe\third_party\pythonfutures\concurrent\futures\thread.py,68,2,0,0,0
YouCompleteMe,C:\Users\Zhifei Chen\Desktop\pysmell\subjects_for_metrics\YouCompleteMe\third_party\pythonfutures\concurrent\futures\thread.py,89,2,0,0,0
YouCompleteMe,C:\Users\Zhifei Chen\Desktop\pysmell\subjects_for_metrics\YouCompleteMe\third_party\pythonfutures\concurrent\futures\thread.py,102,4,0,1,0
YouCompleteMe,C:\Users\Zhifei Chen\Desktop\pysmell\subjects_for_metrics\YouCompleteMe\third_party\pythonfutures\concurrent\futures\thread.py,115,1,0,0,0
YouCompleteMe,C:\Users\Zhifei Chen\Desktop\pysmell\subjects_for_metrics\YouCompleteMe\third_party\pythonfutures\concurrent\futures\thread.py,118,1,0,0,0
YouCompleteMe,C:\Users\Zhifei Chen\Desktop\pysmell\subjects_for_metrics\YouCompleteMe\third_party\pythonfutures\concurrent\futures\thread.py,131,1,0,0,0
YouCompleteMe,C:\Users\Zhifei Chen\Desktop\pysmell\subjects_for_metrics\YouCompleteMe\third_party\pythonfutures\concurrent\futures\_base.py,63,1,0,0,0
YouCompleteMe,C:\Users\Zhifei Chen\Desktop\pysmell\subjects_for_metrics\YouCompleteMe\third_party\pythonfutures\concurrent\futures\_base.py,67,2,0,0,0
YouCompleteMe,C:\Users\Zhifei Chen\Desktop\pysmell\subjects_for_metrics\YouCompleteMe\third_party\pythonfutures\concurrent\futures\_base.py,70,2,0,0,0
YouCompleteMe,C:\Users\Zhifei Chen\Desktop\pysmell\subjects_for_metrics\YouCompleteMe\third_party\pythonfutures\concurrent\futures\_base.py,73,2,0,0,0
YouCompleteMe,C:\Users\Zhifei Chen\Desktop\pysmell\subjects_for_metrics\YouCompleteMe\third_party\pythonfutures\concurrent\futures\_base.py,79,1,0,0,0
YouCompleteMe,C:\Users\Zhifei Chen\Desktop\pysmell\subjects_for_metrics\YouCompleteMe\third_party\pythonfutures\concurrent\futures\_base.py,83,2,0,0,0
YouCompleteMe,C:\Users\Zhifei Chen\Desktop\pysmell\subjects_for_metrics\YouCompleteMe\third_party\pythonfutures\concurrent\futures\_base.py,88,2,0,0,0
YouCompleteMe,C:\Users\Zhifei Chen\Desktop\pysmell\subjects_for_metrics\YouCompleteMe\third_party\pythonfutures\concurrent\futures\_base.py,93,2,0,0,0
YouCompleteMe,C:\Users\Zhifei Chen\Desktop\pysmell\subjects_for_metrics\YouCompleteMe\third_party\pythonfutures\concurrent\futures\_base.py,101,2,0,0,0
YouCompleteMe,C:\Users\Zhifei Chen\Desktop\pysmell\subjects_for_metrics\YouCompleteMe\third_party\pythonfutures\concurrent\futures\_base.py,105,2,0,0,0
YouCompleteMe,C:\Users\Zhifei Chen\Desktop\pysmell\subjects_for_metrics\YouCompleteMe\third_party\pythonfutures\concurrent\futures\_base.py,109,2,0,0,0
YouCompleteMe,C:\Users\Zhifei Chen\Desktop\pysmell\subjects_for_metrics\YouCompleteMe\third_party\pythonfutures\concurrent\futures\_base.py,116,3,0,0,0
YouCompleteMe,C:\Users\Zhifei Chen\Desktop\pysmell\subjects_for_metrics\YouCompleteMe\third_party\pythonfutures\concurrent\futures\_base.py,122,1,0,0,0
YouCompleteMe,C:\Users\Zhifei Chen\Desktop\pysmell\subjects_for_metrics\YouCompleteMe\third_party\pythonfutures\concurrent\futures\_base.py,128,2,0,0,0
YouCompleteMe,C:\Users\Zhifei Chen\Desktop\pysmell\subjects_for_metrics\YouCompleteMe\third_party\pythonfutures\concurrent\futures\_base.py,132,2,0,0,0
YouCompleteMe,C:\Users\Zhifei Chen\Desktop\pysmell\subjects_for_metrics\YouCompleteMe\third_party\pythonfutures\concurrent\futures\_base.py,139,2,0,0,0
YouCompleteMe,C:\Users\Zhifei Chen\Desktop\pysmell\subjects_for_metrics\YouCompleteMe\third_party\pythonfutures\concurrent\futures\_base.py,146,2,0,0,0
YouCompleteMe,C:\Users\Zhifei Chen\Desktop\pysmell\subjects_for_metrics\YouCompleteMe\third_party\pythonfutures\concurrent\futures\_base.py,149,1,0,0,0
YouCompleteMe,C:\Users\Zhifei Chen\Desktop\pysmell\subjects_for_metrics\YouCompleteMe\third_party\pythonfutures\concurrent\futures\_base.py,153,2,0,0,0
YouCompleteMe,C:\Users\Zhifei Chen\Desktop\pysmell\subjects_for_metrics\YouCompleteMe\third_party\pythonfutures\concurrent\futures\_base.py,157,2,0,0,0
YouCompleteMe,C:\Users\Zhifei Chen\Desktop\pysmell\subjects_for_metrics\YouCompleteMe\third_party\pythonfutures\concurrent\futures\_base.py,178,1,0,0,0
YouCompleteMe,C:\Users\Zhifei Chen\Desktop\pysmell\subjects_for_metrics\YouCompleteMe\third_party\pythonfutures\concurrent\futures\_base.py,236,1,0,0,0
YouCompleteMe,C:\Users\Zhifei Chen\Desktop\pysmell\subjects_for_metrics\YouCompleteMe\third_party\pythonfutures\concurrent\futures\_base.py,287,1,0,0,0
YouCompleteMe,C:\Users\Zhifei Chen\Desktop\pysmell\subjects_for_metrics\YouCompleteMe\third_party\pythonfutures\concurrent\futures\_base.py,296,1,0,0,0
YouCompleteMe,C:\Users\Zhifei Chen\Desktop\pysmell\subjects_for_metrics\YouCompleteMe\third_party\pythonfutures\concurrent\futures\_base.py,303,1,0,0,0
YouCompleteMe,C:\Users\Zhifei Chen\Desktop\pysmell\subjects_for_metrics\YouCompleteMe\third_party\pythonfutures\concurrent\futures\_base.py,320,1,0,0,0
YouCompleteMe,C:\Users\Zhifei Chen\Desktop\pysmell\subjects_for_metrics\YouCompleteMe\third_party\pythonfutures\concurrent\futures\_base.py,339,1,0,0,0
YouCompleteMe,C:\Users\Zhifei Chen\Desktop\pysmell\subjects_for_metrics\YouCompleteMe\third_party\pythonfutures\concurrent\futures\_base.py,344,1,0,0,0
YouCompleteMe,C:\Users\Zhifei Chen\Desktop\pysmell\subjects_for_metrics\YouCompleteMe\third_party\pythonfutures\concurrent\futures\_base.py,349,1,0,0,0
YouCompleteMe,C:\Users\Zhifei Chen\Desktop\pysmell\subjects_for_metrics\YouCompleteMe\third_party\pythonfutures\concurrent\futures\_base.py,354,1,0,0,0
YouCompleteMe,C:\Users\Zhifei Chen\Desktop\pysmell\subjects_for_metrics\YouCompleteMe\third_party\pythonfutures\concurrent\futures\_base.py,360,2,0,0,0
YouCompleteMe,C:\Users\Zhifei Chen\Desktop\pysmell\subjects_for_metrics\YouCompleteMe\third_party\pythonfutures\concurrent\futures\_base.py,377,1,0,0,0
YouCompleteMe,C:\Users\Zhifei Chen\Desktop\pysmell\subjects_for_metrics\YouCompleteMe\third_party\pythonfutures\concurrent\futures\_base.py,408,1,0,0,0
YouCompleteMe,C:\Users\Zhifei Chen\Desktop\pysmell\subjects_for_metrics\YouCompleteMe\third_party\pythonfutures\concurrent\futures\_base.py,442,1,0,0,0
YouCompleteMe,C:\Users\Zhifei Chen\Desktop\pysmell\subjects_for_metrics\YouCompleteMe\third_party\pythonfutures\concurrent\futures\_base.py,482,2,0,0,0
YouCompleteMe,C:\Users\Zhifei Chen\Desktop\pysmell\subjects_for_metrics\YouCompleteMe\third_party\pythonfutures\concurrent\futures\_base.py,495,2,0,0,0
YouCompleteMe,C:\Users\Zhifei Chen\Desktop\pysmell\subjects_for_metrics\YouCompleteMe\third_party\pythonfutures\concurrent\futures\_base.py,511,4,0,1,0
YouCompleteMe,C:\Users\Zhifei Chen\Desktop\pysmell\subjects_for_metrics\YouCompleteMe\third_party\pythonfutures\concurrent\futures\_base.py,522,4,0,1,0
YouCompleteMe,C:\Users\Zhifei Chen\Desktop\pysmell\subjects_for_metrics\YouCompleteMe\third_party\pythonfutures\concurrent\futures\_base.py,556,1,0,0,0
YouCompleteMe,C:\Users\Zhifei Chen\Desktop\pysmell\subjects_for_metrics\YouCompleteMe\third_party\pythonfutures\concurrent\futures\_base.py,569,1,0,0,0
YouCompleteMe,C:\Users\Zhifei Chen\Desktop\pysmell\subjects_for_metrics\YouCompleteMe\third_party\pythonfutures\concurrent\futures\_base.py,572,4,0,1,0
YouCompleteMe,C:\Users\Zhifei Chen\Desktop\pysmell\subjects_for_metrics\YouCompleteMe\third_party\pythonfutures\concurrent\futures\_compat.py,6,2,0,0,0
YouCompleteMe,C:\Users\Zhifei Chen\Desktop\pysmell\subjects_for_metrics\YouCompleteMe\third_party\retries\retries.py,29,3,0,0,0
YouCompleteMe,C:\Users\Zhifei Chen\Desktop\pysmell\subjects_for_metrics\YouCompleteMe\third_party\retries\retries.py,38,2,0,0,0
YouCompleteMe,C:\Users\Zhifei Chen\Desktop\pysmell\subjects_for_metrics\YouCompleteMe\third_party\retries\retries.py,61,1,0,0,0
YouCompleteMe,C:\Users\Zhifei Chen\Desktop\pysmell\subjects_for_metrics\YouCompleteMe\third_party\retries\retries.py,62,2,0,0,0
