subject,file,lineno,LMC,experience-based,statistics-based,tuning machine
YouCompleteMe,C:\Users\Zhifei Chen\Desktop\pysmell\subjects_for_metrics\YouCompleteMe\run_tests.py,18,2,0,0,0
YouCompleteMe,C:\Users\Zhifei Chen\Desktop\pysmell\subjects_for_metrics\YouCompleteMe\run_tests.py,20,2,0,0,0
YouCompleteMe,C:\Users\Zhifei Chen\Desktop\pysmell\subjects_for_metrics\YouCompleteMe\run_tests.py,22,2,0,0,0
YouCompleteMe,C:\Users\Zhifei Chen\Desktop\pysmell\subjects_for_metrics\YouCompleteMe\python\ycm\diagnostic_interface.py,65,3,0,0,0
YouCompleteMe,C:\Users\Zhifei Chen\Desktop\pysmell\subjects_for_metrics\YouCompleteMe\python\ycm\diagnostic_interface.py,84,3,0,0,0
YouCompleteMe,C:\Users\Zhifei Chen\Desktop\pysmell\subjects_for_metrics\YouCompleteMe\python\ycm\diagnostic_interface.py,128,3,0,0,0
YouCompleteMe,C:\Users\Zhifei Chen\Desktop\pysmell\subjects_for_metrics\YouCompleteMe\python\ycm\diagnostic_interface.py,141,3,0,0,0
YouCompleteMe,C:\Users\Zhifei Chen\Desktop\pysmell\subjects_for_metrics\YouCompleteMe\python\ycm\paths.py,25,2,0,0,0
YouCompleteMe,C:\Users\Zhifei Chen\Desktop\pysmell\subjects_for_metrics\YouCompleteMe\python\ycm\paths.py,25,2,0,0,0
YouCompleteMe,C:\Users\Zhifei Chen\Desktop\pysmell\subjects_for_metrics\YouCompleteMe\python\ycm\paths.py,62,2,0,0,0
YouCompleteMe,C:\Users\Zhifei Chen\Desktop\pysmell\subjects_for_metrics\YouCompleteMe\python\ycm\paths.py,64,2,0,0,0
YouCompleteMe,C:\Users\Zhifei Chen\Desktop\pysmell\subjects_for_metrics\YouCompleteMe\python\ycm\paths.py,71,2,0,0,0
YouCompleteMe,C:\Users\Zhifei Chen\Desktop\pysmell\subjects_for_metrics\YouCompleteMe\python\ycm\paths.py,76,2,0,0,0
YouCompleteMe,C:\Users\Zhifei Chen\Desktop\pysmell\subjects_for_metrics\YouCompleteMe\python\ycm\syntax_parse.py,128,2,0,0,0
YouCompleteMe,C:\Users\Zhifei Chen\Desktop\pysmell\subjects_for_metrics\YouCompleteMe\python\ycm\syntax_parse.py,139,2,0,0,0
YouCompleteMe,C:\Users\Zhifei Chen\Desktop\pysmell\subjects_for_metrics\YouCompleteMe\python\ycm\syntax_parse.py,187,2,0,0,0
YouCompleteMe,C:\Users\Zhifei Chen\Desktop\pysmell\subjects_for_metrics\YouCompleteMe\python\ycm\unsafe_thread_pool_executor.py,39,2,0,0,0
YouCompleteMe,C:\Users\Zhifei Chen\Desktop\pysmell\subjects_for_metrics\YouCompleteMe\python\ycm\unsafe_thread_pool_executor.py,91,2,0,0,0
YouCompleteMe,C:\Users\Zhifei Chen\Desktop\pysmell\subjects_for_metrics\YouCompleteMe\python\ycm\unsafe_thread_pool_executor.py,94,3,0,0,0
YouCompleteMe,C:\Users\Zhifei Chen\Desktop\pysmell\subjects_for_metrics\YouCompleteMe\python\ycm\unsafe_thread_pool_executor.py,109,2,0,0,0
YouCompleteMe,C:\Users\Zhifei Chen\Desktop\pysmell\subjects_for_metrics\YouCompleteMe\python\ycm\unsafe_thread_pool_executor.py,114,2,0,0,0
YouCompleteMe,C:\Users\Zhifei Chen\Desktop\pysmell\subjects_for_metrics\YouCompleteMe\python\ycm\unsafe_thread_pool_executor.py,118,3,0,0,0
YouCompleteMe,C:\Users\Zhifei Chen\Desktop\pysmell\subjects_for_metrics\YouCompleteMe\python\ycm\vimsupport.py,37,3,0,0,0
YouCompleteMe,C:\Users\Zhifei Chen\Desktop\pysmell\subjects_for_metrics\YouCompleteMe\python\ycm\vimsupport.py,52,3,0,0,0
YouCompleteMe,C:\Users\Zhifei Chen\Desktop\pysmell\subjects_for_metrics\YouCompleteMe\python\ycm\vimsupport.py,56,2,0,0,0
YouCompleteMe,C:\Users\Zhifei Chen\Desktop\pysmell\subjects_for_metrics\YouCompleteMe\python\ycm\vimsupport.py,61,2,0,0,0
YouCompleteMe,C:\Users\Zhifei Chen\Desktop\pysmell\subjects_for_metrics\YouCompleteMe\python\ycm\vimsupport.py,66,2,0,0,0
YouCompleteMe,C:\Users\Zhifei Chen\Desktop\pysmell\subjects_for_metrics\YouCompleteMe\python\ycm\vimsupport.py,106,2,0,0,0
YouCompleteMe,C:\Users\Zhifei Chen\Desktop\pysmell\subjects_for_metrics\YouCompleteMe\python\ycm\vimsupport.py,120,2,0,0,0
YouCompleteMe,C:\Users\Zhifei Chen\Desktop\pysmell\subjects_for_metrics\YouCompleteMe\python\ycm\vimsupport.py,125,2,0,0,0
YouCompleteMe,C:\Users\Zhifei Chen\Desktop\pysmell\subjects_for_metrics\YouCompleteMe\python\ycm\vimsupport.py,145,2,0,0,0
YouCompleteMe,C:\Users\Zhifei Chen\Desktop\pysmell\subjects_for_metrics\YouCompleteMe\python\ycm\vimsupport.py,225,2,0,0,0
YouCompleteMe,C:\Users\Zhifei Chen\Desktop\pysmell\subjects_for_metrics\YouCompleteMe\python\ycm\vimsupport.py,229,2,0,0,0
YouCompleteMe,C:\Users\Zhifei Chen\Desktop\pysmell\subjects_for_metrics\YouCompleteMe\python\ycm\vimsupport.py,318,2,0,0,0
YouCompleteMe,C:\Users\Zhifei Chen\Desktop\pysmell\subjects_for_metrics\YouCompleteMe\python\ycm\vimsupport.py,322,2,0,0,0
YouCompleteMe,C:\Users\Zhifei Chen\Desktop\pysmell\subjects_for_metrics\YouCompleteMe\python\ycm\vimsupport.py,323,2,0,0,0
YouCompleteMe,C:\Users\Zhifei Chen\Desktop\pysmell\subjects_for_metrics\YouCompleteMe\python\ycm\vimsupport.py,324,2,0,0,0
YouCompleteMe,C:\Users\Zhifei Chen\Desktop\pysmell\subjects_for_metrics\YouCompleteMe\python\ycm\vimsupport.py,325,3,0,0,0
YouCompleteMe,C:\Users\Zhifei Chen\Desktop\pysmell\subjects_for_metrics\YouCompleteMe\python\ycm\vimsupport.py,337,2,0,0,0
YouCompleteMe,C:\Users\Zhifei Chen\Desktop\pysmell\subjects_for_metrics\YouCompleteMe\python\ycm\vimsupport.py,377,3,0,0,0
YouCompleteMe,C:\Users\Zhifei Chen\Desktop\pysmell\subjects_for_metrics\YouCompleteMe\python\ycm\vimsupport.py,495,2,0,0,0
YouCompleteMe,C:\Users\Zhifei Chen\Desktop\pysmell\subjects_for_metrics\YouCompleteMe\python\ycm\vimsupport.py,593,2,0,0,0
YouCompleteMe,C:\Users\Zhifei Chen\Desktop\pysmell\subjects_for_metrics\YouCompleteMe\python\ycm\vimsupport.py,605,3,0,0,0
YouCompleteMe,C:\Users\Zhifei Chen\Desktop\pysmell\subjects_for_metrics\YouCompleteMe\python\ycm\vimsupport.py,636,3,0,0,0
YouCompleteMe,C:\Users\Zhifei Chen\Desktop\pysmell\subjects_for_metrics\YouCompleteMe\python\ycm\vimsupport.py,637,3,0,0,0
YouCompleteMe,C:\Users\Zhifei Chen\Desktop\pysmell\subjects_for_metrics\YouCompleteMe\python\ycm\vimsupport.py,639,2,0,0,0
YouCompleteMe,C:\Users\Zhifei Chen\Desktop\pysmell\subjects_for_metrics\YouCompleteMe\python\ycm\vimsupport.py,641,3,0,0,0
YouCompleteMe,C:\Users\Zhifei Chen\Desktop\pysmell\subjects_for_metrics\YouCompleteMe\python\ycm\vimsupport.py,642,3,0,0,0
YouCompleteMe,C:\Users\Zhifei Chen\Desktop\pysmell\subjects_for_metrics\YouCompleteMe\python\ycm\vimsupport.py,643,3,0,0,0
YouCompleteMe,C:\Users\Zhifei Chen\Desktop\pysmell\subjects_for_metrics\YouCompleteMe\python\ycm\vimsupport.py,644,3,0,0,0
YouCompleteMe,C:\Users\Zhifei Chen\Desktop\pysmell\subjects_for_metrics\YouCompleteMe\python\ycm\vimsupport.py,648,3,0,0,0
YouCompleteMe,C:\Users\Zhifei Chen\Desktop\pysmell\subjects_for_metrics\YouCompleteMe\python\ycm\youcompleteme.py,52,2,0,0,0
YouCompleteMe,C:\Users\Zhifei Chen\Desktop\pysmell\subjects_for_metrics\YouCompleteMe\python\ycm\youcompleteme.py,100,2,0,0,0
YouCompleteMe,C:\Users\Zhifei Chen\Desktop\pysmell\subjects_for_metrics\YouCompleteMe\python\ycm\youcompleteme.py,125,2,0,0,0
YouCompleteMe,C:\Users\Zhifei Chen\Desktop\pysmell\subjects_for_metrics\YouCompleteMe\python\ycm\youcompleteme.py,146,2,0,0,0
YouCompleteMe,C:\Users\Zhifei Chen\Desktop\pysmell\subjects_for_metrics\YouCompleteMe\python\ycm\youcompleteme.py,171,2,0,0,0
YouCompleteMe,C:\Users\Zhifei Chen\Desktop\pysmell\subjects_for_metrics\YouCompleteMe\python\ycm\youcompleteme.py,176,2,0,0,0
YouCompleteMe,C:\Users\Zhifei Chen\Desktop\pysmell\subjects_for_metrics\YouCompleteMe\python\ycm\youcompleteme.py,191,2,0,0,0
YouCompleteMe,C:\Users\Zhifei Chen\Desktop\pysmell\subjects_for_metrics\YouCompleteMe\python\ycm\youcompleteme.py,252,2,0,0,0
YouCompleteMe,C:\Users\Zhifei Chen\Desktop\pysmell\subjects_for_metrics\YouCompleteMe\python\ycm\youcompleteme.py,264,2,0,0,0
YouCompleteMe,C:\Users\Zhifei Chen\Desktop\pysmell\subjects_for_metrics\YouCompleteMe\python\ycm\youcompleteme.py,289,2,0,0,0
YouCompleteMe,C:\Users\Zhifei Chen\Desktop\pysmell\subjects_for_metrics\YouCompleteMe\python\ycm\youcompleteme.py,310,2,0,0,0
YouCompleteMe,C:\Users\Zhifei Chen\Desktop\pysmell\subjects_for_metrics\YouCompleteMe\python\ycm\youcompleteme.py,457,2,0,0,0
YouCompleteMe,C:\Users\Zhifei Chen\Desktop\pysmell\subjects_for_metrics\YouCompleteMe\python\ycm\youcompleteme.py,462,2,0,0,0
YouCompleteMe,C:\Users\Zhifei Chen\Desktop\pysmell\subjects_for_metrics\YouCompleteMe\python\ycm\youcompleteme.py,478,2,0,0,0
YouCompleteMe,C:\Users\Zhifei Chen\Desktop\pysmell\subjects_for_metrics\YouCompleteMe\python\ycm\youcompleteme.py,502,2,0,0,0
YouCompleteMe,C:\Users\Zhifei Chen\Desktop\pysmell\subjects_for_metrics\YouCompleteMe\python\ycm\youcompleteme.py,528,2,0,0,0
YouCompleteMe,C:\Users\Zhifei Chen\Desktop\pysmell\subjects_for_metrics\YouCompleteMe\python\ycm\youcompleteme.py,541,2,0,0,0
YouCompleteMe,C:\Users\Zhifei Chen\Desktop\pysmell\subjects_for_metrics\YouCompleteMe\python\ycm\client\base_request.py,95,2,0,0,0
YouCompleteMe,C:\Users\Zhifei Chen\Desktop\pysmell\subjects_for_metrics\YouCompleteMe\python\ycm\client\base_request.py,103,2,0,0,0
YouCompleteMe,C:\Users\Zhifei Chen\Desktop\pysmell\subjects_for_metrics\YouCompleteMe\python\ycm\client\base_request.py,165,2,0,0,0
YouCompleteMe,C:\Users\Zhifei Chen\Desktop\pysmell\subjects_for_metrics\YouCompleteMe\python\ycm\client\completion_request.py,41,2,0,0,0
YouCompleteMe,C:\Users\Zhifei Chen\Desktop\pysmell\subjects_for_metrics\YouCompleteMe\python\ycm\client\event_notification.py,45,2,0,0,0
YouCompleteMe,C:\Users\Zhifei Chen\Desktop\pysmell\subjects_for_metrics\YouCompleteMe\python\ycm\client\omni_completion_request.py,30,2,0,0,0
YouCompleteMe,C:\Users\Zhifei Chen\Desktop\pysmell\subjects_for_metrics\YouCompleteMe\python\ycm\client\ycmd_keepalive.py,31,2,0,0,0
YouCompleteMe,C:\Users\Zhifei Chen\Desktop\pysmell\subjects_for_metrics\YouCompleteMe\python\ycm\client\ycmd_keepalive.py,36,2,0,0,0
YouCompleteMe,C:\Users\Zhifei Chen\Desktop\pysmell\subjects_for_metrics\YouCompleteMe\python\ycm\tests\postcomplete_tests.py,242,2,0,0,0
YouCompleteMe,C:\Users\Zhifei Chen\Desktop\pysmell\subjects_for_metrics\YouCompleteMe\python\ycm\tests\postcomplete_tests.py,320,2,0,0,0
YouCompleteMe,C:\Users\Zhifei Chen\Desktop\pysmell\subjects_for_metrics\YouCompleteMe\python\ycm\tests\postcomplete_tests.py,329,2,0,0,0
YouCompleteMe,C:\Users\Zhifei Chen\Desktop\pysmell\subjects_for_metrics\YouCompleteMe\python\ycm\tests\postcomplete_tests.py,339,2,0,0,0
YouCompleteMe,C:\Users\Zhifei Chen\Desktop\pysmell\subjects_for_metrics\YouCompleteMe\python\ycm\tests\postcomplete_tests.py,353,2,0,0,0
YouCompleteMe,C:\Users\Zhifei Chen\Desktop\pysmell\subjects_for_metrics\YouCompleteMe\python\ycm\tests\syntax_parse_test.py,30,2,0,0,0
YouCompleteMe,C:\Users\Zhifei Chen\Desktop\pysmell\subjects_for_metrics\YouCompleteMe\python\ycm\tests\syntax_parse_test.py,30,2,0,0,0
YouCompleteMe,C:\Users\Zhifei Chen\Desktop\pysmell\subjects_for_metrics\YouCompleteMe\python\ycm\tests\syntax_parse_test.py,31,2,0,0,0
YouCompleteMe,C:\Users\Zhifei Chen\Desktop\pysmell\subjects_for_metrics\YouCompleteMe\python\ycm\tests\vimsupport_test.py,596,3,0,0,0
YouCompleteMe,C:\Users\Zhifei Chen\Desktop\pysmell\subjects_for_metrics\YouCompleteMe\python\ycm\tests\vimsupport_test.py,606,3,0,0,0
YouCompleteMe,C:\Users\Zhifei Chen\Desktop\pysmell\subjects_for_metrics\YouCompleteMe\python\ycm\tests\vimsupport_test.py,609,4,0,1,1
YouCompleteMe,C:\Users\Zhifei Chen\Desktop\pysmell\subjects_for_metrics\YouCompleteMe\python\ycm\tests\vimsupport_test.py,621,3,0,0,0
YouCompleteMe,C:\Users\Zhifei Chen\Desktop\pysmell\subjects_for_metrics\YouCompleteMe\python\ycm\tests\vimsupport_test.py,624,3,0,0,0
YouCompleteMe,C:\Users\Zhifei Chen\Desktop\pysmell\subjects_for_metrics\YouCompleteMe\python\ycm\tests\vimsupport_test.py,632,3,0,0,0
YouCompleteMe,C:\Users\Zhifei Chen\Desktop\pysmell\subjects_for_metrics\YouCompleteMe\python\ycm\tests\vimsupport_test.py,643,3,0,0,0
YouCompleteMe,C:\Users\Zhifei Chen\Desktop\pysmell\subjects_for_metrics\YouCompleteMe\python\ycm\tests\vimsupport_test.py,644,4,0,1,1
YouCompleteMe,C:\Users\Zhifei Chen\Desktop\pysmell\subjects_for_metrics\YouCompleteMe\python\ycm\tests\vimsupport_test.py,654,3,0,0,0
YouCompleteMe,C:\Users\Zhifei Chen\Desktop\pysmell\subjects_for_metrics\YouCompleteMe\python\ycm\tests\vimsupport_test.py,666,3,0,0,0
YouCompleteMe,C:\Users\Zhifei Chen\Desktop\pysmell\subjects_for_metrics\YouCompleteMe\python\ycm\tests\vimsupport_test.py,667,4,0,1,1
YouCompleteMe,C:\Users\Zhifei Chen\Desktop\pysmell\subjects_for_metrics\YouCompleteMe\third_party\pythonfutures\crawl.py,67,2,0,0,0
YouCompleteMe,C:\Users\Zhifei Chen\Desktop\pysmell\subjects_for_metrics\YouCompleteMe\third_party\pythonfutures\crawl.py,70,2,0,0,0
YouCompleteMe,C:\Users\Zhifei Chen\Desktop\pysmell\subjects_for_metrics\YouCompleteMe\third_party\pythonfutures\primes.py,42,2,0,0,0
YouCompleteMe,C:\Users\Zhifei Chen\Desktop\pysmell\subjects_for_metrics\YouCompleteMe\third_party\pythonfutures\primes.py,45,2,0,0,0
YouCompleteMe,C:\Users\Zhifei Chen\Desktop\pysmell\subjects_for_metrics\YouCompleteMe\third_party\pythonfutures\primes.py,47,2,0,0,0
YouCompleteMe,C:\Users\Zhifei Chen\Desktop\pysmell\subjects_for_metrics\YouCompleteMe\third_party\pythonfutures\test_futures.py,59,2,0,0,0
YouCompleteMe,C:\Users\Zhifei Chen\Desktop\pysmell\subjects_for_metrics\YouCompleteMe\third_party\pythonfutures\test_futures.py,73,2,0,0,0
YouCompleteMe,C:\Users\Zhifei Chen\Desktop\pysmell\subjects_for_metrics\YouCompleteMe\third_party\pythonfutures\test_futures.py,74,2,0,0,0
YouCompleteMe,C:\Users\Zhifei Chen\Desktop\pysmell\subjects_for_metrics\YouCompleteMe\third_party\pythonfutures\test_futures.py,109,2,0,0,0
YouCompleteMe,C:\Users\Zhifei Chen\Desktop\pysmell\subjects_for_metrics\YouCompleteMe\third_party\pythonfutures\test_futures.py,114,2,0,0,0
YouCompleteMe,C:\Users\Zhifei Chen\Desktop\pysmell\subjects_for_metrics\YouCompleteMe\third_party\pythonfutures\test_futures.py,144,2,0,0,0
YouCompleteMe,C:\Users\Zhifei Chen\Desktop\pysmell\subjects_for_metrics\YouCompleteMe\third_party\pythonfutures\test_futures.py,160,2,0,0,0
YouCompleteMe,C:\Users\Zhifei Chen\Desktop\pysmell\subjects_for_metrics\YouCompleteMe\third_party\pythonfutures\test_futures.py,169,2,0,0,0
YouCompleteMe,C:\Users\Zhifei Chen\Desktop\pysmell\subjects_for_metrics\YouCompleteMe\third_party\pythonfutures\test_futures.py,186,2,0,0,0
YouCompleteMe,C:\Users\Zhifei Chen\Desktop\pysmell\subjects_for_metrics\YouCompleteMe\third_party\pythonfutures\test_futures.py,188,2,0,0,0
YouCompleteMe,C:\Users\Zhifei Chen\Desktop\pysmell\subjects_for_metrics\YouCompleteMe\third_party\pythonfutures\test_futures.py,199,2,0,0,0
YouCompleteMe,C:\Users\Zhifei Chen\Desktop\pysmell\subjects_for_metrics\YouCompleteMe\third_party\pythonfutures\test_futures.py,199,2,0,0,0
YouCompleteMe,C:\Users\Zhifei Chen\Desktop\pysmell\subjects_for_metrics\YouCompleteMe\third_party\pythonfutures\test_futures.py,206,2,0,0,0
YouCompleteMe,C:\Users\Zhifei Chen\Desktop\pysmell\subjects_for_metrics\YouCompleteMe\third_party\pythonfutures\test_futures.py,207,2,0,0,0
YouCompleteMe,C:\Users\Zhifei Chen\Desktop\pysmell\subjects_for_metrics\YouCompleteMe\third_party\pythonfutures\test_futures.py,217,2,0,0,0
YouCompleteMe,C:\Users\Zhifei Chen\Desktop\pysmell\subjects_for_metrics\YouCompleteMe\third_party\pythonfutures\test_futures.py,218,2,0,0,0
YouCompleteMe,C:\Users\Zhifei Chen\Desktop\pysmell\subjects_for_metrics\YouCompleteMe\third_party\pythonfutures\test_futures.py,219,2,0,0,0
YouCompleteMe,C:\Users\Zhifei Chen\Desktop\pysmell\subjects_for_metrics\YouCompleteMe\third_party\pythonfutures\test_futures.py,220,2,0,0,0
YouCompleteMe,C:\Users\Zhifei Chen\Desktop\pysmell\subjects_for_metrics\YouCompleteMe\third_party\pythonfutures\test_futures.py,221,2,0,0,0
YouCompleteMe,C:\Users\Zhifei Chen\Desktop\pysmell\subjects_for_metrics\YouCompleteMe\third_party\pythonfutures\test_futures.py,222,2,0,0,0
YouCompleteMe,C:\Users\Zhifei Chen\Desktop\pysmell\subjects_for_metrics\YouCompleteMe\third_party\pythonfutures\test_futures.py,249,2,0,0,0
YouCompleteMe,C:\Users\Zhifei Chen\Desktop\pysmell\subjects_for_metrics\YouCompleteMe\third_party\pythonfutures\test_futures.py,250,2,0,0,0
YouCompleteMe,C:\Users\Zhifei Chen\Desktop\pysmell\subjects_for_metrics\YouCompleteMe\third_party\pythonfutures\test_futures.py,251,2,0,0,0
YouCompleteMe,C:\Users\Zhifei Chen\Desktop\pysmell\subjects_for_metrics\YouCompleteMe\third_party\pythonfutures\test_futures.py,252,2,0,0,0
YouCompleteMe,C:\Users\Zhifei Chen\Desktop\pysmell\subjects_for_metrics\YouCompleteMe\third_party\pythonfutures\test_futures.py,253,2,0,0,0
YouCompleteMe,C:\Users\Zhifei Chen\Desktop\pysmell\subjects_for_metrics\YouCompleteMe\third_party\pythonfutures\test_futures.py,254,2,0,0,0
YouCompleteMe,C:\Users\Zhifei Chen\Desktop\pysmell\subjects_for_metrics\YouCompleteMe\third_party\pythonfutures\test_futures.py,283,2,0,0,0
YouCompleteMe,C:\Users\Zhifei Chen\Desktop\pysmell\subjects_for_metrics\YouCompleteMe\third_party\pythonfutures\test_futures.py,284,2,0,0,0
YouCompleteMe,C:\Users\Zhifei Chen\Desktop\pysmell\subjects_for_metrics\YouCompleteMe\third_party\pythonfutures\test_futures.py,294,2,0,0,0
YouCompleteMe,C:\Users\Zhifei Chen\Desktop\pysmell\subjects_for_metrics\YouCompleteMe\third_party\pythonfutures\test_futures.py,306,2,0,0,0
YouCompleteMe,C:\Users\Zhifei Chen\Desktop\pysmell\subjects_for_metrics\YouCompleteMe\third_party\pythonfutures\test_futures.py,307,2,0,0,0
YouCompleteMe,C:\Users\Zhifei Chen\Desktop\pysmell\subjects_for_metrics\YouCompleteMe\third_party\pythonfutures\test_futures.py,308,2,0,0,0
YouCompleteMe,C:\Users\Zhifei Chen\Desktop\pysmell\subjects_for_metrics\YouCompleteMe\third_party\pythonfutures\test_futures.py,318,2,0,0,0
YouCompleteMe,C:\Users\Zhifei Chen\Desktop\pysmell\subjects_for_metrics\YouCompleteMe\third_party\pythonfutures\test_futures.py,319,2,0,0,0
YouCompleteMe,C:\Users\Zhifei Chen\Desktop\pysmell\subjects_for_metrics\YouCompleteMe\third_party\pythonfutures\test_futures.py,334,2,0,0,0
YouCompleteMe,C:\Users\Zhifei Chen\Desktop\pysmell\subjects_for_metrics\YouCompleteMe\third_party\pythonfutures\test_futures.py,344,2,0,0,0
YouCompleteMe,C:\Users\Zhifei Chen\Desktop\pysmell\subjects_for_metrics\YouCompleteMe\third_party\pythonfutures\test_futures.py,345,2,0,0,0
YouCompleteMe,C:\Users\Zhifei Chen\Desktop\pysmell\subjects_for_metrics\YouCompleteMe\third_party\pythonfutures\test_futures.py,363,2,0,0,0
YouCompleteMe,C:\Users\Zhifei Chen\Desktop\pysmell\subjects_for_metrics\YouCompleteMe\third_party\pythonfutures\test_futures.py,364,2,0,0,0
YouCompleteMe,C:\Users\Zhifei Chen\Desktop\pysmell\subjects_for_metrics\YouCompleteMe\third_party\pythonfutures\test_futures.py,392,2,0,0,0
YouCompleteMe,C:\Users\Zhifei Chen\Desktop\pysmell\subjects_for_metrics\YouCompleteMe\third_party\pythonfutures\test_futures.py,406,2,0,0,0
YouCompleteMe,C:\Users\Zhifei Chen\Desktop\pysmell\subjects_for_metrics\YouCompleteMe\third_party\pythonfutures\test_futures.py,407,2,0,0,0
YouCompleteMe,C:\Users\Zhifei Chen\Desktop\pysmell\subjects_for_metrics\YouCompleteMe\third_party\pythonfutures\test_futures.py,422,2,0,0,0
YouCompleteMe,C:\Users\Zhifei Chen\Desktop\pysmell\subjects_for_metrics\YouCompleteMe\third_party\pythonfutures\test_futures.py,453,2,0,0,0
YouCompleteMe,C:\Users\Zhifei Chen\Desktop\pysmell\subjects_for_metrics\YouCompleteMe\third_party\pythonfutures\test_futures.py,457,2,0,0,0
YouCompleteMe,C:\Users\Zhifei Chen\Desktop\pysmell\subjects_for_metrics\YouCompleteMe\third_party\pythonfutures\test_futures.py,462,2,0,0,0
YouCompleteMe,C:\Users\Zhifei Chen\Desktop\pysmell\subjects_for_metrics\YouCompleteMe\third_party\pythonfutures\test_futures.py,466,2,0,0,0
YouCompleteMe,C:\Users\Zhifei Chen\Desktop\pysmell\subjects_for_metrics\YouCompleteMe\third_party\pythonfutures\test_futures.py,699,2,0,0,0
YouCompleteMe,C:\Users\Zhifei Chen\Desktop\pysmell\subjects_for_metrics\YouCompleteMe\third_party\pythonfutures\concurrent\futures\process.py,220,2,0,0,0
YouCompleteMe,C:\Users\Zhifei Chen\Desktop\pysmell\subjects_for_metrics\YouCompleteMe\third_party\pythonfutures\concurrent\futures\process.py,222,2,0,0,0
YouCompleteMe,C:\Users\Zhifei Chen\Desktop\pysmell\subjects_for_metrics\YouCompleteMe\third_party\pythonfutures\concurrent\futures\process.py,315,2,0,0,0
YouCompleteMe,C:\Users\Zhifei Chen\Desktop\pysmell\subjects_for_metrics\YouCompleteMe\third_party\pythonfutures\concurrent\futures\process.py,316,2,0,0,0
YouCompleteMe,C:\Users\Zhifei Chen\Desktop\pysmell\subjects_for_metrics\YouCompleteMe\third_party\pythonfutures\concurrent\futures\process.py,326,2,0,0,0
YouCompleteMe,C:\Users\Zhifei Chen\Desktop\pysmell\subjects_for_metrics\YouCompleteMe\third_party\pythonfutures\concurrent\futures\process.py,337,2,0,0,0
YouCompleteMe,C:\Users\Zhifei Chen\Desktop\pysmell\subjects_for_metrics\YouCompleteMe\third_party\pythonfutures\concurrent\futures\process.py,340,2,0,0,0
YouCompleteMe,C:\Users\Zhifei Chen\Desktop\pysmell\subjects_for_metrics\YouCompleteMe\third_party\pythonfutures\concurrent\futures\process.py,345,3,0,0,0
YouCompleteMe,C:\Users\Zhifei Chen\Desktop\pysmell\subjects_for_metrics\YouCompleteMe\third_party\pythonfutures\concurrent\futures\process.py,352,2,0,0,0
YouCompleteMe,C:\Users\Zhifei Chen\Desktop\pysmell\subjects_for_metrics\YouCompleteMe\third_party\pythonfutures\concurrent\futures\process.py,354,2,0,0,0
YouCompleteMe,C:\Users\Zhifei Chen\Desktop\pysmell\subjects_for_metrics\YouCompleteMe\third_party\pythonfutures\concurrent\futures\process.py,361,3,0,0,0
YouCompleteMe,C:\Users\Zhifei Chen\Desktop\pysmell\subjects_for_metrics\YouCompleteMe\third_party\pythonfutures\concurrent\futures\thread.py,57,2,0,0,0
YouCompleteMe,C:\Users\Zhifei Chen\Desktop\pysmell\subjects_for_metrics\YouCompleteMe\third_party\pythonfutures\concurrent\futures\thread.py,110,2,0,0,0
YouCompleteMe,C:\Users\Zhifei Chen\Desktop\pysmell\subjects_for_metrics\YouCompleteMe\third_party\pythonfutures\concurrent\futures\thread.py,113,3,0,0,0
YouCompleteMe,C:\Users\Zhifei Chen\Desktop\pysmell\subjects_for_metrics\YouCompleteMe\third_party\pythonfutures\concurrent\futures\thread.py,128,2,0,0,0
YouCompleteMe,C:\Users\Zhifei Chen\Desktop\pysmell\subjects_for_metrics\YouCompleteMe\third_party\pythonfutures\concurrent\futures\thread.py,134,2,0,0,0
YouCompleteMe,C:\Users\Zhifei Chen\Desktop\pysmell\subjects_for_metrics\YouCompleteMe\third_party\pythonfutures\concurrent\futures\thread.py,138,3,0,0,0
YouCompleteMe,C:\Users\Zhifei Chen\Desktop\pysmell\subjects_for_metrics\YouCompleteMe\third_party\pythonfutures\concurrent\futures\_base.py,68,2,0,0,0
YouCompleteMe,C:\Users\Zhifei Chen\Desktop\pysmell\subjects_for_metrics\YouCompleteMe\third_party\pythonfutures\concurrent\futures\_base.py,71,2,0,0,0
YouCompleteMe,C:\Users\Zhifei Chen\Desktop\pysmell\subjects_for_metrics\YouCompleteMe\third_party\pythonfutures\concurrent\futures\_base.py,74,2,0,0,0
YouCompleteMe,C:\Users\Zhifei Chen\Desktop\pysmell\subjects_for_metrics\YouCompleteMe\third_party\pythonfutures\concurrent\futures\_base.py,86,2,0,0,0
YouCompleteMe,C:\Users\Zhifei Chen\Desktop\pysmell\subjects_for_metrics\YouCompleteMe\third_party\pythonfutures\concurrent\futures\_base.py,91,2,0,0,0
YouCompleteMe,C:\Users\Zhifei Chen\Desktop\pysmell\subjects_for_metrics\YouCompleteMe\third_party\pythonfutures\concurrent\futures\_base.py,96,2,0,0,0
YouCompleteMe,C:\Users\Zhifei Chen\Desktop\pysmell\subjects_for_metrics\YouCompleteMe\third_party\pythonfutures\concurrent\futures\_base.py,103,2,0,0,0
YouCompleteMe,C:\Users\Zhifei Chen\Desktop\pysmell\subjects_for_metrics\YouCompleteMe\third_party\pythonfutures\concurrent\futures\_base.py,107,2,0,0,0
YouCompleteMe,C:\Users\Zhifei Chen\Desktop\pysmell\subjects_for_metrics\YouCompleteMe\third_party\pythonfutures\concurrent\futures\_base.py,111,2,0,0,0
YouCompleteMe,C:\Users\Zhifei Chen\Desktop\pysmell\subjects_for_metrics\YouCompleteMe\third_party\pythonfutures\concurrent\futures\_base.py,126,2,0,0,0
YouCompleteMe,C:\Users\Zhifei Chen\Desktop\pysmell\subjects_for_metrics\YouCompleteMe\third_party\pythonfutures\concurrent\futures\_base.py,135,2,0,0,0
YouCompleteMe,C:\Users\Zhifei Chen\Desktop\pysmell\subjects_for_metrics\YouCompleteMe\third_party\pythonfutures\concurrent\futures\_base.py,151,2,0,0,0
YouCompleteMe,C:\Users\Zhifei Chen\Desktop\pysmell\subjects_for_metrics\YouCompleteMe\third_party\pythonfutures\concurrent\futures\_base.py,155,2,0,0,0
YouCompleteMe,C:\Users\Zhifei Chen\Desktop\pysmell\subjects_for_metrics\YouCompleteMe\third_party\pythonfutures\concurrent\futures\_base.py,174,2,0,0,0
YouCompleteMe,C:\Users\Zhifei Chen\Desktop\pysmell\subjects_for_metrics\YouCompleteMe\third_party\pythonfutures\concurrent\futures\_base.py,219,2,0,0,0
YouCompleteMe,C:\Users\Zhifei Chen\Desktop\pysmell\subjects_for_metrics\YouCompleteMe\third_party\pythonfutures\concurrent\futures\_base.py,224,2,0,0,0
YouCompleteMe,C:\Users\Zhifei Chen\Desktop\pysmell\subjects_for_metrics\YouCompleteMe\third_party\pythonfutures\concurrent\futures\_base.py,232,2,0,0,0
YouCompleteMe,C:\Users\Zhifei Chen\Desktop\pysmell\subjects_for_metrics\YouCompleteMe\third_party\pythonfutures\concurrent\futures\_base.py,277,2,0,0,0
YouCompleteMe,C:\Users\Zhifei Chen\Desktop\pysmell\subjects_for_metrics\YouCompleteMe\third_party\pythonfutures\concurrent\futures\_base.py,279,2,0,0,0
YouCompleteMe,C:\Users\Zhifei Chen\Desktop\pysmell\subjects_for_metrics\YouCompleteMe\third_party\pythonfutures\concurrent\futures\_base.py,310,3,0,0,0
YouCompleteMe,C:\Users\Zhifei Chen\Desktop\pysmell\subjects_for_metrics\YouCompleteMe\third_party\pythonfutures\concurrent\futures\_base.py,315,3,0,0,0
YouCompleteMe,C:\Users\Zhifei Chen\Desktop\pysmell\subjects_for_metrics\YouCompleteMe\third_party\pythonfutures\concurrent\futures\_base.py,334,2,0,0,0
YouCompleteMe,C:\Users\Zhifei Chen\Desktop\pysmell\subjects_for_metrics\YouCompleteMe\third_party\pythonfutures\concurrent\futures\_base.py,373,2,0,0,0
YouCompleteMe,C:\Users\Zhifei Chen\Desktop\pysmell\subjects_for_metrics\YouCompleteMe\third_party\pythonfutures\concurrent\futures\_base.py,399,2,0,0,0
YouCompleteMe,C:\Users\Zhifei Chen\Desktop\pysmell\subjects_for_metrics\YouCompleteMe\third_party\pythonfutures\concurrent\futures\_base.py,432,2,0,0,0
YouCompleteMe,C:\Users\Zhifei Chen\Desktop\pysmell\subjects_for_metrics\YouCompleteMe\third_party\pythonfutures\concurrent\futures\_base.py,479,2,0,0,0
YouCompleteMe,C:\Users\Zhifei Chen\Desktop\pysmell\subjects_for_metrics\YouCompleteMe\third_party\pythonfutures\concurrent\futures\_base.py,492,2,0,0,0
YouCompleteMe,C:\Users\Zhifei Chen\Desktop\pysmell\subjects_for_metrics\YouCompleteMe\third_party\pythonfutures\concurrent\futures\_base.py,505,2,0,0,0
YouCompleteMe,C:\Users\Zhifei Chen\Desktop\pysmell\subjects_for_metrics\YouCompleteMe\third_party\pythonfutures\concurrent\futures\_compat.py,99,2,0,0,0
