subject,file,lineno,MLOC,experience-based,statistics-based,tuning machine
YouCompleteMe,C:\Users\Zhifei Chen\Desktop\pysmell\subjects_for_metrics\YouCompleteMe\install.py,13,11,0,0,0
YouCompleteMe,C:\Users\Zhifei Chen\Desktop\pysmell\subjects_for_metrics\YouCompleteMe\run_tests.py,25,6,0,0,0
YouCompleteMe,C:\Users\Zhifei Chen\Desktop\pysmell\subjects_for_metrics\YouCompleteMe\run_tests.py,35,3,0,0,0
YouCompleteMe,C:\Users\Zhifei Chen\Desktop\pysmell\subjects_for_metrics\YouCompleteMe\run_tests.py,43,4,0,0,0
YouCompleteMe,C:\Users\Zhifei Chen\Desktop\pysmell\subjects_for_metrics\YouCompleteMe\run_tests.py,51,0,0,0,0
YouCompleteMe,C:\Users\Zhifei Chen\Desktop\pysmell\subjects_for_metrics\YouCompleteMe\run_tests.py,59,4,0,0,0
YouCompleteMe,C:\Users\Zhifei Chen\Desktop\pysmell\subjects_for_metrics\YouCompleteMe\python\ycm\base.py,28,12,0,0,0
YouCompleteMe,C:\Users\Zhifei Chen\Desktop\pysmell\subjects_for_metrics\YouCompleteMe\python\ycm\base.py,47,5,0,0,0
YouCompleteMe,C:\Users\Zhifei Chen\Desktop\pysmell\subjects_for_metrics\YouCompleteMe\python\ycm\base.py,56,4,0,0,0
YouCompleteMe,C:\Users\Zhifei Chen\Desktop\pysmell\subjects_for_metrics\YouCompleteMe\python\ycm\base.py,63,11,0,0,0
YouCompleteMe,C:\Users\Zhifei Chen\Desktop\pysmell\subjects_for_metrics\YouCompleteMe\python\ycm\base.py,80,8,0,0,0
YouCompleteMe,C:\Users\Zhifei Chen\Desktop\pysmell\subjects_for_metrics\YouCompleteMe\python\ycm\base.py,91,19,0,0,0
YouCompleteMe,C:\Users\Zhifei Chen\Desktop\pysmell\subjects_for_metrics\YouCompleteMe\python\ycm\base.py,108,4,0,0,0
YouCompleteMe,C:\Users\Zhifei Chen\Desktop\pysmell\subjects_for_metrics\YouCompleteMe\python\ycm\base.py,139,21,0,0,0
YouCompleteMe,C:\Users\Zhifei Chen\Desktop\pysmell\subjects_for_metrics\YouCompleteMe\python\ycm\diagnostic_interface.py,26,7,0,0,0
YouCompleteMe,C:\Users\Zhifei Chen\Desktop\pysmell\subjects_for_metrics\YouCompleteMe\python\ycm\diagnostic_interface.py,37,6,0,0,0
YouCompleteMe,C:\Users\Zhifei Chen\Desktop\pysmell\subjects_for_metrics\YouCompleteMe\python\ycm\diagnostic_interface.py,46,13,0,0,0
YouCompleteMe,C:\Users\Zhifei Chen\Desktop\pysmell\subjects_for_metrics\YouCompleteMe\python\ycm\diagnostic_interface.py,64,12,0,0,0
YouCompleteMe,C:\Users\Zhifei Chen\Desktop\pysmell\subjects_for_metrics\YouCompleteMe\python\ycm\diagnostic_interface.py,82,21,0,0,0
YouCompleteMe,C:\Users\Zhifei Chen\Desktop\pysmell\subjects_for_metrics\YouCompleteMe\python\ycm\diagnostic_interface.py,113,12,0,0,0
YouCompleteMe,C:\Users\Zhifei Chen\Desktop\pysmell\subjects_for_metrics\YouCompleteMe\python\ycm\diagnostic_interface.py,146,16,0,0,0
YouCompleteMe,C:\Users\Zhifei Chen\Desktop\pysmell\subjects_for_metrics\YouCompleteMe\python\ycm\diagnostic_interface.py,172,7,0,0,0
YouCompleteMe,C:\Users\Zhifei Chen\Desktop\pysmell\subjects_for_metrics\YouCompleteMe\python\ycm\diagnostic_interface.py,184,3,0,0,0
YouCompleteMe,C:\Users\Zhifei Chen\Desktop\pysmell\subjects_for_metrics\YouCompleteMe\python\ycm\diagnostic_interface.py,190,11,0,0,0
YouCompleteMe,C:\Users\Zhifei Chen\Desktop\pysmell\subjects_for_metrics\YouCompleteMe\python\ycm\diagnostic_interface.py,208,1,0,0,0
YouCompleteMe,C:\Users\Zhifei Chen\Desktop\pysmell\subjects_for_metrics\YouCompleteMe\python\ycm\diagnostic_interface.py,212,5,0,0,0
YouCompleteMe,C:\Users\Zhifei Chen\Desktop\pysmell\subjects_for_metrics\YouCompleteMe\python\ycm\diagnostic_interface.py,213,1,0,0,0
YouCompleteMe,C:\Users\Zhifei Chen\Desktop\pysmell\subjects_for_metrics\YouCompleteMe\python\ycm\diagnostic_interface.py,226,3,0,0,0
YouCompleteMe,C:\Users\Zhifei Chen\Desktop\pysmell\subjects_for_metrics\YouCompleteMe\python\ycm\omni_completer.py,29,1,0,0,0
YouCompleteMe,C:\Users\Zhifei Chen\Desktop\pysmell\subjects_for_metrics\YouCompleteMe\python\ycm\omni_completer.py,34,1,0,0,0
YouCompleteMe,C:\Users\Zhifei Chen\Desktop\pysmell\subjects_for_metrics\YouCompleteMe\python\ycm\omni_completer.py,38,1,0,0,0
YouCompleteMe,C:\Users\Zhifei Chen\Desktop\pysmell\subjects_for_metrics\YouCompleteMe\python\ycm\omni_completer.py,42,5,0,0,0
YouCompleteMe,C:\Users\Zhifei Chen\Desktop\pysmell\subjects_for_metrics\YouCompleteMe\python\ycm\omni_completer.py,51,3,0,0,0
YouCompleteMe,C:\Users\Zhifei Chen\Desktop\pysmell\subjects_for_metrics\YouCompleteMe\python\ycm\omni_completer.py,57,6,0,0,0
YouCompleteMe,C:\Users\Zhifei Chen\Desktop\pysmell\subjects_for_metrics\YouCompleteMe\python\ycm\omni_completer.py,67,20,0,0,0
YouCompleteMe,C:\Users\Zhifei Chen\Desktop\pysmell\subjects_for_metrics\YouCompleteMe\python\ycm\omni_completer.py,95,1,0,0,0
YouCompleteMe,C:\Users\Zhifei Chen\Desktop\pysmell\subjects_for_metrics\YouCompleteMe\python\ycm\paths.py,31,3,0,0,0
YouCompleteMe,C:\Users\Zhifei Chen\Desktop\pysmell\subjects_for_metrics\YouCompleteMe\python\ycm\paths.py,34,5,0,0,0
YouCompleteMe,C:\Users\Zhifei Chen\Desktop\pysmell\subjects_for_metrics\YouCompleteMe\python\ycm\paths.py,43,14,0,0,0
YouCompleteMe,C:\Users\Zhifei Chen\Desktop\pysmell\subjects_for_metrics\YouCompleteMe\python\ycm\paths.py,70,2,0,0,0
YouCompleteMe,C:\Users\Zhifei Chen\Desktop\pysmell\subjects_for_metrics\YouCompleteMe\python\ycm\paths.py,75,2,0,0,0
YouCompleteMe,C:\Users\Zhifei Chen\Desktop\pysmell\subjects_for_metrics\YouCompleteMe\python\ycm\syntax_parse.py,75,3,0,0,0
YouCompleteMe,C:\Users\Zhifei Chen\Desktop\pysmell\subjects_for_metrics\YouCompleteMe\python\ycm\syntax_parse.py,81,4,0,0,0
YouCompleteMe,C:\Users\Zhifei Chen\Desktop\pysmell\subjects_for_metrics\YouCompleteMe\python\ycm\syntax_parse.py,89,10,0,0,0
YouCompleteMe,C:\Users\Zhifei Chen\Desktop\pysmell\subjects_for_metrics\YouCompleteMe\python\ycm\syntax_parse.py,104,21,0,0,0
YouCompleteMe,C:\Users\Zhifei Chen\Desktop\pysmell\subjects_for_metrics\YouCompleteMe\python\ycm\syntax_parse.py,135,21,0,0,0
YouCompleteMe,C:\Users\Zhifei Chen\Desktop\pysmell\subjects_for_metrics\YouCompleteMe\python\ycm\syntax_parse.py,136,3,0,0,0
YouCompleteMe,C:\Users\Zhifei Chen\Desktop\pysmell\subjects_for_metrics\YouCompleteMe\python\ycm\syntax_parse.py,170,9,0,0,0
YouCompleteMe,C:\Users\Zhifei Chen\Desktop\pysmell\subjects_for_metrics\YouCompleteMe\python\ycm\syntax_parse.py,171,6,0,0,0
YouCompleteMe,C:\Users\Zhifei Chen\Desktop\pysmell\subjects_for_metrics\YouCompleteMe\python\ycm\syntax_parse.py,190,5,0,0,0
YouCompleteMe,C:\Users\Zhifei Chen\Desktop\pysmell\subjects_for_metrics\YouCompleteMe\python\ycm\syntax_parse.py,198,16,0,0,0
YouCompleteMe,C:\Users\Zhifei Chen\Desktop\pysmell\subjects_for_metrics\YouCompleteMe\python\ycm\test_utils.py,33,4,0,0,0
YouCompleteMe,C:\Users\Zhifei Chen\Desktop\pysmell\subjects_for_metrics\YouCompleteMe\python\ycm\test_utils.py,55,3,0,0,0
YouCompleteMe,C:\Users\Zhifei Chen\Desktop\pysmell\subjects_for_metrics\YouCompleteMe\python\ycm\unsafe_thread_pool_executor.py,32,4,0,0,0
YouCompleteMe,C:\Users\Zhifei Chen\Desktop\pysmell\subjects_for_metrics\YouCompleteMe\python\ycm\unsafe_thread_pool_executor.py,38,8,0,0,0
YouCompleteMe,C:\Users\Zhifei Chen\Desktop\pysmell\subjects_for_metrics\YouCompleteMe\python\ycm\unsafe_thread_pool_executor.py,50,13,0,0,0
YouCompleteMe,C:\Users\Zhifei Chen\Desktop\pysmell\subjects_for_metrics\YouCompleteMe\python\ycm\unsafe_thread_pool_executor.py,70,5,0,0,0
YouCompleteMe,C:\Users\Zhifei Chen\Desktop\pysmell\subjects_for_metrics\YouCompleteMe\python\ycm\unsafe_thread_pool_executor.py,83,8,0,0,0
YouCompleteMe,C:\Users\Zhifei Chen\Desktop\pysmell\subjects_for_metrics\YouCompleteMe\python\ycm\unsafe_thread_pool_executor.py,96,6,0,0,0
YouCompleteMe,C:\Users\Zhifei Chen\Desktop\pysmell\subjects_for_metrics\YouCompleteMe\python\ycm\unsafe_thread_pool_executor.py,99,0,0,0,0
YouCompleteMe,C:\Users\Zhifei Chen\Desktop\pysmell\subjects_for_metrics\YouCompleteMe\python\ycm\unsafe_thread_pool_executor.py,111,6,0,0,0
YouCompleteMe,C:\Users\Zhifei Chen\Desktop\pysmell\subjects_for_metrics\YouCompleteMe\python\ycm\vimsupport.py,33,3,0,0,0
YouCompleteMe,C:\Users\Zhifei Chen\Desktop\pysmell\subjects_for_metrics\YouCompleteMe\python\ycm\vimsupport.py,42,1,0,0,0
YouCompleteMe,C:\Users\Zhifei Chen\Desktop\pysmell\subjects_for_metrics\YouCompleteMe\python\ycm\vimsupport.py,55,1,0,0,0
YouCompleteMe,C:\Users\Zhifei Chen\Desktop\pysmell\subjects_for_metrics\YouCompleteMe\python\ycm\vimsupport.py,59,1,0,0,0
YouCompleteMe,C:\Users\Zhifei Chen\Desktop\pysmell\subjects_for_metrics\YouCompleteMe\python\ycm\vimsupport.py,64,1,0,0,0
YouCompleteMe,C:\Users\Zhifei Chen\Desktop\pysmell\subjects_for_metrics\YouCompleteMe\python\ycm\vimsupport.py,70,6,0,0,0
YouCompleteMe,C:\Users\Zhifei Chen\Desktop\pysmell\subjects_for_metrics\YouCompleteMe\python\ycm\vimsupport.py,84,2,0,0,0
YouCompleteMe,C:\Users\Zhifei Chen\Desktop\pysmell\subjects_for_metrics\YouCompleteMe\python\ycm\vimsupport.py,98,1,0,0,0
YouCompleteMe,C:\Users\Zhifei Chen\Desktop\pysmell\subjects_for_metrics\YouCompleteMe\python\ycm\vimsupport.py,102,9,0,0,0
YouCompleteMe,C:\Users\Zhifei Chen\Desktop\pysmell\subjects_for_metrics\YouCompleteMe\python\ycm\vimsupport.py,118,3,0,0,0
YouCompleteMe,C:\Users\Zhifei Chen\Desktop\pysmell\subjects_for_metrics\YouCompleteMe\python\ycm\vimsupport.py,124,1,0,0,0
YouCompleteMe,C:\Users\Zhifei Chen\Desktop\pysmell\subjects_for_metrics\YouCompleteMe\python\ycm\vimsupport.py,128,4,0,0,0
YouCompleteMe,C:\Users\Zhifei Chen\Desktop\pysmell\subjects_for_metrics\YouCompleteMe\python\ycm\vimsupport.py,135,7,0,0,0
YouCompleteMe,C:\Users\Zhifei Chen\Desktop\pysmell\subjects_for_metrics\YouCompleteMe\python\ycm\vimsupport.py,148,5,0,0,0
YouCompleteMe,C:\Users\Zhifei Chen\Desktop\pysmell\subjects_for_metrics\YouCompleteMe\python\ycm\vimsupport.py,156,5,0,0,0
YouCompleteMe,C:\Users\Zhifei Chen\Desktop\pysmell\subjects_for_metrics\YouCompleteMe\python\ycm\vimsupport.py,167,8,0,0,0
YouCompleteMe,C:\Users\Zhifei Chen\Desktop\pysmell\subjects_for_metrics\YouCompleteMe\python\ycm\vimsupport.py,180,4,0,0,0
YouCompleteMe,C:\Users\Zhifei Chen\Desktop\pysmell\subjects_for_metrics\YouCompleteMe\python\ycm\vimsupport.py,187,4,0,0,0
YouCompleteMe,C:\Users\Zhifei Chen\Desktop\pysmell\subjects_for_metrics\YouCompleteMe\python\ycm\vimsupport.py,196,12,0,0,0
YouCompleteMe,C:\Users\Zhifei Chen\Desktop\pysmell\subjects_for_metrics\YouCompleteMe\python\ycm\vimsupport.py,221,9,0,0,0
YouCompleteMe,C:\Users\Zhifei Chen\Desktop\pysmell\subjects_for_metrics\YouCompleteMe\python\ycm\vimsupport.py,236,1,0,0,0
YouCompleteMe,C:\Users\Zhifei Chen\Desktop\pysmell\subjects_for_metrics\YouCompleteMe\python\ycm\vimsupport.py,241,2,0,0,0
YouCompleteMe,C:\Users\Zhifei Chen\Desktop\pysmell\subjects_for_metrics\YouCompleteMe\python\ycm\vimsupport.py,242,14,0,0,0
YouCompleteMe,C:\Users\Zhifei Chen\Desktop\pysmell\subjects_for_metrics\YouCompleteMe\python\ycm\vimsupport.py,273,3,0,0,0
YouCompleteMe,C:\Users\Zhifei Chen\Desktop\pysmell\subjects_for_metrics\YouCompleteMe\python\ycm\vimsupport.py,283,6,0,0,0
YouCompleteMe,C:\Users\Zhifei Chen\Desktop\pysmell\subjects_for_metrics\YouCompleteMe\python\ycm\vimsupport.py,294,7,0,0,0
YouCompleteMe,C:\Users\Zhifei Chen\Desktop\pysmell\subjects_for_metrics\YouCompleteMe\python\ycm\vimsupport.py,304,1,0,0,0
YouCompleteMe,C:\Users\Zhifei Chen\Desktop\pysmell\subjects_for_metrics\YouCompleteMe\python\ycm\vimsupport.py,308,1,0,0,0
YouCompleteMe,C:\Users\Zhifei Chen\Desktop\pysmell\subjects_for_metrics\YouCompleteMe\python\ycm\vimsupport.py,312,1,0,0,0
YouCompleteMe,C:\Users\Zhifei Chen\Desktop\pysmell\subjects_for_metrics\YouCompleteMe\python\ycm\vimsupport.py,317,10,0,0,0
YouCompleteMe,C:\Users\Zhifei Chen\Desktop\pysmell\subjects_for_metrics\YouCompleteMe\python\ycm\vimsupport.py,335,4,0,0,0
YouCompleteMe,C:\Users\Zhifei Chen\Desktop\pysmell\subjects_for_metrics\YouCompleteMe\python\ycm\vimsupport.py,343,19,0,0,0
YouCompleteMe,C:\Users\Zhifei Chen\Desktop\pysmell\subjects_for_metrics\YouCompleteMe\python\ycm\vimsupport.py,383,1,0,0,0
YouCompleteMe,C:\Users\Zhifei Chen\Desktop\pysmell\subjects_for_metrics\YouCompleteMe\python\ycm\vimsupport.py,393,0,0,0,0
YouCompleteMe,C:\Users\Zhifei Chen\Desktop\pysmell\subjects_for_metrics\YouCompleteMe\python\ycm\vimsupport.py,401,0,0,0,0
YouCompleteMe,C:\Users\Zhifei Chen\Desktop\pysmell\subjects_for_metrics\YouCompleteMe\python\ycm\vimsupport.py,406,3,0,0,0
YouCompleteMe,C:\Users\Zhifei Chen\Desktop\pysmell\subjects_for_metrics\YouCompleteMe\python\ycm\vimsupport.py,430,1,0,0,0
YouCompleteMe,C:\Users\Zhifei Chen\Desktop\pysmell\subjects_for_metrics\YouCompleteMe\python\ycm\vimsupport.py,434,3,0,0,0
YouCompleteMe,C:\Users\Zhifei Chen\Desktop\pysmell\subjects_for_metrics\YouCompleteMe\python\ycm\vimsupport.py,435,2,0,0,0
YouCompleteMe,C:\Users\Zhifei Chen\Desktop\pysmell\subjects_for_metrics\YouCompleteMe\python\ycm\vimsupport.py,444,9,0,0,0
YouCompleteMe,C:\Users\Zhifei Chen\Desktop\pysmell\subjects_for_metrics\YouCompleteMe\python\ycm\vimsupport.py,459,1,0,0,0
YouCompleteMe,C:\Users\Zhifei Chen\Desktop\pysmell\subjects_for_metrics\YouCompleteMe\python\ycm\vimsupport.py,463,1,0,0,0
YouCompleteMe,C:\Users\Zhifei Chen\Desktop\pysmell\subjects_for_metrics\YouCompleteMe\python\ycm\vimsupport.py,467,1,0,0,0
YouCompleteMe,C:\Users\Zhifei Chen\Desktop\pysmell\subjects_for_metrics\YouCompleteMe\python\ycm\vimsupport.py,473,1,0,0,0
YouCompleteMe,C:\Users\Zhifei Chen\Desktop\pysmell\subjects_for_metrics\YouCompleteMe\python\ycm\vimsupport.py,477,0,0,0,0
YouCompleteMe,C:\Users\Zhifei Chen\Desktop\pysmell\subjects_for_metrics\YouCompleteMe\python\ycm\vimsupport.py,481,1,0,0,0
YouCompleteMe,C:\Users\Zhifei Chen\Desktop\pysmell\subjects_for_metrics\YouCompleteMe\python\ycm\vimsupport.py,485,1,0,0,0
YouCompleteMe,C:\Users\Zhifei Chen\Desktop\pysmell\subjects_for_metrics\YouCompleteMe\python\ycm\vimsupport.py,489,1,0,0,0
YouCompleteMe,C:\Users\Zhifei Chen\Desktop\pysmell\subjects_for_metrics\YouCompleteMe\python\ycm\vimsupport.py,493,17,0,0,0
YouCompleteMe,C:\Users\Zhifei Chen\Desktop\pysmell\subjects_for_metrics\YouCompleteMe\python\ycm\vimsupport.py,536,22,0,0,0
YouCompleteMe,C:\Users\Zhifei Chen\Desktop\pysmell\subjects_for_metrics\YouCompleteMe\python\ycm\vimsupport.py,570,14,0,0,0
YouCompleteMe,C:\Users\Zhifei Chen\Desktop\pysmell\subjects_for_metrics\YouCompleteMe\python\ycm\vimsupport.py,588,1,0,0,0
YouCompleteMe,C:\Users\Zhifei Chen\Desktop\pysmell\subjects_for_metrics\YouCompleteMe\python\ycm\vimsupport.py,592,1,0,0,0
YouCompleteMe,C:\Users\Zhifei Chen\Desktop\pysmell\subjects_for_metrics\YouCompleteMe\python\ycm\vimsupport.py,596,1,0,0,0
YouCompleteMe,C:\Users\Zhifei Chen\Desktop\pysmell\subjects_for_metrics\YouCompleteMe\python\ycm\vimsupport.py,601,2,0,0,0
YouCompleteMe,C:\Users\Zhifei Chen\Desktop\pysmell\subjects_for_metrics\YouCompleteMe\python\ycm\vimsupport.py,608,1,0,0,0
YouCompleteMe,C:\Users\Zhifei Chen\Desktop\pysmell\subjects_for_metrics\YouCompleteMe\python\ycm\vimsupport.py,613,1,0,0,0
YouCompleteMe,C:\Users\Zhifei Chen\Desktop\pysmell\subjects_for_metrics\YouCompleteMe\python\ycm\vimsupport.py,618,13,0,0,0
YouCompleteMe,C:\Users\Zhifei Chen\Desktop\pysmell\subjects_for_metrics\YouCompleteMe\python\ycm\youcompleteme.py,51,4,0,0,0
YouCompleteMe,C:\Users\Zhifei Chen\Desktop\pysmell\subjects_for_metrics\YouCompleteMe\python\ycm\youcompleteme.py,87,15,0,0,0
YouCompleteMe,C:\Users\Zhifei Chen\Desktop\pysmell\subjects_for_metrics\YouCompleteMe\python\ycm\youcompleteme.py,105,28,1,1,0
YouCompleteMe,C:\Users\Zhifei Chen\Desktop\pysmell\subjects_for_metrics\YouCompleteMe\python\ycm\youcompleteme.py,145,2,0,0,0
YouCompleteMe,C:\Users\Zhifei Chen\Desktop\pysmell\subjects_for_metrics\YouCompleteMe\python\ycm\youcompleteme.py,151,12,0,0,0
YouCompleteMe,C:\Users\Zhifei Chen\Desktop\pysmell\subjects_for_metrics\YouCompleteMe\python\ycm\youcompleteme.py,168,3,0,0,0
YouCompleteMe,C:\Users\Zhifei Chen\Desktop\pysmell\subjects_for_metrics\YouCompleteMe\python\ycm\youcompleteme.py,174,2,0,0,0
YouCompleteMe,C:\Users\Zhifei Chen\Desktop\pysmell\subjects_for_metrics\YouCompleteMe\python\ycm\youcompleteme.py,179,3,0,0,0
YouCompleteMe,C:\Users\Zhifei Chen\Desktop\pysmell\subjects_for_metrics\YouCompleteMe\python\ycm\youcompleteme.py,186,14,0,0,0
YouCompleteMe,C:\Users\Zhifei Chen\Desktop\pysmell\subjects_for_metrics\YouCompleteMe\python\ycm\youcompleteme.py,205,2,0,0,0
YouCompleteMe,C:\Users\Zhifei Chen\Desktop\pysmell\subjects_for_metrics\YouCompleteMe\python\ycm\youcompleteme.py,210,7,0,0,0
YouCompleteMe,C:\Users\Zhifei Chen\Desktop\pysmell\subjects_for_metrics\YouCompleteMe\python\ycm\youcompleteme.py,221,1,0,0,0
YouCompleteMe,C:\Users\Zhifei Chen\Desktop\pysmell\subjects_for_metrics\YouCompleteMe\python\ycm\youcompleteme.py,225,1,0,0,0
YouCompleteMe,C:\Users\Zhifei Chen\Desktop\pysmell\subjects_for_metrics\YouCompleteMe\python\ycm\youcompleteme.py,229,8,0,0,0
YouCompleteMe,C:\Users\Zhifei Chen\Desktop\pysmell\subjects_for_metrics\YouCompleteMe\python\ycm\youcompleteme.py,241,1,0,0,0
YouCompleteMe,C:\Users\Zhifei Chen\Desktop\pysmell\subjects_for_metrics\YouCompleteMe\python\ycm\youcompleteme.py,246,2,0,0,0
YouCompleteMe,C:\Users\Zhifei Chen\Desktop\pysmell\subjects_for_metrics\YouCompleteMe\python\ycm\youcompleteme.py,251,9,0,0,0
YouCompleteMe,C:\Users\Zhifei Chen\Desktop\pysmell\subjects_for_metrics\YouCompleteMe\python\ycm\youcompleteme.py,267,4,0,0,0
YouCompleteMe,C:\Users\Zhifei Chen\Desktop\pysmell\subjects_for_metrics\YouCompleteMe\python\ycm\youcompleteme.py,274,5,0,0,0
YouCompleteMe,C:\Users\Zhifei Chen\Desktop\pysmell\subjects_for_metrics\YouCompleteMe\python\ycm\youcompleteme.py,282,3,0,0,0
YouCompleteMe,C:\Users\Zhifei Chen\Desktop\pysmell\subjects_for_metrics\YouCompleteMe\python\ycm\youcompleteme.py,288,0,0,0,0
YouCompleteMe,C:\Users\Zhifei Chen\Desktop\pysmell\subjects_for_metrics\YouCompleteMe\python\ycm\youcompleteme.py,292,0,0,0,0
YouCompleteMe,C:\Users\Zhifei Chen\Desktop\pysmell\subjects_for_metrics\YouCompleteMe\python\ycm\youcompleteme.py,296,3,0,0,0
YouCompleteMe,C:\Users\Zhifei Chen\Desktop\pysmell\subjects_for_metrics\YouCompleteMe\python\ycm\youcompleteme.py,302,3,0,0,0
YouCompleteMe,C:\Users\Zhifei Chen\Desktop\pysmell\subjects_for_metrics\YouCompleteMe\python\ycm\youcompleteme.py,308,4,0,0,0
YouCompleteMe,C:\Users\Zhifei Chen\Desktop\pysmell\subjects_for_metrics\YouCompleteMe\python\ycm\youcompleteme.py,315,12,0,0,0
YouCompleteMe,C:\Users\Zhifei Chen\Desktop\pysmell\subjects_for_metrics\YouCompleteMe\python\ycm\youcompleteme.py,338,1,0,0,0
YouCompleteMe,C:\Users\Zhifei Chen\Desktop\pysmell\subjects_for_metrics\YouCompleteMe\python\ycm\youcompleteme.py,343,1,0,0,0
YouCompleteMe,C:\Users\Zhifei Chen\Desktop\pysmell\subjects_for_metrics\YouCompleteMe\python\ycm\youcompleteme.py,348,9,0,0,0
YouCompleteMe,C:\Users\Zhifei Chen\Desktop\pysmell\subjects_for_metrics\YouCompleteMe\python\ycm\youcompleteme.py,361,8,0,0,0
YouCompleteMe,C:\Users\Zhifei Chen\Desktop\pysmell\subjects_for_metrics\YouCompleteMe\python\ycm\youcompleteme.py,374,9,0,0,0
YouCompleteMe,C:\Users\Zhifei Chen\Desktop\pysmell\subjects_for_metrics\YouCompleteMe\python\ycm\youcompleteme.py,390,16,0,0,0
YouCompleteMe,C:\Users\Zhifei Chen\Desktop\pysmell\subjects_for_metrics\YouCompleteMe\python\ycm\youcompleteme.py,414,7,0,0,0
YouCompleteMe,C:\Users\Zhifei Chen\Desktop\pysmell\subjects_for_metrics\YouCompleteMe\python\ycm\youcompleteme.py,427,13,0,0,0
YouCompleteMe,C:\Users\Zhifei Chen\Desktop\pysmell\subjects_for_metrics\YouCompleteMe\python\ycm\youcompleteme.py,448,4,0,0,0
YouCompleteMe,C:\Users\Zhifei Chen\Desktop\pysmell\subjects_for_metrics\YouCompleteMe\python\ycm\youcompleteme.py,455,2,0,0,0
YouCompleteMe,C:\Users\Zhifei Chen\Desktop\pysmell\subjects_for_metrics\YouCompleteMe\python\ycm\youcompleteme.py,460,7,0,0,0
YouCompleteMe,C:\Users\Zhifei Chen\Desktop\pysmell\subjects_for_metrics\YouCompleteMe\python\ycm\youcompleteme.py,475,4,0,0,0
YouCompleteMe,C:\Users\Zhifei Chen\Desktop\pysmell\subjects_for_metrics\YouCompleteMe\python\ycm\youcompleteme.py,482,9,0,0,0
YouCompleteMe,C:\Users\Zhifei Chen\Desktop\pysmell\subjects_for_metrics\YouCompleteMe\python\ycm\youcompleteme.py,494,12,0,0,0
YouCompleteMe,C:\Users\Zhifei Chen\Desktop\pysmell\subjects_for_metrics\YouCompleteMe\python\ycm\youcompleteme.py,511,5,0,0,0
YouCompleteMe,C:\Users\Zhifei Chen\Desktop\pysmell\subjects_for_metrics\YouCompleteMe\python\ycm\youcompleteme.py,521,8,0,0,0
YouCompleteMe,C:\Users\Zhifei Chen\Desktop\pysmell\subjects_for_metrics\YouCompleteMe\python\ycm\youcompleteme.py,533,4,0,0,0
YouCompleteMe,C:\Users\Zhifei Chen\Desktop\pysmell\subjects_for_metrics\YouCompleteMe\python\ycm\youcompleteme.py,534,6,0,0,0
YouCompleteMe,C:\Users\Zhifei Chen\Desktop\pysmell\subjects_for_metrics\YouCompleteMe\python\ycm\youcompleteme.py,548,5,0,0,0
YouCompleteMe,C:\Users\Zhifei Chen\Desktop\pysmell\subjects_for_metrics\YouCompleteMe\python\ycm\youcompleteme.py,549,1,0,0,0
YouCompleteMe,C:\Users\Zhifei Chen\Desktop\pysmell\subjects_for_metrics\YouCompleteMe\python\ycm\youcompleteme.py,559,8,0,0,0
YouCompleteMe,C:\Users\Zhifei Chen\Desktop\pysmell\subjects_for_metrics\YouCompleteMe\python\ycm\client\base_request.py,38,1,0,0,0
YouCompleteMe,C:\Users\Zhifei Chen\Desktop\pysmell\subjects_for_metrics\YouCompleteMe\python\ycm\client\base_request.py,42,1,0,0,0
YouCompleteMe,C:\Users\Zhifei Chen\Desktop\pysmell\subjects_for_metrics\YouCompleteMe\python\ycm\client\base_request.py,46,1,0,0,0
YouCompleteMe,C:\Users\Zhifei Chen\Desktop\pysmell\subjects_for_metrics\YouCompleteMe\python\ycm\client\base_request.py,50,1,0,0,0
YouCompleteMe,C:\Users\Zhifei Chen\Desktop\pysmell\subjects_for_metrics\YouCompleteMe\python\ycm\client\base_request.py,56,5,0,0,0
YouCompleteMe,C:\Users\Zhifei Chen\Desktop\pysmell\subjects_for_metrics\YouCompleteMe\python\ycm\client\base_request.py,67,4,0,0,0
YouCompleteMe,C:\Users\Zhifei Chen\Desktop\pysmell\subjects_for_metrics\YouCompleteMe\python\ycm\client\base_request.py,77,2,0,0,0
YouCompleteMe,C:\Users\Zhifei Chen\Desktop\pysmell\subjects_for_metrics\YouCompleteMe\python\ycm\client\base_request.py,86,6,0,0,0
YouCompleteMe,C:\Users\Zhifei Chen\Desktop\pysmell\subjects_for_metrics\YouCompleteMe\python\ycm\client\base_request.py,91,8,0,0,0
YouCompleteMe,C:\Users\Zhifei Chen\Desktop\pysmell\subjects_for_metrics\YouCompleteMe\python\ycm\client\base_request.py,108,9,0,0,0
YouCompleteMe,C:\Users\Zhifei Chen\Desktop\pysmell\subjects_for_metrics\YouCompleteMe\python\ycm\client\base_request.py,130,10,0,0,0
YouCompleteMe,C:\Users\Zhifei Chen\Desktop\pysmell\subjects_for_metrics\YouCompleteMe\python\ycm\client\base_request.py,147,9,0,0,0
YouCompleteMe,C:\Users\Zhifei Chen\Desktop\pysmell\subjects_for_metrics\YouCompleteMe\python\ycm\client\base_request.py,162,8,0,0,0
YouCompleteMe,C:\Users\Zhifei Chen\Desktop\pysmell\subjects_for_metrics\YouCompleteMe\python\ycm\client\base_request.py,177,4,0,0,0
YouCompleteMe,C:\Users\Zhifei Chen\Desktop\pysmell\subjects_for_metrics\YouCompleteMe\python\ycm\client\base_request.py,187,5,0,0,0
YouCompleteMe,C:\Users\Zhifei Chen\Desktop\pysmell\subjects_for_metrics\YouCompleteMe\python\ycm\client\base_request.py,194,1,0,0,0
YouCompleteMe,C:\Users\Zhifei Chen\Desktop\pysmell\subjects_for_metrics\YouCompleteMe\python\ycm\client\base_request.py,200,9,0,0,0
YouCompleteMe,C:\Users\Zhifei Chen\Desktop\pysmell\subjects_for_metrics\YouCompleteMe\python\ycm\client\base_request.py,203,5,0,0,0
YouCompleteMe,C:\Users\Zhifei Chen\Desktop\pysmell\subjects_for_metrics\YouCompleteMe\python\ycm\client\base_request.py,221,4,0,0,0
YouCompleteMe,C:\Users\Zhifei Chen\Desktop\pysmell\subjects_for_metrics\YouCompleteMe\python\ycm\client\command_request.py,26,3,0,0,0
YouCompleteMe,C:\Users\Zhifei Chen\Desktop\pysmell\subjects_for_metrics\YouCompleteMe\python\ycm\client\command_request.py,33,8,0,0,0
YouCompleteMe,C:\Users\Zhifei Chen\Desktop\pysmell\subjects_for_metrics\YouCompleteMe\python\ycm\client\command_request.py,45,9,0,0,0
YouCompleteMe,C:\Users\Zhifei Chen\Desktop\pysmell\subjects_for_metrics\YouCompleteMe\python\ycm\client\command_request.py,58,1,0,0,0
YouCompleteMe,C:\Users\Zhifei Chen\Desktop\pysmell\subjects_for_metrics\YouCompleteMe\python\ycm\client\command_request.py,62,10,0,0,0
YouCompleteMe,C:\Users\Zhifei Chen\Desktop\pysmell\subjects_for_metrics\YouCompleteMe\python\ycm\client\command_request.py,76,7,0,0,0
YouCompleteMe,C:\Users\Zhifei Chen\Desktop\pysmell\subjects_for_metrics\YouCompleteMe\python\ycm\client\command_request.py,87,7,0,0,0
YouCompleteMe,C:\Users\Zhifei Chen\Desktop\pysmell\subjects_for_metrics\YouCompleteMe\python\ycm\client\command_request.py,100,0,0,0,0
YouCompleteMe,C:\Users\Zhifei Chen\Desktop\pysmell\subjects_for_metrics\YouCompleteMe\python\ycm\client\command_request.py,104,0,0,0,0
YouCompleteMe,C:\Users\Zhifei Chen\Desktop\pysmell\subjects_for_metrics\YouCompleteMe\python\ycm\client\command_request.py,108,4,0,0,0
YouCompleteMe,C:\Users\Zhifei Chen\Desktop\pysmell\subjects_for_metrics\YouCompleteMe\python\ycm\client\command_request.py,116,10,0,0,0
YouCompleteMe,C:\Users\Zhifei Chen\Desktop\pysmell\subjects_for_metrics\YouCompleteMe\python\ycm\client\completer_available_request.py,24,2,0,0,0
YouCompleteMe,C:\Users\Zhifei Chen\Desktop\pysmell\subjects_for_metrics\YouCompleteMe\python\ycm\client\completer_available_request.py,30,7,0,0,0
YouCompleteMe,C:\Users\Zhifei Chen\Desktop\pysmell\subjects_for_metrics\YouCompleteMe\python\ycm\client\completer_available_request.py,40,1,0,0,0
YouCompleteMe,C:\Users\Zhifei Chen\Desktop\pysmell\subjects_for_metrics\YouCompleteMe\python\ycm\client\completer_available_request.py,44,3,0,0,0
YouCompleteMe,C:\Users\Zhifei Chen\Desktop\pysmell\subjects_for_metrics\YouCompleteMe\python\ycm\client\completion_request.py,29,1,0,0,0
YouCompleteMe,C:\Users\Zhifei Chen\Desktop\pysmell\subjects_for_metrics\YouCompleteMe\python\ycm\client\completion_request.py,34,3,0,0,0
YouCompleteMe,C:\Users\Zhifei Chen\Desktop\pysmell\subjects_for_metrics\YouCompleteMe\python\ycm\client\completion_request.py,40,1,0,0,0
YouCompleteMe,C:\Users\Zhifei Chen\Desktop\pysmell\subjects_for_metrics\YouCompleteMe\python\ycm\client\completion_request.py,44,11,0,0,0
YouCompleteMe,C:\Users\Zhifei Chen\Desktop\pysmell\subjects_for_metrics\YouCompleteMe\python\ycm\client\completion_request.py,60,1,0,0,0
YouCompleteMe,C:\Users\Zhifei Chen\Desktop\pysmell\subjects_for_metrics\YouCompleteMe\python\ycm\client\completion_request.py,64,22,0,0,0
YouCompleteMe,C:\Users\Zhifei Chen\Desktop\pysmell\subjects_for_metrics\YouCompleteMe\python\ycm\client\completion_request.py,95,1,0,0,0
YouCompleteMe,C:\Users\Zhifei Chen\Desktop\pysmell\subjects_for_metrics\YouCompleteMe\python\ycm\client\event_notification.py,27,3,0,0,0
YouCompleteMe,C:\Users\Zhifei Chen\Desktop\pysmell\subjects_for_metrics\YouCompleteMe\python\ycm\client\event_notification.py,34,6,0,0,0
YouCompleteMe,C:\Users\Zhifei Chen\Desktop\pysmell\subjects_for_metrics\YouCompleteMe\python\ycm\client\event_notification.py,44,1,0,0,0
YouCompleteMe,C:\Users\Zhifei Chen\Desktop\pysmell\subjects_for_metrics\YouCompleteMe\python\ycm\client\event_notification.py,48,14,0,0,0
YouCompleteMe,C:\Users\Zhifei Chen\Desktop\pysmell\subjects_for_metrics\YouCompleteMe\python\ycm\client\event_notification.py,69,2,0,0,0
YouCompleteMe,C:\Users\Zhifei Chen\Desktop\pysmell\subjects_for_metrics\YouCompleteMe\python\ycm\client\event_notification.py,73,0,0,0,0
YouCompleteMe,C:\Users\Zhifei Chen\Desktop\pysmell\subjects_for_metrics\YouCompleteMe\python\ycm\client\event_notification.py,77,0,0,0,0
YouCompleteMe,C:\Users\Zhifei Chen\Desktop\pysmell\subjects_for_metrics\YouCompleteMe\python\ycm\client\omni_completion_request.py,24,1,0,0,0
YouCompleteMe,C:\Users\Zhifei Chen\Desktop\pysmell\subjects_for_metrics\YouCompleteMe\python\ycm\client\omni_completion_request.py,29,1,0,0,0
YouCompleteMe,C:\Users\Zhifei Chen\Desktop\pysmell\subjects_for_metrics\YouCompleteMe\python\ycm\client\omni_completion_request.py,33,1,0,0,0
YouCompleteMe,C:\Users\Zhifei Chen\Desktop\pysmell\subjects_for_metrics\YouCompleteMe\python\ycm\client\omni_completion_request.py,37,1,0,0,0
YouCompleteMe,C:\Users\Zhifei Chen\Desktop\pysmell\subjects_for_metrics\YouCompleteMe\python\ycm\client\ycmd_keepalive.py,29,3,0,0,0
YouCompleteMe,C:\Users\Zhifei Chen\Desktop\pysmell\subjects_for_metrics\YouCompleteMe\python\ycm\client\ycmd_keepalive.py,35,0,0,0,0
YouCompleteMe,C:\Users\Zhifei Chen\Desktop\pysmell\subjects_for_metrics\YouCompleteMe\python\ycm\client\ycmd_keepalive.py,39,6,0,0,0
YouCompleteMe,C:\Users\Zhifei Chen\Desktop\pysmell\subjects_for_metrics\YouCompleteMe\python\ycm\client\tests\completion_request_test.py,30,10,0,0,0
YouCompleteMe,C:\Users\Zhifei Chen\Desktop\pysmell\subjects_for_metrics\YouCompleteMe\python\ycm\client\tests\completion_request_test.py,44,0,0,0,0
YouCompleteMe,C:\Users\Zhifei Chen\Desktop\pysmell\subjects_for_metrics\YouCompleteMe\python\ycm\client\tests\completion_request_test.py,64,0,0,0,0
YouCompleteMe,C:\Users\Zhifei Chen\Desktop\pysmell\subjects_for_metrics\YouCompleteMe\python\ycm\client\tests\completion_request_test.py,81,0,0,0,0
YouCompleteMe,C:\Users\Zhifei Chen\Desktop\pysmell\subjects_for_metrics\YouCompleteMe\python\ycm\client\tests\completion_request_test.py,100,0,0,0,0
YouCompleteMe,C:\Users\Zhifei Chen\Desktop\pysmell\subjects_for_metrics\YouCompleteMe\python\ycm\client\tests\completion_request_test.py,117,0,0,0,0
YouCompleteMe,C:\Users\Zhifei Chen\Desktop\pysmell\subjects_for_metrics\YouCompleteMe\python\ycm\tests\base_test.py,30,2,0,0,0
YouCompleteMe,C:\Users\Zhifei Chen\Desktop\pysmell\subjects_for_metrics\YouCompleteMe\python\ycm\tests\base_test.py,35,4,0,0,0
YouCompleteMe,C:\Users\Zhifei Chen\Desktop\pysmell\subjects_for_metrics\YouCompleteMe\python\ycm\tests\base_test.py,42,4,0,0,0
YouCompleteMe,C:\Users\Zhifei Chen\Desktop\pysmell\subjects_for_metrics\YouCompleteMe\python\ycm\tests\base_test.py,49,4,0,0,0
YouCompleteMe,C:\Users\Zhifei Chen\Desktop\pysmell\subjects_for_metrics\YouCompleteMe\python\ycm\tests\base_test.py,56,4,0,0,0
YouCompleteMe,C:\Users\Zhifei Chen\Desktop\pysmell\subjects_for_metrics\YouCompleteMe\python\ycm\tests\base_test.py,63,4,0,0,0
YouCompleteMe,C:\Users\Zhifei Chen\Desktop\pysmell\subjects_for_metrics\YouCompleteMe\python\ycm\tests\base_test.py,70,7,0,0,0
YouCompleteMe,C:\Users\Zhifei Chen\Desktop\pysmell\subjects_for_metrics\YouCompleteMe\python\ycm\tests\base_test.py,81,4,0,0,0
YouCompleteMe,C:\Users\Zhifei Chen\Desktop\pysmell\subjects_for_metrics\YouCompleteMe\python\ycm\tests\base_test.py,88,6,0,0,0
YouCompleteMe,C:\Users\Zhifei Chen\Desktop\pysmell\subjects_for_metrics\YouCompleteMe\python\ycm\tests\base_test.py,97,10,0,0,0
YouCompleteMe,C:\Users\Zhifei Chen\Desktop\pysmell\subjects_for_metrics\YouCompleteMe\python\ycm\tests\base_test.py,111,5,0,0,0
YouCompleteMe,C:\Users\Zhifei Chen\Desktop\pysmell\subjects_for_metrics\YouCompleteMe\python\ycm\tests\base_test.py,119,5,0,0,0
YouCompleteMe,C:\Users\Zhifei Chen\Desktop\pysmell\subjects_for_metrics\YouCompleteMe\python\ycm\tests\base_test.py,127,2,0,0,0
YouCompleteMe,C:\Users\Zhifei Chen\Desktop\pysmell\subjects_for_metrics\YouCompleteMe\python\ycm\tests\base_test.py,133,2,0,0,0
YouCompleteMe,C:\Users\Zhifei Chen\Desktop\pysmell\subjects_for_metrics\YouCompleteMe\python\ycm\tests\base_test.py,139,1,0,0,0
YouCompleteMe,C:\Users\Zhifei Chen\Desktop\pysmell\subjects_for_metrics\YouCompleteMe\python\ycm\tests\base_test.py,144,1,0,0,0
YouCompleteMe,C:\Users\Zhifei Chen\Desktop\pysmell\subjects_for_metrics\YouCompleteMe\python\ycm\tests\base_test.py,149,2,0,0,0
YouCompleteMe,C:\Users\Zhifei Chen\Desktop\pysmell\subjects_for_metrics\YouCompleteMe\python\ycm\tests\base_test.py,155,1,0,0,0
YouCompleteMe,C:\Users\Zhifei Chen\Desktop\pysmell\subjects_for_metrics\YouCompleteMe\python\ycm\tests\base_test.py,160,3,0,0,0
YouCompleteMe,C:\Users\Zhifei Chen\Desktop\pysmell\subjects_for_metrics\YouCompleteMe\python\ycm\tests\base_test.py,167,3,0,0,0
YouCompleteMe,C:\Users\Zhifei Chen\Desktop\pysmell\subjects_for_metrics\YouCompleteMe\python\ycm\tests\base_test.py,174,6,0,0,0
YouCompleteMe,C:\Users\Zhifei Chen\Desktop\pysmell\subjects_for_metrics\YouCompleteMe\python\ycm\tests\base_test.py,186,3,0,0,0
YouCompleteMe,C:\Users\Zhifei Chen\Desktop\pysmell\subjects_for_metrics\YouCompleteMe\python\ycm\tests\base_test.py,193,2,0,0,0
YouCompleteMe,C:\Users\Zhifei Chen\Desktop\pysmell\subjects_for_metrics\YouCompleteMe\python\ycm\tests\base_test.py,199,4,0,0,0
YouCompleteMe,C:\Users\Zhifei Chen\Desktop\pysmell\subjects_for_metrics\YouCompleteMe\python\ycm\tests\base_test.py,208,6,0,0,0
YouCompleteMe,C:\Users\Zhifei Chen\Desktop\pysmell\subjects_for_metrics\YouCompleteMe\python\ycm\tests\base_test.py,220,6,0,0,0
YouCompleteMe,C:\Users\Zhifei Chen\Desktop\pysmell\subjects_for_metrics\YouCompleteMe\python\ycm\tests\base_test.py,232,4,0,0,0
YouCompleteMe,C:\Users\Zhifei Chen\Desktop\pysmell\subjects_for_metrics\YouCompleteMe\python\ycm\tests\base_test.py,241,4,0,0,0
YouCompleteMe,C:\Users\Zhifei Chen\Desktop\pysmell\subjects_for_metrics\YouCompleteMe\python\ycm\tests\base_test.py,250,6,0,0,0
YouCompleteMe,C:\Users\Zhifei Chen\Desktop\pysmell\subjects_for_metrics\YouCompleteMe\python\ycm\tests\base_test.py,262,3,0,0,0
YouCompleteMe,C:\Users\Zhifei Chen\Desktop\pysmell\subjects_for_metrics\YouCompleteMe\python\ycm\tests\base_test.py,269,6,0,0,0
YouCompleteMe,C:\Users\Zhifei Chen\Desktop\pysmell\subjects_for_metrics\YouCompleteMe\python\ycm\tests\postcomplete_tests.py,26,4,0,0,0
YouCompleteMe,C:\Users\Zhifei Chen\Desktop\pysmell\subjects_for_metrics\YouCompleteMe\python\ycm\tests\postcomplete_tests.py,33,4,0,0,0
YouCompleteMe,C:\Users\Zhifei Chen\Desktop\pysmell\subjects_for_metrics\YouCompleteMe\python\ycm\tests\postcomplete_tests.py,40,6,0,0,0
YouCompleteMe,C:\Users\Zhifei Chen\Desktop\pysmell\subjects_for_metrics\YouCompleteMe\python\ycm\tests\postcomplete_tests.py,50,3,0,0,0
YouCompleteMe,C:\Users\Zhifei Chen\Desktop\pysmell\subjects_for_metrics\YouCompleteMe\python\ycm\tests\postcomplete_tests.py,57,6,0,0,0
YouCompleteMe,C:\Users\Zhifei Chen\Desktop\pysmell\subjects_for_metrics\YouCompleteMe\python\ycm\tests\postcomplete_tests.py,68,5,0,0,0
YouCompleteMe,C:\Users\Zhifei Chen\Desktop\pysmell\subjects_for_metrics\YouCompleteMe\python\ycm\tests\postcomplete_tests.py,77,6,0,0,0
YouCompleteMe,C:\Users\Zhifei Chen\Desktop\pysmell\subjects_for_metrics\YouCompleteMe\python\ycm\tests\postcomplete_tests.py,88,6,0,0,0
YouCompleteMe,C:\Users\Zhifei Chen\Desktop\pysmell\subjects_for_metrics\YouCompleteMe\python\ycm\tests\postcomplete_tests.py,99,6,0,0,0
YouCompleteMe,C:\Users\Zhifei Chen\Desktop\pysmell\subjects_for_metrics\YouCompleteMe\python\ycm\tests\postcomplete_tests.py,110,5,0,0,0
YouCompleteMe,C:\Users\Zhifei Chen\Desktop\pysmell\subjects_for_metrics\YouCompleteMe\python\ycm\tests\postcomplete_tests.py,119,6,0,0,0
YouCompleteMe,C:\Users\Zhifei Chen\Desktop\pysmell\subjects_for_metrics\YouCompleteMe\python\ycm\tests\postcomplete_tests.py,130,6,0,0,0
YouCompleteMe,C:\Users\Zhifei Chen\Desktop\pysmell\subjects_for_metrics\YouCompleteMe\python\ycm\tests\postcomplete_tests.py,141,6,0,0,0
YouCompleteMe,C:\Users\Zhifei Chen\Desktop\pysmell\subjects_for_metrics\YouCompleteMe\python\ycm\tests\postcomplete_tests.py,152,5,0,0,0
YouCompleteMe,C:\Users\Zhifei Chen\Desktop\pysmell\subjects_for_metrics\YouCompleteMe\python\ycm\tests\postcomplete_tests.py,161,6,0,0,0
YouCompleteMe,C:\Users\Zhifei Chen\Desktop\pysmell\subjects_for_metrics\YouCompleteMe\python\ycm\tests\postcomplete_tests.py,172,6,0,0,0
YouCompleteMe,C:\Users\Zhifei Chen\Desktop\pysmell\subjects_for_metrics\YouCompleteMe\python\ycm\tests\postcomplete_tests.py,183,6,0,0,0
YouCompleteMe,C:\Users\Zhifei Chen\Desktop\pysmell\subjects_for_metrics\YouCompleteMe\python\ycm\tests\postcomplete_tests.py,194,5,0,0,0
YouCompleteMe,C:\Users\Zhifei Chen\Desktop\pysmell\subjects_for_metrics\YouCompleteMe\python\ycm\tests\postcomplete_tests.py,203,6,0,0,0
YouCompleteMe,C:\Users\Zhifei Chen\Desktop\pysmell\subjects_for_metrics\YouCompleteMe\python\ycm\tests\postcomplete_tests.py,214,6,0,0,0
YouCompleteMe,C:\Users\Zhifei Chen\Desktop\pysmell\subjects_for_metrics\YouCompleteMe\python\ycm\tests\postcomplete_tests.py,225,2,0,0,0
YouCompleteMe,C:\Users\Zhifei Chen\Desktop\pysmell\subjects_for_metrics\YouCompleteMe\python\ycm\tests\postcomplete_tests.py,231,4,0,0,0
YouCompleteMe,C:\Users\Zhifei Chen\Desktop\pysmell\subjects_for_metrics\YouCompleteMe\python\ycm\tests\postcomplete_tests.py,240,3,0,0,0
YouCompleteMe,C:\Users\Zhifei Chen\Desktop\pysmell\subjects_for_metrics\YouCompleteMe\python\ycm\tests\postcomplete_tests.py,247,5,0,0,0
YouCompleteMe,C:\Users\Zhifei Chen\Desktop\pysmell\subjects_for_metrics\YouCompleteMe\python\ycm\tests\postcomplete_tests.py,256,5,0,0,0
YouCompleteMe,C:\Users\Zhifei Chen\Desktop\pysmell\subjects_for_metrics\YouCompleteMe\python\ycm\tests\postcomplete_tests.py,265,6,0,0,0
YouCompleteMe,C:\Users\Zhifei Chen\Desktop\pysmell\subjects_for_metrics\YouCompleteMe\python\ycm\tests\postcomplete_tests.py,275,7,0,0,0
YouCompleteMe,C:\Users\Zhifei Chen\Desktop\pysmell\subjects_for_metrics\YouCompleteMe\python\ycm\tests\postcomplete_tests.py,286,7,0,0,0
YouCompleteMe,C:\Users\Zhifei Chen\Desktop\pysmell\subjects_for_metrics\YouCompleteMe\python\ycm\tests\postcomplete_tests.py,297,5,0,0,0
YouCompleteMe,C:\Users\Zhifei Chen\Desktop\pysmell\subjects_for_metrics\YouCompleteMe\python\ycm\tests\postcomplete_tests.py,306,5,0,0,0
YouCompleteMe,C:\Users\Zhifei Chen\Desktop\pysmell\subjects_for_metrics\YouCompleteMe\python\ycm\tests\postcomplete_tests.py,315,3,0,0,0
YouCompleteMe,C:\Users\Zhifei Chen\Desktop\pysmell\subjects_for_metrics\YouCompleteMe\python\ycm\tests\postcomplete_tests.py,323,4,0,0,0
YouCompleteMe,C:\Users\Zhifei Chen\Desktop\pysmell\subjects_for_metrics\YouCompleteMe\python\ycm\tests\postcomplete_tests.py,332,5,0,0,0
YouCompleteMe,C:\Users\Zhifei Chen\Desktop\pysmell\subjects_for_metrics\YouCompleteMe\python\ycm\tests\postcomplete_tests.py,341,9,0,0,0
YouCompleteMe,C:\Users\Zhifei Chen\Desktop\pysmell\subjects_for_metrics\YouCompleteMe\python\ycm\tests\postcomplete_tests.py,356,8,0,0,0
YouCompleteMe,C:\Users\Zhifei Chen\Desktop\pysmell\subjects_for_metrics\YouCompleteMe\python\ycm\tests\postcomplete_tests.py,367,7,0,0,0
YouCompleteMe,C:\Users\Zhifei Chen\Desktop\pysmell\subjects_for_metrics\YouCompleteMe\python\ycm\tests\postcomplete_tests.py,380,2,0,0,0
YouCompleteMe,C:\Users\Zhifei Chen\Desktop\pysmell\subjects_for_metrics\YouCompleteMe\python\ycm\tests\postcomplete_tests.py,382,8,0,0,0
YouCompleteMe,C:\Users\Zhifei Chen\Desktop\pysmell\subjects_for_metrics\YouCompleteMe\python\ycm\tests\syntax_parse_test.py,29,3,0,0,0
YouCompleteMe,C:\Users\Zhifei Chen\Desktop\pysmell\subjects_for_metrics\YouCompleteMe\python\ycm\tests\syntax_parse_test.py,36,0,0,0,0
YouCompleteMe,C:\Users\Zhifei Chen\Desktop\pysmell\subjects_for_metrics\YouCompleteMe\python\ycm\tests\syntax_parse_test.py,73,0,0,0,0
YouCompleteMe,C:\Users\Zhifei Chen\Desktop\pysmell\subjects_for_metrics\YouCompleteMe\python\ycm\tests\syntax_parse_test.py,103,0,0,0,0
YouCompleteMe,C:\Users\Zhifei Chen\Desktop\pysmell\subjects_for_metrics\YouCompleteMe\python\ycm\tests\syntax_parse_test.py,132,0,0,0,0
YouCompleteMe,C:\Users\Zhifei Chen\Desktop\pysmell\subjects_for_metrics\YouCompleteMe\python\ycm\tests\syntax_parse_test.py,138,0,0,0,0
YouCompleteMe,C:\Users\Zhifei Chen\Desktop\pysmell\subjects_for_metrics\YouCompleteMe\python\ycm\tests\syntax_parse_test.py,148,0,0,0,0
YouCompleteMe,C:\Users\Zhifei Chen\Desktop\pysmell\subjects_for_metrics\YouCompleteMe\python\ycm\tests\syntax_parse_test.py,158,0,0,0,0
YouCompleteMe,C:\Users\Zhifei Chen\Desktop\pysmell\subjects_for_metrics\YouCompleteMe\python\ycm\tests\syntax_parse_test.py,166,0,0,0,0
YouCompleteMe,C:\Users\Zhifei Chen\Desktop\pysmell\subjects_for_metrics\YouCompleteMe\python\ycm\tests\syntax_parse_test.py,179,0,0,0,0
YouCompleteMe,C:\Users\Zhifei Chen\Desktop\pysmell\subjects_for_metrics\YouCompleteMe\python\ycm\tests\syntax_parse_test.py,190,0,0,0,0
YouCompleteMe,C:\Users\Zhifei Chen\Desktop\pysmell\subjects_for_metrics\YouCompleteMe\python\ycm\tests\syntax_parse_test.py,201,0,0,0,0
YouCompleteMe,C:\Users\Zhifei Chen\Desktop\pysmell\subjects_for_metrics\YouCompleteMe\python\ycm\tests\syntax_parse_test.py,214,0,0,0,0
YouCompleteMe,C:\Users\Zhifei Chen\Desktop\pysmell\subjects_for_metrics\YouCompleteMe\python\ycm\tests\syntax_parse_test.py,227,0,0,0,0
YouCompleteMe,C:\Users\Zhifei Chen\Desktop\pysmell\subjects_for_metrics\YouCompleteMe\python\ycm\tests\syntax_parse_test.py,246,3,0,0,0
YouCompleteMe,C:\Users\Zhifei Chen\Desktop\pysmell\subjects_for_metrics\YouCompleteMe\python\ycm\tests\syntax_parse_test.py,255,0,0,0,0
YouCompleteMe,C:\Users\Zhifei Chen\Desktop\pysmell\subjects_for_metrics\YouCompleteMe\python\ycm\tests\syntax_parse_test.py,264,0,0,0,0
YouCompleteMe,C:\Users\Zhifei Chen\Desktop\pysmell\subjects_for_metrics\YouCompleteMe\python\ycm\tests\syntax_parse_test.py,273,0,0,0,0
YouCompleteMe,C:\Users\Zhifei Chen\Desktop\pysmell\subjects_for_metrics\YouCompleteMe\python\ycm\tests\syntax_parse_test.py,283,0,0,0,0
YouCompleteMe,C:\Users\Zhifei Chen\Desktop\pysmell\subjects_for_metrics\YouCompleteMe\python\ycm\tests\syntax_parse_test.py,293,0,0,0,0
YouCompleteMe,C:\Users\Zhifei Chen\Desktop\pysmell\subjects_for_metrics\YouCompleteMe\python\ycm\tests\syntax_parse_test.py,302,0,0,0,0
YouCompleteMe,C:\Users\Zhifei Chen\Desktop\pysmell\subjects_for_metrics\YouCompleteMe\python\ycm\tests\syntax_parse_test.py,311,0,0,0,0
YouCompleteMe,C:\Users\Zhifei Chen\Desktop\pysmell\subjects_for_metrics\YouCompleteMe\python\ycm\tests\syntax_parse_test.py,320,0,0,0,0
YouCompleteMe,C:\Users\Zhifei Chen\Desktop\pysmell\subjects_for_metrics\YouCompleteMe\python\ycm\tests\vimsupport_test.py,28,41,1,1,0
YouCompleteMe,C:\Users\Zhifei Chen\Desktop\pysmell\subjects_for_metrics\YouCompleteMe\python\ycm\tests\vimsupport_test.py,84,11,0,0,0
YouCompleteMe,C:\Users\Zhifei Chen\Desktop\pysmell\subjects_for_metrics\YouCompleteMe\python\ycm\tests\vimsupport_test.py,101,11,0,0,0
YouCompleteMe,C:\Users\Zhifei Chen\Desktop\pysmell\subjects_for_metrics\YouCompleteMe\python\ycm\tests\vimsupport_test.py,118,11,0,0,0
YouCompleteMe,C:\Users\Zhifei Chen\Desktop\pysmell\subjects_for_metrics\YouCompleteMe\python\ycm\tests\vimsupport_test.py,134,11,0,0,0
YouCompleteMe,C:\Users\Zhifei Chen\Desktop\pysmell\subjects_for_metrics\YouCompleteMe\python\ycm\tests\vimsupport_test.py,150,11,0,0,0
YouCompleteMe,C:\Users\Zhifei Chen\Desktop\pysmell\subjects_for_metrics\YouCompleteMe\python\ycm\tests\vimsupport_test.py,166,11,0,0,0
YouCompleteMe,C:\Users\Zhifei Chen\Desktop\pysmell\subjects_for_metrics\YouCompleteMe\python\ycm\tests\vimsupport_test.py,182,11,0,0,0
YouCompleteMe,C:\Users\Zhifei Chen\Desktop\pysmell\subjects_for_metrics\YouCompleteMe\python\ycm\tests\vimsupport_test.py,198,11,0,0,0
YouCompleteMe,C:\Users\Zhifei Chen\Desktop\pysmell\subjects_for_metrics\YouCompleteMe\python\ycm\tests\vimsupport_test.py,214,8,0,0,0
YouCompleteMe,C:\Users\Zhifei Chen\Desktop\pysmell\subjects_for_metrics\YouCompleteMe\python\ycm\tests\vimsupport_test.py,225,26,1,0,0
YouCompleteMe,C:\Users\Zhifei Chen\Desktop\pysmell\subjects_for_metrics\YouCompleteMe\python\ycm\tests\vimsupport_test.py,258,12,0,0,0
YouCompleteMe,C:\Users\Zhifei Chen\Desktop\pysmell\subjects_for_metrics\YouCompleteMe\python\ycm\tests\vimsupport_test.py,273,12,0,0,0
YouCompleteMe,C:\Users\Zhifei Chen\Desktop\pysmell\subjects_for_metrics\YouCompleteMe\python\ycm\tests\vimsupport_test.py,288,12,0,0,0
YouCompleteMe,C:\Users\Zhifei Chen\Desktop\pysmell\subjects_for_metrics\YouCompleteMe\python\ycm\tests\vimsupport_test.py,303,35,1,1,0
YouCompleteMe,C:\Users\Zhifei Chen\Desktop\pysmell\subjects_for_metrics\YouCompleteMe\python\ycm\tests\vimsupport_test.py,347,34,1,1,0
YouCompleteMe,C:\Users\Zhifei Chen\Desktop\pysmell\subjects_for_metrics\YouCompleteMe\python\ycm\tests\vimsupport_test.py,392,8,0,0,0
YouCompleteMe,C:\Users\Zhifei Chen\Desktop\pysmell\subjects_for_metrics\YouCompleteMe\python\ycm\tests\vimsupport_test.py,403,12,0,0,0
YouCompleteMe,C:\Users\Zhifei Chen\Desktop\pysmell\subjects_for_metrics\YouCompleteMe\python\ycm\tests\vimsupport_test.py,418,8,0,0,0
YouCompleteMe,C:\Users\Zhifei Chen\Desktop\pysmell\subjects_for_metrics\YouCompleteMe\python\ycm\tests\vimsupport_test.py,429,8,0,0,0
YouCompleteMe,C:\Users\Zhifei Chen\Desktop\pysmell\subjects_for_metrics\YouCompleteMe\python\ycm\tests\vimsupport_test.py,440,8,0,0,0
YouCompleteMe,C:\Users\Zhifei Chen\Desktop\pysmell\subjects_for_metrics\YouCompleteMe\python\ycm\tests\vimsupport_test.py,451,8,0,0,0
YouCompleteMe,C:\Users\Zhifei Chen\Desktop\pysmell\subjects_for_metrics\YouCompleteMe\python\ycm\tests\vimsupport_test.py,462,8,0,0,0
YouCompleteMe,C:\Users\Zhifei Chen\Desktop\pysmell\subjects_for_metrics\YouCompleteMe\python\ycm\tests\vimsupport_test.py,473,8,0,0,0
YouCompleteMe,C:\Users\Zhifei Chen\Desktop\pysmell\subjects_for_metrics\YouCompleteMe\python\ycm\tests\vimsupport_test.py,484,8,0,0,0
YouCompleteMe,C:\Users\Zhifei Chen\Desktop\pysmell\subjects_for_metrics\YouCompleteMe\python\ycm\tests\vimsupport_test.py,495,8,0,0,0
YouCompleteMe,C:\Users\Zhifei Chen\Desktop\pysmell\subjects_for_metrics\YouCompleteMe\python\ycm\tests\vimsupport_test.py,506,8,0,0,0
YouCompleteMe,C:\Users\Zhifei Chen\Desktop\pysmell\subjects_for_metrics\YouCompleteMe\python\ycm\tests\vimsupport_test.py,517,12,0,0,0
YouCompleteMe,C:\Users\Zhifei Chen\Desktop\pysmell\subjects_for_metrics\YouCompleteMe\python\ycm\tests\vimsupport_test.py,532,6,0,0,0
YouCompleteMe,C:\Users\Zhifei Chen\Desktop\pysmell\subjects_for_metrics\YouCompleteMe\python\ycm\tests\vimsupport_test.py,542,7,0,0,0
YouCompleteMe,C:\Users\Zhifei Chen\Desktop\pysmell\subjects_for_metrics\YouCompleteMe\python\ycm\tests\vimsupport_test.py,555,7,0,0,0
YouCompleteMe,C:\Users\Zhifei Chen\Desktop\pysmell\subjects_for_metrics\YouCompleteMe\python\ycm\tests\vimsupport_test.py,568,9,0,0,0
YouCompleteMe,C:\Users\Zhifei Chen\Desktop\pysmell\subjects_for_metrics\YouCompleteMe\python\ycm\tests\vimsupport_test.py,585,3,0,0,0
YouCompleteMe,C:\Users\Zhifei Chen\Desktop\pysmell\subjects_for_metrics\YouCompleteMe\python\ycm\tests\vimsupport_test.py,592,18,0,0,0
YouCompleteMe,C:\Users\Zhifei Chen\Desktop\pysmell\subjects_for_metrics\YouCompleteMe\python\ycm\tests\vimsupport_test.py,618,6,0,0,0
YouCompleteMe,C:\Users\Zhifei Chen\Desktop\pysmell\subjects_for_metrics\YouCompleteMe\python\ycm\tests\vimsupport_test.py,628,12,0,0,0
YouCompleteMe,C:\Users\Zhifei Chen\Desktop\pysmell\subjects_for_metrics\YouCompleteMe\python\ycm\tests\vimsupport_test.py,647,13,0,0,0
YouCompleteMe,C:\Users\Zhifei Chen\Desktop\pysmell\subjects_for_metrics\YouCompleteMe\third_party\pythonfutures\crawl.py,28,2,0,0,0
YouCompleteMe,C:\Users\Zhifei Chen\Desktop\pysmell\subjects_for_metrics\YouCompleteMe\third_party\pythonfutures\crawl.py,32,7,0,0,0
YouCompleteMe,C:\Users\Zhifei Chen\Desktop\pysmell\subjects_for_metrics\YouCompleteMe\third_party\pythonfutures\crawl.py,41,10,0,0,0
YouCompleteMe,C:\Users\Zhifei Chen\Desktop\pysmell\subjects_for_metrics\YouCompleteMe\third_party\pythonfutures\crawl.py,56,15,0,0,0
YouCompleteMe,C:\Users\Zhifei Chen\Desktop\pysmell\subjects_for_metrics\YouCompleteMe\third_party\pythonfutures\primes.py,17,7,0,0,0
YouCompleteMe,C:\Users\Zhifei Chen\Desktop\pysmell\subjects_for_metrics\YouCompleteMe\third_party\pythonfutures\primes.py,27,1,0,0,0
YouCompleteMe,C:\Users\Zhifei Chen\Desktop\pysmell\subjects_for_metrics\YouCompleteMe\third_party\pythonfutures\primes.py,30,2,0,0,0
YouCompleteMe,C:\Users\Zhifei Chen\Desktop\pysmell\subjects_for_metrics\YouCompleteMe\third_party\pythonfutures\primes.py,34,2,0,0,0
YouCompleteMe,C:\Users\Zhifei Chen\Desktop\pysmell\subjects_for_metrics\YouCompleteMe\third_party\pythonfutures\primes.py,38,8,0,0,0
YouCompleteMe,C:\Users\Zhifei Chen\Desktop\pysmell\subjects_for_metrics\YouCompleteMe\third_party\pythonfutures\test_futures.py,37,2,0,0,0
YouCompleteMe,C:\Users\Zhifei Chen\Desktop\pysmell\subjects_for_metrics\YouCompleteMe\third_party\pythonfutures\test_futures.py,42,5,0,0,0
YouCompleteMe,C:\Users\Zhifei Chen\Desktop\pysmell\subjects_for_metrics\YouCompleteMe\third_party\pythonfutures\test_futures.py,53,21,0,0,0
YouCompleteMe,C:\Users\Zhifei Chen\Desktop\pysmell\subjects_for_metrics\YouCompleteMe\third_party\pythonfutures\test_futures.py,84,1,0,0,0
YouCompleteMe,C:\Users\Zhifei Chen\Desktop\pysmell\subjects_for_metrics\YouCompleteMe\third_party\pythonfutures\test_futures.py,92,2,0,0,0
YouCompleteMe,C:\Users\Zhifei Chen\Desktop\pysmell\subjects_for_metrics\YouCompleteMe\third_party\pythonfutures\test_futures.py,103,7,0,0,0
YouCompleteMe,C:\Users\Zhifei Chen\Desktop\pysmell\subjects_for_metrics\YouCompleteMe\third_party\pythonfutures\test_futures.py,117,5,0,0,0
YouCompleteMe,C:\Users\Zhifei Chen\Desktop\pysmell\subjects_for_metrics\YouCompleteMe\third_party\pythonfutures\test_futures.py,133,1,0,0,0
YouCompleteMe,C:\Users\Zhifei Chen\Desktop\pysmell\subjects_for_metrics\YouCompleteMe\third_party\pythonfutures\test_futures.py,137,1,0,0,0
YouCompleteMe,C:\Users\Zhifei Chen\Desktop\pysmell\subjects_for_metrics\YouCompleteMe\third_party\pythonfutures\test_futures.py,141,2,0,0,0
YouCompleteMe,C:\Users\Zhifei Chen\Desktop\pysmell\subjects_for_metrics\YouCompleteMe\third_party\pythonfutures\test_futures.py,150,7,0,0,0
YouCompleteMe,C:\Users\Zhifei Chen\Desktop\pysmell\subjects_for_metrics\YouCompleteMe\third_party\pythonfutures\test_futures.py,159,4,0,0,0
YouCompleteMe,C:\Users\Zhifei Chen\Desktop\pysmell\subjects_for_metrics\YouCompleteMe\third_party\pythonfutures\test_futures.py,166,3,0,0,0
YouCompleteMe,C:\Users\Zhifei Chen\Desktop\pysmell\subjects_for_metrics\YouCompleteMe\third_party\pythonfutures\test_futures.py,185,3,0,0,0
YouCompleteMe,C:\Users\Zhifei Chen\Desktop\pysmell\subjects_for_metrics\YouCompleteMe\third_party\pythonfutures\test_futures.py,191,4,0,0,0
YouCompleteMe,C:\Users\Zhifei Chen\Desktop\pysmell\subjects_for_metrics\YouCompleteMe\third_party\pythonfutures\test_futures.py,205,4,0,0,0
YouCompleteMe,C:\Users\Zhifei Chen\Desktop\pysmell\subjects_for_metrics\YouCompleteMe\third_party\pythonfutures\test_futures.py,213,1,0,0,0
YouCompleteMe,C:\Users\Zhifei Chen\Desktop\pysmell\subjects_for_metrics\YouCompleteMe\third_party\pythonfutures\test_futures.py,216,6,0,0,0
YouCompleteMe,C:\Users\Zhifei Chen\Desktop\pysmell\subjects_for_metrics\YouCompleteMe\third_party\pythonfutures\test_futures.py,225,6,0,0,0
YouCompleteMe,C:\Users\Zhifei Chen\Desktop\pysmell\subjects_for_metrics\YouCompleteMe\third_party\pythonfutures\test_futures.py,234,6,0,0,0
YouCompleteMe,C:\Users\Zhifei Chen\Desktop\pysmell\subjects_for_metrics\YouCompleteMe\third_party\pythonfutures\test_futures.py,245,1,0,0,0
YouCompleteMe,C:\Users\Zhifei Chen\Desktop\pysmell\subjects_for_metrics\YouCompleteMe\third_party\pythonfutures\test_futures.py,248,7,0,0,0
YouCompleteMe,C:\Users\Zhifei Chen\Desktop\pysmell\subjects_for_metrics\YouCompleteMe\third_party\pythonfutures\test_futures.py,259,6,0,0,0
YouCompleteMe,C:\Users\Zhifei Chen\Desktop\pysmell\subjects_for_metrics\YouCompleteMe\third_party\pythonfutures\test_futures.py,268,8,0,0,0
YouCompleteMe,C:\Users\Zhifei Chen\Desktop\pysmell\subjects_for_metrics\YouCompleteMe\third_party\pythonfutures\test_futures.py,282,6,0,0,0
YouCompleteMe,C:\Users\Zhifei Chen\Desktop\pysmell\subjects_for_metrics\YouCompleteMe\third_party\pythonfutures\test_futures.py,293,7,0,0,0
YouCompleteMe,C:\Users\Zhifei Chen\Desktop\pysmell\subjects_for_metrics\YouCompleteMe\third_party\pythonfutures\test_futures.py,305,7,0,0,0
YouCompleteMe,C:\Users\Zhifei Chen\Desktop\pysmell\subjects_for_metrics\YouCompleteMe\third_party\pythonfutures\test_futures.py,317,11,0,0,0
YouCompleteMe,C:\Users\Zhifei Chen\Desktop\pysmell\subjects_for_metrics\YouCompleteMe\third_party\pythonfutures\test_futures.py,333,5,0,0,0
YouCompleteMe,C:\Users\Zhifei Chen\Desktop\pysmell\subjects_for_metrics\YouCompleteMe\third_party\pythonfutures\test_futures.py,343,14,0,0,0
YouCompleteMe,C:\Users\Zhifei Chen\Desktop\pysmell\subjects_for_metrics\YouCompleteMe\third_party\pythonfutures\test_futures.py,362,12,0,0,0
YouCompleteMe,C:\Users\Zhifei Chen\Desktop\pysmell\subjects_for_metrics\YouCompleteMe\third_party\pythonfutures\test_futures.py,383,9,0,0,0
YouCompleteMe,C:\Users\Zhifei Chen\Desktop\pysmell\subjects_for_metrics\YouCompleteMe\third_party\pythonfutures\test_futures.py,387,0,0,0,0
YouCompleteMe,C:\Users\Zhifei Chen\Desktop\pysmell\subjects_for_metrics\YouCompleteMe\third_party\pythonfutures\test_futures.py,405,13,0,0,0
YouCompleteMe,C:\Users\Zhifei Chen\Desktop\pysmell\subjects_for_metrics\YouCompleteMe\third_party\pythonfutures\test_futures.py,421,15,0,0,0
YouCompleteMe,C:\Users\Zhifei Chen\Desktop\pysmell\subjects_for_metrics\YouCompleteMe\third_party\pythonfutures\test_futures.py,452,2,0,0,0
YouCompleteMe,C:\Users\Zhifei Chen\Desktop\pysmell\subjects_for_metrics\YouCompleteMe\third_party\pythonfutures\test_futures.py,456,2,0,0,0
YouCompleteMe,C:\Users\Zhifei Chen\Desktop\pysmell\subjects_for_metrics\YouCompleteMe\third_party\pythonfutures\test_futures.py,460,0,0,0,0
YouCompleteMe,C:\Users\Zhifei Chen\Desktop\pysmell\subjects_for_metrics\YouCompleteMe\third_party\pythonfutures\test_futures.py,465,4,0,0,0
YouCompleteMe,C:\Users\Zhifei Chen\Desktop\pysmell\subjects_for_metrics\YouCompleteMe\third_party\pythonfutures\test_futures.py,471,9,0,0,0
YouCompleteMe,C:\Users\Zhifei Chen\Desktop\pysmell\subjects_for_metrics\YouCompleteMe\third_party\pythonfutures\test_futures.py,495,6,0,0,0
YouCompleteMe,C:\Users\Zhifei Chen\Desktop\pysmell\subjects_for_metrics\YouCompleteMe\third_party\pythonfutures\test_futures.py,497,1,0,0,0
YouCompleteMe,C:\Users\Zhifei Chen\Desktop\pysmell\subjects_for_metrics\YouCompleteMe\third_party\pythonfutures\test_futures.py,505,6,0,0,0
YouCompleteMe,C:\Users\Zhifei Chen\Desktop\pysmell\subjects_for_metrics\YouCompleteMe\third_party\pythonfutures\test_futures.py,507,1,0,0,0
YouCompleteMe,C:\Users\Zhifei Chen\Desktop\pysmell\subjects_for_metrics\YouCompleteMe\third_party\pythonfutures\test_futures.py,515,6,0,0,0
YouCompleteMe,C:\Users\Zhifei Chen\Desktop\pysmell\subjects_for_metrics\YouCompleteMe\third_party\pythonfutures\test_futures.py,517,1,0,0,0
YouCompleteMe,C:\Users\Zhifei Chen\Desktop\pysmell\subjects_for_metrics\YouCompleteMe\third_party\pythonfutures\test_futures.py,525,12,0,0,0
YouCompleteMe,C:\Users\Zhifei Chen\Desktop\pysmell\subjects_for_metrics\YouCompleteMe\third_party\pythonfutures\test_futures.py,530,2,0,0,0
YouCompleteMe,C:\Users\Zhifei Chen\Desktop\pysmell\subjects_for_metrics\YouCompleteMe\third_party\pythonfutures\test_futures.py,534,1,0,0,0
YouCompleteMe,C:\Users\Zhifei Chen\Desktop\pysmell\subjects_for_metrics\YouCompleteMe\third_party\pythonfutures\test_futures.py,545,6,0,0,0
YouCompleteMe,C:\Users\Zhifei Chen\Desktop\pysmell\subjects_for_metrics\YouCompleteMe\third_party\pythonfutures\test_futures.py,547,1,0,0,0
YouCompleteMe,C:\Users\Zhifei Chen\Desktop\pysmell\subjects_for_metrics\YouCompleteMe\third_party\pythonfutures\test_futures.py,555,6,0,0,0
YouCompleteMe,C:\Users\Zhifei Chen\Desktop\pysmell\subjects_for_metrics\YouCompleteMe\third_party\pythonfutures\test_futures.py,557,1,0,0,0
YouCompleteMe,C:\Users\Zhifei Chen\Desktop\pysmell\subjects_for_metrics\YouCompleteMe\third_party\pythonfutures\test_futures.py,565,6,0,0,0
YouCompleteMe,C:\Users\Zhifei Chen\Desktop\pysmell\subjects_for_metrics\YouCompleteMe\third_party\pythonfutures\test_futures.py,567,1,0,0,0
YouCompleteMe,C:\Users\Zhifei Chen\Desktop\pysmell\subjects_for_metrics\YouCompleteMe\third_party\pythonfutures\test_futures.py,575,12,0,0,0
YouCompleteMe,C:\Users\Zhifei Chen\Desktop\pysmell\subjects_for_metrics\YouCompleteMe\third_party\pythonfutures\test_futures.py,591,18,0,0,0
YouCompleteMe,C:\Users\Zhifei Chen\Desktop\pysmell\subjects_for_metrics\YouCompleteMe\third_party\pythonfutures\test_futures.py,617,5,0,0,0
YouCompleteMe,C:\Users\Zhifei Chen\Desktop\pysmell\subjects_for_metrics\YouCompleteMe\third_party\pythonfutures\test_futures.py,625,5,0,0,0
YouCompleteMe,C:\Users\Zhifei Chen\Desktop\pysmell\subjects_for_metrics\YouCompleteMe\third_party\pythonfutures\test_futures.py,633,5,0,0,0
YouCompleteMe,C:\Users\Zhifei Chen\Desktop\pysmell\subjects_for_metrics\YouCompleteMe\third_party\pythonfutures\test_futures.py,641,8,0,0,0
YouCompleteMe,C:\Users\Zhifei Chen\Desktop\pysmell\subjects_for_metrics\YouCompleteMe\third_party\pythonfutures\test_futures.py,653,5,0,0,0
YouCompleteMe,C:\Users\Zhifei Chen\Desktop\pysmell\subjects_for_metrics\YouCompleteMe\third_party\pythonfutures\test_futures.py,655,1,0,0,0
YouCompleteMe,C:\Users\Zhifei Chen\Desktop\pysmell\subjects_for_metrics\YouCompleteMe\third_party\pythonfutures\test_futures.py,666,5,0,0,0
YouCompleteMe,C:\Users\Zhifei Chen\Desktop\pysmell\subjects_for_metrics\YouCompleteMe\third_party\pythonfutures\test_futures.py,668,1,0,0,0
YouCompleteMe,C:\Users\Zhifei Chen\Desktop\pysmell\subjects_for_metrics\YouCompleteMe\third_party\pythonfutures\test_futures.py,679,9,0,0,0
YouCompleteMe,C:\Users\Zhifei Chen\Desktop\pysmell\subjects_for_metrics\YouCompleteMe\third_party\pythonfutures\test_futures.py,692,5,0,0,0
YouCompleteMe,C:\Users\Zhifei Chen\Desktop\pysmell\subjects_for_metrics\YouCompleteMe\third_party\pythonfutures\test_futures.py,693,4,0,0,0
YouCompleteMe,C:\Users\Zhifei Chen\Desktop\pysmell\subjects_for_metrics\YouCompleteMe\third_party\pythonfutures\test_futures.py,707,12,0,0,0
YouCompleteMe,C:\Users\Zhifei Chen\Desktop\pysmell\subjects_for_metrics\YouCompleteMe\third_party\pythonfutures\concurrent\futures\process.py,79,7,0,0,0
YouCompleteMe,C:\Users\Zhifei Chen\Desktop\pysmell\subjects_for_metrics\YouCompleteMe\third_party\pythonfutures\concurrent\futures\process.py,95,4,0,0,0
YouCompleteMe,C:\Users\Zhifei Chen\Desktop\pysmell\subjects_for_metrics\YouCompleteMe\third_party\pythonfutures\concurrent\futures\process.py,102,3,0,0,0
YouCompleteMe,C:\Users\Zhifei Chen\Desktop\pysmell\subjects_for_metrics\YouCompleteMe\third_party\pythonfutures\concurrent\futures\process.py,108,4,0,0,0
YouCompleteMe,C:\Users\Zhifei Chen\Desktop\pysmell\subjects_for_metrics\YouCompleteMe\third_party\pythonfutures\concurrent\futures\process.py,114,11,0,0,0
YouCompleteMe,C:\Users\Zhifei Chen\Desktop\pysmell\subjects_for_metrics\YouCompleteMe\third_party\pythonfutures\concurrent\futures\process.py,143,15,0,0,0
YouCompleteMe,C:\Users\Zhifei Chen\Desktop\pysmell\subjects_for_metrics\YouCompleteMe\third_party\pythonfutures\concurrent\futures\process.py,180,23,0,0,0
YouCompleteMe,C:\Users\Zhifei Chen\Desktop\pysmell\subjects_for_metrics\YouCompleteMe\third_party\pythonfutures\concurrent\futures\process.py,205,2,0,0,0
YouCompleteMe,C:\Users\Zhifei Chen\Desktop\pysmell\subjects_for_metrics\YouCompleteMe\third_party\pythonfutures\concurrent\futures\process.py,246,16,0,0,0
YouCompleteMe,C:\Users\Zhifei Chen\Desktop\pysmell\subjects_for_metrics\YouCompleteMe\third_party\pythonfutures\concurrent\futures\process.py,270,14,0,0,0
YouCompleteMe,C:\Users\Zhifei Chen\Desktop\pysmell\subjects_for_metrics\YouCompleteMe\third_party\pythonfutures\concurrent\futures\process.py,301,6,0,0,0
YouCompleteMe,C:\Users\Zhifei Chen\Desktop\pysmell\subjects_for_metrics\YouCompleteMe\third_party\pythonfutures\concurrent\futures\process.py,304,0,0,0,0
YouCompleteMe,C:\Users\Zhifei Chen\Desktop\pysmell\subjects_for_metrics\YouCompleteMe\third_party\pythonfutures\concurrent\futures\process.py,319,4,0,0,0
YouCompleteMe,C:\Users\Zhifei Chen\Desktop\pysmell\subjects_for_metrics\YouCompleteMe\third_party\pythonfutures\concurrent\futures\process.py,328,12,0,0,0
YouCompleteMe,C:\Users\Zhifei Chen\Desktop\pysmell\subjects_for_metrics\YouCompleteMe\third_party\pythonfutures\concurrent\futures\process.py,347,10,0,0,0
YouCompleteMe,C:\Users\Zhifei Chen\Desktop\pysmell\subjects_for_metrics\YouCompleteMe\third_party\pythonfutures\concurrent\futures\thread.py,38,7,0,0,0
YouCompleteMe,C:\Users\Zhifei Chen\Desktop\pysmell\subjects_for_metrics\YouCompleteMe\third_party\pythonfutures\concurrent\futures\thread.py,50,4,0,0,0
YouCompleteMe,C:\Users\Zhifei Chen\Desktop\pysmell\subjects_for_metrics\YouCompleteMe\third_party\pythonfutures\concurrent\futures\thread.py,56,8,0,0,0
YouCompleteMe,C:\Users\Zhifei Chen\Desktop\pysmell\subjects_for_metrics\YouCompleteMe\third_party\pythonfutures\concurrent\futures\thread.py,68,13,0,0,0
YouCompleteMe,C:\Users\Zhifei Chen\Desktop\pysmell\subjects_for_metrics\YouCompleteMe\third_party\pythonfutures\concurrent\futures\thread.py,89,5,0,0,0
YouCompleteMe,C:\Users\Zhifei Chen\Desktop\pysmell\subjects_for_metrics\YouCompleteMe\third_party\pythonfutures\concurrent\futures\thread.py,102,8,0,0,0
YouCompleteMe,C:\Users\Zhifei Chen\Desktop\pysmell\subjects_for_metrics\YouCompleteMe\third_party\pythonfutures\concurrent\futures\thread.py,115,7,0,0,0
YouCompleteMe,C:\Users\Zhifei Chen\Desktop\pysmell\subjects_for_metrics\YouCompleteMe\third_party\pythonfutures\concurrent\futures\thread.py,118,0,0,0,0
YouCompleteMe,C:\Users\Zhifei Chen\Desktop\pysmell\subjects_for_metrics\YouCompleteMe\third_party\pythonfutures\concurrent\futures\thread.py,131,6,0,0,0
YouCompleteMe,C:\Users\Zhifei Chen\Desktop\pysmell\subjects_for_metrics\YouCompleteMe\third_party\pythonfutures\concurrent\futures\_base.py,63,2,0,0,0
YouCompleteMe,C:\Users\Zhifei Chen\Desktop\pysmell\subjects_for_metrics\YouCompleteMe\third_party\pythonfutures\concurrent\futures\_base.py,67,0,0,0,0
YouCompleteMe,C:\Users\Zhifei Chen\Desktop\pysmell\subjects_for_metrics\YouCompleteMe\third_party\pythonfutures\concurrent\futures\_base.py,70,0,0,0,0
YouCompleteMe,C:\Users\Zhifei Chen\Desktop\pysmell\subjects_for_metrics\YouCompleteMe\third_party\pythonfutures\concurrent\futures\_base.py,73,0,0,0,0
YouCompleteMe,C:\Users\Zhifei Chen\Desktop\pysmell\subjects_for_metrics\YouCompleteMe\third_party\pythonfutures\concurrent\futures\_base.py,79,1,0,0,0
YouCompleteMe,C:\Users\Zhifei Chen\Desktop\pysmell\subjects_for_metrics\YouCompleteMe\third_party\pythonfutures\concurrent\futures\_base.py,83,3,0,0,0
YouCompleteMe,C:\Users\Zhifei Chen\Desktop\pysmell\subjects_for_metrics\YouCompleteMe\third_party\pythonfutures\concurrent\futures\_base.py,88,3,0,0,0
YouCompleteMe,C:\Users\Zhifei Chen\Desktop\pysmell\subjects_for_metrics\YouCompleteMe\third_party\pythonfutures\concurrent\futures\_base.py,93,3,0,0,0
YouCompleteMe,C:\Users\Zhifei Chen\Desktop\pysmell\subjects_for_metrics\YouCompleteMe\third_party\pythonfutures\concurrent\futures\_base.py,101,1,0,0,0
YouCompleteMe,C:\Users\Zhifei Chen\Desktop\pysmell\subjects_for_metrics\YouCompleteMe\third_party\pythonfutures\concurrent\futures\_base.py,105,1,0,0,0
YouCompleteMe,C:\Users\Zhifei Chen\Desktop\pysmell\subjects_for_metrics\YouCompleteMe\third_party\pythonfutures\concurrent\futures\_base.py,109,1,0,0,0
YouCompleteMe,C:\Users\Zhifei Chen\Desktop\pysmell\subjects_for_metrics\YouCompleteMe\third_party\pythonfutures\concurrent\futures\_base.py,116,4,0,0,0
YouCompleteMe,C:\Users\Zhifei Chen\Desktop\pysmell\subjects_for_metrics\YouCompleteMe\third_party\pythonfutures\concurrent\futures\_base.py,122,4,0,0,0
YouCompleteMe,C:\Users\Zhifei Chen\Desktop\pysmell\subjects_for_metrics\YouCompleteMe\third_party\pythonfutures\concurrent\futures\_base.py,128,1,0,0,0
YouCompleteMe,C:\Users\Zhifei Chen\Desktop\pysmell\subjects_for_metrics\YouCompleteMe\third_party\pythonfutures\concurrent\futures\_base.py,132,3,0,0,0
YouCompleteMe,C:\Users\Zhifei Chen\Desktop\pysmell\subjects_for_metrics\YouCompleteMe\third_party\pythonfutures\concurrent\futures\_base.py,139,1,0,0,0
YouCompleteMe,C:\Users\Zhifei Chen\Desktop\pysmell\subjects_for_metrics\YouCompleteMe\third_party\pythonfutures\concurrent\futures\_base.py,146,1,0,0,0
YouCompleteMe,C:\Users\Zhifei Chen\Desktop\pysmell\subjects_for_metrics\YouCompleteMe\third_party\pythonfutures\concurrent\futures\_base.py,149,2,0,0,0
YouCompleteMe,C:\Users\Zhifei Chen\Desktop\pysmell\subjects_for_metrics\YouCompleteMe\third_party\pythonfutures\concurrent\futures\_base.py,153,2,0,0,0
YouCompleteMe,C:\Users\Zhifei Chen\Desktop\pysmell\subjects_for_metrics\YouCompleteMe\third_party\pythonfutures\concurrent\futures\_base.py,157,14,0,0,0
YouCompleteMe,C:\Users\Zhifei Chen\Desktop\pysmell\subjects_for_metrics\YouCompleteMe\third_party\pythonfutures\concurrent\futures\_base.py,178,28,1,1,0
YouCompleteMe,C:\Users\Zhifei Chen\Desktop\pysmell\subjects_for_metrics\YouCompleteMe\third_party\pythonfutures\concurrent\futures\_base.py,236,16,0,0,0
YouCompleteMe,C:\Users\Zhifei Chen\Desktop\pysmell\subjects_for_metrics\YouCompleteMe\third_party\pythonfutures\concurrent\futures\_base.py,287,6,0,0,0
YouCompleteMe,C:\Users\Zhifei Chen\Desktop\pysmell\subjects_for_metrics\YouCompleteMe\third_party\pythonfutures\concurrent\futures\_base.py,296,5,0,0,0
YouCompleteMe,C:\Users\Zhifei Chen\Desktop\pysmell\subjects_for_metrics\YouCompleteMe\third_party\pythonfutures\concurrent\futures\_base.py,303,14,0,0,0
YouCompleteMe,C:\Users\Zhifei Chen\Desktop\pysmell\subjects_for_metrics\YouCompleteMe\third_party\pythonfutures\concurrent\futures\_base.py,320,9,0,0,0
YouCompleteMe,C:\Users\Zhifei Chen\Desktop\pysmell\subjects_for_metrics\YouCompleteMe\third_party\pythonfutures\concurrent\futures\_base.py,339,2,0,0,0
YouCompleteMe,C:\Users\Zhifei Chen\Desktop\pysmell\subjects_for_metrics\YouCompleteMe\third_party\pythonfutures\concurrent\futures\_base.py,344,2,0,0,0
YouCompleteMe,C:\Users\Zhifei Chen\Desktop\pysmell\subjects_for_metrics\YouCompleteMe\third_party\pythonfutures\concurrent\futures\_base.py,349,2,0,0,0
YouCompleteMe,C:\Users\Zhifei Chen\Desktop\pysmell\subjects_for_metrics\YouCompleteMe\third_party\pythonfutures\concurrent\futures\_base.py,354,3,0,0,0
YouCompleteMe,C:\Users\Zhifei Chen\Desktop\pysmell\subjects_for_metrics\YouCompleteMe\third_party\pythonfutures\concurrent\futures\_base.py,360,5,0,0,0
YouCompleteMe,C:\Users\Zhifei Chen\Desktop\pysmell\subjects_for_metrics\YouCompleteMe\third_party\pythonfutures\concurrent\futures\_base.py,377,11,0,0,0
YouCompleteMe,C:\Users\Zhifei Chen\Desktop\pysmell\subjects_for_metrics\YouCompleteMe\third_party\pythonfutures\concurrent\futures\_base.py,408,11,0,0,0
YouCompleteMe,C:\Users\Zhifei Chen\Desktop\pysmell\subjects_for_metrics\YouCompleteMe\third_party\pythonfutures\concurrent\futures\_base.py,442,13,0,0,0
YouCompleteMe,C:\Users\Zhifei Chen\Desktop\pysmell\subjects_for_metrics\YouCompleteMe\third_party\pythonfutures\concurrent\futures\_base.py,482,7,0,0,0
YouCompleteMe,C:\Users\Zhifei Chen\Desktop\pysmell\subjects_for_metrics\YouCompleteMe\third_party\pythonfutures\concurrent\futures\_base.py,495,7,0,0,0
YouCompleteMe,C:\Users\Zhifei Chen\Desktop\pysmell\subjects_for_metrics\YouCompleteMe\third_party\pythonfutures\concurrent\futures\_base.py,511,1,0,0,0
YouCompleteMe,C:\Users\Zhifei Chen\Desktop\pysmell\subjects_for_metrics\YouCompleteMe\third_party\pythonfutures\concurrent\futures\_base.py,522,11,0,0,0
YouCompleteMe,C:\Users\Zhifei Chen\Desktop\pysmell\subjects_for_metrics\YouCompleteMe\third_party\pythonfutures\concurrent\futures\_base.py,556,1,0,0,0
YouCompleteMe,C:\Users\Zhifei Chen\Desktop\pysmell\subjects_for_metrics\YouCompleteMe\third_party\pythonfutures\concurrent\futures\_base.py,569,1,0,0,0
YouCompleteMe,C:\Users\Zhifei Chen\Desktop\pysmell\subjects_for_metrics\YouCompleteMe\third_party\pythonfutures\concurrent\futures\_base.py,572,1,0,0,0
YouCompleteMe,C:\Users\Zhifei Chen\Desktop\pysmell\subjects_for_metrics\YouCompleteMe\third_party\pythonfutures\concurrent\futures\_compat.py,6,35,1,1,0
YouCompleteMe,C:\Users\Zhifei Chen\Desktop\pysmell\subjects_for_metrics\YouCompleteMe\third_party\retries\retries.py,29,1,0,0,0
YouCompleteMe,C:\Users\Zhifei Chen\Desktop\pysmell\subjects_for_metrics\YouCompleteMe\third_party\retries\retries.py,38,2,0,0,0
YouCompleteMe,C:\Users\Zhifei Chen\Desktop\pysmell\subjects_for_metrics\YouCompleteMe\third_party\retries\retries.py,61,2,0,0,0
YouCompleteMe,C:\Users\Zhifei Chen\Desktop\pysmell\subjects_for_metrics\YouCompleteMe\third_party\retries\retries.py,62,14,0,0,0
