subject,file,lineno,CLOC,experience-based,statistics-based,tuning machine
locust,C:\Users\Zhifei Chen\Desktop\pysmell\subjects_for_metrics\locust\setup.py,9,5,0,0,0
locust,C:\Users\Zhifei Chen\Desktop\pysmell\subjects_for_metrics\locust\examples\basic.py,9,3,0,0,0
locust,C:\Users\Zhifei Chen\Desktop\pysmell\subjects_for_metrics\locust\examples\basic.py,18,5,0,0,0
locust,C:\Users\Zhifei Chen\Desktop\pysmell\subjects_for_metrics\locust\examples\events.py,10,3,0,0,0
locust,C:\Users\Zhifei Chen\Desktop\pysmell\subjects_for_metrics\locust\examples\events.py,19,5,0,0,0
locust,C:\Users\Zhifei Chen\Desktop\pysmell\subjects_for_metrics\locust\examples\custom_xmlrpc_client\xmlrpc_locustfile.py,7,2,0,0,0
locust,C:\Users\Zhifei Chen\Desktop\pysmell\subjects_for_metrics\locust\examples\custom_xmlrpc_client\xmlrpc_locustfile.py,31,2,0,0,0
locust,C:\Users\Zhifei Chen\Desktop\pysmell\subjects_for_metrics\locust\examples\custom_xmlrpc_client\xmlrpc_locustfile.py,41,5,0,0,0
locust,C:\Users\Zhifei Chen\Desktop\pysmell\subjects_for_metrics\locust\examples\custom_xmlrpc_client\xmlrpc_locustfile.py,47,3,0,0,0
locust,C:\Users\Zhifei Chen\Desktop\pysmell\subjects_for_metrics\locust\locust\clients.py,18,2,0,0,0
locust,C:\Users\Zhifei Chen\Desktop\pysmell\subjects_for_metrics\locust\locust\clients.py,26,5,0,0,0
locust,C:\Users\Zhifei Chen\Desktop\pysmell\subjects_for_metrics\locust\locust\clients.py,168,7,0,0,0
locust,C:\Users\Zhifei Chen\Desktop\pysmell\subjects_for_metrics\locust\locust\core.py,55,2,0,0,0
locust,C:\Users\Zhifei Chen\Desktop\pysmell\subjects_for_metrics\locust\locust\core.py,64,17,0,0,0
locust,C:\Users\Zhifei Chen\Desktop\pysmell\subjects_for_metrics\locust\locust\core.py,109,4,0,0,0
locust,C:\Users\Zhifei Chen\Desktop\pysmell\subjects_for_metrics\locust\locust\core.py,134,2,0,0,0
locust,C:\Users\Zhifei Chen\Desktop\pysmell\subjects_for_metrics\locust\locust\core.py,168,22,0,0,0
locust,C:\Users\Zhifei Chen\Desktop\pysmell\subjects_for_metrics\locust\locust\events.py,1,5,0,0,0
locust,C:\Users\Zhifei Chen\Desktop\pysmell\subjects_for_metrics\locust\locust\exception.py,1,2,0,0,0
locust,C:\Users\Zhifei Chen\Desktop\pysmell\subjects_for_metrics\locust\locust\exception.py,4,2,0,0,0
locust,C:\Users\Zhifei Chen\Desktop\pysmell\subjects_for_metrics\locust\locust\exception.py,7,2,0,0,0
locust,C:\Users\Zhifei Chen\Desktop\pysmell\subjects_for_metrics\locust\locust\exception.py,10,2,0,0,0
locust,C:\Users\Zhifei Chen\Desktop\pysmell\subjects_for_metrics\locust\locust\exception.py,22,2,0,0,0
locust,C:\Users\Zhifei Chen\Desktop\pysmell\subjects_for_metrics\locust\locust\exception.py,25,1,0,0,0
locust,C:\Users\Zhifei Chen\Desktop\pysmell\subjects_for_metrics\locust\locust\exception.py,33,1,0,0,0
locust,C:\Users\Zhifei Chen\Desktop\pysmell\subjects_for_metrics\locust\locust\log.py,21,2,0,0,0
locust,C:\Users\Zhifei Chen\Desktop\pysmell\subjects_for_metrics\locust\locust\log.py,28,2,0,0,0
locust,C:\Users\Zhifei Chen\Desktop\pysmell\subjects_for_metrics\locust\locust\runners.py,28,11,0,0,0
locust,C:\Users\Zhifei Chen\Desktop\pysmell\subjects_for_metrics\locust\locust\runners.py,190,3,0,0,0
locust,C:\Users\Zhifei Chen\Desktop\pysmell\subjects_for_metrics\locust\locust\runners.py,204,3,0,0,0
locust,C:\Users\Zhifei Chen\Desktop\pysmell\subjects_for_metrics\locust\locust\runners.py,216,2,0,0,0
locust,C:\Users\Zhifei Chen\Desktop\pysmell\subjects_for_metrics\locust\locust\runners.py,222,8,0,0,0
locust,C:\Users\Zhifei Chen\Desktop\pysmell\subjects_for_metrics\locust\locust\runners.py,226,5,0,0,0
locust,C:\Users\Zhifei Chen\Desktop\pysmell\subjects_for_metrics\locust\locust\runners.py,348,4,0,0,0
locust,C:\Users\Zhifei Chen\Desktop\pysmell\subjects_for_metrics\locust\locust\stats.py,11,2,0,0,0
locust,C:\Users\Zhifei Chen\Desktop\pysmell\subjects_for_metrics\locust\locust\stats.py,15,6,0,0,0
locust,C:\Users\Zhifei Chen\Desktop\pysmell\subjects_for_metrics\locust\locust\stats.py,68,44,1,0,1
locust,C:\Users\Zhifei Chen\Desktop\pysmell\subjects_for_metrics\locust\locust\stats.py,358,7,0,0,0
locust,C:\Users\Zhifei Chen\Desktop\pysmell\subjects_for_metrics\locust\locust\rpc\protocol.py,3,4,0,0,0
locust,C:\Users\Zhifei Chen\Desktop\pysmell\subjects_for_metrics\locust\locust\rpc\socketrpc.py,42,5,0,0,0
locust,C:\Users\Zhifei Chen\Desktop\pysmell\subjects_for_metrics\locust\locust\rpc\socketrpc.py,70,5,0,0,0
locust,C:\Users\Zhifei Chen\Desktop\pysmell\subjects_for_metrics\locust\locust\rpc\zmqrpc.py,4,3,0,0,0
locust,C:\Users\Zhifei Chen\Desktop\pysmell\subjects_for_metrics\locust\locust\rpc\zmqrpc.py,14,2,0,0,0
locust,C:\Users\Zhifei Chen\Desktop\pysmell\subjects_for_metrics\locust\locust\rpc\zmqrpc.py,24,2,0,0,0
locust,C:\Users\Zhifei Chen\Desktop\pysmell\subjects_for_metrics\locust\locust\test\testcases.py,110,8,0,0,0
locust,C:\Users\Zhifei Chen\Desktop\pysmell\subjects_for_metrics\locust\locust\test\testcases.py,161,3,0,0,0
locust,C:\Users\Zhifei Chen\Desktop\pysmell\subjects_for_metrics\locust\locust\test\test_client.py,9,7,0,0,0
locust,C:\Users\Zhifei Chen\Desktop\pysmell\subjects_for_metrics\locust\locust\test\test_locust_class.py,9,16,0,0,0
locust,C:\Users\Zhifei Chen\Desktop\pysmell\subjects_for_metrics\locust\locust\test\test_locust_class.py,13,2,0,0,0
locust,C:\Users\Zhifei Chen\Desktop\pysmell\subjects_for_metrics\locust\locust\test\test_locust_class.py,20,2,0,0,0
locust,C:\Users\Zhifei Chen\Desktop\pysmell\subjects_for_metrics\locust\locust\test\test_locust_class.py,34,5,0,0,0
locust,C:\Users\Zhifei Chen\Desktop\pysmell\subjects_for_metrics\locust\locust\test\test_locust_class.py,60,6,0,0,0
locust,C:\Users\Zhifei Chen\Desktop\pysmell\subjects_for_metrics\locust\locust\test\test_locust_class.py,90,2,0,0,0
locust,C:\Users\Zhifei Chen\Desktop\pysmell\subjects_for_metrics\locust\locust\test\test_locust_class.py,103,3,0,0,0
locust,C:\Users\Zhifei Chen\Desktop\pysmell\subjects_for_metrics\locust\locust\test\test_locust_class.py,123,4,0,0,0
locust,C:\Users\Zhifei Chen\Desktop\pysmell\subjects_for_metrics\locust\locust\test\test_locust_class.py,144,3,0,0,0
locust,C:\Users\Zhifei Chen\Desktop\pysmell\subjects_for_metrics\locust\locust\test\test_locust_class.py,147,2,0,0,0
locust,C:\Users\Zhifei Chen\Desktop\pysmell\subjects_for_metrics\locust\locust\test\test_locust_class.py,157,2,0,0,0
locust,C:\Users\Zhifei Chen\Desktop\pysmell\subjects_for_metrics\locust\locust\test\test_locust_class.py,164,2,0,0,0
locust,C:\Users\Zhifei Chen\Desktop\pysmell\subjects_for_metrics\locust\locust\test\test_locust_class.py,171,2,0,0,0
locust,C:\Users\Zhifei Chen\Desktop\pysmell\subjects_for_metrics\locust\locust\test\test_locust_class.py,179,4,0,0,0
locust,C:\Users\Zhifei Chen\Desktop\pysmell\subjects_for_metrics\locust\locust\test\test_locust_class.py,187,2,0,0,0
locust,C:\Users\Zhifei Chen\Desktop\pysmell\subjects_for_metrics\locust\locust\test\test_locust_class.py,197,2,0,0,0
locust,C:\Users\Zhifei Chen\Desktop\pysmell\subjects_for_metrics\locust\locust\test\test_locust_class.py,198,5,0,0,0
locust,C:\Users\Zhifei Chen\Desktop\pysmell\subjects_for_metrics\locust\locust\test\test_locust_class.py,214,4,0,0,0
locust,C:\Users\Zhifei Chen\Desktop\pysmell\subjects_for_metrics\locust\locust\test\test_locust_class.py,222,4,0,0,0
locust,C:\Users\Zhifei Chen\Desktop\pysmell\subjects_for_metrics\locust\locust\test\test_locust_class.py,237,2,0,0,0
locust,C:\Users\Zhifei Chen\Desktop\pysmell\subjects_for_metrics\locust\locust\test\test_locust_class.py,241,3,0,0,0
locust,C:\Users\Zhifei Chen\Desktop\pysmell\subjects_for_metrics\locust\locust\test\test_locust_class.py,245,2,0,0,0
locust,C:\Users\Zhifei Chen\Desktop\pysmell\subjects_for_metrics\locust\locust\test\test_locust_class.py,249,3,0,0,0
locust,C:\Users\Zhifei Chen\Desktop\pysmell\subjects_for_metrics\locust\locust\test\test_locust_class.py,275,2,0,0,0
locust,C:\Users\Zhifei Chen\Desktop\pysmell\subjects_for_metrics\locust\locust\test\test_locust_class.py,282,3,0,0,0
locust,C:\Users\Zhifei Chen\Desktop\pysmell\subjects_for_metrics\locust\locust\test\test_locust_class.py,296,3,0,0,0
locust,C:\Users\Zhifei Chen\Desktop\pysmell\subjects_for_metrics\locust\locust\test\test_locust_class.py,300,4,0,0,0
locust,C:\Users\Zhifei Chen\Desktop\pysmell\subjects_for_metrics\locust\locust\test\test_locust_class.py,307,2,0,0,0
locust,C:\Users\Zhifei Chen\Desktop\pysmell\subjects_for_metrics\locust\locust\test\test_locust_class.py,310,3,0,0,0
locust,C:\Users\Zhifei Chen\Desktop\pysmell\subjects_for_metrics\locust\locust\test\test_locust_class.py,320,13,0,0,0
locust,C:\Users\Zhifei Chen\Desktop\pysmell\subjects_for_metrics\locust\locust\test\test_locust_class.py,325,3,0,0,0
locust,C:\Users\Zhifei Chen\Desktop\pysmell\subjects_for_metrics\locust\locust\test\test_locust_class.py,334,2,0,0,0
locust,C:\Users\Zhifei Chen\Desktop\pysmell\subjects_for_metrics\locust\locust\test\test_locust_class.py,341,2,0,0,0
locust,C:\Users\Zhifei Chen\Desktop\pysmell\subjects_for_metrics\locust\locust\test\test_locust_class.py,348,2,0,0,0
locust,C:\Users\Zhifei Chen\Desktop\pysmell\subjects_for_metrics\locust\locust\test\test_locust_class.py,355,2,0,0,0
locust,C:\Users\Zhifei Chen\Desktop\pysmell\subjects_for_metrics\locust\locust\test\test_locust_class.py,363,2,0,0,0
locust,C:\Users\Zhifei Chen\Desktop\pysmell\subjects_for_metrics\locust\locust\test\test_locust_class.py,371,2,0,0,0
locust,C:\Users\Zhifei Chen\Desktop\pysmell\subjects_for_metrics\locust\locust\test\test_locust_class.py,379,2,0,0,0
locust,C:\Users\Zhifei Chen\Desktop\pysmell\subjects_for_metrics\locust\locust\test\test_locust_class.py,386,2,0,0,0
locust,C:\Users\Zhifei Chen\Desktop\pysmell\subjects_for_metrics\locust\locust\test\test_locust_class.py,389,2,0,0,0
locust,C:\Users\Zhifei Chen\Desktop\pysmell\subjects_for_metrics\locust\locust\test\test_locust_class.py,392,2,0,0,0
locust,C:\Users\Zhifei Chen\Desktop\pysmell\subjects_for_metrics\locust\locust\test\test_locust_class.py,406,4,0,0,0
locust,C:\Users\Zhifei Chen\Desktop\pysmell\subjects_for_metrics\locust\locust\test\test_locust_class.py,421,2,0,0,0
locust,C:\Users\Zhifei Chen\Desktop\pysmell\subjects_for_metrics\locust\locust\test\test_locust_class.py,427,3,0,0,0
locust,C:\Users\Zhifei Chen\Desktop\pysmell\subjects_for_metrics\locust\locust\test\test_locust_class.py,437,2,0,0,0
locust,C:\Users\Zhifei Chen\Desktop\pysmell\subjects_for_metrics\locust\locust\test\test_locust_class.py,449,10,0,0,0
locust,C:\Users\Zhifei Chen\Desktop\pysmell\subjects_for_metrics\locust\locust\test\test_locust_class.py,453,2,0,0,0
locust,C:\Users\Zhifei Chen\Desktop\pysmell\subjects_for_metrics\locust\locust\test\test_locust_class.py,513,2,0,0,0
locust,C:\Users\Zhifei Chen\Desktop\pysmell\subjects_for_metrics\locust\locust\test\test_locust_class.py,518,3,0,0,0
locust,C:\Users\Zhifei Chen\Desktop\pysmell\subjects_for_metrics\locust\locust\test\test_locust_class.py,529,2,0,0,0
locust,C:\Users\Zhifei Chen\Desktop\pysmell\subjects_for_metrics\locust\locust\test\test_locust_class.py,540,2,0,0,0
locust,C:\Users\Zhifei Chen\Desktop\pysmell\subjects_for_metrics\locust\locust\test\test_main.py,7,2,0,0,0
locust,C:\Users\Zhifei Chen\Desktop\pysmell\subjects_for_metrics\locust\locust\test\test_main.py,14,2,0,0,0
locust,C:\Users\Zhifei Chen\Desktop\pysmell\subjects_for_metrics\locust\locust\test\test_main.py,17,2,0,0,0
locust,C:\Users\Zhifei Chen\Desktop\pysmell\subjects_for_metrics\locust\locust\test\test_main.py,20,2,0,0,0
locust,C:\Users\Zhifei Chen\Desktop\pysmell\subjects_for_metrics\locust\locust\test\test_main.py,26,2,0,0,0
locust,C:\Users\Zhifei Chen\Desktop\pysmell\subjects_for_metrics\locust\locust\test\test_runners.py,20,7,0,0,0
locust,C:\Users\Zhifei Chen\Desktop\pysmell\subjects_for_metrics\locust\locust\test\test_runners.py,41,10,0,0,0
locust,C:\Users\Zhifei Chen\Desktop\pysmell\subjects_for_metrics\locust\locust\test\test_runners.py,60,2,0,0,0
locust,C:\Users\Zhifei Chen\Desktop\pysmell\subjects_for_metrics\locust\locust\test\test_runners.py,82,2,0,0,0
locust,C:\Users\Zhifei Chen\Desktop\pysmell\subjects_for_metrics\locust\locust\test\test_runners.py,104,2,0,0,0
locust,C:\Users\Zhifei Chen\Desktop\pysmell\subjects_for_metrics\locust\locust\test\test_runners.py,109,4,0,0,0
locust,C:\Users\Zhifei Chen\Desktop\pysmell\subjects_for_metrics\locust\locust\test\test_runners.py,134,2,0,0,0
locust,C:\Users\Zhifei Chen\Desktop\pysmell\subjects_for_metrics\locust\locust\test\test_runners.py,155,2,0,0,0
locust,C:\Users\Zhifei Chen\Desktop\pysmell\subjects_for_metrics\locust\locust\test\test_runners.py,174,2,0,0,0
locust,C:\Users\Zhifei Chen\Desktop\pysmell\subjects_for_metrics\locust\locust\test\test_runners.py,177,2,0,0,0
locust,C:\Users\Zhifei Chen\Desktop\pysmell\subjects_for_metrics\locust\locust\test\test_runners.py,178,2,0,0,0
locust,C:\Users\Zhifei Chen\Desktop\pysmell\subjects_for_metrics\locust\locust\test\test_runners.py,199,2,0,0,0
locust,C:\Users\Zhifei Chen\Desktop\pysmell\subjects_for_metrics\locust\locust\test\test_runners.py,202,4,0,0,0
locust,C:\Users\Zhifei Chen\Desktop\pysmell\subjects_for_metrics\locust\locust\test\test_runners.py,218,4,0,0,0
locust,C:\Users\Zhifei Chen\Desktop\pysmell\subjects_for_metrics\locust\locust\test\test_runners.py,242,2,0,0,0
locust,C:\Users\Zhifei Chen\Desktop\pysmell\subjects_for_metrics\locust\locust\test\test_stats.py,12,12,0,0,0
locust,C:\Users\Zhifei Chen\Desktop\pysmell\subjects_for_metrics\locust\locust\test\test_stats.py,119,10,0,0,0
locust,C:\Users\Zhifei Chen\Desktop\pysmell\subjects_for_metrics\locust\locust\test\test_stats.py,121,2,0,0,0
locust,C:\Users\Zhifei Chen\Desktop\pysmell\subjects_for_metrics\locust\locust\test\test_stats.py,131,2,0,0,0
locust,C:\Users\Zhifei Chen\Desktop\pysmell\subjects_for_metrics\locust\locust\test\test_stats.py,139,2,0,0,0
locust,C:\Users\Zhifei Chen\Desktop\pysmell\subjects_for_metrics\locust\locust\test\test_stats.py,147,2,0,0,0
locust,C:\Users\Zhifei Chen\Desktop\pysmell\subjects_for_metrics\locust\locust\test\test_stats.py,155,2,0,0,0
locust,C:\Users\Zhifei Chen\Desktop\pysmell\subjects_for_metrics\locust\locust\test\test_stats.py,163,2,0,0,0
locust,C:\Users\Zhifei Chen\Desktop\pysmell\subjects_for_metrics\locust\locust\test\test_stats.py,171,2,0,0,0
locust,C:\Users\Zhifei Chen\Desktop\pysmell\subjects_for_metrics\locust\locust\test\test_stats.py,181,2,0,0,0
locust,C:\Users\Zhifei Chen\Desktop\pysmell\subjects_for_metrics\locust\locust\test\test_stats.py,185,5,0,0,0
locust,C:\Users\Zhifei Chen\Desktop\pysmell\subjects_for_metrics\locust\locust\test\test_stats.py,211,2,0,0,0
locust,C:\Users\Zhifei Chen\Desktop\pysmell\subjects_for_metrics\locust\locust\test\test_stats.py,218,5,0,0,0
locust,C:\Users\Zhifei Chen\Desktop\pysmell\subjects_for_metrics\locust\locust\test\test_stats.py,246,3,0,0,0
locust,C:\Users\Zhifei Chen\Desktop\pysmell\subjects_for_metrics\locust\locust\test\test_stats.py,251,4,0,0,0
locust,C:\Users\Zhifei Chen\Desktop\pysmell\subjects_for_metrics\locust\locust\test\test_stats.py,260,3,0,0,0
locust,C:\Users\Zhifei Chen\Desktop\pysmell\subjects_for_metrics\locust\locust\test\test_taskratio.py,6,3,0,0,0
locust,C:\Users\Zhifei Chen\Desktop\pysmell\subjects_for_metrics\locust\locust\test\test_taskratio.py,8,3,0,0,0
locust,C:\Users\Zhifei Chen\Desktop\pysmell\subjects_for_metrics\locust\locust\test\test_taskratio.py,12,4,0,0,0
locust,C:\Users\Zhifei Chen\Desktop\pysmell\subjects_for_metrics\locust\locust\test\test_taskratio.py,23,2,0,0,0
locust,C:\Users\Zhifei Chen\Desktop\pysmell\subjects_for_metrics\locust\locust\test\test_taskratio.py,40,3,0,0,0
locust,C:\Users\Zhifei Chen\Desktop\pysmell\subjects_for_metrics\locust\locust\test\test_taskratio.py,49,3,0,0,0
locust,C:\Users\Zhifei Chen\Desktop\pysmell\subjects_for_metrics\locust\locust\test\test_taskratio.py,53,3,0,0,0
locust,C:\Users\Zhifei Chen\Desktop\pysmell\subjects_for_metrics\locust\locust\test\test_web.py,17,10,0,0,0
