subject,file,lineno,MLOC,experience-based,statistics-based,tuning machine
locust,C:\Users\Zhifei Chen\Desktop\pysmell\subjects_for_metrics\locust\setup.py,12,1,0,0,0
locust,C:\Users\Zhifei Chen\Desktop\pysmell\subjects_for_metrics\locust\setup.py,15,1,0,0,0
locust,C:\Users\Zhifei Chen\Desktop\pysmell\subjects_for_metrics\locust\setup.py,18,4,0,0,0
locust,C:\Users\Zhifei Chen\Desktop\pysmell\subjects_for_metrics\locust\examples\basic.py,3,0,0,0,0
locust,C:\Users\Zhifei Chen\Desktop\pysmell\subjects_for_metrics\locust\examples\basic.py,6,0,0,0,0
locust,C:\Users\Zhifei Chen\Desktop\pysmell\subjects_for_metrics\locust\examples\basic.py,14,1,0,0,0
locust,C:\Users\Zhifei Chen\Desktop\pysmell\subjects_for_metrics\locust\examples\events.py,11,1,0,0,0
locust,C:\Users\Zhifei Chen\Desktop\pysmell\subjects_for_metrics\locust\examples\events.py,15,1,0,0,0
locust,C:\Users\Zhifei Chen\Desktop\pysmell\subjects_for_metrics\locust\examples\events.py,35,1,0,0,0
locust,C:\Users\Zhifei Chen\Desktop\pysmell\subjects_for_metrics\locust\examples\events.py,41,2,0,0,0
locust,C:\Users\Zhifei Chen\Desktop\pysmell\subjects_for_metrics\locust\examples\events.py,50,1,0,0,0
locust,C:\Users\Zhifei Chen\Desktop\pysmell\subjects_for_metrics\locust\examples\events.py,63,2,0,0,0
locust,C:\Users\Zhifei Chen\Desktop\pysmell\subjects_for_metrics\locust\examples\custom_xmlrpc_client\server.py,6,1,0,0,0
locust,C:\Users\Zhifei Chen\Desktop\pysmell\subjects_for_metrics\locust\examples\custom_xmlrpc_client\server.py,10,1,0,0,0
locust,C:\Users\Zhifei Chen\Desktop\pysmell\subjects_for_metrics\locust\examples\custom_xmlrpc_client\xmlrpc_locustfile.py,13,3,0,0,0
locust,C:\Users\Zhifei Chen\Desktop\pysmell\subjects_for_metrics\locust\examples\custom_xmlrpc_client\xmlrpc_locustfile.py,15,8,0,0,0
locust,C:\Users\Zhifei Chen\Desktop\pysmell\subjects_for_metrics\locust\examples\custom_xmlrpc_client\xmlrpc_locustfile.py,36,1,0,0,0
locust,C:\Users\Zhifei Chen\Desktop\pysmell\subjects_for_metrics\locust\examples\custom_xmlrpc_client\xmlrpc_locustfile.py,48,1,0,0,0
locust,C:\Users\Zhifei Chen\Desktop\pysmell\subjects_for_metrics\locust\examples\custom_xmlrpc_client\xmlrpc_locustfile.py,52,1,0,0,0
locust,C:\Users\Zhifei Chen\Desktop\pysmell\subjects_for_metrics\locust\locust\cache.py,3,3,0,0,0
locust,C:\Users\Zhifei Chen\Desktop\pysmell\subjects_for_metrics\locust\locust\cache.py,11,4,0,0,0
locust,C:\Users\Zhifei Chen\Desktop\pysmell\subjects_for_metrics\locust\locust\cache.py,12,7,0,0,0
locust,C:\Users\Zhifei Chen\Desktop\pysmell\subjects_for_metrics\locust\locust\cache.py,22,4,0,0,0
locust,C:\Users\Zhifei Chen\Desktop\pysmell\subjects_for_metrics\locust\locust\clients.py,20,3,0,0,0
locust,C:\Users\Zhifei Chen\Desktop\pysmell\subjects_for_metrics\locust\locust\clients.py,49,8,0,0,0
locust,C:\Users\Zhifei Chen\Desktop\pysmell\subjects_for_metrics\locust\locust\clients.py,66,3,0,0,0
locust,C:\Users\Zhifei Chen\Desktop\pysmell\subjects_for_metrics\locust\locust\clients.py,73,19,0,0,0
locust,C:\Users\Zhifei Chen\Desktop\pysmell\subjects_for_metrics\locust\locust\clients.py,150,10,0,0,0
locust,C:\Users\Zhifei Chen\Desktop\pysmell\subjects_for_metrics\locust\locust\clients.py,180,1,0,0,0
locust,C:\Users\Zhifei Chen\Desktop\pysmell\subjects_for_metrics\locust\locust\clients.py,184,1,0,0,0
locust,C:\Users\Zhifei Chen\Desktop\pysmell\subjects_for_metrics\locust\locust\clients.py,187,12,0,0,0
locust,C:\Users\Zhifei Chen\Desktop\pysmell\subjects_for_metrics\locust\locust\clients.py,207,2,0,0,0
locust,C:\Users\Zhifei Chen\Desktop\pysmell\subjects_for_metrics\locust\locust\clients.py,225,4,0,0,0
locust,C:\Users\Zhifei Chen\Desktop\pysmell\subjects_for_metrics\locust\locust\core.py,21,7,0,0,0
locust,C:\Users\Zhifei Chen\Desktop\pysmell\subjects_for_metrics\locust\locust\core.py,36,2,0,0,0
locust,C:\Users\Zhifei Chen\Desktop\pysmell\subjects_for_metrics\locust\locust\core.py,60,1,0,0,0
locust,C:\Users\Zhifei Chen\Desktop\pysmell\subjects_for_metrics\locust\locust\core.py,97,0,0,0,0
locust,C:\Users\Zhifei Chen\Desktop\pysmell\subjects_for_metrics\locust\locust\core.py,100,6,0,0,0
locust,C:\Users\Zhifei Chen\Desktop\pysmell\subjects_for_metrics\locust\locust\core.py,126,3,0,0,0
locust,C:\Users\Zhifei Chen\Desktop\pysmell\subjects_for_metrics\locust\locust\core.py,140,20,0,0,0
locust,C:\Users\Zhifei Chen\Desktop\pysmell\subjects_for_metrics\locust\locust\core.py,226,12,0,0,0
locust,C:\Users\Zhifei Chen\Desktop\pysmell\subjects_for_metrics\locust\locust\core.py,245,36,1,1,0
locust,C:\Users\Zhifei Chen\Desktop\pysmell\subjects_for_metrics\locust\locust\core.py,291,2,0,0,0
locust,C:\Users\Zhifei Chen\Desktop\pysmell\subjects_for_metrics\locust\locust\core.py,295,5,0,0,0
locust,C:\Users\Zhifei Chen\Desktop\pysmell\subjects_for_metrics\locust\locust\core.py,307,4,0,0,0
locust,C:\Users\Zhifei Chen\Desktop\pysmell\subjects_for_metrics\locust\locust\core.py,324,1,0,0,0
locust,C:\Users\Zhifei Chen\Desktop\pysmell\subjects_for_metrics\locust\locust\core.py,327,3,0,0,0
locust,C:\Users\Zhifei Chen\Desktop\pysmell\subjects_for_metrics\locust\locust\core.py,332,0,0,0,0
locust,C:\Users\Zhifei Chen\Desktop\pysmell\subjects_for_metrics\locust\locust\core.py,335,1,0,0,0
locust,C:\Users\Zhifei Chen\Desktop\pysmell\subjects_for_metrics\locust\locust\core.py,348,2,0,0,0
locust,C:\Users\Zhifei Chen\Desktop\pysmell\subjects_for_metrics\locust\locust\events.py,14,1,0,0,0
locust,C:\Users\Zhifei Chen\Desktop\pysmell\subjects_for_metrics\locust\locust\events.py,17,1,0,0,0
locust,C:\Users\Zhifei Chen\Desktop\pysmell\subjects_for_metrics\locust\locust\events.py,21,1,0,0,0
locust,C:\Users\Zhifei Chen\Desktop\pysmell\subjects_for_metrics\locust\locust\events.py,25,2,0,0,0
locust,C:\Users\Zhifei Chen\Desktop\pysmell\subjects_for_metrics\locust\locust\exception.py,15,1,0,0,0
locust,C:\Users\Zhifei Chen\Desktop\pysmell\subjects_for_metrics\locust\locust\inspectlocust.py,6,2,0,0,0
locust,C:\Users\Zhifei Chen\Desktop\pysmell\subjects_for_metrics\locust\locust\inspectlocust.py,10,6,0,0,0
locust,C:\Users\Zhifei Chen\Desktop\pysmell\subjects_for_metrics\locust\locust\inspectlocust.py,19,21,0,0,0
locust,C:\Users\Zhifei Chen\Desktop\pysmell\subjects_for_metrics\locust\locust\log.py,7,7,0,0,0
locust,C:\Users\Zhifei Chen\Desktop\pysmell\subjects_for_metrics\locust\locust\log.py,25,0,0,0,0
locust,C:\Users\Zhifei Chen\Desktop\pysmell\subjects_for_metrics\locust\locust\log.py,32,0,0,0,0
locust,C:\Users\Zhifei Chen\Desktop\pysmell\subjects_for_metrics\locust\locust\main.py,24,47,1,1,0
locust,C:\Users\Zhifei Chen\Desktop\pysmell\subjects_for_metrics\locust\locust\main.py,237,3,0,0,0
locust,C:\Users\Zhifei Chen\Desktop\pysmell\subjects_for_metrics\locust\locust\main.py,247,17,0,0,0
locust,C:\Users\Zhifei Chen\Desktop\pysmell\subjects_for_metrics\locust\locust\main.py,279,7,0,0,0
locust,C:\Users\Zhifei Chen\Desktop\pysmell\subjects_for_metrics\locust\locust\main.py,293,19,0,0,0
locust,C:\Users\Zhifei Chen\Desktop\pysmell\subjects_for_metrics\locust\locust\main.py,333,76,1,1,1
locust,C:\Users\Zhifei Chen\Desktop\pysmell\subjects_for_metrics\locust\locust\main.py,420,6,0,0,0
locust,C:\Users\Zhifei Chen\Desktop\pysmell\subjects_for_metrics\locust\locust\main.py,434,1,0,0,0
locust,C:\Users\Zhifei Chen\Desktop\pysmell\subjects_for_metrics\locust\locust\runners.py,29,12,0,0,0
locust,C:\Users\Zhifei Chen\Desktop\pysmell\subjects_for_metrics\locust\locust\runners.py,42,3,0,0,0
locust,C:\Users\Zhifei Chen\Desktop\pysmell\subjects_for_metrics\locust\locust\runners.py,48,2,0,0,0
locust,C:\Users\Zhifei Chen\Desktop\pysmell\subjects_for_metrics\locust\locust\runners.py,52,2,0,0,0
locust,C:\Users\Zhifei Chen\Desktop\pysmell\subjects_for_metrics\locust\locust\runners.py,56,2,0,0,0
locust,C:\Users\Zhifei Chen\Desktop\pysmell\subjects_for_metrics\locust\locust\runners.py,60,14,0,0,0
locust,C:\Users\Zhifei Chen\Desktop\pysmell\subjects_for_metrics\locust\locust\runners.py,83,17,0,0,0
locust,C:\Users\Zhifei Chen\Desktop\pysmell\subjects_for_metrics\locust\locust\runners.py,101,13,0,0,0
locust,C:\Users\Zhifei Chen\Desktop\pysmell\subjects_for_metrics\locust\locust\runners.py,111,4,0,0,0
locust,C:\Users\Zhifei Chen\Desktop\pysmell\subjects_for_metrics\locust\locust\runners.py,126,14,0,0,0
locust,C:\Users\Zhifei Chen\Desktop\pysmell\subjects_for_metrics\locust\locust\runners.py,145,21,0,0,0
locust,C:\Users\Zhifei Chen\Desktop\pysmell\subjects_for_metrics\locust\locust\runners.py,175,5,0,0,0
locust,C:\Users\Zhifei Chen\Desktop\pysmell\subjects_for_metrics\locust\locust\runners.py,183,5,0,0,0
locust,C:\Users\Zhifei Chen\Desktop\pysmell\subjects_for_metrics\locust\locust\runners.py,191,2,0,0,0
locust,C:\Users\Zhifei Chen\Desktop\pysmell\subjects_for_metrics\locust\locust\runners.py,195,2,0,0,0
locust,C:\Users\Zhifei Chen\Desktop\pysmell\subjects_for_metrics\locust\locust\runners.py,200,2,0,0,0
locust,C:\Users\Zhifei Chen\Desktop\pysmell\subjects_for_metrics\locust\locust\runners.py,205,4,0,0,0
locust,C:\Users\Zhifei Chen\Desktop\pysmell\subjects_for_metrics\locust\locust\runners.py,212,1,0,0,0
locust,C:\Users\Zhifei Chen\Desktop\pysmell\subjects_for_metrics\locust\locust\runners.py,217,3,0,0,0
locust,C:\Users\Zhifei Chen\Desktop\pysmell\subjects_for_metrics\locust\locust\runners.py,223,9,0,0,0
locust,C:\Users\Zhifei Chen\Desktop\pysmell\subjects_for_metrics\locust\locust\runners.py,227,1,0,0,0
locust,C:\Users\Zhifei Chen\Desktop\pysmell\subjects_for_metrics\locust\locust\runners.py,230,2,0,0,0
locust,C:\Users\Zhifei Chen\Desktop\pysmell\subjects_for_metrics\locust\locust\runners.py,234,2,0,0,0
locust,C:\Users\Zhifei Chen\Desktop\pysmell\subjects_for_metrics\locust\locust\runners.py,238,2,0,0,0
locust,C:\Users\Zhifei Chen\Desktop\pysmell\subjects_for_metrics\locust\locust\runners.py,248,4,0,0,0
locust,C:\Users\Zhifei Chen\Desktop\pysmell\subjects_for_metrics\locust\locust\runners.py,257,0,0,0,0
locust,C:\Users\Zhifei Chen\Desktop\pysmell\subjects_for_metrics\locust\locust\runners.py,261,2,0,0,0
locust,C:\Users\Zhifei Chen\Desktop\pysmell\subjects_for_metrics\locust\locust\runners.py,265,26,1,0,0
locust,C:\Users\Zhifei Chen\Desktop\pysmell\subjects_for_metrics\locust\locust\runners.py,302,3,0,0,0
locust,C:\Users\Zhifei Chen\Desktop\pysmell\subjects_for_metrics\locust\locust\runners.py,307,3,0,0,0
locust,C:\Users\Zhifei Chen\Desktop\pysmell\subjects_for_metrics\locust\locust\runners.py,312,27,1,0,0
locust,C:\Users\Zhifei Chen\Desktop\pysmell\subjects_for_metrics\locust\locust\runners.py,344,2,0,0,0
locust,C:\Users\Zhifei Chen\Desktop\pysmell\subjects_for_metrics\locust\locust\runners.py,349,14,0,0,0
locust,C:\Users\Zhifei Chen\Desktop\pysmell\subjects_for_metrics\locust\locust\runners.py,361,0,0,0,0
locust,C:\Users\Zhifei Chen\Desktop\pysmell\subjects_for_metrics\locust\locust\runners.py,366,1,0,0,0
locust,C:\Users\Zhifei Chen\Desktop\pysmell\subjects_for_metrics\locust\locust\runners.py,371,0,0,0,0
locust,C:\Users\Zhifei Chen\Desktop\pysmell\subjects_for_metrics\locust\locust\runners.py,376,2,0,0,0
locust,C:\Users\Zhifei Chen\Desktop\pysmell\subjects_for_metrics\locust\locust\runners.py,381,17,0,0,0
locust,C:\Users\Zhifei Chen\Desktop\pysmell\subjects_for_metrics\locust\locust\runners.py,401,9,0,0,0
locust,C:\Users\Zhifei Chen\Desktop\pysmell\subjects_for_metrics\locust\locust\stats.py,16,7,0,0,0
locust,C:\Users\Zhifei Chen\Desktop\pysmell\subjects_for_metrics\locust\locust\stats.py,25,5,0,0,0
locust,C:\Users\Zhifei Chen\Desktop\pysmell\subjects_for_metrics\locust\locust\stats.py,35,4,0,0,0
locust,C:\Users\Zhifei Chen\Desktop\pysmell\subjects_for_metrics\locust\locust\stats.py,45,5,0,0,0
locust,C:\Users\Zhifei Chen\Desktop\pysmell\subjects_for_metrics\locust\locust\stats.py,55,7,0,0,0
locust,C:\Users\Zhifei Chen\Desktop\pysmell\subjects_for_metrics\locust\locust\stats.py,117,4,0,0,0
locust,C:\Users\Zhifei Chen\Desktop\pysmell\subjects_for_metrics\locust\locust\stats.py,123,10,0,0,0
locust,C:\Users\Zhifei Chen\Desktop\pysmell\subjects_for_metrics\locust\locust\stats.py,135,5,0,0,0
locust,C:\Users\Zhifei Chen\Desktop\pysmell\subjects_for_metrics\locust\locust\stats.py,145,4,0,0,0
locust,C:\Users\Zhifei Chen\Desktop\pysmell\subjects_for_metrics\locust\locust\stats.py,151,14,0,0,0
locust,C:\Users\Zhifei Chen\Desktop\pysmell\subjects_for_metrics\locust\locust\stats.py,176,8,0,0,0
locust,C:\Users\Zhifei Chen\Desktop\pysmell\subjects_for_metrics\locust\locust\stats.py,187,7,0,0,0
locust,C:\Users\Zhifei Chen\Desktop\pysmell\subjects_for_metrics\locust\locust\stats.py,197,5,0,0,0
locust,C:\Users\Zhifei Chen\Desktop\pysmell\subjects_for_metrics\locust\locust\stats.py,204,4,0,0,0
locust,C:\Users\Zhifei Chen\Desktop\pysmell\subjects_for_metrics\locust\locust\stats.py,211,6,0,0,0
locust,C:\Users\Zhifei Chen\Desktop\pysmell\subjects_for_metrics\locust\locust\stats.py,220,4,0,0,0
locust,C:\Users\Zhifei Chen\Desktop\pysmell\subjects_for_metrics\locust\locust\stats.py,227,5,0,0,0
locust,C:\Users\Zhifei Chen\Desktop\pysmell\subjects_for_metrics\locust\locust\stats.py,234,16,0,0,0
locust,C:\Users\Zhifei Chen\Desktop\pysmell\subjects_for_metrics\locust\locust\stats.py,266,13,0,0,0
locust,C:\Users\Zhifei Chen\Desktop\pysmell\subjects_for_metrics\locust\locust\stats.py,282,15,0,0,0
locust,C:\Users\Zhifei Chen\Desktop\pysmell\subjects_for_metrics\locust\locust\stats.py,300,3,0,0,0
locust,C:\Users\Zhifei Chen\Desktop\pysmell\subjects_for_metrics\locust\locust\stats.py,308,13,0,0,0
locust,C:\Users\Zhifei Chen\Desktop\pysmell\subjects_for_metrics\locust\locust\stats.py,325,6,0,0,0
locust,C:\Users\Zhifei Chen\Desktop\pysmell\subjects_for_metrics\locust\locust\stats.py,340,14,0,0,0
locust,C:\Users\Zhifei Chen\Desktop\pysmell\subjects_for_metrics\locust\locust\stats.py,359,4,0,0,0
locust,C:\Users\Zhifei Chen\Desktop\pysmell\subjects_for_metrics\locust\locust\stats.py,365,3,0,0,0
locust,C:\Users\Zhifei Chen\Desktop\pysmell\subjects_for_metrics\locust\locust\stats.py,370,1,0,0,0
locust,C:\Users\Zhifei Chen\Desktop\pysmell\subjects_for_metrics\locust\locust\stats.py,373,2,0,0,0
locust,C:\Users\Zhifei Chen\Desktop\pysmell\subjects_for_metrics\locust\locust\stats.py,377,5,0,0,0
locust,C:\Users\Zhifei Chen\Desktop\pysmell\subjects_for_metrics\locust\locust\stats.py,385,6,0,0,0
locust,C:\Users\Zhifei Chen\Desktop\pysmell\subjects_for_metrics\locust\locust\stats.py,395,1,0,0,0
locust,C:\Users\Zhifei Chen\Desktop\pysmell\subjects_for_metrics\locust\locust\stats.py,398,5,0,0,0
locust,C:\Users\Zhifei Chen\Desktop\pysmell\subjects_for_metrics\locust\locust\stats.py,415,3,0,0,0
locust,C:\Users\Zhifei Chen\Desktop\pysmell\subjects_for_metrics\locust\locust\stats.py,420,3,0,0,0
locust,C:\Users\Zhifei Chen\Desktop\pysmell\subjects_for_metrics\locust\locust\stats.py,425,3,0,0,0
locust,C:\Users\Zhifei Chen\Desktop\pysmell\subjects_for_metrics\locust\locust\stats.py,430,11,0,0,0
locust,C:\Users\Zhifei Chen\Desktop\pysmell\subjects_for_metrics\locust\locust\stats.py,451,17,0,0,0
locust,C:\Users\Zhifei Chen\Desktop\pysmell\subjects_for_metrics\locust\locust\stats.py,473,11,0,0,0
locust,C:\Users\Zhifei Chen\Desktop\pysmell\subjects_for_metrics\locust\locust\stats.py,488,9,0,0,0
locust,C:\Users\Zhifei Chen\Desktop\pysmell\subjects_for_metrics\locust\locust\stats.py,499,4,0,0,0
locust,C:\Users\Zhifei Chen\Desktop\pysmell\subjects_for_metrics\locust\locust\web.py,30,6,0,0,0
locust,C:\Users\Zhifei Chen\Desktop\pysmell\subjects_for_metrics\locust\locust\web.py,46,8,0,0,0
locust,C:\Users\Zhifei Chen\Desktop\pysmell\subjects_for_metrics\locust\locust\web.py,57,4,0,0,0
locust,C:\Users\Zhifei Chen\Desktop\pysmell\subjects_for_metrics\locust\locust\web.py,64,2,0,0,0
locust,C:\Users\Zhifei Chen\Desktop\pysmell\subjects_for_metrics\locust\locust\web.py,69,31,1,1,0
locust,C:\Users\Zhifei Chen\Desktop\pysmell\subjects_for_metrics\locust\locust\web.py,107,23,0,0,0
locust,C:\Users\Zhifei Chen\Desktop\pysmell\subjects_for_metrics\locust\locust\web.py,135,29,1,1,0
locust,C:\Users\Zhifei Chen\Desktop\pysmell\subjects_for_metrics\locust\locust\web.py,177,4,0,0,0
locust,C:\Users\Zhifei Chen\Desktop\pysmell\subjects_for_metrics\locust\locust\web.py,183,14,0,0,0
locust,C:\Users\Zhifei Chen\Desktop\pysmell\subjects_for_metrics\locust\locust\web.py,200,0,0,0,0
locust,C:\Users\Zhifei Chen\Desktop\pysmell\subjects_for_metrics\locust\locust\web.py,203,1,0,0,0
locust,C:\Users\Zhifei Chen\Desktop\pysmell\subjects_for_metrics\locust\locust\rpc\protocol.py,4,3,0,0,0
locust,C:\Users\Zhifei Chen\Desktop\pysmell\subjects_for_metrics\locust\locust\rpc\protocol.py,9,1,0,0,0
locust,C:\Users\Zhifei Chen\Desktop\pysmell\subjects_for_metrics\locust\locust\rpc\protocol.py,12,3,0,0,0
locust,C:\Users\Zhifei Chen\Desktop\pysmell\subjects_for_metrics\locust\locust\rpc\socketrpc.py,13,8,0,0,0
locust,C:\Users\Zhifei Chen\Desktop\pysmell\subjects_for_metrics\locust\locust\rpc\socketrpc.py,23,10,0,0,0
locust,C:\Users\Zhifei Chen\Desktop\pysmell\subjects_for_metrics\locust\locust\rpc\socketrpc.py,36,4,0,0,0
locust,C:\Users\Zhifei Chen\Desktop\pysmell\subjects_for_metrics\locust\locust\rpc\socketrpc.py,43,4,0,0,0
locust,C:\Users\Zhifei Chen\Desktop\pysmell\subjects_for_metrics\locust\locust\rpc\socketrpc.py,49,4,0,0,0
locust,C:\Users\Zhifei Chen\Desktop\pysmell\subjects_for_metrics\locust\locust\rpc\socketrpc.py,51,8,0,0,0
locust,C:\Users\Zhifei Chen\Desktop\pysmell\subjects_for_metrics\locust\locust\rpc\socketrpc.py,64,0,0,0,0
locust,C:\Users\Zhifei Chen\Desktop\pysmell\subjects_for_metrics\locust\locust\rpc\socketrpc.py,67,1,0,0,0
locust,C:\Users\Zhifei Chen\Desktop\pysmell\subjects_for_metrics\locust\locust\rpc\socketrpc.py,71,4,0,0,0
locust,C:\Users\Zhifei Chen\Desktop\pysmell\subjects_for_metrics\locust\locust\rpc\socketrpc.py,77,0,0,0,0
locust,C:\Users\Zhifei Chen\Desktop\pysmell\subjects_for_metrics\locust\locust\rpc\socketrpc.py,80,1,0,0,0
locust,C:\Users\Zhifei Chen\Desktop\pysmell\subjects_for_metrics\locust\locust\rpc\socketrpc.py,83,11,0,0,0
locust,C:\Users\Zhifei Chen\Desktop\pysmell\subjects_for_metrics\locust\locust\rpc\socketrpc.py,91,3,0,0,0
locust,C:\Users\Zhifei Chen\Desktop\pysmell\subjects_for_metrics\locust\locust\rpc\socketrpc.py,98,12,0,0,0
locust,C:\Users\Zhifei Chen\Desktop\pysmell\subjects_for_metrics\locust\locust\rpc\socketrpc.py,113,5,0,0,0
locust,C:\Users\Zhifei Chen\Desktop\pysmell\subjects_for_metrics\locust\locust\rpc\zmqrpc.py,6,0,0,0,0
locust,C:\Users\Zhifei Chen\Desktop\pysmell\subjects_for_metrics\locust\locust\rpc\zmqrpc.py,9,2,0,0,0
locust,C:\Users\Zhifei Chen\Desktop\pysmell\subjects_for_metrics\locust\locust\rpc\zmqrpc.py,15,5,0,0,0
locust,C:\Users\Zhifei Chen\Desktop\pysmell\subjects_for_metrics\locust\locust\rpc\zmqrpc.py,25,5,0,0,0
locust,C:\Users\Zhifei Chen\Desktop\pysmell\subjects_for_metrics\locust\locust\test\testcases.py,14,8,0,0,0
locust,C:\Users\Zhifei Chen\Desktop\pysmell\subjects_for_metrics\locust\locust\test\testcases.py,32,2,0,0,0
locust,C:\Users\Zhifei Chen\Desktop\pysmell\subjects_for_metrics\locust\locust\test\testcases.py,36,2,0,0,0
locust,C:\Users\Zhifei Chen\Desktop\pysmell\subjects_for_metrics\locust\locust\test\testcases.py,41,6,0,0,0
locust,C:\Users\Zhifei Chen\Desktop\pysmell\subjects_for_metrics\locust\locust\test\testcases.py,50,2,0,0,0
locust,C:\Users\Zhifei Chen\Desktop\pysmell\subjects_for_metrics\locust\locust\test\testcases.py,55,2,0,0,0
locust,C:\Users\Zhifei Chen\Desktop\pysmell\subjects_for_metrics\locust\locust\test\testcases.py,59,2,0,0,0
locust,C:\Users\Zhifei Chen\Desktop\pysmell\subjects_for_metrics\locust\locust\test\testcases.py,63,3,0,0,0
locust,C:\Users\Zhifei Chen\Desktop\pysmell\subjects_for_metrics\locust\locust\test\testcases.py,68,2,0,0,0
locust,C:\Users\Zhifei Chen\Desktop\pysmell\subjects_for_metrics\locust\locust\test\testcases.py,72,6,0,0,0
locust,C:\Users\Zhifei Chen\Desktop\pysmell\subjects_for_metrics\locust\locust\test\testcases.py,80,7,0,0,0
locust,C:\Users\Zhifei Chen\Desktop\pysmell\subjects_for_metrics\locust\locust\test\testcases.py,89,3,0,0,0
locust,C:\Users\Zhifei Chen\Desktop\pysmell\subjects_for_metrics\locust\locust\test\testcases.py,94,2,0,0,0
locust,C:\Users\Zhifei Chen\Desktop\pysmell\subjects_for_metrics\locust\locust\test\testcases.py,98,4,0,0,0
locust,C:\Users\Zhifei Chen\Desktop\pysmell\subjects_for_metrics\locust\locust\test\testcases.py,101,4,0,0,0
locust,C:\Users\Zhifei Chen\Desktop\pysmell\subjects_for_metrics\locust\locust\test\testcases.py,115,5,0,0,0
locust,C:\Users\Zhifei Chen\Desktop\pysmell\subjects_for_metrics\locust\locust\test\testcases.py,122,2,0,0,0
locust,C:\Users\Zhifei Chen\Desktop\pysmell\subjects_for_metrics\locust\locust\test\testcases.py,126,4,0,0,0
locust,C:\Users\Zhifei Chen\Desktop\pysmell\subjects_for_metrics\locust\locust\test\testcases.py,136,3,0,0,0
locust,C:\Users\Zhifei Chen\Desktop\pysmell\subjects_for_metrics\locust\locust\test\testcases.py,142,3,0,0,0
locust,C:\Users\Zhifei Chen\Desktop\pysmell\subjects_for_metrics\locust\locust\test\testcases.py,148,3,0,0,0
locust,C:\Users\Zhifei Chen\Desktop\pysmell\subjects_for_metrics\locust\locust\test\testcases.py,154,3,0,0,0
locust,C:\Users\Zhifei Chen\Desktop\pysmell\subjects_for_metrics\locust\locust\test\testcases.py,165,5,0,0,0
locust,C:\Users\Zhifei Chen\Desktop\pysmell\subjects_for_metrics\locust\locust\test\testcases.py,173,2,0,0,0
locust,C:\Users\Zhifei Chen\Desktop\pysmell\subjects_for_metrics\locust\locust\test\test_client.py,10,3,0,0,0
locust,C:\Users\Zhifei Chen\Desktop\pysmell\subjects_for_metrics\locust\locust\test\test_client.py,15,5,0,0,0
locust,C:\Users\Zhifei Chen\Desktop\pysmell\subjects_for_metrics\locust\locust\test\test_client.py,22,9,0,0,0
locust,C:\Users\Zhifei Chen\Desktop\pysmell\subjects_for_metrics\locust\locust\test\test_client.py,34,8,0,0,0
locust,C:\Users\Zhifei Chen\Desktop\pysmell\subjects_for_metrics\locust\locust\test\test_client.py,53,6,0,0,0
locust,C:\Users\Zhifei Chen\Desktop\pysmell\subjects_for_metrics\locust\locust\test\test_client.py,61,8,0,0,0
locust,C:\Users\Zhifei Chen\Desktop\pysmell\subjects_for_metrics\locust\locust\test\test_locust_class.py,10,2,0,0,0
locust,C:\Users\Zhifei Chen\Desktop\pysmell\subjects_for_metrics\locust\locust\test\test_locust_class.py,17,8,0,0,0
locust,C:\Users\Zhifei Chen\Desktop\pysmell\subjects_for_metrics\locust\locust\test\test_locust_class.py,31,12,0,0,0
locust,C:\Users\Zhifei Chen\Desktop\pysmell\subjects_for_metrics\locust\locust\test\test_locust_class.py,38,2,0,0,0
locust,C:\Users\Zhifei Chen\Desktop\pysmell\subjects_for_metrics\locust\locust\test\test_locust_class.py,42,2,0,0,0
locust,C:\Users\Zhifei Chen\Desktop\pysmell\subjects_for_metrics\locust\locust\test\test_locust_class.py,59,5,0,0,0
locust,C:\Users\Zhifei Chen\Desktop\pysmell\subjects_for_metrics\locust\locust\test\test_locust_class.py,64,0,0,0,0
locust,C:\Users\Zhifei Chen\Desktop\pysmell\subjects_for_metrics\locust\locust\test\test_locust_class.py,67,1,0,0,0
locust,C:\Users\Zhifei Chen\Desktop\pysmell\subjects_for_metrics\locust\locust\test\test_locust_class.py,70,3,0,0,0
locust,C:\Users\Zhifei Chen\Desktop\pysmell\subjects_for_metrics\locust\locust\test\test_locust_class.py,80,12,0,0,0
locust,C:\Users\Zhifei Chen\Desktop\pysmell\subjects_for_metrics\locust\locust\test\test_locust_class.py,84,1,0,0,0
locust,C:\Users\Zhifei Chen\Desktop\pysmell\subjects_for_metrics\locust\locust\test\test_locust_class.py,87,1,0,0,0
locust,C:\Users\Zhifei Chen\Desktop\pysmell\subjects_for_metrics\locust\locust\test\test_locust_class.py,102,10,0,0,0
locust,C:\Users\Zhifei Chen\Desktop\pysmell\subjects_for_metrics\locust\locust\test\test_locust_class.py,104,2,0,0,0
locust,C:\Users\Zhifei Chen\Desktop\pysmell\subjects_for_metrics\locust\locust\test\test_locust_class.py,107,3,0,0,0
locust,C:\Users\Zhifei Chen\Desktop\pysmell\subjects_for_metrics\locust\locust\test\test_locust_class.py,122,7,0,0,0
locust,C:\Users\Zhifei Chen\Desktop\pysmell\subjects_for_metrics\locust\locust\test\test_locust_class.py,126,3,0,0,0
locust,C:\Users\Zhifei Chen\Desktop\pysmell\subjects_for_metrics\locust\locust\test\test_locust_class.py,130,1,0,0,0
locust,C:\Users\Zhifei Chen\Desktop\pysmell\subjects_for_metrics\locust\locust\test\test_locust_class.py,141,6,0,0,0
locust,C:\Users\Zhifei Chen\Desktop\pysmell\subjects_for_metrics\locust\locust\test\test_locust_class.py,142,1,0,0,0
locust,C:\Users\Zhifei Chen\Desktop\pysmell\subjects_for_metrics\locust\locust\test\test_locust_class.py,148,2,0,0,0
locust,C:\Users\Zhifei Chen\Desktop\pysmell\subjects_for_metrics\locust\locust\test\test_locust_class.py,156,9,0,0,0
locust,C:\Users\Zhifei Chen\Desktop\pysmell\subjects_for_metrics\locust\locust\test\test_locust_class.py,158,2,0,0,0
locust,C:\Users\Zhifei Chen\Desktop\pysmell\subjects_for_metrics\locust\locust\test\test_locust_class.py,165,2,0,0,0
locust,C:\Users\Zhifei Chen\Desktop\pysmell\subjects_for_metrics\locust\locust\test\test_locust_class.py,172,2,0,0,0
locust,C:\Users\Zhifei Chen\Desktop\pysmell\subjects_for_metrics\locust\locust\test\test_locust_class.py,178,7,0,0,0
locust,C:\Users\Zhifei Chen\Desktop\pysmell\subjects_for_metrics\locust\locust\test\test_locust_class.py,182,3,0,0,0
locust,C:\Users\Zhifei Chen\Desktop\pysmell\subjects_for_metrics\locust\locust\test\test_locust_class.py,196,6,0,0,0
locust,C:\Users\Zhifei Chen\Desktop\pysmell\subjects_for_metrics\locust\locust\test\test_locust_class.py,202,3,0,0,0
locust,C:\Users\Zhifei Chen\Desktop\pysmell\subjects_for_metrics\locust\locust\test\test_locust_class.py,213,9,0,0,0
locust,C:\Users\Zhifei Chen\Desktop\pysmell\subjects_for_metrics\locust\locust\test\test_locust_class.py,217,4,0,0,0
locust,C:\Users\Zhifei Chen\Desktop\pysmell\subjects_for_metrics\locust\locust\test\test_locust_class.py,236,22,0,0,0
locust,C:\Users\Zhifei Chen\Desktop\pysmell\subjects_for_metrics\locust\locust\test\test_locust_class.py,238,2,0,0,0
locust,C:\Users\Zhifei Chen\Desktop\pysmell\subjects_for_metrics\locust\locust\test\test_locust_class.py,246,1,0,0,0
locust,C:\Users\Zhifei Chen\Desktop\pysmell\subjects_for_metrics\locust\locust\test\test_locust_class.py,274,6,0,0,0
locust,C:\Users\Zhifei Chen\Desktop\pysmell\subjects_for_metrics\locust\locust\test\test_locust_class.py,276,3,0,0,0
locust,C:\Users\Zhifei Chen\Desktop\pysmell\subjects_for_metrics\locust\locust\test\test_locust_class.py,292,9,0,0,0
locust,C:\Users\Zhifei Chen\Desktop\pysmell\subjects_for_metrics\locust\locust\test\test_locust_class.py,297,1,0,0,0
locust,C:\Users\Zhifei Chen\Desktop\pysmell\subjects_for_metrics\locust\locust\test\test_locust_class.py,302,1,0,0,0
locust,C:\Users\Zhifei Chen\Desktop\pysmell\subjects_for_metrics\locust\locust\test\test_locust_class.py,304,2,0,0,0
locust,C:\Users\Zhifei Chen\Desktop\pysmell\subjects_for_metrics\locust\locust\test\test_locust_class.py,321,6,0,0,0
locust,C:\Users\Zhifei Chen\Desktop\pysmell\subjects_for_metrics\locust\locust\test\test_locust_class.py,323,1,0,0,0
locust,C:\Users\Zhifei Chen\Desktop\pysmell\subjects_for_metrics\locust\locust\test\test_locust_class.py,333,3,0,0,0
locust,C:\Users\Zhifei Chen\Desktop\pysmell\subjects_for_metrics\locust\locust\test\test_locust_class.py,340,3,0,0,0
locust,C:\Users\Zhifei Chen\Desktop\pysmell\subjects_for_metrics\locust\locust\test\test_locust_class.py,347,3,0,0,0
locust,C:\Users\Zhifei Chen\Desktop\pysmell\subjects_for_metrics\locust\locust\test\test_locust_class.py,354,4,0,0,0
locust,C:\Users\Zhifei Chen\Desktop\pysmell\subjects_for_metrics\locust\locust\test\test_locust_class.py,362,4,0,0,0
locust,C:\Users\Zhifei Chen\Desktop\pysmell\subjects_for_metrics\locust\locust\test\test_locust_class.py,370,4,0,0,0
locust,C:\Users\Zhifei Chen\Desktop\pysmell\subjects_for_metrics\locust\locust\test\test_locust_class.py,378,3,0,0,0
locust,C:\Users\Zhifei Chen\Desktop\pysmell\subjects_for_metrics\locust\locust\test\test_locust_class.py,385,9,0,0,0
locust,C:\Users\Zhifei Chen\Desktop\pysmell\subjects_for_metrics\locust\locust\test\test_locust_class.py,402,7,0,0,0
locust,C:\Users\Zhifei Chen\Desktop\pysmell\subjects_for_metrics\locust\locust\test\test_locust_class.py,410,2,0,0,0
locust,C:\Users\Zhifei Chen\Desktop\pysmell\subjects_for_metrics\locust\locust\test\test_locust_class.py,420,6,0,0,0
locust,C:\Users\Zhifei Chen\Desktop\pysmell\subjects_for_metrics\locust\locust\test\test_locust_class.py,422,2,0,0,0
locust,C:\Users\Zhifei Chen\Desktop\pysmell\subjects_for_metrics\locust\locust\test\test_locust_class.py,436,7,0,0,0
locust,C:\Users\Zhifei Chen\Desktop\pysmell\subjects_for_metrics\locust\locust\test\test_locust_class.py,450,8,0,0,0
locust,C:\Users\Zhifei Chen\Desktop\pysmell\subjects_for_metrics\locust\locust\test\test_locust_class.py,460,2,0,0,0
locust,C:\Users\Zhifei Chen\Desktop\pysmell\subjects_for_metrics\locust\locust\test\test_locust_class.py,463,1,0,0,0
locust,C:\Users\Zhifei Chen\Desktop\pysmell\subjects_for_metrics\locust\locust\test\test_locust_class.py,468,9,0,0,0
locust,C:\Users\Zhifei Chen\Desktop\pysmell\subjects_for_metrics\locust\locust\test\test_locust_class.py,483,3,0,0,0
locust,C:\Users\Zhifei Chen\Desktop\pysmell\subjects_for_metrics\locust\locust\test\test_locust_class.py,488,7,0,0,0
locust,C:\Users\Zhifei Chen\Desktop\pysmell\subjects_for_metrics\locust\locust\test\test_locust_class.py,498,4,0,0,0
locust,C:\Users\Zhifei Chen\Desktop\pysmell\subjects_for_metrics\locust\locust\test\test_locust_class.py,504,6,0,0,0
locust,C:\Users\Zhifei Chen\Desktop\pysmell\subjects_for_metrics\locust\locust\test\test_locust_class.py,512,7,0,0,0
locust,C:\Users\Zhifei Chen\Desktop\pysmell\subjects_for_metrics\locust\locust\test\test_locust_class.py,514,3,0,0,0
locust,C:\Users\Zhifei Chen\Desktop\pysmell\subjects_for_metrics\locust\locust\test\test_locust_class.py,528,8,0,0,0
locust,C:\Users\Zhifei Chen\Desktop\pysmell\subjects_for_metrics\locust\locust\test\test_locust_class.py,539,8,0,0,0
locust,C:\Users\Zhifei Chen\Desktop\pysmell\subjects_for_metrics\locust\locust\test\test_main.py,8,10,0,0,0
locust,C:\Users\Zhifei Chen\Desktop\pysmell\subjects_for_metrics\locust\locust\test\test_runners.py,19,2,0,0,0
locust,C:\Users\Zhifei Chen\Desktop\pysmell\subjects_for_metrics\locust\locust\test\test_runners.py,24,1,0,0,0
locust,C:\Users\Zhifei Chen\Desktop\pysmell\subjects_for_metrics\locust\locust\test\test_runners.py,27,1,0,0,0
locust,C:\Users\Zhifei Chen\Desktop\pysmell\subjects_for_metrics\locust\locust\test\test_runners.py,31,2,0,0,0
locust,C:\Users\Zhifei Chen\Desktop\pysmell\subjects_for_metrics\locust\locust\test\test_runners.py,35,0,0,0,0
locust,C:\Users\Zhifei Chen\Desktop\pysmell\subjects_for_metrics\locust\locust\test\test_runners.py,42,7,0,0,0
locust,C:\Users\Zhifei Chen\Desktop\pysmell\subjects_for_metrics\locust\locust\test\test_runners.py,54,1,0,0,0
locust,C:\Users\Zhifei Chen\Desktop\pysmell\subjects_for_metrics\locust\locust\test\test_runners.py,57,16,0,0,0
locust,C:\Users\Zhifei Chen\Desktop\pysmell\subjects_for_metrics\locust\locust\test\test_runners.py,79,16,0,0,0
locust,C:\Users\Zhifei Chen\Desktop\pysmell\subjects_for_metrics\locust\locust\test\test_runners.py,103,11,0,0,0
locust,C:\Users\Zhifei Chen\Desktop\pysmell\subjects_for_metrics\locust\locust\test\test_runners.py,105,2,0,0,0
locust,C:\Users\Zhifei Chen\Desktop\pysmell\subjects_for_metrics\locust\locust\test\test_runners.py,127,13,0,0,0
locust,C:\Users\Zhifei Chen\Desktop\pysmell\subjects_for_metrics\locust\locust\test\test_runners.py,152,13,0,0,0
locust,C:\Users\Zhifei Chen\Desktop\pysmell\subjects_for_metrics\locust\locust\test\test_runners.py,173,12,0,0,0
locust,C:\Users\Zhifei Chen\Desktop\pysmell\subjects_for_metrics\locust\locust\test\test_runners.py,179,2,0,0,0
locust,C:\Users\Zhifei Chen\Desktop\pysmell\subjects_for_metrics\locust\locust\test\test_runners.py,197,16,0,0,0
locust,C:\Users\Zhifei Chen\Desktop\pysmell\subjects_for_metrics\locust\locust\test\test_runners.py,203,3,0,0,0
locust,C:\Users\Zhifei Chen\Desktop\pysmell\subjects_for_metrics\locust\locust\test\test_runners.py,210,2,0,0,0
locust,C:\Users\Zhifei Chen\Desktop\pysmell\subjects_for_metrics\locust\locust\test\test_runners.py,214,1,0,0,0
locust,C:\Users\Zhifei Chen\Desktop\pysmell\subjects_for_metrics\locust\locust\test\test_runners.py,243,5,0,0,0
locust,C:\Users\Zhifei Chen\Desktop\pysmell\subjects_for_metrics\locust\locust\test\test_stats.py,13,13,0,0,0
locust,C:\Users\Zhifei Chen\Desktop\pysmell\subjects_for_metrics\locust\locust\test\test_stats.py,28,6,0,0,0
locust,C:\Users\Zhifei Chen\Desktop\pysmell\subjects_for_metrics\locust\locust\test\test_stats.py,37,0,0,0,0
locust,C:\Users\Zhifei Chen\Desktop\pysmell\subjects_for_metrics\locust\locust\test\test_stats.py,40,0,0,0,0
locust,C:\Users\Zhifei Chen\Desktop\pysmell\subjects_for_metrics\locust\locust\test\test_stats.py,43,4,0,0,0
locust,C:\Users\Zhifei Chen\Desktop\pysmell\subjects_for_metrics\locust\locust\test\test_stats.py,50,1,0,0,0
locust,C:\Users\Zhifei Chen\Desktop\pysmell\subjects_for_metrics\locust\locust\test\test_stats.py,54,0,0,0,0
locust,C:\Users\Zhifei Chen\Desktop\pysmell\subjects_for_metrics\locust\locust\test\test_stats.py,57,8,0,0,0
locust,C:\Users\Zhifei Chen\Desktop\pysmell\subjects_for_metrics\locust\locust\test\test_stats.py,69,2,0,0,0
locust,C:\Users\Zhifei Chen\Desktop\pysmell\subjects_for_metrics\locust\locust\test\test_stats.py,74,22,0,0,0
locust,C:\Users\Zhifei Chen\Desktop\pysmell\subjects_for_metrics\locust\locust\test\test_stats.py,101,8,0,0,0
locust,C:\Users\Zhifei Chen\Desktop\pysmell\subjects_for_metrics\locust\locust\test\test_stats.py,120,6,0,0,0
locust,C:\Users\Zhifei Chen\Desktop\pysmell\subjects_for_metrics\locust\locust\test\test_stats.py,130,5,0,0,0
locust,C:\Users\Zhifei Chen\Desktop\pysmell\subjects_for_metrics\locust\locust\test\test_stats.py,138,5,0,0,0
locust,C:\Users\Zhifei Chen\Desktop\pysmell\subjects_for_metrics\locust\locust\test\test_stats.py,146,4,0,0,0
locust,C:\Users\Zhifei Chen\Desktop\pysmell\subjects_for_metrics\locust\locust\test\test_stats.py,154,4,0,0,0
locust,C:\Users\Zhifei Chen\Desktop\pysmell\subjects_for_metrics\locust\locust\test\test_stats.py,162,4,0,0,0
locust,C:\Users\Zhifei Chen\Desktop\pysmell\subjects_for_metrics\locust\locust\test\test_stats.py,170,6,0,0,0
locust,C:\Users\Zhifei Chen\Desktop\pysmell\subjects_for_metrics\locust\locust\test\test_stats.py,180,16,0,0,0
locust,C:\Users\Zhifei Chen\Desktop\pysmell\subjects_for_metrics\locust\locust\test\test_stats.py,182,1,0,0,0
locust,C:\Users\Zhifei Chen\Desktop\pysmell\subjects_for_metrics\locust\locust\test\test_stats.py,210,19,0,0,0
locust,C:\Users\Zhifei Chen\Desktop\pysmell\subjects_for_metrics\locust\locust\test\test_stats.py,212,3,0,0,0
locust,C:\Users\Zhifei Chen\Desktop\pysmell\subjects_for_metrics\locust\locust\test\test_stats.py,247,2,0,0,0
locust,C:\Users\Zhifei Chen\Desktop\pysmell\subjects_for_metrics\locust\locust\test\test_stats.py,253,2,0,0,0
locust,C:\Users\Zhifei Chen\Desktop\pysmell\subjects_for_metrics\locust\locust\test\test_stats.py,256,2,0,0,0
locust,C:\Users\Zhifei Chen\Desktop\pysmell\subjects_for_metrics\locust\locust\test\test_stats.py,261,6,0,0,0
locust,C:\Users\Zhifei Chen\Desktop\pysmell\subjects_for_metrics\locust\locust\test\test_stats.py,269,6,0,0,0
locust,C:\Users\Zhifei Chen\Desktop\pysmell\subjects_for_metrics\locust\locust\test\test_taskratio.py,7,11,0,0,0
locust,C:\Users\Zhifei Chen\Desktop\pysmell\subjects_for_metrics\locust\locust\test\test_taskratio.py,9,2,0,0,0
locust,C:\Users\Zhifei Chen\Desktop\pysmell\subjects_for_metrics\locust\locust\test\test_taskratio.py,15,2,0,0,0
locust,C:\Users\Zhifei Chen\Desktop\pysmell\subjects_for_metrics\locust\locust\test\test_taskratio.py,19,2,0,0,0
locust,C:\Users\Zhifei Chen\Desktop\pysmell\subjects_for_metrics\locust\locust\test\test_taskratio.py,39,11,0,0,0
locust,C:\Users\Zhifei Chen\Desktop\pysmell\subjects_for_metrics\locust\locust\test\test_taskratio.py,41,2,0,0,0
locust,C:\Users\Zhifei Chen\Desktop\pysmell\subjects_for_metrics\locust\locust\test\test_taskratio.py,45,2,0,0,0
locust,C:\Users\Zhifei Chen\Desktop\pysmell\subjects_for_metrics\locust\locust\test\test_web.py,18,8,0,0,0
locust,C:\Users\Zhifei Chen\Desktop\pysmell\subjects_for_metrics\locust\locust\test\test_web.py,31,1,0,0,0
locust,C:\Users\Zhifei Chen\Desktop\pysmell\subjects_for_metrics\locust\locust\test\test_web.py,35,0,0,0,0
locust,C:\Users\Zhifei Chen\Desktop\pysmell\subjects_for_metrics\locust\locust\test\test_web.py,38,0,0,0,0
locust,C:\Users\Zhifei Chen\Desktop\pysmell\subjects_for_metrics\locust\locust\test\test_web.py,41,7,0,0,0
locust,C:\Users\Zhifei Chen\Desktop\pysmell\subjects_for_metrics\locust\locust\test\test_web.py,52,10,0,0,0
locust,C:\Users\Zhifei Chen\Desktop\pysmell\subjects_for_metrics\locust\locust\test\test_web.py,69,2,0,0,0
locust,C:\Users\Zhifei Chen\Desktop\pysmell\subjects_for_metrics\locust\locust\test\test_web.py,74,2,0,0,0
locust,C:\Users\Zhifei Chen\Desktop\pysmell\subjects_for_metrics\locust\locust\test\test_web.py,79,15,0,0,0
