subject,file,lineno,NBC,experience-based,statistics-based,tuning machine
locust,C:\Users\Zhifei Chen\Desktop\pysmell\subjects_for_metrics\locust\setup.py,9,1,0,0,0
locust,C:\Users\Zhifei Chen\Desktop\pysmell\subjects_for_metrics\locust\examples\basic.py,9,1,0,0,0
locust,C:\Users\Zhifei Chen\Desktop\pysmell\subjects_for_metrics\locust\examples\basic.py,18,1,0,0,0
locust,C:\Users\Zhifei Chen\Desktop\pysmell\subjects_for_metrics\locust\examples\events.py,10,1,0,0,0
locust,C:\Users\Zhifei Chen\Desktop\pysmell\subjects_for_metrics\locust\examples\events.py,19,1,0,0,0
locust,C:\Users\Zhifei Chen\Desktop\pysmell\subjects_for_metrics\locust\examples\custom_xmlrpc_client\xmlrpc_locustfile.py,7,1,0,0,0
locust,C:\Users\Zhifei Chen\Desktop\pysmell\subjects_for_metrics\locust\examples\custom_xmlrpc_client\xmlrpc_locustfile.py,31,1,0,0,0
locust,C:\Users\Zhifei Chen\Desktop\pysmell\subjects_for_metrics\locust\examples\custom_xmlrpc_client\xmlrpc_locustfile.py,41,1,0,0,0
locust,C:\Users\Zhifei Chen\Desktop\pysmell\subjects_for_metrics\locust\examples\custom_xmlrpc_client\xmlrpc_locustfile.py,47,1,0,0,0
locust,C:\Users\Zhifei Chen\Desktop\pysmell\subjects_for_metrics\locust\locust\clients.py,18,1,0,0,0
locust,C:\Users\Zhifei Chen\Desktop\pysmell\subjects_for_metrics\locust\locust\clients.py,26,1,0,0,0
locust,C:\Users\Zhifei Chen\Desktop\pysmell\subjects_for_metrics\locust\locust\clients.py,168,1,0,0,0
locust,C:\Users\Zhifei Chen\Desktop\pysmell\subjects_for_metrics\locust\locust\core.py,55,1,0,0,0
locust,C:\Users\Zhifei Chen\Desktop\pysmell\subjects_for_metrics\locust\locust\core.py,64,1,0,0,0
locust,C:\Users\Zhifei Chen\Desktop\pysmell\subjects_for_metrics\locust\locust\core.py,109,1,0,0,0
locust,C:\Users\Zhifei Chen\Desktop\pysmell\subjects_for_metrics\locust\locust\core.py,134,1,0,0,0
locust,C:\Users\Zhifei Chen\Desktop\pysmell\subjects_for_metrics\locust\locust\core.py,168,1,0,0,0
locust,C:\Users\Zhifei Chen\Desktop\pysmell\subjects_for_metrics\locust\locust\events.py,1,1,0,0,0
locust,C:\Users\Zhifei Chen\Desktop\pysmell\subjects_for_metrics\locust\locust\exception.py,1,1,0,0,0
locust,C:\Users\Zhifei Chen\Desktop\pysmell\subjects_for_metrics\locust\locust\exception.py,4,1,0,0,0
locust,C:\Users\Zhifei Chen\Desktop\pysmell\subjects_for_metrics\locust\locust\exception.py,7,1,0,0,0
locust,C:\Users\Zhifei Chen\Desktop\pysmell\subjects_for_metrics\locust\locust\exception.py,10,1,0,0,0
locust,C:\Users\Zhifei Chen\Desktop\pysmell\subjects_for_metrics\locust\locust\exception.py,22,1,0,0,0
locust,C:\Users\Zhifei Chen\Desktop\pysmell\subjects_for_metrics\locust\locust\exception.py,25,1,0,0,0
locust,C:\Users\Zhifei Chen\Desktop\pysmell\subjects_for_metrics\locust\locust\exception.py,33,1,0,0,0
locust,C:\Users\Zhifei Chen\Desktop\pysmell\subjects_for_metrics\locust\locust\log.py,21,1,0,0,0
locust,C:\Users\Zhifei Chen\Desktop\pysmell\subjects_for_metrics\locust\locust\log.py,28,1,0,0,0
locust,C:\Users\Zhifei Chen\Desktop\pysmell\subjects_for_metrics\locust\locust\runners.py,28,1,0,0,0
locust,C:\Users\Zhifei Chen\Desktop\pysmell\subjects_for_metrics\locust\locust\runners.py,190,1,0,0,0
locust,C:\Users\Zhifei Chen\Desktop\pysmell\subjects_for_metrics\locust\locust\runners.py,204,1,0,0,0
locust,C:\Users\Zhifei Chen\Desktop\pysmell\subjects_for_metrics\locust\locust\runners.py,216,1,0,0,0
locust,C:\Users\Zhifei Chen\Desktop\pysmell\subjects_for_metrics\locust\locust\runners.py,222,1,0,0,0
locust,C:\Users\Zhifei Chen\Desktop\pysmell\subjects_for_metrics\locust\locust\runners.py,226,1,0,0,0
locust,C:\Users\Zhifei Chen\Desktop\pysmell\subjects_for_metrics\locust\locust\runners.py,348,1,0,0,0
locust,C:\Users\Zhifei Chen\Desktop\pysmell\subjects_for_metrics\locust\locust\stats.py,11,1,0,0,0
locust,C:\Users\Zhifei Chen\Desktop\pysmell\subjects_for_metrics\locust\locust\stats.py,15,1,0,0,0
locust,C:\Users\Zhifei Chen\Desktop\pysmell\subjects_for_metrics\locust\locust\stats.py,68,1,0,0,0
locust,C:\Users\Zhifei Chen\Desktop\pysmell\subjects_for_metrics\locust\locust\stats.py,358,1,0,0,0
locust,C:\Users\Zhifei Chen\Desktop\pysmell\subjects_for_metrics\locust\locust\rpc\protocol.py,3,1,0,0,0
locust,C:\Users\Zhifei Chen\Desktop\pysmell\subjects_for_metrics\locust\locust\rpc\socketrpc.py,42,1,0,0,0
locust,C:\Users\Zhifei Chen\Desktop\pysmell\subjects_for_metrics\locust\locust\rpc\socketrpc.py,70,1,0,0,0
locust,C:\Users\Zhifei Chen\Desktop\pysmell\subjects_for_metrics\locust\locust\rpc\zmqrpc.py,4,1,0,0,0
locust,C:\Users\Zhifei Chen\Desktop\pysmell\subjects_for_metrics\locust\locust\rpc\zmqrpc.py,14,1,0,0,0
locust,C:\Users\Zhifei Chen\Desktop\pysmell\subjects_for_metrics\locust\locust\rpc\zmqrpc.py,24,1,0,0,0
locust,C:\Users\Zhifei Chen\Desktop\pysmell\subjects_for_metrics\locust\locust\test\testcases.py,110,1,0,0,0
locust,C:\Users\Zhifei Chen\Desktop\pysmell\subjects_for_metrics\locust\locust\test\testcases.py,161,1,0,0,0
locust,C:\Users\Zhifei Chen\Desktop\pysmell\subjects_for_metrics\locust\locust\test\test_client.py,9,1,0,0,0
locust,C:\Users\Zhifei Chen\Desktop\pysmell\subjects_for_metrics\locust\locust\test\test_locust_class.py,9,1,0,0,0
locust,C:\Users\Zhifei Chen\Desktop\pysmell\subjects_for_metrics\locust\locust\test\test_locust_class.py,13,1,0,0,0
locust,C:\Users\Zhifei Chen\Desktop\pysmell\subjects_for_metrics\locust\locust\test\test_locust_class.py,20,1,0,0,0
locust,C:\Users\Zhifei Chen\Desktop\pysmell\subjects_for_metrics\locust\locust\test\test_locust_class.py,34,1,0,0,0
locust,C:\Users\Zhifei Chen\Desktop\pysmell\subjects_for_metrics\locust\locust\test\test_locust_class.py,60,1,0,0,0
locust,C:\Users\Zhifei Chen\Desktop\pysmell\subjects_for_metrics\locust\locust\test\test_locust_class.py,90,1,0,0,0
locust,C:\Users\Zhifei Chen\Desktop\pysmell\subjects_for_metrics\locust\locust\test\test_locust_class.py,103,1,0,0,0
locust,C:\Users\Zhifei Chen\Desktop\pysmell\subjects_for_metrics\locust\locust\test\test_locust_class.py,123,1,0,0,0
locust,C:\Users\Zhifei Chen\Desktop\pysmell\subjects_for_metrics\locust\locust\test\test_locust_class.py,144,1,0,0,0
locust,C:\Users\Zhifei Chen\Desktop\pysmell\subjects_for_metrics\locust\locust\test\test_locust_class.py,147,1,0,0,0
locust,C:\Users\Zhifei Chen\Desktop\pysmell\subjects_for_metrics\locust\locust\test\test_locust_class.py,157,1,0,0,0
locust,C:\Users\Zhifei Chen\Desktop\pysmell\subjects_for_metrics\locust\locust\test\test_locust_class.py,164,1,0,0,0
locust,C:\Users\Zhifei Chen\Desktop\pysmell\subjects_for_metrics\locust\locust\test\test_locust_class.py,171,1,0,0,0
locust,C:\Users\Zhifei Chen\Desktop\pysmell\subjects_for_metrics\locust\locust\test\test_locust_class.py,179,1,0,0,0
locust,C:\Users\Zhifei Chen\Desktop\pysmell\subjects_for_metrics\locust\locust\test\test_locust_class.py,187,1,0,0,0
locust,C:\Users\Zhifei Chen\Desktop\pysmell\subjects_for_metrics\locust\locust\test\test_locust_class.py,197,1,0,0,0
locust,C:\Users\Zhifei Chen\Desktop\pysmell\subjects_for_metrics\locust\locust\test\test_locust_class.py,198,1,0,0,0
locust,C:\Users\Zhifei Chen\Desktop\pysmell\subjects_for_metrics\locust\locust\test\test_locust_class.py,214,1,0,0,0
locust,C:\Users\Zhifei Chen\Desktop\pysmell\subjects_for_metrics\locust\locust\test\test_locust_class.py,222,1,0,0,0
locust,C:\Users\Zhifei Chen\Desktop\pysmell\subjects_for_metrics\locust\locust\test\test_locust_class.py,237,1,0,0,0
locust,C:\Users\Zhifei Chen\Desktop\pysmell\subjects_for_metrics\locust\locust\test\test_locust_class.py,241,1,0,0,0
locust,C:\Users\Zhifei Chen\Desktop\pysmell\subjects_for_metrics\locust\locust\test\test_locust_class.py,245,1,0,0,0
locust,C:\Users\Zhifei Chen\Desktop\pysmell\subjects_for_metrics\locust\locust\test\test_locust_class.py,249,1,0,0,0
locust,C:\Users\Zhifei Chen\Desktop\pysmell\subjects_for_metrics\locust\locust\test\test_locust_class.py,275,1,0,0,0
locust,C:\Users\Zhifei Chen\Desktop\pysmell\subjects_for_metrics\locust\locust\test\test_locust_class.py,282,1,0,0,0
locust,C:\Users\Zhifei Chen\Desktop\pysmell\subjects_for_metrics\locust\locust\test\test_locust_class.py,296,1,0,0,0
locust,C:\Users\Zhifei Chen\Desktop\pysmell\subjects_for_metrics\locust\locust\test\test_locust_class.py,300,1,0,0,0
locust,C:\Users\Zhifei Chen\Desktop\pysmell\subjects_for_metrics\locust\locust\test\test_locust_class.py,307,1,0,0,0
locust,C:\Users\Zhifei Chen\Desktop\pysmell\subjects_for_metrics\locust\locust\test\test_locust_class.py,310,1,0,0,0
locust,C:\Users\Zhifei Chen\Desktop\pysmell\subjects_for_metrics\locust\locust\test\test_locust_class.py,320,1,0,0,0
locust,C:\Users\Zhifei Chen\Desktop\pysmell\subjects_for_metrics\locust\locust\test\test_locust_class.py,325,1,0,0,0
locust,C:\Users\Zhifei Chen\Desktop\pysmell\subjects_for_metrics\locust\locust\test\test_locust_class.py,334,1,0,0,0
locust,C:\Users\Zhifei Chen\Desktop\pysmell\subjects_for_metrics\locust\locust\test\test_locust_class.py,341,1,0,0,0
locust,C:\Users\Zhifei Chen\Desktop\pysmell\subjects_for_metrics\locust\locust\test\test_locust_class.py,348,1,0,0,0
locust,C:\Users\Zhifei Chen\Desktop\pysmell\subjects_for_metrics\locust\locust\test\test_locust_class.py,355,1,0,0,0
locust,C:\Users\Zhifei Chen\Desktop\pysmell\subjects_for_metrics\locust\locust\test\test_locust_class.py,363,1,0,0,0
locust,C:\Users\Zhifei Chen\Desktop\pysmell\subjects_for_metrics\locust\locust\test\test_locust_class.py,371,1,0,0,0
locust,C:\Users\Zhifei Chen\Desktop\pysmell\subjects_for_metrics\locust\locust\test\test_locust_class.py,379,1,0,0,0
locust,C:\Users\Zhifei Chen\Desktop\pysmell\subjects_for_metrics\locust\locust\test\test_locust_class.py,386,1,0,0,0
locust,C:\Users\Zhifei Chen\Desktop\pysmell\subjects_for_metrics\locust\locust\test\test_locust_class.py,389,1,0,0,0
locust,C:\Users\Zhifei Chen\Desktop\pysmell\subjects_for_metrics\locust\locust\test\test_locust_class.py,392,1,0,0,0
locust,C:\Users\Zhifei Chen\Desktop\pysmell\subjects_for_metrics\locust\locust\test\test_locust_class.py,406,1,0,0,0
locust,C:\Users\Zhifei Chen\Desktop\pysmell\subjects_for_metrics\locust\locust\test\test_locust_class.py,421,1,0,0,0
locust,C:\Users\Zhifei Chen\Desktop\pysmell\subjects_for_metrics\locust\locust\test\test_locust_class.py,427,1,0,0,0
locust,C:\Users\Zhifei Chen\Desktop\pysmell\subjects_for_metrics\locust\locust\test\test_locust_class.py,437,1,0,0,0
locust,C:\Users\Zhifei Chen\Desktop\pysmell\subjects_for_metrics\locust\locust\test\test_locust_class.py,449,1,0,0,0
locust,C:\Users\Zhifei Chen\Desktop\pysmell\subjects_for_metrics\locust\locust\test\test_locust_class.py,453,1,0,0,0
locust,C:\Users\Zhifei Chen\Desktop\pysmell\subjects_for_metrics\locust\locust\test\test_locust_class.py,513,1,0,0,0
locust,C:\Users\Zhifei Chen\Desktop\pysmell\subjects_for_metrics\locust\locust\test\test_locust_class.py,518,1,0,0,0
locust,C:\Users\Zhifei Chen\Desktop\pysmell\subjects_for_metrics\locust\locust\test\test_locust_class.py,529,1,0,0,0
locust,C:\Users\Zhifei Chen\Desktop\pysmell\subjects_for_metrics\locust\locust\test\test_locust_class.py,540,1,0,0,0
locust,C:\Users\Zhifei Chen\Desktop\pysmell\subjects_for_metrics\locust\locust\test\test_main.py,7,1,0,0,0
locust,C:\Users\Zhifei Chen\Desktop\pysmell\subjects_for_metrics\locust\locust\test\test_main.py,14,1,0,0,0
locust,C:\Users\Zhifei Chen\Desktop\pysmell\subjects_for_metrics\locust\locust\test\test_main.py,17,1,0,0,0
locust,C:\Users\Zhifei Chen\Desktop\pysmell\subjects_for_metrics\locust\locust\test\test_main.py,20,1,0,0,0
locust,C:\Users\Zhifei Chen\Desktop\pysmell\subjects_for_metrics\locust\locust\test\test_main.py,26,1,0,0,0
locust,C:\Users\Zhifei Chen\Desktop\pysmell\subjects_for_metrics\locust\locust\test\test_runners.py,20,1,0,0,0
locust,C:\Users\Zhifei Chen\Desktop\pysmell\subjects_for_metrics\locust\locust\test\test_runners.py,41,1,0,0,0
locust,C:\Users\Zhifei Chen\Desktop\pysmell\subjects_for_metrics\locust\locust\test\test_runners.py,60,1,0,0,0
locust,C:\Users\Zhifei Chen\Desktop\pysmell\subjects_for_metrics\locust\locust\test\test_runners.py,82,1,0,0,0
locust,C:\Users\Zhifei Chen\Desktop\pysmell\subjects_for_metrics\locust\locust\test\test_runners.py,104,1,0,0,0
locust,C:\Users\Zhifei Chen\Desktop\pysmell\subjects_for_metrics\locust\locust\test\test_runners.py,109,1,0,0,0
locust,C:\Users\Zhifei Chen\Desktop\pysmell\subjects_for_metrics\locust\locust\test\test_runners.py,134,1,0,0,0
locust,C:\Users\Zhifei Chen\Desktop\pysmell\subjects_for_metrics\locust\locust\test\test_runners.py,155,1,0,0,0
locust,C:\Users\Zhifei Chen\Desktop\pysmell\subjects_for_metrics\locust\locust\test\test_runners.py,174,1,0,0,0
locust,C:\Users\Zhifei Chen\Desktop\pysmell\subjects_for_metrics\locust\locust\test\test_runners.py,177,1,0,0,0
locust,C:\Users\Zhifei Chen\Desktop\pysmell\subjects_for_metrics\locust\locust\test\test_runners.py,178,1,0,0,0
locust,C:\Users\Zhifei Chen\Desktop\pysmell\subjects_for_metrics\locust\locust\test\test_runners.py,199,1,0,0,0
locust,C:\Users\Zhifei Chen\Desktop\pysmell\subjects_for_metrics\locust\locust\test\test_runners.py,202,1,0,0,0
locust,C:\Users\Zhifei Chen\Desktop\pysmell\subjects_for_metrics\locust\locust\test\test_runners.py,218,1,0,0,0
locust,C:\Users\Zhifei Chen\Desktop\pysmell\subjects_for_metrics\locust\locust\test\test_runners.py,242,1,0,0,0
locust,C:\Users\Zhifei Chen\Desktop\pysmell\subjects_for_metrics\locust\locust\test\test_stats.py,12,1,0,0,0
locust,C:\Users\Zhifei Chen\Desktop\pysmell\subjects_for_metrics\locust\locust\test\test_stats.py,119,1,0,0,0
locust,C:\Users\Zhifei Chen\Desktop\pysmell\subjects_for_metrics\locust\locust\test\test_stats.py,121,1,0,0,0
locust,C:\Users\Zhifei Chen\Desktop\pysmell\subjects_for_metrics\locust\locust\test\test_stats.py,131,1,0,0,0
locust,C:\Users\Zhifei Chen\Desktop\pysmell\subjects_for_metrics\locust\locust\test\test_stats.py,139,1,0,0,0
locust,C:\Users\Zhifei Chen\Desktop\pysmell\subjects_for_metrics\locust\locust\test\test_stats.py,147,1,0,0,0
locust,C:\Users\Zhifei Chen\Desktop\pysmell\subjects_for_metrics\locust\locust\test\test_stats.py,155,1,0,0,0
locust,C:\Users\Zhifei Chen\Desktop\pysmell\subjects_for_metrics\locust\locust\test\test_stats.py,163,1,0,0,0
locust,C:\Users\Zhifei Chen\Desktop\pysmell\subjects_for_metrics\locust\locust\test\test_stats.py,171,1,0,0,0
locust,C:\Users\Zhifei Chen\Desktop\pysmell\subjects_for_metrics\locust\locust\test\test_stats.py,181,1,0,0,0
locust,C:\Users\Zhifei Chen\Desktop\pysmell\subjects_for_metrics\locust\locust\test\test_stats.py,185,1,0,0,0
locust,C:\Users\Zhifei Chen\Desktop\pysmell\subjects_for_metrics\locust\locust\test\test_stats.py,211,1,0,0,0
locust,C:\Users\Zhifei Chen\Desktop\pysmell\subjects_for_metrics\locust\locust\test\test_stats.py,218,1,0,0,0
locust,C:\Users\Zhifei Chen\Desktop\pysmell\subjects_for_metrics\locust\locust\test\test_stats.py,246,1,0,0,0
locust,C:\Users\Zhifei Chen\Desktop\pysmell\subjects_for_metrics\locust\locust\test\test_stats.py,251,1,0,0,0
locust,C:\Users\Zhifei Chen\Desktop\pysmell\subjects_for_metrics\locust\locust\test\test_stats.py,260,1,0,0,0
locust,C:\Users\Zhifei Chen\Desktop\pysmell\subjects_for_metrics\locust\locust\test\test_taskratio.py,6,1,0,0,0
locust,C:\Users\Zhifei Chen\Desktop\pysmell\subjects_for_metrics\locust\locust\test\test_taskratio.py,8,1,0,0,0
locust,C:\Users\Zhifei Chen\Desktop\pysmell\subjects_for_metrics\locust\locust\test\test_taskratio.py,12,1,0,0,0
locust,C:\Users\Zhifei Chen\Desktop\pysmell\subjects_for_metrics\locust\locust\test\test_taskratio.py,23,1,0,0,0
locust,C:\Users\Zhifei Chen\Desktop\pysmell\subjects_for_metrics\locust\locust\test\test_taskratio.py,40,1,0,0,0
locust,C:\Users\Zhifei Chen\Desktop\pysmell\subjects_for_metrics\locust\locust\test\test_taskratio.py,49,1,0,0,0
locust,C:\Users\Zhifei Chen\Desktop\pysmell\subjects_for_metrics\locust\locust\test\test_taskratio.py,53,1,0,0,0
locust,C:\Users\Zhifei Chen\Desktop\pysmell\subjects_for_metrics\locust\locust\test\test_web.py,17,1,0,0,0
