subject,file,lineno,LMC,experience-based,statistics-based,tuning machine
Probabilistic-Programming-and-Bayesian-Methods-for-Hackers,C:\Users\Zhifei Chen\Desktop\pysmell\subjects_for_metrics\Probabilistic-Programming-and-Bayesian-Methods-for-Hackers\Chapter3_MCMC\github_pull.py,25,2,0,0,0
Probabilistic-Programming-and-Bayesian-Methods-for-Hackers,C:\Users\Zhifei Chen\Desktop\pysmell\subjects_for_metrics\Probabilistic-Programming-and-Bayesian-Methods-for-Hackers\Chapter3_MCMC\github_pull.py,26,2,0,0,0
Probabilistic-Programming-and-Bayesian-Methods-for-Hackers,C:\Users\Zhifei Chen\Desktop\pysmell\subjects_for_metrics\Probabilistic-Programming-and-Bayesian-Methods-for-Hackers\Chapter3_MCMC\github_pull.py,63,2,0,0,0
Probabilistic-Programming-and-Bayesian-Methods-for-Hackers,C:\Users\Zhifei Chen\Desktop\pysmell\subjects_for_metrics\Probabilistic-Programming-and-Bayesian-Methods-for-Hackers\Chapter6_Priorities\other_strats.py,8,2,0,0,0
Probabilistic-Programming-and-Bayesian-Methods-for-Hackers,C:\Users\Zhifei Chen\Desktop\pysmell\subjects_for_metrics\Probabilistic-Programming-and-Bayesian-Methods-for-Hackers\Chapter6_Priorities\other_strats.py,53,2,0,0,0
Probabilistic-Programming-and-Bayesian-Methods-for-Hackers,C:\Users\Zhifei Chen\Desktop\pysmell\subjects_for_metrics\Probabilistic-Programming-and-Bayesian-Methods-for-Hackers\Chapter6_Priorities\other_strats.py,91,2,0,0,0
