subject,file,lineno,MLOC,experience-based,statistics-based,tuning machine
mackup,C:\Users\Zhifei Chen\Desktop\pysmell\subjects_for_metrics\mackup\mackup\application.py,17,6,0,0,0
mackup,C:\Users\Zhifei Chen\Desktop\pysmell\subjects_for_metrics\mackup\mackup\application.py,33,2,0,0,0
mackup,C:\Users\Zhifei Chen\Desktop\pysmell\subjects_for_metrics\mackup\mackup\application.py,46,41,1,1,0
mackup,C:\Users\Zhifei Chen\Desktop\pysmell\subjects_for_metrics\mackup\mackup\application.py,131,39,1,1,0
mackup,C:\Users\Zhifei Chen\Desktop\pysmell\subjects_for_metrics\mackup\mackup\application.py,203,16,0,0,0
mackup,C:\Users\Zhifei Chen\Desktop\pysmell\subjects_for_metrics\mackup\mackup\appsdb.py,23,35,1,1,0
mackup,C:\Users\Zhifei Chen\Desktop\pysmell\subjects_for_metrics\mackup\mackup\appsdb.py,79,16,0,0,0
mackup,C:\Users\Zhifei Chen\Desktop\pysmell\subjects_for_metrics\mackup\mackup\appsdb.py,123,1,0,0,0
mackup,C:\Users\Zhifei Chen\Desktop\pysmell\subjects_for_metrics\mackup\mackup\appsdb.py,135,1,0,0,0
mackup,C:\Users\Zhifei Chen\Desktop\pysmell\subjects_for_metrics\mackup\mackup\appsdb.py,147,4,0,0,0
mackup,C:\Users\Zhifei Chen\Desktop\pysmell\subjects_for_metrics\mackup\mackup\appsdb.py,163,4,0,0,0
mackup,C:\Users\Zhifei Chen\Desktop\pysmell\subjects_for_metrics\mackup\mackup\config.py,32,8,0,0,0
mackup,C:\Users\Zhifei Chen\Desktop\pysmell\subjects_for_metrics\mackup\mackup\config.py,63,2,0,0,0
mackup,C:\Users\Zhifei Chen\Desktop\pysmell\subjects_for_metrics\mackup\mackup\config.py,76,2,0,0,0
mackup,C:\Users\Zhifei Chen\Desktop\pysmell\subjects_for_metrics\mackup\mackup\config.py,89,2,0,0,0
mackup,C:\Users\Zhifei Chen\Desktop\pysmell\subjects_for_metrics\mackup\mackup\config.py,99,2,0,0,0
mackup,C:\Users\Zhifei Chen\Desktop\pysmell\subjects_for_metrics\mackup\mackup\config.py,112,2,0,0,0
mackup,C:\Users\Zhifei Chen\Desktop\pysmell\subjects_for_metrics\mackup\mackup\config.py,122,2,0,0,0
mackup,C:\Users\Zhifei Chen\Desktop\pysmell\subjects_for_metrics\mackup\mackup\config.py,132,6,0,0,0
mackup,C:\Users\Zhifei Chen\Desktop\pysmell\subjects_for_metrics\mackup\mackup\config.py,153,5,0,0,0
mackup,C:\Users\Zhifei Chen\Desktop\pysmell\subjects_for_metrics\mackup\mackup\config.py,172,12,0,0,0
mackup,C:\Users\Zhifei Chen\Desktop\pysmell\subjects_for_metrics\mackup\mackup\config.py,196,19,0,0,0
mackup,C:\Users\Zhifei Chen\Desktop\pysmell\subjects_for_metrics\mackup\mackup\config.py,229,4,0,0,0
mackup,C:\Users\Zhifei Chen\Desktop\pysmell\subjects_for_metrics\mackup\mackup\config.py,243,5,0,0,0
mackup,C:\Users\Zhifei Chen\Desktop\pysmell\subjects_for_metrics\mackup\mackup\config.py,260,5,0,0,0
mackup,C:\Users\Zhifei Chen\Desktop\pysmell\subjects_for_metrics\mackup\mackup\mackup.py,22,3,0,0,0
mackup,C:\Users\Zhifei Chen\Desktop\pysmell\subjects_for_metrics\mackup\mackup\mackup.py,29,5,0,0,0
mackup,C:\Users\Zhifei Chen\Desktop\pysmell\subjects_for_metrics\mackup\mackup\mackup.py,48,2,0,0,0
mackup,C:\Users\Zhifei Chen\Desktop\pysmell\subjects_for_metrics\mackup\mackup\mackup.py,53,4,0,0,0
mackup,C:\Users\Zhifei Chen\Desktop\pysmell\subjects_for_metrics\mackup\mackup\mackup.py,63,1,0,0,0
mackup,C:\Users\Zhifei Chen\Desktop\pysmell\subjects_for_metrics\mackup\mackup\mackup.py,67,5,0,0,0
mackup,C:\Users\Zhifei Chen\Desktop\pysmell\subjects_for_metrics\mackup\mackup\mackup.py,78,7,0,0,0
mackup,C:\Users\Zhifei Chen\Desktop\pysmell\subjects_for_metrics\mackup\mackup\main.py,51,1,0,0,0
mackup,C:\Users\Zhifei Chen\Desktop\pysmell\subjects_for_metrics\mackup\mackup\main.py,55,1,0,0,0
mackup,C:\Users\Zhifei Chen\Desktop\pysmell\subjects_for_metrics\mackup\mackup\main.py,59,65,1,1,1
mackup,C:\Users\Zhifei Chen\Desktop\pysmell\subjects_for_metrics\mackup\mackup\main.py,67,2,0,0,0
mackup,C:\Users\Zhifei Chen\Desktop\pysmell\subjects_for_metrics\mackup\mackup\utils.py,19,13,0,0,0
mackup,C:\Users\Zhifei Chen\Desktop\pysmell\subjects_for_metrics\mackup\mackup\utils.py,49,6,0,0,0
mackup,C:\Users\Zhifei Chen\Desktop\pysmell\subjects_for_metrics\mackup\mackup\utils.py,71,12,0,0,0
mackup,C:\Users\Zhifei Chen\Desktop\pysmell\subjects_for_metrics\mackup\mackup\utils.py,115,8,0,0,0
mackup,C:\Users\Zhifei Chen\Desktop\pysmell\subjects_for_metrics\mackup\mackup\utils.py,148,15,0,0,0
mackup,C:\Users\Zhifei Chen\Desktop\pysmell\subjects_for_metrics\mackup\mackup\utils.py,184,3,0,0,0
mackup,C:\Users\Zhifei Chen\Desktop\pysmell\subjects_for_metrics\mackup\mackup\utils.py,196,8,0,0,0
mackup,C:\Users\Zhifei Chen\Desktop\pysmell\subjects_for_metrics\mackup\mackup\utils.py,214,20,0,0,0
mackup,C:\Users\Zhifei Chen\Desktop\pysmell\subjects_for_metrics\mackup\mackup\utils.py,250,10,0,0,0
mackup,C:\Users\Zhifei Chen\Desktop\pysmell\subjects_for_metrics\mackup\mackup\utils.py,272,15,0,0,0
mackup,C:\Users\Zhifei Chen\Desktop\pysmell\subjects_for_metrics\mackup\mackup\utils.py,302,5,0,0,0
mackup,C:\Users\Zhifei Chen\Desktop\pysmell\subjects_for_metrics\mackup\mackup\utils.py,319,6,0,0,0
mackup,C:\Users\Zhifei Chen\Desktop\pysmell\subjects_for_metrics\mackup\mackup\utils.py,341,6,0,0,0
mackup,C:\Users\Zhifei Chen\Desktop\pysmell\subjects_for_metrics\mackup\mackup\utils.py,361,6,0,0,0
mackup,C:\Users\Zhifei Chen\Desktop\pysmell\subjects_for_metrics\mackup\mackup\utils.py,382,7,0,0,0
mackup,C:\Users\Zhifei Chen\Desktop\pysmell\subjects_for_metrics\mackup\tests\config_tests.py,15,2,0,0,0
mackup,C:\Users\Zhifei Chen\Desktop\pysmell\subjects_for_metrics\mackup\tests\config_tests.py,19,11,0,0,0
mackup,C:\Users\Zhifei Chen\Desktop\pysmell\subjects_for_metrics\mackup\tests\config_tests.py,38,11,0,0,0
mackup,C:\Users\Zhifei Chen\Desktop\pysmell\subjects_for_metrics\mackup\tests\config_tests.py,56,11,0,0,0
mackup,C:\Users\Zhifei Chen\Desktop\pysmell\subjects_for_metrics\mackup\tests\config_tests.py,74,11,0,0,0
mackup,C:\Users\Zhifei Chen\Desktop\pysmell\subjects_for_metrics\mackup\tests\config_tests.py,92,14,0,0,0
mackup,C:\Users\Zhifei Chen\Desktop\pysmell\subjects_for_metrics\mackup\tests\config_tests.py,113,13,0,0,0
mackup,C:\Users\Zhifei Chen\Desktop\pysmell\subjects_for_metrics\mackup\tests\config_tests.py,133,13,0,0,0
mackup,C:\Users\Zhifei Chen\Desktop\pysmell\subjects_for_metrics\mackup\tests\config_tests.py,153,14,0,0,0
mackup,C:\Users\Zhifei Chen\Desktop\pysmell\subjects_for_metrics\mackup\tests\config_tests.py,174,11,0,0,0
mackup,C:\Users\Zhifei Chen\Desktop\pysmell\subjects_for_metrics\mackup\tests\config_tests.py,192,2,0,0,0
mackup,C:\Users\Zhifei Chen\Desktop\pysmell\subjects_for_metrics\mackup\tests\config_tests.py,196,2,0,0,0
mackup,C:\Users\Zhifei Chen\Desktop\pysmell\subjects_for_metrics\mackup\tests\config_tests.py,200,13,0,0,0
mackup,C:\Users\Zhifei Chen\Desktop\pysmell\subjects_for_metrics\mackup\tests\config_tests.py,220,13,0,0,0
mackup,C:\Users\Zhifei Chen\Desktop\pysmell\subjects_for_metrics\mackup\tests\config_tests.py,240,16,0,0,0
mackup,C:\Users\Zhifei Chen\Desktop\pysmell\subjects_for_metrics\mackup\tests\config_tests.py,263,0,0,0,0
mackup,C:\Users\Zhifei Chen\Desktop\pysmell\subjects_for_metrics\mackup\tests\main_tests.py,6,1,0,0,0
mackup,C:\Users\Zhifei Chen\Desktop\pysmell\subjects_for_metrics\mackup\tests\main_tests.py,9,1,0,0,0
mackup,C:\Users\Zhifei Chen\Desktop\pysmell\subjects_for_metrics\mackup\tests\utils_test.py,11,1,0,0,0
mackup,C:\Users\Zhifei Chen\Desktop\pysmell\subjects_for_metrics\mackup\tests\utils_test.py,20,3,0,0,0
mackup,C:\Users\Zhifei Chen\Desktop\pysmell\subjects_for_metrics\mackup\tests\utils_test.py,22,1,0,0,0
mackup,C:\Users\Zhifei Chen\Desktop\pysmell\subjects_for_metrics\mackup\tests\utils_test.py,27,3,0,0,0
mackup,C:\Users\Zhifei Chen\Desktop\pysmell\subjects_for_metrics\mackup\tests\utils_test.py,29,1,0,0,0
mackup,C:\Users\Zhifei Chen\Desktop\pysmell\subjects_for_metrics\mackup\tests\utils_test.py,34,2,0,0,0
mackup,C:\Users\Zhifei Chen\Desktop\pysmell\subjects_for_metrics\mackup\tests\utils_test.py,36,1,0,0,0
mackup,C:\Users\Zhifei Chen\Desktop\pysmell\subjects_for_metrics\mackup\tests\utils_test.py,41,3,0,0,0
mackup,C:\Users\Zhifei Chen\Desktop\pysmell\subjects_for_metrics\mackup\tests\utils_test.py,43,1,0,0,0
mackup,C:\Users\Zhifei Chen\Desktop\pysmell\subjects_for_metrics\mackup\tests\utils_test.py,48,6,0,0,0
mackup,C:\Users\Zhifei Chen\Desktop\pysmell\subjects_for_metrics\mackup\tests\utils_test.py,61,17,0,0,0
mackup,C:\Users\Zhifei Chen\Desktop\pysmell\subjects_for_metrics\mackup\tests\utils_test.py,91,13,0,0,0
mackup,C:\Users\Zhifei Chen\Desktop\pysmell\subjects_for_metrics\mackup\tests\utils_test.py,117,17,0,0,0
mackup,C:\Users\Zhifei Chen\Desktop\pysmell\subjects_for_metrics\mackup\tests\utils_test.py,147,21,0,0,0
mackup,C:\Users\Zhifei Chen\Desktop\pysmell\subjects_for_metrics\mackup\tests\utils_test.py,184,20,0,0,0
mackup,C:\Users\Zhifei Chen\Desktop\pysmell\subjects_for_metrics\mackup\tests\utils_test.py,220,14,0,0,0
mackup,C:\Users\Zhifei Chen\Desktop\pysmell\subjects_for_metrics\mackup\tests\utils_test.py,247,14,0,0,0
mackup,C:\Users\Zhifei Chen\Desktop\pysmell\subjects_for_metrics\mackup\tests\utils_test.py,283,2,0,0,0
mackup,C:\Users\Zhifei Chen\Desktop\pysmell\subjects_for_metrics\mackup\tests\utils_test.py,287,16,0,0,0
mackup,C:\Users\Zhifei Chen\Desktop\pysmell\subjects_for_metrics\mackup\tests\utils_test.py,318,2,0,0,0
mackup,C:\Users\Zhifei Chen\Desktop\pysmell\subjects_for_metrics\mackup\tests\utils_test.py,323,7,0,0,0
