subject,file,lineno,CLOC,experience-based,statistics-based,tuning machine
nltk,C:\Users\Zhifei Chen\Desktop\pysmell\subjects_for_metrics\nltk\nltk\collocations.py,43,13,0,0,0
nltk,C:\Users\Zhifei Chen\Desktop\pysmell\subjects_for_metrics\nltk\nltk\collocations.py,138,5,0,0,0
nltk,C:\Users\Zhifei Chen\Desktop\pysmell\subjects_for_metrics\nltk\nltk\collocations.py,188,6,0,0,0
nltk,C:\Users\Zhifei Chen\Desktop\pysmell\subjects_for_metrics\nltk\nltk\collocations.py,258,5,0,0,0
nltk,C:\Users\Zhifei Chen\Desktop\pysmell\subjects_for_metrics\nltk\nltk\compat.py,108,3,0,0,0
nltk,C:\Users\Zhifei Chen\Desktop\pysmell\subjects_for_metrics\nltk\nltk\compat.py,116,4,0,0,0
nltk,C:\Users\Zhifei Chen\Desktop\pysmell\subjects_for_metrics\nltk\nltk\compat.py,149,4,0,0,0
nltk,C:\Users\Zhifei Chen\Desktop\pysmell\subjects_for_metrics\nltk\nltk\compat.py,170,3,0,0,0
nltk,C:\Users\Zhifei Chen\Desktop\pysmell\subjects_for_metrics\nltk\nltk\compat.py,207,15,0,0,0
nltk,C:\Users\Zhifei Chen\Desktop\pysmell\subjects_for_metrics\nltk\nltk\compat.py,295,14,0,0,0
nltk,C:\Users\Zhifei Chen\Desktop\pysmell\subjects_for_metrics\nltk\nltk\data.py,244,4,0,0,0
nltk,C:\Users\Zhifei Chen\Desktop\pysmell\subjects_for_metrics\nltk\nltk\data.py,285,8,0,0,0
nltk,C:\Users\Zhifei Chen\Desktop\pysmell\subjects_for_metrics\nltk\nltk\data.py,334,11,0,0,0
nltk,C:\Users\Zhifei Chen\Desktop\pysmell\subjects_for_metrics\nltk\nltk\data.py,435,2,0,0,0
nltk,C:\Users\Zhifei Chen\Desktop\pysmell\subjects_for_metrics\nltk\nltk\data.py,449,9,0,0,0
nltk,C:\Users\Zhifei Chen\Desktop\pysmell\subjects_for_metrics\nltk\nltk\data.py,929,5,0,0,0
nltk,C:\Users\Zhifei Chen\Desktop\pysmell\subjects_for_metrics\nltk\nltk\data.py,960,6,0,0,0
nltk,C:\Users\Zhifei Chen\Desktop\pysmell\subjects_for_metrics\nltk\nltk\data.py,1001,31,1,0,0
nltk,C:\Users\Zhifei Chen\Desktop\pysmell\subjects_for_metrics\nltk\nltk\downloader.py,186,6,0,0,0
nltk,C:\Users\Zhifei Chen\Desktop\pysmell\subjects_for_metrics\nltk\nltk\downloader.py,268,6,0,0,0
nltk,C:\Users\Zhifei Chen\Desktop\pysmell\subjects_for_metrics\nltk\nltk\downloader.py,312,1,0,0,0
nltk,C:\Users\Zhifei Chen\Desktop\pysmell\subjects_for_metrics\nltk\nltk\downloader.py,315,2,0,0,0
nltk,C:\Users\Zhifei Chen\Desktop\pysmell\subjects_for_metrics\nltk\nltk\downloader.py,318,2,0,0,0
nltk,C:\Users\Zhifei Chen\Desktop\pysmell\subjects_for_metrics\nltk\nltk\downloader.py,321,2,0,0,0
nltk,C:\Users\Zhifei Chen\Desktop\pysmell\subjects_for_metrics\nltk\nltk\downloader.py,324,2,0,0,0
nltk,C:\Users\Zhifei Chen\Desktop\pysmell\subjects_for_metrics\nltk\nltk\downloader.py,327,2,0,0,0
nltk,C:\Users\Zhifei Chen\Desktop\pysmell\subjects_for_metrics\nltk\nltk\downloader.py,330,2,0,0,0
nltk,C:\Users\Zhifei Chen\Desktop\pysmell\subjects_for_metrics\nltk\nltk\downloader.py,333,2,0,0,0
nltk,C:\Users\Zhifei Chen\Desktop\pysmell\subjects_for_metrics\nltk\nltk\downloader.py,336,2,0,0,0
nltk,C:\Users\Zhifei Chen\Desktop\pysmell\subjects_for_metrics\nltk\nltk\downloader.py,339,2,0,0,0
nltk,C:\Users\Zhifei Chen\Desktop\pysmell\subjects_for_metrics\nltk\nltk\downloader.py,342,2,0,0,0
nltk,C:\Users\Zhifei Chen\Desktop\pysmell\subjects_for_metrics\nltk\nltk\downloader.py,345,2,0,0,0
nltk,C:\Users\Zhifei Chen\Desktop\pysmell\subjects_for_metrics\nltk\nltk\downloader.py,354,2,0,0,0
nltk,C:\Users\Zhifei Chen\Desktop\pysmell\subjects_for_metrics\nltk\nltk\downloader.py,357,2,0,0,0
nltk,C:\Users\Zhifei Chen\Desktop\pysmell\subjects_for_metrics\nltk\nltk\downloader.py,365,43,1,0,1
nltk,C:\Users\Zhifei Chen\Desktop\pysmell\subjects_for_metrics\nltk\nltk\downloader.py,980,9,0,0,0
nltk,C:\Users\Zhifei Chen\Desktop\pysmell\subjects_for_metrics\nltk\nltk\downloader.py,1129,74,1,1,1
nltk,C:\Users\Zhifei Chen\Desktop\pysmell\subjects_for_metrics\nltk\nltk\downloader.py,1857,3,0,0,0
nltk,C:\Users\Zhifei Chen\Desktop\pysmell\subjects_for_metrics\nltk\nltk\featstruct.py,106,35,1,0,0
nltk,C:\Users\Zhifei Chen\Desktop\pysmell\subjects_for_metrics\nltk\nltk\featstruct.py,572,22,0,0,0
nltk,C:\Users\Zhifei Chen\Desktop\pysmell\subjects_for_metrics\nltk\nltk\featstruct.py,878,20,0,0,0
nltk,C:\Users\Zhifei Chen\Desktop\pysmell\subjects_for_metrics\nltk\nltk\featstruct.py,1242,3,0,0,0
nltk,C:\Users\Zhifei Chen\Desktop\pysmell\subjects_for_metrics\nltk\nltk\featstruct.py,1358,1,0,0,0
nltk,C:\Users\Zhifei Chen\Desktop\pysmell\subjects_for_metrics\nltk\nltk\featstruct.py,1684,4,0,0,0
nltk,C:\Users\Zhifei Chen\Desktop\pysmell\subjects_for_metrics\nltk\nltk\featstruct.py,1703,3,0,0,0
nltk,C:\Users\Zhifei Chen\Desktop\pysmell\subjects_for_metrics\nltk\nltk\featstruct.py,1716,4,0,0,0
nltk,C:\Users\Zhifei Chen\Desktop\pysmell\subjects_for_metrics\nltk\nltk\featstruct.py,1731,4,0,0,0
nltk,C:\Users\Zhifei Chen\Desktop\pysmell\subjects_for_metrics\nltk\nltk\featstruct.py,1760,4,0,0,0
nltk,C:\Users\Zhifei Chen\Desktop\pysmell\subjects_for_metrics\nltk\nltk\featstruct.py,1803,14,0,0,0
nltk,C:\Users\Zhifei Chen\Desktop\pysmell\subjects_for_metrics\nltk\nltk\featstruct.py,1874,2,0,0,0
nltk,C:\Users\Zhifei Chen\Desktop\pysmell\subjects_for_metrics\nltk\nltk\featstruct.py,1878,4,0,0,0
nltk,C:\Users\Zhifei Chen\Desktop\pysmell\subjects_for_metrics\nltk\nltk\featstruct.py,1899,7,0,0,0
nltk,C:\Users\Zhifei Chen\Desktop\pysmell\subjects_for_metrics\nltk\nltk\featstruct.py,1941,44,1,0,1
nltk,C:\Users\Zhifei Chen\Desktop\pysmell\subjects_for_metrics\nltk\nltk\grammar.py,87,12,0,0,0
nltk,C:\Users\Zhifei Chen\Desktop\pysmell\subjects_for_metrics\nltk\nltk\grammar.py,199,3,0,0,0
nltk,C:\Users\Zhifei Chen\Desktop\pysmell\subjects_for_metrics\nltk\nltk\grammar.py,234,15,0,0,0
nltk,C:\Users\Zhifei Chen\Desktop\pysmell\subjects_for_metrics\nltk\nltk\grammar.py,357,3,0,0,0
nltk,C:\Users\Zhifei Chen\Desktop\pysmell\subjects_for_metrics\nltk\nltk\grammar.py,375,7,0,0,0
nltk,C:\Users\Zhifei Chen\Desktop\pysmell\subjects_for_metrics\nltk\nltk\grammar.py,420,23,1,0,0
nltk,C:\Users\Zhifei Chen\Desktop\pysmell\subjects_for_metrics\nltk\nltk\grammar.py,716,8,0,0,0
nltk,C:\Users\Zhifei Chen\Desktop\pysmell\subjects_for_metrics\nltk\nltk\grammar.py,862,9,0,0,0
nltk,C:\Users\Zhifei Chen\Desktop\pysmell\subjects_for_metrics\nltk\nltk\grammar.py,892,8,0,0,0
nltk,C:\Users\Zhifei Chen\Desktop\pysmell\subjects_for_metrics\nltk\nltk\grammar.py,985,6,0,0,0
nltk,C:\Users\Zhifei Chen\Desktop\pysmell\subjects_for_metrics\nltk\nltk\grammar.py,1037,4,0,0,0
nltk,C:\Users\Zhifei Chen\Desktop\pysmell\subjects_for_metrics\nltk\nltk\internals.py,155,3,0,0,0
nltk,C:\Users\Zhifei Chen\Desktop\pysmell\subjects_for_metrics\nltk\nltk\internals.py,326,2,0,0,0
nltk,C:\Users\Zhifei Chen\Desktop\pysmell\subjects_for_metrics\nltk\nltk\internals.py,372,2,0,0,0
nltk,C:\Users\Zhifei Chen\Desktop\pysmell\subjects_for_metrics\nltk\nltk\internals.py,695,22,0,0,0
nltk,C:\Users\Zhifei Chen\Desktop\pysmell\subjects_for_metrics\nltk\nltk\jsontags.py,31,2,0,0,0
nltk,C:\Users\Zhifei Chen\Desktop\pysmell\subjects_for_metrics\nltk\nltk\jsontags.py,40,3,0,0,0
nltk,C:\Users\Zhifei Chen\Desktop\pysmell\subjects_for_metrics\nltk\nltk\lazyimport.py,25,10,0,0,0
nltk,C:\Users\Zhifei Chen\Desktop\pysmell\subjects_for_metrics\nltk\nltk\probability.py,60,22,0,0,0
nltk,C:\Users\Zhifei Chen\Desktop\pysmell\subjects_for_metrics\nltk\nltk\probability.py,349,10,0,0,0
nltk,C:\Users\Zhifei Chen\Desktop\pysmell\subjects_for_metrics\nltk\nltk\probability.py,446,7,0,0,0
nltk,C:\Users\Zhifei Chen\Desktop\pysmell\subjects_for_metrics\nltk\nltk\probability.py,483,7,0,0,0
nltk,C:\Users\Zhifei Chen\Desktop\pysmell\subjects_for_metrics\nltk\nltk\probability.py,528,8,0,0,0
nltk,C:\Users\Zhifei Chen\Desktop\pysmell\subjects_for_metrics\nltk\nltk\probability.py,599,8,0,0,0
nltk,C:\Users\Zhifei Chen\Desktop\pysmell\subjects_for_metrics\nltk\nltk\probability.py,645,10,0,0,0
nltk,C:\Users\Zhifei Chen\Desktop\pysmell\subjects_for_metrics\nltk\nltk\probability.py,741,4,0,0,0
nltk,C:\Users\Zhifei Chen\Desktop\pysmell\subjects_for_metrics\nltk\nltk\probability.py,777,4,0,0,0
nltk,C:\Users\Zhifei Chen\Desktop\pysmell\subjects_for_metrics\nltk\nltk\probability.py,814,13,0,0,0
nltk,C:\Users\Zhifei Chen\Desktop\pysmell\subjects_for_metrics\nltk\nltk\probability.py,975,9,0,0,0
nltk,C:\Users\Zhifei Chen\Desktop\pysmell\subjects_for_metrics\nltk\nltk\probability.py,1044,9,0,0,0
nltk,C:\Users\Zhifei Chen\Desktop\pysmell\subjects_for_metrics\nltk\nltk\probability.py,1186,19,0,0,0
nltk,C:\Users\Zhifei Chen\Desktop\pysmell\subjects_for_metrics\nltk\nltk\probability.py,1406,6,0,0,0
nltk,C:\Users\Zhifei Chen\Desktop\pysmell\subjects_for_metrics\nltk\nltk\probability.py,1512,9,0,0,0
nltk,C:\Users\Zhifei Chen\Desktop\pysmell\subjects_for_metrics\nltk\nltk\probability.py,1645,13,0,0,0
nltk,C:\Users\Zhifei Chen\Desktop\pysmell\subjects_for_metrics\nltk\nltk\probability.py,1843,5,0,0,0
nltk,C:\Users\Zhifei Chen\Desktop\pysmell\subjects_for_metrics\nltk\nltk\probability.py,1879,3,0,0,0
nltk,C:\Users\Zhifei Chen\Desktop\pysmell\subjects_for_metrics\nltk\nltk\probability.py,1951,3,0,0,0
nltk,C:\Users\Zhifei Chen\Desktop\pysmell\subjects_for_metrics\nltk\nltk\probability.py,1997,6,0,0,0
nltk,C:\Users\Zhifei Chen\Desktop\pysmell\subjects_for_metrics\nltk\nltk\probability.py,2090,3,0,0,0
nltk,C:\Users\Zhifei Chen\Desktop\pysmell\subjects_for_metrics\nltk\nltk\six.py,60,2,0,0,0
nltk,C:\Users\Zhifei Chen\Desktop\pysmell\subjects_for_metrics\nltk\nltk\six.py,86,3,0,0,0
nltk,C:\Users\Zhifei Chen\Desktop\pysmell\subjects_for_metrics\nltk\nltk\six.py,103,4,0,0,0
nltk,C:\Users\Zhifei Chen\Desktop\pysmell\subjects_for_metrics\nltk\nltk\six.py,124,4,0,0,0
nltk,C:\Users\Zhifei Chen\Desktop\pysmell\subjects_for_metrics\nltk\nltk\six.py,139,3,0,0,0
nltk,C:\Users\Zhifei Chen\Desktop\pysmell\subjects_for_metrics\nltk\nltk\six.py,164,10,0,0,0
nltk,C:\Users\Zhifei Chen\Desktop\pysmell\subjects_for_metrics\nltk\nltk\six.py,229,2,0,0,0
nltk,C:\Users\Zhifei Chen\Desktop\pysmell\subjects_for_metrics\nltk\nltk\six.py,320,1,0,0,0
nltk,C:\Users\Zhifei Chen\Desktop\pysmell\subjects_for_metrics\nltk\nltk\six.py,360,1,0,0,0
nltk,C:\Users\Zhifei Chen\Desktop\pysmell\subjects_for_metrics\nltk\nltk\six.py,380,1,0,0,0
nltk,C:\Users\Zhifei Chen\Desktop\pysmell\subjects_for_metrics\nltk\nltk\six.py,430,1,0,0,0
nltk,C:\Users\Zhifei Chen\Desktop\pysmell\subjects_for_metrics\nltk\nltk\six.py,451,1,0,0,0
nltk,C:\Users\Zhifei Chen\Desktop\pysmell\subjects_for_metrics\nltk\nltk\six.py,469,8,0,0,0
nltk,C:\Users\Zhifei Chen\Desktop\pysmell\subjects_for_metrics\nltk\nltk\six.py,555,2,0,0,0
nltk,C:\Users\Zhifei Chen\Desktop\pysmell\subjects_for_metrics\nltk\nltk\six.py,805,2,0,0,0
nltk,C:\Users\Zhifei Chen\Desktop\pysmell\subjects_for_metrics\nltk\nltk\text.py,32,7,0,0,0
nltk,C:\Users\Zhifei Chen\Desktop\pysmell\subjects_for_metrics\nltk\nltk\text.py,118,7,0,0,0
nltk,C:\Users\Zhifei Chen\Desktop\pysmell\subjects_for_metrics\nltk\nltk\text.py,205,3,0,0,0
nltk,C:\Users\Zhifei Chen\Desktop\pysmell\subjects_for_metrics\nltk\nltk\text.py,261,21,0,0,0
nltk,C:\Users\Zhifei Chen\Desktop\pysmell\subjects_for_metrics\nltk\nltk\text.py,531,5,0,0,0
nltk,C:\Users\Zhifei Chen\Desktop\pysmell\subjects_for_metrics\nltk\nltk\tgrep.py,124,2,0,0,0
nltk,C:\Users\Zhifei Chen\Desktop\pysmell\subjects_for_metrics\nltk\nltk\toolbox.py,22,7,0,0,0
nltk,C:\Users\Zhifei Chen\Desktop\pysmell\subjects_for_metrics\nltk\nltk\toolbox.py,136,5,0,0,0
nltk,C:\Users\Zhifei Chen\Desktop\pysmell\subjects_for_metrics\nltk\nltk\toolbox.py,314,3,0,0,0
nltk,C:\Users\Zhifei Chen\Desktop\pysmell\subjects_for_metrics\nltk\nltk\tree.py,32,48,1,0,1
nltk,C:\Users\Zhifei Chen\Desktop\pysmell\subjects_for_metrics\nltk\nltk\tree.py,829,16,0,0,0
nltk,C:\Users\Zhifei Chen\Desktop\pysmell\subjects_for_metrics\nltk\nltk\tree.py,881,15,0,0,0
nltk,C:\Users\Zhifei Chen\Desktop\pysmell\subjects_for_metrics\nltk\nltk\tree.py,1110,11,0,0,0
nltk,C:\Users\Zhifei Chen\Desktop\pysmell\subjects_for_metrics\nltk\nltk\tree.py,1229,13,0,0,0
nltk,C:\Users\Zhifei Chen\Desktop\pysmell\subjects_for_metrics\nltk\nltk\tree.py,1393,2,0,0,0
nltk,C:\Users\Zhifei Chen\Desktop\pysmell\subjects_for_metrics\nltk\nltk\tree.py,1396,2,0,0,0
nltk,C:\Users\Zhifei Chen\Desktop\pysmell\subjects_for_metrics\nltk\nltk\tree.py,1404,10,0,0,0
nltk,C:\Users\Zhifei Chen\Desktop\pysmell\subjects_for_metrics\nltk\nltk\tree.py,1445,8,0,0,0
nltk,C:\Users\Zhifei Chen\Desktop\pysmell\subjects_for_metrics\nltk\nltk\treeprettyprinter.py,49,8,0,0,0
nltk,C:\Users\Zhifei Chen\Desktop\pysmell\subjects_for_metrics\nltk\nltk\util.py,132,2,0,0,0
nltk,C:\Users\Zhifei Chen\Desktop\pysmell\subjects_for_metrics\nltk\nltk\util.py,520,15,0,0,0
nltk,C:\Users\Zhifei Chen\Desktop\pysmell\subjects_for_metrics\nltk\nltk\util.py,612,20,0,0,0
nltk,C:\Users\Zhifei Chen\Desktop\pysmell\subjects_for_metrics\nltk\nltk\util.py,743,7,0,0,0
nltk,C:\Users\Zhifei Chen\Desktop\pysmell\subjects_for_metrics\nltk\nltk\util.py,783,4,0,0,0
nltk,C:\Users\Zhifei Chen\Desktop\pysmell\subjects_for_metrics\nltk\nltk\util.py,830,5,0,0,0
nltk,C:\Users\Zhifei Chen\Desktop\pysmell\subjects_for_metrics\nltk\nltk\util.py,955,4,0,0,0
nltk,C:\Users\Zhifei Chen\Desktop\pysmell\subjects_for_metrics\nltk\nltk\util.py,1004,2,0,0,0
nltk,C:\Users\Zhifei Chen\Desktop\pysmell\subjects_for_metrics\nltk\nltk\app\chartparser_app.py,68,4,0,0,0
nltk,C:\Users\Zhifei Chen\Desktop\pysmell\subjects_for_metrics\nltk\nltk\app\chartparser_app.py,97,23,1,0,0
nltk,C:\Users\Zhifei Chen\Desktop\pysmell\subjects_for_metrics\nltk\nltk\app\chartparser_app.py,323,13,0,0,0
nltk,C:\Users\Zhifei Chen\Desktop\pysmell\subjects_for_metrics\nltk\nltk\app\chartparser_app.py,462,31,1,0,0
nltk,C:\Users\Zhifei Chen\Desktop\pysmell\subjects_for_metrics\nltk\nltk\app\chartparser_app.py,847,39,1,0,1
nltk,C:\Users\Zhifei Chen\Desktop\pysmell\subjects_for_metrics\nltk\nltk\app\chartparser_app.py,1594,4,0,0,0
nltk,C:\Users\Zhifei Chen\Desktop\pysmell\subjects_for_metrics\nltk\nltk\app\chartparser_app.py,1612,2,0,0,0
nltk,C:\Users\Zhifei Chen\Desktop\pysmell\subjects_for_metrics\nltk\nltk\app\chartparser_app.py,1614,2,0,0,0
nltk,C:\Users\Zhifei Chen\Desktop\pysmell\subjects_for_metrics\nltk\nltk\app\chartparser_app.py,1616,2,0,0,0
nltk,C:\Users\Zhifei Chen\Desktop\pysmell\subjects_for_metrics\nltk\nltk\app\chartparser_app.py,1618,2,0,0,0
nltk,C:\Users\Zhifei Chen\Desktop\pysmell\subjects_for_metrics\nltk\nltk\app\chartparser_app.py,1625,60,1,1,1
nltk,C:\Users\Zhifei Chen\Desktop\pysmell\subjects_for_metrics\nltk\nltk\app\chunkparser_app.py,36,115,1,1,1
nltk,C:\Users\Zhifei Chen\Desktop\pysmell\subjects_for_metrics\nltk\nltk\app\collocations_app.py,69,26,1,0,0
nltk,C:\Users\Zhifei Chen\Desktop\pysmell\subjects_for_metrics\nltk\nltk\app\collocations_app.py,273,8,0,0,0
nltk,C:\Users\Zhifei Chen\Desktop\pysmell\subjects_for_metrics\nltk\nltk\app\collocations_app.py,318,3,0,0,0
nltk,C:\Users\Zhifei Chen\Desktop\pysmell\subjects_for_metrics\nltk\nltk\app\concordance_app.py,91,43,1,0,1
nltk,C:\Users\Zhifei Chen\Desktop\pysmell\subjects_for_metrics\nltk\nltk\app\concordance_app.py,446,14,0,0,0
nltk,C:\Users\Zhifei Chen\Desktop\pysmell\subjects_for_metrics\nltk\nltk\app\concordance_app.py,507,3,0,0,0
nltk,C:\Users\Zhifei Chen\Desktop\pysmell\subjects_for_metrics\nltk\nltk\app\concordance_app.py,521,4,0,0,0
nltk,C:\Users\Zhifei Chen\Desktop\pysmell\subjects_for_metrics\nltk\nltk\app\nemo_app.py,51,3,0,0,0
nltk,C:\Users\Zhifei Chen\Desktop\pysmell\subjects_for_metrics\nltk\nltk\app\nemo_app.py,86,3,0,0,0
nltk,C:\Users\Zhifei Chen\Desktop\pysmell\subjects_for_metrics\nltk\nltk\app\nemo_app.py,114,3,0,0,0
nltk,C:\Users\Zhifei Chen\Desktop\pysmell\subjects_for_metrics\nltk\nltk\app\rdparser_app.py,78,49,1,0,1
nltk,C:\Users\Zhifei Chen\Desktop\pysmell\subjects_for_metrics\nltk\nltk\app\srparser_app.py,87,36,1,0,0
nltk,C:\Users\Zhifei Chen\Desktop\pysmell\subjects_for_metrics\nltk\nltk\app\wordnet_app.py,90,5,0,0,0
nltk,C:\Users\Zhifei Chen\Desktop\pysmell\subjects_for_metrics\nltk\nltk\app\wordnet_app.py,627,6,0,0,0
nltk,C:\Users\Zhifei Chen\Desktop\pysmell\subjects_for_metrics\nltk\nltk\ccg\api.py,12,12,0,0,0
nltk,C:\Users\Zhifei Chen\Desktop\pysmell\subjects_for_metrics\nltk\nltk\ccg\api.py,69,12,0,0,0
nltk,C:\Users\Zhifei Chen\Desktop\pysmell\subjects_for_metrics\nltk\nltk\ccg\api.py,126,19,0,0,0
nltk,C:\Users\Zhifei Chen\Desktop\pysmell\subjects_for_metrics\nltk\nltk\ccg\api.py,225,11,0,0,0
nltk,C:\Users\Zhifei Chen\Desktop\pysmell\subjects_for_metrics\nltk\nltk\ccg\api.py,278,12,0,0,0
nltk,C:\Users\Zhifei Chen\Desktop\pysmell\subjects_for_metrics\nltk\nltk\ccg\chart.py,50,14,0,0,0
nltk,C:\Users\Zhifei Chen\Desktop\pysmell\subjects_for_metrics\nltk\nltk\ccg\chart.py,72,14,0,0,0
nltk,C:\Users\Zhifei Chen\Desktop\pysmell\subjects_for_metrics\nltk\nltk\ccg\chart.py,97,6,0,0,0
nltk,C:\Users\Zhifei Chen\Desktop\pysmell\subjects_for_metrics\nltk\nltk\ccg\chart.py,127,6,0,0,0
nltk,C:\Users\Zhifei Chen\Desktop\pysmell\subjects_for_metrics\nltk\nltk\ccg\chart.py,148,6,0,0,0
nltk,C:\Users\Zhifei Chen\Desktop\pysmell\subjects_for_metrics\nltk\nltk\ccg\chart.py,184,4,0,0,0
nltk,C:\Users\Zhifei Chen\Desktop\pysmell\subjects_for_metrics\nltk\nltk\ccg\chart.py,231,3,0,0,0
nltk,C:\Users\Zhifei Chen\Desktop\pysmell\subjects_for_metrics\nltk\nltk\ccg\combinator.py,16,3,0,0,0
nltk,C:\Users\Zhifei Chen\Desktop\pysmell\subjects_for_metrics\nltk\nltk\ccg\combinator.py,33,3,0,0,0
nltk,C:\Users\Zhifei Chen\Desktop\pysmell\subjects_for_metrics\nltk\nltk\ccg\combinator.py,46,6,0,0,0
nltk,C:\Users\Zhifei Chen\Desktop\pysmell\subjects_for_metrics\nltk\nltk\ccg\combinator.py,70,6,0,0,0
nltk,C:\Users\Zhifei Chen\Desktop\pysmell\subjects_for_metrics\nltk\nltk\ccg\combinator.py,90,5,0,0,0
nltk,C:\Users\Zhifei Chen\Desktop\pysmell\subjects_for_metrics\nltk\nltk\ccg\combinator.py,136,5,0,0,0
nltk,C:\Users\Zhifei Chen\Desktop\pysmell\subjects_for_metrics\nltk\nltk\ccg\combinator.py,197,5,0,0,0
nltk,C:\Users\Zhifei Chen\Desktop\pysmell\subjects_for_metrics\nltk\nltk\ccg\combinator.py,255,5,0,0,0
nltk,C:\Users\Zhifei Chen\Desktop\pysmell\subjects_for_metrics\nltk\nltk\ccg\lexicon.py,44,6,0,0,0
nltk,C:\Users\Zhifei Chen\Desktop\pysmell\subjects_for_metrics\nltk\nltk\chat\util.py,35,7,0,0,0
nltk,C:\Users\Zhifei Chen\Desktop\pysmell\subjects_for_metrics\nltk\nltk\chunk\api.py,17,3,0,0,0
nltk,C:\Users\Zhifei Chen\Desktop\pysmell\subjects_for_metrics\nltk\nltk\chunk\named_entity.py,30,5,0,0,0
nltk,C:\Users\Zhifei Chen\Desktop\pysmell\subjects_for_metrics\nltk\nltk\chunk\named_entity.py,111,6,0,0,0
nltk,C:\Users\Zhifei Chen\Desktop\pysmell\subjects_for_metrics\nltk\nltk\chunk\regexp.py,21,18,0,0,0
nltk,C:\Users\Zhifei Chen\Desktop\pysmell\subjects_for_metrics\nltk\nltk\chunk\regexp.py,248,7,0,0,0
nltk,C:\Users\Zhifei Chen\Desktop\pysmell\subjects_for_metrics\nltk\nltk\chunk\regexp.py,384,4,0,0,0
nltk,C:\Users\Zhifei Chen\Desktop\pysmell\subjects_for_metrics\nltk\nltk\chunk\regexp.py,427,4,0,0,0
nltk,C:\Users\Zhifei Chen\Desktop\pysmell\subjects_for_metrics\nltk\nltk\chunk\regexp.py,471,4,0,0,0
nltk,C:\Users\Zhifei Chen\Desktop\pysmell\subjects_for_metrics\nltk\nltk\chunk\regexp.py,512,4,0,0,0
nltk,C:\Users\Zhifei Chen\Desktop\pysmell\subjects_for_metrics\nltk\nltk\chunk\regexp.py,573,4,0,0,0
nltk,C:\Users\Zhifei Chen\Desktop\pysmell\subjects_for_metrics\nltk\nltk\chunk\regexp.py,633,4,0,0,0
nltk,C:\Users\Zhifei Chen\Desktop\pysmell\subjects_for_metrics\nltk\nltk\chunk\regexp.py,694,4,0,0,0
nltk,C:\Users\Zhifei Chen\Desktop\pysmell\subjects_for_metrics\nltk\nltk\chunk\regexp.py,755,4,0,0,0
nltk,C:\Users\Zhifei Chen\Desktop\pysmell\subjects_for_metrics\nltk\nltk\chunk\regexp.py,902,9,0,0,0
nltk,C:\Users\Zhifei Chen\Desktop\pysmell\subjects_for_metrics\nltk\nltk\chunk\regexp.py,1065,8,0,0,0
nltk,C:\Users\Zhifei Chen\Desktop\pysmell\subjects_for_metrics\nltk\nltk\chunk\util.py,52,15,0,0,0
nltk,C:\Users\Zhifei Chen\Desktop\pysmell\subjects_for_metrics\nltk\nltk\classify\api.py,27,6,0,0,0
nltk,C:\Users\Zhifei Chen\Desktop\pysmell\subjects_for_metrics\nltk\nltk\classify\api.py,90,6,0,0,0
nltk,C:\Users\Zhifei Chen\Desktop\pysmell\subjects_for_metrics\nltk\nltk\classify\decisiontree.py,21,16,0,0,0
nltk,C:\Users\Zhifei Chen\Desktop\pysmell\subjects_for_metrics\nltk\nltk\classify\maxent.py,81,13,0,0,0
nltk,C:\Users\Zhifei Chen\Desktop\pysmell\subjects_for_metrics\nltk\nltk\classify\maxent.py,317,6,0,0,0
nltk,C:\Users\Zhifei Chen\Desktop\pysmell\subjects_for_metrics\nltk\nltk\classify\maxent.py,388,6,0,0,0
nltk,C:\Users\Zhifei Chen\Desktop\pysmell\subjects_for_metrics\nltk\nltk\classify\maxent.py,433,7,0,0,0
nltk,C:\Users\Zhifei Chen\Desktop\pysmell\subjects_for_metrics\nltk\nltk\classify\maxent.py,633,6,0,0,0
nltk,C:\Users\Zhifei Chen\Desktop\pysmell\subjects_for_metrics\nltk\nltk\classify\maxent.py,691,7,0,0,0
nltk,C:\Users\Zhifei Chen\Desktop\pysmell\subjects_for_metrics\nltk\nltk\classify\maxent.py,747,7,0,0,0
nltk,C:\Users\Zhifei Chen\Desktop\pysmell\subjects_for_metrics\nltk\nltk\classify\maxent.py,1437,2,0,0,0
nltk,C:\Users\Zhifei Chen\Desktop\pysmell\subjects_for_metrics\nltk\nltk\classify\naivebayes.py,43,8,0,0,0
nltk,C:\Users\Zhifei Chen\Desktop\pysmell\subjects_for_metrics\nltk\nltk\classify\positivenaivebayes.py,88,2,0,0,0
nltk,C:\Users\Zhifei Chen\Desktop\pysmell\subjects_for_metrics\nltk\nltk\classify\rte_classify.py,44,4,0,0,0
nltk,C:\Users\Zhifei Chen\Desktop\pysmell\subjects_for_metrics\nltk\nltk\classify\scikitlearn.py,48,9,0,0,0
nltk,C:\Users\Zhifei Chen\Desktop\pysmell\subjects_for_metrics\nltk\nltk\classify\senna.py,51,8,0,0,0
nltk,C:\Users\Zhifei Chen\Desktop\pysmell\subjects_for_metrics\nltk\nltk\classify\svm.py,13,2,0,0,0
nltk,C:\Users\Zhifei Chen\Desktop\pysmell\subjects_for_metrics\nltk\nltk\classify\textcat.py,54,12,0,0,0
nltk,C:\Users\Zhifei Chen\Desktop\pysmell\subjects_for_metrics\nltk\nltk\classify\util.py,94,3,0,0,0
nltk,C:\Users\Zhifei Chen\Desktop\pysmell\subjects_for_metrics\nltk\nltk\classify\weka.py,78,15,0,0,0
nltk,C:\Users\Zhifei Chen\Desktop\pysmell\subjects_for_metrics\nltk\nltk\classify\weka.py,217,8,0,0,0
nltk,C:\Users\Zhifei Chen\Desktop\pysmell\subjects_for_metrics\nltk\nltk\cluster\api.py,11,8,0,0,0
nltk,C:\Users\Zhifei Chen\Desktop\pysmell\subjects_for_metrics\nltk\nltk\cluster\em.py,16,10,0,0,0
nltk,C:\Users\Zhifei Chen\Desktop\pysmell\subjects_for_metrics\nltk\nltk\cluster\gaac.py,17,11,0,0,0
nltk,C:\Users\Zhifei Chen\Desktop\pysmell\subjects_for_metrics\nltk\nltk\cluster\kmeans.py,23,11,0,0,0
nltk,C:\Users\Zhifei Chen\Desktop\pysmell\subjects_for_metrics\nltk\nltk\cluster\util.py,21,10,0,0,0
nltk,C:\Users\Zhifei Chen\Desktop\pysmell\subjects_for_metrics\nltk\nltk\cluster\util.py,128,4,0,0,0
nltk,C:\Users\Zhifei Chen\Desktop\pysmell\subjects_for_metrics\nltk\nltk\cluster\util.py,168,7,0,0,0
nltk,C:\Users\Zhifei Chen\Desktop\pysmell\subjects_for_metrics\nltk\nltk\corpus\util.py,20,7,0,0,0
nltk,C:\Users\Zhifei Chen\Desktop\pysmell\subjects_for_metrics\nltk\nltk\corpus\util.py,119,2,0,0,0
nltk,C:\Users\Zhifei Chen\Desktop\pysmell\subjects_for_metrics\nltk\nltk\corpus\reader\aligned.py,16,6,0,0,0
nltk,C:\Users\Zhifei Chen\Desktop\pysmell\subjects_for_metrics\nltk\nltk\corpus\reader\aligned.py,87,3,0,0,0
nltk,C:\Users\Zhifei Chen\Desktop\pysmell\subjects_for_metrics\nltk\nltk\corpus\reader\api.py,23,15,0,0,0
nltk,C:\Users\Zhifei Chen\Desktop\pysmell\subjects_for_metrics\nltk\nltk\corpus\reader\api.py,235,6,0,0,0
nltk,C:\Users\Zhifei Chen\Desktop\pysmell\subjects_for_metrics\nltk\nltk\corpus\reader\api.py,369,16,0,0,0
nltk,C:\Users\Zhifei Chen\Desktop\pysmell\subjects_for_metrics\nltk\nltk\corpus\reader\bnc.py,14,8,0,0,0
nltk,C:\Users\Zhifei Chen\Desktop\pysmell\subjects_for_metrics\nltk\nltk\corpus\reader\bnc.py,145,2,0,0,0
nltk,C:\Users\Zhifei Chen\Desktop\pysmell\subjects_for_metrics\nltk\nltk\corpus\reader\bnc.py,155,9,0,0,0
nltk,C:\Users\Zhifei Chen\Desktop\pysmell\subjects_for_metrics\nltk\nltk\corpus\reader\bracket_parse.py,26,7,0,0,0
nltk,C:\Users\Zhifei Chen\Desktop\pysmell\subjects_for_metrics\nltk\nltk\corpus\reader\bracket_parse.py,111,14,0,0,0
nltk,C:\Users\Zhifei Chen\Desktop\pysmell\subjects_for_metrics\nltk\nltk\corpus\reader\bracket_parse.py,168,5,0,0,0
nltk,C:\Users\Zhifei Chen\Desktop\pysmell\subjects_for_metrics\nltk\nltk\corpus\reader\categorized_sents.py,41,10,0,0,0
nltk,C:\Users\Zhifei Chen\Desktop\pysmell\subjects_for_metrics\nltk\nltk\corpus\reader\chasen.py,18,9,0,0,0
nltk,C:\Users\Zhifei Chen\Desktop\pysmell\subjects_for_metrics\nltk\nltk\corpus\reader\chasen.py,60,3,0,0,0
nltk,C:\Users\Zhifei Chen\Desktop\pysmell\subjects_for_metrics\nltk\nltk\corpus\reader\childes.py,28,19,0,0,0
nltk,C:\Users\Zhifei Chen\Desktop\pysmell\subjects_for_metrics\nltk\nltk\corpus\reader\chunked.py,25,13,0,0,0
nltk,C:\Users\Zhifei Chen\Desktop\pysmell\subjects_for_metrics\nltk\nltk\corpus\reader\chunked.py,157,4,0,0,0
nltk,C:\Users\Zhifei Chen\Desktop\pysmell\subjects_for_metrics\nltk\nltk\corpus\reader\cmudict.py,56,5,0,0,0
nltk,C:\Users\Zhifei Chen\Desktop\pysmell\subjects_for_metrics\nltk\nltk\corpus\reader\comparative_sents.py,50,3,0,0,0
nltk,C:\Users\Zhifei Chen\Desktop\pysmell\subjects_for_metrics\nltk\nltk\corpus\reader\comparative_sents.py,78,14,0,0,0
nltk,C:\Users\Zhifei Chen\Desktop\pysmell\subjects_for_metrics\nltk\nltk\corpus\reader\conll.py,27,33,1,0,0
nltk,C:\Users\Zhifei Chen\Desktop\pysmell\subjects_for_metrics\nltk\nltk\corpus\reader\conll.py,373,5,0,0,0
nltk,C:\Users\Zhifei Chen\Desktop\pysmell\subjects_for_metrics\nltk\nltk\corpus\reader\conll.py,443,6,0,0,0
nltk,C:\Users\Zhifei Chen\Desktop\pysmell\subjects_for_metrics\nltk\nltk\corpus\reader\conll.py,511,2,0,0,0
nltk,C:\Users\Zhifei Chen\Desktop\pysmell\subjects_for_metrics\nltk\nltk\corpus\reader\crubadan.py,31,10,0,0,0
nltk,C:\Users\Zhifei Chen\Desktop\pysmell\subjects_for_metrics\nltk\nltk\corpus\reader\dependency.py,18,8,0,0,0
nltk,C:\Users\Zhifei Chen\Desktop\pysmell\subjects_for_metrics\nltk\nltk\corpus\reader\dependency.py,65,4,0,0,0
nltk,C:\Users\Zhifei Chen\Desktop\pysmell\subjects_for_metrics\nltk\nltk\corpus\reader\framenet.py,260,1,0,0,0
nltk,C:\Users\Zhifei Chen\Desktop\pysmell\subjects_for_metrics\nltk\nltk\corpus\reader\framenet.py,264,10,0,0,0
nltk,C:\Users\Zhifei Chen\Desktop\pysmell\subjects_for_metrics\nltk\nltk\corpus\reader\framenet.py,343,10,0,0,0
nltk,C:\Users\Zhifei Chen\Desktop\pysmell\subjects_for_metrics\nltk\nltk\corpus\reader\framenet.py,380,4,0,0,0
nltk,C:\Users\Zhifei Chen\Desktop\pysmell\subjects_for_metrics\nltk\nltk\corpus\reader\framenet.py,402,4,0,0,0
nltk,C:\Users\Zhifei Chen\Desktop\pysmell\subjects_for_metrics\nltk\nltk\corpus\reader\framenet.py,428,4,0,0,0
nltk,C:\Users\Zhifei Chen\Desktop\pysmell\subjects_for_metrics\nltk\nltk\corpus\reader\framenet.py,451,52,1,0,1
nltk,C:\Users\Zhifei Chen\Desktop\pysmell\subjects_for_metrics\nltk\nltk\corpus\reader\ieer.py,43,4,0,0,0
nltk,C:\Users\Zhifei Chen\Desktop\pysmell\subjects_for_metrics\nltk\nltk\corpus\reader\ieer.py,64,7,0,0,0
nltk,C:\Users\Zhifei Chen\Desktop\pysmell\subjects_for_metrics\nltk\nltk\corpus\reader\indian.py,27,6,0,0,0
nltk,C:\Users\Zhifei Chen\Desktop\pysmell\subjects_for_metrics\nltk\nltk\corpus\reader\indian.py,65,3,0,0,0
nltk,C:\Users\Zhifei Chen\Desktop\pysmell\subjects_for_metrics\nltk\nltk\corpus\reader\ipipan.py,23,20,0,0,0
nltk,C:\Users\Zhifei Chen\Desktop\pysmell\subjects_for_metrics\nltk\nltk\corpus\reader\ipipan.py,218,9,0,0,0
nltk,C:\Users\Zhifei Chen\Desktop\pysmell\subjects_for_metrics\nltk\nltk\corpus\reader\knbc.py,27,6,0,0,0
nltk,C:\Users\Zhifei Chen\Desktop\pysmell\subjects_for_metrics\nltk\nltk\corpus\reader\lin.py,16,8,0,0,0
nltk,C:\Users\Zhifei Chen\Desktop\pysmell\subjects_for_metrics\nltk\nltk\corpus\reader\mte.py,28,22,0,0,0
nltk,C:\Users\Zhifei Chen\Desktop\pysmell\subjects_for_metrics\nltk\nltk\corpus\reader\mte.py,114,5,0,0,0
nltk,C:\Users\Zhifei Chen\Desktop\pysmell\subjects_for_metrics\nltk\nltk\corpus\reader\mte.py,140,14,0,0,0
nltk,C:\Users\Zhifei Chen\Desktop\pysmell\subjects_for_metrics\nltk\nltk\corpus\reader\nkjp.py,32,15,0,0,0
nltk,C:\Users\Zhifei Chen\Desktop\pysmell\subjects_for_metrics\nltk\nltk\corpus\reader\nkjp.py,146,4,0,0,0
nltk,C:\Users\Zhifei Chen\Desktop\pysmell\subjects_for_metrics\nltk\nltk\corpus\reader\nkjp.py,203,3,0,0,0
nltk,C:\Users\Zhifei Chen\Desktop\pysmell\subjects_for_metrics\nltk\nltk\corpus\reader\nkjp.py,243,9,0,0,0
nltk,C:\Users\Zhifei Chen\Desktop\pysmell\subjects_for_metrics\nltk\nltk\corpus\reader\nkjp.py,318,8,0,0,0
nltk,C:\Users\Zhifei Chen\Desktop\pysmell\subjects_for_metrics\nltk\nltk\corpus\reader\nkjp.py,372,4,0,0,0
nltk,C:\Users\Zhifei Chen\Desktop\pysmell\subjects_for_metrics\nltk\nltk\corpus\reader\nombank.py,19,9,0,0,0
nltk,C:\Users\Zhifei Chen\Desktop\pysmell\subjects_for_metrics\nltk\nltk\corpus\reader\nombank.py,164,9,0,0,0
nltk,C:\Users\Zhifei Chen\Desktop\pysmell\subjects_for_metrics\nltk\nltk\corpus\reader\nombank.py,274,2,0,0,0
nltk,C:\Users\Zhifei Chen\Desktop\pysmell\subjects_for_metrics\nltk\nltk\corpus\reader\nombank.py,292,6,0,0,0
nltk,C:\Users\Zhifei Chen\Desktop\pysmell\subjects_for_metrics\nltk\nltk\corpus\reader\nombank.py,308,6,0,0,0
nltk,C:\Users\Zhifei Chen\Desktop\pysmell\subjects_for_metrics\nltk\nltk\corpus\reader\nombank.py,323,12,0,0,0
nltk,C:\Users\Zhifei Chen\Desktop\pysmell\subjects_for_metrics\nltk\nltk\corpus\reader\nps_chat.py,20,11,0,0,0
nltk,C:\Users\Zhifei Chen\Desktop\pysmell\subjects_for_metrics\nltk\nltk\corpus\reader\opinion_lexicon.py,35,2,0,0,0
nltk,C:\Users\Zhifei Chen\Desktop\pysmell\subjects_for_metrics\nltk\nltk\corpus\reader\opinion_lexicon.py,49,6,0,0,0
nltk,C:\Users\Zhifei Chen\Desktop\pysmell\subjects_for_metrics\nltk\nltk\corpus\reader\pl196x.py,32,5,0,0,0
nltk,C:\Users\Zhifei Chen\Desktop\pysmell\subjects_for_metrics\nltk\nltk\corpus\reader\pl196x.py,93,16,0,0,0
nltk,C:\Users\Zhifei Chen\Desktop\pysmell\subjects_for_metrics\nltk\nltk\corpus\reader\plaintext.py,23,11,0,0,0
nltk,C:\Users\Zhifei Chen\Desktop\pysmell\subjects_for_metrics\nltk\nltk\corpus\reader\plaintext.py,135,8,0,0,0
nltk,C:\Users\Zhifei Chen\Desktop\pysmell\subjects_for_metrics\nltk\nltk\corpus\reader\plaintext.py,172,2,0,0,0
nltk,C:\Users\Zhifei Chen\Desktop\pysmell\subjects_for_metrics\nltk\nltk\corpus\reader\plaintext.py,178,6,0,0,0
nltk,C:\Users\Zhifei Chen\Desktop\pysmell\subjects_for_metrics\nltk\nltk\corpus\reader\ppattach.py,47,4,0,0,0
nltk,C:\Users\Zhifei Chen\Desktop\pysmell\subjects_for_metrics\nltk\nltk\corpus\reader\ppattach.py,63,6,0,0,0
nltk,C:\Users\Zhifei Chen\Desktop\pysmell\subjects_for_metrics\nltk\nltk\corpus\reader\propbank.py,20,9,0,0,0
nltk,C:\Users\Zhifei Chen\Desktop\pysmell\subjects_for_metrics\nltk\nltk\corpus\reader\propbank.py,163,11,0,0,0
nltk,C:\Users\Zhifei Chen\Desktop\pysmell\subjects_for_metrics\nltk\nltk\corpus\reader\propbank.py,284,2,0,0,0
nltk,C:\Users\Zhifei Chen\Desktop\pysmell\subjects_for_metrics\nltk\nltk\corpus\reader\propbank.py,302,6,0,0,0
nltk,C:\Users\Zhifei Chen\Desktop\pysmell\subjects_for_metrics\nltk\nltk\corpus\reader\propbank.py,319,6,0,0,0
nltk,C:\Users\Zhifei Chen\Desktop\pysmell\subjects_for_metrics\nltk\nltk\corpus\reader\propbank.py,335,12,0,0,0
nltk,C:\Users\Zhifei Chen\Desktop\pysmell\subjects_for_metrics\nltk\nltk\corpus\reader\propbank.py,434,21,0,0,0
nltk,C:\Users\Zhifei Chen\Desktop\pysmell\subjects_for_metrics\nltk\nltk\corpus\reader\pros_cons.py,34,8,0,0,0
nltk,C:\Users\Zhifei Chen\Desktop\pysmell\subjects_for_metrics\nltk\nltk\corpus\reader\reviews.py,72,7,0,0,0
nltk,C:\Users\Zhifei Chen\Desktop\pysmell\subjects_for_metrics\nltk\nltk\corpus\reader\reviews.py,123,4,0,0,0
nltk,C:\Users\Zhifei Chen\Desktop\pysmell\subjects_for_metrics\nltk\nltk\corpus\reader\reviews.py,146,13,0,0,0
nltk,C:\Users\Zhifei Chen\Desktop\pysmell\subjects_for_metrics\nltk\nltk\corpus\reader\rte.py,58,4,0,0,0
nltk,C:\Users\Zhifei Chen\Desktop\pysmell\subjects_for_metrics\nltk\nltk\corpus\reader\rte.py,106,3,0,0,0
nltk,C:\Users\Zhifei Chen\Desktop\pysmell\subjects_for_metrics\nltk\nltk\corpus\reader\semcor.py,18,11,0,0,0
nltk,C:\Users\Zhifei Chen\Desktop\pysmell\subjects_for_metrics\nltk\nltk\corpus\reader\semcor.py,205,2,0,0,0
nltk,C:\Users\Zhifei Chen\Desktop\pysmell\subjects_for_metrics\nltk\nltk\corpus\reader\semcor.py,214,5,0,0,0
nltk,C:\Users\Zhifei Chen\Desktop\pysmell\subjects_for_metrics\nltk\nltk\corpus\reader\senseval.py,35,4,0,0,0
nltk,C:\Users\Zhifei Chen\Desktop\pysmell\subjects_for_metrics\nltk\nltk\corpus\reader\senseval.py,49,4,0,0,0
nltk,C:\Users\Zhifei Chen\Desktop\pysmell\subjects_for_metrics\nltk\nltk\corpus\reader\senseval.py,73,4,0,0,0
nltk,C:\Users\Zhifei Chen\Desktop\pysmell\subjects_for_metrics\nltk\nltk\corpus\reader\sentiwordnet.py,41,7,0,0,0
nltk,C:\Users\Zhifei Chen\Desktop\pysmell\subjects_for_metrics\nltk\nltk\corpus\reader\sentiwordnet.py,103,8,0,0,0
nltk,C:\Users\Zhifei Chen\Desktop\pysmell\subjects_for_metrics\nltk\nltk\corpus\reader\sinica_treebank.py,55,5,0,0,0
nltk,C:\Users\Zhifei Chen\Desktop\pysmell\subjects_for_metrics\nltk\nltk\corpus\reader\string_category.py,29,5,0,0,0
nltk,C:\Users\Zhifei Chen\Desktop\pysmell\subjects_for_metrics\nltk\nltk\corpus\reader\switchboard.py,17,4,0,0,0
nltk,C:\Users\Zhifei Chen\Desktop\pysmell\subjects_for_metrics\nltk\nltk\corpus\reader\switchboard.py,41,18,0,0,0
nltk,C:\Users\Zhifei Chen\Desktop\pysmell\subjects_for_metrics\nltk\nltk\corpus\reader\tagged.py,24,9,0,0,0
nltk,C:\Users\Zhifei Chen\Desktop\pysmell\subjects_for_metrics\nltk\nltk\corpus\reader\tagged.py,172,11,0,0,0
nltk,C:\Users\Zhifei Chen\Desktop\pysmell\subjects_for_metrics\nltk\nltk\corpus\reader\tagged.py,217,3,0,0,0
nltk,C:\Users\Zhifei Chen\Desktop\pysmell\subjects_for_metrics\nltk\nltk\corpus\reader\tagged.py,261,3,0,0,0
nltk,C:\Users\Zhifei Chen\Desktop\pysmell\subjects_for_metrics\nltk\nltk\corpus\reader\tagged.py,282,4,0,0,0
nltk,C:\Users\Zhifei Chen\Desktop\pysmell\subjects_for_metrics\nltk\nltk\corpus\reader\timit.py,136,25,1,0,0
nltk,C:\Users\Zhifei Chen\Desktop\pysmell\subjects_for_metrics\nltk\nltk\corpus\reader\timit.py,420,4,0,0,0
nltk,C:\Users\Zhifei Chen\Desktop\pysmell\subjects_for_metrics\nltk\nltk\corpus\reader\toolbox.py,25,6,0,0,0
nltk,C:\Users\Zhifei Chen\Desktop\pysmell\subjects_for_metrics\nltk\nltk\corpus\reader\twitter.py,23,9,0,0,0
nltk,C:\Users\Zhifei Chen\Desktop\pysmell\subjects_for_metrics\nltk\nltk\corpus\reader\udhr.py,10,47,1,0,1
nltk,C:\Users\Zhifei Chen\Desktop\pysmell\subjects_for_metrics\nltk\nltk\corpus\reader\util.py,34,13,0,0,0
nltk,C:\Users\Zhifei Chen\Desktop\pysmell\subjects_for_metrics\nltk\nltk\corpus\reader\util.py,349,5,0,0,0
nltk,C:\Users\Zhifei Chen\Desktop\pysmell\subjects_for_metrics\nltk\nltk\corpus\reader\util.py,459,8,0,0,0
nltk,C:\Users\Zhifei Chen\Desktop\pysmell\subjects_for_metrics\nltk\nltk\corpus\reader\verbnet.py,23,26,1,0,0
nltk,C:\Users\Zhifei Chen\Desktop\pysmell\subjects_for_metrics\nltk\nltk\corpus\reader\wordlist.py,15,3,0,0,0
nltk,C:\Users\Zhifei Chen\Desktop\pysmell\subjects_for_metrics\nltk\nltk\corpus\reader\wordlist.py,28,2,0,0,0
nltk,C:\Users\Zhifei Chen\Desktop\pysmell\subjects_for_metrics\nltk\nltk\corpus\reader\wordnet.py,117,1,0,0,0
nltk,C:\Users\Zhifei Chen\Desktop\pysmell\subjects_for_metrics\nltk\nltk\corpus\reader\wordnet.py,121,27,1,0,0
nltk,C:\Users\Zhifei Chen\Desktop\pysmell\subjects_for_metrics\nltk\nltk\corpus\reader\wordnet.py,201,19,0,0,0
nltk,C:\Users\Zhifei Chen\Desktop\pysmell\subjects_for_metrics\nltk\nltk\corpus\reader\wordnet.py,313,38,1,0,1
nltk,C:\Users\Zhifei Chen\Desktop\pysmell\subjects_for_metrics\nltk\nltk\corpus\reader\wordnet.py,989,58,1,0,1
nltk,C:\Users\Zhifei Chen\Desktop\pysmell\subjects_for_metrics\nltk\nltk\corpus\reader\wordnet.py,1791,3,0,0,0
nltk,C:\Users\Zhifei Chen\Desktop\pysmell\subjects_for_metrics\nltk\nltk\corpus\reader\xmldocs.py,29,5,0,0,0
nltk,C:\Users\Zhifei Chen\Desktop\pysmell\subjects_for_metrics\nltk\nltk\corpus\reader\xmldocs.py,86,15,0,0,0
nltk,C:\Users\Zhifei Chen\Desktop\pysmell\subjects_for_metrics\nltk\nltk\corpus\reader\ycoe.py,33,12,0,0,0
nltk,C:\Users\Zhifei Chen\Desktop\pysmell\subjects_for_metrics\nltk\nltk\corpus\reader\ycoe.py,125,2,0,0,0
nltk,C:\Users\Zhifei Chen\Desktop\pysmell\subjects_for_metrics\nltk\nltk\corpus\reader\ycoe.py,133,2,0,0,0
nltk,C:\Users\Zhifei Chen\Desktop\pysmell\subjects_for_metrics\nltk\nltk\draw\cfg.py,69,4,0,0,0
nltk,C:\Users\Zhifei Chen\Desktop\pysmell\subjects_for_metrics\nltk\nltk\draw\cfg.py,136,29,1,0,0
nltk,C:\Users\Zhifei Chen\Desktop\pysmell\subjects_for_metrics\nltk\nltk\draw\cfg.py,515,14,0,0,0
nltk,C:\Users\Zhifei Chen\Desktop\pysmell\subjects_for_metrics\nltk\nltk\draw\table.py,22,52,1,0,1
nltk,C:\Users\Zhifei Chen\Desktop\pysmell\subjects_for_metrics\nltk\nltk\draw\table.py,535,39,1,0,1
nltk,C:\Users\Zhifei Chen\Desktop\pysmell\subjects_for_metrics\nltk\nltk\draw\tree.py,26,21,0,0,0
nltk,C:\Users\Zhifei Chen\Desktop\pysmell\subjects_for_metrics\nltk\nltk\draw\tree.py,449,17,0,0,0
nltk,C:\Users\Zhifei Chen\Desktop\pysmell\subjects_for_metrics\nltk\nltk\draw\tree.py,753,7,0,0,0
nltk,C:\Users\Zhifei Chen\Desktop\pysmell\subjects_for_metrics\nltk\nltk\draw\util.py,50,35,1,0,0
nltk,C:\Users\Zhifei Chen\Desktop\pysmell\subjects_for_metrics\nltk\nltk\draw\util.py,702,8,0,0,0
nltk,C:\Users\Zhifei Chen\Desktop\pysmell\subjects_for_metrics\nltk\nltk\draw\util.py,769,15,0,0,0
nltk,C:\Users\Zhifei Chen\Desktop\pysmell\subjects_for_metrics\nltk\nltk\draw\util.py,863,6,0,0,0
nltk,C:\Users\Zhifei Chen\Desktop\pysmell\subjects_for_metrics\nltk\nltk\draw\util.py,918,6,0,0,0
nltk,C:\Users\Zhifei Chen\Desktop\pysmell\subjects_for_metrics\nltk\nltk\draw\util.py,971,7,0,0,0
nltk,C:\Users\Zhifei Chen\Desktop\pysmell\subjects_for_metrics\nltk\nltk\draw\util.py,1076,6,0,0,0
nltk,C:\Users\Zhifei Chen\Desktop\pysmell\subjects_for_metrics\nltk\nltk\draw\util.py,1130,6,0,0,0
nltk,C:\Users\Zhifei Chen\Desktop\pysmell\subjects_for_metrics\nltk\nltk\draw\util.py,1184,13,0,0,0
nltk,C:\Users\Zhifei Chen\Desktop\pysmell\subjects_for_metrics\nltk\nltk\draw\util.py,1341,13,0,0,0
nltk,C:\Users\Zhifei Chen\Desktop\pysmell\subjects_for_metrics\nltk\nltk\draw\util.py,1498,6,0,0,0
nltk,C:\Users\Zhifei Chen\Desktop\pysmell\subjects_for_metrics\nltk\nltk\draw\util.py,1552,7,0,0,0
nltk,C:\Users\Zhifei Chen\Desktop\pysmell\subjects_for_metrics\nltk\nltk\draw\util.py,1627,13,0,0,0
nltk,C:\Users\Zhifei Chen\Desktop\pysmell\subjects_for_metrics\nltk\nltk\draw\util.py,1843,5,0,0,0
nltk,C:\Users\Zhifei Chen\Desktop\pysmell\subjects_for_metrics\nltk\nltk\draw\util.py,1923,7,0,0,0
nltk,C:\Users\Zhifei Chen\Desktop\pysmell\subjects_for_metrics\nltk\nltk\draw\util.py,1997,19,0,0,0
nltk,C:\Users\Zhifei Chen\Desktop\pysmell\subjects_for_metrics\nltk\nltk\draw\util.py,2258,7,0,0,0
nltk,C:\Users\Zhifei Chen\Desktop\pysmell\subjects_for_metrics\nltk\nltk\inference\api.py,25,3,0,0,0
nltk,C:\Users\Zhifei Chen\Desktop\pysmell\subjects_for_metrics\nltk\nltk\inference\api.py,44,3,0,0,0
nltk,C:\Users\Zhifei Chen\Desktop\pysmell\subjects_for_metrics\nltk\nltk\inference\api.py,68,6,0,0,0
nltk,C:\Users\Zhifei Chen\Desktop\pysmell\subjects_for_metrics\nltk\nltk\inference\api.py,117,4,0,0,0
nltk,C:\Users\Zhifei Chen\Desktop\pysmell\subjects_for_metrics\nltk\nltk\inference\api.py,144,4,0,0,0
nltk,C:\Users\Zhifei Chen\Desktop\pysmell\subjects_for_metrics\nltk\nltk\inference\api.py,175,7,0,0,0
nltk,C:\Users\Zhifei Chen\Desktop\pysmell\subjects_for_metrics\nltk\nltk\inference\api.py,252,6,0,0,0
nltk,C:\Users\Zhifei Chen\Desktop\pysmell\subjects_for_metrics\nltk\nltk\inference\api.py,305,6,0,0,0
nltk,C:\Users\Zhifei Chen\Desktop\pysmell\subjects_for_metrics\nltk\nltk\inference\api.py,361,7,0,0,0
nltk,C:\Users\Zhifei Chen\Desktop\pysmell\subjects_for_metrics\nltk\nltk\inference\api.py,394,6,0,0,0
nltk,C:\Users\Zhifei Chen\Desktop\pysmell\subjects_for_metrics\nltk\nltk\inference\api.py,441,6,0,0,0
nltk,C:\Users\Zhifei Chen\Desktop\pysmell\subjects_for_metrics\nltk\nltk\inference\api.py,495,5,0,0,0
nltk,C:\Users\Zhifei Chen\Desktop\pysmell\subjects_for_metrics\nltk\nltk\inference\api.py,531,5,0,0,0
nltk,C:\Users\Zhifei Chen\Desktop\pysmell\subjects_for_metrics\nltk\nltk\inference\api.py,570,4,0,0,0
nltk,C:\Users\Zhifei Chen\Desktop\pysmell\subjects_for_metrics\nltk\nltk\inference\discourse.py,63,5,0,0,0
nltk,C:\Users\Zhifei Chen\Desktop\pysmell\subjects_for_metrics\nltk\nltk\inference\discourse.py,104,5,0,0,0
nltk,C:\Users\Zhifei Chen\Desktop\pysmell\subjects_for_metrics\nltk\nltk\inference\discourse.py,129,6,0,0,0
nltk,C:\Users\Zhifei Chen\Desktop\pysmell\subjects_for_metrics\nltk\nltk\inference\discourse.py,164,18,0,0,0
nltk,C:\Users\Zhifei Chen\Desktop\pysmell\subjects_for_metrics\nltk\nltk\inference\mace.py,24,11,0,0,0
nltk,C:\Users\Zhifei Chen\Desktop\pysmell\subjects_for_metrics\nltk\nltk\inference\mace.py,183,5,0,0,0
nltk,C:\Users\Zhifei Chen\Desktop\pysmell\subjects_for_metrics\nltk\nltk\inference\nonmonotonic.py,30,1,0,0,0
nltk,C:\Users\Zhifei Chen\Desktop\pysmell\subjects_for_metrics\nltk\nltk\inference\nonmonotonic.py,39,4,0,0,0
nltk,C:\Users\Zhifei Chen\Desktop\pysmell\subjects_for_metrics\nltk\nltk\inference\nonmonotonic.py,84,2,0,0,0
nltk,C:\Users\Zhifei Chen\Desktop\pysmell\subjects_for_metrics\nltk\nltk\inference\nonmonotonic.py,124,2,0,0,0
nltk,C:\Users\Zhifei Chen\Desktop\pysmell\subjects_for_metrics\nltk\nltk\inference\nonmonotonic.py,142,6,0,0,0
nltk,C:\Users\Zhifei Chen\Desktop\pysmell\subjects_for_metrics\nltk\nltk\inference\nonmonotonic.py,274,8,0,0,0
nltk,C:\Users\Zhifei Chen\Desktop\pysmell\subjects_for_metrics\nltk\nltk\inference\prover9.py,40,2,0,0,0
nltk,C:\Users\Zhifei Chen\Desktop\pysmell\subjects_for_metrics\nltk\nltk\inference\prover9.py,60,3,0,0,0
nltk,C:\Users\Zhifei Chen\Desktop\pysmell\subjects_for_metrics\nltk\nltk\inference\prover9.py,99,7,0,0,0
nltk,C:\Users\Zhifei Chen\Desktop\pysmell\subjects_for_metrics\nltk\nltk\inference\prover9.py,251,8,0,0,0
nltk,C:\Users\Zhifei Chen\Desktop\pysmell\subjects_for_metrics\nltk\nltk\inference\prover9.py,330,2,0,0,0
nltk,C:\Users\Zhifei Chen\Desktop\pysmell\subjects_for_metrics\nltk\nltk\inference\prover9.py,337,2,0,0,0
nltk,C:\Users\Zhifei Chen\Desktop\pysmell\subjects_for_metrics\nltk\nltk\inference\prover9.py,340,2,0,0,0
nltk,C:\Users\Zhifei Chen\Desktop\pysmell\subjects_for_metrics\nltk\nltk\inference\resolution.py,28,1,0,0,0
nltk,C:\Users\Zhifei Chen\Desktop\pysmell\subjects_for_metrics\nltk\nltk\inference\resolution.py,30,5,0,0,0
nltk,C:\Users\Zhifei Chen\Desktop\pysmell\subjects_for_metrics\nltk\nltk\inference\resolution.py,97,5,0,0,0
nltk,C:\Users\Zhifei Chen\Desktop\pysmell\subjects_for_metrics\nltk\nltk\inference\resolution.py,160,15,0,0,0
nltk,C:\Users\Zhifei Chen\Desktop\pysmell\subjects_for_metrics\nltk\nltk\inference\resolution.py,464,10,0,0,0
nltk,C:\Users\Zhifei Chen\Desktop\pysmell\subjects_for_metrics\nltk\nltk\inference\resolution.py,591,2,0,0,0
nltk,C:\Users\Zhifei Chen\Desktop\pysmell\subjects_for_metrics\nltk\nltk\inference\resolution.py,598,2,0,0,0
nltk,C:\Users\Zhifei Chen\Desktop\pysmell\subjects_for_metrics\nltk\nltk\inference\resolution.py,603,4,0,0,0
nltk,C:\Users\Zhifei Chen\Desktop\pysmell\subjects_for_metrics\nltk\nltk\inference\tableau.py,29,1,0,0,0
nltk,C:\Users\Zhifei Chen\Desktop\pysmell\subjects_for_metrics\nltk\nltk\inference\tableau.py,31,26,1,0,0
nltk,C:\Users\Zhifei Chen\Desktop\pysmell\subjects_for_metrics\nltk\nltk\inference\tableau.py,320,2,0,0,0
nltk,C:\Users\Zhifei Chen\Desktop\pysmell\subjects_for_metrics\nltk\nltk\inference\tableau.py,337,13,0,0,0
nltk,C:\Users\Zhifei Chen\Desktop\pysmell\subjects_for_metrics\nltk\nltk\inference\tableau.py,475,4,0,0,0
nltk,C:\Users\Zhifei Chen\Desktop\pysmell\subjects_for_metrics\nltk\nltk\inference\tableau.py,508,22,0,0,0
nltk,C:\Users\Zhifei Chen\Desktop\pysmell\subjects_for_metrics\nltk\nltk\metrics\agreement.py,85,26,1,0,0
nltk,C:\Users\Zhifei Chen\Desktop\pysmell\subjects_for_metrics\nltk\nltk\metrics\association.py,41,13,0,0,0
nltk,C:\Users\Zhifei Chen\Desktop\pysmell\subjects_for_metrics\nltk\nltk\metrics\association.py,153,9,0,0,0
nltk,C:\Users\Zhifei Chen\Desktop\pysmell\subjects_for_metrics\nltk\nltk\metrics\association.py,241,4,0,0,0
nltk,C:\Users\Zhifei Chen\Desktop\pysmell\subjects_for_metrics\nltk\nltk\metrics\association.py,297,4,0,0,0
nltk,C:\Users\Zhifei Chen\Desktop\pysmell\subjects_for_metrics\nltk\nltk\metrics\association.py,383,3,0,0,0
nltk,C:\Users\Zhifei Chen\Desktop\pysmell\subjects_for_metrics\nltk\nltk\metrics\confusionmatrix.py,12,8,0,0,0
nltk,C:\Users\Zhifei Chen\Desktop\pysmell\subjects_for_metrics\nltk\nltk\metrics\paice.py,212,7,0,0,0
nltk,C:\Users\Zhifei Chen\Desktop\pysmell\subjects_for_metrics\nltk\nltk\misc\minimalset.py,10,7,0,0,0
nltk,C:\Users\Zhifei Chen\Desktop\pysmell\subjects_for_metrics\nltk\nltk\parse\api.py,14,6,0,0,0
nltk,C:\Users\Zhifei Chen\Desktop\pysmell\subjects_for_metrics\nltk\nltk\parse\bllip.py,110,5,0,0,0
nltk,C:\Users\Zhifei Chen\Desktop\pysmell\subjects_for_metrics\nltk\nltk\parse\chart.py,59,17,0,0,0
nltk,C:\Users\Zhifei Chen\Desktop\pysmell\subjects_for_metrics\nltk\nltk\parse\chart.py,227,17,0,0,0
nltk,C:\Users\Zhifei Chen\Desktop\pysmell\subjects_for_metrics\nltk\nltk\parse\chart.py,336,15,0,0,0
nltk,C:\Users\Zhifei Chen\Desktop\pysmell\subjects_for_metrics\nltk\nltk\parse\chart.py,384,24,1,0,0
nltk,C:\Users\Zhifei Chen\Desktop\pysmell\subjects_for_metrics\nltk\nltk\parse\chart.py,844,3,0,0,0
nltk,C:\Users\Zhifei Chen\Desktop\pysmell\subjects_for_metrics\nltk\nltk\parse\chart.py,890,5,0,0,0
nltk,C:\Users\Zhifei Chen\Desktop\pysmell\subjects_for_metrics\nltk\nltk\parse\chart.py,944,3,0,0,0
nltk,C:\Users\Zhifei Chen\Desktop\pysmell\subjects_for_metrics\nltk\nltk\parse\chart.py,972,5,0,0,0
nltk,C:\Users\Zhifei Chen\Desktop\pysmell\subjects_for_metrics\nltk\nltk\parse\chart.py,1020,3,0,0,0
nltk,C:\Users\Zhifei Chen\Desktop\pysmell\subjects_for_metrics\nltk\nltk\parse\chart.py,1032,3,0,0,0
nltk,C:\Users\Zhifei Chen\Desktop\pysmell\subjects_for_metrics\nltk\nltk\parse\chart.py,1046,3,0,0,0
nltk,C:\Users\Zhifei Chen\Desktop\pysmell\subjects_for_metrics\nltk\nltk\parse\chart.py,1064,3,0,0,0
nltk,C:\Users\Zhifei Chen\Desktop\pysmell\subjects_for_metrics\nltk\nltk\parse\chart.py,1108,3,0,0,0
nltk,C:\Users\Zhifei Chen\Desktop\pysmell\subjects_for_metrics\nltk\nltk\parse\chart.py,1123,3,0,0,0
nltk,C:\Users\Zhifei Chen\Desktop\pysmell\subjects_for_metrics\nltk\nltk\parse\chart.py,1142,3,0,0,0
nltk,C:\Users\Zhifei Chen\Desktop\pysmell\subjects_for_metrics\nltk\nltk\parse\chart.py,1160,3,0,0,0
nltk,C:\Users\Zhifei Chen\Desktop\pysmell\subjects_for_metrics\nltk\nltk\parse\chart.py,1183,2,0,0,0
nltk,C:\Users\Zhifei Chen\Desktop\pysmell\subjects_for_metrics\nltk\nltk\parse\chart.py,1227,6,0,0,0
nltk,C:\Users\Zhifei Chen\Desktop\pysmell\subjects_for_metrics\nltk\nltk\parse\chart.py,1353,2,0,0,0
nltk,C:\Users\Zhifei Chen\Desktop\pysmell\subjects_for_metrics\nltk\nltk\parse\chart.py,1361,2,0,0,0
nltk,C:\Users\Zhifei Chen\Desktop\pysmell\subjects_for_metrics\nltk\nltk\parse\chart.py,1373,2,0,0,0
nltk,C:\Users\Zhifei Chen\Desktop\pysmell\subjects_for_metrics\nltk\nltk\parse\chart.py,1382,2,0,0,0
nltk,C:\Users\Zhifei Chen\Desktop\pysmell\subjects_for_metrics\nltk\nltk\parse\chart.py,1393,14,0,0,0
nltk,C:\Users\Zhifei Chen\Desktop\pysmell\subjects_for_metrics\nltk\nltk\parse\dependencygraph.py,33,28,1,0,0
nltk,C:\Users\Zhifei Chen\Desktop\pysmell\subjects_for_metrics\nltk\nltk\parse\dependencygraph.py,548,1,0,0,0
nltk,C:\Users\Zhifei Chen\Desktop\pysmell\subjects_for_metrics\nltk\nltk\parse\earleychart.py,50,9,0,0,0
nltk,C:\Users\Zhifei Chen\Desktop\pysmell\subjects_for_metrics\nltk\nltk\parse\earleychart.py,114,4,0,0,0
nltk,C:\Users\Zhifei Chen\Desktop\pysmell\subjects_for_metrics\nltk\nltk\parse\earleychart.py,161,2,0,0,0
nltk,C:\Users\Zhifei Chen\Desktop\pysmell\subjects_for_metrics\nltk\nltk\parse\earleychart.py,173,3,0,0,0
nltk,C:\Users\Zhifei Chen\Desktop\pysmell\subjects_for_metrics\nltk\nltk\parse\earleychart.py,180,3,0,0,0
nltk,C:\Users\Zhifei Chen\Desktop\pysmell\subjects_for_metrics\nltk\nltk\parse\earleychart.py,187,2,0,0,0
nltk,C:\Users\Zhifei Chen\Desktop\pysmell\subjects_for_metrics\nltk\nltk\parse\earleychart.py,190,2,0,0,0
nltk,C:\Users\Zhifei Chen\Desktop\pysmell\subjects_for_metrics\nltk\nltk\parse\earleychart.py,202,2,0,0,0
nltk,C:\Users\Zhifei Chen\Desktop\pysmell\subjects_for_metrics\nltk\nltk\parse\earleychart.py,214,2,0,0,0
nltk,C:\Users\Zhifei Chen\Desktop\pysmell\subjects_for_metrics\nltk\nltk\parse\earleychart.py,217,2,0,0,0
nltk,C:\Users\Zhifei Chen\Desktop\pysmell\subjects_for_metrics\nltk\nltk\parse\earleychart.py,220,2,0,0,0
nltk,C:\Users\Zhifei Chen\Desktop\pysmell\subjects_for_metrics\nltk\nltk\parse\earleychart.py,249,3,0,0,0
nltk,C:\Users\Zhifei Chen\Desktop\pysmell\subjects_for_metrics\nltk\nltk\parse\earleychart.py,333,3,0,0,0
nltk,C:\Users\Zhifei Chen\Desktop\pysmell\subjects_for_metrics\nltk\nltk\parse\earleychart.py,338,2,0,0,0
nltk,C:\Users\Zhifei Chen\Desktop\pysmell\subjects_for_metrics\nltk\nltk\parse\earleychart.py,342,2,0,0,0
nltk,C:\Users\Zhifei Chen\Desktop\pysmell\subjects_for_metrics\nltk\nltk\parse\earleychart.py,346,2,0,0,0
nltk,C:\Users\Zhifei Chen\Desktop\pysmell\subjects_for_metrics\nltk\nltk\parse\earleychart.py,350,2,0,0,0
nltk,C:\Users\Zhifei Chen\Desktop\pysmell\subjects_for_metrics\nltk\nltk\parse\earleychart.py,379,2,0,0,0
nltk,C:\Users\Zhifei Chen\Desktop\pysmell\subjects_for_metrics\nltk\nltk\parse\earleychart.py,391,2,0,0,0
nltk,C:\Users\Zhifei Chen\Desktop\pysmell\subjects_for_metrics\nltk\nltk\parse\earleychart.py,395,2,0,0,0
nltk,C:\Users\Zhifei Chen\Desktop\pysmell\subjects_for_metrics\nltk\nltk\parse\earleychart.py,399,2,0,0,0
nltk,C:\Users\Zhifei Chen\Desktop\pysmell\subjects_for_metrics\nltk\nltk\parse\earleychart.py,403,2,0,0,0
nltk,C:\Users\Zhifei Chen\Desktop\pysmell\subjects_for_metrics\nltk\nltk\parse\evaluate.py,14,4,0,0,0
nltk,C:\Users\Zhifei Chen\Desktop\pysmell\subjects_for_metrics\nltk\nltk\parse\featurechart.py,35,10,0,0,0
nltk,C:\Users\Zhifei Chen\Desktop\pysmell\subjects_for_metrics\nltk\nltk\parse\featurechart.py,139,6,0,0,0
nltk,C:\Users\Zhifei Chen\Desktop\pysmell\subjects_for_metrics\nltk\nltk\parse\featurechart.py,219,2,0,0,0
nltk,C:\Users\Zhifei Chen\Desktop\pysmell\subjects_for_metrics\nltk\nltk\parse\featurechart.py,273,4,0,0,0
nltk,C:\Users\Zhifei Chen\Desktop\pysmell\subjects_for_metrics\nltk\nltk\parse\featurechart.py,303,2,0,0,0
nltk,C:\Users\Zhifei Chen\Desktop\pysmell\subjects_for_metrics\nltk\nltk\parse\featurechart.py,310,2,0,0,0
nltk,C:\Users\Zhifei Chen\Desktop\pysmell\subjects_for_metrics\nltk\nltk\parse\featurechart.py,365,2,0,0,0
nltk,C:\Users\Zhifei Chen\Desktop\pysmell\subjects_for_metrics\nltk\nltk\parse\featurechart.py,377,2,0,0,0
nltk,C:\Users\Zhifei Chen\Desktop\pysmell\subjects_for_metrics\nltk\nltk\parse\featurechart.py,401,2,0,0,0
nltk,C:\Users\Zhifei Chen\Desktop\pysmell\subjects_for_metrics\nltk\nltk\parse\featurechart.py,427,2,0,0,0
nltk,C:\Users\Zhifei Chen\Desktop\pysmell\subjects_for_metrics\nltk\nltk\parse\featurechart.py,439,2,0,0,0
nltk,C:\Users\Zhifei Chen\Desktop\pysmell\subjects_for_metrics\nltk\nltk\parse\featurechart.py,443,2,0,0,0
nltk,C:\Users\Zhifei Chen\Desktop\pysmell\subjects_for_metrics\nltk\nltk\parse\featurechart.py,447,2,0,0,0
nltk,C:\Users\Zhifei Chen\Desktop\pysmell\subjects_for_metrics\nltk\nltk\parse\featurechart.py,456,6,0,0,0
nltk,C:\Users\Zhifei Chen\Desktop\pysmell\subjects_for_metrics\nltk\nltk\parse\malt.py,89,8,0,0,0
nltk,C:\Users\Zhifei Chen\Desktop\pysmell\subjects_for_metrics\nltk\nltk\parse\nonprojectivedependencyparser.py,25,4,0,0,0
nltk,C:\Users\Zhifei Chen\Desktop\pysmell\subjects_for_metrics\nltk\nltk\parse\nonprojectivedependencyparser.py,81,4,0,0,0
nltk,C:\Users\Zhifei Chen\Desktop\pysmell\subjects_for_metrics\nltk\nltk\parse\nonprojectivedependencyparser.py,185,3,0,0,0
nltk,C:\Users\Zhifei Chen\Desktop\pysmell\subjects_for_metrics\nltk\nltk\parse\nonprojectivedependencyparser.py,201,11,0,0,0
nltk,C:\Users\Zhifei Chen\Desktop\pysmell\subjects_for_metrics\nltk\nltk\parse\nonprojectivedependencyparser.py,587,3,0,0,0
nltk,C:\Users\Zhifei Chen\Desktop\pysmell\subjects_for_metrics\nltk\nltk\parse\pchart.py,50,2,0,0,0
nltk,C:\Users\Zhifei Chen\Desktop\pysmell\subjects_for_metrics\nltk\nltk\parse\pchart.py,53,4,0,0,0
nltk,C:\Users\Zhifei Chen\Desktop\pysmell\subjects_for_metrics\nltk\nltk\parse\pchart.py,68,3,0,0,0
nltk,C:\Users\Zhifei Chen\Desktop\pysmell\subjects_for_metrics\nltk\nltk\parse\pchart.py,76,3,0,0,0
nltk,C:\Users\Zhifei Chen\Desktop\pysmell\subjects_for_metrics\nltk\nltk\parse\pchart.py,86,3,0,0,0
nltk,C:\Users\Zhifei Chen\Desktop\pysmell\subjects_for_metrics\nltk\nltk\parse\pchart.py,111,6,0,0,0
nltk,C:\Users\Zhifei Chen\Desktop\pysmell\subjects_for_metrics\nltk\nltk\parse\pchart.py,135,8,0,0,0
nltk,C:\Users\Zhifei Chen\Desktop\pysmell\subjects_for_metrics\nltk\nltk\parse\pchart.py,300,2,0,0,0
nltk,C:\Users\Zhifei Chen\Desktop\pysmell\subjects_for_metrics\nltk\nltk\parse\pchart.py,361,2,0,0,0
nltk,C:\Users\Zhifei Chen\Desktop\pysmell\subjects_for_metrics\nltk\nltk\parse\pchart.py,371,2,0,0,0
nltk,C:\Users\Zhifei Chen\Desktop\pysmell\subjects_for_metrics\nltk\nltk\parse\pchart.py,378,2,0,0,0
nltk,C:\Users\Zhifei Chen\Desktop\pysmell\subjects_for_metrics\nltk\nltk\parse\projectivedependencyparser.py,23,11,0,0,0
nltk,C:\Users\Zhifei Chen\Desktop\pysmell\subjects_for_metrics\nltk\nltk\parse\projectivedependencyparser.py,91,6,0,0,0
nltk,C:\Users\Zhifei Chen\Desktop\pysmell\subjects_for_metrics\nltk\nltk\parse\projectivedependencyparser.py,139,4,0,0,0
nltk,C:\Users\Zhifei Chen\Desktop\pysmell\subjects_for_metrics\nltk\nltk\parse\projectivedependencyparser.py,242,6,0,0,0
nltk,C:\Users\Zhifei Chen\Desktop\pysmell\subjects_for_metrics\nltk\nltk\parse\recursivedescent.py,19,16,0,0,0
nltk,C:\Users\Zhifei Chen\Desktop\pysmell\subjects_for_metrics\nltk\nltk\parse\recursivedescent.py,329,19,0,0,0
nltk,C:\Users\Zhifei Chen\Desktop\pysmell\subjects_for_metrics\nltk\nltk\parse\shiftreduce.py,19,12,0,0,0
nltk,C:\Users\Zhifei Chen\Desktop\pysmell\subjects_for_metrics\nltk\nltk\parse\shiftreduce.py,274,13,0,0,0
nltk,C:\Users\Zhifei Chen\Desktop\pysmell\subjects_for_metrics\nltk\nltk\parse\stanford.py,28,14,0,0,0
nltk,C:\Users\Zhifei Chen\Desktop\pysmell\subjects_for_metrics\nltk\nltk\parse\stanford.py,223,3,0,0,0
nltk,C:\Users\Zhifei Chen\Desktop\pysmell\subjects_for_metrics\nltk\nltk\parse\stanford.py,280,3,0,0,0
nltk,C:\Users\Zhifei Chen\Desktop\pysmell\subjects_for_metrics\nltk\nltk\parse\stanford.py,336,10,0,0,0
nltk,C:\Users\Zhifei Chen\Desktop\pysmell\subjects_for_metrics\nltk\nltk\parse\transitionparser.py,30,5,0,0,0
nltk,C:\Users\Zhifei Chen\Desktop\pysmell\subjects_for_metrics\nltk\nltk\parse\transitionparser.py,177,10,0,0,0
nltk,C:\Users\Zhifei Chen\Desktop\pysmell\subjects_for_metrics\nltk\nltk\parse\transitionparser.py,280,12,0,0,0
nltk,C:\Users\Zhifei Chen\Desktop\pysmell\subjects_for_metrics\nltk\nltk\parse\util.py,147,3,0,0,0
nltk,C:\Users\Zhifei Chen\Desktop\pysmell\subjects_for_metrics\nltk\nltk\parse\viterbi.py,20,12,0,0,0
nltk,C:\Users\Zhifei Chen\Desktop\pysmell\subjects_for_metrics\nltk\nltk\sem\boxer.py,48,13,0,0,0
nltk,C:\Users\Zhifei Chen\Desktop\pysmell\subjects_for_metrics\nltk\nltk\sem\boxer.py,274,32,1,0,0
nltk,C:\Users\Zhifei Chen\Desktop\pysmell\subjects_for_metrics\nltk\nltk\sem\boxer.py,658,7,0,0,0
nltk,C:\Users\Zhifei Chen\Desktop\pysmell\subjects_for_metrics\nltk\nltk\sem\boxer.py,833,9,0,0,0
nltk,C:\Users\Zhifei Chen\Desktop\pysmell\subjects_for_metrics\nltk\nltk\sem\boxer.py,870,11,0,0,0
nltk,C:\Users\Zhifei Chen\Desktop\pysmell\subjects_for_metrics\nltk\nltk\sem\boxer.py,922,11,0,0,0
nltk,C:\Users\Zhifei Chen\Desktop\pysmell\subjects_for_metrics\nltk\nltk\sem\boxer.py,951,8,0,0,0
nltk,C:\Users\Zhifei Chen\Desktop\pysmell\subjects_for_metrics\nltk\nltk\sem\boxer.py,981,8,0,0,0
nltk,C:\Users\Zhifei Chen\Desktop\pysmell\subjects_for_metrics\nltk\nltk\sem\boxer.py,1008,8,0,0,0
nltk,C:\Users\Zhifei Chen\Desktop\pysmell\subjects_for_metrics\nltk\nltk\sem\boxer.py,1034,7,0,0,0
nltk,C:\Users\Zhifei Chen\Desktop\pysmell\subjects_for_metrics\nltk\nltk\sem\boxer.py,1057,9,0,0,0
nltk,C:\Users\Zhifei Chen\Desktop\pysmell\subjects_for_metrics\nltk\nltk\sem\boxer.py,1084,7,0,0,0
nltk,C:\Users\Zhifei Chen\Desktop\pysmell\subjects_for_metrics\nltk\nltk\sem\boxer.py,1105,6,0,0,0
nltk,C:\Users\Zhifei Chen\Desktop\pysmell\subjects_for_metrics\nltk\nltk\sem\boxer.py,1124,8,0,0,0
nltk,C:\Users\Zhifei Chen\Desktop\pysmell\subjects_for_metrics\nltk\nltk\sem\boxer.py,1148,8,0,0,0
nltk,C:\Users\Zhifei Chen\Desktop\pysmell\subjects_for_metrics\nltk\nltk\sem\boxer.py,1176,2,0,0,0
nltk,C:\Users\Zhifei Chen\Desktop\pysmell\subjects_for_metrics\nltk\nltk\sem\boxer.py,1181,5,0,0,0
nltk,C:\Users\Zhifei Chen\Desktop\pysmell\subjects_for_metrics\nltk\nltk\sem\boxer.py,1237,2,0,0,0
nltk,C:\Users\Zhifei Chen\Desktop\pysmell\subjects_for_metrics\nltk\nltk\sem\chat80.py,215,10,0,0,0
nltk,C:\Users\Zhifei Chen\Desktop\pysmell\subjects_for_metrics\nltk\nltk\sem\cooper_storage.py,13,4,0,0,0
nltk,C:\Users\Zhifei Chen\Desktop\pysmell\subjects_for_metrics\nltk\nltk\sem\drt.py,35,10,0,0,0
nltk,C:\Users\Zhifei Chen\Desktop\pysmell\subjects_for_metrics\nltk\nltk\sem\drt.py,50,16,0,0,0
nltk,C:\Users\Zhifei Chen\Desktop\pysmell\subjects_for_metrics\nltk\nltk\sem\drt.py,174,21,0,0,0
nltk,C:\Users\Zhifei Chen\Desktop\pysmell\subjects_for_metrics\nltk\nltk\sem\drt.py,275,16,0,0,0
nltk,C:\Users\Zhifei Chen\Desktop\pysmell\subjects_for_metrics\nltk\nltk\sem\drt.py,497,5,0,0,0
nltk,C:\Users\Zhifei Chen\Desktop\pysmell\subjects_for_metrics\nltk\nltk\sem\drt.py,513,2,0,0,0
nltk,C:\Users\Zhifei Chen\Desktop\pysmell\subjects_for_metrics\nltk\nltk\sem\drt.py,516,2,0,0,0
nltk,C:\Users\Zhifei Chen\Desktop\pysmell\subjects_for_metrics\nltk\nltk\sem\drt.py,519,2,0,0,0
nltk,C:\Users\Zhifei Chen\Desktop\pysmell\subjects_for_metrics\nltk\nltk\sem\drt.py,522,2,0,0,0
nltk,C:\Users\Zhifei Chen\Desktop\pysmell\subjects_for_metrics\nltk\nltk\sem\drt.py,526,14,0,0,0
nltk,C:\Users\Zhifei Chen\Desktop\pysmell\subjects_for_metrics\nltk\nltk\sem\drt.py,577,4,0,0,0
nltk,C:\Users\Zhifei Chen\Desktop\pysmell\subjects_for_metrics\nltk\nltk\sem\drt.py,592,4,0,0,0
nltk,C:\Users\Zhifei Chen\Desktop\pysmell\subjects_for_metrics\nltk\nltk\sem\drt.py,618,5,0,0,0
nltk,C:\Users\Zhifei Chen\Desktop\pysmell\subjects_for_metrics\nltk\nltk\sem\drt.py,640,2,0,0,0
nltk,C:\Users\Zhifei Chen\Desktop\pysmell\subjects_for_metrics\nltk\nltk\sem\drt.py,643,3,0,0,0
nltk,C:\Users\Zhifei Chen\Desktop\pysmell\subjects_for_metrics\nltk\nltk\sem\drt.py,652,2,0,0,0
nltk,C:\Users\Zhifei Chen\Desktop\pysmell\subjects_for_metrics\nltk\nltk\sem\drt.py,656,17,0,0,0
nltk,C:\Users\Zhifei Chen\Desktop\pysmell\subjects_for_metrics\nltk\nltk\sem\drt.py,792,4,0,0,0
nltk,C:\Users\Zhifei Chen\Desktop\pysmell\subjects_for_metrics\nltk\nltk\sem\drt.py,819,6,0,0,0
nltk,C:\Users\Zhifei Chen\Desktop\pysmell\subjects_for_metrics\nltk\nltk\sem\drt.py,845,2,0,0,0
nltk,C:\Users\Zhifei Chen\Desktop\pysmell\subjects_for_metrics\nltk\nltk\sem\drt.py,921,19,0,0,0
nltk,C:\Users\Zhifei Chen\Desktop\pysmell\subjects_for_metrics\nltk\nltk\sem\drt_glue_demo.py,31,27,1,0,0
nltk,C:\Users\Zhifei Chen\Desktop\pysmell\subjects_for_metrics\nltk\nltk\sem\drt_glue_demo.py,450,4,0,0,0
nltk,C:\Users\Zhifei Chen\Desktop\pysmell\subjects_for_metrics\nltk\nltk\sem\evaluate.py,34,1,0,0,0
nltk,C:\Users\Zhifei Chen\Desktop\pysmell\subjects_for_metrics\nltk\nltk\sem\evaluate.py,36,1,0,0,0
nltk,C:\Users\Zhifei Chen\Desktop\pysmell\subjects_for_metrics\nltk\nltk\sem\evaluate.py,98,8,0,0,0
nltk,C:\Users\Zhifei Chen\Desktop\pysmell\subjects_for_metrics\nltk\nltk\sem\evaluate.py,223,9,0,0,0
nltk,C:\Users\Zhifei Chen\Desktop\pysmell\subjects_for_metrics\nltk\nltk\sem\evaluate.py,352,9,0,0,0
nltk,C:\Users\Zhifei Chen\Desktop\pysmell\subjects_for_metrics\nltk\nltk\sem\glue.py,31,13,0,0,0
nltk,C:\Users\Zhifei Chen\Desktop\pysmell\subjects_for_metrics\nltk\nltk\sem\glue.py,116,17,0,0,0
nltk,C:\Users\Zhifei Chen\Desktop\pysmell\subjects_for_metrics\nltk\nltk\sem\glue.py,432,12,0,0,0
nltk,C:\Users\Zhifei Chen\Desktop\pysmell\subjects_for_metrics\nltk\nltk\sem\glue.py,605,4,0,0,0
nltk,C:\Users\Zhifei Chen\Desktop\pysmell\subjects_for_metrics\nltk\nltk\sem\glue.py,632,2,0,0,0
nltk,C:\Users\Zhifei Chen\Desktop\pysmell\subjects_for_metrics\nltk\nltk\sem\glue.py,636,3,0,0,0
nltk,C:\Users\Zhifei Chen\Desktop\pysmell\subjects_for_metrics\nltk\nltk\sem\hole.py,43,20,0,0,0
nltk,C:\Users\Zhifei Chen\Desktop\pysmell\subjects_for_metrics\nltk\nltk\sem\hole.py,66,14,0,0,0
nltk,C:\Users\Zhifei Chen\Desktop\pysmell\subjects_for_metrics\nltk\nltk\sem\hole.py,288,7,0,0,0
nltk,C:\Users\Zhifei Chen\Desktop\pysmell\subjects_for_metrics\nltk\nltk\sem\lfg.py,14,15,0,0,0
nltk,C:\Users\Zhifei Chen\Desktop\pysmell\subjects_for_metrics\nltk\nltk\sem\linearlogic.py,16,6,0,0,0
nltk,C:\Users\Zhifei Chen\Desktop\pysmell\subjects_for_metrics\nltk\nltk\sem\linearlogic.py,27,8,0,0,0
nltk,C:\Users\Zhifei Chen\Desktop\pysmell\subjects_for_metrics\nltk\nltk\sem\linearlogic.py,73,7,0,0,0
nltk,C:\Users\Zhifei Chen\Desktop\pysmell\subjects_for_metrics\nltk\nltk\sem\linearlogic.py,92,11,0,0,0
nltk,C:\Users\Zhifei Chen\Desktop\pysmell\subjects_for_metrics\nltk\nltk\sem\linearlogic.py,159,2,0,0,0
nltk,C:\Users\Zhifei Chen\Desktop\pysmell\subjects_for_metrics\nltk\nltk\sem\linearlogic.py,180,2,0,0,0
nltk,C:\Users\Zhifei Chen\Desktop\pysmell\subjects_for_metrics\nltk\nltk\sem\linearlogic.py,199,12,0,0,0
nltk,C:\Users\Zhifei Chen\Desktop\pysmell\subjects_for_metrics\nltk\nltk\sem\linearlogic.py,274,8,0,0,0
nltk,C:\Users\Zhifei Chen\Desktop\pysmell\subjects_for_metrics\nltk\nltk\sem\linearlogic.py,339,11,0,0,0
nltk,C:\Users\Zhifei Chen\Desktop\pysmell\subjects_for_metrics\nltk\nltk\sem\linearlogic.py,424,2,0,0,0
nltk,C:\Users\Zhifei Chen\Desktop\pysmell\subjects_for_metrics\nltk\nltk\sem\linearlogic.py,427,2,0,0,0
nltk,C:\Users\Zhifei Chen\Desktop\pysmell\subjects_for_metrics\nltk\nltk\sem\linearlogic.py,431,2,0,0,0
nltk,C:\Users\Zhifei Chen\Desktop\pysmell\subjects_for_metrics\nltk\nltk\sem\logic.py,28,20,0,0,0
nltk,C:\Users\Zhifei Chen\Desktop\pysmell\subjects_for_metrics\nltk\nltk\sem\logic.py,86,35,1,0,0
nltk,C:\Users\Zhifei Chen\Desktop\pysmell\subjects_for_metrics\nltk\nltk\sem\logic.py,557,11,0,0,0
nltk,C:\Users\Zhifei Chen\Desktop\pysmell\subjects_for_metrics\nltk\nltk\sem\logic.py,630,5,0,0,0
nltk,C:\Users\Zhifei Chen\Desktop\pysmell\subjects_for_metrics\nltk\nltk\sem\logic.py,642,10,0,0,0
nltk,C:\Users\Zhifei Chen\Desktop\pysmell\subjects_for_metrics\nltk\nltk\sem\logic.py,694,6,0,0,0
nltk,C:\Users\Zhifei Chen\Desktop\pysmell\subjects_for_metrics\nltk\nltk\sem\logic.py,712,4,0,0,0
nltk,C:\Users\Zhifei Chen\Desktop\pysmell\subjects_for_metrics\nltk\nltk\sem\logic.py,720,4,0,0,0
nltk,C:\Users\Zhifei Chen\Desktop\pysmell\subjects_for_metrics\nltk\nltk\sem\logic.py,728,4,0,0,0
nltk,C:\Users\Zhifei Chen\Desktop\pysmell\subjects_for_metrics\nltk\nltk\sem\logic.py,736,12,0,0,0
nltk,C:\Users\Zhifei Chen\Desktop\pysmell\subjects_for_metrics\nltk\nltk\sem\logic.py,802,2,0,0,0
nltk,C:\Users\Zhifei Chen\Desktop\pysmell\subjects_for_metrics\nltk\nltk\sem\logic.py,806,2,0,0,0
nltk,C:\Users\Zhifei Chen\Desktop\pysmell\subjects_for_metrics\nltk\nltk\sem\logic.py,816,2,0,0,0
nltk,C:\Users\Zhifei Chen\Desktop\pysmell\subjects_for_metrics\nltk\nltk\sem\logic.py,822,2,0,0,0
nltk,C:\Users\Zhifei Chen\Desktop\pysmell\subjects_for_metrics\nltk\nltk\sem\logic.py,846,3,0,0,0
nltk,C:\Users\Zhifei Chen\Desktop\pysmell\subjects_for_metrics\nltk\nltk\sem\logic.py,867,33,1,0,0
nltk,C:\Users\Zhifei Chen\Desktop\pysmell\subjects_for_metrics\nltk\nltk\sem\logic.py,1123,18,0,0,0
nltk,C:\Users\Zhifei Chen\Desktop\pysmell\subjects_for_metrics\nltk\nltk\sem\logic.py,1316,14,0,0,0
nltk,C:\Users\Zhifei Chen\Desktop\pysmell\subjects_for_metrics\nltk\nltk\sem\logic.py,1387,6,0,0,0
nltk,C:\Users\Zhifei Chen\Desktop\pysmell\subjects_for_metrics\nltk\nltk\sem\logic.py,1413,4,0,0,0
nltk,C:\Users\Zhifei Chen\Desktop\pysmell\subjects_for_metrics\nltk\nltk\sem\logic.py,1426,2,0,0,0
nltk,C:\Users\Zhifei Chen\Desktop\pysmell\subjects_for_metrics\nltk\nltk\sem\logic.py,1431,5,0,0,0
nltk,C:\Users\Zhifei Chen\Desktop\pysmell\subjects_for_metrics\nltk\nltk\sem\logic.py,1485,11,0,0,0
nltk,C:\Users\Zhifei Chen\Desktop\pysmell\subjects_for_metrics\nltk\nltk\sem\logic.py,1572,5,0,0,0
nltk,C:\Users\Zhifei Chen\Desktop\pysmell\subjects_for_metrics\nltk\nltk\sem\logic.py,1600,5,0,0,0
nltk,C:\Users\Zhifei Chen\Desktop\pysmell\subjects_for_metrics\nltk\nltk\sem\logic.py,1625,2,0,0,0
nltk,C:\Users\Zhifei Chen\Desktop\pysmell\subjects_for_metrics\nltk\nltk\sem\logic.py,1629,2,0,0,0
nltk,C:\Users\Zhifei Chen\Desktop\pysmell\subjects_for_metrics\nltk\nltk\sem\logic.py,1634,12,0,0,0
nltk,C:\Users\Zhifei Chen\Desktop\pysmell\subjects_for_metrics\nltk\nltk\sem\logic.py,1678,11,0,0,0
nltk,C:\Users\Zhifei Chen\Desktop\pysmell\subjects_for_metrics\nltk\nltk\sem\logic.py,1725,2,0,0,0
nltk,C:\Users\Zhifei Chen\Desktop\pysmell\subjects_for_metrics\nltk\nltk\sem\logic.py,1738,3,0,0,0
nltk,C:\Users\Zhifei Chen\Desktop\pysmell\subjects_for_metrics\nltk\nltk\sem\logic.py,1749,3,0,0,0
nltk,C:\Users\Zhifei Chen\Desktop\pysmell\subjects_for_metrics\nltk\nltk\sem\logic.py,1760,2,0,0,0
nltk,C:\Users\Zhifei Chen\Desktop\pysmell\subjects_for_metrics\nltk\nltk\sem\logic.py,1765,2,0,0,0
nltk,C:\Users\Zhifei Chen\Desktop\pysmell\subjects_for_metrics\nltk\nltk\sem\logic.py,1771,3,0,0,0
nltk,C:\Users\Zhifei Chen\Desktop\pysmell\subjects_for_metrics\nltk\nltk\sem\logic.py,1791,4,0,0,0
nltk,C:\Users\Zhifei Chen\Desktop\pysmell\subjects_for_metrics\nltk\nltk\sem\logic.py,1808,2,0,0,0
nltk,C:\Users\Zhifei Chen\Desktop\pysmell\subjects_for_metrics\nltk\nltk\sem\logic.py,1813,2,0,0,0
nltk,C:\Users\Zhifei Chen\Desktop\pysmell\subjects_for_metrics\nltk\nltk\sem\logic.py,1826,2,0,0,0
nltk,C:\Users\Zhifei Chen\Desktop\pysmell\subjects_for_metrics\nltk\nltk\sentiment\sentiment_analyzer.py,28,11,0,0,0
nltk,C:\Users\Zhifei Chen\Desktop\pysmell\subjects_for_metrics\nltk\nltk\sentiment\vader.py,150,4,0,0,0
nltk,C:\Users\Zhifei Chen\Desktop\pysmell\subjects_for_metrics\nltk\nltk\sentiment\vader.py,196,14,0,0,0
nltk,C:\Users\Zhifei Chen\Desktop\pysmell\subjects_for_metrics\nltk\nltk\stem\api.py,10,2,0,0,0
nltk,C:\Users\Zhifei Chen\Desktop\pysmell\subjects_for_metrics\nltk\nltk\stem\isri.py,38,16,0,0,0
nltk,C:\Users\Zhifei Chen\Desktop\pysmell\subjects_for_metrics\nltk\nltk\stem\lancaster.py,18,126,1,1,1
nltk,C:\Users\Zhifei Chen\Desktop\pysmell\subjects_for_metrics\nltk\nltk\stem\porter.py,98,18,0,0,0
nltk,C:\Users\Zhifei Chen\Desktop\pysmell\subjects_for_metrics\nltk\nltk\stem\regexp.py,15,5,0,0,0
nltk,C:\Users\Zhifei Chen\Desktop\pysmell\subjects_for_metrics\nltk\nltk\stem\rslp.py,38,5,0,0,0
nltk,C:\Users\Zhifei Chen\Desktop\pysmell\subjects_for_metrics\nltk\nltk\stem\snowball.py,31,5,0,0,0
nltk,C:\Users\Zhifei Chen\Desktop\pysmell\subjects_for_metrics\nltk\nltk\stem\snowball.py,95,4,0,0,0
nltk,C:\Users\Zhifei Chen\Desktop\pysmell\subjects_for_metrics\nltk\nltk\stem\snowball.py,134,2,0,0,0
nltk,C:\Users\Zhifei Chen\Desktop\pysmell\subjects_for_metrics\nltk\nltk\stem\snowball.py,151,2,0,0,0
nltk,C:\Users\Zhifei Chen\Desktop\pysmell\subjects_for_metrics\nltk\nltk\stem\snowball.py,194,3,0,0,0
nltk,C:\Users\Zhifei Chen\Desktop\pysmell\subjects_for_metrics\nltk\nltk\stem\snowball.py,286,17,0,0,0
nltk,C:\Users\Zhifei Chen\Desktop\pysmell\subjects_for_metrics\nltk\nltk\stem\snowball.py,403,5,0,0,0
nltk,C:\Users\Zhifei Chen\Desktop\pysmell\subjects_for_metrics\nltk\nltk\stem\snowball.py,580,60,1,1,1
nltk,C:\Users\Zhifei Chen\Desktop\pysmell\subjects_for_metrics\nltk\nltk\stem\snowball.py,1049,24,1,0,0
nltk,C:\Users\Zhifei Chen\Desktop\pysmell\subjects_for_metrics\nltk\nltk\stem\snowball.py,1317,31,1,0,0
nltk,C:\Users\Zhifei Chen\Desktop\pysmell\subjects_for_metrics\nltk\nltk\stem\snowball.py,1670,9,0,0,0
nltk,C:\Users\Zhifei Chen\Desktop\pysmell\subjects_for_metrics\nltk\nltk\stem\snowball.py,1817,46,1,0,1
nltk,C:\Users\Zhifei Chen\Desktop\pysmell\subjects_for_metrics\nltk\nltk\stem\snowball.py,2092,39,1,0,1
nltk,C:\Users\Zhifei Chen\Desktop\pysmell\subjects_for_metrics\nltk\nltk\stem\snowball.py,2326,12,0,0,0
nltk,C:\Users\Zhifei Chen\Desktop\pysmell\subjects_for_metrics\nltk\nltk\stem\snowball.py,2412,43,1,0,1
nltk,C:\Users\Zhifei Chen\Desktop\pysmell\subjects_for_metrics\nltk\nltk\stem\snowball.py,2622,61,1,1,1
nltk,C:\Users\Zhifei Chen\Desktop\pysmell\subjects_for_metrics\nltk\nltk\stem\snowball.py,2878,96,1,1,1
nltk,C:\Users\Zhifei Chen\Desktop\pysmell\subjects_for_metrics\nltk\nltk\stem\snowball.py,3318,48,1,0,1
nltk,C:\Users\Zhifei Chen\Desktop\pysmell\subjects_for_metrics\nltk\nltk\stem\snowball.py,3561,13,0,0,0
nltk,C:\Users\Zhifei Chen\Desktop\pysmell\subjects_for_metrics\nltk\nltk\stem\wordnet.py,14,5,0,0,0
nltk,C:\Users\Zhifei Chen\Desktop\pysmell\subjects_for_metrics\nltk\nltk\tag\api.py,18,5,0,0,0
nltk,C:\Users\Zhifei Chen\Desktop\pysmell\subjects_for_metrics\nltk\nltk\tag\api.py,73,1,0,0,0
nltk,C:\Users\Zhifei Chen\Desktop\pysmell\subjects_for_metrics\nltk\nltk\tag\brill.py,25,4,0,0,0
nltk,C:\Users\Zhifei Chen\Desktop\pysmell\subjects_for_metrics\nltk\nltk\tag\brill.py,39,4,0,0,0
nltk,C:\Users\Zhifei Chen\Desktop\pysmell\subjects_for_metrics\nltk\nltk\tag\brill.py,192,11,0,0,0
nltk,C:\Users\Zhifei Chen\Desktop\pysmell\subjects_for_metrics\nltk\nltk\tag\brill_trainer.py,24,16,0,0,0
nltk,C:\Users\Zhifei Chen\Desktop\pysmell\subjects_for_metrics\nltk\nltk\tag\crf.py,23,7,0,0,0
nltk,C:\Users\Zhifei Chen\Desktop\pysmell\subjects_for_metrics\nltk\nltk\tag\hmm.py,98,29,1,0,0
nltk,C:\Users\Zhifei Chen\Desktop\pysmell\subjects_for_metrics\nltk\nltk\tag\hmm.py,814,6,0,0,0
nltk,C:\Users\Zhifei Chen\Desktop\pysmell\subjects_for_metrics\nltk\nltk\tag\hunpos.py,27,7,0,0,0
nltk,C:\Users\Zhifei Chen\Desktop\pysmell\subjects_for_metrics\nltk\nltk\tag\perceptron.py,26,7,0,0,0
nltk,C:\Users\Zhifei Chen\Desktop\pysmell\subjects_for_metrics\nltk\nltk\tag\perceptron.py,99,11,0,0,0
nltk,C:\Users\Zhifei Chen\Desktop\pysmell\subjects_for_metrics\nltk\nltk\tag\senna.py,43,4,0,0,0
nltk,C:\Users\Zhifei Chen\Desktop\pysmell\subjects_for_metrics\nltk\nltk\tag\senna.py,60,5,0,0,0
nltk,C:\Users\Zhifei Chen\Desktop\pysmell\subjects_for_metrics\nltk\nltk\tag\senna.py,119,4,0,0,0
nltk,C:\Users\Zhifei Chen\Desktop\pysmell\subjects_for_metrics\nltk\nltk\tag\sequential.py,35,6,0,0,0
nltk,C:\Users\Zhifei Chen\Desktop\pysmell\subjects_for_metrics\nltk\nltk\tag\sequential.py,105,8,0,0,0
nltk,C:\Users\Zhifei Chen\Desktop\pysmell\subjects_for_metrics\nltk\nltk\tag\sequential.py,213,9,0,0,0
nltk,C:\Users\Zhifei Chen\Desktop\pysmell\subjects_for_metrics\nltk\nltk\tag\sequential.py,253,7,0,0,0
nltk,C:\Users\Zhifei Chen\Desktop\pysmell\subjects_for_metrics\nltk\nltk\tag\sequential.py,302,7,0,0,0
nltk,C:\Users\Zhifei Chen\Desktop\pysmell\subjects_for_metrics\nltk\nltk\tag\sequential.py,354,6,0,0,0
nltk,C:\Users\Zhifei Chen\Desktop\pysmell\subjects_for_metrics\nltk\nltk\tag\sequential.py,389,6,0,0,0
nltk,C:\Users\Zhifei Chen\Desktop\pysmell\subjects_for_metrics\nltk\nltk\tag\sequential.py,424,7,0,0,0
nltk,C:\Users\Zhifei Chen\Desktop\pysmell\subjects_for_metrics\nltk\nltk\tag\sequential.py,482,9,0,0,0
nltk,C:\Users\Zhifei Chen\Desktop\pysmell\subjects_for_metrics\nltk\nltk\tag\sequential.py,562,8,0,0,0
nltk,C:\Users\Zhifei Chen\Desktop\pysmell\subjects_for_metrics\nltk\nltk\tag\sequential.py,693,2,0,0,0
nltk,C:\Users\Zhifei Chen\Desktop\pysmell\subjects_for_metrics\nltk\nltk\tag\stanford.py,31,8,0,0,0
nltk,C:\Users\Zhifei Chen\Desktop\pysmell\subjects_for_metrics\nltk\nltk\tag\stanford.py,111,5,0,0,0
nltk,C:\Users\Zhifei Chen\Desktop\pysmell\subjects_for_metrics\nltk\nltk\tag\stanford.py,139,7,0,0,0
nltk,C:\Users\Zhifei Chen\Desktop\pysmell\subjects_for_metrics\nltk\nltk\tag\tnt.py,23,8,0,0,0
nltk,C:\Users\Zhifei Chen\Desktop\pysmell\subjects_for_metrics\nltk\nltk\tbl\feature.py,14,17,0,0,0
nltk,C:\Users\Zhifei Chen\Desktop\pysmell\subjects_for_metrics\nltk\nltk\tbl\rule.py,21,7,0,0,0
nltk,C:\Users\Zhifei Chen\Desktop\pysmell\subjects_for_metrics\nltk\nltk\tbl\rule.py,97,15,0,0,0
nltk,C:\Users\Zhifei Chen\Desktop\pysmell\subjects_for_metrics\nltk\nltk\tbl\template.py,16,3,0,0,0
nltk,C:\Users\Zhifei Chen\Desktop\pysmell\subjects_for_metrics\nltk\nltk\tbl\template.py,66,10,0,0,0
nltk,C:\Users\Zhifei Chen\Desktop\pysmell\subjects_for_metrics\nltk\nltk\test\doctest_nose_plugin.py,15,4,0,0,0
nltk,C:\Users\Zhifei Chen\Desktop\pysmell\subjects_for_metrics\nltk\nltk\test\doctest_nose_plugin.py,36,7,0,0,0
nltk,C:\Users\Zhifei Chen\Desktop\pysmell\subjects_for_metrics\nltk\nltk\test\doctest_nose_plugin.py,155,2,0,0,0
nltk,C:\Users\Zhifei Chen\Desktop\pysmell\subjects_for_metrics\nltk\nltk\test\runtests.py,20,2,0,0,0
nltk,C:\Users\Zhifei Chen\Desktop\pysmell\subjects_for_metrics\nltk\nltk\test\unit\test_2x_compat.py,18,4,0,0,0
nltk,C:\Users\Zhifei Chen\Desktop\pysmell\subjects_for_metrics\nltk\nltk\test\unit\test_collocations.py,24,4,0,0,0
nltk,C:\Users\Zhifei Chen\Desktop\pysmell\subjects_for_metrics\nltk\nltk\test\unit\test_corpora.py,10,3,0,0,0
nltk,C:\Users\Zhifei Chen\Desktop\pysmell\subjects_for_metrics\nltk\nltk\test\unit\test_corpora.py,27,3,0,0,0
nltk,C:\Users\Zhifei Chen\Desktop\pysmell\subjects_for_metrics\nltk\nltk\test\unit\test_corpora.py,38,3,0,0,0
nltk,C:\Users\Zhifei Chen\Desktop\pysmell\subjects_for_metrics\nltk\nltk\test\unit\test_corpora.py,52,2,0,0,0
nltk,C:\Users\Zhifei Chen\Desktop\pysmell\subjects_for_metrics\nltk\nltk\test\unit\test_corpora.py,58,3,0,0,0
nltk,C:\Users\Zhifei Chen\Desktop\pysmell\subjects_for_metrics\nltk\nltk\test\unit\test_corpora.py,82,3,0,0,0
nltk,C:\Users\Zhifei Chen\Desktop\pysmell\subjects_for_metrics\nltk\nltk\test\unit\test_corpora.py,144,8,0,0,0
nltk,C:\Users\Zhifei Chen\Desktop\pysmell\subjects_for_metrics\nltk\nltk\test\unit\test_corpus_views.py,11,9,0,0,0
nltk,C:\Users\Zhifei Chen\Desktop\pysmell\subjects_for_metrics\nltk\nltk\test\unit\test_json2csv_corpus.py,44,15,0,0,0
nltk,C:\Users\Zhifei Chen\Desktop\pysmell\subjects_for_metrics\nltk\nltk\test\unit\test_naivebayes.py,9,2,0,0,0
nltk,C:\Users\Zhifei Chen\Desktop\pysmell\subjects_for_metrics\nltk\nltk\test\unit\test_stem.py,7,5,0,0,0
nltk,C:\Users\Zhifei Chen\Desktop\pysmell\subjects_for_metrics\nltk\nltk\test\unit\test_tgrep.py,21,30,1,0,0
nltk,C:\Users\Zhifei Chen\Desktop\pysmell\subjects_for_metrics\nltk\nltk\test\unit\test_twitter_auth.py,12,14,0,0,0
nltk,C:\Users\Zhifei Chen\Desktop\pysmell\subjects_for_metrics\nltk\nltk\test\unit\translate\test_bleu.py,9,3,0,0,0
nltk,C:\Users\Zhifei Chen\Desktop\pysmell\subjects_for_metrics\nltk\nltk\test\unit\translate\test_ibm1.py,15,4,0,0,0
nltk,C:\Users\Zhifei Chen\Desktop\pysmell\subjects_for_metrics\nltk\nltk\test\unit\translate\test_ibm2.py,15,4,0,0,0
nltk,C:\Users\Zhifei Chen\Desktop\pysmell\subjects_for_metrics\nltk\nltk\test\unit\translate\test_ibm3.py,15,4,0,0,0
nltk,C:\Users\Zhifei Chen\Desktop\pysmell\subjects_for_metrics\nltk\nltk\test\unit\translate\test_ibm4.py,15,4,0,0,0
nltk,C:\Users\Zhifei Chen\Desktop\pysmell\subjects_for_metrics\nltk\nltk\test\unit\translate\test_ibm5.py,16,5,0,0,0
nltk,C:\Users\Zhifei Chen\Desktop\pysmell\subjects_for_metrics\nltk\nltk\test\unit\translate\test_ibm_model.py,14,15,0,0,0
nltk,C:\Users\Zhifei Chen\Desktop\pysmell\subjects_for_metrics\nltk\nltk\test\unit\translate\test_stack_decoder.py,21,10,0,0,0
nltk,C:\Users\Zhifei Chen\Desktop\pysmell\subjects_for_metrics\nltk\nltk\test\unit\translate\test_stack_decoder.py,173,8,0,0,0
nltk,C:\Users\Zhifei Chen\Desktop\pysmell\subjects_for_metrics\nltk\nltk\test\unit\translate\test_stack_decoder.py,240,6,0,0,0
nltk,C:\Users\Zhifei Chen\Desktop\pysmell\subjects_for_metrics\nltk\nltk\tokenize\api.py,16,5,0,0,0
nltk,C:\Users\Zhifei Chen\Desktop\pysmell\subjects_for_metrics\nltk\nltk\tokenize\api.py,63,3,0,0,0
nltk,C:\Users\Zhifei Chen\Desktop\pysmell\subjects_for_metrics\nltk\nltk\tokenize\casual.py,258,2,0,0,0
nltk,C:\Users\Zhifei Chen\Desktop\pysmell\subjects_for_metrics\nltk\nltk\tokenize\mwe.py,35,4,0,0,0
nltk,C:\Users\Zhifei Chen\Desktop\pysmell\subjects_for_metrics\nltk\nltk\tokenize\punkt.py,180,27,1,0,0
nltk,C:\Users\Zhifei Chen\Desktop\pysmell\subjects_for_metrics\nltk\nltk\tokenize\punkt.py,320,8,0,0,0
nltk,C:\Users\Zhifei Chen\Desktop\pysmell\subjects_for_metrics\nltk\nltk\tokenize\punkt.py,377,24,1,0,0
nltk,C:\Users\Zhifei Chen\Desktop\pysmell\subjects_for_metrics\nltk\nltk\tokenize\punkt.py,516,5,0,0,0
nltk,C:\Users\Zhifei Chen\Desktop\pysmell\subjects_for_metrics\nltk\nltk\tokenize\punkt.py,607,38,1,0,1
nltk,C:\Users\Zhifei Chen\Desktop\pysmell\subjects_for_metrics\nltk\nltk\tokenize\punkt.py,1187,19,0,0,0
nltk,C:\Users\Zhifei Chen\Desktop\pysmell\subjects_for_metrics\nltk\nltk\tokenize\regexp.py,76,7,0,0,0
nltk,C:\Users\Zhifei Chen\Desktop\pysmell\subjects_for_metrics\nltk\nltk\tokenize\regexp.py,146,2,0,0,0
nltk,C:\Users\Zhifei Chen\Desktop\pysmell\subjects_for_metrics\nltk\nltk\tokenize\regexp.py,161,2,0,0,0
nltk,C:\Users\Zhifei Chen\Desktop\pysmell\subjects_for_metrics\nltk\nltk\tokenize\regexp.py,170,2,0,0,0
nltk,C:\Users\Zhifei Chen\Desktop\pysmell\subjects_for_metrics\nltk\nltk\tokenize\sexpr.py,56,3,0,0,0
nltk,C:\Users\Zhifei Chen\Desktop\pysmell\subjects_for_metrics\nltk\nltk\tokenize\simple.py,41,2,0,0,0
nltk,C:\Users\Zhifei Chen\Desktop\pysmell\subjects_for_metrics\nltk\nltk\tokenize\simple.py,54,2,0,0,0
nltk,C:\Users\Zhifei Chen\Desktop\pysmell\subjects_for_metrics\nltk\nltk\tokenize\simple.py,65,3,0,0,0
nltk,C:\Users\Zhifei Chen\Desktop\pysmell\subjects_for_metrics\nltk\nltk\tokenize\simple.py,77,4,0,0,0
nltk,C:\Users\Zhifei Chen\Desktop\pysmell\subjects_for_metrics\nltk\nltk\tokenize\stanford.py,24,6,0,0,0
nltk,C:\Users\Zhifei Chen\Desktop\pysmell\subjects_for_metrics\nltk\nltk\tokenize\texttiling.py,24,11,0,0,0
nltk,C:\Users\Zhifei Chen\Desktop\pysmell\subjects_for_metrics\nltk\nltk\tokenize\texttiling.py,369,2,0,0,0
nltk,C:\Users\Zhifei Chen\Desktop\pysmell\subjects_for_metrics\nltk\nltk\tokenize\texttiling.py,382,2,0,0,0
nltk,C:\Users\Zhifei Chen\Desktop\pysmell\subjects_for_metrics\nltk\nltk\tokenize\treebank.py,23,14,0,0,0
nltk,C:\Users\Zhifei Chen\Desktop\pysmell\subjects_for_metrics\nltk\nltk\translate\api.py,17,13,0,0,0
nltk,C:\Users\Zhifei Chen\Desktop\pysmell\subjects_for_metrics\nltk\nltk\translate\api.py,152,10,0,0,0
nltk,C:\Users\Zhifei Chen\Desktop\pysmell\subjects_for_metrics\nltk\nltk\translate\api.py,281,5,0,0,0
nltk,C:\Users\Zhifei Chen\Desktop\pysmell\subjects_for_metrics\nltk\nltk\translate\gale_church.py,61,10,0,0,0
nltk,C:\Users\Zhifei Chen\Desktop\pysmell\subjects_for_metrics\nltk\nltk\translate\ibm1.py,66,9,0,0,0
nltk,C:\Users\Zhifei Chen\Desktop\pysmell\subjects_for_metrics\nltk\nltk\translate\ibm2.py,59,10,0,0,0
nltk,C:\Users\Zhifei Chen\Desktop\pysmell\subjects_for_metrics\nltk\nltk\translate\ibm2.py,289,4,0,0,0
nltk,C:\Users\Zhifei Chen\Desktop\pysmell\subjects_for_metrics\nltk\nltk\translate\ibm3.py,87,7,0,0,0
nltk,C:\Users\Zhifei Chen\Desktop\pysmell\subjects_for_metrics\nltk\nltk\translate\ibm3.py,321,3,0,0,0
nltk,C:\Users\Zhifei Chen\Desktop\pysmell\subjects_for_metrics\nltk\nltk\translate\ibm4.py,116,8,0,0,0
nltk,C:\Users\Zhifei Chen\Desktop\pysmell\subjects_for_metrics\nltk\nltk\translate\ibm4.py,427,3,0,0,0
nltk,C:\Users\Zhifei Chen\Desktop\pysmell\subjects_for_metrics\nltk\nltk\translate\ibm5.py,126,12,0,0,0
nltk,C:\Users\Zhifei Chen\Desktop\pysmell\subjects_for_metrics\nltk\nltk\translate\ibm5.py,553,3,0,0,0
nltk,C:\Users\Zhifei Chen\Desktop\pysmell\subjects_for_metrics\nltk\nltk\translate\ibm5.py,614,5,0,0,0
nltk,C:\Users\Zhifei Chen\Desktop\pysmell\subjects_for_metrics\nltk\nltk\translate\ibm_model.py,61,15,0,0,0
nltk,C:\Users\Zhifei Chen\Desktop\pysmell\subjects_for_metrics\nltk\nltk\translate\ibm_model.py,375,10,0,0,0
nltk,C:\Users\Zhifei Chen\Desktop\pysmell\subjects_for_metrics\nltk\nltk\translate\ibm_model.py,503,5,0,0,0
nltk,C:\Users\Zhifei Chen\Desktop\pysmell\subjects_for_metrics\nltk\nltk\translate\stack_decoder.py,50,12,0,0,0
nltk,C:\Users\Zhifei Chen\Desktop\pysmell\subjects_for_metrics\nltk\nltk\translate\stack_decoder.py,330,8,0,0,0
nltk,C:\Users\Zhifei Chen\Desktop\pysmell\subjects_for_metrics\nltk\nltk\translate\stack_decoder.py,438,7,0,0,0
nltk,C:\Users\Zhifei Chen\Desktop\pysmell\subjects_for_metrics\nltk\nltk\twitter\api.py,20,6,0,0,0
nltk,C:\Users\Zhifei Chen\Desktop\pysmell\subjects_for_metrics\nltk\nltk\twitter\api.py,47,3,0,0,0
nltk,C:\Users\Zhifei Chen\Desktop\pysmell\subjects_for_metrics\nltk\nltk\twitter\api.py,75,5,0,0,0
nltk,C:\Users\Zhifei Chen\Desktop\pysmell\subjects_for_metrics\nltk\nltk\twitter\twitterclient.py,43,7,0,0,0
nltk,C:\Users\Zhifei Chen\Desktop\pysmell\subjects_for_metrics\nltk\nltk\twitter\twitterclient.py,125,8,0,0,0
nltk,C:\Users\Zhifei Chen\Desktop\pysmell\subjects_for_metrics\nltk\nltk\twitter\twitterclient.py,298,3,0,0,0
nltk,C:\Users\Zhifei Chen\Desktop\pysmell\subjects_for_metrics\nltk\nltk\twitter\twitterclient.py,390,3,0,0,0
nltk,C:\Users\Zhifei Chen\Desktop\pysmell\subjects_for_metrics\nltk\nltk\twitter\twitterclient.py,414,7,0,0,0
nltk,C:\Users\Zhifei Chen\Desktop\pysmell\subjects_for_metrics\nltk\nltk\twitter\util.py,27,4,0,0,0
