subject,file,lineno,NBC,experience-based,statistics-based,tuning machine
nltk,C:\Users\Zhifei Chen\Desktop\pysmell\subjects_for_metrics\nltk\nltk\collocations.py,43,1,0,0,0
nltk,C:\Users\Zhifei Chen\Desktop\pysmell\subjects_for_metrics\nltk\nltk\collocations.py,138,1,0,0,0
nltk,C:\Users\Zhifei Chen\Desktop\pysmell\subjects_for_metrics\nltk\nltk\collocations.py,188,1,0,0,0
nltk,C:\Users\Zhifei Chen\Desktop\pysmell\subjects_for_metrics\nltk\nltk\collocations.py,258,1,0,0,0
nltk,C:\Users\Zhifei Chen\Desktop\pysmell\subjects_for_metrics\nltk\nltk\compat.py,108,1,0,0,0
nltk,C:\Users\Zhifei Chen\Desktop\pysmell\subjects_for_metrics\nltk\nltk\compat.py,116,1,0,0,0
nltk,C:\Users\Zhifei Chen\Desktop\pysmell\subjects_for_metrics\nltk\nltk\compat.py,149,1,0,0,0
nltk,C:\Users\Zhifei Chen\Desktop\pysmell\subjects_for_metrics\nltk\nltk\compat.py,207,1,0,0,0
nltk,C:\Users\Zhifei Chen\Desktop\pysmell\subjects_for_metrics\nltk\nltk\compat.py,295,1,0,0,0
nltk,C:\Users\Zhifei Chen\Desktop\pysmell\subjects_for_metrics\nltk\nltk\data.py,244,1,0,0,0
nltk,C:\Users\Zhifei Chen\Desktop\pysmell\subjects_for_metrics\nltk\nltk\data.py,285,2,0,1,0
nltk,C:\Users\Zhifei Chen\Desktop\pysmell\subjects_for_metrics\nltk\nltk\data.py,334,1,0,0,0
nltk,C:\Users\Zhifei Chen\Desktop\pysmell\subjects_for_metrics\nltk\nltk\data.py,435,1,0,0,0
nltk,C:\Users\Zhifei Chen\Desktop\pysmell\subjects_for_metrics\nltk\nltk\data.py,449,1,0,0,0
nltk,C:\Users\Zhifei Chen\Desktop\pysmell\subjects_for_metrics\nltk\nltk\data.py,929,1,0,0,0
nltk,C:\Users\Zhifei Chen\Desktop\pysmell\subjects_for_metrics\nltk\nltk\data.py,960,1,0,0,0
nltk,C:\Users\Zhifei Chen\Desktop\pysmell\subjects_for_metrics\nltk\nltk\data.py,1001,1,0,0,0
nltk,C:\Users\Zhifei Chen\Desktop\pysmell\subjects_for_metrics\nltk\nltk\downloader.py,186,1,0,0,0
nltk,C:\Users\Zhifei Chen\Desktop\pysmell\subjects_for_metrics\nltk\nltk\downloader.py,268,1,0,0,0
nltk,C:\Users\Zhifei Chen\Desktop\pysmell\subjects_for_metrics\nltk\nltk\downloader.py,312,1,0,0,0
nltk,C:\Users\Zhifei Chen\Desktop\pysmell\subjects_for_metrics\nltk\nltk\downloader.py,315,1,0,0,0
nltk,C:\Users\Zhifei Chen\Desktop\pysmell\subjects_for_metrics\nltk\nltk\downloader.py,318,1,0,0,0
nltk,C:\Users\Zhifei Chen\Desktop\pysmell\subjects_for_metrics\nltk\nltk\downloader.py,321,1,0,0,0
nltk,C:\Users\Zhifei Chen\Desktop\pysmell\subjects_for_metrics\nltk\nltk\downloader.py,324,1,0,0,0
nltk,C:\Users\Zhifei Chen\Desktop\pysmell\subjects_for_metrics\nltk\nltk\downloader.py,327,1,0,0,0
nltk,C:\Users\Zhifei Chen\Desktop\pysmell\subjects_for_metrics\nltk\nltk\downloader.py,330,1,0,0,0
nltk,C:\Users\Zhifei Chen\Desktop\pysmell\subjects_for_metrics\nltk\nltk\downloader.py,333,1,0,0,0
nltk,C:\Users\Zhifei Chen\Desktop\pysmell\subjects_for_metrics\nltk\nltk\downloader.py,336,1,0,0,0
nltk,C:\Users\Zhifei Chen\Desktop\pysmell\subjects_for_metrics\nltk\nltk\downloader.py,339,1,0,0,0
nltk,C:\Users\Zhifei Chen\Desktop\pysmell\subjects_for_metrics\nltk\nltk\downloader.py,342,1,0,0,0
nltk,C:\Users\Zhifei Chen\Desktop\pysmell\subjects_for_metrics\nltk\nltk\downloader.py,345,1,0,0,0
nltk,C:\Users\Zhifei Chen\Desktop\pysmell\subjects_for_metrics\nltk\nltk\downloader.py,354,1,0,0,0
nltk,C:\Users\Zhifei Chen\Desktop\pysmell\subjects_for_metrics\nltk\nltk\downloader.py,357,1,0,0,0
nltk,C:\Users\Zhifei Chen\Desktop\pysmell\subjects_for_metrics\nltk\nltk\downloader.py,365,1,0,0,0
nltk,C:\Users\Zhifei Chen\Desktop\pysmell\subjects_for_metrics\nltk\nltk\downloader.py,980,1,0,0,0
nltk,C:\Users\Zhifei Chen\Desktop\pysmell\subjects_for_metrics\nltk\nltk\downloader.py,1129,1,0,0,0
nltk,C:\Users\Zhifei Chen\Desktop\pysmell\subjects_for_metrics\nltk\nltk\downloader.py,1857,1,0,0,0
nltk,C:\Users\Zhifei Chen\Desktop\pysmell\subjects_for_metrics\nltk\nltk\featstruct.py,106,1,0,0,0
nltk,C:\Users\Zhifei Chen\Desktop\pysmell\subjects_for_metrics\nltk\nltk\featstruct.py,572,2,0,1,0
nltk,C:\Users\Zhifei Chen\Desktop\pysmell\subjects_for_metrics\nltk\nltk\featstruct.py,878,2,0,1,0
nltk,C:\Users\Zhifei Chen\Desktop\pysmell\subjects_for_metrics\nltk\nltk\featstruct.py,1242,1,0,0,0
nltk,C:\Users\Zhifei Chen\Desktop\pysmell\subjects_for_metrics\nltk\nltk\featstruct.py,1358,1,0,0,0
nltk,C:\Users\Zhifei Chen\Desktop\pysmell\subjects_for_metrics\nltk\nltk\featstruct.py,1684,1,0,0,0
nltk,C:\Users\Zhifei Chen\Desktop\pysmell\subjects_for_metrics\nltk\nltk\featstruct.py,1703,2,0,1,0
nltk,C:\Users\Zhifei Chen\Desktop\pysmell\subjects_for_metrics\nltk\nltk\featstruct.py,1716,2,0,1,0
nltk,C:\Users\Zhifei Chen\Desktop\pysmell\subjects_for_metrics\nltk\nltk\featstruct.py,1731,2,0,1,0
nltk,C:\Users\Zhifei Chen\Desktop\pysmell\subjects_for_metrics\nltk\nltk\featstruct.py,1760,2,0,1,0
nltk,C:\Users\Zhifei Chen\Desktop\pysmell\subjects_for_metrics\nltk\nltk\featstruct.py,1803,1,0,0,0
nltk,C:\Users\Zhifei Chen\Desktop\pysmell\subjects_for_metrics\nltk\nltk\featstruct.py,1874,1,0,0,0
nltk,C:\Users\Zhifei Chen\Desktop\pysmell\subjects_for_metrics\nltk\nltk\featstruct.py,1878,1,0,0,0
nltk,C:\Users\Zhifei Chen\Desktop\pysmell\subjects_for_metrics\nltk\nltk\featstruct.py,1899,1,0,0,0
nltk,C:\Users\Zhifei Chen\Desktop\pysmell\subjects_for_metrics\nltk\nltk\featstruct.py,1941,1,0,0,0
nltk,C:\Users\Zhifei Chen\Desktop\pysmell\subjects_for_metrics\nltk\nltk\grammar.py,87,1,0,0,0
nltk,C:\Users\Zhifei Chen\Desktop\pysmell\subjects_for_metrics\nltk\nltk\grammar.py,199,2,0,1,0
nltk,C:\Users\Zhifei Chen\Desktop\pysmell\subjects_for_metrics\nltk\nltk\grammar.py,234,1,0,0,0
nltk,C:\Users\Zhifei Chen\Desktop\pysmell\subjects_for_metrics\nltk\nltk\grammar.py,357,1,0,0,0
nltk,C:\Users\Zhifei Chen\Desktop\pysmell\subjects_for_metrics\nltk\nltk\grammar.py,375,2,0,1,0
nltk,C:\Users\Zhifei Chen\Desktop\pysmell\subjects_for_metrics\nltk\nltk\grammar.py,420,1,0,0,0
nltk,C:\Users\Zhifei Chen\Desktop\pysmell\subjects_for_metrics\nltk\nltk\grammar.py,716,1,0,0,0
nltk,C:\Users\Zhifei Chen\Desktop\pysmell\subjects_for_metrics\nltk\nltk\grammar.py,862,1,0,0,0
nltk,C:\Users\Zhifei Chen\Desktop\pysmell\subjects_for_metrics\nltk\nltk\grammar.py,892,1,0,0,0
nltk,C:\Users\Zhifei Chen\Desktop\pysmell\subjects_for_metrics\nltk\nltk\grammar.py,985,1,0,0,0
nltk,C:\Users\Zhifei Chen\Desktop\pysmell\subjects_for_metrics\nltk\nltk\grammar.py,1037,1,0,0,0
nltk,C:\Users\Zhifei Chen\Desktop\pysmell\subjects_for_metrics\nltk\nltk\internals.py,155,1,0,0,0
nltk,C:\Users\Zhifei Chen\Desktop\pysmell\subjects_for_metrics\nltk\nltk\internals.py,326,1,0,0,0
nltk,C:\Users\Zhifei Chen\Desktop\pysmell\subjects_for_metrics\nltk\nltk\internals.py,695,1,0,0,0
nltk,C:\Users\Zhifei Chen\Desktop\pysmell\subjects_for_metrics\nltk\nltk\jsontags.py,31,1,0,0,0
nltk,C:\Users\Zhifei Chen\Desktop\pysmell\subjects_for_metrics\nltk\nltk\jsontags.py,40,1,0,0,0
nltk,C:\Users\Zhifei Chen\Desktop\pysmell\subjects_for_metrics\nltk\nltk\probability.py,60,1,0,0,0
nltk,C:\Users\Zhifei Chen\Desktop\pysmell\subjects_for_metrics\nltk\nltk\probability.py,349,1,0,0,0
nltk,C:\Users\Zhifei Chen\Desktop\pysmell\subjects_for_metrics\nltk\nltk\probability.py,446,1,0,0,0
nltk,C:\Users\Zhifei Chen\Desktop\pysmell\subjects_for_metrics\nltk\nltk\probability.py,483,1,0,0,0
nltk,C:\Users\Zhifei Chen\Desktop\pysmell\subjects_for_metrics\nltk\nltk\probability.py,528,1,0,0,0
nltk,C:\Users\Zhifei Chen\Desktop\pysmell\subjects_for_metrics\nltk\nltk\probability.py,599,1,0,0,0
nltk,C:\Users\Zhifei Chen\Desktop\pysmell\subjects_for_metrics\nltk\nltk\probability.py,645,1,0,0,0
nltk,C:\Users\Zhifei Chen\Desktop\pysmell\subjects_for_metrics\nltk\nltk\probability.py,741,1,0,0,0
nltk,C:\Users\Zhifei Chen\Desktop\pysmell\subjects_for_metrics\nltk\nltk\probability.py,777,1,0,0,0
nltk,C:\Users\Zhifei Chen\Desktop\pysmell\subjects_for_metrics\nltk\nltk\probability.py,814,1,0,0,0
nltk,C:\Users\Zhifei Chen\Desktop\pysmell\subjects_for_metrics\nltk\nltk\probability.py,975,1,0,0,0
nltk,C:\Users\Zhifei Chen\Desktop\pysmell\subjects_for_metrics\nltk\nltk\probability.py,1044,1,0,0,0
nltk,C:\Users\Zhifei Chen\Desktop\pysmell\subjects_for_metrics\nltk\nltk\probability.py,1186,1,0,0,0
nltk,C:\Users\Zhifei Chen\Desktop\pysmell\subjects_for_metrics\nltk\nltk\probability.py,1406,1,0,0,0
nltk,C:\Users\Zhifei Chen\Desktop\pysmell\subjects_for_metrics\nltk\nltk\probability.py,1512,1,0,0,0
nltk,C:\Users\Zhifei Chen\Desktop\pysmell\subjects_for_metrics\nltk\nltk\probability.py,1645,1,0,0,0
nltk,C:\Users\Zhifei Chen\Desktop\pysmell\subjects_for_metrics\nltk\nltk\probability.py,1843,1,0,0,0
nltk,C:\Users\Zhifei Chen\Desktop\pysmell\subjects_for_metrics\nltk\nltk\probability.py,1879,1,0,0,0
nltk,C:\Users\Zhifei Chen\Desktop\pysmell\subjects_for_metrics\nltk\nltk\probability.py,1951,1,0,0,0
nltk,C:\Users\Zhifei Chen\Desktop\pysmell\subjects_for_metrics\nltk\nltk\probability.py,1997,1,0,0,0
nltk,C:\Users\Zhifei Chen\Desktop\pysmell\subjects_for_metrics\nltk\nltk\probability.py,2090,1,0,0,0
nltk,C:\Users\Zhifei Chen\Desktop\pysmell\subjects_for_metrics\nltk\nltk\six.py,60,1,0,0,0
nltk,C:\Users\Zhifei Chen\Desktop\pysmell\subjects_for_metrics\nltk\nltk\six.py,86,1,0,0,0
nltk,C:\Users\Zhifei Chen\Desktop\pysmell\subjects_for_metrics\nltk\nltk\six.py,103,1,0,0,0
nltk,C:\Users\Zhifei Chen\Desktop\pysmell\subjects_for_metrics\nltk\nltk\six.py,124,1,0,0,0
nltk,C:\Users\Zhifei Chen\Desktop\pysmell\subjects_for_metrics\nltk\nltk\six.py,139,1,0,0,0
nltk,C:\Users\Zhifei Chen\Desktop\pysmell\subjects_for_metrics\nltk\nltk\six.py,164,1,0,0,0
nltk,C:\Users\Zhifei Chen\Desktop\pysmell\subjects_for_metrics\nltk\nltk\six.py,229,1,0,0,0
nltk,C:\Users\Zhifei Chen\Desktop\pysmell\subjects_for_metrics\nltk\nltk\six.py,320,1,0,0,0
nltk,C:\Users\Zhifei Chen\Desktop\pysmell\subjects_for_metrics\nltk\nltk\six.py,360,1,0,0,0
nltk,C:\Users\Zhifei Chen\Desktop\pysmell\subjects_for_metrics\nltk\nltk\six.py,380,1,0,0,0
nltk,C:\Users\Zhifei Chen\Desktop\pysmell\subjects_for_metrics\nltk\nltk\six.py,430,1,0,0,0
nltk,C:\Users\Zhifei Chen\Desktop\pysmell\subjects_for_metrics\nltk\nltk\six.py,451,1,0,0,0
nltk,C:\Users\Zhifei Chen\Desktop\pysmell\subjects_for_metrics\nltk\nltk\six.py,469,1,0,0,0
nltk,C:\Users\Zhifei Chen\Desktop\pysmell\subjects_for_metrics\nltk\nltk\six.py,555,1,0,0,0
nltk,C:\Users\Zhifei Chen\Desktop\pysmell\subjects_for_metrics\nltk\nltk\six.py,805,1,0,0,0
nltk,C:\Users\Zhifei Chen\Desktop\pysmell\subjects_for_metrics\nltk\nltk\text.py,32,1,0,0,0
nltk,C:\Users\Zhifei Chen\Desktop\pysmell\subjects_for_metrics\nltk\nltk\text.py,118,1,0,0,0
nltk,C:\Users\Zhifei Chen\Desktop\pysmell\subjects_for_metrics\nltk\nltk\text.py,205,1,0,0,0
nltk,C:\Users\Zhifei Chen\Desktop\pysmell\subjects_for_metrics\nltk\nltk\text.py,261,1,0,0,0
nltk,C:\Users\Zhifei Chen\Desktop\pysmell\subjects_for_metrics\nltk\nltk\text.py,531,1,0,0,0
nltk,C:\Users\Zhifei Chen\Desktop\pysmell\subjects_for_metrics\nltk\nltk\tgrep.py,124,1,0,0,0
nltk,C:\Users\Zhifei Chen\Desktop\pysmell\subjects_for_metrics\nltk\nltk\toolbox.py,22,1,0,0,0
nltk,C:\Users\Zhifei Chen\Desktop\pysmell\subjects_for_metrics\nltk\nltk\toolbox.py,136,1,0,0,0
nltk,C:\Users\Zhifei Chen\Desktop\pysmell\subjects_for_metrics\nltk\nltk\toolbox.py,314,1,0,0,0
nltk,C:\Users\Zhifei Chen\Desktop\pysmell\subjects_for_metrics\nltk\nltk\tree.py,32,1,0,0,0
nltk,C:\Users\Zhifei Chen\Desktop\pysmell\subjects_for_metrics\nltk\nltk\tree.py,829,1,0,0,0
nltk,C:\Users\Zhifei Chen\Desktop\pysmell\subjects_for_metrics\nltk\nltk\tree.py,881,1,0,0,0
nltk,C:\Users\Zhifei Chen\Desktop\pysmell\subjects_for_metrics\nltk\nltk\tree.py,1110,1,0,0,0
nltk,C:\Users\Zhifei Chen\Desktop\pysmell\subjects_for_metrics\nltk\nltk\tree.py,1229,1,0,0,0
nltk,C:\Users\Zhifei Chen\Desktop\pysmell\subjects_for_metrics\nltk\nltk\tree.py,1393,2,0,1,0
nltk,C:\Users\Zhifei Chen\Desktop\pysmell\subjects_for_metrics\nltk\nltk\tree.py,1396,2,0,1,0
nltk,C:\Users\Zhifei Chen\Desktop\pysmell\subjects_for_metrics\nltk\nltk\tree.py,1404,2,0,1,0
nltk,C:\Users\Zhifei Chen\Desktop\pysmell\subjects_for_metrics\nltk\nltk\tree.py,1445,2,0,1,0
nltk,C:\Users\Zhifei Chen\Desktop\pysmell\subjects_for_metrics\nltk\nltk\treeprettyprinter.py,49,1,0,0,0
nltk,C:\Users\Zhifei Chen\Desktop\pysmell\subjects_for_metrics\nltk\nltk\util.py,132,1,0,0,0
nltk,C:\Users\Zhifei Chen\Desktop\pysmell\subjects_for_metrics\nltk\nltk\util.py,520,1,0,0,0
nltk,C:\Users\Zhifei Chen\Desktop\pysmell\subjects_for_metrics\nltk\nltk\util.py,612,1,0,0,0
nltk,C:\Users\Zhifei Chen\Desktop\pysmell\subjects_for_metrics\nltk\nltk\util.py,743,1,0,0,0
nltk,C:\Users\Zhifei Chen\Desktop\pysmell\subjects_for_metrics\nltk\nltk\util.py,783,1,0,0,0
nltk,C:\Users\Zhifei Chen\Desktop\pysmell\subjects_for_metrics\nltk\nltk\util.py,830,1,0,0,0
nltk,C:\Users\Zhifei Chen\Desktop\pysmell\subjects_for_metrics\nltk\nltk\util.py,955,1,0,0,0
nltk,C:\Users\Zhifei Chen\Desktop\pysmell\subjects_for_metrics\nltk\nltk\util.py,1004,1,0,0,0
nltk,C:\Users\Zhifei Chen\Desktop\pysmell\subjects_for_metrics\nltk\nltk\app\chartparser_app.py,68,1,0,0,0
nltk,C:\Users\Zhifei Chen\Desktop\pysmell\subjects_for_metrics\nltk\nltk\app\chartparser_app.py,97,1,0,0,0
nltk,C:\Users\Zhifei Chen\Desktop\pysmell\subjects_for_metrics\nltk\nltk\app\chartparser_app.py,323,1,0,0,0
nltk,C:\Users\Zhifei Chen\Desktop\pysmell\subjects_for_metrics\nltk\nltk\app\chartparser_app.py,462,1,0,0,0
nltk,C:\Users\Zhifei Chen\Desktop\pysmell\subjects_for_metrics\nltk\nltk\app\chartparser_app.py,847,1,0,0,0
nltk,C:\Users\Zhifei Chen\Desktop\pysmell\subjects_for_metrics\nltk\nltk\app\chartparser_app.py,1594,1,0,0,0
nltk,C:\Users\Zhifei Chen\Desktop\pysmell\subjects_for_metrics\nltk\nltk\app\chartparser_app.py,1612,2,0,1,0
nltk,C:\Users\Zhifei Chen\Desktop\pysmell\subjects_for_metrics\nltk\nltk\app\chartparser_app.py,1614,2,0,1,0
nltk,C:\Users\Zhifei Chen\Desktop\pysmell\subjects_for_metrics\nltk\nltk\app\chartparser_app.py,1616,2,0,1,0
nltk,C:\Users\Zhifei Chen\Desktop\pysmell\subjects_for_metrics\nltk\nltk\app\chartparser_app.py,1618,2,0,1,0
nltk,C:\Users\Zhifei Chen\Desktop\pysmell\subjects_for_metrics\nltk\nltk\app\chartparser_app.py,1625,1,0,0,0
nltk,C:\Users\Zhifei Chen\Desktop\pysmell\subjects_for_metrics\nltk\nltk\app\chunkparser_app.py,36,1,0,0,0
nltk,C:\Users\Zhifei Chen\Desktop\pysmell\subjects_for_metrics\nltk\nltk\app\collocations_app.py,318,1,0,0,0
nltk,C:\Users\Zhifei Chen\Desktop\pysmell\subjects_for_metrics\nltk\nltk\app\concordance_app.py,91,1,0,0,0
nltk,C:\Users\Zhifei Chen\Desktop\pysmell\subjects_for_metrics\nltk\nltk\app\concordance_app.py,446,1,0,0,0
nltk,C:\Users\Zhifei Chen\Desktop\pysmell\subjects_for_metrics\nltk\nltk\app\concordance_app.py,507,1,0,0,0
nltk,C:\Users\Zhifei Chen\Desktop\pysmell\subjects_for_metrics\nltk\nltk\app\concordance_app.py,521,1,0,0,0
nltk,C:\Users\Zhifei Chen\Desktop\pysmell\subjects_for_metrics\nltk\nltk\app\nemo_app.py,86,1,0,0,0
nltk,C:\Users\Zhifei Chen\Desktop\pysmell\subjects_for_metrics\nltk\nltk\app\nemo_app.py,114,1,0,0,0
nltk,C:\Users\Zhifei Chen\Desktop\pysmell\subjects_for_metrics\nltk\nltk\app\rdparser_app.py,78,1,0,0,0
nltk,C:\Users\Zhifei Chen\Desktop\pysmell\subjects_for_metrics\nltk\nltk\app\srparser_app.py,87,1,0,0,0
nltk,C:\Users\Zhifei Chen\Desktop\pysmell\subjects_for_metrics\nltk\nltk\app\wordnet_app.py,90,1,0,0,0
nltk,C:\Users\Zhifei Chen\Desktop\pysmell\subjects_for_metrics\nltk\nltk\app\wordnet_app.py,627,1,0,0,0
nltk,C:\Users\Zhifei Chen\Desktop\pysmell\subjects_for_metrics\nltk\nltk\ccg\api.py,12,1,0,0,0
nltk,C:\Users\Zhifei Chen\Desktop\pysmell\subjects_for_metrics\nltk\nltk\ccg\api.py,69,1,0,0,0
nltk,C:\Users\Zhifei Chen\Desktop\pysmell\subjects_for_metrics\nltk\nltk\ccg\api.py,126,1,0,0,0
nltk,C:\Users\Zhifei Chen\Desktop\pysmell\subjects_for_metrics\nltk\nltk\ccg\api.py,225,1,0,0,0
nltk,C:\Users\Zhifei Chen\Desktop\pysmell\subjects_for_metrics\nltk\nltk\ccg\api.py,278,1,0,0,0
nltk,C:\Users\Zhifei Chen\Desktop\pysmell\subjects_for_metrics\nltk\nltk\ccg\chart.py,50,1,0,0,0
nltk,C:\Users\Zhifei Chen\Desktop\pysmell\subjects_for_metrics\nltk\nltk\ccg\chart.py,72,1,0,0,0
nltk,C:\Users\Zhifei Chen\Desktop\pysmell\subjects_for_metrics\nltk\nltk\ccg\chart.py,97,1,0,0,0
nltk,C:\Users\Zhifei Chen\Desktop\pysmell\subjects_for_metrics\nltk\nltk\ccg\chart.py,127,1,0,0,0
nltk,C:\Users\Zhifei Chen\Desktop\pysmell\subjects_for_metrics\nltk\nltk\ccg\chart.py,148,1,0,0,0
nltk,C:\Users\Zhifei Chen\Desktop\pysmell\subjects_for_metrics\nltk\nltk\ccg\chart.py,184,1,0,0,0
nltk,C:\Users\Zhifei Chen\Desktop\pysmell\subjects_for_metrics\nltk\nltk\ccg\chart.py,231,1,0,0,0
nltk,C:\Users\Zhifei Chen\Desktop\pysmell\subjects_for_metrics\nltk\nltk\ccg\combinator.py,16,1,0,0,0
nltk,C:\Users\Zhifei Chen\Desktop\pysmell\subjects_for_metrics\nltk\nltk\ccg\combinator.py,33,1,0,0,0
nltk,C:\Users\Zhifei Chen\Desktop\pysmell\subjects_for_metrics\nltk\nltk\ccg\combinator.py,46,1,0,0,0
nltk,C:\Users\Zhifei Chen\Desktop\pysmell\subjects_for_metrics\nltk\nltk\ccg\combinator.py,70,1,0,0,0
nltk,C:\Users\Zhifei Chen\Desktop\pysmell\subjects_for_metrics\nltk\nltk\ccg\combinator.py,90,1,0,0,0
nltk,C:\Users\Zhifei Chen\Desktop\pysmell\subjects_for_metrics\nltk\nltk\ccg\combinator.py,136,1,0,0,0
nltk,C:\Users\Zhifei Chen\Desktop\pysmell\subjects_for_metrics\nltk\nltk\ccg\combinator.py,197,1,0,0,0
nltk,C:\Users\Zhifei Chen\Desktop\pysmell\subjects_for_metrics\nltk\nltk\ccg\combinator.py,255,1,0,0,0
nltk,C:\Users\Zhifei Chen\Desktop\pysmell\subjects_for_metrics\nltk\nltk\ccg\lexicon.py,44,1,0,0,0
nltk,C:\Users\Zhifei Chen\Desktop\pysmell\subjects_for_metrics\nltk\nltk\chat\util.py,35,1,0,0,0
nltk,C:\Users\Zhifei Chen\Desktop\pysmell\subjects_for_metrics\nltk\nltk\chunk\api.py,17,1,0,0,0
nltk,C:\Users\Zhifei Chen\Desktop\pysmell\subjects_for_metrics\nltk\nltk\chunk\named_entity.py,30,1,0,0,0
nltk,C:\Users\Zhifei Chen\Desktop\pysmell\subjects_for_metrics\nltk\nltk\chunk\named_entity.py,111,1,0,0,0
nltk,C:\Users\Zhifei Chen\Desktop\pysmell\subjects_for_metrics\nltk\nltk\chunk\regexp.py,21,1,0,0,0
nltk,C:\Users\Zhifei Chen\Desktop\pysmell\subjects_for_metrics\nltk\nltk\chunk\regexp.py,248,1,0,0,0
nltk,C:\Users\Zhifei Chen\Desktop\pysmell\subjects_for_metrics\nltk\nltk\chunk\regexp.py,384,1,0,0,0
nltk,C:\Users\Zhifei Chen\Desktop\pysmell\subjects_for_metrics\nltk\nltk\chunk\regexp.py,427,1,0,0,0
nltk,C:\Users\Zhifei Chen\Desktop\pysmell\subjects_for_metrics\nltk\nltk\chunk\regexp.py,471,1,0,0,0
nltk,C:\Users\Zhifei Chen\Desktop\pysmell\subjects_for_metrics\nltk\nltk\chunk\regexp.py,512,1,0,0,0
nltk,C:\Users\Zhifei Chen\Desktop\pysmell\subjects_for_metrics\nltk\nltk\chunk\regexp.py,573,1,0,0,0
nltk,C:\Users\Zhifei Chen\Desktop\pysmell\subjects_for_metrics\nltk\nltk\chunk\regexp.py,633,1,0,0,0
nltk,C:\Users\Zhifei Chen\Desktop\pysmell\subjects_for_metrics\nltk\nltk\chunk\regexp.py,694,1,0,0,0
nltk,C:\Users\Zhifei Chen\Desktop\pysmell\subjects_for_metrics\nltk\nltk\chunk\regexp.py,755,1,0,0,0
nltk,C:\Users\Zhifei Chen\Desktop\pysmell\subjects_for_metrics\nltk\nltk\chunk\regexp.py,902,1,0,0,0
nltk,C:\Users\Zhifei Chen\Desktop\pysmell\subjects_for_metrics\nltk\nltk\chunk\regexp.py,1065,1,0,0,0
nltk,C:\Users\Zhifei Chen\Desktop\pysmell\subjects_for_metrics\nltk\nltk\chunk\util.py,52,1,0,0,0
nltk,C:\Users\Zhifei Chen\Desktop\pysmell\subjects_for_metrics\nltk\nltk\classify\api.py,27,1,0,0,0
nltk,C:\Users\Zhifei Chen\Desktop\pysmell\subjects_for_metrics\nltk\nltk\classify\api.py,90,1,0,0,0
nltk,C:\Users\Zhifei Chen\Desktop\pysmell\subjects_for_metrics\nltk\nltk\classify\decisiontree.py,21,1,0,0,0
nltk,C:\Users\Zhifei Chen\Desktop\pysmell\subjects_for_metrics\nltk\nltk\classify\maxent.py,81,1,0,0,0
nltk,C:\Users\Zhifei Chen\Desktop\pysmell\subjects_for_metrics\nltk\nltk\classify\maxent.py,317,1,0,0,0
nltk,C:\Users\Zhifei Chen\Desktop\pysmell\subjects_for_metrics\nltk\nltk\classify\maxent.py,388,1,0,0,0
nltk,C:\Users\Zhifei Chen\Desktop\pysmell\subjects_for_metrics\nltk\nltk\classify\maxent.py,433,1,0,0,0
nltk,C:\Users\Zhifei Chen\Desktop\pysmell\subjects_for_metrics\nltk\nltk\classify\maxent.py,633,1,0,0,0
nltk,C:\Users\Zhifei Chen\Desktop\pysmell\subjects_for_metrics\nltk\nltk\classify\maxent.py,691,1,0,0,0
nltk,C:\Users\Zhifei Chen\Desktop\pysmell\subjects_for_metrics\nltk\nltk\classify\maxent.py,747,1,0,0,0
nltk,C:\Users\Zhifei Chen\Desktop\pysmell\subjects_for_metrics\nltk\nltk\classify\maxent.py,1437,1,0,0,0
nltk,C:\Users\Zhifei Chen\Desktop\pysmell\subjects_for_metrics\nltk\nltk\classify\naivebayes.py,43,1,0,0,0
nltk,C:\Users\Zhifei Chen\Desktop\pysmell\subjects_for_metrics\nltk\nltk\classify\positivenaivebayes.py,88,1,0,0,0
nltk,C:\Users\Zhifei Chen\Desktop\pysmell\subjects_for_metrics\nltk\nltk\classify\rte_classify.py,44,1,0,0,0
nltk,C:\Users\Zhifei Chen\Desktop\pysmell\subjects_for_metrics\nltk\nltk\classify\scikitlearn.py,48,1,0,0,0
nltk,C:\Users\Zhifei Chen\Desktop\pysmell\subjects_for_metrics\nltk\nltk\classify\senna.py,51,1,0,0,0
nltk,C:\Users\Zhifei Chen\Desktop\pysmell\subjects_for_metrics\nltk\nltk\classify\svm.py,13,1,0,0,0
nltk,C:\Users\Zhifei Chen\Desktop\pysmell\subjects_for_metrics\nltk\nltk\classify\textcat.py,54,1,0,0,0
nltk,C:\Users\Zhifei Chen\Desktop\pysmell\subjects_for_metrics\nltk\nltk\classify\util.py,94,1,0,0,0
nltk,C:\Users\Zhifei Chen\Desktop\pysmell\subjects_for_metrics\nltk\nltk\classify\weka.py,78,1,0,0,0
nltk,C:\Users\Zhifei Chen\Desktop\pysmell\subjects_for_metrics\nltk\nltk\cluster\api.py,11,1,0,0,0
nltk,C:\Users\Zhifei Chen\Desktop\pysmell\subjects_for_metrics\nltk\nltk\cluster\em.py,16,1,0,0,0
nltk,C:\Users\Zhifei Chen\Desktop\pysmell\subjects_for_metrics\nltk\nltk\cluster\gaac.py,17,1,0,0,0
nltk,C:\Users\Zhifei Chen\Desktop\pysmell\subjects_for_metrics\nltk\nltk\cluster\kmeans.py,23,1,0,0,0
nltk,C:\Users\Zhifei Chen\Desktop\pysmell\subjects_for_metrics\nltk\nltk\cluster\util.py,21,1,0,0,0
nltk,C:\Users\Zhifei Chen\Desktop\pysmell\subjects_for_metrics\nltk\nltk\cluster\util.py,128,1,0,0,0
nltk,C:\Users\Zhifei Chen\Desktop\pysmell\subjects_for_metrics\nltk\nltk\cluster\util.py,168,1,0,0,0
nltk,C:\Users\Zhifei Chen\Desktop\pysmell\subjects_for_metrics\nltk\nltk\corpus\util.py,20,1,0,0,0
nltk,C:\Users\Zhifei Chen\Desktop\pysmell\subjects_for_metrics\nltk\nltk\corpus\util.py,119,1,0,0,0
nltk,C:\Users\Zhifei Chen\Desktop\pysmell\subjects_for_metrics\nltk\nltk\corpus\reader\aligned.py,16,1,0,0,0
nltk,C:\Users\Zhifei Chen\Desktop\pysmell\subjects_for_metrics\nltk\nltk\corpus\reader\aligned.py,87,1,0,0,0
nltk,C:\Users\Zhifei Chen\Desktop\pysmell\subjects_for_metrics\nltk\nltk\corpus\reader\api.py,23,1,0,0,0
nltk,C:\Users\Zhifei Chen\Desktop\pysmell\subjects_for_metrics\nltk\nltk\corpus\reader\api.py,235,1,0,0,0
nltk,C:\Users\Zhifei Chen\Desktop\pysmell\subjects_for_metrics\nltk\nltk\corpus\reader\api.py,369,1,0,0,0
nltk,C:\Users\Zhifei Chen\Desktop\pysmell\subjects_for_metrics\nltk\nltk\corpus\reader\bnc.py,14,1,0,0,0
nltk,C:\Users\Zhifei Chen\Desktop\pysmell\subjects_for_metrics\nltk\nltk\corpus\reader\bnc.py,145,1,0,0,0
nltk,C:\Users\Zhifei Chen\Desktop\pysmell\subjects_for_metrics\nltk\nltk\corpus\reader\bnc.py,155,1,0,0,0
nltk,C:\Users\Zhifei Chen\Desktop\pysmell\subjects_for_metrics\nltk\nltk\corpus\reader\bracket_parse.py,26,1,0,0,0
nltk,C:\Users\Zhifei Chen\Desktop\pysmell\subjects_for_metrics\nltk\nltk\corpus\reader\bracket_parse.py,111,2,0,1,0
nltk,C:\Users\Zhifei Chen\Desktop\pysmell\subjects_for_metrics\nltk\nltk\corpus\reader\bracket_parse.py,168,1,0,0,0
nltk,C:\Users\Zhifei Chen\Desktop\pysmell\subjects_for_metrics\nltk\nltk\corpus\reader\categorized_sents.py,41,2,0,1,0
nltk,C:\Users\Zhifei Chen\Desktop\pysmell\subjects_for_metrics\nltk\nltk\corpus\reader\chasen.py,18,1,0,0,0
nltk,C:\Users\Zhifei Chen\Desktop\pysmell\subjects_for_metrics\nltk\nltk\corpus\reader\chasen.py,60,1,0,0,0
nltk,C:\Users\Zhifei Chen\Desktop\pysmell\subjects_for_metrics\nltk\nltk\corpus\reader\childes.py,28,1,0,0,0
nltk,C:\Users\Zhifei Chen\Desktop\pysmell\subjects_for_metrics\nltk\nltk\corpus\reader\chunked.py,25,1,0,0,0
nltk,C:\Users\Zhifei Chen\Desktop\pysmell\subjects_for_metrics\nltk\nltk\corpus\reader\chunked.py,157,1,0,0,0
nltk,C:\Users\Zhifei Chen\Desktop\pysmell\subjects_for_metrics\nltk\nltk\corpus\reader\cmudict.py,56,1,0,0,0
nltk,C:\Users\Zhifei Chen\Desktop\pysmell\subjects_for_metrics\nltk\nltk\corpus\reader\comparative_sents.py,50,1,0,0,0
nltk,C:\Users\Zhifei Chen\Desktop\pysmell\subjects_for_metrics\nltk\nltk\corpus\reader\comparative_sents.py,78,1,0,0,0
nltk,C:\Users\Zhifei Chen\Desktop\pysmell\subjects_for_metrics\nltk\nltk\corpus\reader\conll.py,27,1,0,0,0
nltk,C:\Users\Zhifei Chen\Desktop\pysmell\subjects_for_metrics\nltk\nltk\corpus\reader\conll.py,373,1,0,0,0
nltk,C:\Users\Zhifei Chen\Desktop\pysmell\subjects_for_metrics\nltk\nltk\corpus\reader\conll.py,443,1,0,0,0
nltk,C:\Users\Zhifei Chen\Desktop\pysmell\subjects_for_metrics\nltk\nltk\corpus\reader\conll.py,511,1,0,0,0
nltk,C:\Users\Zhifei Chen\Desktop\pysmell\subjects_for_metrics\nltk\nltk\corpus\reader\crubadan.py,31,1,0,0,0
nltk,C:\Users\Zhifei Chen\Desktop\pysmell\subjects_for_metrics\nltk\nltk\corpus\reader\dependency.py,18,1,0,0,0
nltk,C:\Users\Zhifei Chen\Desktop\pysmell\subjects_for_metrics\nltk\nltk\corpus\reader\dependency.py,65,1,0,0,0
nltk,C:\Users\Zhifei Chen\Desktop\pysmell\subjects_for_metrics\nltk\nltk\corpus\reader\framenet.py,260,1,0,0,0
nltk,C:\Users\Zhifei Chen\Desktop\pysmell\subjects_for_metrics\nltk\nltk\corpus\reader\framenet.py,264,1,0,0,0
nltk,C:\Users\Zhifei Chen\Desktop\pysmell\subjects_for_metrics\nltk\nltk\corpus\reader\framenet.py,343,1,0,0,0
nltk,C:\Users\Zhifei Chen\Desktop\pysmell\subjects_for_metrics\nltk\nltk\corpus\reader\framenet.py,380,1,0,0,0
nltk,C:\Users\Zhifei Chen\Desktop\pysmell\subjects_for_metrics\nltk\nltk\corpus\reader\framenet.py,402,1,0,0,0
nltk,C:\Users\Zhifei Chen\Desktop\pysmell\subjects_for_metrics\nltk\nltk\corpus\reader\framenet.py,428,1,0,0,0
nltk,C:\Users\Zhifei Chen\Desktop\pysmell\subjects_for_metrics\nltk\nltk\corpus\reader\framenet.py,451,1,0,0,0
nltk,C:\Users\Zhifei Chen\Desktop\pysmell\subjects_for_metrics\nltk\nltk\corpus\reader\ieer.py,43,1,0,0,0
nltk,C:\Users\Zhifei Chen\Desktop\pysmell\subjects_for_metrics\nltk\nltk\corpus\reader\ieer.py,64,1,0,0,0
nltk,C:\Users\Zhifei Chen\Desktop\pysmell\subjects_for_metrics\nltk\nltk\corpus\reader\indian.py,27,1,0,0,0
nltk,C:\Users\Zhifei Chen\Desktop\pysmell\subjects_for_metrics\nltk\nltk\corpus\reader\indian.py,65,1,0,0,0
nltk,C:\Users\Zhifei Chen\Desktop\pysmell\subjects_for_metrics\nltk\nltk\corpus\reader\ipipan.py,23,1,0,0,0
nltk,C:\Users\Zhifei Chen\Desktop\pysmell\subjects_for_metrics\nltk\nltk\corpus\reader\ipipan.py,218,1,0,0,0
nltk,C:\Users\Zhifei Chen\Desktop\pysmell\subjects_for_metrics\nltk\nltk\corpus\reader\knbc.py,27,1,0,0,0
nltk,C:\Users\Zhifei Chen\Desktop\pysmell\subjects_for_metrics\nltk\nltk\corpus\reader\lin.py,16,1,0,0,0
nltk,C:\Users\Zhifei Chen\Desktop\pysmell\subjects_for_metrics\nltk\nltk\corpus\reader\mte.py,140,1,0,0,0
nltk,C:\Users\Zhifei Chen\Desktop\pysmell\subjects_for_metrics\nltk\nltk\corpus\reader\nkjp.py,32,1,0,0,0
nltk,C:\Users\Zhifei Chen\Desktop\pysmell\subjects_for_metrics\nltk\nltk\corpus\reader\nkjp.py,146,1,0,0,0
nltk,C:\Users\Zhifei Chen\Desktop\pysmell\subjects_for_metrics\nltk\nltk\corpus\reader\nkjp.py,243,1,0,0,0
nltk,C:\Users\Zhifei Chen\Desktop\pysmell\subjects_for_metrics\nltk\nltk\corpus\reader\nkjp.py,318,1,0,0,0
nltk,C:\Users\Zhifei Chen\Desktop\pysmell\subjects_for_metrics\nltk\nltk\corpus\reader\nkjp.py,372,1,0,0,0
nltk,C:\Users\Zhifei Chen\Desktop\pysmell\subjects_for_metrics\nltk\nltk\corpus\reader\nombank.py,19,1,0,0,0
nltk,C:\Users\Zhifei Chen\Desktop\pysmell\subjects_for_metrics\nltk\nltk\corpus\reader\nombank.py,164,1,0,0,0
nltk,C:\Users\Zhifei Chen\Desktop\pysmell\subjects_for_metrics\nltk\nltk\corpus\reader\nombank.py,274,1,0,0,0
nltk,C:\Users\Zhifei Chen\Desktop\pysmell\subjects_for_metrics\nltk\nltk\corpus\reader\nombank.py,292,1,0,0,0
nltk,C:\Users\Zhifei Chen\Desktop\pysmell\subjects_for_metrics\nltk\nltk\corpus\reader\nombank.py,308,1,0,0,0
nltk,C:\Users\Zhifei Chen\Desktop\pysmell\subjects_for_metrics\nltk\nltk\corpus\reader\nombank.py,323,1,0,0,0
nltk,C:\Users\Zhifei Chen\Desktop\pysmell\subjects_for_metrics\nltk\nltk\corpus\reader\nps_chat.py,20,1,0,0,0
nltk,C:\Users\Zhifei Chen\Desktop\pysmell\subjects_for_metrics\nltk\nltk\corpus\reader\opinion_lexicon.py,35,1,0,0,0
nltk,C:\Users\Zhifei Chen\Desktop\pysmell\subjects_for_metrics\nltk\nltk\corpus\reader\opinion_lexicon.py,49,1,0,0,0
nltk,C:\Users\Zhifei Chen\Desktop\pysmell\subjects_for_metrics\nltk\nltk\corpus\reader\pl196x.py,32,1,0,0,0
nltk,C:\Users\Zhifei Chen\Desktop\pysmell\subjects_for_metrics\nltk\nltk\corpus\reader\pl196x.py,93,2,0,1,0
nltk,C:\Users\Zhifei Chen\Desktop\pysmell\subjects_for_metrics\nltk\nltk\corpus\reader\plaintext.py,23,1,0,0,0
nltk,C:\Users\Zhifei Chen\Desktop\pysmell\subjects_for_metrics\nltk\nltk\corpus\reader\plaintext.py,135,2,0,1,0
nltk,C:\Users\Zhifei Chen\Desktop\pysmell\subjects_for_metrics\nltk\nltk\corpus\reader\plaintext.py,172,1,0,0,0
nltk,C:\Users\Zhifei Chen\Desktop\pysmell\subjects_for_metrics\nltk\nltk\corpus\reader\plaintext.py,178,1,0,0,0
nltk,C:\Users\Zhifei Chen\Desktop\pysmell\subjects_for_metrics\nltk\nltk\corpus\reader\ppattach.py,47,1,0,0,0
nltk,C:\Users\Zhifei Chen\Desktop\pysmell\subjects_for_metrics\nltk\nltk\corpus\reader\ppattach.py,63,1,0,0,0
nltk,C:\Users\Zhifei Chen\Desktop\pysmell\subjects_for_metrics\nltk\nltk\corpus\reader\propbank.py,20,1,0,0,0
nltk,C:\Users\Zhifei Chen\Desktop\pysmell\subjects_for_metrics\nltk\nltk\corpus\reader\propbank.py,163,1,0,0,0
nltk,C:\Users\Zhifei Chen\Desktop\pysmell\subjects_for_metrics\nltk\nltk\corpus\reader\propbank.py,284,1,0,0,0
nltk,C:\Users\Zhifei Chen\Desktop\pysmell\subjects_for_metrics\nltk\nltk\corpus\reader\propbank.py,302,1,0,0,0
nltk,C:\Users\Zhifei Chen\Desktop\pysmell\subjects_for_metrics\nltk\nltk\corpus\reader\propbank.py,319,1,0,0,0
nltk,C:\Users\Zhifei Chen\Desktop\pysmell\subjects_for_metrics\nltk\nltk\corpus\reader\propbank.py,335,1,0,0,0
nltk,C:\Users\Zhifei Chen\Desktop\pysmell\subjects_for_metrics\nltk\nltk\corpus\reader\propbank.py,434,1,0,0,0
nltk,C:\Users\Zhifei Chen\Desktop\pysmell\subjects_for_metrics\nltk\nltk\corpus\reader\pros_cons.py,34,2,0,1,0
nltk,C:\Users\Zhifei Chen\Desktop\pysmell\subjects_for_metrics\nltk\nltk\corpus\reader\reviews.py,72,1,0,0,0
nltk,C:\Users\Zhifei Chen\Desktop\pysmell\subjects_for_metrics\nltk\nltk\corpus\reader\reviews.py,123,1,0,0,0
nltk,C:\Users\Zhifei Chen\Desktop\pysmell\subjects_for_metrics\nltk\nltk\corpus\reader\reviews.py,146,1,0,0,0
nltk,C:\Users\Zhifei Chen\Desktop\pysmell\subjects_for_metrics\nltk\nltk\corpus\reader\rte.py,58,1,0,0,0
nltk,C:\Users\Zhifei Chen\Desktop\pysmell\subjects_for_metrics\nltk\nltk\corpus\reader\rte.py,106,1,0,0,0
nltk,C:\Users\Zhifei Chen\Desktop\pysmell\subjects_for_metrics\nltk\nltk\corpus\reader\semcor.py,18,1,0,0,0
nltk,C:\Users\Zhifei Chen\Desktop\pysmell\subjects_for_metrics\nltk\nltk\corpus\reader\semcor.py,205,1,0,0,0
nltk,C:\Users\Zhifei Chen\Desktop\pysmell\subjects_for_metrics\nltk\nltk\corpus\reader\semcor.py,214,1,0,0,0
nltk,C:\Users\Zhifei Chen\Desktop\pysmell\subjects_for_metrics\nltk\nltk\corpus\reader\senseval.py,35,1,0,0,0
nltk,C:\Users\Zhifei Chen\Desktop\pysmell\subjects_for_metrics\nltk\nltk\corpus\reader\senseval.py,49,1,0,0,0
nltk,C:\Users\Zhifei Chen\Desktop\pysmell\subjects_for_metrics\nltk\nltk\corpus\reader\senseval.py,73,1,0,0,0
nltk,C:\Users\Zhifei Chen\Desktop\pysmell\subjects_for_metrics\nltk\nltk\corpus\reader\sentiwordnet.py,41,1,0,0,0
nltk,C:\Users\Zhifei Chen\Desktop\pysmell\subjects_for_metrics\nltk\nltk\corpus\reader\sentiwordnet.py,103,1,0,0,0
nltk,C:\Users\Zhifei Chen\Desktop\pysmell\subjects_for_metrics\nltk\nltk\corpus\reader\sinica_treebank.py,55,1,0,0,0
nltk,C:\Users\Zhifei Chen\Desktop\pysmell\subjects_for_metrics\nltk\nltk\corpus\reader\string_category.py,29,1,0,0,0
nltk,C:\Users\Zhifei Chen\Desktop\pysmell\subjects_for_metrics\nltk\nltk\corpus\reader\switchboard.py,17,1,0,0,0
nltk,C:\Users\Zhifei Chen\Desktop\pysmell\subjects_for_metrics\nltk\nltk\corpus\reader\switchboard.py,41,1,0,0,0
nltk,C:\Users\Zhifei Chen\Desktop\pysmell\subjects_for_metrics\nltk\nltk\corpus\reader\tagged.py,24,1,0,0,0
nltk,C:\Users\Zhifei Chen\Desktop\pysmell\subjects_for_metrics\nltk\nltk\corpus\reader\tagged.py,172,2,0,1,0
nltk,C:\Users\Zhifei Chen\Desktop\pysmell\subjects_for_metrics\nltk\nltk\corpus\reader\tagged.py,217,1,0,0,0
nltk,C:\Users\Zhifei Chen\Desktop\pysmell\subjects_for_metrics\nltk\nltk\corpus\reader\tagged.py,261,1,0,0,0
nltk,C:\Users\Zhifei Chen\Desktop\pysmell\subjects_for_metrics\nltk\nltk\corpus\reader\tagged.py,282,1,0,0,0
nltk,C:\Users\Zhifei Chen\Desktop\pysmell\subjects_for_metrics\nltk\nltk\corpus\reader\timit.py,136,1,0,0,0
nltk,C:\Users\Zhifei Chen\Desktop\pysmell\subjects_for_metrics\nltk\nltk\corpus\reader\timit.py,420,1,0,0,0
nltk,C:\Users\Zhifei Chen\Desktop\pysmell\subjects_for_metrics\nltk\nltk\corpus\reader\toolbox.py,25,1,0,0,0
nltk,C:\Users\Zhifei Chen\Desktop\pysmell\subjects_for_metrics\nltk\nltk\corpus\reader\twitter.py,23,1,0,0,0
nltk,C:\Users\Zhifei Chen\Desktop\pysmell\subjects_for_metrics\nltk\nltk\corpus\reader\udhr.py,10,1,0,0,0
nltk,C:\Users\Zhifei Chen\Desktop\pysmell\subjects_for_metrics\nltk\nltk\corpus\reader\util.py,34,1,0,0,0
nltk,C:\Users\Zhifei Chen\Desktop\pysmell\subjects_for_metrics\nltk\nltk\corpus\reader\util.py,349,1,0,0,0
nltk,C:\Users\Zhifei Chen\Desktop\pysmell\subjects_for_metrics\nltk\nltk\corpus\reader\util.py,459,1,0,0,0
nltk,C:\Users\Zhifei Chen\Desktop\pysmell\subjects_for_metrics\nltk\nltk\corpus\reader\verbnet.py,23,1,0,0,0
nltk,C:\Users\Zhifei Chen\Desktop\pysmell\subjects_for_metrics\nltk\nltk\corpus\reader\wordlist.py,15,1,0,0,0
nltk,C:\Users\Zhifei Chen\Desktop\pysmell\subjects_for_metrics\nltk\nltk\corpus\reader\wordlist.py,28,1,0,0,0
nltk,C:\Users\Zhifei Chen\Desktop\pysmell\subjects_for_metrics\nltk\nltk\corpus\reader\wordnet.py,117,1,0,0,0
nltk,C:\Users\Zhifei Chen\Desktop\pysmell\subjects_for_metrics\nltk\nltk\corpus\reader\wordnet.py,121,1,0,0,0
nltk,C:\Users\Zhifei Chen\Desktop\pysmell\subjects_for_metrics\nltk\nltk\corpus\reader\wordnet.py,201,1,0,0,0
nltk,C:\Users\Zhifei Chen\Desktop\pysmell\subjects_for_metrics\nltk\nltk\corpus\reader\wordnet.py,313,1,0,0,0
nltk,C:\Users\Zhifei Chen\Desktop\pysmell\subjects_for_metrics\nltk\nltk\corpus\reader\wordnet.py,989,1,0,0,0
nltk,C:\Users\Zhifei Chen\Desktop\pysmell\subjects_for_metrics\nltk\nltk\corpus\reader\wordnet.py,1791,1,0,0,0
nltk,C:\Users\Zhifei Chen\Desktop\pysmell\subjects_for_metrics\nltk\nltk\corpus\reader\xmldocs.py,29,1,0,0,0
nltk,C:\Users\Zhifei Chen\Desktop\pysmell\subjects_for_metrics\nltk\nltk\corpus\reader\xmldocs.py,86,1,0,0,0
nltk,C:\Users\Zhifei Chen\Desktop\pysmell\subjects_for_metrics\nltk\nltk\corpus\reader\ycoe.py,33,1,0,0,0
nltk,C:\Users\Zhifei Chen\Desktop\pysmell\subjects_for_metrics\nltk\nltk\corpus\reader\ycoe.py,125,1,0,0,0
nltk,C:\Users\Zhifei Chen\Desktop\pysmell\subjects_for_metrics\nltk\nltk\corpus\reader\ycoe.py,133,1,0,0,0
nltk,C:\Users\Zhifei Chen\Desktop\pysmell\subjects_for_metrics\nltk\nltk\draw\cfg.py,69,1,0,0,0
nltk,C:\Users\Zhifei Chen\Desktop\pysmell\subjects_for_metrics\nltk\nltk\draw\cfg.py,136,1,0,0,0
nltk,C:\Users\Zhifei Chen\Desktop\pysmell\subjects_for_metrics\nltk\nltk\draw\cfg.py,515,1,0,0,0
nltk,C:\Users\Zhifei Chen\Desktop\pysmell\subjects_for_metrics\nltk\nltk\draw\table.py,22,1,0,0,0
nltk,C:\Users\Zhifei Chen\Desktop\pysmell\subjects_for_metrics\nltk\nltk\draw\table.py,535,1,0,0,0
nltk,C:\Users\Zhifei Chen\Desktop\pysmell\subjects_for_metrics\nltk\nltk\draw\tree.py,26,1,0,0,0
nltk,C:\Users\Zhifei Chen\Desktop\pysmell\subjects_for_metrics\nltk\nltk\draw\tree.py,449,1,0,0,0
nltk,C:\Users\Zhifei Chen\Desktop\pysmell\subjects_for_metrics\nltk\nltk\draw\tree.py,753,1,0,0,0
nltk,C:\Users\Zhifei Chen\Desktop\pysmell\subjects_for_metrics\nltk\nltk\draw\util.py,50,1,0,0,0
nltk,C:\Users\Zhifei Chen\Desktop\pysmell\subjects_for_metrics\nltk\nltk\draw\util.py,702,1,0,0,0
nltk,C:\Users\Zhifei Chen\Desktop\pysmell\subjects_for_metrics\nltk\nltk\draw\util.py,769,1,0,0,0
nltk,C:\Users\Zhifei Chen\Desktop\pysmell\subjects_for_metrics\nltk\nltk\draw\util.py,863,1,0,0,0
nltk,C:\Users\Zhifei Chen\Desktop\pysmell\subjects_for_metrics\nltk\nltk\draw\util.py,918,1,0,0,0
nltk,C:\Users\Zhifei Chen\Desktop\pysmell\subjects_for_metrics\nltk\nltk\draw\util.py,971,1,0,0,0
nltk,C:\Users\Zhifei Chen\Desktop\pysmell\subjects_for_metrics\nltk\nltk\draw\util.py,1076,1,0,0,0
nltk,C:\Users\Zhifei Chen\Desktop\pysmell\subjects_for_metrics\nltk\nltk\draw\util.py,1130,1,0,0,0
nltk,C:\Users\Zhifei Chen\Desktop\pysmell\subjects_for_metrics\nltk\nltk\draw\util.py,1184,1,0,0,0
nltk,C:\Users\Zhifei Chen\Desktop\pysmell\subjects_for_metrics\nltk\nltk\draw\util.py,1341,1,0,0,0
nltk,C:\Users\Zhifei Chen\Desktop\pysmell\subjects_for_metrics\nltk\nltk\draw\util.py,1498,1,0,0,0
nltk,C:\Users\Zhifei Chen\Desktop\pysmell\subjects_for_metrics\nltk\nltk\draw\util.py,1552,1,0,0,0
nltk,C:\Users\Zhifei Chen\Desktop\pysmell\subjects_for_metrics\nltk\nltk\draw\util.py,1627,1,0,0,0
nltk,C:\Users\Zhifei Chen\Desktop\pysmell\subjects_for_metrics\nltk\nltk\draw\util.py,1843,1,0,0,0
nltk,C:\Users\Zhifei Chen\Desktop\pysmell\subjects_for_metrics\nltk\nltk\draw\util.py,1923,1,0,0,0
nltk,C:\Users\Zhifei Chen\Desktop\pysmell\subjects_for_metrics\nltk\nltk\draw\util.py,1997,1,0,0,0
nltk,C:\Users\Zhifei Chen\Desktop\pysmell\subjects_for_metrics\nltk\nltk\draw\util.py,2258,1,0,0,0
nltk,C:\Users\Zhifei Chen\Desktop\pysmell\subjects_for_metrics\nltk\nltk\inference\api.py,25,1,0,0,0
nltk,C:\Users\Zhifei Chen\Desktop\pysmell\subjects_for_metrics\nltk\nltk\inference\api.py,44,1,0,0,0
nltk,C:\Users\Zhifei Chen\Desktop\pysmell\subjects_for_metrics\nltk\nltk\inference\api.py,68,1,0,0,0
nltk,C:\Users\Zhifei Chen\Desktop\pysmell\subjects_for_metrics\nltk\nltk\inference\api.py,117,1,0,0,0
nltk,C:\Users\Zhifei Chen\Desktop\pysmell\subjects_for_metrics\nltk\nltk\inference\api.py,144,1,0,0,0
nltk,C:\Users\Zhifei Chen\Desktop\pysmell\subjects_for_metrics\nltk\nltk\inference\api.py,175,1,0,0,0
nltk,C:\Users\Zhifei Chen\Desktop\pysmell\subjects_for_metrics\nltk\nltk\inference\api.py,252,2,0,1,0
nltk,C:\Users\Zhifei Chen\Desktop\pysmell\subjects_for_metrics\nltk\nltk\inference\api.py,305,2,0,1,0
nltk,C:\Users\Zhifei Chen\Desktop\pysmell\subjects_for_metrics\nltk\nltk\inference\api.py,361,1,0,0,0
nltk,C:\Users\Zhifei Chen\Desktop\pysmell\subjects_for_metrics\nltk\nltk\inference\api.py,394,2,0,1,0
nltk,C:\Users\Zhifei Chen\Desktop\pysmell\subjects_for_metrics\nltk\nltk\inference\api.py,441,2,0,1,0
nltk,C:\Users\Zhifei Chen\Desktop\pysmell\subjects_for_metrics\nltk\nltk\inference\api.py,495,2,0,1,0
nltk,C:\Users\Zhifei Chen\Desktop\pysmell\subjects_for_metrics\nltk\nltk\inference\api.py,531,2,0,1,0
nltk,C:\Users\Zhifei Chen\Desktop\pysmell\subjects_for_metrics\nltk\nltk\inference\api.py,570,1,0,0,0
nltk,C:\Users\Zhifei Chen\Desktop\pysmell\subjects_for_metrics\nltk\nltk\inference\discourse.py,63,1,0,0,0
nltk,C:\Users\Zhifei Chen\Desktop\pysmell\subjects_for_metrics\nltk\nltk\inference\discourse.py,104,1,0,0,0
nltk,C:\Users\Zhifei Chen\Desktop\pysmell\subjects_for_metrics\nltk\nltk\inference\discourse.py,129,1,0,0,0
nltk,C:\Users\Zhifei Chen\Desktop\pysmell\subjects_for_metrics\nltk\nltk\inference\discourse.py,164,1,0,0,0
nltk,C:\Users\Zhifei Chen\Desktop\pysmell\subjects_for_metrics\nltk\nltk\inference\mace.py,24,2,0,1,0
nltk,C:\Users\Zhifei Chen\Desktop\pysmell\subjects_for_metrics\nltk\nltk\inference\mace.py,183,2,0,1,0
nltk,C:\Users\Zhifei Chen\Desktop\pysmell\subjects_for_metrics\nltk\nltk\inference\nonmonotonic.py,30,1,0,0,0
nltk,C:\Users\Zhifei Chen\Desktop\pysmell\subjects_for_metrics\nltk\nltk\inference\nonmonotonic.py,39,1,0,0,0
nltk,C:\Users\Zhifei Chen\Desktop\pysmell\subjects_for_metrics\nltk\nltk\inference\nonmonotonic.py,84,1,0,0,0
nltk,C:\Users\Zhifei Chen\Desktop\pysmell\subjects_for_metrics\nltk\nltk\inference\nonmonotonic.py,124,1,0,0,0
nltk,C:\Users\Zhifei Chen\Desktop\pysmell\subjects_for_metrics\nltk\nltk\inference\nonmonotonic.py,142,1,0,0,0
nltk,C:\Users\Zhifei Chen\Desktop\pysmell\subjects_for_metrics\nltk\nltk\inference\nonmonotonic.py,274,1,0,0,0
nltk,C:\Users\Zhifei Chen\Desktop\pysmell\subjects_for_metrics\nltk\nltk\inference\prover9.py,40,1,0,0,0
nltk,C:\Users\Zhifei Chen\Desktop\pysmell\subjects_for_metrics\nltk\nltk\inference\prover9.py,60,2,0,1,0
nltk,C:\Users\Zhifei Chen\Desktop\pysmell\subjects_for_metrics\nltk\nltk\inference\prover9.py,99,1,0,0,0
nltk,C:\Users\Zhifei Chen\Desktop\pysmell\subjects_for_metrics\nltk\nltk\inference\prover9.py,251,2,0,1,0
nltk,C:\Users\Zhifei Chen\Desktop\pysmell\subjects_for_metrics\nltk\nltk\inference\prover9.py,330,1,0,0,0
nltk,C:\Users\Zhifei Chen\Desktop\pysmell\subjects_for_metrics\nltk\nltk\inference\prover9.py,337,1,0,0,0
nltk,C:\Users\Zhifei Chen\Desktop\pysmell\subjects_for_metrics\nltk\nltk\inference\prover9.py,340,1,0,0,0
nltk,C:\Users\Zhifei Chen\Desktop\pysmell\subjects_for_metrics\nltk\nltk\inference\resolution.py,28,1,0,0,0
nltk,C:\Users\Zhifei Chen\Desktop\pysmell\subjects_for_metrics\nltk\nltk\inference\resolution.py,30,1,0,0,0
nltk,C:\Users\Zhifei Chen\Desktop\pysmell\subjects_for_metrics\nltk\nltk\inference\resolution.py,97,1,0,0,0
nltk,C:\Users\Zhifei Chen\Desktop\pysmell\subjects_for_metrics\nltk\nltk\inference\resolution.py,160,1,0,0,0
nltk,C:\Users\Zhifei Chen\Desktop\pysmell\subjects_for_metrics\nltk\nltk\inference\resolution.py,464,1,0,0,0
nltk,C:\Users\Zhifei Chen\Desktop\pysmell\subjects_for_metrics\nltk\nltk\inference\resolution.py,591,1,0,0,0
nltk,C:\Users\Zhifei Chen\Desktop\pysmell\subjects_for_metrics\nltk\nltk\inference\resolution.py,598,1,0,0,0
nltk,C:\Users\Zhifei Chen\Desktop\pysmell\subjects_for_metrics\nltk\nltk\inference\resolution.py,603,1,0,0,0
nltk,C:\Users\Zhifei Chen\Desktop\pysmell\subjects_for_metrics\nltk\nltk\inference\tableau.py,29,1,0,0,0
nltk,C:\Users\Zhifei Chen\Desktop\pysmell\subjects_for_metrics\nltk\nltk\inference\tableau.py,31,1,0,0,0
nltk,C:\Users\Zhifei Chen\Desktop\pysmell\subjects_for_metrics\nltk\nltk\inference\tableau.py,320,1,0,0,0
nltk,C:\Users\Zhifei Chen\Desktop\pysmell\subjects_for_metrics\nltk\nltk\inference\tableau.py,337,1,0,0,0
nltk,C:\Users\Zhifei Chen\Desktop\pysmell\subjects_for_metrics\nltk\nltk\inference\tableau.py,475,1,0,0,0
nltk,C:\Users\Zhifei Chen\Desktop\pysmell\subjects_for_metrics\nltk\nltk\inference\tableau.py,508,1,0,0,0
nltk,C:\Users\Zhifei Chen\Desktop\pysmell\subjects_for_metrics\nltk\nltk\metrics\agreement.py,85,1,0,0,0
nltk,C:\Users\Zhifei Chen\Desktop\pysmell\subjects_for_metrics\nltk\nltk\metrics\association.py,41,1,0,0,0
nltk,C:\Users\Zhifei Chen\Desktop\pysmell\subjects_for_metrics\nltk\nltk\metrics\association.py,153,1,0,0,0
nltk,C:\Users\Zhifei Chen\Desktop\pysmell\subjects_for_metrics\nltk\nltk\metrics\association.py,241,1,0,0,0
nltk,C:\Users\Zhifei Chen\Desktop\pysmell\subjects_for_metrics\nltk\nltk\metrics\association.py,297,1,0,0,0
nltk,C:\Users\Zhifei Chen\Desktop\pysmell\subjects_for_metrics\nltk\nltk\metrics\association.py,383,1,0,0,0
nltk,C:\Users\Zhifei Chen\Desktop\pysmell\subjects_for_metrics\nltk\nltk\metrics\confusionmatrix.py,12,1,0,0,0
nltk,C:\Users\Zhifei Chen\Desktop\pysmell\subjects_for_metrics\nltk\nltk\metrics\paice.py,212,1,0,0,0
nltk,C:\Users\Zhifei Chen\Desktop\pysmell\subjects_for_metrics\nltk\nltk\misc\minimalset.py,10,1,0,0,0
nltk,C:\Users\Zhifei Chen\Desktop\pysmell\subjects_for_metrics\nltk\nltk\parse\api.py,14,1,0,0,0
nltk,C:\Users\Zhifei Chen\Desktop\pysmell\subjects_for_metrics\nltk\nltk\parse\bllip.py,110,1,0,0,0
nltk,C:\Users\Zhifei Chen\Desktop\pysmell\subjects_for_metrics\nltk\nltk\parse\chart.py,59,1,0,0,0
nltk,C:\Users\Zhifei Chen\Desktop\pysmell\subjects_for_metrics\nltk\nltk\parse\chart.py,227,1,0,0,0
nltk,C:\Users\Zhifei Chen\Desktop\pysmell\subjects_for_metrics\nltk\nltk\parse\chart.py,336,1,0,0,0
nltk,C:\Users\Zhifei Chen\Desktop\pysmell\subjects_for_metrics\nltk\nltk\parse\chart.py,384,1,0,0,0
nltk,C:\Users\Zhifei Chen\Desktop\pysmell\subjects_for_metrics\nltk\nltk\parse\chart.py,844,1,0,0,0
nltk,C:\Users\Zhifei Chen\Desktop\pysmell\subjects_for_metrics\nltk\nltk\parse\chart.py,890,1,0,0,0
nltk,C:\Users\Zhifei Chen\Desktop\pysmell\subjects_for_metrics\nltk\nltk\parse\chart.py,944,1,0,0,0
nltk,C:\Users\Zhifei Chen\Desktop\pysmell\subjects_for_metrics\nltk\nltk\parse\chart.py,972,1,0,0,0
nltk,C:\Users\Zhifei Chen\Desktop\pysmell\subjects_for_metrics\nltk\nltk\parse\chart.py,1020,1,0,0,0
nltk,C:\Users\Zhifei Chen\Desktop\pysmell\subjects_for_metrics\nltk\nltk\parse\chart.py,1032,1,0,0,0
nltk,C:\Users\Zhifei Chen\Desktop\pysmell\subjects_for_metrics\nltk\nltk\parse\chart.py,1046,1,0,0,0
nltk,C:\Users\Zhifei Chen\Desktop\pysmell\subjects_for_metrics\nltk\nltk\parse\chart.py,1064,1,0,0,0
nltk,C:\Users\Zhifei Chen\Desktop\pysmell\subjects_for_metrics\nltk\nltk\parse\chart.py,1108,1,0,0,0
nltk,C:\Users\Zhifei Chen\Desktop\pysmell\subjects_for_metrics\nltk\nltk\parse\chart.py,1123,1,0,0,0
nltk,C:\Users\Zhifei Chen\Desktop\pysmell\subjects_for_metrics\nltk\nltk\parse\chart.py,1142,1,0,0,0
nltk,C:\Users\Zhifei Chen\Desktop\pysmell\subjects_for_metrics\nltk\nltk\parse\chart.py,1160,1,0,0,0
nltk,C:\Users\Zhifei Chen\Desktop\pysmell\subjects_for_metrics\nltk\nltk\parse\chart.py,1183,1,0,0,0
nltk,C:\Users\Zhifei Chen\Desktop\pysmell\subjects_for_metrics\nltk\nltk\parse\chart.py,1227,1,0,0,0
nltk,C:\Users\Zhifei Chen\Desktop\pysmell\subjects_for_metrics\nltk\nltk\parse\chart.py,1353,1,0,0,0
nltk,C:\Users\Zhifei Chen\Desktop\pysmell\subjects_for_metrics\nltk\nltk\parse\chart.py,1361,1,0,0,0
nltk,C:\Users\Zhifei Chen\Desktop\pysmell\subjects_for_metrics\nltk\nltk\parse\chart.py,1373,1,0,0,0
nltk,C:\Users\Zhifei Chen\Desktop\pysmell\subjects_for_metrics\nltk\nltk\parse\chart.py,1382,1,0,0,0
nltk,C:\Users\Zhifei Chen\Desktop\pysmell\subjects_for_metrics\nltk\nltk\parse\chart.py,1393,1,0,0,0
nltk,C:\Users\Zhifei Chen\Desktop\pysmell\subjects_for_metrics\nltk\nltk\parse\dependencygraph.py,33,1,0,0,0
nltk,C:\Users\Zhifei Chen\Desktop\pysmell\subjects_for_metrics\nltk\nltk\parse\dependencygraph.py,548,1,0,0,0
nltk,C:\Users\Zhifei Chen\Desktop\pysmell\subjects_for_metrics\nltk\nltk\parse\earleychart.py,50,1,0,0,0
nltk,C:\Users\Zhifei Chen\Desktop\pysmell\subjects_for_metrics\nltk\nltk\parse\earleychart.py,114,2,0,1,0
nltk,C:\Users\Zhifei Chen\Desktop\pysmell\subjects_for_metrics\nltk\nltk\parse\earleychart.py,161,1,0,0,0
nltk,C:\Users\Zhifei Chen\Desktop\pysmell\subjects_for_metrics\nltk\nltk\parse\earleychart.py,173,1,0,0,0
nltk,C:\Users\Zhifei Chen\Desktop\pysmell\subjects_for_metrics\nltk\nltk\parse\earleychart.py,180,1,0,0,0
nltk,C:\Users\Zhifei Chen\Desktop\pysmell\subjects_for_metrics\nltk\nltk\parse\earleychart.py,187,1,0,0,0
nltk,C:\Users\Zhifei Chen\Desktop\pysmell\subjects_for_metrics\nltk\nltk\parse\earleychart.py,190,1,0,0,0
nltk,C:\Users\Zhifei Chen\Desktop\pysmell\subjects_for_metrics\nltk\nltk\parse\earleychart.py,202,1,0,0,0
nltk,C:\Users\Zhifei Chen\Desktop\pysmell\subjects_for_metrics\nltk\nltk\parse\earleychart.py,214,1,0,0,0
nltk,C:\Users\Zhifei Chen\Desktop\pysmell\subjects_for_metrics\nltk\nltk\parse\earleychart.py,217,1,0,0,0
nltk,C:\Users\Zhifei Chen\Desktop\pysmell\subjects_for_metrics\nltk\nltk\parse\earleychart.py,220,1,0,0,0
nltk,C:\Users\Zhifei Chen\Desktop\pysmell\subjects_for_metrics\nltk\nltk\parse\earleychart.py,249,1,0,0,0
nltk,C:\Users\Zhifei Chen\Desktop\pysmell\subjects_for_metrics\nltk\nltk\parse\earleychart.py,333,1,0,0,0
nltk,C:\Users\Zhifei Chen\Desktop\pysmell\subjects_for_metrics\nltk\nltk\parse\earleychart.py,338,1,0,0,0
nltk,C:\Users\Zhifei Chen\Desktop\pysmell\subjects_for_metrics\nltk\nltk\parse\earleychart.py,342,1,0,0,0
nltk,C:\Users\Zhifei Chen\Desktop\pysmell\subjects_for_metrics\nltk\nltk\parse\earleychart.py,346,1,0,0,0
nltk,C:\Users\Zhifei Chen\Desktop\pysmell\subjects_for_metrics\nltk\nltk\parse\earleychart.py,350,1,0,0,0
nltk,C:\Users\Zhifei Chen\Desktop\pysmell\subjects_for_metrics\nltk\nltk\parse\earleychart.py,379,2,0,1,0
nltk,C:\Users\Zhifei Chen\Desktop\pysmell\subjects_for_metrics\nltk\nltk\parse\earleychart.py,391,1,0,0,0
nltk,C:\Users\Zhifei Chen\Desktop\pysmell\subjects_for_metrics\nltk\nltk\parse\earleychart.py,395,1,0,0,0
nltk,C:\Users\Zhifei Chen\Desktop\pysmell\subjects_for_metrics\nltk\nltk\parse\earleychart.py,399,1,0,0,0
nltk,C:\Users\Zhifei Chen\Desktop\pysmell\subjects_for_metrics\nltk\nltk\parse\earleychart.py,403,1,0,0,0
nltk,C:\Users\Zhifei Chen\Desktop\pysmell\subjects_for_metrics\nltk\nltk\parse\evaluate.py,14,1,0,0,0
nltk,C:\Users\Zhifei Chen\Desktop\pysmell\subjects_for_metrics\nltk\nltk\parse\featurechart.py,35,1,0,0,0
nltk,C:\Users\Zhifei Chen\Desktop\pysmell\subjects_for_metrics\nltk\nltk\parse\featurechart.py,139,1,0,0,0
nltk,C:\Users\Zhifei Chen\Desktop\pysmell\subjects_for_metrics\nltk\nltk\parse\featurechart.py,219,1,0,0,0
nltk,C:\Users\Zhifei Chen\Desktop\pysmell\subjects_for_metrics\nltk\nltk\parse\featurechart.py,273,1,0,0,0
nltk,C:\Users\Zhifei Chen\Desktop\pysmell\subjects_for_metrics\nltk\nltk\parse\featurechart.py,303,1,0,0,0
nltk,C:\Users\Zhifei Chen\Desktop\pysmell\subjects_for_metrics\nltk\nltk\parse\featurechart.py,310,1,0,0,0
nltk,C:\Users\Zhifei Chen\Desktop\pysmell\subjects_for_metrics\nltk\nltk\parse\featurechart.py,365,1,0,0,0
nltk,C:\Users\Zhifei Chen\Desktop\pysmell\subjects_for_metrics\nltk\nltk\parse\featurechart.py,377,1,0,0,0
nltk,C:\Users\Zhifei Chen\Desktop\pysmell\subjects_for_metrics\nltk\nltk\parse\featurechart.py,401,1,0,0,0
nltk,C:\Users\Zhifei Chen\Desktop\pysmell\subjects_for_metrics\nltk\nltk\parse\featurechart.py,427,1,0,0,0
nltk,C:\Users\Zhifei Chen\Desktop\pysmell\subjects_for_metrics\nltk\nltk\parse\featurechart.py,439,1,0,0,0
nltk,C:\Users\Zhifei Chen\Desktop\pysmell\subjects_for_metrics\nltk\nltk\parse\featurechart.py,443,1,0,0,0
nltk,C:\Users\Zhifei Chen\Desktop\pysmell\subjects_for_metrics\nltk\nltk\parse\featurechart.py,447,1,0,0,0
nltk,C:\Users\Zhifei Chen\Desktop\pysmell\subjects_for_metrics\nltk\nltk\parse\featurechart.py,456,1,0,0,0
nltk,C:\Users\Zhifei Chen\Desktop\pysmell\subjects_for_metrics\nltk\nltk\parse\malt.py,89,1,0,0,0
nltk,C:\Users\Zhifei Chen\Desktop\pysmell\subjects_for_metrics\nltk\nltk\parse\nonprojectivedependencyparser.py,25,1,0,0,0
nltk,C:\Users\Zhifei Chen\Desktop\pysmell\subjects_for_metrics\nltk\nltk\parse\nonprojectivedependencyparser.py,81,1,0,0,0
nltk,C:\Users\Zhifei Chen\Desktop\pysmell\subjects_for_metrics\nltk\nltk\parse\nonprojectivedependencyparser.py,185,1,0,0,0
nltk,C:\Users\Zhifei Chen\Desktop\pysmell\subjects_for_metrics\nltk\nltk\parse\nonprojectivedependencyparser.py,201,1,0,0,0
nltk,C:\Users\Zhifei Chen\Desktop\pysmell\subjects_for_metrics\nltk\nltk\parse\nonprojectivedependencyparser.py,587,1,0,0,0
nltk,C:\Users\Zhifei Chen\Desktop\pysmell\subjects_for_metrics\nltk\nltk\parse\pchart.py,50,1,0,0,0
nltk,C:\Users\Zhifei Chen\Desktop\pysmell\subjects_for_metrics\nltk\nltk\parse\pchart.py,53,1,0,0,0
nltk,C:\Users\Zhifei Chen\Desktop\pysmell\subjects_for_metrics\nltk\nltk\parse\pchart.py,68,1,0,0,0
nltk,C:\Users\Zhifei Chen\Desktop\pysmell\subjects_for_metrics\nltk\nltk\parse\pchart.py,76,1,0,0,0
nltk,C:\Users\Zhifei Chen\Desktop\pysmell\subjects_for_metrics\nltk\nltk\parse\pchart.py,86,1,0,0,0
nltk,C:\Users\Zhifei Chen\Desktop\pysmell\subjects_for_metrics\nltk\nltk\parse\pchart.py,111,1,0,0,0
nltk,C:\Users\Zhifei Chen\Desktop\pysmell\subjects_for_metrics\nltk\nltk\parse\pchart.py,135,1,0,0,0
nltk,C:\Users\Zhifei Chen\Desktop\pysmell\subjects_for_metrics\nltk\nltk\parse\pchart.py,300,1,0,0,0
nltk,C:\Users\Zhifei Chen\Desktop\pysmell\subjects_for_metrics\nltk\nltk\parse\pchart.py,361,1,0,0,0
nltk,C:\Users\Zhifei Chen\Desktop\pysmell\subjects_for_metrics\nltk\nltk\parse\pchart.py,371,1,0,0,0
nltk,C:\Users\Zhifei Chen\Desktop\pysmell\subjects_for_metrics\nltk\nltk\parse\pchart.py,378,1,0,0,0
nltk,C:\Users\Zhifei Chen\Desktop\pysmell\subjects_for_metrics\nltk\nltk\parse\projectivedependencyparser.py,23,1,0,0,0
nltk,C:\Users\Zhifei Chen\Desktop\pysmell\subjects_for_metrics\nltk\nltk\parse\projectivedependencyparser.py,91,1,0,0,0
nltk,C:\Users\Zhifei Chen\Desktop\pysmell\subjects_for_metrics\nltk\nltk\parse\projectivedependencyparser.py,139,1,0,0,0
nltk,C:\Users\Zhifei Chen\Desktop\pysmell\subjects_for_metrics\nltk\nltk\parse\projectivedependencyparser.py,242,1,0,0,0
nltk,C:\Users\Zhifei Chen\Desktop\pysmell\subjects_for_metrics\nltk\nltk\parse\recursivedescent.py,19,1,0,0,0
nltk,C:\Users\Zhifei Chen\Desktop\pysmell\subjects_for_metrics\nltk\nltk\parse\recursivedescent.py,329,1,0,0,0
nltk,C:\Users\Zhifei Chen\Desktop\pysmell\subjects_for_metrics\nltk\nltk\parse\shiftreduce.py,19,1,0,0,0
nltk,C:\Users\Zhifei Chen\Desktop\pysmell\subjects_for_metrics\nltk\nltk\parse\shiftreduce.py,274,1,0,0,0
nltk,C:\Users\Zhifei Chen\Desktop\pysmell\subjects_for_metrics\nltk\nltk\parse\stanford.py,28,1,0,0,0
nltk,C:\Users\Zhifei Chen\Desktop\pysmell\subjects_for_metrics\nltk\nltk\parse\stanford.py,223,1,0,0,0
nltk,C:\Users\Zhifei Chen\Desktop\pysmell\subjects_for_metrics\nltk\nltk\parse\stanford.py,280,1,0,0,0
nltk,C:\Users\Zhifei Chen\Desktop\pysmell\subjects_for_metrics\nltk\nltk\parse\stanford.py,336,1,0,0,0
nltk,C:\Users\Zhifei Chen\Desktop\pysmell\subjects_for_metrics\nltk\nltk\parse\transitionparser.py,30,1,0,0,0
nltk,C:\Users\Zhifei Chen\Desktop\pysmell\subjects_for_metrics\nltk\nltk\parse\transitionparser.py,177,1,0,0,0
nltk,C:\Users\Zhifei Chen\Desktop\pysmell\subjects_for_metrics\nltk\nltk\parse\transitionparser.py,280,1,0,0,0
nltk,C:\Users\Zhifei Chen\Desktop\pysmell\subjects_for_metrics\nltk\nltk\parse\util.py,147,1,0,0,0
nltk,C:\Users\Zhifei Chen\Desktop\pysmell\subjects_for_metrics\nltk\nltk\parse\viterbi.py,20,1,0,0,0
nltk,C:\Users\Zhifei Chen\Desktop\pysmell\subjects_for_metrics\nltk\nltk\sem\boxer.py,48,1,0,0,0
nltk,C:\Users\Zhifei Chen\Desktop\pysmell\subjects_for_metrics\nltk\nltk\sem\boxer.py,274,1,0,0,0
nltk,C:\Users\Zhifei Chen\Desktop\pysmell\subjects_for_metrics\nltk\nltk\sem\boxer.py,658,1,0,0,0
nltk,C:\Users\Zhifei Chen\Desktop\pysmell\subjects_for_metrics\nltk\nltk\sem\boxer.py,833,1,0,0,0
nltk,C:\Users\Zhifei Chen\Desktop\pysmell\subjects_for_metrics\nltk\nltk\sem\boxer.py,870,1,0,0,0
nltk,C:\Users\Zhifei Chen\Desktop\pysmell\subjects_for_metrics\nltk\nltk\sem\boxer.py,922,1,0,0,0
nltk,C:\Users\Zhifei Chen\Desktop\pysmell\subjects_for_metrics\nltk\nltk\sem\boxer.py,951,1,0,0,0
nltk,C:\Users\Zhifei Chen\Desktop\pysmell\subjects_for_metrics\nltk\nltk\sem\boxer.py,981,1,0,0,0
nltk,C:\Users\Zhifei Chen\Desktop\pysmell\subjects_for_metrics\nltk\nltk\sem\boxer.py,1008,1,0,0,0
nltk,C:\Users\Zhifei Chen\Desktop\pysmell\subjects_for_metrics\nltk\nltk\sem\boxer.py,1034,1,0,0,0
nltk,C:\Users\Zhifei Chen\Desktop\pysmell\subjects_for_metrics\nltk\nltk\sem\boxer.py,1057,1,0,0,0
nltk,C:\Users\Zhifei Chen\Desktop\pysmell\subjects_for_metrics\nltk\nltk\sem\boxer.py,1084,1,0,0,0
nltk,C:\Users\Zhifei Chen\Desktop\pysmell\subjects_for_metrics\nltk\nltk\sem\boxer.py,1105,1,0,0,0
nltk,C:\Users\Zhifei Chen\Desktop\pysmell\subjects_for_metrics\nltk\nltk\sem\boxer.py,1124,1,0,0,0
nltk,C:\Users\Zhifei Chen\Desktop\pysmell\subjects_for_metrics\nltk\nltk\sem\boxer.py,1148,1,0,0,0
nltk,C:\Users\Zhifei Chen\Desktop\pysmell\subjects_for_metrics\nltk\nltk\sem\boxer.py,1176,1,0,0,0
nltk,C:\Users\Zhifei Chen\Desktop\pysmell\subjects_for_metrics\nltk\nltk\sem\boxer.py,1181,1,0,0,0
nltk,C:\Users\Zhifei Chen\Desktop\pysmell\subjects_for_metrics\nltk\nltk\sem\boxer.py,1237,1,0,0,0
nltk,C:\Users\Zhifei Chen\Desktop\pysmell\subjects_for_metrics\nltk\nltk\sem\chat80.py,215,1,0,0,0
nltk,C:\Users\Zhifei Chen\Desktop\pysmell\subjects_for_metrics\nltk\nltk\sem\cooper_storage.py,13,1,0,0,0
nltk,C:\Users\Zhifei Chen\Desktop\pysmell\subjects_for_metrics\nltk\nltk\sem\drt.py,35,1,0,0,0
nltk,C:\Users\Zhifei Chen\Desktop\pysmell\subjects_for_metrics\nltk\nltk\sem\drt.py,50,1,0,0,0
nltk,C:\Users\Zhifei Chen\Desktop\pysmell\subjects_for_metrics\nltk\nltk\sem\drt.py,174,1,0,0,0
nltk,C:\Users\Zhifei Chen\Desktop\pysmell\subjects_for_metrics\nltk\nltk\sem\drt.py,275,2,0,1,0
nltk,C:\Users\Zhifei Chen\Desktop\pysmell\subjects_for_metrics\nltk\nltk\sem\drt.py,497,2,0,1,0
nltk,C:\Users\Zhifei Chen\Desktop\pysmell\subjects_for_metrics\nltk\nltk\sem\drt.py,513,2,0,1,0
nltk,C:\Users\Zhifei Chen\Desktop\pysmell\subjects_for_metrics\nltk\nltk\sem\drt.py,516,2,0,1,0
nltk,C:\Users\Zhifei Chen\Desktop\pysmell\subjects_for_metrics\nltk\nltk\sem\drt.py,519,2,0,1,0
nltk,C:\Users\Zhifei Chen\Desktop\pysmell\subjects_for_metrics\nltk\nltk\sem\drt.py,522,2,0,1,0
nltk,C:\Users\Zhifei Chen\Desktop\pysmell\subjects_for_metrics\nltk\nltk\sem\drt.py,526,2,0,1,0
nltk,C:\Users\Zhifei Chen\Desktop\pysmell\subjects_for_metrics\nltk\nltk\sem\drt.py,577,2,0,1,0
nltk,C:\Users\Zhifei Chen\Desktop\pysmell\subjects_for_metrics\nltk\nltk\sem\drt.py,592,2,0,1,0
nltk,C:\Users\Zhifei Chen\Desktop\pysmell\subjects_for_metrics\nltk\nltk\sem\drt.py,618,2,0,1,0
nltk,C:\Users\Zhifei Chen\Desktop\pysmell\subjects_for_metrics\nltk\nltk\sem\drt.py,640,2,0,1,0
nltk,C:\Users\Zhifei Chen\Desktop\pysmell\subjects_for_metrics\nltk\nltk\sem\drt.py,643,2,0,1,0
nltk,C:\Users\Zhifei Chen\Desktop\pysmell\subjects_for_metrics\nltk\nltk\sem\drt.py,652,2,0,1,0
nltk,C:\Users\Zhifei Chen\Desktop\pysmell\subjects_for_metrics\nltk\nltk\sem\drt.py,656,1,0,0,0
nltk,C:\Users\Zhifei Chen\Desktop\pysmell\subjects_for_metrics\nltk\nltk\sem\drt.py,792,2,0,1,0
nltk,C:\Users\Zhifei Chen\Desktop\pysmell\subjects_for_metrics\nltk\nltk\sem\drt.py,819,3,1,1,1
nltk,C:\Users\Zhifei Chen\Desktop\pysmell\subjects_for_metrics\nltk\nltk\sem\drt.py,845,1,0,0,0
nltk,C:\Users\Zhifei Chen\Desktop\pysmell\subjects_for_metrics\nltk\nltk\sem\drt.py,921,1,0,0,0
nltk,C:\Users\Zhifei Chen\Desktop\pysmell\subjects_for_metrics\nltk\nltk\sem\drt_glue_demo.py,31,1,0,0,0
nltk,C:\Users\Zhifei Chen\Desktop\pysmell\subjects_for_metrics\nltk\nltk\sem\drt_glue_demo.py,450,1,0,0,0
nltk,C:\Users\Zhifei Chen\Desktop\pysmell\subjects_for_metrics\nltk\nltk\sem\evaluate.py,34,1,0,0,0
nltk,C:\Users\Zhifei Chen\Desktop\pysmell\subjects_for_metrics\nltk\nltk\sem\evaluate.py,36,1,0,0,0
nltk,C:\Users\Zhifei Chen\Desktop\pysmell\subjects_for_metrics\nltk\nltk\sem\evaluate.py,98,1,0,0,0
nltk,C:\Users\Zhifei Chen\Desktop\pysmell\subjects_for_metrics\nltk\nltk\sem\evaluate.py,223,1,0,0,0
nltk,C:\Users\Zhifei Chen\Desktop\pysmell\subjects_for_metrics\nltk\nltk\sem\evaluate.py,352,1,0,0,0
nltk,C:\Users\Zhifei Chen\Desktop\pysmell\subjects_for_metrics\nltk\nltk\sem\glue.py,31,1,0,0,0
nltk,C:\Users\Zhifei Chen\Desktop\pysmell\subjects_for_metrics\nltk\nltk\sem\glue.py,116,1,0,0,0
nltk,C:\Users\Zhifei Chen\Desktop\pysmell\subjects_for_metrics\nltk\nltk\sem\glue.py,432,1,0,0,0
nltk,C:\Users\Zhifei Chen\Desktop\pysmell\subjects_for_metrics\nltk\nltk\sem\glue.py,605,1,0,0,0
nltk,C:\Users\Zhifei Chen\Desktop\pysmell\subjects_for_metrics\nltk\nltk\sem\glue.py,632,1,0,0,0
nltk,C:\Users\Zhifei Chen\Desktop\pysmell\subjects_for_metrics\nltk\nltk\sem\glue.py,636,1,0,0,0
nltk,C:\Users\Zhifei Chen\Desktop\pysmell\subjects_for_metrics\nltk\nltk\sem\hole.py,43,1,0,0,0
nltk,C:\Users\Zhifei Chen\Desktop\pysmell\subjects_for_metrics\nltk\nltk\sem\hole.py,66,1,0,0,0
nltk,C:\Users\Zhifei Chen\Desktop\pysmell\subjects_for_metrics\nltk\nltk\sem\hole.py,288,1,0,0,0
nltk,C:\Users\Zhifei Chen\Desktop\pysmell\subjects_for_metrics\nltk\nltk\sem\lfg.py,14,1,0,0,0
nltk,C:\Users\Zhifei Chen\Desktop\pysmell\subjects_for_metrics\nltk\nltk\sem\linearlogic.py,16,1,0,0,0
nltk,C:\Users\Zhifei Chen\Desktop\pysmell\subjects_for_metrics\nltk\nltk\sem\linearlogic.py,27,1,0,0,0
nltk,C:\Users\Zhifei Chen\Desktop\pysmell\subjects_for_metrics\nltk\nltk\sem\linearlogic.py,73,1,0,0,0
nltk,C:\Users\Zhifei Chen\Desktop\pysmell\subjects_for_metrics\nltk\nltk\sem\linearlogic.py,92,1,0,0,0
nltk,C:\Users\Zhifei Chen\Desktop\pysmell\subjects_for_metrics\nltk\nltk\sem\linearlogic.py,159,1,0,0,0
nltk,C:\Users\Zhifei Chen\Desktop\pysmell\subjects_for_metrics\nltk\nltk\sem\linearlogic.py,180,1,0,0,0
nltk,C:\Users\Zhifei Chen\Desktop\pysmell\subjects_for_metrics\nltk\nltk\sem\linearlogic.py,199,1,0,0,0
nltk,C:\Users\Zhifei Chen\Desktop\pysmell\subjects_for_metrics\nltk\nltk\sem\linearlogic.py,274,1,0,0,0
nltk,C:\Users\Zhifei Chen\Desktop\pysmell\subjects_for_metrics\nltk\nltk\sem\linearlogic.py,339,1,0,0,0
nltk,C:\Users\Zhifei Chen\Desktop\pysmell\subjects_for_metrics\nltk\nltk\sem\linearlogic.py,424,1,0,0,0
nltk,C:\Users\Zhifei Chen\Desktop\pysmell\subjects_for_metrics\nltk\nltk\sem\linearlogic.py,427,1,0,0,0
nltk,C:\Users\Zhifei Chen\Desktop\pysmell\subjects_for_metrics\nltk\nltk\sem\linearlogic.py,431,1,0,0,0
nltk,C:\Users\Zhifei Chen\Desktop\pysmell\subjects_for_metrics\nltk\nltk\sem\logic.py,28,1,0,0,0
nltk,C:\Users\Zhifei Chen\Desktop\pysmell\subjects_for_metrics\nltk\nltk\sem\logic.py,86,1,0,0,0
nltk,C:\Users\Zhifei Chen\Desktop\pysmell\subjects_for_metrics\nltk\nltk\sem\logic.py,557,1,0,0,0
nltk,C:\Users\Zhifei Chen\Desktop\pysmell\subjects_for_metrics\nltk\nltk\sem\logic.py,630,1,0,0,0
nltk,C:\Users\Zhifei Chen\Desktop\pysmell\subjects_for_metrics\nltk\nltk\sem\logic.py,642,1,0,0,0
nltk,C:\Users\Zhifei Chen\Desktop\pysmell\subjects_for_metrics\nltk\nltk\sem\logic.py,694,1,0,0,0
nltk,C:\Users\Zhifei Chen\Desktop\pysmell\subjects_for_metrics\nltk\nltk\sem\logic.py,712,1,0,0,0
nltk,C:\Users\Zhifei Chen\Desktop\pysmell\subjects_for_metrics\nltk\nltk\sem\logic.py,720,1,0,0,0
nltk,C:\Users\Zhifei Chen\Desktop\pysmell\subjects_for_metrics\nltk\nltk\sem\logic.py,728,1,0,0,0
nltk,C:\Users\Zhifei Chen\Desktop\pysmell\subjects_for_metrics\nltk\nltk\sem\logic.py,736,2,0,1,0
nltk,C:\Users\Zhifei Chen\Desktop\pysmell\subjects_for_metrics\nltk\nltk\sem\logic.py,802,1,0,0,0
nltk,C:\Users\Zhifei Chen\Desktop\pysmell\subjects_for_metrics\nltk\nltk\sem\logic.py,806,1,0,0,0
nltk,C:\Users\Zhifei Chen\Desktop\pysmell\subjects_for_metrics\nltk\nltk\sem\logic.py,816,1,0,0,0
nltk,C:\Users\Zhifei Chen\Desktop\pysmell\subjects_for_metrics\nltk\nltk\sem\logic.py,822,1,0,0,0
nltk,C:\Users\Zhifei Chen\Desktop\pysmell\subjects_for_metrics\nltk\nltk\sem\logic.py,846,1,0,0,0
nltk,C:\Users\Zhifei Chen\Desktop\pysmell\subjects_for_metrics\nltk\nltk\sem\logic.py,867,1,0,0,0
nltk,C:\Users\Zhifei Chen\Desktop\pysmell\subjects_for_metrics\nltk\nltk\sem\logic.py,1123,1,0,0,0
nltk,C:\Users\Zhifei Chen\Desktop\pysmell\subjects_for_metrics\nltk\nltk\sem\logic.py,1316,1,0,0,0
nltk,C:\Users\Zhifei Chen\Desktop\pysmell\subjects_for_metrics\nltk\nltk\sem\logic.py,1387,1,0,0,0
nltk,C:\Users\Zhifei Chen\Desktop\pysmell\subjects_for_metrics\nltk\nltk\sem\logic.py,1413,1,0,0,0
nltk,C:\Users\Zhifei Chen\Desktop\pysmell\subjects_for_metrics\nltk\nltk\sem\logic.py,1426,1,0,0,0
nltk,C:\Users\Zhifei Chen\Desktop\pysmell\subjects_for_metrics\nltk\nltk\sem\logic.py,1431,1,0,0,0
nltk,C:\Users\Zhifei Chen\Desktop\pysmell\subjects_for_metrics\nltk\nltk\sem\logic.py,1485,1,0,0,0
nltk,C:\Users\Zhifei Chen\Desktop\pysmell\subjects_for_metrics\nltk\nltk\sem\logic.py,1572,1,0,0,0
nltk,C:\Users\Zhifei Chen\Desktop\pysmell\subjects_for_metrics\nltk\nltk\sem\logic.py,1600,1,0,0,0
nltk,C:\Users\Zhifei Chen\Desktop\pysmell\subjects_for_metrics\nltk\nltk\sem\logic.py,1625,1,0,0,0
nltk,C:\Users\Zhifei Chen\Desktop\pysmell\subjects_for_metrics\nltk\nltk\sem\logic.py,1629,1,0,0,0
nltk,C:\Users\Zhifei Chen\Desktop\pysmell\subjects_for_metrics\nltk\nltk\sem\logic.py,1634,1,0,0,0
nltk,C:\Users\Zhifei Chen\Desktop\pysmell\subjects_for_metrics\nltk\nltk\sem\logic.py,1678,1,0,0,0
nltk,C:\Users\Zhifei Chen\Desktop\pysmell\subjects_for_metrics\nltk\nltk\sem\logic.py,1725,1,0,0,0
nltk,C:\Users\Zhifei Chen\Desktop\pysmell\subjects_for_metrics\nltk\nltk\sem\logic.py,1738,1,0,0,0
nltk,C:\Users\Zhifei Chen\Desktop\pysmell\subjects_for_metrics\nltk\nltk\sem\logic.py,1749,1,0,0,0
nltk,C:\Users\Zhifei Chen\Desktop\pysmell\subjects_for_metrics\nltk\nltk\sem\logic.py,1760,1,0,0,0
nltk,C:\Users\Zhifei Chen\Desktop\pysmell\subjects_for_metrics\nltk\nltk\sem\logic.py,1765,1,0,0,0
nltk,C:\Users\Zhifei Chen\Desktop\pysmell\subjects_for_metrics\nltk\nltk\sem\logic.py,1771,1,0,0,0
nltk,C:\Users\Zhifei Chen\Desktop\pysmell\subjects_for_metrics\nltk\nltk\sem\logic.py,1791,1,0,0,0
nltk,C:\Users\Zhifei Chen\Desktop\pysmell\subjects_for_metrics\nltk\nltk\sem\logic.py,1808,1,0,0,0
nltk,C:\Users\Zhifei Chen\Desktop\pysmell\subjects_for_metrics\nltk\nltk\sem\logic.py,1813,1,0,0,0
nltk,C:\Users\Zhifei Chen\Desktop\pysmell\subjects_for_metrics\nltk\nltk\sem\logic.py,1826,1,0,0,0
nltk,C:\Users\Zhifei Chen\Desktop\pysmell\subjects_for_metrics\nltk\nltk\sentiment\sentiment_analyzer.py,28,1,0,0,0
nltk,C:\Users\Zhifei Chen\Desktop\pysmell\subjects_for_metrics\nltk\nltk\sentiment\vader.py,150,1,0,0,0
nltk,C:\Users\Zhifei Chen\Desktop\pysmell\subjects_for_metrics\nltk\nltk\sentiment\vader.py,196,1,0,0,0
nltk,C:\Users\Zhifei Chen\Desktop\pysmell\subjects_for_metrics\nltk\nltk\stem\api.py,10,1,0,0,0
nltk,C:\Users\Zhifei Chen\Desktop\pysmell\subjects_for_metrics\nltk\nltk\stem\isri.py,38,1,0,0,0
nltk,C:\Users\Zhifei Chen\Desktop\pysmell\subjects_for_metrics\nltk\nltk\stem\lancaster.py,18,1,0,0,0
nltk,C:\Users\Zhifei Chen\Desktop\pysmell\subjects_for_metrics\nltk\nltk\stem\porter.py,98,1,0,0,0
nltk,C:\Users\Zhifei Chen\Desktop\pysmell\subjects_for_metrics\nltk\nltk\stem\regexp.py,15,1,0,0,0
nltk,C:\Users\Zhifei Chen\Desktop\pysmell\subjects_for_metrics\nltk\nltk\stem\rslp.py,38,1,0,0,0
nltk,C:\Users\Zhifei Chen\Desktop\pysmell\subjects_for_metrics\nltk\nltk\stem\snowball.py,31,1,0,0,0
nltk,C:\Users\Zhifei Chen\Desktop\pysmell\subjects_for_metrics\nltk\nltk\stem\snowball.py,95,1,0,0,0
nltk,C:\Users\Zhifei Chen\Desktop\pysmell\subjects_for_metrics\nltk\nltk\stem\snowball.py,134,2,0,1,0
nltk,C:\Users\Zhifei Chen\Desktop\pysmell\subjects_for_metrics\nltk\nltk\stem\snowball.py,151,1,0,0,0
nltk,C:\Users\Zhifei Chen\Desktop\pysmell\subjects_for_metrics\nltk\nltk\stem\snowball.py,194,1,0,0,0
nltk,C:\Users\Zhifei Chen\Desktop\pysmell\subjects_for_metrics\nltk\nltk\stem\snowball.py,286,1,0,0,0
nltk,C:\Users\Zhifei Chen\Desktop\pysmell\subjects_for_metrics\nltk\nltk\stem\snowball.py,403,1,0,0,0
nltk,C:\Users\Zhifei Chen\Desktop\pysmell\subjects_for_metrics\nltk\nltk\stem\snowball.py,580,1,0,0,0
nltk,C:\Users\Zhifei Chen\Desktop\pysmell\subjects_for_metrics\nltk\nltk\stem\snowball.py,1049,1,0,0,0
nltk,C:\Users\Zhifei Chen\Desktop\pysmell\subjects_for_metrics\nltk\nltk\stem\snowball.py,1317,1,0,0,0
nltk,C:\Users\Zhifei Chen\Desktop\pysmell\subjects_for_metrics\nltk\nltk\stem\snowball.py,1670,1,0,0,0
nltk,C:\Users\Zhifei Chen\Desktop\pysmell\subjects_for_metrics\nltk\nltk\stem\snowball.py,1817,1,0,0,0
nltk,C:\Users\Zhifei Chen\Desktop\pysmell\subjects_for_metrics\nltk\nltk\stem\snowball.py,2092,1,0,0,0
nltk,C:\Users\Zhifei Chen\Desktop\pysmell\subjects_for_metrics\nltk\nltk\stem\snowball.py,2326,1,0,0,0
nltk,C:\Users\Zhifei Chen\Desktop\pysmell\subjects_for_metrics\nltk\nltk\stem\snowball.py,2412,1,0,0,0
nltk,C:\Users\Zhifei Chen\Desktop\pysmell\subjects_for_metrics\nltk\nltk\stem\snowball.py,2622,1,0,0,0
nltk,C:\Users\Zhifei Chen\Desktop\pysmell\subjects_for_metrics\nltk\nltk\stem\snowball.py,2878,1,0,0,0
nltk,C:\Users\Zhifei Chen\Desktop\pysmell\subjects_for_metrics\nltk\nltk\stem\snowball.py,3318,1,0,0,0
nltk,C:\Users\Zhifei Chen\Desktop\pysmell\subjects_for_metrics\nltk\nltk\stem\snowball.py,3561,1,0,0,0
nltk,C:\Users\Zhifei Chen\Desktop\pysmell\subjects_for_metrics\nltk\nltk\stem\wordnet.py,14,1,0,0,0
nltk,C:\Users\Zhifei Chen\Desktop\pysmell\subjects_for_metrics\nltk\nltk\tag\api.py,18,1,0,0,0
nltk,C:\Users\Zhifei Chen\Desktop\pysmell\subjects_for_metrics\nltk\nltk\tag\api.py,73,1,0,0,0
nltk,C:\Users\Zhifei Chen\Desktop\pysmell\subjects_for_metrics\nltk\nltk\tag\brill.py,25,1,0,0,0
nltk,C:\Users\Zhifei Chen\Desktop\pysmell\subjects_for_metrics\nltk\nltk\tag\brill.py,39,1,0,0,0
nltk,C:\Users\Zhifei Chen\Desktop\pysmell\subjects_for_metrics\nltk\nltk\tag\brill.py,192,1,0,0,0
nltk,C:\Users\Zhifei Chen\Desktop\pysmell\subjects_for_metrics\nltk\nltk\tag\brill_trainer.py,24,1,0,0,0
nltk,C:\Users\Zhifei Chen\Desktop\pysmell\subjects_for_metrics\nltk\nltk\tag\crf.py,23,1,0,0,0
nltk,C:\Users\Zhifei Chen\Desktop\pysmell\subjects_for_metrics\nltk\nltk\tag\hmm.py,98,1,0,0,0
nltk,C:\Users\Zhifei Chen\Desktop\pysmell\subjects_for_metrics\nltk\nltk\tag\hmm.py,814,1,0,0,0
nltk,C:\Users\Zhifei Chen\Desktop\pysmell\subjects_for_metrics\nltk\nltk\tag\hunpos.py,27,1,0,0,0
nltk,C:\Users\Zhifei Chen\Desktop\pysmell\subjects_for_metrics\nltk\nltk\tag\perceptron.py,26,1,0,0,0
nltk,C:\Users\Zhifei Chen\Desktop\pysmell\subjects_for_metrics\nltk\nltk\tag\perceptron.py,99,1,0,0,0
nltk,C:\Users\Zhifei Chen\Desktop\pysmell\subjects_for_metrics\nltk\nltk\tag\senna.py,43,1,0,0,0
nltk,C:\Users\Zhifei Chen\Desktop\pysmell\subjects_for_metrics\nltk\nltk\tag\senna.py,60,1,0,0,0
nltk,C:\Users\Zhifei Chen\Desktop\pysmell\subjects_for_metrics\nltk\nltk\tag\senna.py,119,1,0,0,0
nltk,C:\Users\Zhifei Chen\Desktop\pysmell\subjects_for_metrics\nltk\nltk\tag\sequential.py,35,1,0,0,0
nltk,C:\Users\Zhifei Chen\Desktop\pysmell\subjects_for_metrics\nltk\nltk\tag\sequential.py,105,1,0,0,0
nltk,C:\Users\Zhifei Chen\Desktop\pysmell\subjects_for_metrics\nltk\nltk\tag\sequential.py,213,1,0,0,0
nltk,C:\Users\Zhifei Chen\Desktop\pysmell\subjects_for_metrics\nltk\nltk\tag\sequential.py,253,1,0,0,0
nltk,C:\Users\Zhifei Chen\Desktop\pysmell\subjects_for_metrics\nltk\nltk\tag\sequential.py,302,1,0,0,0
nltk,C:\Users\Zhifei Chen\Desktop\pysmell\subjects_for_metrics\nltk\nltk\tag\sequential.py,354,1,0,0,0
nltk,C:\Users\Zhifei Chen\Desktop\pysmell\subjects_for_metrics\nltk\nltk\tag\sequential.py,389,1,0,0,0
nltk,C:\Users\Zhifei Chen\Desktop\pysmell\subjects_for_metrics\nltk\nltk\tag\sequential.py,424,1,0,0,0
nltk,C:\Users\Zhifei Chen\Desktop\pysmell\subjects_for_metrics\nltk\nltk\tag\sequential.py,482,1,0,0,0
nltk,C:\Users\Zhifei Chen\Desktop\pysmell\subjects_for_metrics\nltk\nltk\tag\sequential.py,562,2,0,1,0
nltk,C:\Users\Zhifei Chen\Desktop\pysmell\subjects_for_metrics\nltk\nltk\tag\sequential.py,693,1,0,0,0
nltk,C:\Users\Zhifei Chen\Desktop\pysmell\subjects_for_metrics\nltk\nltk\tag\stanford.py,31,1,0,0,0
nltk,C:\Users\Zhifei Chen\Desktop\pysmell\subjects_for_metrics\nltk\nltk\tag\stanford.py,111,1,0,0,0
nltk,C:\Users\Zhifei Chen\Desktop\pysmell\subjects_for_metrics\nltk\nltk\tag\stanford.py,139,1,0,0,0
nltk,C:\Users\Zhifei Chen\Desktop\pysmell\subjects_for_metrics\nltk\nltk\tag\tnt.py,23,1,0,0,0
nltk,C:\Users\Zhifei Chen\Desktop\pysmell\subjects_for_metrics\nltk\nltk\tbl\feature.py,14,1,0,0,0
nltk,C:\Users\Zhifei Chen\Desktop\pysmell\subjects_for_metrics\nltk\nltk\tbl\rule.py,21,1,0,0,0
nltk,C:\Users\Zhifei Chen\Desktop\pysmell\subjects_for_metrics\nltk\nltk\tbl\rule.py,97,1,0,0,0
nltk,C:\Users\Zhifei Chen\Desktop\pysmell\subjects_for_metrics\nltk\nltk\tbl\template.py,16,1,0,0,0
nltk,C:\Users\Zhifei Chen\Desktop\pysmell\subjects_for_metrics\nltk\nltk\tbl\template.py,66,1,0,0,0
nltk,C:\Users\Zhifei Chen\Desktop\pysmell\subjects_for_metrics\nltk\nltk\test\doctest_nose_plugin.py,15,1,0,0,0
nltk,C:\Users\Zhifei Chen\Desktop\pysmell\subjects_for_metrics\nltk\nltk\test\doctest_nose_plugin.py,36,1,0,0,0
nltk,C:\Users\Zhifei Chen\Desktop\pysmell\subjects_for_metrics\nltk\nltk\test\doctest_nose_plugin.py,155,2,0,1,0
nltk,C:\Users\Zhifei Chen\Desktop\pysmell\subjects_for_metrics\nltk\nltk\test\runtests.py,20,1,0,0,0
nltk,C:\Users\Zhifei Chen\Desktop\pysmell\subjects_for_metrics\nltk\nltk\test\unit\test_2x_compat.py,18,1,0,0,0
nltk,C:\Users\Zhifei Chen\Desktop\pysmell\subjects_for_metrics\nltk\nltk\test\unit\test_collocations.py,24,1,0,0,0
nltk,C:\Users\Zhifei Chen\Desktop\pysmell\subjects_for_metrics\nltk\nltk\test\unit\test_corpora.py,10,1,0,0,0
nltk,C:\Users\Zhifei Chen\Desktop\pysmell\subjects_for_metrics\nltk\nltk\test\unit\test_corpora.py,27,1,0,0,0
nltk,C:\Users\Zhifei Chen\Desktop\pysmell\subjects_for_metrics\nltk\nltk\test\unit\test_corpora.py,38,1,0,0,0
nltk,C:\Users\Zhifei Chen\Desktop\pysmell\subjects_for_metrics\nltk\nltk\test\unit\test_corpora.py,52,1,0,0,0
nltk,C:\Users\Zhifei Chen\Desktop\pysmell\subjects_for_metrics\nltk\nltk\test\unit\test_corpora.py,58,1,0,0,0
nltk,C:\Users\Zhifei Chen\Desktop\pysmell\subjects_for_metrics\nltk\nltk\test\unit\test_corpora.py,82,1,0,0,0
nltk,C:\Users\Zhifei Chen\Desktop\pysmell\subjects_for_metrics\nltk\nltk\test\unit\test_corpora.py,144,1,0,0,0
nltk,C:\Users\Zhifei Chen\Desktop\pysmell\subjects_for_metrics\nltk\nltk\test\unit\test_corpus_views.py,11,1,0,0,0
nltk,C:\Users\Zhifei Chen\Desktop\pysmell\subjects_for_metrics\nltk\nltk\test\unit\test_json2csv_corpus.py,44,1,0,0,0
nltk,C:\Users\Zhifei Chen\Desktop\pysmell\subjects_for_metrics\nltk\nltk\test\unit\test_naivebayes.py,9,1,0,0,0
nltk,C:\Users\Zhifei Chen\Desktop\pysmell\subjects_for_metrics\nltk\nltk\test\unit\test_stem.py,7,1,0,0,0
nltk,C:\Users\Zhifei Chen\Desktop\pysmell\subjects_for_metrics\nltk\nltk\test\unit\test_tgrep.py,21,1,0,0,0
nltk,C:\Users\Zhifei Chen\Desktop\pysmell\subjects_for_metrics\nltk\nltk\test\unit\test_twitter_auth.py,12,1,0,0,0
nltk,C:\Users\Zhifei Chen\Desktop\pysmell\subjects_for_metrics\nltk\nltk\test\unit\translate\test_bleu.py,9,1,0,0,0
nltk,C:\Users\Zhifei Chen\Desktop\pysmell\subjects_for_metrics\nltk\nltk\test\unit\translate\test_ibm1.py,15,1,0,0,0
nltk,C:\Users\Zhifei Chen\Desktop\pysmell\subjects_for_metrics\nltk\nltk\test\unit\translate\test_ibm2.py,15,1,0,0,0
nltk,C:\Users\Zhifei Chen\Desktop\pysmell\subjects_for_metrics\nltk\nltk\test\unit\translate\test_ibm3.py,15,1,0,0,0
nltk,C:\Users\Zhifei Chen\Desktop\pysmell\subjects_for_metrics\nltk\nltk\test\unit\translate\test_ibm4.py,15,1,0,0,0
nltk,C:\Users\Zhifei Chen\Desktop\pysmell\subjects_for_metrics\nltk\nltk\test\unit\translate\test_ibm5.py,16,1,0,0,0
nltk,C:\Users\Zhifei Chen\Desktop\pysmell\subjects_for_metrics\nltk\nltk\test\unit\translate\test_ibm_model.py,14,1,0,0,0
nltk,C:\Users\Zhifei Chen\Desktop\pysmell\subjects_for_metrics\nltk\nltk\test\unit\translate\test_stack_decoder.py,21,1,0,0,0
nltk,C:\Users\Zhifei Chen\Desktop\pysmell\subjects_for_metrics\nltk\nltk\test\unit\translate\test_stack_decoder.py,173,1,0,0,0
nltk,C:\Users\Zhifei Chen\Desktop\pysmell\subjects_for_metrics\nltk\nltk\test\unit\translate\test_stack_decoder.py,240,1,0,0,0
nltk,C:\Users\Zhifei Chen\Desktop\pysmell\subjects_for_metrics\nltk\nltk\tokenize\api.py,16,1,0,0,0
nltk,C:\Users\Zhifei Chen\Desktop\pysmell\subjects_for_metrics\nltk\nltk\tokenize\api.py,63,1,0,0,0
nltk,C:\Users\Zhifei Chen\Desktop\pysmell\subjects_for_metrics\nltk\nltk\tokenize\mwe.py,35,1,0,0,0
nltk,C:\Users\Zhifei Chen\Desktop\pysmell\subjects_for_metrics\nltk\nltk\tokenize\punkt.py,180,1,0,0,0
nltk,C:\Users\Zhifei Chen\Desktop\pysmell\subjects_for_metrics\nltk\nltk\tokenize\punkt.py,320,1,0,0,0
nltk,C:\Users\Zhifei Chen\Desktop\pysmell\subjects_for_metrics\nltk\nltk\tokenize\punkt.py,377,1,0,0,0
nltk,C:\Users\Zhifei Chen\Desktop\pysmell\subjects_for_metrics\nltk\nltk\tokenize\punkt.py,516,1,0,0,0
nltk,C:\Users\Zhifei Chen\Desktop\pysmell\subjects_for_metrics\nltk\nltk\tokenize\punkt.py,607,1,0,0,0
nltk,C:\Users\Zhifei Chen\Desktop\pysmell\subjects_for_metrics\nltk\nltk\tokenize\punkt.py,1187,2,0,1,0
nltk,C:\Users\Zhifei Chen\Desktop\pysmell\subjects_for_metrics\nltk\nltk\tokenize\regexp.py,76,1,0,0,0
nltk,C:\Users\Zhifei Chen\Desktop\pysmell\subjects_for_metrics\nltk\nltk\tokenize\regexp.py,146,1,0,0,0
nltk,C:\Users\Zhifei Chen\Desktop\pysmell\subjects_for_metrics\nltk\nltk\tokenize\regexp.py,161,1,0,0,0
nltk,C:\Users\Zhifei Chen\Desktop\pysmell\subjects_for_metrics\nltk\nltk\tokenize\regexp.py,170,1,0,0,0
nltk,C:\Users\Zhifei Chen\Desktop\pysmell\subjects_for_metrics\nltk\nltk\tokenize\sexpr.py,56,1,0,0,0
nltk,C:\Users\Zhifei Chen\Desktop\pysmell\subjects_for_metrics\nltk\nltk\tokenize\simple.py,41,1,0,0,0
nltk,C:\Users\Zhifei Chen\Desktop\pysmell\subjects_for_metrics\nltk\nltk\tokenize\simple.py,54,1,0,0,0
nltk,C:\Users\Zhifei Chen\Desktop\pysmell\subjects_for_metrics\nltk\nltk\tokenize\simple.py,65,1,0,0,0
nltk,C:\Users\Zhifei Chen\Desktop\pysmell\subjects_for_metrics\nltk\nltk\tokenize\simple.py,77,1,0,0,0
nltk,C:\Users\Zhifei Chen\Desktop\pysmell\subjects_for_metrics\nltk\nltk\tokenize\stanford.py,24,1,0,0,0
nltk,C:\Users\Zhifei Chen\Desktop\pysmell\subjects_for_metrics\nltk\nltk\tokenize\texttiling.py,24,1,0,0,0
nltk,C:\Users\Zhifei Chen\Desktop\pysmell\subjects_for_metrics\nltk\nltk\tokenize\texttiling.py,369,1,0,0,0
nltk,C:\Users\Zhifei Chen\Desktop\pysmell\subjects_for_metrics\nltk\nltk\tokenize\texttiling.py,382,1,0,0,0
nltk,C:\Users\Zhifei Chen\Desktop\pysmell\subjects_for_metrics\nltk\nltk\tokenize\treebank.py,23,1,0,0,0
nltk,C:\Users\Zhifei Chen\Desktop\pysmell\subjects_for_metrics\nltk\nltk\translate\api.py,17,1,0,0,0
nltk,C:\Users\Zhifei Chen\Desktop\pysmell\subjects_for_metrics\nltk\nltk\translate\api.py,152,1,0,0,0
nltk,C:\Users\Zhifei Chen\Desktop\pysmell\subjects_for_metrics\nltk\nltk\translate\api.py,281,1,0,0,0
nltk,C:\Users\Zhifei Chen\Desktop\pysmell\subjects_for_metrics\nltk\nltk\translate\gale_church.py,61,1,0,0,0
nltk,C:\Users\Zhifei Chen\Desktop\pysmell\subjects_for_metrics\nltk\nltk\translate\ibm1.py,66,1,0,0,0
nltk,C:\Users\Zhifei Chen\Desktop\pysmell\subjects_for_metrics\nltk\nltk\translate\ibm2.py,59,1,0,0,0
nltk,C:\Users\Zhifei Chen\Desktop\pysmell\subjects_for_metrics\nltk\nltk\translate\ibm2.py,289,1,0,0,0
nltk,C:\Users\Zhifei Chen\Desktop\pysmell\subjects_for_metrics\nltk\nltk\translate\ibm3.py,87,1,0,0,0
nltk,C:\Users\Zhifei Chen\Desktop\pysmell\subjects_for_metrics\nltk\nltk\translate\ibm3.py,321,1,0,0,0
nltk,C:\Users\Zhifei Chen\Desktop\pysmell\subjects_for_metrics\nltk\nltk\translate\ibm4.py,116,1,0,0,0
nltk,C:\Users\Zhifei Chen\Desktop\pysmell\subjects_for_metrics\nltk\nltk\translate\ibm4.py,427,1,0,0,0
nltk,C:\Users\Zhifei Chen\Desktop\pysmell\subjects_for_metrics\nltk\nltk\translate\ibm5.py,126,1,0,0,0
nltk,C:\Users\Zhifei Chen\Desktop\pysmell\subjects_for_metrics\nltk\nltk\translate\ibm5.py,553,1,0,0,0
nltk,C:\Users\Zhifei Chen\Desktop\pysmell\subjects_for_metrics\nltk\nltk\translate\ibm5.py,614,1,0,0,0
nltk,C:\Users\Zhifei Chen\Desktop\pysmell\subjects_for_metrics\nltk\nltk\translate\ibm_model.py,61,1,0,0,0
nltk,C:\Users\Zhifei Chen\Desktop\pysmell\subjects_for_metrics\nltk\nltk\translate\ibm_model.py,375,1,0,0,0
nltk,C:\Users\Zhifei Chen\Desktop\pysmell\subjects_for_metrics\nltk\nltk\translate\ibm_model.py,503,1,0,0,0
nltk,C:\Users\Zhifei Chen\Desktop\pysmell\subjects_for_metrics\nltk\nltk\translate\stack_decoder.py,50,1,0,0,0
nltk,C:\Users\Zhifei Chen\Desktop\pysmell\subjects_for_metrics\nltk\nltk\translate\stack_decoder.py,330,1,0,0,0
nltk,C:\Users\Zhifei Chen\Desktop\pysmell\subjects_for_metrics\nltk\nltk\translate\stack_decoder.py,438,1,0,0,0
nltk,C:\Users\Zhifei Chen\Desktop\pysmell\subjects_for_metrics\nltk\nltk\twitter\api.py,20,1,0,0,0
nltk,C:\Users\Zhifei Chen\Desktop\pysmell\subjects_for_metrics\nltk\nltk\twitter\api.py,47,1,0,0,0
nltk,C:\Users\Zhifei Chen\Desktop\pysmell\subjects_for_metrics\nltk\nltk\twitter\api.py,75,1,0,0,0
nltk,C:\Users\Zhifei Chen\Desktop\pysmell\subjects_for_metrics\nltk\nltk\twitter\twitterclient.py,43,1,0,0,0
nltk,C:\Users\Zhifei Chen\Desktop\pysmell\subjects_for_metrics\nltk\nltk\twitter\twitterclient.py,125,1,0,0,0
nltk,C:\Users\Zhifei Chen\Desktop\pysmell\subjects_for_metrics\nltk\nltk\twitter\twitterclient.py,298,1,0,0,0
nltk,C:\Users\Zhifei Chen\Desktop\pysmell\subjects_for_metrics\nltk\nltk\twitter\twitterclient.py,390,1,0,0,0
nltk,C:\Users\Zhifei Chen\Desktop\pysmell\subjects_for_metrics\nltk\nltk\twitter\twitterclient.py,414,1,0,0,0
nltk,C:\Users\Zhifei Chen\Desktop\pysmell\subjects_for_metrics\nltk\nltk\twitter\util.py,27,1,0,0,0
