subject,file,lineno,CLOC,experience-based,statistics-based,tuning machine
click,C:\Users\Zhifei Chen\Desktop\pysmell\subjects_for_metrics\click\click\core.py,112,21,0,0,0
click,C:\Users\Zhifei Chen\Desktop\pysmell\subjects_for_metrics\click\click\core.py,548,12,0,0,0
click,C:\Users\Zhifei Chen\Desktop\pysmell\subjects_for_metrics\click\click\core.py,722,16,0,0,0
click,C:\Users\Zhifei Chen\Desktop\pysmell\subjects_for_metrics\click\click\core.py,895,13,0,0,0
click,C:\Users\Zhifei Chen\Desktop\pysmell\subjects_for_metrics\click\click\core.py,1114,7,0,0,0
click,C:\Users\Zhifei Chen\Desktop\pysmell\subjects_for_metrics\click\click\core.py,1167,5,0,0,0
click,C:\Users\Zhifei Chen\Desktop\pysmell\subjects_for_metrics\click\click\core.py,1198,17,0,0,0
click,C:\Users\Zhifei Chen\Desktop\pysmell\subjects_for_metrics\click\click\core.py,1400,11,0,0,0
click,C:\Users\Zhifei Chen\Desktop\pysmell\subjects_for_metrics\click\click\core.py,1664,8,0,0,0
click,C:\Users\Zhifei Chen\Desktop\pysmell\subjects_for_metrics\click\click\exceptions.py,5,5,0,0,0
click,C:\Users\Zhifei Chen\Desktop\pysmell\subjects_for_metrics\click\click\exceptions.py,27,4,0,0,0
click,C:\Users\Zhifei Chen\Desktop\pysmell\subjects_for_metrics\click\click\exceptions.py,51,3,0,0,0
click,C:\Users\Zhifei Chen\Desktop\pysmell\subjects_for_metrics\click\click\exceptions.py,87,3,0,0,0
click,C:\Users\Zhifei Chen\Desktop\pysmell\subjects_for_metrics\click\click\exceptions.py,134,3,0,0,0
click,C:\Users\Zhifei Chen\Desktop\pysmell\subjects_for_metrics\click\click\exceptions.py,160,2,0,0,0
click,C:\Users\Zhifei Chen\Desktop\pysmell\subjects_for_metrics\click\click\exceptions.py,172,3,0,0,0
click,C:\Users\Zhifei Chen\Desktop\pysmell\subjects_for_metrics\click\click\exceptions.py,187,1,0,0,0
click,C:\Users\Zhifei Chen\Desktop\pysmell\subjects_for_metrics\click\click\formatting.py,85,13,0,0,0
click,C:\Users\Zhifei Chen\Desktop\pysmell\subjects_for_metrics\click\click\parser.py,63,4,0,0,0
click,C:\Users\Zhifei Chen\Desktop\pysmell\subjects_for_metrics\click\click\parser.py,111,3,0,0,0
click,C:\Users\Zhifei Chen\Desktop\pysmell\subjects_for_metrics\click\click\parser.py,123,2,0,0,0
click,C:\Users\Zhifei Chen\Desktop\pysmell\subjects_for_metrics\click\click\parser.py,132,10,0,0,0
click,C:\Users\Zhifei Chen\Desktop\pysmell\subjects_for_metrics\click\click\testing.py,24,9,0,0,0
click,C:\Users\Zhifei Chen\Desktop\pysmell\subjects_for_metrics\click\click\testing.py,72,4,0,0,0
click,C:\Users\Zhifei Chen\Desktop\pysmell\subjects_for_metrics\click\click\testing.py,100,7,0,0,0
click,C:\Users\Zhifei Chen\Desktop\pysmell\subjects_for_metrics\click\click\types.py,11,10,0,0,0
click,C:\Users\Zhifei Chen\Desktop\pysmell\subjects_for_metrics\click\click\types.py,72,3,0,0,0
click,C:\Users\Zhifei Chen\Desktop\pysmell\subjects_for_metrics\click\click\types.py,80,3,0,0,0
click,C:\Users\Zhifei Chen\Desktop\pysmell\subjects_for_metrics\click\click\types.py,97,4,0,0,0
click,C:\Users\Zhifei Chen\Desktop\pysmell\subjects_for_metrics\click\click\types.py,107,4,0,0,0
click,C:\Users\Zhifei Chen\Desktop\pysmell\subjects_for_metrics\click\click\types.py,128,7,0,0,0
click,C:\Users\Zhifei Chen\Desktop\pysmell\subjects_for_metrics\click\click\types.py,165,4,0,0,0
click,C:\Users\Zhifei Chen\Desktop\pysmell\subjects_for_metrics\click\click\types.py,178,5,0,0,0
click,C:\Users\Zhifei Chen\Desktop\pysmell\subjects_for_metrics\click\click\types.py,217,4,0,0,0
click,C:\Users\Zhifei Chen\Desktop\pysmell\subjects_for_metrics\click\click\types.py,234,4,0,0,0
click,C:\Users\Zhifei Chen\Desktop\pysmell\subjects_for_metrics\click\click\types.py,248,4,0,0,0
click,C:\Users\Zhifei Chen\Desktop\pysmell\subjects_for_metrics\click\click\types.py,262,6,0,0,0
click,C:\Users\Zhifei Chen\Desktop\pysmell\subjects_for_metrics\click\click\types.py,340,4,0,0,0
click,C:\Users\Zhifei Chen\Desktop\pysmell\subjects_for_metrics\click\click\types.py,418,5,0,0,0
click,C:\Users\Zhifei Chen\Desktop\pysmell\subjects_for_metrics\click\click\utils.py,131,10,0,0,0
click,C:\Users\Zhifei Chen\Desktop\pysmell\subjects_for_metrics\click\click\utils.py,207,7,0,0,0
click,C:\Users\Zhifei Chen\Desktop\pysmell\subjects_for_metrics\click\click\_compat.py,81,7,0,0,0
click,C:\Users\Zhifei Chen\Desktop\pysmell\subjects_for_metrics\click\click\_compat.py,115,7,0,0,0
click,C:\Users\Zhifei Chen\Desktop\pysmell\subjects_for_metrics\click\click\_compat.py,478,8,0,0,0
click,C:\Users\Zhifei Chen\Desktop\pysmell\subjects_for_metrics\click\click\_termui_impl.py,50,21,0,0,0
click,C:\Users\Zhifei Chen\Desktop\pysmell\subjects_for_metrics\click\click\_termui_impl.py,358,5,0,0,0
click,C:\Users\Zhifei Chen\Desktop\pysmell\subjects_for_metrics\click\click\_textwrap.py,5,4,0,0,0
click,C:\Users\Zhifei Chen\Desktop\pysmell\subjects_for_metrics\click\docs\clickdoctools.py,21,8,0,0,0
click,C:\Users\Zhifei Chen\Desktop\pysmell\subjects_for_metrics\click\docs\clickdoctools.py,136,5,0,0,0
click,C:\Users\Zhifei Chen\Desktop\pysmell\subjects_for_metrics\click\docs\clickdoctools.py,214,6,0,0,0
click,C:\Users\Zhifei Chen\Desktop\pysmell\subjects_for_metrics\click\docs\clickdoctools.py,235,6,0,0,0
click,C:\Users\Zhifei Chen\Desktop\pysmell\subjects_for_metrics\click\docs\clickdoctools.py,256,6,0,0,0
click,C:\Users\Zhifei Chen\Desktop\pysmell\subjects_for_metrics\click\examples\aliases\aliases.py,10,3,0,0,0
click,C:\Users\Zhifei Chen\Desktop\pysmell\subjects_for_metrics\click\examples\aliases\aliases.py,29,2,0,0,0
click,C:\Users\Zhifei Chen\Desktop\pysmell\subjects_for_metrics\click\examples\complex\complex\cli.py,9,4,0,0,0
click,C:\Users\Zhifei Chen\Desktop\pysmell\subjects_for_metrics\click\examples\complex\complex\cli.py,32,3,0,0,0
click,C:\Users\Zhifei Chen\Desktop\pysmell\subjects_for_metrics\click\examples\repo\repo.py,8,4,0,0,0
click,C:\Users\Zhifei Chen\Desktop\pysmell\subjects_for_metrics\click\examples\validation\validation.py,14,3,0,0,0
click,C:\Users\Zhifei Chen\Desktop\pysmell\subjects_for_metrics\click\tests\test_commands.py,121,6,0,0,0
click,C:\Users\Zhifei Chen\Desktop\pysmell\subjects_for_metrics\click\tests\test_context.py,6,2,0,0,0
click,C:\Users\Zhifei Chen\Desktop\pysmell\subjects_for_metrics\click\tests\test_context.py,28,2,0,0,0
click,C:\Users\Zhifei Chen\Desktop\pysmell\subjects_for_metrics\click\tests\test_context.py,51,2,0,0,0
click,C:\Users\Zhifei Chen\Desktop\pysmell\subjects_for_metrics\click\tests\test_context.py,74,2,0,0,0
click,C:\Users\Zhifei Chen\Desktop\pysmell\subjects_for_metrics\click\tests\test_options.py,278,2,0,0,0
click,C:\Users\Zhifei Chen\Desktop\pysmell\subjects_for_metrics\click\tests\test_options.py,294,2,0,0,0
click,C:\Users\Zhifei Chen\Desktop\pysmell\subjects_for_metrics\click\tests\test_testing.py,97,2,0,0,0
