subject,file,lineno,DOC,experience-based,statistics-based,tuning machine
click,C:\Users\Zhifei Chen\Desktop\pysmell\subjects_for_metrics\click\click\core.py,97,2,0,0,0
click,C:\Users\Zhifei Chen\Desktop\pysmell\subjects_for_metrics\click\click\core.py,798,2,0,0,0
click,C:\Users\Zhifei Chen\Desktop\pysmell\subjects_for_metrics\click\click\core.py,949,3,1,0,0
click,C:\Users\Zhifei Chen\Desktop\pysmell\subjects_for_metrics\click\click\core.py,1010,2,0,0,0
click,C:\Users\Zhifei Chen\Desktop\pysmell\subjects_for_metrics\click\click\core.py,1136,2,0,0,0
click,C:\Users\Zhifei Chen\Desktop\pysmell\subjects_for_metrics\click\click\core.py,1148,2,0,0,0
click,C:\Users\Zhifei Chen\Desktop\pysmell\subjects_for_metrics\click\click\core.py,1305,2,0,0,0
click,C:\Users\Zhifei Chen\Desktop\pysmell\subjects_for_metrics\click\click\core.py,1577,2,0,0,0
click,C:\Users\Zhifei Chen\Desktop\pysmell\subjects_for_metrics\click\click\decorators.py,11,2,0,0,0
click,C:\Users\Zhifei Chen\Desktop\pysmell\subjects_for_metrics\click\click\decorators.py,20,2,0,0,0
click,C:\Users\Zhifei Chen\Desktop\pysmell\subjects_for_metrics\click\click\decorators.py,30,3,1,0,0
click,C:\Users\Zhifei Chen\Desktop\pysmell\subjects_for_metrics\click\click\decorators.py,91,2,0,0,0
click,C:\Users\Zhifei Chen\Desktop\pysmell\subjects_for_metrics\click\click\decorators.py,138,2,0,0,0
click,C:\Users\Zhifei Chen\Desktop\pysmell\subjects_for_metrics\click\click\decorators.py,155,2,0,0,0
click,C:\Users\Zhifei Chen\Desktop\pysmell\subjects_for_metrics\click\click\decorators.py,174,3,1,0,0
click,C:\Users\Zhifei Chen\Desktop\pysmell\subjects_for_metrics\click\click\decorators.py,204,2,0,0,0
click,C:\Users\Zhifei Chen\Desktop\pysmell\subjects_for_metrics\click\click\decorators.py,224,3,1,0,0
click,C:\Users\Zhifei Chen\Desktop\pysmell\subjects_for_metrics\click\click\decorators.py,278,3,1,0,0
click,C:\Users\Zhifei Chen\Desktop\pysmell\subjects_for_metrics\click\click\formatting.py,21,2,0,0,0
click,C:\Users\Zhifei Chen\Desktop\pysmell\subjects_for_metrics\click\click\termui.py,34,2,0,0,0
click,C:\Users\Zhifei Chen\Desktop\pysmell\subjects_for_metrics\click\click\termui.py,154,2,0,0,0
click,C:\Users\Zhifei Chen\Desktop\pysmell\subjects_for_metrics\click\click\testing.py,137,2,0,0,0
click,C:\Users\Zhifei Chen\Desktop\pysmell\subjects_for_metrics\click\click\utils.py,23,2,0,0,0
click,C:\Users\Zhifei Chen\Desktop\pysmell\subjects_for_metrics\click\click\utils.py,87,2,0,0,0
click,C:\Users\Zhifei Chen\Desktop\pysmell\subjects_for_metrics\click\click\_compat.py,589,2,0,0,0
click,C:\Users\Zhifei Chen\Desktop\pysmell\subjects_for_metrics\click\click\_termui_impl.py,435,2,0,0,0
click,C:\Users\Zhifei Chen\Desktop\pysmell\subjects_for_metrics\click\docs\clickdoctools.py,53,2,0,0,0
click,C:\Users\Zhifei Chen\Desktop\pysmell\subjects_for_metrics\click\docs\clickdoctools.py,71,2,0,0,0
click,C:\Users\Zhifei Chen\Desktop\pysmell\subjects_for_metrics\click\docs\clickdoctools.py,149,2,0,0,0
click,C:\Users\Zhifei Chen\Desktop\pysmell\subjects_for_metrics\click\examples\imagepipe\imagepipe.py,38,3,1,0,0
click,C:\Users\Zhifei Chen\Desktop\pysmell\subjects_for_metrics\click\examples\imagepipe\imagepipe.py,49,2,0,0,0
click,C:\Users\Zhifei Chen\Desktop\pysmell\subjects_for_metrics\click\examples\termui\termui.py,36,2,0,0,0
click,C:\Users\Zhifei Chen\Desktop\pysmell\subjects_for_metrics\click\tests\test_arguments.py,5,2,0,0,0
click,C:\Users\Zhifei Chen\Desktop\pysmell\subjects_for_metrics\click\tests\test_arguments.py,33,2,0,0,0
click,C:\Users\Zhifei Chen\Desktop\pysmell\subjects_for_metrics\click\tests\test_arguments.py,70,2,0,0,0
click,C:\Users\Zhifei Chen\Desktop\pysmell\subjects_for_metrics\click\tests\test_arguments.py,85,2,0,0,0
click,C:\Users\Zhifei Chen\Desktop\pysmell\subjects_for_metrics\click\tests\test_arguments.py,108,2,0,0,0
click,C:\Users\Zhifei Chen\Desktop\pysmell\subjects_for_metrics\click\tests\test_arguments.py,128,2,0,0,0
click,C:\Users\Zhifei Chen\Desktop\pysmell\subjects_for_metrics\click\tests\test_arguments.py,140,2,0,0,0
click,C:\Users\Zhifei Chen\Desktop\pysmell\subjects_for_metrics\click\tests\test_arguments.py,161,2,0,0,0
click,C:\Users\Zhifei Chen\Desktop\pysmell\subjects_for_metrics\click\tests\test_arguments.py,181,2,0,0,0
click,C:\Users\Zhifei Chen\Desktop\pysmell\subjects_for_metrics\click\tests\test_arguments.py,192,2,0,0,0
click,C:\Users\Zhifei Chen\Desktop\pysmell\subjects_for_metrics\click\tests\test_arguments.py,203,2,0,0,0
click,C:\Users\Zhifei Chen\Desktop\pysmell\subjects_for_metrics\click\tests\test_arguments.py,227,2,0,0,0
click,C:\Users\Zhifei Chen\Desktop\pysmell\subjects_for_metrics\click\tests\test_arguments.py,244,2,0,0,0
click,C:\Users\Zhifei Chen\Desktop\pysmell\subjects_for_metrics\click\tests\test_basic.py,7,2,0,0,0
click,C:\Users\Zhifei Chen\Desktop\pysmell\subjects_for_metrics\click\tests\test_basic.py,26,2,0,0,0
click,C:\Users\Zhifei Chen\Desktop\pysmell\subjects_for_metrics\click\tests\test_basic.py,36,2,0,0,0
click,C:\Users\Zhifei Chen\Desktop\pysmell\subjects_for_metrics\click\tests\test_basic.py,62,2,0,0,0
click,C:\Users\Zhifei Chen\Desktop\pysmell\subjects_for_metrics\click\tests\test_basic.py,89,2,0,0,0
click,C:\Users\Zhifei Chen\Desktop\pysmell\subjects_for_metrics\click\tests\test_basic.py,109,2,0,0,0
click,C:\Users\Zhifei Chen\Desktop\pysmell\subjects_for_metrics\click\tests\test_basic.py,131,2,0,0,0
click,C:\Users\Zhifei Chen\Desktop\pysmell\subjects_for_metrics\click\tests\test_basic.py,183,2,0,0,0
click,C:\Users\Zhifei Chen\Desktop\pysmell\subjects_for_metrics\click\tests\test_basic.py,204,2,0,0,0
click,C:\Users\Zhifei Chen\Desktop\pysmell\subjects_for_metrics\click\tests\test_basic.py,245,2,0,0,0
click,C:\Users\Zhifei Chen\Desktop\pysmell\subjects_for_metrics\click\tests\test_basic.py,294,2,0,0,0
click,C:\Users\Zhifei Chen\Desktop\pysmell\subjects_for_metrics\click\tests\test_basic.py,313,2,0,0,0
click,C:\Users\Zhifei Chen\Desktop\pysmell\subjects_for_metrics\click\tests\test_basic.py,346,2,0,0,0
click,C:\Users\Zhifei Chen\Desktop\pysmell\subjects_for_metrics\click\tests\test_basic.py,357,2,0,0,0
click,C:\Users\Zhifei Chen\Desktop\pysmell\subjects_for_metrics\click\tests\test_chain.py,4,2,0,0,0
click,C:\Users\Zhifei Chen\Desktop\pysmell\subjects_for_metrics\click\tests\test_chain.py,26,2,0,0,0
click,C:\Users\Zhifei Chen\Desktop\pysmell\subjects_for_metrics\click\tests\test_chain.py,60,2,0,0,0
click,C:\Users\Zhifei Chen\Desktop\pysmell\subjects_for_metrics\click\tests\test_chain.py,83,2,0,0,0
click,C:\Users\Zhifei Chen\Desktop\pysmell\subjects_for_metrics\click\tests\test_chain.py,106,3,1,0,0
click,C:\Users\Zhifei Chen\Desktop\pysmell\subjects_for_metrics\click\tests\test_commands.py,6,2,0,0,0
click,C:\Users\Zhifei Chen\Desktop\pysmell\subjects_for_metrics\click\tests\test_commands.py,22,2,0,0,0
click,C:\Users\Zhifei Chen\Desktop\pysmell\subjects_for_metrics\click\tests\test_commands.py,42,2,0,0,0
click,C:\Users\Zhifei Chen\Desktop\pysmell\subjects_for_metrics\click\tests\test_commands.py,69,2,0,0,0
click,C:\Users\Zhifei Chen\Desktop\pysmell\subjects_for_metrics\click\tests\test_commands.py,87,2,0,0,0
click,C:\Users\Zhifei Chen\Desktop\pysmell\subjects_for_metrics\click\tests\test_commands.py,114,2,0,0,0
click,C:\Users\Zhifei Chen\Desktop\pysmell\subjects_for_metrics\click\tests\test_commands.py,199,2,0,0,0
click,C:\Users\Zhifei Chen\Desktop\pysmell\subjects_for_metrics\click\tests\test_commands.py,217,2,0,0,0
click,C:\Users\Zhifei Chen\Desktop\pysmell\subjects_for_metrics\click\tests\test_commands.py,240,2,0,0,0
click,C:\Users\Zhifei Chen\Desktop\pysmell\subjects_for_metrics\click\tests\test_compat.py,5,2,0,0,0
click,C:\Users\Zhifei Chen\Desktop\pysmell\subjects_for_metrics\click\tests\test_context.py,5,2,0,0,0
click,C:\Users\Zhifei Chen\Desktop\pysmell\subjects_for_metrics\click\tests\test_context.py,27,2,0,0,0
click,C:\Users\Zhifei Chen\Desktop\pysmell\subjects_for_metrics\click\tests\test_context.py,50,2,0,0,0
click,C:\Users\Zhifei Chen\Desktop\pysmell\subjects_for_metrics\click\tests\test_context.py,73,2,0,0,0
click,C:\Users\Zhifei Chen\Desktop\pysmell\subjects_for_metrics\click\tests\test_context.py,96,3,1,0,0
click,C:\Users\Zhifei Chen\Desktop\pysmell\subjects_for_metrics\click\tests\test_context.py,115,2,0,0,0
click,C:\Users\Zhifei Chen\Desktop\pysmell\subjects_for_metrics\click\tests\test_context.py,128,2,0,0,0
click,C:\Users\Zhifei Chen\Desktop\pysmell\subjects_for_metrics\click\tests\test_context.py,147,2,0,0,0
click,C:\Users\Zhifei Chen\Desktop\pysmell\subjects_for_metrics\click\tests\test_context.py,173,2,0,0,0
click,C:\Users\Zhifei Chen\Desktop\pysmell\subjects_for_metrics\click\tests\test_context.py,189,3,1,0,0
click,C:\Users\Zhifei Chen\Desktop\pysmell\subjects_for_metrics\click\tests\test_defaults.py,4,2,0,0,0
click,C:\Users\Zhifei Chen\Desktop\pysmell\subjects_for_metrics\click\tests\test_defaults.py,16,2,0,0,0
click,C:\Users\Zhifei Chen\Desktop\pysmell\subjects_for_metrics\click\tests\test_defaults.py,33,2,0,0,0
click,C:\Users\Zhifei Chen\Desktop\pysmell\subjects_for_metrics\click\tests\test_formatting.py,5,2,0,0,0
click,C:\Users\Zhifei Chen\Desktop\pysmell\subjects_for_metrics\click\tests\test_formatting.py,53,2,0,0,0
click,C:\Users\Zhifei Chen\Desktop\pysmell\subjects_for_metrics\click\tests\test_formatting.py,92,2,0,0,0
click,C:\Users\Zhifei Chen\Desktop\pysmell\subjects_for_metrics\click\tests\test_formatting.py,129,2,0,0,0
click,C:\Users\Zhifei Chen\Desktop\pysmell\subjects_for_metrics\click\tests\test_normalization.py,7,2,0,0,0
click,C:\Users\Zhifei Chen\Desktop\pysmell\subjects_for_metrics\click\tests\test_normalization.py,19,2,0,0,0
click,C:\Users\Zhifei Chen\Desktop\pysmell\subjects_for_metrics\click\tests\test_normalization.py,29,2,0,0,0
click,C:\Users\Zhifei Chen\Desktop\pysmell\subjects_for_metrics\click\tests\test_options.py,8,2,0,0,0
click,C:\Users\Zhifei Chen\Desktop\pysmell\subjects_for_metrics\click\tests\test_options.py,49,2,0,0,0
click,C:\Users\Zhifei Chen\Desktop\pysmell\subjects_for_metrics\click\tests\test_options.py,64,2,0,0,0
click,C:\Users\Zhifei Chen\Desktop\pysmell\subjects_for_metrics\click\tests\test_options.py,88,2,0,0,0
click,C:\Users\Zhifei Chen\Desktop\pysmell\subjects_for_metrics\click\tests\test_options.py,99,2,0,0,0
click,C:\Users\Zhifei Chen\Desktop\pysmell\subjects_for_metrics\click\tests\test_options.py,114,2,0,0,0
click,C:\Users\Zhifei Chen\Desktop\pysmell\subjects_for_metrics\click\tests\test_options.py,145,2,0,0,0
click,C:\Users\Zhifei Chen\Desktop\pysmell\subjects_for_metrics\click\tests\test_options.py,159,2,0,0,0
click,C:\Users\Zhifei Chen\Desktop\pysmell\subjects_for_metrics\click\tests\test_options.py,173,2,0,0,0
click,C:\Users\Zhifei Chen\Desktop\pysmell\subjects_for_metrics\click\tests\test_options.py,196,2,0,0,0
click,C:\Users\Zhifei Chen\Desktop\pysmell\subjects_for_metrics\click\tests\test_options.py,215,2,0,0,0
click,C:\Users\Zhifei Chen\Desktop\pysmell\subjects_for_metrics\click\tests\test_options.py,232,2,0,0,0
click,C:\Users\Zhifei Chen\Desktop\pysmell\subjects_for_metrics\click\tests\test_options.py,244,2,0,0,0
click,C:\Users\Zhifei Chen\Desktop\pysmell\subjects_for_metrics\click\tests\test_options.py,257,2,0,0,0
click,C:\Users\Zhifei Chen\Desktop\pysmell\subjects_for_metrics\click\tests\test_options.py,277,2,0,0,0
click,C:\Users\Zhifei Chen\Desktop\pysmell\subjects_for_metrics\click\tests\test_options.py,293,2,0,0,0
click,C:\Users\Zhifei Chen\Desktop\pysmell\subjects_for_metrics\click\tests\test_options.py,309,2,0,0,0
click,C:\Users\Zhifei Chen\Desktop\pysmell\subjects_for_metrics\click\tests\test_termui.py,4,2,0,0,0
click,C:\Users\Zhifei Chen\Desktop\pysmell\subjects_for_metrics\click\tests\test_testing.py,17,2,0,0,0
click,C:\Users\Zhifei Chen\Desktop\pysmell\subjects_for_metrics\click\tests\test_testing.py,40,2,0,0,0
click,C:\Users\Zhifei Chen\Desktop\pysmell\subjects_for_metrics\click\tests\test_testing.py,63,2,0,0,0
click,C:\Users\Zhifei Chen\Desktop\pysmell\subjects_for_metrics\click\tests\test_testing.py,85,2,0,0,0
click,C:\Users\Zhifei Chen\Desktop\pysmell\subjects_for_metrics\click\tests\test_testing.py,96,2,0,0,0
click,C:\Users\Zhifei Chen\Desktop\pysmell\subjects_for_metrics\click\tests\test_testing.py,120,2,0,0,0
click,C:\Users\Zhifei Chen\Desktop\pysmell\subjects_for_metrics\click\tests\test_testing.py,136,2,0,0,0
click,C:\Users\Zhifei Chen\Desktop\pysmell\subjects_for_metrics\click\tests\test_testing.py,147,2,0,0,0
click,C:\Users\Zhifei Chen\Desktop\pysmell\subjects_for_metrics\click\tests\test_utils.py,11,2,0,0,0
click,C:\Users\Zhifei Chen\Desktop\pysmell\subjects_for_metrics\click\tests\test_utils.py,89,2,0,0,0
click,C:\Users\Zhifei Chen\Desktop\pysmell\subjects_for_metrics\click\tests\test_utils.py,129,2,0,0,0
click,C:\Users\Zhifei Chen\Desktop\pysmell\subjects_for_metrics\click\tests\test_utils.py,180,2,0,0,0
