subject,file,lineno,LMC,experience-based,statistics-based,tuning machine
click,C:\Users\Zhifei Chen\Desktop\pysmell\subjects_for_metrics\click\click\core.py,31,2,0,0,0
click,C:\Users\Zhifei Chen\Desktop\pysmell\subjects_for_metrics\click\click\core.py,54,2,0,0,0
click,C:\Users\Zhifei Chen\Desktop\pysmell\subjects_for_metrics\click\click\core.py,55,2,0,0,0
click,C:\Users\Zhifei Chen\Desktop\pysmell\subjects_for_metrics\click\click\core.py,219,2,0,0,0
click,C:\Users\Zhifei Chen\Desktop\pysmell\subjects_for_metrics\click\click\core.py,301,2,0,0,0
click,C:\Users\Zhifei Chen\Desktop\pysmell\subjects_for_metrics\click\click\core.py,406,2,0,0,0
click,C:\Users\Zhifei Chen\Desktop\pysmell\subjects_for_metrics\click\click\core.py,425,2,0,0,0
click,C:\Users\Zhifei Chen\Desktop\pysmell\subjects_for_metrics\click\click\core.py,457,2,0,0,0
click,C:\Users\Zhifei Chen\Desktop\pysmell\subjects_for_metrics\click\click\core.py,482,2,0,0,0
click,C:\Users\Zhifei Chen\Desktop\pysmell\subjects_for_metrics\click\click\core.py,488,2,0,0,0
click,C:\Users\Zhifei Chen\Desktop\pysmell\subjects_for_metrics\click\click\core.py,688,2,0,0,0
click,C:\Users\Zhifei Chen\Desktop\pysmell\subjects_for_metrics\click\click\core.py,1046,2,0,0,0
click,C:\Users\Zhifei Chen\Desktop\pysmell\subjects_for_metrics\click\click\core.py,1072,2,0,0,0
click,C:\Users\Zhifei Chen\Desktop\pysmell\subjects_for_metrics\click\click\core.py,1161,2,0,0,0
click,C:\Users\Zhifei Chen\Desktop\pysmell\subjects_for_metrics\click\click\core.py,1181,2,0,0,0
click,C:\Users\Zhifei Chen\Desktop\pysmell\subjects_for_metrics\click\click\core.py,1253,2,0,0,0
click,C:\Users\Zhifei Chen\Desktop\pysmell\subjects_for_metrics\click\click\core.py,1254,2,0,0,0
click,C:\Users\Zhifei Chen\Desktop\pysmell\subjects_for_metrics\click\click\core.py,1278,2,0,0,0
click,C:\Users\Zhifei Chen\Desktop\pysmell\subjects_for_metrics\click\click\core.py,1280,3,0,0,0
click,C:\Users\Zhifei Chen\Desktop\pysmell\subjects_for_metrics\click\click\core.py,1310,2,0,0,0
click,C:\Users\Zhifei Chen\Desktop\pysmell\subjects_for_metrics\click\click\core.py,1360,2,0,0,0
click,C:\Users\Zhifei Chen\Desktop\pysmell\subjects_for_metrics\click\click\core.py,1364,2,0,0,0
click,C:\Users\Zhifei Chen\Desktop\pysmell\subjects_for_metrics\click\click\core.py,1369,2,0,0,0
click,C:\Users\Zhifei Chen\Desktop\pysmell\subjects_for_metrics\click\click\core.py,1443,2,0,0,0
click,C:\Users\Zhifei Chen\Desktop\pysmell\subjects_for_metrics\click\click\core.py,1612,2,0,0,0
click,C:\Users\Zhifei Chen\Desktop\pysmell\subjects_for_metrics\click\click\core.py,1643,2,0,0,0
click,C:\Users\Zhifei Chen\Desktop\pysmell\subjects_for_metrics\click\click\core.py,1644,2,0,0,0
click,C:\Users\Zhifei Chen\Desktop\pysmell\subjects_for_metrics\click\click\core.py,1652,2,0,0,0
click,C:\Users\Zhifei Chen\Desktop\pysmell\subjects_for_metrics\click\click\core.py,1688,2,0,0,0
click,C:\Users\Zhifei Chen\Desktop\pysmell\subjects_for_metrics\click\click\core.py,1693,2,0,0,0
click,C:\Users\Zhifei Chen\Desktop\pysmell\subjects_for_metrics\click\click\decorators.py,87,2,0,0,0
click,C:\Users\Zhifei Chen\Desktop\pysmell\subjects_for_metrics\click\click\decorators.py,131,2,0,0,0
click,C:\Users\Zhifei Chen\Desktop\pysmell\subjects_for_metrics\click\click\decorators.py,135,2,0,0,0
click,C:\Users\Zhifei Chen\Desktop\pysmell\subjects_for_metrics\click\click\decorators.py,237,2,0,0,0
click,C:\Users\Zhifei Chen\Desktop\pysmell\subjects_for_metrics\click\click\exceptions.py,46,2,0,0,0
click,C:\Users\Zhifei Chen\Desktop\pysmell\subjects_for_metrics\click\click\exceptions.py,47,2,0,0,0
click,C:\Users\Zhifei Chen\Desktop\pysmell\subjects_for_metrics\click\click\exceptions.py,79,2,0,0,0
click,C:\Users\Zhifei Chen\Desktop\pysmell\subjects_for_metrics\click\click\exceptions.py,79,2,0,0,0
click,C:\Users\Zhifei Chen\Desktop\pysmell\subjects_for_metrics\click\click\exceptions.py,108,2,0,0,0
click,C:\Users\Zhifei Chen\Desktop\pysmell\subjects_for_metrics\click\click\exceptions.py,108,2,0,0,0
click,C:\Users\Zhifei Chen\Desktop\pysmell\subjects_for_metrics\click\click\exceptions.py,116,2,0,0,0
click,C:\Users\Zhifei Chen\Desktop\pysmell\subjects_for_metrics\click\click\exceptions.py,119,3,0,0,0
click,C:\Users\Zhifei Chen\Desktop\pysmell\subjects_for_metrics\click\click\formatting.py,109,2,0,0,0
click,C:\Users\Zhifei Chen\Desktop\pysmell\subjects_for_metrics\click\click\globals.py,31,2,0,0,0
click,C:\Users\Zhifei Chen\Desktop\pysmell\subjects_for_metrics\click\click\globals.py,36,2,0,0,0
click,C:\Users\Zhifei Chen\Desktop\pysmell\subjects_for_metrics\click\click\parser.py,75,2,0,0,0
click,C:\Users\Zhifei Chen\Desktop\pysmell\subjects_for_metrics\click\click\parser.py,77,2,0,0,0
click,C:\Users\Zhifei Chen\Desktop\pysmell\subjects_for_metrics\click\click\parser.py,79,2,0,0,0
click,C:\Users\Zhifei Chen\Desktop\pysmell\subjects_for_metrics\click\click\parser.py,80,2,0,0,0
click,C:\Users\Zhifei Chen\Desktop\pysmell\subjects_for_metrics\click\click\parser.py,101,2,0,0,0
click,C:\Users\Zhifei Chen\Desktop\pysmell\subjects_for_metrics\click\click\parser.py,103,2,0,0,0
click,C:\Users\Zhifei Chen\Desktop\pysmell\subjects_for_metrics\click\click\parser.py,105,2,0,0,0
click,C:\Users\Zhifei Chen\Desktop\pysmell\subjects_for_metrics\click\click\parser.py,108,2,0,0,0
click,C:\Users\Zhifei Chen\Desktop\pysmell\subjects_for_metrics\click\click\parser.py,120,2,0,0,0
click,C:\Users\Zhifei Chen\Desktop\pysmell\subjects_for_metrics\click\click\parser.py,183,2,0,0,0
click,C:\Users\Zhifei Chen\Desktop\pysmell\subjects_for_metrics\click\click\parser.py,197,2,0,0,0
click,C:\Users\Zhifei Chen\Desktop\pysmell\subjects_for_metrics\click\click\parser.py,227,2,0,0,0
click,C:\Users\Zhifei Chen\Desktop\pysmell\subjects_for_metrics\click\click\parser.py,236,2,0,0,0
click,C:\Users\Zhifei Chen\Desktop\pysmell\subjects_for_metrics\click\click\parser.py,238,2,0,0,0
click,C:\Users\Zhifei Chen\Desktop\pysmell\subjects_for_metrics\click\click\parser.py,274,2,0,0,0
click,C:\Users\Zhifei Chen\Desktop\pysmell\subjects_for_metrics\click\click\parser.py,280,2,0,0,0
click,C:\Users\Zhifei Chen\Desktop\pysmell\subjects_for_metrics\click\click\parser.py,301,2,0,0,0
click,C:\Users\Zhifei Chen\Desktop\pysmell\subjects_for_metrics\click\click\parser.py,313,2,0,0,0
click,C:\Users\Zhifei Chen\Desktop\pysmell\subjects_for_metrics\click\click\parser.py,320,2,0,0,0
click,C:\Users\Zhifei Chen\Desktop\pysmell\subjects_for_metrics\click\click\parser.py,338,2,0,0,0
click,C:\Users\Zhifei Chen\Desktop\pysmell\subjects_for_metrics\click\click\termui.py,190,2,0,0,0
click,C:\Users\Zhifei Chen\Desktop\pysmell\subjects_for_metrics\click\click\termui.py,191,2,0,0,0
click,C:\Users\Zhifei Chen\Desktop\pysmell\subjects_for_metrics\click\click\termui.py,321,2,0,0,0
click,C:\Users\Zhifei Chen\Desktop\pysmell\subjects_for_metrics\click\click\testing.py,34,2,0,0,0
click,C:\Users\Zhifei Chen\Desktop\pysmell\subjects_for_metrics\click\click\testing.py,38,2,0,0,0
click,C:\Users\Zhifei Chen\Desktop\pysmell\subjects_for_metrics\click\click\testing.py,41,2,0,0,0
click,C:\Users\Zhifei Chen\Desktop\pysmell\subjects_for_metrics\click\click\testing.py,44,2,0,0,0
click,C:\Users\Zhifei Chen\Desktop\pysmell\subjects_for_metrics\click\click\testing.py,91,2,0,0,0
click,C:\Users\Zhifei Chen\Desktop\pysmell\subjects_for_metrics\click\click\testing.py,91,2,0,0,0
click,C:\Users\Zhifei Chen\Desktop\pysmell\subjects_for_metrics\click\click\testing.py,178,2,0,0,0
click,C:\Users\Zhifei Chen\Desktop\pysmell\subjects_for_metrics\click\click\testing.py,180,2,0,0,0
click,C:\Users\Zhifei Chen\Desktop\pysmell\subjects_for_metrics\click\click\testing.py,181,2,0,0,0
click,C:\Users\Zhifei Chen\Desktop\pysmell\subjects_for_metrics\click\click\testing.py,185,2,0,0,0
click,C:\Users\Zhifei Chen\Desktop\pysmell\subjects_for_metrics\click\click\testing.py,186,2,0,0,0
click,C:\Users\Zhifei Chen\Desktop\pysmell\subjects_for_metrics\click\click\testing.py,190,2,0,0,0
click,C:\Users\Zhifei Chen\Desktop\pysmell\subjects_for_metrics\click\click\testing.py,192,2,0,0,0
click,C:\Users\Zhifei Chen\Desktop\pysmell\subjects_for_metrics\click\click\testing.py,193,2,0,0,0
click,C:\Users\Zhifei Chen\Desktop\pysmell\subjects_for_metrics\click\click\testing.py,202,2,0,0,0
click,C:\Users\Zhifei Chen\Desktop\pysmell\subjects_for_metrics\click\click\testing.py,203,2,0,0,0
click,C:\Users\Zhifei Chen\Desktop\pysmell\subjects_for_metrics\click\click\testing.py,204,2,0,0,0
click,C:\Users\Zhifei Chen\Desktop\pysmell\subjects_for_metrics\click\click\testing.py,205,2,0,0,0
click,C:\Users\Zhifei Chen\Desktop\pysmell\subjects_for_metrics\click\click\testing.py,206,2,0,0,0
click,C:\Users\Zhifei Chen\Desktop\pysmell\subjects_for_metrics\click\click\testing.py,207,2,0,0,0
click,C:\Users\Zhifei Chen\Desktop\pysmell\subjects_for_metrics\click\click\testing.py,208,2,0,0,0
click,C:\Users\Zhifei Chen\Desktop\pysmell\subjects_for_metrics\click\click\testing.py,209,2,0,0,0
click,C:\Users\Zhifei Chen\Desktop\pysmell\subjects_for_metrics\click\click\testing.py,214,2,0,0,0
click,C:\Users\Zhifei Chen\Desktop\pysmell\subjects_for_metrics\click\click\testing.py,235,2,0,0,0
click,C:\Users\Zhifei Chen\Desktop\pysmell\subjects_for_metrics\click\click\testing.py,236,2,0,0,0
click,C:\Users\Zhifei Chen\Desktop\pysmell\subjects_for_metrics\click\click\testing.py,237,2,0,0,0
click,C:\Users\Zhifei Chen\Desktop\pysmell\subjects_for_metrics\click\click\testing.py,238,2,0,0,0
click,C:\Users\Zhifei Chen\Desktop\pysmell\subjects_for_metrics\click\click\testing.py,295,2,0,0,0
click,C:\Users\Zhifei Chen\Desktop\pysmell\subjects_for_metrics\click\click\types.py,286,2,0,0,0
click,C:\Users\Zhifei Chen\Desktop\pysmell\subjects_for_metrics\click\click\types.py,358,2,0,0,0
click,C:\Users\Zhifei Chen\Desktop\pysmell\subjects_for_metrics\click\click\types.py,382,2,0,0,0
click,C:\Users\Zhifei Chen\Desktop\pysmell\subjects_for_metrics\click\click\utils.py,187,2,0,0,0
click,C:\Users\Zhifei Chen\Desktop\pysmell\subjects_for_metrics\click\click\utils.py,397,2,0,0,0
click,C:\Users\Zhifei Chen\Desktop\pysmell\subjects_for_metrics\click\click\utils.py,438,2,0,0,0
click,C:\Users\Zhifei Chen\Desktop\pysmell\subjects_for_metrics\click\click\utils.py,440,2,0,0,0
click,C:\Users\Zhifei Chen\Desktop\pysmell\subjects_for_metrics\click\click\utils.py,441,2,0,0,0
click,C:\Users\Zhifei Chen\Desktop\pysmell\subjects_for_metrics\click\click\utils.py,443,2,0,0,0
click,C:\Users\Zhifei Chen\Desktop\pysmell\subjects_for_metrics\click\click\utils.py,443,2,0,0,0
click,C:\Users\Zhifei Chen\Desktop\pysmell\subjects_for_metrics\click\click\utils.py,445,2,0,0,0
click,C:\Users\Zhifei Chen\Desktop\pysmell\subjects_for_metrics\click\click\utils.py,445,2,0,0,0
click,C:\Users\Zhifei Chen\Desktop\pysmell\subjects_for_metrics\click\click\utils.py,447,2,0,0,0
click,C:\Users\Zhifei Chen\Desktop\pysmell\subjects_for_metrics\click\click\utils.py,448,2,0,0,0
click,C:\Users\Zhifei Chen\Desktop\pysmell\subjects_for_metrics\click\click\utils.py,448,2,0,0,0
click,C:\Users\Zhifei Chen\Desktop\pysmell\subjects_for_metrics\click\click\_bashcomplete.py,34,2,0,0,0
click,C:\Users\Zhifei Chen\Desktop\pysmell\subjects_for_metrics\click\click\_bashcomplete.py,57,2,0,0,0
click,C:\Users\Zhifei Chen\Desktop\pysmell\subjects_for_metrics\click\click\_bashcomplete.py,63,2,0,0,0
click,C:\Users\Zhifei Chen\Desktop\pysmell\subjects_for_metrics\click\click\_compat.py,12,2,0,0,0
click,C:\Users\Zhifei Chen\Desktop\pysmell\subjects_for_metrics\click\click\_compat.py,24,2,0,0,0
click,C:\Users\Zhifei Chen\Desktop\pysmell\subjects_for_metrics\click\click\_compat.py,27,2,0,0,0
click,C:\Users\Zhifei Chen\Desktop\pysmell\subjects_for_metrics\click\click\_compat.py,27,2,0,0,0
click,C:\Users\Zhifei Chen\Desktop\pysmell\subjects_for_metrics\click\click\_compat.py,85,2,0,0,0
click,C:\Users\Zhifei Chen\Desktop\pysmell\subjects_for_metrics\click\click\_compat.py,97,2,0,0,0
click,C:\Users\Zhifei Chen\Desktop\pysmell\subjects_for_metrics\click\click\_compat.py,98,2,0,0,0
click,C:\Users\Zhifei Chen\Desktop\pysmell\subjects_for_metrics\click\click\_compat.py,112,2,0,0,0
click,C:\Users\Zhifei Chen\Desktop\pysmell\subjects_for_metrics\click\click\_compat.py,135,2,0,0,0
click,C:\Users\Zhifei Chen\Desktop\pysmell\subjects_for_metrics\click\click\_compat.py,136,2,0,0,0
click,C:\Users\Zhifei Chen\Desktop\pysmell\subjects_for_metrics\click\click\_compat.py,463,2,0,0,0
click,C:\Users\Zhifei Chen\Desktop\pysmell\subjects_for_metrics\click\click\_compat.py,493,2,0,0,0
click,C:\Users\Zhifei Chen\Desktop\pysmell\subjects_for_metrics\click\click\_termui_impl.py,109,2,0,0,0
click,C:\Users\Zhifei Chen\Desktop\pysmell\subjects_for_metrics\click\click\_termui_impl.py,110,2,0,0,0
click,C:\Users\Zhifei Chen\Desktop\pysmell\subjects_for_metrics\click\click\_termui_impl.py,178,2,0,0,0
click,C:\Users\Zhifei Chen\Desktop\pysmell\subjects_for_metrics\click\click\_termui_impl.py,218,2,0,0,0
click,C:\Users\Zhifei Chen\Desktop\pysmell\subjects_for_metrics\click\click\_termui_impl.py,266,2,0,0,0
click,C:\Users\Zhifei Chen\Desktop\pysmell\subjects_for_metrics\click\click\_termui_impl.py,271,2,0,0,0
click,C:\Users\Zhifei Chen\Desktop\pysmell\subjects_for_metrics\click\click\_termui_impl.py,273,2,0,0,0
click,C:\Users\Zhifei Chen\Desktop\pysmell\subjects_for_metrics\click\click\_termui_impl.py,300,2,0,0,0
click,C:\Users\Zhifei Chen\Desktop\pysmell\subjects_for_metrics\click\click\_termui_impl.py,371,2,0,0,0
click,C:\Users\Zhifei Chen\Desktop\pysmell\subjects_for_metrics\click\click\_termui_impl.py,385,2,0,0,0
click,C:\Users\Zhifei Chen\Desktop\pysmell\subjects_for_metrics\click\click\_termui_impl.py,417,2,0,0,0
click,C:\Users\Zhifei Chen\Desktop\pysmell\subjects_for_metrics\click\click\_termui_impl.py,422,2,0,0,0
click,C:\Users\Zhifei Chen\Desktop\pysmell\subjects_for_metrics\click\click\_termui_impl.py,517,2,0,0,0
click,C:\Users\Zhifei Chen\Desktop\pysmell\subjects_for_metrics\click\docs\clickdoctools.py,35,2,0,0,0
click,C:\Users\Zhifei Chen\Desktop\pysmell\subjects_for_metrics\click\docs\clickdoctools.py,37,2,0,0,0
click,C:\Users\Zhifei Chen\Desktop\pysmell\subjects_for_metrics\click\docs\clickdoctools.py,41,2,0,0,0
click,C:\Users\Zhifei Chen\Desktop\pysmell\subjects_for_metrics\click\docs\clickdoctools.py,44,2,0,0,0
click,C:\Users\Zhifei Chen\Desktop\pysmell\subjects_for_metrics\click\docs\clickdoctools.py,47,2,0,0,0
click,C:\Users\Zhifei Chen\Desktop\pysmell\subjects_for_metrics\click\docs\clickdoctools.py,78,2,0,0,0
click,C:\Users\Zhifei Chen\Desktop\pysmell\subjects_for_metrics\click\docs\clickdoctools.py,81,2,0,0,0
click,C:\Users\Zhifei Chen\Desktop\pysmell\subjects_for_metrics\click\docs\clickdoctools.py,83,2,0,0,0
click,C:\Users\Zhifei Chen\Desktop\pysmell\subjects_for_metrics\click\docs\clickdoctools.py,84,2,0,0,0
click,C:\Users\Zhifei Chen\Desktop\pysmell\subjects_for_metrics\click\docs\clickdoctools.py,88,2,0,0,0
click,C:\Users\Zhifei Chen\Desktop\pysmell\subjects_for_metrics\click\docs\clickdoctools.py,89,2,0,0,0
click,C:\Users\Zhifei Chen\Desktop\pysmell\subjects_for_metrics\click\docs\clickdoctools.py,94,2,0,0,0
click,C:\Users\Zhifei Chen\Desktop\pysmell\subjects_for_metrics\click\docs\clickdoctools.py,95,2,0,0,0
click,C:\Users\Zhifei Chen\Desktop\pysmell\subjects_for_metrics\click\docs\clickdoctools.py,96,2,0,0,0
click,C:\Users\Zhifei Chen\Desktop\pysmell\subjects_for_metrics\click\docs\clickdoctools.py,97,2,0,0,0
click,C:\Users\Zhifei Chen\Desktop\pysmell\subjects_for_metrics\click\docs\clickdoctools.py,103,2,0,0,0
click,C:\Users\Zhifei Chen\Desktop\pysmell\subjects_for_metrics\click\docs\clickdoctools.py,117,2,0,0,0
click,C:\Users\Zhifei Chen\Desktop\pysmell\subjects_for_metrics\click\docs\clickdoctools.py,118,2,0,0,0
click,C:\Users\Zhifei Chen\Desktop\pysmell\subjects_for_metrics\click\docs\clickdoctools.py,163,2,0,0,0
click,C:\Users\Zhifei Chen\Desktop\pysmell\subjects_for_metrics\click\docs\clickdoctools.py,197,2,0,0,0
click,C:\Users\Zhifei Chen\Desktop\pysmell\subjects_for_metrics\click\docs\clickdoctools.py,198,2,0,0,0
click,C:\Users\Zhifei Chen\Desktop\pysmell\subjects_for_metrics\click\docs\clickdoctools.py,199,2,0,0,0
click,C:\Users\Zhifei Chen\Desktop\pysmell\subjects_for_metrics\click\docs\clickdoctools.py,200,2,0,0,0
click,C:\Users\Zhifei Chen\Desktop\pysmell\subjects_for_metrics\click\docs\clickdoctools.py,202,2,0,0,0
click,C:\Users\Zhifei Chen\Desktop\pysmell\subjects_for_metrics\click\docs\clickdoctools.py,203,2,0,0,0
click,C:\Users\Zhifei Chen\Desktop\pysmell\subjects_for_metrics\click\docs\clickdoctools.py,222,2,0,0,0
click,C:\Users\Zhifei Chen\Desktop\pysmell\subjects_for_metrics\click\docs\clickdoctools.py,243,2,0,0,0
click,C:\Users\Zhifei Chen\Desktop\pysmell\subjects_for_metrics\click\docs\conf.py,20,2,0,0,0
click,C:\Users\Zhifei Chen\Desktop\pysmell\subjects_for_metrics\click\docs\conf.py,20,2,0,0,0
click,C:\Users\Zhifei Chen\Desktop\pysmell\subjects_for_metrics\click\docs\conf.py,21,2,0,0,0
click,C:\Users\Zhifei Chen\Desktop\pysmell\subjects_for_metrics\click\docs\conf.py,21,2,0,0,0
click,C:\Users\Zhifei Chen\Desktop\pysmell\subjects_for_metrics\click\docs\conf.py,47,2,0,0,0
click,C:\Users\Zhifei Chen\Desktop\pysmell\subjects_for_metrics\click\examples\aliases\aliases.py,36,2,0,0,0
click,C:\Users\Zhifei Chen\Desktop\pysmell\subjects_for_metrics\click\examples\aliases\aliases.py,47,2,0,0,0
click,C:\Users\Zhifei Chen\Desktop\pysmell\subjects_for_metrics\click\examples\aliases\aliases.py,58,2,0,0,0
click,C:\Users\Zhifei Chen\Desktop\pysmell\subjects_for_metrics\click\examples\aliases\aliases.py,70,2,0,0,0
click,C:\Users\Zhifei Chen\Desktop\pysmell\subjects_for_metrics\click\examples\aliases\aliases.py,70,2,0,0,0
click,C:\Users\Zhifei Chen\Desktop\pysmell\subjects_for_metrics\click\examples\complex\complex\cli.py,28,2,0,0,0
click,C:\Users\Zhifei Chen\Desktop\pysmell\subjects_for_metrics\click\examples\complex\complex\cli.py,28,2,0,0,0
click,C:\Users\Zhifei Chen\Desktop\pysmell\subjects_for_metrics\click\examples\complex\complex\cli.py,28,2,0,0,0
click,C:\Users\Zhifei Chen\Desktop\pysmell\subjects_for_metrics\click\examples\repo\repo.py,46,2,0,0,0
click,C:\Users\Zhifei Chen\Desktop\pysmell\subjects_for_metrics\click\examples\repo\repo.py,47,2,0,0,0
click,C:\Users\Zhifei Chen\Desktop\pysmell\subjects_for_metrics\click\examples\repo\repo.py,49,2,0,0,0
click,C:\Users\Zhifei Chen\Desktop\pysmell\subjects_for_metrics\click\examples\repo\repo.py,69,2,0,0,0
click,C:\Users\Zhifei Chen\Desktop\pysmell\subjects_for_metrics\click\tests\test_arguments.py,15,2,0,0,0
click,C:\Users\Zhifei Chen\Desktop\pysmell\subjects_for_metrics\click\tests\test_arguments.py,43,2,0,0,0
click,C:\Users\Zhifei Chen\Desktop\pysmell\subjects_for_metrics\click\tests\test_arguments.py,65,2,0,0,0
click,C:\Users\Zhifei Chen\Desktop\pysmell\subjects_for_metrics\click\tests\test_arguments.py,213,2,0,0,0
click,C:\Users\Zhifei Chen\Desktop\pysmell\subjects_for_metrics\click\tests\test_arguments.py,220,2,0,0,0
click,C:\Users\Zhifei Chen\Desktop\pysmell\subjects_for_metrics\click\tests\test_arguments.py,237,2,0,0,0
click,C:\Users\Zhifei Chen\Desktop\pysmell\subjects_for_metrics\click\tests\test_arguments.py,254,2,0,0,0
click,C:\Users\Zhifei Chen\Desktop\pysmell\subjects_for_metrics\click\tests\test_basic.py,250,2,0,0,0
click,C:\Users\Zhifei Chen\Desktop\pysmell\subjects_for_metrics\click\tests\test_basic.py,269,2,0,0,0
click,C:\Users\Zhifei Chen\Desktop\pysmell\subjects_for_metrics\click\tests\test_basic.py,270,2,0,0,0
click,C:\Users\Zhifei Chen\Desktop\pysmell\subjects_for_metrics\click\tests\test_basic.py,284,2,0,0,0
click,C:\Users\Zhifei Chen\Desktop\pysmell\subjects_for_metrics\click\tests\test_chain.py,19,2,0,0,0
click,C:\Users\Zhifei Chen\Desktop\pysmell\subjects_for_metrics\click\tests\test_chain.py,77,2,0,0,0
click,C:\Users\Zhifei Chen\Desktop\pysmell\subjects_for_metrics\click\tests\test_chain.py,100,2,0,0,0
click,C:\Users\Zhifei Chen\Desktop\pysmell\subjects_for_metrics\click\tests\test_chain.py,136,2,0,0,0
click,C:\Users\Zhifei Chen\Desktop\pysmell\subjects_for_metrics\click\tests\test_chain.py,143,2,0,0,0
click,C:\Users\Zhifei Chen\Desktop\pysmell\subjects_for_metrics\click\tests\test_chain.py,151,2,0,0,0
click,C:\Users\Zhifei Chen\Desktop\pysmell\subjects_for_metrics\click\tests\test_commands.py,124,2,0,0,0
click,C:\Users\Zhifei Chen\Desktop\pysmell\subjects_for_metrics\click\tests\test_commands.py,137,2,0,0,0
click,C:\Users\Zhifei Chen\Desktop\pysmell\subjects_for_metrics\click\tests\test_commands.py,140,2,0,0,0
click,C:\Users\Zhifei Chen\Desktop\pysmell\subjects_for_metrics\click\tests\test_commands.py,161,2,0,0,0
click,C:\Users\Zhifei Chen\Desktop\pysmell\subjects_for_metrics\click\tests\test_commands.py,169,2,0,0,0
click,C:\Users\Zhifei Chen\Desktop\pysmell\subjects_for_metrics\click\tests\test_commands.py,252,2,0,0,0
click,C:\Users\Zhifei Chen\Desktop\pysmell\subjects_for_metrics\click\tests\test_context.py,38,2,0,0,0
click,C:\Users\Zhifei Chen\Desktop\pysmell\subjects_for_metrics\click\tests\test_context.py,61,2,0,0,0
click,C:\Users\Zhifei Chen\Desktop\pysmell\subjects_for_metrics\click\tests\test_context.py,135,2,0,0,0
click,C:\Users\Zhifei Chen\Desktop\pysmell\subjects_for_metrics\click\tests\test_defaults.py,27,2,0,0,0
click,C:\Users\Zhifei Chen\Desktop\pysmell\subjects_for_metrics\click\tests\test_defaults.py,43,2,0,0,0
click,C:\Users\Zhifei Chen\Desktop\pysmell\subjects_for_metrics\click\tests\test_formatting.py,30,2,0,0,0
click,C:\Users\Zhifei Chen\Desktop\pysmell\subjects_for_metrics\click\tests\test_formatting.py,80,2,0,0,0
click,C:\Users\Zhifei Chen\Desktop\pysmell\subjects_for_metrics\click\tests\test_formatting.py,117,2,0,0,0
click,C:\Users\Zhifei Chen\Desktop\pysmell\subjects_for_metrics\click\tests\test_formatting.py,138,2,0,0,0
click,C:\Users\Zhifei Chen\Desktop\pysmell\subjects_for_metrics\click\tests\test_options.py,58,2,0,0,0
click,C:\Users\Zhifei Chen\Desktop\pysmell\subjects_for_metrics\click\tests\test_options.py,88,2,0,0,0
click,C:\Users\Zhifei Chen\Desktop\pysmell\subjects_for_metrics\click\tests\test_options.py,140,2,0,0,0
click,C:\Users\Zhifei Chen\Desktop\pysmell\subjects_for_metrics\click\tests\test_options.py,271,2,0,0,0
click,C:\Users\Zhifei Chen\Desktop\pysmell\subjects_for_metrics\click\tests\test_utils.py,144,2,0,0,0
click,C:\Users\Zhifei Chen\Desktop\pysmell\subjects_for_metrics\click\tests\test_utils.py,262,2,0,0,0
click,C:\Users\Zhifei Chen\Desktop\pysmell\subjects_for_metrics\click\tests\test_utils.py,264,2,0,0,0
click,C:\Users\Zhifei Chen\Desktop\pysmell\subjects_for_metrics\click\tests\test_utils.py,272,2,0,0,0
click,C:\Users\Zhifei Chen\Desktop\pysmell\subjects_for_metrics\click\tests\test_utils.py,274,2,0,0,0
