subject,file,lineno,MLOC,experience-based,statistics-based,tuning machine
click,C:\Users\Zhifei Chen\Desktop\pysmell\subjects_for_metrics\click\click\core.py,27,8,0,0,0
click,C:\Users\Zhifei Chen\Desktop\pysmell\subjects_for_metrics\click\click\core.py,40,10,0,0,0
click,C:\Users\Zhifei Chen\Desktop\pysmell\subjects_for_metrics\click\click\core.py,59,1,0,0,0
click,C:\Users\Zhifei Chen\Desktop\pysmell\subjects_for_metrics\click\click\core.py,63,8,0,0,0
click,C:\Users\Zhifei Chen\Desktop\pysmell\subjects_for_metrics\click\click\core.py,78,13,0,0,0
click,C:\Users\Zhifei Chen\Desktop\pysmell\subjects_for_metrics\click\click\core.py,97,2,0,0,0
click,C:\Users\Zhifei Chen\Desktop\pysmell\subjects_for_metrics\click\click\core.py,102,5,0,0,0
click,C:\Users\Zhifei Chen\Desktop\pysmell\subjects_for_metrics\click\click\core.py,191,52,1,1,1
click,C:\Users\Zhifei Chen\Desktop\pysmell\subjects_for_metrics\click\click\core.py,315,3,0,0,0
click,C:\Users\Zhifei Chen\Desktop\pysmell\subjects_for_metrics\click\click\core.py,320,4,0,0,0
click,C:\Users\Zhifei Chen\Desktop\pysmell\subjects_for_metrics\click\click\core.py,326,8,0,0,0
click,C:\Users\Zhifei Chen\Desktop\pysmell\subjects_for_metrics\click\click\core.py,364,2,0,0,0
click,C:\Users\Zhifei Chen\Desktop\pysmell\subjects_for_metrics\click\click\core.py,392,1,0,0,0
click,C:\Users\Zhifei Chen\Desktop\pysmell\subjects_for_metrics\click\click\core.py,397,2,0,0,0
click,C:\Users\Zhifei Chen\Desktop\pysmell\subjects_for_metrics\click\click\core.py,409,3,0,0,0
click,C:\Users\Zhifei Chen\Desktop\pysmell\subjects_for_metrics\click\click\core.py,415,7,0,0,0
click,C:\Users\Zhifei Chen\Desktop\pysmell\subjects_for_metrics\click\click\core.py,428,4,0,0,0
click,C:\Users\Zhifei Chen\Desktop\pysmell\subjects_for_metrics\click\click\core.py,435,5,0,0,0
click,C:\Users\Zhifei Chen\Desktop\pysmell\subjects_for_metrics\click\click\core.py,443,4,0,0,0
click,C:\Users\Zhifei Chen\Desktop\pysmell\subjects_for_metrics\click\click\core.py,452,5,0,0,0
click,C:\Users\Zhifei Chen\Desktop\pysmell\subjects_for_metrics\click\click\core.py,462,1,0,0,0
click,C:\Users\Zhifei Chen\Desktop\pysmell\subjects_for_metrics\click\click\core.py,470,1,0,0,0
click,C:\Users\Zhifei Chen\Desktop\pysmell\subjects_for_metrics\click\click\core.py,474,1,0,0,0
click,C:\Users\Zhifei Chen\Desktop\pysmell\subjects_for_metrics\click\click\core.py,478,1,0,0,0
click,C:\Users\Zhifei Chen\Desktop\pysmell\subjects_for_metrics\click\click\core.py,484,1,0,0,0
click,C:\Users\Zhifei Chen\Desktop\pysmell\subjects_for_metrics\click\click\core.py,490,15,0,0,0
click,C:\Users\Zhifei Chen\Desktop\pysmell\subjects_for_metrics\click\click\core.py,529,7,0,0,0
click,C:\Users\Zhifei Chen\Desktop\pysmell\subjects_for_metrics\click\click\core.py,576,4,0,0,0
click,C:\Users\Zhifei Chen\Desktop\pysmell\subjects_for_metrics\click\click\core.py,587,1,0,0,0
click,C:\Users\Zhifei Chen\Desktop\pysmell\subjects_for_metrics\click\click\core.py,590,1,0,0,0
click,C:\Users\Zhifei Chen\Desktop\pysmell\subjects_for_metrics\click\click\core.py,593,7,0,0,0
click,C:\Users\Zhifei Chen\Desktop\pysmell\subjects_for_metrics\click\click\core.py,616,1,0,0,0
click,C:\Users\Zhifei Chen\Desktop\pysmell\subjects_for_metrics\click\click\core.py,624,1,0,0,0
click,C:\Users\Zhifei Chen\Desktop\pysmell\subjects_for_metrics\click\click\core.py,630,36,1,1,0
click,C:\Users\Zhifei Chen\Desktop\pysmell\subjects_for_metrics\click\click\core.py,717,1,0,0,0
click,C:\Users\Zhifei Chen\Desktop\pysmell\subjects_for_metrics\click\click\core.py,745,9,0,0,0
click,C:\Users\Zhifei Chen\Desktop\pysmell\subjects_for_metrics\click\click\core.py,764,3,0,0,0
click,C:\Users\Zhifei Chen\Desktop\pysmell\subjects_for_metrics\click\click\core.py,769,5,0,0,0
click,C:\Users\Zhifei Chen\Desktop\pysmell\subjects_for_metrics\click\click\core.py,776,2,0,0,0
click,C:\Users\Zhifei Chen\Desktop\pysmell\subjects_for_metrics\click\click\core.py,781,4,0,0,0
click,C:\Users\Zhifei Chen\Desktop\pysmell\subjects_for_metrics\click\click\core.py,790,5,0,0,0
click,C:\Users\Zhifei Chen\Desktop\pysmell\subjects_for_metrics\click\click\core.py,798,5,0,0,0
click,C:\Users\Zhifei Chen\Desktop\pysmell\subjects_for_metrics\click\click\core.py,804,3,0,0,0
click,C:\Users\Zhifei Chen\Desktop\pysmell\subjects_for_metrics\click\click\core.py,813,6,0,0,0
click,C:\Users\Zhifei Chen\Desktop\pysmell\subjects_for_metrics\click\click\core.py,822,3,0,0,0
click,C:\Users\Zhifei Chen\Desktop\pysmell\subjects_for_metrics\click\click\core.py,830,4,0,0,0
click,C:\Users\Zhifei Chen\Desktop\pysmell\subjects_for_metrics\click\click\core.py,845,4,0,0,0
click,C:\Users\Zhifei Chen\Desktop\pysmell\subjects_for_metrics\click\click\core.py,852,8,0,0,0
click,C:\Users\Zhifei Chen\Desktop\pysmell\subjects_for_metrics\click\click\core.py,864,4,0,0,0
click,C:\Users\Zhifei Chen\Desktop\pysmell\subjects_for_metrics\click\click\core.py,871,11,0,0,0
click,C:\Users\Zhifei Chen\Desktop\pysmell\subjects_for_metrics\click\click\core.py,887,2,0,0,0
click,C:\Users\Zhifei Chen\Desktop\pysmell\subjects_for_metrics\click\click\core.py,921,11,0,0,0
click,C:\Users\Zhifei Chen\Desktop\pysmell\subjects_for_metrics\click\click\core.py,940,3,0,0,0
click,C:\Users\Zhifei Chen\Desktop\pysmell\subjects_for_metrics\click\click\core.py,945,1,0,0,0
click,C:\Users\Zhifei Chen\Desktop\pysmell\subjects_for_metrics\click\click\core.py,949,2,0,0,0
click,C:\Users\Zhifei Chen\Desktop\pysmell\subjects_for_metrics\click\click\core.py,974,7,0,0,0
click,C:\Users\Zhifei Chen\Desktop\pysmell\subjects_for_metrics\click\click\core.py,979,2,0,0,0
click,C:\Users\Zhifei Chen\Desktop\pysmell\subjects_for_metrics\click\click\core.py,986,10,0,0,0
click,C:\Users\Zhifei Chen\Desktop\pysmell\subjects_for_metrics\click\click\core.py,1004,4,0,0,0
click,C:\Users\Zhifei Chen\Desktop\pysmell\subjects_for_metrics\click\click\core.py,1010,32,1,1,0
click,C:\Users\Zhifei Chen\Desktop\pysmell\subjects_for_metrics\click\click\core.py,1011,4,0,0,0
click,C:\Users\Zhifei Chen\Desktop\pysmell\subjects_for_metrics\click\click\core.py,1075,11,0,0,0
click,C:\Users\Zhifei Chen\Desktop\pysmell\subjects_for_metrics\click\click\core.py,1101,1,0,0,0
click,C:\Users\Zhifei Chen\Desktop\pysmell\subjects_for_metrics\click\click\core.py,1107,1,0,0,0
click,C:\Users\Zhifei Chen\Desktop\pysmell\subjects_for_metrics\click\click\core.py,1121,1,0,0,0
click,C:\Users\Zhifei Chen\Desktop\pysmell\subjects_for_metrics\click\click\core.py,1126,5,0,0,0
click,C:\Users\Zhifei Chen\Desktop\pysmell\subjects_for_metrics\click\click\core.py,1136,2,0,0,0
click,C:\Users\Zhifei Chen\Desktop\pysmell\subjects_for_metrics\click\click\core.py,1142,3,0,0,0
click,C:\Users\Zhifei Chen\Desktop\pysmell\subjects_for_metrics\click\click\core.py,1148,2,0,0,0
click,C:\Users\Zhifei Chen\Desktop\pysmell\subjects_for_metrics\click\click\core.py,1154,3,0,0,0
click,C:\Users\Zhifei Chen\Desktop\pysmell\subjects_for_metrics\click\click\core.py,1160,1,0,0,0
click,C:\Users\Zhifei Chen\Desktop\pysmell\subjects_for_metrics\click\click\core.py,1163,1,0,0,0
click,C:\Users\Zhifei Chen\Desktop\pysmell\subjects_for_metrics\click\click\core.py,1174,1,0,0,0
click,C:\Users\Zhifei Chen\Desktop\pysmell\subjects_for_metrics\click\click\core.py,1179,1,0,0,0
click,C:\Users\Zhifei Chen\Desktop\pysmell\subjects_for_metrics\click\click\core.py,1183,6,0,0,0
click,C:\Users\Zhifei Chen\Desktop\pysmell\subjects_for_metrics\click\click\core.py,1191,4,0,0,0
click,C:\Users\Zhifei Chen\Desktop\pysmell\subjects_for_metrics\click\click\core.py,1242,16,0,0,0
click,C:\Users\Zhifei Chen\Desktop\pysmell\subjects_for_metrics\click\click\core.py,1268,2,0,0,0
click,C:\Users\Zhifei Chen\Desktop\pysmell\subjects_for_metrics\click\click\core.py,1275,8,0,0,0
click,C:\Users\Zhifei Chen\Desktop\pysmell\subjects_for_metrics\click\click\core.py,1285,4,0,0,0
click,C:\Users\Zhifei Chen\Desktop\pysmell\subjects_for_metrics\click\click\core.py,1294,1,0,0,0
click,C:\Users\Zhifei Chen\Desktop\pysmell\subjects_for_metrics\click\click\core.py,1297,6,0,0,0
click,C:\Users\Zhifei Chen\Desktop\pysmell\subjects_for_metrics\click\click\core.py,1305,9,0,0,0
click,C:\Users\Zhifei Chen\Desktop\pysmell\subjects_for_metrics\click\click\core.py,1320,3,0,0,0
click,C:\Users\Zhifei Chen\Desktop\pysmell\subjects_for_metrics\click\click\core.py,1326,2,0,0,0
click,C:\Users\Zhifei Chen\Desktop\pysmell\subjects_for_metrics\click\click\core.py,1337,5,0,0,0
click,C:\Users\Zhifei Chen\Desktop\pysmell\subjects_for_metrics\click\click\core.py,1344,6,0,0,0
click,C:\Users\Zhifei Chen\Desktop\pysmell\subjects_for_metrics\click\click\core.py,1355,8,0,0,0
click,C:\Users\Zhifei Chen\Desktop\pysmell\subjects_for_metrics\click\click\core.py,1366,4,0,0,0
click,C:\Users\Zhifei Chen\Desktop\pysmell\subjects_for_metrics\click\click\core.py,1372,18,0,0,0
click,C:\Users\Zhifei Chen\Desktop\pysmell\subjects_for_metrics\click\click\core.py,1393,1,0,0,0
click,C:\Users\Zhifei Chen\Desktop\pysmell\subjects_for_metrics\click\click\core.py,1396,1,0,0,0
click,C:\Users\Zhifei Chen\Desktop\pysmell\subjects_for_metrics\click\click\core.py,1434,50,1,1,0
click,C:\Users\Zhifei Chen\Desktop\pysmell\subjects_for_metrics\click\click\core.py,1504,34,1,1,0
click,C:\Users\Zhifei Chen\Desktop\pysmell\subjects_for_metrics\click\click\core.py,1548,20,0,0,0
click,C:\Users\Zhifei Chen\Desktop\pysmell\subjects_for_metrics\click\click\core.py,1577,17,0,0,0
click,C:\Users\Zhifei Chen\Desktop\pysmell\subjects_for_metrics\click\click\core.py,1580,6,0,0,0
click,C:\Users\Zhifei Chen\Desktop\pysmell\subjects_for_metrics\click\click\core.py,1606,6,0,0,0
click,C:\Users\Zhifei Chen\Desktop\pysmell\subjects_for_metrics\click\click\core.py,1618,4,0,0,0
click,C:\Users\Zhifei Chen\Desktop\pysmell\subjects_for_metrics\click\click\core.py,1637,7,0,0,0
click,C:\Users\Zhifei Chen\Desktop\pysmell\subjects_for_metrics\click\click\core.py,1646,9,0,0,0
click,C:\Users\Zhifei Chen\Desktop\pysmell\subjects_for_metrics\click\click\core.py,1657,4,0,0,0
click,C:\Users\Zhifei Chen\Desktop\pysmell\subjects_for_metrics\click\click\core.py,1673,7,0,0,0
click,C:\Users\Zhifei Chen\Desktop\pysmell\subjects_for_metrics\click\click\core.py,1684,4,0,0,0
click,C:\Users\Zhifei Chen\Desktop\pysmell\subjects_for_metrics\click\click\core.py,1690,8,0,0,0
click,C:\Users\Zhifei Chen\Desktop\pysmell\subjects_for_metrics\click\click\core.py,1700,12,0,0,0
click,C:\Users\Zhifei Chen\Desktop\pysmell\subjects_for_metrics\click\click\core.py,1715,1,0,0,0
click,C:\Users\Zhifei Chen\Desktop\pysmell\subjects_for_metrics\click\click\core.py,1718,0,0,0,0
click,C:\Users\Zhifei Chen\Desktop\pysmell\subjects_for_metrics\click\click\decorators.py,11,2,0,0,0
click,C:\Users\Zhifei Chen\Desktop\pysmell\subjects_for_metrics\click\click\decorators.py,15,1,0,0,0
click,C:\Users\Zhifei Chen\Desktop\pysmell\subjects_for_metrics\click\click\decorators.py,20,2,0,0,0
click,C:\Users\Zhifei Chen\Desktop\pysmell\subjects_for_metrics\click\click\decorators.py,25,1,0,0,0
click,C:\Users\Zhifei Chen\Desktop\pysmell\subjects_for_metrics\click\click\decorators.py,30,2,0,0,0
click,C:\Users\Zhifei Chen\Desktop\pysmell\subjects_for_metrics\click\click\decorators.py,52,2,0,0,0
click,C:\Users\Zhifei Chen\Desktop\pysmell\subjects_for_metrics\click\click\decorators.py,53,8,0,0,0
click,C:\Users\Zhifei Chen\Desktop\pysmell\subjects_for_metrics\click\click\decorators.py,68,18,0,0,0
click,C:\Users\Zhifei Chen\Desktop\pysmell\subjects_for_metrics\click\click\decorators.py,91,4,0,0,0
click,C:\Users\Zhifei Chen\Desktop\pysmell\subjects_for_metrics\click\click\decorators.py,113,3,0,0,0
click,C:\Users\Zhifei Chen\Desktop\pysmell\subjects_for_metrics\click\click\decorators.py,120,2,0,0,0
click,C:\Users\Zhifei Chen\Desktop\pysmell\subjects_for_metrics\click\click\decorators.py,129,5,0,0,0
click,C:\Users\Zhifei Chen\Desktop\pysmell\subjects_for_metrics\click\click\decorators.py,138,2,0,0,0
click,C:\Users\Zhifei Chen\Desktop\pysmell\subjects_for_metrics\click\click\decorators.py,148,3,0,0,0
click,C:\Users\Zhifei Chen\Desktop\pysmell\subjects_for_metrics\click\click\decorators.py,155,2,0,0,0
click,C:\Users\Zhifei Chen\Desktop\pysmell\subjects_for_metrics\click\click\decorators.py,165,5,0,0,0
click,C:\Users\Zhifei Chen\Desktop\pysmell\subjects_for_metrics\click\click\decorators.py,174,2,0,0,0
click,C:\Users\Zhifei Chen\Desktop\pysmell\subjects_for_metrics\click\click\decorators.py,191,7,0,0,0
click,C:\Users\Zhifei Chen\Desktop\pysmell\subjects_for_metrics\click\click\decorators.py,192,2,0,0,0
click,C:\Users\Zhifei Chen\Desktop\pysmell\subjects_for_metrics\click\click\decorators.py,204,2,0,0,0
click,C:\Users\Zhifei Chen\Desktop\pysmell\subjects_for_metrics\click\click\decorators.py,216,3,0,0,0
click,C:\Users\Zhifei Chen\Desktop\pysmell\subjects_for_metrics\click\click\decorators.py,224,4,0,0,0
click,C:\Users\Zhifei Chen\Desktop\pysmell\subjects_for_metrics\click\click\decorators.py,238,9,0,0,0
click,C:\Users\Zhifei Chen\Desktop\pysmell\subjects_for_metrics\click\click\decorators.py,242,23,0,0,0
click,C:\Users\Zhifei Chen\Desktop\pysmell\subjects_for_metrics\click\click\decorators.py,278,2,0,0,0
click,C:\Users\Zhifei Chen\Desktop\pysmell\subjects_for_metrics\click\click\decorators.py,288,7,0,0,0
click,C:\Users\Zhifei Chen\Desktop\pysmell\subjects_for_metrics\click\click\decorators.py,289,3,0,0,0
click,C:\Users\Zhifei Chen\Desktop\pysmell\subjects_for_metrics\click\click\exceptions.py,11,5,0,0,0
click,C:\Users\Zhifei Chen\Desktop\pysmell\subjects_for_metrics\click\click\exceptions.py,18,1,0,0,0
click,C:\Users\Zhifei Chen\Desktop\pysmell\subjects_for_metrics\click\click\exceptions.py,21,3,0,0,0
click,C:\Users\Zhifei Chen\Desktop\pysmell\subjects_for_metrics\click\click\exceptions.py,37,1,0,0,0
click,C:\Users\Zhifei Chen\Desktop\pysmell\subjects_for_metrics\click\click\exceptions.py,41,7,0,0,0
click,C:\Users\Zhifei Chen\Desktop\pysmell\subjects_for_metrics\click\click\exceptions.py,69,2,0,0,0
click,C:\Users\Zhifei Chen\Desktop\pysmell\subjects_for_metrics\click\click\exceptions.py,75,8,0,0,0
click,C:\Users\Zhifei Chen\Desktop\pysmell\subjects_for_metrics\click\click\exceptions.py,99,1,0,0,0
click,C:\Users\Zhifei Chen\Desktop\pysmell\subjects_for_metrics\click\click\exceptions.py,104,21,0,0,0
click,C:\Users\Zhifei Chen\Desktop\pysmell\subjects_for_metrics\click\click\exceptions.py,141,5,0,0,0
click,C:\Users\Zhifei Chen\Desktop\pysmell\subjects_for_metrics\click\click\exceptions.py,149,7,0,0,0
click,C:\Users\Zhifei Chen\Desktop\pysmell\subjects_for_metrics\click\click\exceptions.py,168,0,0,0,0
click,C:\Users\Zhifei Chen\Desktop\pysmell\subjects_for_metrics\click\click\exceptions.py,175,6,0,0,0
click,C:\Users\Zhifei Chen\Desktop\pysmell\subjects_for_metrics\click\click\exceptions.py,183,1,0,0,0
click,C:\Users\Zhifei Chen\Desktop\pysmell\subjects_for_metrics\click\click\formatting.py,7,5,0,0,0
click,C:\Users\Zhifei Chen\Desktop\pysmell\subjects_for_metrics\click\click\formatting.py,15,3,0,0,0
click,C:\Users\Zhifei Chen\Desktop\pysmell\subjects_for_metrics\click\click\formatting.py,21,26,1,0,0
click,C:\Users\Zhifei Chen\Desktop\pysmell\subjects_for_metrics\click\click\formatting.py,53,6,0,0,0
click,C:\Users\Zhifei Chen\Desktop\pysmell\subjects_for_metrics\click\click\formatting.py,97,8,0,0,0
click,C:\Users\Zhifei Chen\Desktop\pysmell\subjects_for_metrics\click\click\formatting.py,107,1,0,0,0
click,C:\Users\Zhifei Chen\Desktop\pysmell\subjects_for_metrics\click\click\formatting.py,111,1,0,0,0
click,C:\Users\Zhifei Chen\Desktop\pysmell\subjects_for_metrics\click\click\formatting.py,115,1,0,0,0
click,C:\Users\Zhifei Chen\Desktop\pysmell\subjects_for_metrics\click\click\formatting.py,119,10,0,0,0
click,C:\Users\Zhifei Chen\Desktop\pysmell\subjects_for_metrics\click\click\formatting.py,146,1,0,0,0
click,C:\Users\Zhifei Chen\Desktop\pysmell\subjects_for_metrics\click\click\formatting.py,150,2,0,0,0
click,C:\Users\Zhifei Chen\Desktop\pysmell\subjects_for_metrics\click\click\formatting.py,155,4,0,0,0
click,C:\Users\Zhifei Chen\Desktop\pysmell\subjects_for_metrics\click\click\formatting.py,167,22,0,0,0
click,C:\Users\Zhifei Chen\Desktop\pysmell\subjects_for_metrics\click\click\formatting.py,204,7,0,0,0
click,C:\Users\Zhifei Chen\Desktop\pysmell\subjects_for_metrics\click\click\formatting.py,219,5,0,0,0
click,C:\Users\Zhifei Chen\Desktop\pysmell\subjects_for_metrics\click\click\formatting.py,228,1,0,0,0
click,C:\Users\Zhifei Chen\Desktop\pysmell\subjects_for_metrics\click\click\formatting.py,233,10,0,0,0
click,C:\Users\Zhifei Chen\Desktop\pysmell\subjects_for_metrics\click\click\globals.py,7,5,0,0,0
click,C:\Users\Zhifei Chen\Desktop\pysmell\subjects_for_metrics\click\click\globals.py,29,1,0,0,0
click,C:\Users\Zhifei Chen\Desktop\pysmell\subjects_for_metrics\click\click\globals.py,34,1,0,0,0
click,C:\Users\Zhifei Chen\Desktop\pysmell\subjects_for_metrics\click\click\globals.py,39,5,0,0,0
click,C:\Users\Zhifei Chen\Desktop\pysmell\subjects_for_metrics\click\click\parser.py,23,3,0,0,0
click,C:\Users\Zhifei Chen\Desktop\pysmell\subjects_for_metrics\click\click\parser.py,29,6,0,0,0
click,C:\Users\Zhifei Chen\Desktop\pysmell\subjects_for_metrics\click\click\parser.py,38,4,0,0,0
click,C:\Users\Zhifei Chen\Desktop\pysmell\subjects_for_metrics\click\click\parser.py,45,13,0,0,0
click,C:\Users\Zhifei Chen\Desktop\pysmell\subjects_for_metrics\click\click\parser.py,65,20,0,0,0
click,C:\Users\Zhifei Chen\Desktop\pysmell\subjects_for_metrics\click\click\parser.py,91,2,0,0,0
click,C:\Users\Zhifei Chen\Desktop\pysmell\subjects_for_metrics\click\click\parser.py,95,12,0,0,0
click,C:\Users\Zhifei Chen\Desktop\pysmell\subjects_for_metrics\click\click\parser.py,113,3,0,0,0
click,C:\Users\Zhifei Chen\Desktop\pysmell\subjects_for_metrics\click\click\parser.py,118,2,0,0,0
click,C:\Users\Zhifei Chen\Desktop\pysmell\subjects_for_metrics\click\click\parser.py,125,4,0,0,0
click,C:\Users\Zhifei Chen\Desktop\pysmell\subjects_for_metrics\click\click\parser.py,146,10,0,0,0
click,C:\Users\Zhifei Chen\Desktop\pysmell\subjects_for_metrics\click\click\parser.py,168,9,0,0,0
click,C:\Users\Zhifei Chen\Desktop\pysmell\subjects_for_metrics\click\click\parser.py,189,3,0,0,0
click,C:\Users\Zhifei Chen\Desktop\pysmell\subjects_for_metrics\click\click\parser.py,199,8,0,0,0
click,C:\Users\Zhifei Chen\Desktop\pysmell\subjects_for_metrics\click\click\parser.py,215,6,0,0,0
click,C:\Users\Zhifei Chen\Desktop\pysmell\subjects_for_metrics\click\click\parser.py,225,11,0,0,0
click,C:\Users\Zhifei Chen\Desktop\pysmell\subjects_for_metrics\click\click\parser.py,261,18,0,0,0
click,C:\Users\Zhifei Chen\Desktop\pysmell\subjects_for_metrics\click\click\parser.py,293,30,1,1,0
click,C:\Users\Zhifei Chen\Desktop\pysmell\subjects_for_metrics\click\click\parser.py,340,13,0,0,0
click,C:\Users\Zhifei Chen\Desktop\pysmell\subjects_for_metrics\click\click\termui.py,22,2,0,0,0
click,C:\Users\Zhifei Chen\Desktop\pysmell\subjects_for_metrics\click\click\termui.py,27,4,0,0,0
click,C:\Users\Zhifei Chen\Desktop\pysmell\subjects_for_metrics\click\click\termui.py,34,26,1,0,0
click,C:\Users\Zhifei Chen\Desktop\pysmell\subjects_for_metrics\click\click\termui.py,64,8,0,0,0
click,C:\Users\Zhifei Chen\Desktop\pysmell\subjects_for_metrics\click\click\termui.py,110,20,0,0,0
click,C:\Users\Zhifei Chen\Desktop\pysmell\subjects_for_metrics\click\click\termui.py,154,22,0,0,0
click,C:\Users\Zhifei Chen\Desktop\pysmell\subjects_for_metrics\click\click\termui.py,169,8,0,0,0
click,C:\Users\Zhifei Chen\Desktop\pysmell\subjects_for_metrics\click\click\termui.py,195,5,0,0,0
click,C:\Users\Zhifei Chen\Desktop\pysmell\subjects_for_metrics\click\click\termui.py,213,3,0,0,0
click,C:\Users\Zhifei Chen\Desktop\pysmell\subjects_for_metrics\click\click\termui.py,306,5,0,0,0
click,C:\Users\Zhifei Chen\Desktop\pysmell\subjects_for_metrics\click\click\termui.py,324,25,1,0,0
click,C:\Users\Zhifei Chen\Desktop\pysmell\subjects_for_metrics\click\click\termui.py,393,1,0,0,0
click,C:\Users\Zhifei Chen\Desktop\pysmell\subjects_for_metrics\click\click\termui.py,405,1,0,0,0
click,C:\Users\Zhifei Chen\Desktop\pysmell\subjects_for_metrics\click\click\termui.py,420,5,0,0,0
click,C:\Users\Zhifei Chen\Desktop\pysmell\subjects_for_metrics\click\click\termui.py,457,2,0,0,0
click,C:\Users\Zhifei Chen\Desktop\pysmell\subjects_for_metrics\click\click\termui.py,488,4,0,0,0
click,C:\Users\Zhifei Chen\Desktop\pysmell\subjects_for_metrics\click\click\termui.py,510,11,0,0,0
click,C:\Users\Zhifei Chen\Desktop\pysmell\subjects_for_metrics\click\click\testing.py,26,2,0,0,0
click,C:\Users\Zhifei Chen\Desktop\pysmell\subjects_for_metrics\click\click\testing.py,30,1,0,0,0
click,C:\Users\Zhifei Chen\Desktop\pysmell\subjects_for_metrics\click\click\testing.py,33,1,0,0,0
click,C:\Users\Zhifei Chen\Desktop\pysmell\subjects_for_metrics\click\click\testing.py,37,1,0,0,0
click,C:\Users\Zhifei Chen\Desktop\pysmell\subjects_for_metrics\click\click\testing.py,40,1,0,0,0
click,C:\Users\Zhifei Chen\Desktop\pysmell\subjects_for_metrics\click\click\testing.py,43,1,0,0,0
click,C:\Users\Zhifei Chen\Desktop\pysmell\subjects_for_metrics\click\click\testing.py,46,1,0,0,0
click,C:\Users\Zhifei Chen\Desktop\pysmell\subjects_for_metrics\click\click\testing.py,49,1,0,0,0
click,C:\Users\Zhifei Chen\Desktop\pysmell\subjects_for_metrics\click\click\testing.py,53,14,0,0,0
click,C:\Users\Zhifei Chen\Desktop\pysmell\subjects_for_metrics\click\click\testing.py,75,5,0,0,0
click,C:\Users\Zhifei Chen\Desktop\pysmell\subjects_for_metrics\click\click\testing.py,88,3,0,0,0
click,C:\Users\Zhifei Chen\Desktop\pysmell\subjects_for_metrics\click\click\testing.py,94,2,0,0,0
click,C:\Users\Zhifei Chen\Desktop\pysmell\subjects_for_metrics\click\click\testing.py,116,5,0,0,0
click,C:\Users\Zhifei Chen\Desktop\pysmell\subjects_for_metrics\click\click\testing.py,123,1,0,0,0
click,C:\Users\Zhifei Chen\Desktop\pysmell\subjects_for_metrics\click\click\testing.py,130,4,0,0,0
click,C:\Users\Zhifei Chen\Desktop\pysmell\subjects_for_metrics\click\click\testing.py,137,55,1,1,1
click,C:\Users\Zhifei Chen\Desktop\pysmell\subjects_for_metrics\click\click\testing.py,177,4,0,0,0
click,C:\Users\Zhifei Chen\Desktop\pysmell\subjects_for_metrics\click\click\testing.py,184,2,0,0,0
click,C:\Users\Zhifei Chen\Desktop\pysmell\subjects_for_metrics\click\click\testing.py,189,5,0,0,0
click,C:\Users\Zhifei Chen\Desktop\pysmell\subjects_for_metrics\click\click\testing.py,197,3,0,0,0
click,C:\Users\Zhifei Chen\Desktop\pysmell\subjects_for_metrics\click\click\testing.py,240,25,1,0,0
click,C:\Users\Zhifei Chen\Desktop\pysmell\subjects_for_metrics\click\click\testing.py,304,11,0,0,0
click,C:\Users\Zhifei Chen\Desktop\pysmell\subjects_for_metrics\click\click\types.py,37,2,0,0,0
click,C:\Users\Zhifei Chen\Desktop\pysmell\subjects_for_metrics\click\click\types.py,41,0,0,0,0
click,C:\Users\Zhifei Chen\Desktop\pysmell\subjects_for_metrics\click\click\types.py,44,0,0,0,0
click,C:\Users\Zhifei Chen\Desktop\pysmell\subjects_for_metrics\click\click\types.py,51,1,0,0,0
click,C:\Users\Zhifei Chen\Desktop\pysmell\subjects_for_metrics\click\click\types.py,57,1,0,0,0
click,C:\Users\Zhifei Chen\Desktop\pysmell\subjects_for_metrics\click\click\types.py,67,1,0,0,0
click,C:\Users\Zhifei Chen\Desktop\pysmell\subjects_for_metrics\click\click\types.py,75,2,0,0,0
click,C:\Users\Zhifei Chen\Desktop\pysmell\subjects_for_metrics\click\click\types.py,82,2,0,0,0
click,C:\Users\Zhifei Chen\Desktop\pysmell\subjects_for_metrics\click\click\types.py,86,8,0,0,0
click,C:\Users\Zhifei Chen\Desktop\pysmell\subjects_for_metrics\click\click\types.py,100,1,0,0,0
click,C:\Users\Zhifei Chen\Desktop\pysmell\subjects_for_metrics\click\click\types.py,103,1,0,0,0
click,C:\Users\Zhifei Chen\Desktop\pysmell\subjects_for_metrics\click\click\types.py,110,12,0,0,0
click,C:\Users\Zhifei Chen\Desktop\pysmell\subjects_for_metrics\click\click\types.py,124,1,0,0,0
click,C:\Users\Zhifei Chen\Desktop\pysmell\subjects_for_metrics\click\click\types.py,136,1,0,0,0
click,C:\Users\Zhifei Chen\Desktop\pysmell\subjects_for_metrics\click\click\types.py,139,1,0,0,0
click,C:\Users\Zhifei Chen\Desktop\pysmell\subjects_for_metrics\click\click\types.py,142,1,0,0,0
click,C:\Users\Zhifei Chen\Desktop\pysmell\subjects_for_metrics\click\click\types.py,145,10,0,0,0
click,C:\Users\Zhifei Chen\Desktop\pysmell\subjects_for_metrics\click\click\types.py,161,1,0,0,0
click,C:\Users\Zhifei Chen\Desktop\pysmell\subjects_for_metrics\click\click\types.py,168,4,0,0,0
click,C:\Users\Zhifei Chen\Desktop\pysmell\subjects_for_metrics\click\click\types.py,174,1,0,0,0
click,C:\Users\Zhifei Chen\Desktop\pysmell\subjects_for_metrics\click\click\types.py,188,3,0,0,0
click,C:\Users\Zhifei Chen\Desktop\pysmell\subjects_for_metrics\click\click\types.py,193,17,0,0,0
click,C:\Users\Zhifei Chen\Desktop\pysmell\subjects_for_metrics\click\click\types.py,213,1,0,0,0
click,C:\Users\Zhifei Chen\Desktop\pysmell\subjects_for_metrics\click\click\types.py,220,8,0,0,0
click,C:\Users\Zhifei Chen\Desktop\pysmell\subjects_for_metrics\click\click\types.py,230,1,0,0,0
click,C:\Users\Zhifei Chen\Desktop\pysmell\subjects_for_metrics\click\click\types.py,237,5,0,0,0
click,C:\Users\Zhifei Chen\Desktop\pysmell\subjects_for_metrics\click\click\types.py,244,1,0,0,0
click,C:\Users\Zhifei Chen\Desktop\pysmell\subjects_for_metrics\click\click\types.py,251,5,0,0,0
click,C:\Users\Zhifei Chen\Desktop\pysmell\subjects_for_metrics\click\click\types.py,258,1,0,0,0
click,C:\Users\Zhifei Chen\Desktop\pysmell\subjects_for_metrics\click\click\types.py,288,5,0,0,0
click,C:\Users\Zhifei Chen\Desktop\pysmell\subjects_for_metrics\click\click\types.py,296,7,0,0,0
click,C:\Users\Zhifei Chen\Desktop\pysmell\subjects_for_metrics\click\click\types.py,305,21,0,0,0
click,C:\Users\Zhifei Chen\Desktop\pysmell\subjects_for_metrics\click\click\types.py,360,14,0,0,0
click,C:\Users\Zhifei Chen\Desktop\pysmell\subjects_for_metrics\click\click\types.py,379,33,1,1,0
click,C:\Users\Zhifei Chen\Desktop\pysmell\subjects_for_metrics\click\click\types.py,432,1,0,0,0
click,C:\Users\Zhifei Chen\Desktop\pysmell\subjects_for_metrics\click\click\types.py,435,2,0,0,0
click,C:\Users\Zhifei Chen\Desktop\pysmell\subjects_for_metrics\click\click\types.py,439,2,0,0,0
click,C:\Users\Zhifei Chen\Desktop\pysmell\subjects_for_metrics\click\click\types.py,443,3,0,0,0
click,C:\Users\Zhifei Chen\Desktop\pysmell\subjects_for_metrics\click\click\types.py,450,28,1,1,0
click,C:\Users\Zhifei Chen\Desktop\pysmell\subjects_for_metrics\click\click\utils.py,19,1,0,0,0
click,C:\Users\Zhifei Chen\Desktop\pysmell\subjects_for_metrics\click\click\utils.py,23,24,1,0,0
click,C:\Users\Zhifei Chen\Desktop\pysmell\subjects_for_metrics\click\click\utils.py,51,6,0,0,0
click,C:\Users\Zhifei Chen\Desktop\pysmell\subjects_for_metrics\click\click\utils.py,87,2,0,0,0
click,C:\Users\Zhifei Chen\Desktop\pysmell\subjects_for_metrics\click\click\utils.py,89,4,0,0,0
click,C:\Users\Zhifei Chen\Desktop\pysmell\subjects_for_metrics\click\click\utils.py,97,6,0,0,0
click,C:\Users\Zhifei Chen\Desktop\pysmell\subjects_for_metrics\click\click\utils.py,107,18,0,0,0
click,C:\Users\Zhifei Chen\Desktop\pysmell\subjects_for_metrics\click\click\utils.py,138,12,0,0,0
click,C:\Users\Zhifei Chen\Desktop\pysmell\subjects_for_metrics\click\click\utils.py,158,1,0,0,0
click,C:\Users\Zhifei Chen\Desktop\pysmell\subjects_for_metrics\click\click\utils.py,161,3,0,0,0
click,C:\Users\Zhifei Chen\Desktop\pysmell\subjects_for_metrics\click\click\utils.py,166,11,0,0,0
click,C:\Users\Zhifei Chen\Desktop\pysmell\subjects_for_metrics\click\click\utils.py,184,2,0,0,0
click,C:\Users\Zhifei Chen\Desktop\pysmell\subjects_for_metrics\click\click\utils.py,189,2,0,0,0
click,C:\Users\Zhifei Chen\Desktop\pysmell\subjects_for_metrics\click\click\utils.py,196,1,0,0,0
click,C:\Users\Zhifei Chen\Desktop\pysmell\subjects_for_metrics\click\click\utils.py,199,0,0,0,0
click,C:\Users\Zhifei Chen\Desktop\pysmell\subjects_for_metrics\click\click\utils.py,202,1,0,0,0
click,C:\Users\Zhifei Chen\Desktop\pysmell\subjects_for_metrics\click\click\utils.py,209,1,0,0,0
click,C:\Users\Zhifei Chen\Desktop\pysmell\subjects_for_metrics\click\click\utils.py,212,1,0,0,0
click,C:\Users\Zhifei Chen\Desktop\pysmell\subjects_for_metrics\click\click\utils.py,215,1,0,0,0
click,C:\Users\Zhifei Chen\Desktop\pysmell\subjects_for_metrics\click\click\utils.py,218,1,0,0,0
click,C:\Users\Zhifei Chen\Desktop\pysmell\subjects_for_metrics\click\click\utils.py,221,1,0,0,0
click,C:\Users\Zhifei Chen\Desktop\pysmell\subjects_for_metrics\click\click\utils.py,224,1,0,0,0
click,C:\Users\Zhifei Chen\Desktop\pysmell\subjects_for_metrics\click\click\utils.py,228,30,1,1,0
click,C:\Users\Zhifei Chen\Desktop\pysmell\subjects_for_metrics\click\click\utils.py,318,4,0,0,0
click,C:\Users\Zhifei Chen\Desktop\pysmell\subjects_for_metrics\click\click\utils.py,334,4,0,0,0
click,C:\Users\Zhifei Chen\Desktop\pysmell\subjects_for_metrics\click\click\utils.py,351,6,0,0,0
click,C:\Users\Zhifei Chen\Desktop\pysmell\subjects_for_metrics\click\click\utils.py,384,3,0,0,0
click,C:\Users\Zhifei Chen\Desktop\pysmell\subjects_for_metrics\click\click\utils.py,401,14,0,0,0
click,C:\Users\Zhifei Chen\Desktop\pysmell\subjects_for_metrics\click\click\_bashcomplete.py,22,6,0,0,0
click,C:\Users\Zhifei Chen\Desktop\pysmell\subjects_for_metrics\click\click\_bashcomplete.py,31,7,0,0,0
click,C:\Users\Zhifei Chen\Desktop\pysmell\subjects_for_metrics\click\click\_bashcomplete.py,42,23,0,0,0
click,C:\Users\Zhifei Chen\Desktop\pysmell\subjects_for_metrics\click\click\_bashcomplete.py,72,6,0,0,0
click,C:\Users\Zhifei Chen\Desktop\pysmell\subjects_for_metrics\click\click\_compat.py,19,11,0,0,0
click,C:\Users\Zhifei Chen\Desktop\pysmell\subjects_for_metrics\click\click\_compat.py,34,9,0,0,0
click,C:\Users\Zhifei Chen\Desktop\pysmell\subjects_for_metrics\click\click\_compat.py,52,1,0,0,0
click,C:\Users\Zhifei Chen\Desktop\pysmell\subjects_for_metrics\click\click\_compat.py,56,5,0,0,0
click,C:\Users\Zhifei Chen\Desktop\pysmell\subjects_for_metrics\click\click\_compat.py,65,4,0,0,0
click,C:\Users\Zhifei Chen\Desktop\pysmell\subjects_for_metrics\click\click\_compat.py,73,4,0,0,0
click,C:\Users\Zhifei Chen\Desktop\pysmell\subjects_for_metrics\click\click\_compat.py,83,2,0,0,0
click,C:\Users\Zhifei Chen\Desktop\pysmell\subjects_for_metrics\click\click\_compat.py,91,7,0,0,0
click,C:\Users\Zhifei Chen\Desktop\pysmell\subjects_for_metrics\click\click\_compat.py,100,2,0,0,0
click,C:\Users\Zhifei Chen\Desktop\pysmell\subjects_for_metrics\click\click\_compat.py,104,4,0,0,0
click,C:\Users\Zhifei Chen\Desktop\pysmell\subjects_for_metrics\click\click\_compat.py,110,1,0,0,0
click,C:\Users\Zhifei Chen\Desktop\pysmell\subjects_for_metrics\click\click\_compat.py,121,1,0,0,0
click,C:\Users\Zhifei Chen\Desktop\pysmell\subjects_for_metrics\click\click\_compat.py,124,1,0,0,0
click,C:\Users\Zhifei Chen\Desktop\pysmell\subjects_for_metrics\click\click\_compat.py,127,6,0,0,0
click,C:\Users\Zhifei Chen\Desktop\pysmell\subjects_for_metrics\click\click\_compat.py,138,8,0,0,0
click,C:\Users\Zhifei Chen\Desktop\pysmell\subjects_for_metrics\click\click\_compat.py,148,11,0,0,0
click,C:\Users\Zhifei Chen\Desktop\pysmell\subjects_for_metrics\click\click\_compat.py,161,8,0,0,0
click,C:\Users\Zhifei Chen\Desktop\pysmell\subjects_for_metrics\click\click\_compat.py,180,1,0,0,0
click,C:\Users\Zhifei Chen\Desktop\pysmell\subjects_for_metrics\click\click\_compat.py,197,6,0,0,0
click,C:\Users\Zhifei Chen\Desktop\pysmell\subjects_for_metrics\click\click\_compat.py,208,1,0,0,0
click,C:\Users\Zhifei Chen\Desktop\pysmell\subjects_for_metrics\click\click\_compat.py,211,1,0,0,0
click,C:\Users\Zhifei Chen\Desktop\pysmell\subjects_for_metrics\click\click\_compat.py,214,1,0,0,0
click,C:\Users\Zhifei Chen\Desktop\pysmell\subjects_for_metrics\click\click\_compat.py,217,1,0,0,0
click,C:\Users\Zhifei Chen\Desktop\pysmell\subjects_for_metrics\click\click\_compat.py,220,1,0,0,0
click,C:\Users\Zhifei Chen\Desktop\pysmell\subjects_for_metrics\click\click\_compat.py,223,1,0,0,0
click,C:\Users\Zhifei Chen\Desktop\pysmell\subjects_for_metrics\click\click\_compat.py,226,1,0,0,0
click,C:\Users\Zhifei Chen\Desktop\pysmell\subjects_for_metrics\click\click\_compat.py,229,3,0,0,0
click,C:\Users\Zhifei Chen\Desktop\pysmell\subjects_for_metrics\click\click\_compat.py,242,1,0,0,0
click,C:\Users\Zhifei Chen\Desktop\pysmell\subjects_for_metrics\click\click\_compat.py,245,4,0,0,0
click,C:\Users\Zhifei Chen\Desktop\pysmell\subjects_for_metrics\click\click\_compat.py,253,10,0,0,0
click,C:\Users\Zhifei Chen\Desktop\pysmell\subjects_for_metrics\click\click\_compat.py,265,5,0,0,0
click,C:\Users\Zhifei Chen\Desktop\pysmell\subjects_for_metrics\click\click\_compat.py,280,5,0,0,0
click,C:\Users\Zhifei Chen\Desktop\pysmell\subjects_for_metrics\click\click\_compat.py,295,1,0,0,0
click,C:\Users\Zhifei Chen\Desktop\pysmell\subjects_for_metrics\click\click\_compat.py,303,7,0,0,0
click,C:\Users\Zhifei Chen\Desktop\pysmell\subjects_for_metrics\click\click\_compat.py,318,12,0,0,0
click,C:\Users\Zhifei Chen\Desktop\pysmell\subjects_for_metrics\click\click\_compat.py,346,12,0,0,0
click,C:\Users\Zhifei Chen\Desktop\pysmell\subjects_for_metrics\click\click\_compat.py,374,4,0,0,0
click,C:\Users\Zhifei Chen\Desktop\pysmell\subjects_for_metrics\click\click\_compat.py,381,4,0,0,0
click,C:\Users\Zhifei Chen\Desktop\pysmell\subjects_for_metrics\click\click\_compat.py,388,4,0,0,0
click,C:\Users\Zhifei Chen\Desktop\pysmell\subjects_for_metrics\click\click\_compat.py,395,1,0,0,0
click,C:\Users\Zhifei Chen\Desktop\pysmell\subjects_for_metrics\click\click\_compat.py,398,1,0,0,0
click,C:\Users\Zhifei Chen\Desktop\pysmell\subjects_for_metrics\click\click\_compat.py,401,1,0,0,0
click,C:\Users\Zhifei Chen\Desktop\pysmell\subjects_for_metrics\click\click\_compat.py,404,5,0,0,0
click,C:\Users\Zhifei Chen\Desktop\pysmell\subjects_for_metrics\click\click\_compat.py,413,8,0,0,0
click,C:\Users\Zhifei Chen\Desktop\pysmell\subjects_for_metrics\click\click\_compat.py,426,25,1,0,0
click,C:\Users\Zhifei Chen\Desktop\pysmell\subjects_for_metrics\click\click\_compat.py,480,4,0,0,0
click,C:\Users\Zhifei Chen\Desktop\pysmell\subjects_for_metrics\click\click\_compat.py,486,2,0,0,0
click,C:\Users\Zhifei Chen\Desktop\pysmell\subjects_for_metrics\click\click\_compat.py,490,5,0,0,0
click,C:\Users\Zhifei Chen\Desktop\pysmell\subjects_for_metrics\click\click\_compat.py,497,1,0,0,0
click,C:\Users\Zhifei Chen\Desktop\pysmell\subjects_for_metrics\click\click\_compat.py,500,1,0,0,0
click,C:\Users\Zhifei Chen\Desktop\pysmell\subjects_for_metrics\click\click\_compat.py,503,0,0,0,0
click,C:\Users\Zhifei Chen\Desktop\pysmell\subjects_for_metrics\click\click\_compat.py,506,1,0,0,0
click,C:\Users\Zhifei Chen\Desktop\pysmell\subjects_for_metrics\click\click\_compat.py,515,1,0,0,0
click,C:\Users\Zhifei Chen\Desktop\pysmell\subjects_for_metrics\click\click\_compat.py,519,5,0,0,0
click,C:\Users\Zhifei Chen\Desktop\pysmell\subjects_for_metrics\click\click\_compat.py,578,1,0,0,0
click,C:\Users\Zhifei Chen\Desktop\pysmell\subjects_for_metrics\click\click\_compat.py,582,4,0,0,0
click,C:\Users\Zhifei Chen\Desktop\pysmell\subjects_for_metrics\click\click\_compat.py,589,3,0,0,0
click,C:\Users\Zhifei Chen\Desktop\pysmell\subjects_for_metrics\click\click\_compat.py,591,13,0,0,0
click,C:\Users\Zhifei Chen\Desktop\pysmell\subjects_for_metrics\click\click\_termui_impl.py,30,16,0,0,0
click,C:\Users\Zhifei Chen\Desktop\pysmell\subjects_for_metrics\click\click\_termui_impl.py,52,34,1,1,0
click,C:\Users\Zhifei Chen\Desktop\pysmell\subjects_for_metrics\click\click\_termui_impl.py,92,3,0,0,0
click,C:\Users\Zhifei Chen\Desktop\pysmell\subjects_for_metrics\click\click\_termui_impl.py,97,0,0,0,0
click,C:\Users\Zhifei Chen\Desktop\pysmell\subjects_for_metrics\click\click\_termui_impl.py,100,4,0,0,0
click,C:\Users\Zhifei Chen\Desktop\pysmell\subjects_for_metrics\click\click\_termui_impl.py,106,4,0,0,0
click,C:\Users\Zhifei Chen\Desktop\pysmell\subjects_for_metrics\click\click\_termui_impl.py,112,4,0,0,0
click,C:\Users\Zhifei Chen\Desktop\pysmell\subjects_for_metrics\click\click\_termui_impl.py,118,4,0,0,0
click,C:\Users\Zhifei Chen\Desktop\pysmell\subjects_for_metrics\click\click\_termui_impl.py,124,4,0,0,0
click,C:\Users\Zhifei Chen\Desktop\pysmell\subjects_for_metrics\click\click\_termui_impl.py,130,3,0,0,0
click,C:\Users\Zhifei Chen\Desktop\pysmell\subjects_for_metrics\click\click\_termui_impl.py,135,4,0,0,0
click,C:\Users\Zhifei Chen\Desktop\pysmell\subjects_for_metrics\click\click\_termui_impl.py,141,1,0,0,0
click,C:\Users\Zhifei Chen\Desktop\pysmell\subjects_for_metrics\click\click\_termui_impl.py,144,29,1,1,0
click,C:\Users\Zhifei Chen\Desktop\pysmell\subjects_for_metrics\click\click\_termui_impl.py,181,29,1,1,0
click,C:\Users\Zhifei Chen\Desktop\pysmell\subjects_for_metrics\click\click\_termui_impl.py,220,8,0,0,0
click,C:\Users\Zhifei Chen\Desktop\pysmell\subjects_for_metrics\click\click\_termui_impl.py,233,1,0,0,0
click,C:\Users\Zhifei Chen\Desktop\pysmell\subjects_for_metrics\click\click\_termui_impl.py,237,3,0,0,0
click,C:\Users\Zhifei Chen\Desktop\pysmell\subjects_for_metrics\click\click\_termui_impl.py,242,11,0,0,0
click,C:\Users\Zhifei Chen\Desktop\pysmell\subjects_for_metrics\click\click\_termui_impl.py,261,22,0,0,0
click,C:\Users\Zhifei Chen\Desktop\pysmell\subjects_for_metrics\click\click\_termui_impl.py,289,25,1,0,0
click,C:\Users\Zhifei Chen\Desktop\pysmell\subjects_for_metrics\click\click\_termui_impl.py,336,10,0,0,0
click,C:\Users\Zhifei Chen\Desktop\pysmell\subjects_for_metrics\click\click\_termui_impl.py,351,3,0,0,0
click,C:\Users\Zhifei Chen\Desktop\pysmell\subjects_for_metrics\click\click\_termui_impl.py,360,4,0,0,0
click,C:\Users\Zhifei Chen\Desktop\pysmell\subjects_for_metrics\click\click\_termui_impl.py,367,12,0,0,0
click,C:\Users\Zhifei Chen\Desktop\pysmell\subjects_for_metrics\click\click\_termui_impl.py,381,13,0,0,0
click,C:\Users\Zhifei Chen\Desktop\pysmell\subjects_for_metrics\click\click\_termui_impl.py,398,25,1,0,0
click,C:\Users\Zhifei Chen\Desktop\pysmell\subjects_for_metrics\click\click\_termui_impl.py,435,35,1,1,0
click,C:\Users\Zhifei Chen\Desktop\pysmell\subjects_for_metrics\click\click\_termui_impl.py,438,7,0,0,0
click,C:\Users\Zhifei Chen\Desktop\pysmell\subjects_for_metrics\click\click\_termui_impl.py,486,4,0,0,0
click,C:\Users\Zhifei Chen\Desktop\pysmell\subjects_for_metrics\click\click\_termui_impl.py,496,10,0,0,0
click,C:\Users\Zhifei Chen\Desktop\pysmell\subjects_for_metrics\click\click\_termui_impl.py,512,20,0,0,0
click,C:\Users\Zhifei Chen\Desktop\pysmell\subjects_for_metrics\click\click\_textwrap.py,7,9,0,0,0
click,C:\Users\Zhifei Chen\Desktop\pysmell\subjects_for_metrics\click\click\_textwrap.py,19,9,0,0,0
click,C:\Users\Zhifei Chen\Desktop\pysmell\subjects_for_metrics\click\click\_textwrap.py,31,7,0,0,0
click,C:\Users\Zhifei Chen\Desktop\pysmell\subjects_for_metrics\click\docs\clickdoctools.py,23,2,0,0,0
click,C:\Users\Zhifei Chen\Desktop\pysmell\subjects_for_metrics\click\docs\clickdoctools.py,27,1,0,0,0
click,C:\Users\Zhifei Chen\Desktop\pysmell\subjects_for_metrics\click\docs\clickdoctools.py,30,8,0,0,0
click,C:\Users\Zhifei Chen\Desktop\pysmell\subjects_for_metrics\click\docs\clickdoctools.py,40,1,0,0,0
click,C:\Users\Zhifei Chen\Desktop\pysmell\subjects_for_metrics\click\docs\clickdoctools.py,43,1,0,0,0
click,C:\Users\Zhifei Chen\Desktop\pysmell\subjects_for_metrics\click\docs\clickdoctools.py,46,1,0,0,0
click,C:\Users\Zhifei Chen\Desktop\pysmell\subjects_for_metrics\click\docs\clickdoctools.py,49,1,0,0,0
click,C:\Users\Zhifei Chen\Desktop\pysmell\subjects_for_metrics\click\docs\clickdoctools.py,53,7,0,0,0
click,C:\Users\Zhifei Chen\Desktop\pysmell\subjects_for_metrics\click\docs\clickdoctools.py,56,7,0,0,0
click,C:\Users\Zhifei Chen\Desktop\pysmell\subjects_for_metrics\click\docs\clickdoctools.py,71,33,1,1,0
click,C:\Users\Zhifei Chen\Desktop\pysmell\subjects_for_metrics\click\docs\clickdoctools.py,80,4,0,0,0
click,C:\Users\Zhifei Chen\Desktop\pysmell\subjects_for_metrics\click\docs\clickdoctools.py,87,2,0,0,0
click,C:\Users\Zhifei Chen\Desktop\pysmell\subjects_for_metrics\click\docs\clickdoctools.py,121,11,0,0,0
click,C:\Users\Zhifei Chen\Desktop\pysmell\subjects_for_metrics\click\docs\clickdoctools.py,138,3,0,0,0
click,C:\Users\Zhifei Chen\Desktop\pysmell\subjects_for_metrics\click\docs\clickdoctools.py,144,3,0,0,0
click,C:\Users\Zhifei Chen\Desktop\pysmell\subjects_for_metrics\click\docs\clickdoctools.py,149,9,0,0,0
click,C:\Users\Zhifei Chen\Desktop\pysmell\subjects_for_metrics\click\docs\clickdoctools.py,153,22,0,0,0
click,C:\Users\Zhifei Chen\Desktop\pysmell\subjects_for_metrics\click\docs\clickdoctools.py,180,0,0,0,0
click,C:\Users\Zhifei Chen\Desktop\pysmell\subjects_for_metrics\click\docs\clickdoctools.py,190,1,0,0,0
click,C:\Users\Zhifei Chen\Desktop\pysmell\subjects_for_metrics\click\docs\clickdoctools.py,194,9,0,0,0
click,C:\Users\Zhifei Chen\Desktop\pysmell\subjects_for_metrics\click\docs\clickdoctools.py,207,4,0,0,0
click,C:\Users\Zhifei Chen\Desktop\pysmell\subjects_for_metrics\click\docs\clickdoctools.py,220,12,0,0,0
click,C:\Users\Zhifei Chen\Desktop\pysmell\subjects_for_metrics\click\docs\clickdoctools.py,241,12,0,0,0
click,C:\Users\Zhifei Chen\Desktop\pysmell\subjects_for_metrics\click\docs\clickdoctools.py,265,4,0,0,0
click,C:\Users\Zhifei Chen\Desktop\pysmell\subjects_for_metrics\click\docs\clickdoctools.py,272,1,0,0,0
click,C:\Users\Zhifei Chen\Desktop\pysmell\subjects_for_metrics\click\examples\aliases\aliases.py,13,2,0,0,0
click,C:\Users\Zhifei Chen\Desktop\pysmell\subjects_for_metrics\click\examples\aliases\aliases.py,17,6,0,0,0
click,C:\Users\Zhifei Chen\Desktop\pysmell\subjects_for_metrics\click\examples\aliases\aliases.py,34,13,0,0,0
click,C:\Users\Zhifei Chen\Desktop\pysmell\subjects_for_metrics\click\examples\aliases\aliases.py,62,5,0,0,0
click,C:\Users\Zhifei Chen\Desktop\pysmell\subjects_for_metrics\click\examples\aliases\aliases.py,75,2,0,0,0
click,C:\Users\Zhifei Chen\Desktop\pysmell\subjects_for_metrics\click\examples\aliases\aliases.py,83,2,0,0,0
click,C:\Users\Zhifei Chen\Desktop\pysmell\subjects_for_metrics\click\examples\aliases\aliases.py,89,2,0,0,0
click,C:\Users\Zhifei Chen\Desktop\pysmell\subjects_for_metrics\click\examples\aliases\aliases.py,95,2,0,0,0
click,C:\Users\Zhifei Chen\Desktop\pysmell\subjects_for_metrics\click\examples\aliases\aliases.py,101,2,0,0,0
click,C:\Users\Zhifei Chen\Desktop\pysmell\subjects_for_metrics\click\examples\aliases\aliases.py,107,3,0,0,0
click,C:\Users\Zhifei Chen\Desktop\pysmell\subjects_for_metrics\click\examples\colors\colors.py,8,9,0,0,0
click,C:\Users\Zhifei Chen\Desktop\pysmell\subjects_for_metrics\click\examples\complex\complex\cli.py,11,2,0,0,0
click,C:\Users\Zhifei Chen\Desktop\pysmell\subjects_for_metrics\click\examples\complex\complex\cli.py,15,3,0,0,0
click,C:\Users\Zhifei Chen\Desktop\pysmell\subjects_for_metrics\click\examples\complex\complex\cli.py,21,2,0,0,0
click,C:\Users\Zhifei Chen\Desktop\pysmell\subjects_for_metrics\click\examples\complex\complex\cli.py,34,7,0,0,0
click,C:\Users\Zhifei Chen\Desktop\pysmell\subjects_for_metrics\click\examples\complex\complex\cli.py,43,8,0,0,0
click,C:\Users\Zhifei Chen\Desktop\pysmell\subjects_for_metrics\click\examples\complex\complex\cli.py,54,7,0,0,0
click,C:\Users\Zhifei Chen\Desktop\pysmell\subjects_for_metrics\click\examples\complex\complex\commands\cmd_init.py,5,7,0,0,0
click,C:\Users\Zhifei Chen\Desktop\pysmell\subjects_for_metrics\click\examples\complex\complex\commands\cmd_status.py,5,4,0,0,0
click,C:\Users\Zhifei Chen\Desktop\pysmell\subjects_for_metrics\click\examples\imagepipe\imagepipe.py,6,1,0,0,0
click,C:\Users\Zhifei Chen\Desktop\pysmell\subjects_for_metrics\click\examples\imagepipe\imagepipe.py,19,6,0,0,0
click,C:\Users\Zhifei Chen\Desktop\pysmell\subjects_for_metrics\click\examples\imagepipe\imagepipe.py,38,2,0,0,0
click,C:\Users\Zhifei Chen\Desktop\pysmell\subjects_for_metrics\click\examples\imagepipe\imagepipe.py,42,2,0,0,0
click,C:\Users\Zhifei Chen\Desktop\pysmell\subjects_for_metrics\click\examples\imagepipe\imagepipe.py,43,1,0,0,0
click,C:\Users\Zhifei Chen\Desktop\pysmell\subjects_for_metrics\click\examples\imagepipe\imagepipe.py,49,2,0,0,0
click,C:\Users\Zhifei Chen\Desktop\pysmell\subjects_for_metrics\click\examples\imagepipe\imagepipe.py,53,5,0,0,0
click,C:\Users\Zhifei Chen\Desktop\pysmell\subjects_for_metrics\click\examples\imagepipe\imagepipe.py,62,2,0,0,0
click,C:\Users\Zhifei Chen\Desktop\pysmell\subjects_for_metrics\click\examples\imagepipe\imagepipe.py,67,13,0,0,0
click,C:\Users\Zhifei Chen\Desktop\pysmell\subjects_for_metrics\click\examples\imagepipe\imagepipe.py,88,11,0,0,0
click,C:\Users\Zhifei Chen\Desktop\pysmell\subjects_for_metrics\click\examples\imagepipe\imagepipe.py,105,6,0,0,0
click,C:\Users\Zhifei Chen\Desktop\pysmell\subjects_for_metrics\click\examples\imagepipe\imagepipe.py,115,9,0,0,0
click,C:\Users\Zhifei Chen\Desktop\pysmell\subjects_for_metrics\click\examples\imagepipe\imagepipe.py,130,11,0,0,0
click,C:\Users\Zhifei Chen\Desktop\pysmell\subjects_for_metrics\click\examples\imagepipe\imagepipe.py,148,10,0,0,0
click,C:\Users\Zhifei Chen\Desktop\pysmell\subjects_for_metrics\click\examples\imagepipe\imagepipe.py,161,8,0,0,0
click,C:\Users\Zhifei Chen\Desktop\pysmell\subjects_for_metrics\click\examples\imagepipe\imagepipe.py,172,14,0,0,0
click,C:\Users\Zhifei Chen\Desktop\pysmell\subjects_for_metrics\click\examples\imagepipe\imagepipe.py,192,7,0,0,0
click,C:\Users\Zhifei Chen\Desktop\pysmell\subjects_for_metrics\click\examples\imagepipe\imagepipe.py,204,9,0,0,0
click,C:\Users\Zhifei Chen\Desktop\pysmell\subjects_for_metrics\click\examples\imagepipe\imagepipe.py,218,5,0,0,0
click,C:\Users\Zhifei Chen\Desktop\pysmell\subjects_for_metrics\click\examples\imagepipe\imagepipe.py,227,7,0,0,0
click,C:\Users\Zhifei Chen\Desktop\pysmell\subjects_for_metrics\click\examples\imagepipe\imagepipe.py,239,21,0,0,0
click,C:\Users\Zhifei Chen\Desktop\pysmell\subjects_for_metrics\click\examples\inout\inout.py,4,10,0,0,0
click,C:\Users\Zhifei Chen\Desktop\pysmell\subjects_for_metrics\click\examples\naval\naval.py,4,2,0,0,0
click,C:\Users\Zhifei Chen\Desktop\pysmell\subjects_for_metrics\click\examples\naval\naval.py,15,1,0,0,0
click,C:\Users\Zhifei Chen\Desktop\pysmell\subjects_for_metrics\click\examples\naval\naval.py,20,3,0,0,0
click,C:\Users\Zhifei Chen\Desktop\pysmell\subjects_for_metrics\click\examples\naval\naval.py,27,6,0,0,0
click,C:\Users\Zhifei Chen\Desktop\pysmell\subjects_for_metrics\click\examples\naval\naval.py,38,5,0,0,0
click,C:\Users\Zhifei Chen\Desktop\pysmell\subjects_for_metrics\click\examples\naval\naval.py,47,1,0,0,0
click,C:\Users\Zhifei Chen\Desktop\pysmell\subjects_for_metrics\click\examples\naval\naval.py,52,6,0,0,0
click,C:\Users\Zhifei Chen\Desktop\pysmell\subjects_for_metrics\click\examples\naval\naval.py,65,4,0,0,0
click,C:\Users\Zhifei Chen\Desktop\pysmell\subjects_for_metrics\click\examples\repo\repo.py,10,3,0,0,0
click,C:\Users\Zhifei Chen\Desktop\pysmell\subjects_for_metrics\click\examples\repo\repo.py,15,3,0,0,0
click,C:\Users\Zhifei Chen\Desktop\pysmell\subjects_for_metrics\click\examples\repo\repo.py,20,1,0,0,0
click,C:\Users\Zhifei Chen\Desktop\pysmell\subjects_for_metrics\click\examples\repo\repo.py,27,10,0,0,0
click,C:\Users\Zhifei Chen\Desktop\pysmell\subjects_for_metrics\click\examples\repo\repo.py,52,13,0,0,0
click,C:\Users\Zhifei Chen\Desktop\pysmell\subjects_for_metrics\click\examples\repo\repo.py,76,5,0,0,0
click,C:\Users\Zhifei Chen\Desktop\pysmell\subjects_for_metrics\click\examples\repo\repo.py,88,9,0,0,0
click,C:\Users\Zhifei Chen\Desktop\pysmell\subjects_for_metrics\click\examples\repo\repo.py,106,20,0,0,0
click,C:\Users\Zhifei Chen\Desktop\pysmell\subjects_for_metrics\click\examples\repo\repo.py,140,7,0,0,0
click,C:\Users\Zhifei Chen\Desktop\pysmell\subjects_for_metrics\click\examples\termui\termui.py,13,2,0,0,0
click,C:\Users\Zhifei Chen\Desktop\pysmell\subjects_for_metrics\click\examples\termui\termui.py,19,4,0,0,0
click,C:\Users\Zhifei Chen\Desktop\pysmell\subjects_for_metrics\click\examples\termui\termui.py,27,5,0,0,0
click,C:\Users\Zhifei Chen\Desktop\pysmell\subjects_for_metrics\click\examples\termui\termui.py,36,29,1,1,0
click,C:\Users\Zhifei Chen\Desktop\pysmell\subjects_for_metrics\click\examples\termui\termui.py,43,0,0,0,0
click,C:\Users\Zhifei Chen\Desktop\pysmell\subjects_for_metrics\click\examples\termui\termui.py,46,3,0,0,0
click,C:\Users\Zhifei Chen\Desktop\pysmell\subjects_for_metrics\click\examples\termui\termui.py,56,2,0,0,0
click,C:\Users\Zhifei Chen\Desktop\pysmell\subjects_for_metrics\click\examples\termui\termui.py,90,3,0,0,0
click,C:\Users\Zhifei Chen\Desktop\pysmell\subjects_for_metrics\click\examples\termui\termui.py,97,3,0,0,0
click,C:\Users\Zhifei Chen\Desktop\pysmell\subjects_for_metrics\click\examples\termui\termui.py,104,9,0,0,0
click,C:\Users\Zhifei Chen\Desktop\pysmell\subjects_for_metrics\click\examples\termui\termui.py,119,2,0,0,0
click,C:\Users\Zhifei Chen\Desktop\pysmell\subjects_for_metrics\click\examples\termui\termui.py,125,2,0,0,0
click,C:\Users\Zhifei Chen\Desktop\pysmell\subjects_for_metrics\click\examples\termui\termui.py,131,22,0,0,0
click,C:\Users\Zhifei Chen\Desktop\pysmell\subjects_for_metrics\click\examples\validation\validation.py,8,3,0,0,0
click,C:\Users\Zhifei Chen\Desktop\pysmell\subjects_for_metrics\click\examples\validation\validation.py,17,6,0,0,0
click,C:\Users\Zhifei Chen\Desktop\pysmell\subjects_for_metrics\click\examples\validation\validation.py,26,10,0,0,0
click,C:\Users\Zhifei Chen\Desktop\pysmell\subjects_for_metrics\click\tests\conftest.py,6,2,0,0,0
click,C:\Users\Zhifei Chen\Desktop\pysmell\subjects_for_metrics\click\tests\test_arguments.py,5,6,0,0,0
click,C:\Users\Zhifei Chen\Desktop\pysmell\subjects_for_metrics\click\tests\test_arguments.py,6,4,0,0,0
click,C:\Users\Zhifei Chen\Desktop\pysmell\subjects_for_metrics\click\tests\test_arguments.py,21,5,0,0,0
click,C:\Users\Zhifei Chen\Desktop\pysmell\subjects_for_metrics\click\tests\test_arguments.py,33,6,0,0,0
click,C:\Users\Zhifei Chen\Desktop\pysmell\subjects_for_metrics\click\tests\test_arguments.py,34,4,0,0,0
click,C:\Users\Zhifei Chen\Desktop\pysmell\subjects_for_metrics\click\tests\test_arguments.py,49,11,0,0,0
click,C:\Users\Zhifei Chen\Desktop\pysmell\subjects_for_metrics\click\tests\test_arguments.py,58,2,0,0,0
click,C:\Users\Zhifei Chen\Desktop\pysmell\subjects_for_metrics\click\tests\test_arguments.py,70,7,0,0,0
click,C:\Users\Zhifei Chen\Desktop\pysmell\subjects_for_metrics\click\tests\test_arguments.py,71,2,0,0,0
click,C:\Users\Zhifei Chen\Desktop\pysmell\subjects_for_metrics\click\tests\test_arguments.py,85,10,0,0,0
click,C:\Users\Zhifei Chen\Desktop\pysmell\subjects_for_metrics\click\tests\test_arguments.py,86,8,0,0,0
click,C:\Users\Zhifei Chen\Desktop\pysmell\subjects_for_metrics\click\tests\test_arguments.py,108,9,0,0,0
click,C:\Users\Zhifei Chen\Desktop\pysmell\subjects_for_metrics\click\tests\test_arguments.py,109,6,0,0,0
click,C:\Users\Zhifei Chen\Desktop\pysmell\subjects_for_metrics\click\tests\test_arguments.py,128,4,0,0,0
click,C:\Users\Zhifei Chen\Desktop\pysmell\subjects_for_metrics\click\tests\test_arguments.py,129,3,0,0,0
click,C:\Users\Zhifei Chen\Desktop\pysmell\subjects_for_metrics\click\tests\test_arguments.py,140,8,0,0,0
click,C:\Users\Zhifei Chen\Desktop\pysmell\subjects_for_metrics\click\tests\test_arguments.py,141,2,0,0,0
click,C:\Users\Zhifei Chen\Desktop\pysmell\subjects_for_metrics\click\tests\test_arguments.py,151,2,0,0,0
click,C:\Users\Zhifei Chen\Desktop\pysmell\subjects_for_metrics\click\tests\test_arguments.py,161,8,0,0,0
click,C:\Users\Zhifei Chen\Desktop\pysmell\subjects_for_metrics\click\tests\test_arguments.py,162,2,0,0,0
click,C:\Users\Zhifei Chen\Desktop\pysmell\subjects_for_metrics\click\tests\test_arguments.py,171,2,0,0,0
click,C:\Users\Zhifei Chen\Desktop\pysmell\subjects_for_metrics\click\tests\test_arguments.py,181,4,0,0,0
click,C:\Users\Zhifei Chen\Desktop\pysmell\subjects_for_metrics\click\tests\test_arguments.py,182,2,0,0,0
click,C:\Users\Zhifei Chen\Desktop\pysmell\subjects_for_metrics\click\tests\test_arguments.py,192,4,0,0,0
click,C:\Users\Zhifei Chen\Desktop\pysmell\subjects_for_metrics\click\tests\test_arguments.py,193,2,0,0,0
click,C:\Users\Zhifei Chen\Desktop\pysmell\subjects_for_metrics\click\tests\test_arguments.py,203,11,0,0,0
click,C:\Users\Zhifei Chen\Desktop\pysmell\subjects_for_metrics\click\tests\test_arguments.py,204,6,0,0,0
click,C:\Users\Zhifei Chen\Desktop\pysmell\subjects_for_metrics\click\tests\test_arguments.py,227,6,0,0,0
click,C:\Users\Zhifei Chen\Desktop\pysmell\subjects_for_metrics\click\tests\test_arguments.py,228,6,0,0,0
click,C:\Users\Zhifei Chen\Desktop\pysmell\subjects_for_metrics\click\tests\test_arguments.py,244,6,0,0,0
click,C:\Users\Zhifei Chen\Desktop\pysmell\subjects_for_metrics\click\tests\test_arguments.py,245,6,0,0,0
click,C:\Users\Zhifei Chen\Desktop\pysmell\subjects_for_metrics\click\tests\test_basic.py,7,11,0,0,0
click,C:\Users\Zhifei Chen\Desktop\pysmell\subjects_for_metrics\click\tests\test_basic.py,8,2,0,0,0
click,C:\Users\Zhifei Chen\Desktop\pysmell\subjects_for_metrics\click\tests\test_basic.py,26,4,0,0,0
click,C:\Users\Zhifei Chen\Desktop\pysmell\subjects_for_metrics\click\tests\test_basic.py,27,2,0,0,0
click,C:\Users\Zhifei Chen\Desktop\pysmell\subjects_for_metrics\click\tests\test_basic.py,36,14,0,0,0
click,C:\Users\Zhifei Chen\Desktop\pysmell\subjects_for_metrics\click\tests\test_basic.py,37,2,0,0,0
click,C:\Users\Zhifei Chen\Desktop\pysmell\subjects_for_metrics\click\tests\test_basic.py,42,2,0,0,0
click,C:\Users\Zhifei Chen\Desktop\pysmell\subjects_for_metrics\click\tests\test_basic.py,62,16,0,0,0
click,C:\Users\Zhifei Chen\Desktop\pysmell\subjects_for_metrics\click\tests\test_basic.py,63,2,0,0,0
click,C:\Users\Zhifei Chen\Desktop\pysmell\subjects_for_metrics\click\tests\test_basic.py,89,11,0,0,0
click,C:\Users\Zhifei Chen\Desktop\pysmell\subjects_for_metrics\click\tests\test_basic.py,90,2,0,0,0
click,C:\Users\Zhifei Chen\Desktop\pysmell\subjects_for_metrics\click\tests\test_basic.py,109,11,0,0,0
click,C:\Users\Zhifei Chen\Desktop\pysmell\subjects_for_metrics\click\tests\test_basic.py,110,4,0,0,0
click,C:\Users\Zhifei Chen\Desktop\pysmell\subjects_for_metrics\click\tests\test_basic.py,131,11,0,0,0
click,C:\Users\Zhifei Chen\Desktop\pysmell\subjects_for_metrics\click\tests\test_basic.py,132,4,0,0,0
click,C:\Users\Zhifei Chen\Desktop\pysmell\subjects_for_metrics\click\tests\test_basic.py,152,19,0,0,0
click,C:\Users\Zhifei Chen\Desktop\pysmell\subjects_for_metrics\click\tests\test_basic.py,154,2,0,0,0
click,C:\Users\Zhifei Chen\Desktop\pysmell\subjects_for_metrics\click\tests\test_basic.py,170,2,0,0,0
click,C:\Users\Zhifei Chen\Desktop\pysmell\subjects_for_metrics\click\tests\test_basic.py,183,9,0,0,0
click,C:\Users\Zhifei Chen\Desktop\pysmell\subjects_for_metrics\click\tests\test_basic.py,184,2,0,0,0
click,C:\Users\Zhifei Chen\Desktop\pysmell\subjects_for_metrics\click\tests\test_basic.py,189,2,0,0,0
click,C:\Users\Zhifei Chen\Desktop\pysmell\subjects_for_metrics\click\tests\test_basic.py,204,20,0,0,0
click,C:\Users\Zhifei Chen\Desktop\pysmell\subjects_for_metrics\click\tests\test_basic.py,207,4,0,0,0
click,C:\Users\Zhifei Chen\Desktop\pysmell\subjects_for_metrics\click\tests\test_basic.py,213,3,0,0,0
click,C:\Users\Zhifei Chen\Desktop\pysmell\subjects_for_metrics\click\tests\test_basic.py,232,2,0,0,0
click,C:\Users\Zhifei Chen\Desktop\pysmell\subjects_for_metrics\click\tests\test_basic.py,245,24,1,0,0
click,C:\Users\Zhifei Chen\Desktop\pysmell\subjects_for_metrics\click\tests\test_basic.py,246,4,0,0,0
click,C:\Users\Zhifei Chen\Desktop\pysmell\subjects_for_metrics\click\tests\test_basic.py,266,3,0,0,0
click,C:\Users\Zhifei Chen\Desktop\pysmell\subjects_for_metrics\click\tests\test_basic.py,281,2,0,0,0
click,C:\Users\Zhifei Chen\Desktop\pysmell\subjects_for_metrics\click\tests\test_basic.py,294,10,0,0,0
click,C:\Users\Zhifei Chen\Desktop\pysmell\subjects_for_metrics\click\tests\test_basic.py,295,2,0,0,0
click,C:\Users\Zhifei Chen\Desktop\pysmell\subjects_for_metrics\click\tests\test_basic.py,313,18,0,0,0
click,C:\Users\Zhifei Chen\Desktop\pysmell\subjects_for_metrics\click\tests\test_basic.py,314,2,0,0,0
click,C:\Users\Zhifei Chen\Desktop\pysmell\subjects_for_metrics\click\tests\test_basic.py,328,2,0,0,0
click,C:\Users\Zhifei Chen\Desktop\pysmell\subjects_for_metrics\click\tests\test_basic.py,346,4,0,0,0
click,C:\Users\Zhifei Chen\Desktop\pysmell\subjects_for_metrics\click\tests\test_basic.py,347,2,0,0,0
click,C:\Users\Zhifei Chen\Desktop\pysmell\subjects_for_metrics\click\tests\test_basic.py,357,20,0,0,0
click,C:\Users\Zhifei Chen\Desktop\pysmell\subjects_for_metrics\click\tests\test_basic.py,360,1,0,0,0
click,C:\Users\Zhifei Chen\Desktop\pysmell\subjects_for_metrics\click\tests\test_basic.py,364,9,0,0,0
click,C:\Users\Zhifei Chen\Desktop\pysmell\subjects_for_metrics\click\tests\test_chain.py,4,9,0,0,0
click,C:\Users\Zhifei Chen\Desktop\pysmell\subjects_for_metrics\click\tests\test_chain.py,5,2,0,0,0
click,C:\Users\Zhifei Chen\Desktop\pysmell\subjects_for_metrics\click\tests\test_chain.py,9,1,0,0,0
click,C:\Users\Zhifei Chen\Desktop\pysmell\subjects_for_metrics\click\tests\test_chain.py,13,1,0,0,0
click,C:\Users\Zhifei Chen\Desktop\pysmell\subjects_for_metrics\click\tests\test_chain.py,26,16,0,0,0
click,C:\Users\Zhifei Chen\Desktop\pysmell\subjects_for_metrics\click\tests\test_chain.py,27,2,0,0,0
click,C:\Users\Zhifei Chen\Desktop\pysmell\subjects_for_metrics\click\tests\test_chain.py,32,2,0,0,0
click,C:\Users\Zhifei Chen\Desktop\pysmell\subjects_for_metrics\click\tests\test_chain.py,37,2,0,0,0
click,C:\Users\Zhifei Chen\Desktop\pysmell\subjects_for_metrics\click\tests\test_chain.py,60,8,0,0,0
click,C:\Users\Zhifei Chen\Desktop\pysmell\subjects_for_metrics\click\tests\test_chain.py,61,2,0,0,0
click,C:\Users\Zhifei Chen\Desktop\pysmell\subjects_for_metrics\click\tests\test_chain.py,65,2,0,0,0
click,C:\Users\Zhifei Chen\Desktop\pysmell\subjects_for_metrics\click\tests\test_chain.py,70,2,0,0,0
click,C:\Users\Zhifei Chen\Desktop\pysmell\subjects_for_metrics\click\tests\test_chain.py,83,8,0,0,0
click,C:\Users\Zhifei Chen\Desktop\pysmell\subjects_for_metrics\click\tests\test_chain.py,84,2,0,0,0
click,C:\Users\Zhifei Chen\Desktop\pysmell\subjects_for_metrics\click\tests\test_chain.py,88,2,0,0,0
click,C:\Users\Zhifei Chen\Desktop\pysmell\subjects_for_metrics\click\tests\test_chain.py,93,2,0,0,0
click,C:\Users\Zhifei Chen\Desktop\pysmell\subjects_for_metrics\click\tests\test_chain.py,106,19,0,0,0
click,C:\Users\Zhifei Chen\Desktop\pysmell\subjects_for_metrics\click\tests\test_chain.py,107,3,0,0,0
click,C:\Users\Zhifei Chen\Desktop\pysmell\subjects_for_metrics\click\tests\test_chain.py,112,6,0,0,0
click,C:\Users\Zhifei Chen\Desktop\pysmell\subjects_for_metrics\click\tests\test_chain.py,120,3,0,0,0
click,C:\Users\Zhifei Chen\Desktop\pysmell\subjects_for_metrics\click\tests\test_chain.py,122,2,0,0,0
click,C:\Users\Zhifei Chen\Desktop\pysmell\subjects_for_metrics\click\tests\test_chain.py,127,3,0,0,0
click,C:\Users\Zhifei Chen\Desktop\pysmell\subjects_for_metrics\click\tests\test_chain.py,129,2,0,0,0
click,C:\Users\Zhifei Chen\Desktop\pysmell\subjects_for_metrics\click\tests\test_commands.py,6,5,0,0,0
click,C:\Users\Zhifei Chen\Desktop\pysmell\subjects_for_metrics\click\tests\test_commands.py,7,3,0,0,0
click,C:\Users\Zhifei Chen\Desktop\pysmell\subjects_for_metrics\click\tests\test_commands.py,12,2,0,0,0
click,C:\Users\Zhifei Chen\Desktop\pysmell\subjects_for_metrics\click\tests\test_commands.py,22,6,0,0,0
click,C:\Users\Zhifei Chen\Desktop\pysmell\subjects_for_metrics\click\tests\test_commands.py,25,2,0,0,0
click,C:\Users\Zhifei Chen\Desktop\pysmell\subjects_for_metrics\click\tests\test_commands.py,30,4,0,0,0
click,C:\Users\Zhifei Chen\Desktop\pysmell\subjects_for_metrics\click\tests\test_commands.py,42,8,0,0,0
click,C:\Users\Zhifei Chen\Desktop\pysmell\subjects_for_metrics\click\tests\test_commands.py,43,2,0,0,0
click,C:\Users\Zhifei Chen\Desktop\pysmell\subjects_for_metrics\click\tests\test_commands.py,47,1,0,0,0
click,C:\Users\Zhifei Chen\Desktop\pysmell\subjects_for_metrics\click\tests\test_commands.py,51,1,0,0,0
click,C:\Users\Zhifei Chen\Desktop\pysmell\subjects_for_metrics\click\tests\test_commands.py,55,1,0,0,0
click,C:\Users\Zhifei Chen\Desktop\pysmell\subjects_for_metrics\click\tests\test_commands.py,69,5,0,0,0
click,C:\Users\Zhifei Chen\Desktop\pysmell\subjects_for_metrics\click\tests\test_commands.py,70,2,0,0,0
click,C:\Users\Zhifei Chen\Desktop\pysmell\subjects_for_metrics\click\tests\test_commands.py,74,2,0,0,0
click,C:\Users\Zhifei Chen\Desktop\pysmell\subjects_for_metrics\click\tests\test_commands.py,87,14,0,0,0
click,C:\Users\Zhifei Chen\Desktop\pysmell\subjects_for_metrics\click\tests\test_commands.py,88,2,0,0,0
click,C:\Users\Zhifei Chen\Desktop\pysmell\subjects_for_metrics\click\tests\test_commands.py,93,1,0,0,0
click,C:\Users\Zhifei Chen\Desktop\pysmell\subjects_for_metrics\click\tests\test_commands.py,114,24,1,0,0
click,C:\Users\Zhifei Chen\Desktop\pysmell\subjects_for_metrics\click\tests\test_commands.py,117,2,0,0,0
click,C:\Users\Zhifei Chen\Desktop\pysmell\subjects_for_metrics\click\tests\test_commands.py,123,2,0,0,0
click,C:\Users\Zhifei Chen\Desktop\pysmell\subjects_for_metrics\click\tests\test_commands.py,128,6,0,0,0
click,C:\Users\Zhifei Chen\Desktop\pysmell\subjects_for_metrics\click\tests\test_commands.py,136,1,0,0,0
click,C:\Users\Zhifei Chen\Desktop\pysmell\subjects_for_metrics\click\tests\test_commands.py,139,1,0,0,0
click,C:\Users\Zhifei Chen\Desktop\pysmell\subjects_for_metrics\click\tests\test_commands.py,142,0,0,0,0
click,C:\Users\Zhifei Chen\Desktop\pysmell\subjects_for_metrics\click\tests\test_commands.py,152,2,0,0,0
click,C:\Users\Zhifei Chen\Desktop\pysmell\subjects_for_metrics\click\tests\test_commands.py,179,6,0,0,0
click,C:\Users\Zhifei Chen\Desktop\pysmell\subjects_for_metrics\click\tests\test_commands.py,181,6,0,0,0
click,C:\Users\Zhifei Chen\Desktop\pysmell\subjects_for_metrics\click\tests\test_commands.py,189,2,0,0,0
click,C:\Users\Zhifei Chen\Desktop\pysmell\subjects_for_metrics\click\tests\test_commands.py,199,5,0,0,0
click,C:\Users\Zhifei Chen\Desktop\pysmell\subjects_for_metrics\click\tests\test_commands.py,200,3,0,0,0
click,C:\Users\Zhifei Chen\Desktop\pysmell\subjects_for_metrics\click\tests\test_commands.py,205,5,0,0,0
click,C:\Users\Zhifei Chen\Desktop\pysmell\subjects_for_metrics\click\tests\test_commands.py,217,8,0,0,0
click,C:\Users\Zhifei Chen\Desktop\pysmell\subjects_for_metrics\click\tests\test_commands.py,218,6,0,0,0
click,C:\Users\Zhifei Chen\Desktop\pysmell\subjects_for_metrics\click\tests\test_commands.py,227,1,0,0,0
click,C:\Users\Zhifei Chen\Desktop\pysmell\subjects_for_metrics\click\tests\test_commands.py,240,6,0,0,0
click,C:\Users\Zhifei Chen\Desktop\pysmell\subjects_for_metrics\click\tests\test_commands.py,241,4,0,0,0
click,C:\Users\Zhifei Chen\Desktop\pysmell\subjects_for_metrics\click\tests\test_compat.py,5,6,0,0,0
click,C:\Users\Zhifei Chen\Desktop\pysmell\subjects_for_metrics\click\tests\test_compat.py,6,1,0,0,0
click,C:\Users\Zhifei Chen\Desktop\pysmell\subjects_for_metrics\click\tests\test_compat.py,9,2,0,0,0
click,C:\Users\Zhifei Chen\Desktop\pysmell\subjects_for_metrics\click\tests\test_compat.py,20,4,0,0,0
click,C:\Users\Zhifei Chen\Desktop\pysmell\subjects_for_metrics\click\tests\test_context.py,5,7,0,0,0
click,C:\Users\Zhifei Chen\Desktop\pysmell\subjects_for_metrics\click\tests\test_context.py,7,1,0,0,0
click,C:\Users\Zhifei Chen\Desktop\pysmell\subjects_for_metrics\click\tests\test_context.py,12,3,0,0,0
click,C:\Users\Zhifei Chen\Desktop\pysmell\subjects_for_metrics\click\tests\test_context.py,17,2,0,0,0
click,C:\Users\Zhifei Chen\Desktop\pysmell\subjects_for_metrics\click\tests\test_context.py,27,7,0,0,0
click,C:\Users\Zhifei Chen\Desktop\pysmell\subjects_for_metrics\click\tests\test_context.py,29,1,0,0,0
click,C:\Users\Zhifei Chen\Desktop\pysmell\subjects_for_metrics\click\tests\test_context.py,34,4,0,0,0
click,C:\Users\Zhifei Chen\Desktop\pysmell\subjects_for_metrics\click\tests\test_context.py,40,2,0,0,0
click,C:\Users\Zhifei Chen\Desktop\pysmell\subjects_for_metrics\click\tests\test_context.py,50,7,0,0,0
click,C:\Users\Zhifei Chen\Desktop\pysmell\subjects_for_metrics\click\tests\test_context.py,52,1,0,0,0
click,C:\Users\Zhifei Chen\Desktop\pysmell\subjects_for_metrics\click\tests\test_context.py,57,4,0,0,0
click,C:\Users\Zhifei Chen\Desktop\pysmell\subjects_for_metrics\click\tests\test_context.py,63,2,0,0,0
click,C:\Users\Zhifei Chen\Desktop\pysmell\subjects_for_metrics\click\tests\test_context.py,73,9,0,0,0
click,C:\Users\Zhifei Chen\Desktop\pysmell\subjects_for_metrics\click\tests\test_context.py,79,3,0,0,0
click,C:\Users\Zhifei Chen\Desktop\pysmell\subjects_for_metrics\click\tests\test_context.py,84,2,0,0,0
click,C:\Users\Zhifei Chen\Desktop\pysmell\subjects_for_metrics\click\tests\test_context.py,96,5,0,0,0
click,C:\Users\Zhifei Chen\Desktop\pysmell\subjects_for_metrics\click\tests\test_context.py,99,7,0,0,0
click,C:\Users\Zhifei Chen\Desktop\pysmell\subjects_for_metrics\click\tests\test_context.py,102,0,0,0,0
click,C:\Users\Zhifei Chen\Desktop\pysmell\subjects_for_metrics\click\tests\test_context.py,115,4,0,0,0
click,C:\Users\Zhifei Chen\Desktop\pysmell\subjects_for_metrics\click\tests\test_context.py,116,5,0,0,0
click,C:\Users\Zhifei Chen\Desktop\pysmell\subjects_for_metrics\click\tests\test_context.py,128,5,0,0,0
click,C:\Users\Zhifei Chen\Desktop\pysmell\subjects_for_metrics\click\tests\test_context.py,131,1,0,0,0
click,C:\Users\Zhifei Chen\Desktop\pysmell\subjects_for_metrics\click\tests\test_context.py,134,1,0,0,0
click,C:\Users\Zhifei Chen\Desktop\pysmell\subjects_for_metrics\click\tests\test_context.py,137,5,0,0,0
click,C:\Users\Zhifei Chen\Desktop\pysmell\subjects_for_metrics\click\tests\test_context.py,147,10,0,0,0
click,C:\Users\Zhifei Chen\Desktop\pysmell\subjects_for_metrics\click\tests\test_context.py,150,2,0,0,0
click,C:\Users\Zhifei Chen\Desktop\pysmell\subjects_for_metrics\click\tests\test_context.py,156,1,0,0,0
click,C:\Users\Zhifei Chen\Desktop\pysmell\subjects_for_metrics\click\tests\test_context.py,173,5,0,0,0
click,C:\Users\Zhifei Chen\Desktop\pysmell\subjects_for_metrics\click\tests\test_context.py,174,3,0,0,0
click,C:\Users\Zhifei Chen\Desktop\pysmell\subjects_for_metrics\click\tests\test_context.py,179,2,0,0,0
click,C:\Users\Zhifei Chen\Desktop\pysmell\subjects_for_metrics\click\tests\test_context.py,189,6,0,0,0
click,C:\Users\Zhifei Chen\Desktop\pysmell\subjects_for_metrics\click\tests\test_context.py,192,5,0,0,0
click,C:\Users\Zhifei Chen\Desktop\pysmell\subjects_for_metrics\click\tests\test_context.py,196,3,0,0,0
click,C:\Users\Zhifei Chen\Desktop\pysmell\subjects_for_metrics\click\tests\test_defaults.py,4,4,0,0,0
click,C:\Users\Zhifei Chen\Desktop\pysmell\subjects_for_metrics\click\tests\test_defaults.py,5,4,0,0,0
click,C:\Users\Zhifei Chen\Desktop\pysmell\subjects_for_metrics\click\tests\test_defaults.py,16,6,0,0,0
click,C:\Users\Zhifei Chen\Desktop\pysmell\subjects_for_metrics\click\tests\test_defaults.py,17,5,0,0,0
click,C:\Users\Zhifei Chen\Desktop\pysmell\subjects_for_metrics\click\tests\test_defaults.py,33,6,0,0,0
click,C:\Users\Zhifei Chen\Desktop\pysmell\subjects_for_metrics\click\tests\test_defaults.py,34,4,0,0,0
click,C:\Users\Zhifei Chen\Desktop\pysmell\subjects_for_metrics\click\tests\test_formatting.py,5,23,0,0,0
click,C:\Users\Zhifei Chen\Desktop\pysmell\subjects_for_metrics\click\tests\test_formatting.py,6,1,0,0,0
click,C:\Users\Zhifei Chen\Desktop\pysmell\subjects_for_metrics\click\tests\test_formatting.py,53,14,0,0,0
click,C:\Users\Zhifei Chen\Desktop\pysmell\subjects_for_metrics\click\tests\test_formatting.py,54,1,0,0,0
click,C:\Users\Zhifei Chen\Desktop\pysmell\subjects_for_metrics\click\tests\test_formatting.py,59,1,0,0,0
click,C:\Users\Zhifei Chen\Desktop\pysmell\subjects_for_metrics\click\tests\test_formatting.py,64,7,0,0,0
click,C:\Users\Zhifei Chen\Desktop\pysmell\subjects_for_metrics\click\tests\test_formatting.py,92,14,0,0,0
click,C:\Users\Zhifei Chen\Desktop\pysmell\subjects_for_metrics\click\tests\test_formatting.py,93,1,0,0,0
click,C:\Users\Zhifei Chen\Desktop\pysmell\subjects_for_metrics\click\tests\test_formatting.py,98,1,0,0,0
click,C:\Users\Zhifei Chen\Desktop\pysmell\subjects_for_metrics\click\tests\test_formatting.py,103,7,0,0,0
click,C:\Users\Zhifei Chen\Desktop\pysmell\subjects_for_metrics\click\tests\test_formatting.py,129,12,0,0,0
click,C:\Users\Zhifei Chen\Desktop\pysmell\subjects_for_metrics\click\tests\test_formatting.py,130,1,0,0,0
click,C:\Users\Zhifei Chen\Desktop\pysmell\subjects_for_metrics\click\tests\test_imports.py,37,10,0,0,0
click,C:\Users\Zhifei Chen\Desktop\pysmell\subjects_for_metrics\click\tests\test_normalization.py,7,3,0,0,0
click,C:\Users\Zhifei Chen\Desktop\pysmell\subjects_for_metrics\click\tests\test_normalization.py,8,4,0,0,0
click,C:\Users\Zhifei Chen\Desktop\pysmell\subjects_for_metrics\click\tests\test_normalization.py,19,3,0,0,0
click,C:\Users\Zhifei Chen\Desktop\pysmell\subjects_for_metrics\click\tests\test_normalization.py,20,2,0,0,0
click,C:\Users\Zhifei Chen\Desktop\pysmell\subjects_for_metrics\click\tests\test_normalization.py,29,4,0,0,0
click,C:\Users\Zhifei Chen\Desktop\pysmell\subjects_for_metrics\click\tests\test_normalization.py,30,2,0,0,0
click,C:\Users\Zhifei Chen\Desktop\pysmell\subjects_for_metrics\click\tests\test_normalization.py,34,1,0,0,0
click,C:\Users\Zhifei Chen\Desktop\pysmell\subjects_for_metrics\click\tests\test_options.py,8,7,0,0,0
click,C:\Users\Zhifei Chen\Desktop\pysmell\subjects_for_metrics\click\tests\test_options.py,9,3,0,0,0
click,C:\Users\Zhifei Chen\Desktop\pysmell\subjects_for_metrics\click\tests\test_options.py,24,6,0,0,0
click,C:\Users\Zhifei Chen\Desktop\pysmell\subjects_for_metrics\click\tests\test_options.py,37,5,0,0,0
click,C:\Users\Zhifei Chen\Desktop\pysmell\subjects_for_metrics\click\tests\test_options.py,49,6,0,0,0
click,C:\Users\Zhifei Chen\Desktop\pysmell\subjects_for_metrics\click\tests\test_options.py,50,4,0,0,0
click,C:\Users\Zhifei Chen\Desktop\pysmell\subjects_for_metrics\click\tests\test_options.py,64,13,0,0,0
click,C:\Users\Zhifei Chen\Desktop\pysmell\subjects_for_metrics\click\tests\test_options.py,65,2,0,0,0
click,C:\Users\Zhifei Chen\Desktop\pysmell\subjects_for_metrics\click\tests\test_options.py,88,5,0,0,0
click,C:\Users\Zhifei Chen\Desktop\pysmell\subjects_for_metrics\click\tests\test_options.py,90,2,0,0,0
click,C:\Users\Zhifei Chen\Desktop\pysmell\subjects_for_metrics\click\tests\test_options.py,99,7,0,0,0
click,C:\Users\Zhifei Chen\Desktop\pysmell\subjects_for_metrics\click\tests\test_options.py,100,2,0,0,0
click,C:\Users\Zhifei Chen\Desktop\pysmell\subjects_for_metrics\click\tests\test_options.py,114,12,0,0,0
click,C:\Users\Zhifei Chen\Desktop\pysmell\subjects_for_metrics\click\tests\test_options.py,115,2,0,0,0
click,C:\Users\Zhifei Chen\Desktop\pysmell\subjects_for_metrics\click\tests\test_options.py,125,2,0,0,0
click,C:\Users\Zhifei Chen\Desktop\pysmell\subjects_for_metrics\click\tests\test_options.py,134,2,0,0,0
click,C:\Users\Zhifei Chen\Desktop\pysmell\subjects_for_metrics\click\tests\test_options.py,145,5,0,0,0
click,C:\Users\Zhifei Chen\Desktop\pysmell\subjects_for_metrics\click\tests\test_options.py,146,4,0,0,0
click,C:\Users\Zhifei Chen\Desktop\pysmell\subjects_for_metrics\click\tests\test_options.py,159,3,0,0,0
click,C:\Users\Zhifei Chen\Desktop\pysmell\subjects_for_metrics\click\tests\test_options.py,160,7,0,0,0
click,C:\Users\Zhifei Chen\Desktop\pysmell\subjects_for_metrics\click\tests\test_options.py,173,8,0,0,0
click,C:\Users\Zhifei Chen\Desktop\pysmell\subjects_for_metrics\click\tests\test_options.py,174,2,0,0,0
click,C:\Users\Zhifei Chen\Desktop\pysmell\subjects_for_metrics\click\tests\test_options.py,184,4,0,0,0
click,C:\Users\Zhifei Chen\Desktop\pysmell\subjects_for_metrics\click\tests\test_options.py,196,7,0,0,0
click,C:\Users\Zhifei Chen\Desktop\pysmell\subjects_for_metrics\click\tests\test_options.py,197,3,0,0,0
click,C:\Users\Zhifei Chen\Desktop\pysmell\subjects_for_metrics\click\tests\test_options.py,202,2,0,0,0
click,C:\Users\Zhifei Chen\Desktop\pysmell\subjects_for_metrics\click\tests\test_options.py,215,10,0,0,0
click,C:\Users\Zhifei Chen\Desktop\pysmell\subjects_for_metrics\click\tests\test_options.py,216,2,0,0,0
click,C:\Users\Zhifei Chen\Desktop\pysmell\subjects_for_metrics\click\tests\test_options.py,232,5,0,0,0
click,C:\Users\Zhifei Chen\Desktop\pysmell\subjects_for_metrics\click\tests\test_options.py,233,2,0,0,0
click,C:\Users\Zhifei Chen\Desktop\pysmell\subjects_for_metrics\click\tests\test_options.py,244,5,0,0,0
click,C:\Users\Zhifei Chen\Desktop\pysmell\subjects_for_metrics\click\tests\test_options.py,245,2,0,0,0
click,C:\Users\Zhifei Chen\Desktop\pysmell\subjects_for_metrics\click\tests\test_options.py,257,7,0,0,0
click,C:\Users\Zhifei Chen\Desktop\pysmell\subjects_for_metrics\click\tests\test_options.py,258,2,0,0,0
click,C:\Users\Zhifei Chen\Desktop\pysmell\subjects_for_metrics\click\tests\test_options.py,277,5,0,0,0
click,C:\Users\Zhifei Chen\Desktop\pysmell\subjects_for_metrics\click\tests\test_options.py,279,1,0,0,0
click,C:\Users\Zhifei Chen\Desktop\pysmell\subjects_for_metrics\click\tests\test_options.py,283,2,0,0,0
click,C:\Users\Zhifei Chen\Desktop\pysmell\subjects_for_metrics\click\tests\test_options.py,293,5,0,0,0
click,C:\Users\Zhifei Chen\Desktop\pysmell\subjects_for_metrics\click\tests\test_options.py,295,1,0,0,0
click,C:\Users\Zhifei Chen\Desktop\pysmell\subjects_for_metrics\click\tests\test_options.py,299,2,0,0,0
click,C:\Users\Zhifei Chen\Desktop\pysmell\subjects_for_metrics\click\tests\test_options.py,309,14,0,0,0
click,C:\Users\Zhifei Chen\Desktop\pysmell\subjects_for_metrics\click\tests\test_options.py,310,2,0,0,0
click,C:\Users\Zhifei Chen\Desktop\pysmell\subjects_for_metrics\click\tests\test_options.py,322,2,0,0,0
click,C:\Users\Zhifei Chen\Desktop\pysmell\subjects_for_metrics\click\tests\test_termui.py,4,4,0,0,0
click,C:\Users\Zhifei Chen\Desktop\pysmell\subjects_for_metrics\click\tests\test_termui.py,7,4,0,0,0
click,C:\Users\Zhifei Chen\Desktop\pysmell\subjects_for_metrics\click\tests\test_testing.py,17,9,0,0,0
click,C:\Users\Zhifei Chen\Desktop\pysmell\subjects_for_metrics\click\tests\test_testing.py,18,9,0,0,0
click,C:\Users\Zhifei Chen\Desktop\pysmell\subjects_for_metrics\click\tests\test_testing.py,40,9,0,0,0
click,C:\Users\Zhifei Chen\Desktop\pysmell\subjects_for_metrics\click\tests\test_testing.py,41,9,0,0,0
click,C:\Users\Zhifei Chen\Desktop\pysmell\subjects_for_metrics\click\tests\test_testing.py,63,10,0,0,0
click,C:\Users\Zhifei Chen\Desktop\pysmell\subjects_for_metrics\click\tests\test_testing.py,64,2,0,0,0
click,C:\Users\Zhifei Chen\Desktop\pysmell\subjects_for_metrics\click\tests\test_testing.py,74,2,0,0,0
click,C:\Users\Zhifei Chen\Desktop\pysmell\subjects_for_metrics\click\tests\test_testing.py,85,5,0,0,0
click,C:\Users\Zhifei Chen\Desktop\pysmell\subjects_for_metrics\click\tests\test_testing.py,86,1,0,0,0
click,C:\Users\Zhifei Chen\Desktop\pysmell\subjects_for_metrics\click\tests\test_testing.py,96,12,0,0,0
click,C:\Users\Zhifei Chen\Desktop\pysmell\subjects_for_metrics\click\tests\test_testing.py,100,2,0,0,0
click,C:\Users\Zhifei Chen\Desktop\pysmell\subjects_for_metrics\click\tests\test_testing.py,120,8,0,0,0
click,C:\Users\Zhifei Chen\Desktop\pysmell\subjects_for_metrics\click\tests\test_testing.py,121,1,0,0,0
click,C:\Users\Zhifei Chen\Desktop\pysmell\subjects_for_metrics\click\tests\test_testing.py,136,5,0,0,0
click,C:\Users\Zhifei Chen\Desktop\pysmell\subjects_for_metrics\click\tests\test_testing.py,137,1,0,0,0
click,C:\Users\Zhifei Chen\Desktop\pysmell\subjects_for_metrics\click\tests\test_testing.py,147,17,0,0,0
click,C:\Users\Zhifei Chen\Desktop\pysmell\subjects_for_metrics\click\tests\test_testing.py,149,2,0,0,0
click,C:\Users\Zhifei Chen\Desktop\pysmell\subjects_for_metrics\click\tests\test_testing.py,154,2,0,0,0
click,C:\Users\Zhifei Chen\Desktop\pysmell\subjects_for_metrics\click\tests\test_testing.py,159,2,0,0,0
click,C:\Users\Zhifei Chen\Desktop\pysmell\subjects_for_metrics\click\tests\test_testing.py,164,1,0,0,0
click,C:\Users\Zhifei Chen\Desktop\pysmell\subjects_for_metrics\click\tests\test_utils.py,11,21,0,0,0
click,C:\Users\Zhifei Chen\Desktop\pysmell\subjects_for_metrics\click\tests\test_utils.py,33,1,0,0,0
click,C:\Users\Zhifei Chen\Desktop\pysmell\subjects_for_metrics\click\tests\test_utils.py,45,4,0,0,0
click,C:\Users\Zhifei Chen\Desktop\pysmell\subjects_for_metrics\click\tests\test_utils.py,52,24,1,0,0
click,C:\Users\Zhifei Chen\Desktop\pysmell\subjects_for_metrics\click\tests\test_utils.py,80,6,0,0,0
click,C:\Users\Zhifei Chen\Desktop\pysmell\subjects_for_metrics\click\tests\test_utils.py,89,20,0,0,0
click,C:\Users\Zhifei Chen\Desktop\pysmell\subjects_for_metrics\click\tests\test_utils.py,90,4,0,0,0
click,C:\Users\Zhifei Chen\Desktop\pysmell\subjects_for_metrics\click\tests\test_utils.py,109,4,0,0,0
click,C:\Users\Zhifei Chen\Desktop\pysmell\subjects_for_metrics\click\tests\test_utils.py,129,8,0,0,0
click,C:\Users\Zhifei Chen\Desktop\pysmell\subjects_for_metrics\click\tests\test_utils.py,130,1,0,0,0
click,C:\Users\Zhifei Chen\Desktop\pysmell\subjects_for_metrics\click\tests\test_utils.py,144,5,0,0,0
click,C:\Users\Zhifei Chen\Desktop\pysmell\subjects_for_metrics\click\tests\test_utils.py,153,19,0,0,0
click,C:\Users\Zhifei Chen\Desktop\pysmell\subjects_for_metrics\click\tests\test_utils.py,180,39,1,1,0
click,C:\Users\Zhifei Chen\Desktop\pysmell\subjects_for_metrics\click\tests\test_utils.py,181,4,0,0,0
click,C:\Users\Zhifei Chen\Desktop\pysmell\subjects_for_metrics\click\tests\test_utils.py,237,10,0,0,0
click,C:\Users\Zhifei Chen\Desktop\pysmell\subjects_for_metrics\click\tests\test_utils.py,242,5,0,0,0
click,C:\Users\Zhifei Chen\Desktop\pysmell\subjects_for_metrics\click\tests\test_utils.py,258,6,0,0,0
click,C:\Users\Zhifei Chen\Desktop\pysmell\subjects_for_metrics\click\tests\test_utils.py,268,6,0,0,0
