subject,file,lineno,NOC,NOFF,NOO,experience-based,statistics-based,tuning machine
ipython,C:\Users\Zhifei Chen\Desktop\pysmell\subjects_for_metrics\ipython\setup.py,109,34,1,5,0,0,0
ipython,C:\Users\Zhifei Chen\Desktop\pysmell\subjects_for_metrics\ipython\setup.py,213,41,1,7,0,0,0
ipython,C:\Users\Zhifei Chen\Desktop\pysmell\subjects_for_metrics\ipython\setup.py,280,50,1,11,0,0,0
ipython,C:\Users\Zhifei Chen\Desktop\pysmell\subjects_for_metrics\ipython\setupbase.py,107,54,1,8,0,0,0
ipython,C:\Users\Zhifei Chen\Desktop\pysmell\subjects_for_metrics\ipython\setupbase.py,195,33,1,6,0,0,0
ipython,C:\Users\Zhifei Chen\Desktop\pysmell\subjects_for_metrics\ipython\setupbase.py,213,54,2,12,0,0,0
ipython,C:\Users\Zhifei Chen\Desktop\pysmell\subjects_for_metrics\ipython\setupbase.py,216,51,2,12,0,0,0
ipython,C:\Users\Zhifei Chen\Desktop\pysmell\subjects_for_metrics\ipython\setupbase.py,305,16,1,5,0,0,0
ipython,C:\Users\Zhifei Chen\Desktop\pysmell\subjects_for_metrics\ipython\setupbase.py,305,20,1,5,0,0,0
ipython,C:\Users\Zhifei Chen\Desktop\pysmell\subjects_for_metrics\ipython\docs\autogen_magics.py,23,49,1,7,0,0,0
ipython,C:\Users\Zhifei Chen\Desktop\pysmell\subjects_for_metrics\ipython\docs\sphinxext\apigen.py,47,69,1,13,1,0,0
ipython,C:\Users\Zhifei Chen\Desktop\pysmell\subjects_for_metrics\ipython\docs\sphinxext\apigen.py,67,71,1,13,1,0,0
ipython,C:\Users\Zhifei Chen\Desktop\pysmell\subjects_for_metrics\ipython\IPython\core\alias.py,212,74,2,15,1,0,0
ipython,C:\Users\Zhifei Chen\Desktop\pysmell\subjects_for_metrics\ipython\IPython\core\compilerop.py,47,79,1,8,0,0,0
ipython,C:\Users\Zhifei Chen\Desktop\pysmell\subjects_for_metrics\ipython\IPython\core\compilerop.py,132,39,1,7,0,0,0
ipython,C:\Users\Zhifei Chen\Desktop\pysmell\subjects_for_metrics\ipython\IPython\core\completer.py,120,48,1,11,0,0,0
ipython,C:\Users\Zhifei Chen\Desktop\pysmell\subjects_for_metrics\ipython\IPython\core\completer.py,257,22,1,5,0,0,0
ipython,C:\Users\Zhifei Chen\Desktop\pysmell\subjects_for_metrics\ipython\IPython\core\completer.py,407,46,2,13,0,0,0
ipython,C:\Users\Zhifei Chen\Desktop\pysmell\subjects_for_metrics\ipython\IPython\core\completer.py,418,42,2,7,0,0,0
ipython,C:\Users\Zhifei Chen\Desktop\pysmell\subjects_for_metrics\ipython\IPython\core\completer.py,424,55,2,11,0,0,0
ipython,C:\Users\Zhifei Chen\Desktop\pysmell\subjects_for_metrics\ipython\IPython\core\completer.py,433,22,1,5,0,0,0
ipython,C:\Users\Zhifei Chen\Desktop\pysmell\subjects_for_metrics\ipython\IPython\core\completer.py,664,50,1,12,0,0,0
ipython,C:\Users\Zhifei Chen\Desktop\pysmell\subjects_for_metrics\ipython\IPython\core\completer.py,722,55,1,10,0,0,0
ipython,C:\Users\Zhifei Chen\Desktop\pysmell\subjects_for_metrics\ipython\IPython\core\completer.py,732,64,1,12,0,0,0
ipython,C:\Users\Zhifei Chen\Desktop\pysmell\subjects_for_metrics\ipython\IPython\core\completer.py,741,43,1,7,0,0,0
ipython,C:\Users\Zhifei Chen\Desktop\pysmell\subjects_for_metrics\ipython\IPython\core\completer.py,747,47,2,12,0,0,0
ipython,C:\Users\Zhifei Chen\Desktop\pysmell\subjects_for_metrics\ipython\IPython\core\completer.py,767,52,2,9,0,0,0
ipython,C:\Users\Zhifei Chen\Desktop\pysmell\subjects_for_metrics\ipython\IPython\core\completer.py,769,51,2,9,0,0,0
ipython,C:\Users\Zhifei Chen\Desktop\pysmell\subjects_for_metrics\ipython\IPython\core\completer.py,1026,32,1,7,0,0,0
ipython,C:\Users\Zhifei Chen\Desktop\pysmell\subjects_for_metrics\ipython\IPython\core\completer.py,1071,39,2,7,0,0,0
ipython,C:\Users\Zhifei Chen\Desktop\pysmell\subjects_for_metrics\ipython\IPython\core\completerlib.py,62,29,1,6,0,0,0
ipython,C:\Users\Zhifei Chen\Desktop\pysmell\subjects_for_metrics\ipython\IPython\core\completerlib.py,91,30,1,6,0,0,0
ipython,C:\Users\Zhifei Chen\Desktop\pysmell\subjects_for_metrics\ipython\IPython\core\completerlib.py,170,57,2,10,0,0,0
ipython,C:\Users\Zhifei Chen\Desktop\pysmell\subjects_for_metrics\ipython\IPython\core\completerlib.py,233,51,1,12,0,0,0
ipython,C:\Users\Zhifei Chen\Desktop\pysmell\subjects_for_metrics\ipython\IPython\core\completerlib.py,282,34,1,6,0,0,0
ipython,C:\Users\Zhifei Chen\Desktop\pysmell\subjects_for_metrics\ipython\IPython\core\completerlib.py,283,71,2,18,1,0,0
ipython,C:\Users\Zhifei Chen\Desktop\pysmell\subjects_for_metrics\ipython\IPython\core\completerlib.py,286,63,2,16,0,0,0
ipython,C:\Users\Zhifei Chen\Desktop\pysmell\subjects_for_metrics\ipython\IPython\core\completerlib.py,287,133,1,29,1,1,1
ipython,C:\Users\Zhifei Chen\Desktop\pysmell\subjects_for_metrics\ipython\IPython\core\completerlib.py,294,54,1,7,0,0,0
ipython,C:\Users\Zhifei Chen\Desktop\pysmell\subjects_for_metrics\ipython\IPython\core\completerlib.py,315,51,1,14,0,0,0
ipython,C:\Users\Zhifei Chen\Desktop\pysmell\subjects_for_metrics\ipython\IPython\core\completerlib.py,321,51,1,12,0,0,0
ipython,C:\Users\Zhifei Chen\Desktop\pysmell\subjects_for_metrics\ipython\IPython\core\completerlib.py,328,75,2,19,1,0,0
ipython,C:\Users\Zhifei Chen\Desktop\pysmell\subjects_for_metrics\ipython\IPython\core\completerlib.py,343,40,2,8,0,0,0
ipython,C:\Users\Zhifei Chen\Desktop\pysmell\subjects_for_metrics\ipython\IPython\core\completerlib.py,349,52,1,7,0,0,0
ipython,C:\Users\Zhifei Chen\Desktop\pysmell\subjects_for_metrics\ipython\IPython\core\display.py,70,28,1,5,0,0,0
ipython,C:\Users\Zhifei Chen\Desktop\pysmell\subjects_for_metrics\ipython\IPython\core\events.py,38,28,1,4,0,0,0
ipython,C:\Users\Zhifei Chen\Desktop\pysmell\subjects_for_metrics\ipython\IPython\core\history.py,275,46,1,12,0,0,0
ipython,C:\Users\Zhifei Chen\Desktop\pysmell\subjects_for_metrics\ipython\IPython\core\interactiveshell.py,188,30,1,8,0,0,0
ipython,C:\Users\Zhifei Chen\Desktop\pysmell\subjects_for_metrics\ipython\IPython\core\interactiveshell.py,782,33,1,6,0,0,0
ipython,C:\Users\Zhifei Chen\Desktop\pysmell\subjects_for_metrics\ipython\IPython\core\interactiveshell.py,1272,47,1,7,0,0,0
ipython,C:\Users\Zhifei Chen\Desktop\pysmell\subjects_for_metrics\ipython\IPython\core\interactiveshell.py,1348,36,2,10,0,0,0
ipython,C:\Users\Zhifei Chen\Desktop\pysmell\subjects_for_metrics\ipython\IPython\core\interactiveshell.py,3183,54,2,11,0,0,0
ipython,C:\Users\Zhifei Chen\Desktop\pysmell\subjects_for_metrics\ipython\IPython\core\interactiveshell.py,3289,20,1,6,0,0,0
ipython,C:\Users\Zhifei Chen\Desktop\pysmell\subjects_for_metrics\ipython\IPython\core\latex_symbols.py,1300,36,1,8,0,0,0
ipython,C:\Users\Zhifei Chen\Desktop\pysmell\subjects_for_metrics\ipython\IPython\core\logger.py,201,41,1,7,0,0,0
ipython,C:\Users\Zhifei Chen\Desktop\pysmell\subjects_for_metrics\ipython\IPython\core\oinspect.py,50,88,1,13,1,0,0
ipython,C:\Users\Zhifei Chen\Desktop\pysmell\subjects_for_metrics\ipython\IPython\core\oinspect.py,549,36,1,9,0,0,0
ipython,C:\Users\Zhifei Chen\Desktop\pysmell\subjects_for_metrics\ipython\IPython\core\prefilter.py,347,69,1,13,1,0,0
ipython,C:\Users\Zhifei Chen\Desktop\pysmell\subjects_for_metrics\ipython\IPython\core\prompts.py,248,42,1,9,0,0,0
ipython,C:\Users\Zhifei Chen\Desktop\pysmell\subjects_for_metrics\ipython\IPython\core\prompts.py,249,41,1,8,0,0,0
ipython,C:\Users\Zhifei Chen\Desktop\pysmell\subjects_for_metrics\ipython\IPython\core\pylabtools.py,62,37,1,5,0,0,0
ipython,C:\Users\Zhifei Chen\Desktop\pysmell\subjects_for_metrics\ipython\IPython\core\pylabtools.py,197,69,1,11,0,0,0
ipython,C:\Users\Zhifei Chen\Desktop\pysmell\subjects_for_metrics\ipython\IPython\core\pylabtools.py,202,18,1,5,0,0,0
ipython,C:\Users\Zhifei Chen\Desktop\pysmell\subjects_for_metrics\ipython\IPython\core\pylabtools.py,203,24,1,5,0,0,0
ipython,C:\Users\Zhifei Chen\Desktop\pysmell\subjects_for_metrics\ipython\IPython\core\shellapp.py,33,33,2,6,0,0,0
ipython,C:\Users\Zhifei Chen\Desktop\pysmell\subjects_for_metrics\ipython\IPython\core\shellapp.py,332,39,1,7,0,0,0
ipython,C:\Users\Zhifei Chen\Desktop\pysmell\subjects_for_metrics\ipython\IPython\core\ultratb.py,909,25,1,6,0,0,0
ipython,C:\Users\Zhifei Chen\Desktop\pysmell\subjects_for_metrics\ipython\IPython\core\magics\basic.py,178,115,1,22,1,0,1
ipython,C:\Users\Zhifei Chen\Desktop\pysmell\subjects_for_metrics\ipython\IPython\core\magics\basic.py,182,115,1,22,1,0,1
ipython,C:\Users\Zhifei Chen\Desktop\pysmell\subjects_for_metrics\ipython\IPython\core\magics\code.py,108,53,1,11,0,0,0
ipython,C:\Users\Zhifei Chen\Desktop\pysmell\subjects_for_metrics\ipython\IPython\core\magics\code.py,337,34,1,7,0,0,0
ipython,C:\Users\Zhifei Chen\Desktop\pysmell\subjects_for_metrics\ipython\IPython\core\magics\config.py,113,72,2,10,0,0,0
ipython,C:\Users\Zhifei Chen\Desktop\pysmell\subjects_for_metrics\ipython\IPython\core\magics\config.py,115,41,1,5,0,0,0
ipython,C:\Users\Zhifei Chen\Desktop\pysmell\subjects_for_metrics\ipython\IPython\core\magics\execution.py,643,39,1,7,0,0,0
ipython,C:\Users\Zhifei Chen\Desktop\pysmell\subjects_for_metrics\ipython\IPython\core\magics\execution.py,1254,63,2,13,0,0,0
ipython,C:\Users\Zhifei Chen\Desktop\pysmell\subjects_for_metrics\ipython\IPython\core\magics\history.py,262,21,1,5,0,0,0
ipython,C:\Users\Zhifei Chen\Desktop\pysmell\subjects_for_metrics\ipython\IPython\core\magics\history.py,311,16,1,5,0,0,0
ipython,C:\Users\Zhifei Chen\Desktop\pysmell\subjects_for_metrics\ipython\IPython\core\magics\namespace.py,232,42,2,6,0,0,0
ipython,C:\Users\Zhifei Chen\Desktop\pysmell\subjects_for_metrics\ipython\IPython\core\magics\namespace.py,271,95,2,18,1,0,0
ipython,C:\Users\Zhifei Chen\Desktop\pysmell\subjects_for_metrics\ipython\IPython\core\magics\namespace.py,278,50,2,11,0,0,0
ipython,C:\Users\Zhifei Chen\Desktop\pysmell\subjects_for_metrics\ipython\IPython\core\magics\namespace.py,411,37,1,7,0,0,0
ipython,C:\Users\Zhifei Chen\Desktop\pysmell\subjects_for_metrics\ipython\IPython\core\magics\osm.py,166,89,1,20,1,0,0
ipython,C:\Users\Zhifei Chen\Desktop\pysmell\subjects_for_metrics\ipython\IPython\core\magics\script.py,282,44,2,9,0,0,0
ipython,C:\Users\Zhifei Chen\Desktop\pysmell\subjects_for_metrics\ipython\IPython\core\tests\test_alias.py,21,23,1,5,0,0,0
ipython,C:\Users\Zhifei Chen\Desktop\pysmell\subjects_for_metrics\ipython\IPython\core\tests\test_completer.py,99,28,1,6,0,0,0
ipython,C:\Users\Zhifei Chen\Desktop\pysmell\subjects_for_metrics\ipython\IPython\core\tests\test_completer.py,236,26,1,5,0,0,0
ipython,C:\Users\Zhifei Chen\Desktop\pysmell\subjects_for_metrics\ipython\IPython\core\tests\test_completer.py,247,26,1,5,0,0,0
ipython,C:\Users\Zhifei Chen\Desktop\pysmell\subjects_for_metrics\ipython\IPython\core\tests\test_completer.py,256,26,1,5,0,0,0
ipython,C:\Users\Zhifei Chen\Desktop\pysmell\subjects_for_metrics\ipython\IPython\core\tests\test_completer.py,267,26,1,5,0,0,0
ipython,C:\Users\Zhifei Chen\Desktop\pysmell\subjects_for_metrics\ipython\IPython\core\tests\test_completer.py,508,40,1,9,0,0,0
ipython,C:\Users\Zhifei Chen\Desktop\pysmell\subjects_for_metrics\ipython\IPython\core\tests\test_completer.py,517,40,1,9,0,0,0
ipython,C:\Users\Zhifei Chen\Desktop\pysmell\subjects_for_metrics\ipython\IPython\core\tests\test_completer.py,730,27,1,5,0,0,0
ipython,C:\Users\Zhifei Chen\Desktop\pysmell\subjects_for_metrics\ipython\IPython\core\tests\test_completer.py,731,27,1,5,0,0,0
ipython,C:\Users\Zhifei Chen\Desktop\pysmell\subjects_for_metrics\ipython\IPython\core\tests\test_completerlib.py,88,89,1,15,1,0,0
ipython,C:\Users\Zhifei Chen\Desktop\pysmell\subjects_for_metrics\ipython\IPython\core\tests\test_display.py,93,35,1,5,0,0,0
ipython,C:\Users\Zhifei Chen\Desktop\pysmell\subjects_for_metrics\ipython\IPython\core\tests\test_handlers.py,54,115,1,16,1,0,0
ipython,C:\Users\Zhifei Chen\Desktop\pysmell\subjects_for_metrics\ipython\IPython\core\tests\test_history.py,75,39,1,11,0,0,0
ipython,C:\Users\Zhifei Chen\Desktop\pysmell\subjects_for_metrics\ipython\IPython\core\tests\test_history.py,81,35,1,11,0,0,0
ipython,C:\Users\Zhifei Chen\Desktop\pysmell\subjects_for_metrics\ipython\IPython\core\tests\test_inputsplitter.py,58,48,1,8,0,0,0
ipython,C:\Users\Zhifei Chen\Desktop\pysmell\subjects_for_metrics\ipython\IPython\core\tests\test_inputsplitter.py,443,37,2,8,0,0,0
ipython,C:\Users\Zhifei Chen\Desktop\pysmell\subjects_for_metrics\ipython\IPython\core\tests\test_inputsplitter.py,444,37,2,8,0,0,0
ipython,C:\Users\Zhifei Chen\Desktop\pysmell\subjects_for_metrics\ipython\IPython\core\tests\test_inputtransformer.py,41,557,1,46,1,1,1
ipython,C:\Users\Zhifei Chen\Desktop\pysmell\subjects_for_metrics\ipython\IPython\core\tests\test_inputtransformer.py,59,269,1,31,1,1,1
ipython,C:\Users\Zhifei Chen\Desktop\pysmell\subjects_for_metrics\ipython\IPython\core\tests\test_inputtransformer.py,96,124,1,16,1,0,0
ipython,C:\Users\Zhifei Chen\Desktop\pysmell\subjects_for_metrics\ipython\IPython\core\tests\test_inputtransformer.py,105,376,1,31,1,1,1
ipython,C:\Users\Zhifei Chen\Desktop\pysmell\subjects_for_metrics\ipython\IPython\core\tests\test_inputtransformer.py,116,876,1,49,1,1,1
ipython,C:\Users\Zhifei Chen\Desktop\pysmell\subjects_for_metrics\ipython\IPython\core\tests\test_inputtransformer.py,138,232,1,22,1,0,1
ipython,C:\Users\Zhifei Chen\Desktop\pysmell\subjects_for_metrics\ipython\IPython\core\tests\test_inputtransformer.py,172,299,1,25,1,1,1
ipython,C:\Users\Zhifei Chen\Desktop\pysmell\subjects_for_metrics\ipython\IPython\core\tests\test_interactiveshell.py,803,21,1,4,0,0,0
ipython,C:\Users\Zhifei Chen\Desktop\pysmell\subjects_for_metrics\ipython\IPython\core\tests\test_magic.py,301,38,1,9,0,0,0
ipython,C:\Users\Zhifei Chen\Desktop\pysmell\subjects_for_metrics\ipython\IPython\core\tests\test_magic.py,303,38,1,9,0,0,0
ipython,C:\Users\Zhifei Chen\Desktop\pysmell\subjects_for_metrics\ipython\IPython\core\tests\test_magic.py,310,41,1,9,0,0,0
ipython,C:\Users\Zhifei Chen\Desktop\pysmell\subjects_for_metrics\ipython\IPython\core\tests\test_magic.py,312,41,1,9,0,0,0
ipython,C:\Users\Zhifei Chen\Desktop\pysmell\subjects_for_metrics\ipython\IPython\core\tests\test_pylabtools.py,141,32,1,5,0,0,0
ipython,C:\Users\Zhifei Chen\Desktop\pysmell\subjects_for_metrics\ipython\IPython\core\tests\test_run.py,430,41,2,9,0,0,0
ipython,C:\Users\Zhifei Chen\Desktop\pysmell\subjects_for_metrics\ipython\IPython\external\qt_loaders.py,271,30,1,7,0,0,0
ipython,C:\Users\Zhifei Chen\Desktop\pysmell\subjects_for_metrics\ipython\IPython\lib\demo.py,281,48,2,11,0,0,0
ipython,C:\Users\Zhifei Chen\Desktop\pysmell\subjects_for_metrics\ipython\IPython\lib\demo.py,282,44,1,9,0,0,0
ipython,C:\Users\Zhifei Chen\Desktop\pysmell\subjects_for_metrics\ipython\IPython\lib\demo.py,283,42,1,9,0,0,0
ipython,C:\Users\Zhifei Chen\Desktop\pysmell\subjects_for_metrics\ipython\IPython\lib\demo.py,531,25,2,6,0,0,0
ipython,C:\Users\Zhifei Chen\Desktop\pysmell\subjects_for_metrics\ipython\IPython\lib\display.py,156,33,1,7,0,0,0
ipython,C:\Users\Zhifei Chen\Desktop\pysmell\subjects_for_metrics\ipython\IPython\lib\tests\test_pretty.py,87,28,1,7,0,0,0
ipython,C:\Users\Zhifei Chen\Desktop\pysmell\subjects_for_metrics\ipython\IPython\lib\tests\test_pretty.py,216,23,1,6,0,0,0
ipython,C:\Users\Zhifei Chen\Desktop\pysmell\subjects_for_metrics\ipython\IPython\lib\tests\test_pretty.py,302,29,1,8,0,0,0
ipython,C:\Users\Zhifei Chen\Desktop\pysmell\subjects_for_metrics\ipython\IPython\lib\tests\test_pretty.py,326,25,1,6,0,0,0
ipython,C:\Users\Zhifei Chen\Desktop\pysmell\subjects_for_metrics\ipython\IPython\sphinxext\custom_doctests.py,137,38,1,6,0,0,0
ipython,C:\Users\Zhifei Chen\Desktop\pysmell\subjects_for_metrics\ipython\IPython\sphinxext\ipython_directive.py,571,28,1,5,0,0,0
ipython,C:\Users\Zhifei Chen\Desktop\pysmell\subjects_for_metrics\ipython\IPython\sphinxext\ipython_directive.py,681,28,1,5,0,0,0
ipython,C:\Users\Zhifei Chen\Desktop\pysmell\subjects_for_metrics\ipython\IPython\sphinxext\ipython_directive.py,965,44,1,9,0,0,0
ipython,C:\Users\Zhifei Chen\Desktop\pysmell\subjects_for_metrics\ipython\IPython\terminal\embed.py,196,67,2,14,1,0,0
ipython,C:\Users\Zhifei Chen\Desktop\pysmell\subjects_for_metrics\ipython\IPython\terminal\embed.py,213,71,2,15,1,0,0
ipython,C:\Users\Zhifei Chen\Desktop\pysmell\subjects_for_metrics\ipython\IPython\terminal\tests\test_interactivshell.py,85,86,1,16,1,0,0
ipython,C:\Users\Zhifei Chen\Desktop\pysmell\subjects_for_metrics\ipython\IPython\terminal\tests\test_interactivshell.py,189,47,1,7,0,0,0
ipython,C:\Users\Zhifei Chen\Desktop\pysmell\subjects_for_metrics\ipython\IPython\terminal\tests\test_interactivshell.py,227,47,1,7,0,0,0
ipython,C:\Users\Zhifei Chen\Desktop\pysmell\subjects_for_metrics\ipython\IPython\testing\iptest.py,150,32,1,6,0,0,0
ipython,C:\Users\Zhifei Chen\Desktop\pysmell\subjects_for_metrics\ipython\IPython\testing\iptest.py,153,59,1,10,0,0,0
ipython,C:\Users\Zhifei Chen\Desktop\pysmell\subjects_for_metrics\ipython\IPython\testing\iptest.py,251,46,1,6,0,0,0
ipython,C:\Users\Zhifei Chen\Desktop\pysmell\subjects_for_metrics\ipython\IPython\testing\iptest.py,258,47,1,6,0,0,0
ipython,C:\Users\Zhifei Chen\Desktop\pysmell\subjects_for_metrics\ipython\IPython\testing\iptestcontroller.py,247,51,1,6,0,0,0
ipython,C:\Users\Zhifei Chen\Desktop\pysmell\subjects_for_metrics\ipython\IPython\testing\iptestcontroller.py,249,32,2,5,0,0,0
ipython,C:\Users\Zhifei Chen\Desktop\pysmell\subjects_for_metrics\ipython\IPython\testing\iptestcontroller.py,250,37,2,6,0,0,0
ipython,C:\Users\Zhifei Chen\Desktop\pysmell\subjects_for_metrics\ipython\IPython\testing\iptestcontroller.py,301,21,1,7,0,0,0
ipython,C:\Users\Zhifei Chen\Desktop\pysmell\subjects_for_metrics\ipython\IPython\testing\iptestcontroller.py,302,57,1,10,0,0,0
ipython,C:\Users\Zhifei Chen\Desktop\pysmell\subjects_for_metrics\ipython\IPython\testing\iptestcontroller.py,422,23,1,4,0,0,0
ipython,C:\Users\Zhifei Chen\Desktop\pysmell\subjects_for_metrics\ipython\IPython\testing\ipunittest.py,52,59,2,14,0,0,0
ipython,C:\Users\Zhifei Chen\Desktop\pysmell\subjects_for_metrics\ipython\IPython\testing\tools.py,91,33,1,8,0,0,0
ipython,C:\Users\Zhifei Chen\Desktop\pysmell\subjects_for_metrics\ipython\IPython\testing\plugin\ipdoctest.py,413,40,1,9,0,0,0
ipython,C:\Users\Zhifei Chen\Desktop\pysmell\subjects_for_metrics\ipython\IPython\testing\plugin\ipdoctest.py,517,46,1,10,0,0,0
ipython,C:\Users\Zhifei Chen\Desktop\pysmell\subjects_for_metrics\ipython\IPython\testing\plugin\ipdoctest.py,536,30,1,6,0,0,0
ipython,C:\Users\Zhifei Chen\Desktop\pysmell\subjects_for_metrics\ipython\IPython\testing\plugin\ipdoctest.py,631,52,2,9,0,0,0
ipython,C:\Users\Zhifei Chen\Desktop\pysmell\subjects_for_metrics\ipython\IPython\testing\plugin\ipdoctest.py,759,52,2,9,0,0,0
ipython,C:\Users\Zhifei Chen\Desktop\pysmell\subjects_for_metrics\ipython\IPython\testing\plugin\iptest.py,17,18,1,4,0,0,0
ipython,C:\Users\Zhifei Chen\Desktop\pysmell\subjects_for_metrics\ipython\IPython\utils\capture.py,111,42,1,9,0,0,0
ipython,C:\Users\Zhifei Chen\Desktop\pysmell\subjects_for_metrics\ipython\IPython\utils\coloransi.py,175,29,1,5,0,0,0
ipython,C:\Users\Zhifei Chen\Desktop\pysmell\subjects_for_metrics\ipython\IPython\utils\data.py,24,49,2,12,0,0,0
ipython,C:\Users\Zhifei Chen\Desktop\pysmell\subjects_for_metrics\ipython\IPython\utils\data.py,30,29,2,5,0,0,0
ipython,C:\Users\Zhifei Chen\Desktop\pysmell\subjects_for_metrics\ipython\IPython\utils\data.py,35,46,1,15,0,0,0
ipython,C:\Users\Zhifei Chen\Desktop\pysmell\subjects_for_metrics\ipython\IPython\utils\dir2.py,57,42,2,7,0,0,0
ipython,C:\Users\Zhifei Chen\Desktop\pysmell\subjects_for_metrics\ipython\IPython\utils\frame.py,56,28,1,7,0,0,0
ipython,C:\Users\Zhifei Chen\Desktop\pysmell\subjects_for_metrics\ipython\IPython\utils\frame.py,70,28,1,7,0,0,0
ipython,C:\Users\Zhifei Chen\Desktop\pysmell\subjects_for_metrics\ipython\IPython\utils\py3compat.py,123,50,1,10,0,0,0
ipython,C:\Users\Zhifei Chen\Desktop\pysmell\subjects_for_metrics\ipython\IPython\utils\py3compat.py,126,26,1,5,0,0,0
ipython,C:\Users\Zhifei Chen\Desktop\pysmell\subjects_for_metrics\ipython\IPython\utils\py3compat.py,169,35,1,8,0,0,0
ipython,C:\Users\Zhifei Chen\Desktop\pysmell\subjects_for_metrics\ipython\IPython\utils\py3compat.py,237,35,1,8,0,0,0
ipython,C:\Users\Zhifei Chen\Desktop\pysmell\subjects_for_metrics\ipython\IPython\utils\py3compat.py,284,36,2,8,0,0,0
ipython,C:\Users\Zhifei Chen\Desktop\pysmell\subjects_for_metrics\ipython\IPython\utils\text.py,166,39,2,8,0,0,0
ipython,C:\Users\Zhifei Chen\Desktop\pysmell\subjects_for_metrics\ipython\IPython\utils\text.py,168,44,2,9,0,0,0
ipython,C:\Users\Zhifei Chen\Desktop\pysmell\subjects_for_metrics\ipython\IPython\utils\text.py,190,23,1,5,0,0,0
ipython,C:\Users\Zhifei Chen\Desktop\pysmell\subjects_for_metrics\ipython\IPython\utils\text.py,193,21,1,5,0,0,0
ipython,C:\Users\Zhifei Chen\Desktop\pysmell\subjects_for_metrics\ipython\IPython\utils\text.py,219,49,1,11,0,0,0
ipython,C:\Users\Zhifei Chen\Desktop\pysmell\subjects_for_metrics\ipython\IPython\utils\text.py,221,26,1,5,0,0,0
ipython,C:\Users\Zhifei Chen\Desktop\pysmell\subjects_for_metrics\ipython\IPython\utils\text.py,224,34,2,10,0,0,0
ipython,C:\Users\Zhifei Chen\Desktop\pysmell\subjects_for_metrics\ipython\IPython\utils\text.py,233,15,1,5,0,0,0
ipython,C:\Users\Zhifei Chen\Desktop\pysmell\subjects_for_metrics\ipython\IPython\utils\text.py,422,33,1,13,0,0,0
ipython,C:\Users\Zhifei Chen\Desktop\pysmell\subjects_for_metrics\ipython\IPython\utils\text.py,473,24,1,6,0,0,0
ipython,C:\Users\Zhifei Chen\Desktop\pysmell\subjects_for_metrics\ipython\IPython\utils\text.py,573,39,1,6,0,0,0
ipython,C:\Users\Zhifei Chen\Desktop\pysmell\subjects_for_metrics\ipython\IPython\utils\text.py,626,44,1,12,0,0,0
ipython,C:\Users\Zhifei Chen\Desktop\pysmell\subjects_for_metrics\ipython\IPython\utils\text.py,715,87,2,18,1,0,0
ipython,C:\Users\Zhifei Chen\Desktop\pysmell\subjects_for_metrics\ipython\IPython\utils\text.py,715,68,1,13,1,0,0
ipython,C:\Users\Zhifei Chen\Desktop\pysmell\subjects_for_metrics\ipython\IPython\utils\text.py,717,87,2,18,1,0,0
ipython,C:\Users\Zhifei Chen\Desktop\pysmell\subjects_for_metrics\ipython\IPython\utils\text.py,717,68,1,13,1,0,0
ipython,C:\Users\Zhifei Chen\Desktop\pysmell\subjects_for_metrics\ipython\IPython\utils\text.py,747,28,1,6,0,0,0
ipython,C:\Users\Zhifei Chen\Desktop\pysmell\subjects_for_metrics\ipython\IPython\utils\text.py,748,53,1,14,0,0,0
ipython,C:\Users\Zhifei Chen\Desktop\pysmell\subjects_for_metrics\ipython\IPython\utils\text.py,776,63,1,8,0,0,0
ipython,C:\Users\Zhifei Chen\Desktop\pysmell\subjects_for_metrics\ipython\IPython\utils\text.py,781,21,1,6,0,0,0
ipython,C:\Users\Zhifei Chen\Desktop\pysmell\subjects_for_metrics\ipython\IPython\utils\ulinecache.py,37,41,1,7,0,0,0
ipython,C:\Users\Zhifei Chen\Desktop\pysmell\subjects_for_metrics\ipython\IPython\utils\wildcard.py,26,51,2,9,0,0,0
ipython,C:\Users\Zhifei Chen\Desktop\pysmell\subjects_for_metrics\ipython\IPython\utils\wildcard.py,86,112,2,22,1,0,1
ipython,C:\Users\Zhifei Chen\Desktop\pysmell\subjects_for_metrics\ipython\IPython\utils\_process_common.py,214,31,1,6,0,0,0
ipython,C:\Users\Zhifei Chen\Desktop\pysmell\subjects_for_metrics\ipython\IPython\utils\_signatures.py,504,40,1,6,0,0,0
ipython,C:\Users\Zhifei Chen\Desktop\pysmell\subjects_for_metrics\ipython\IPython\utils\_signatures.py,619,63,1,12,0,0,0
ipython,C:\Users\Zhifei Chen\Desktop\pysmell\subjects_for_metrics\ipython\IPython\utils\_tokenize_py2.py,44,43,2,10,0,0,0
ipython,C:\Users\Zhifei Chen\Desktop\pysmell\subjects_for_metrics\ipython\IPython\utils\tests\test_text.py,33,22,1,5,0,0,0
ipython,C:\Users\Zhifei Chen\Desktop\pysmell\subjects_for_metrics\ipython\IPython\utils\tests\test_text.py,66,39,1,10,0,0,0
ipython,C:\Users\Zhifei Chen\Desktop\pysmell\subjects_for_metrics\ipython\IPython\utils\tests\test_text.py,68,51,1,9,0,0,0
ipython,C:\Users\Zhifei Chen\Desktop\pysmell\subjects_for_metrics\ipython\IPython\utils\tests\test_text.py,69,23,1,5,0,0,0
ipython,C:\Users\Zhifei Chen\Desktop\pysmell\subjects_for_metrics\ipython\IPython\utils\tests\test_text.py,71,29,1,8,0,0,0
ipython,C:\Users\Zhifei Chen\Desktop\pysmell\subjects_for_metrics\ipython\IPython\utils\tests\test_text.py,84,21,1,5,0,0,0
ipython,C:\Users\Zhifei Chen\Desktop\pysmell\subjects_for_metrics\ipython\IPython\utils\tests\test_text.py,92,21,1,5,0,0,0
ipython,C:\Users\Zhifei Chen\Desktop\pysmell\subjects_for_metrics\ipython\IPython\utils\tests\test_text.py,101,31,1,8,0,0,0
ipython,C:\Users\Zhifei Chen\Desktop\pysmell\subjects_for_metrics\ipython\scripts\ipython_win_post_install.py,84,25,1,5,0,0,0
ipython,C:\Users\Zhifei Chen\Desktop\pysmell\subjects_for_metrics\ipython\tools\backport_pr.py,94,26,1,5,0,0,0
ipython,C:\Users\Zhifei Chen\Desktop\pysmell\subjects_for_metrics\ipython\tools\backport_pr.py,118,44,1,8,0,0,0
ipython,C:\Users\Zhifei Chen\Desktop\pysmell\subjects_for_metrics\ipython\tools\gen_latex_symbols.py,29,34,2,6,0,0,0
ipython,C:\Users\Zhifei Chen\Desktop\pysmell\subjects_for_metrics\ipython\tools\gen_latex_symbols.py,30,38,1,7,0,0,0
ipython,C:\Users\Zhifei Chen\Desktop\pysmell\subjects_for_metrics\ipython\tools\gen_latex_symbols.py,42,35,1,5,0,0,0
ipython,C:\Users\Zhifei Chen\Desktop\pysmell\subjects_for_metrics\ipython\tools\gen_latex_symbols.py,57,41,2,8,0,0,0
ipython,C:\Users\Zhifei Chen\Desktop\pysmell\subjects_for_metrics\ipython\tools\git-mpr.py,107,33,1,7,0,0,0
ipython,C:\Users\Zhifei Chen\Desktop\pysmell\subjects_for_metrics\ipython\tools\github_stats.py,81,59,2,10,0,0,0
ipython,C:\Users\Zhifei Chen\Desktop\pysmell\subjects_for_metrics\ipython\tools\github_stats.py,83,58,2,10,0,0,0
ipython,C:\Users\Zhifei Chen\Desktop\pysmell\subjects_for_metrics\ipython\tools\github_stats.py,85,47,2,10,0,0,0
ipython,C:\Users\Zhifei Chen\Desktop\pysmell\subjects_for_metrics\ipython\tools\github_stats.py,87,42,2,7,0,0,0
ipython,C:\Users\Zhifei Chen\Desktop\pysmell\subjects_for_metrics\ipython\tools\github_stats.py,210,40,1,10,0,0,0
ipython,C:\Users\Zhifei Chen\Desktop\pysmell\subjects_for_metrics\ipython\tools\mknbindex.py,31,70,1,14,1,0,0
ipython,C:\Users\Zhifei Chen\Desktop\pysmell\subjects_for_metrics\ipython\tools\test_pr.py,133,36,1,6,0,0,0
ipython,C:\Users\Zhifei Chen\Desktop\pysmell\subjects_for_metrics\ipython\tools\update_whatsnew.py,31,28,1,6,0,0,0
ipython,C:\Users\Zhifei Chen\Desktop\pysmell\subjects_for_metrics\ipython\tools\update_whatsnew.py,63,38,1,7,0,0,0
