subject,file,lineno,CLOC,experience-based,statistics-based,tuning machine
ipython,C:\Users\Zhifei Chen\Desktop\pysmell\subjects_for_metrics\ipython\setup.py,131,6,0,0,0
ipython,C:\Users\Zhifei Chen\Desktop\pysmell\subjects_for_metrics\ipython\setupbase.py,155,2,0,0,0
ipython,C:\Users\Zhifei Chen\Desktop\pysmell\subjects_for_metrics\ipython\setupbase.py,314,2,0,0,0
ipython,C:\Users\Zhifei Chen\Desktop\pysmell\subjects_for_metrics\ipython\setupbase.py,351,6,0,0,0
ipython,C:\Users\Zhifei Chen\Desktop\pysmell\subjects_for_metrics\ipython\setupbase.py,375,2,0,0,0
ipython,C:\Users\Zhifei Chen\Desktop\pysmell\subjects_for_metrics\ipython\setupbase.py,384,4,0,0,0
ipython,C:\Users\Zhifei Chen\Desktop\pysmell\subjects_for_metrics\ipython\setupbase.py,399,2,0,0,0
ipython,C:\Users\Zhifei Chen\Desktop\pysmell\subjects_for_metrics\ipython\setupbase.py,426,4,0,0,0
ipython,C:\Users\Zhifei Chen\Desktop\pysmell\subjects_for_metrics\ipython\docs\sphinxext\apigen.py,28,2,0,0,0
ipython,C:\Users\Zhifei Chen\Desktop\pysmell\subjects_for_metrics\ipython\docs\sphinxext\apigen.py,34,7,0,0,0
ipython,C:\Users\Zhifei Chen\Desktop\pysmell\subjects_for_metrics\ipython\docs\sphinxext\apigen.py,77,18,0,0,0
ipython,C:\Users\Zhifei Chen\Desktop\pysmell\subjects_for_metrics\ipython\docs\sphinxext\magics.py,16,3,0,0,0
ipython,C:\Users\Zhifei Chen\Desktop\pysmell\subjects_for_metrics\ipython\docs\sphinxext\magics.py,34,2,0,0,0
ipython,C:\Users\Zhifei Chen\Desktop\pysmell\subjects_for_metrics\ipython\examples\IPython Kernel\gui\gui-qt.py,15,2,0,0,0
ipython,C:\Users\Zhifei Chen\Desktop\pysmell\subjects_for_metrics\ipython\examples\IPython Kernel\gui\gui-tk.py,16,2,0,0,0
ipython,C:\Users\Zhifei Chen\Desktop\pysmell\subjects_for_metrics\ipython\examples\IPython Kernel\gui\gui-wx.py,17,4,0,0,0
ipython,C:\Users\Zhifei Chen\Desktop\pysmell\subjects_for_metrics\ipython\examples\IPython Kernel\gui\gui-wx.py,80,2,0,0,0
ipython,C:\Users\Zhifei Chen\Desktop\pysmell\subjects_for_metrics\ipython\IPython\core\alias.py,114,2,0,0,0
ipython,C:\Users\Zhifei Chen\Desktop\pysmell\subjects_for_metrics\ipython\IPython\core\alias.py,118,2,0,0,0
ipython,C:\Users\Zhifei Chen\Desktop\pysmell\subjects_for_metrics\ipython\IPython\core\alias.py,121,6,0,0,0
ipython,C:\Users\Zhifei Chen\Desktop\pysmell\subjects_for_metrics\ipython\IPython\core\alias.py,193,14,0,0,0
ipython,C:\Users\Zhifei Chen\Desktop\pysmell\subjects_for_metrics\ipython\IPython\core\application.py,67,2,0,0,0
ipython,C:\Users\Zhifei Chen\Desktop\pysmell\subjects_for_metrics\ipython\IPython\core\application.py,81,41,1,0,1
ipython,C:\Users\Zhifei Chen\Desktop\pysmell\subjects_for_metrics\ipython\IPython\core\autocall.py,31,5,0,0,0
ipython,C:\Users\Zhifei Chen\Desktop\pysmell\subjects_for_metrics\ipython\IPython\core\autocall.py,51,3,0,0,0
ipython,C:\Users\Zhifei Chen\Desktop\pysmell\subjects_for_metrics\ipython\IPython\core\autocall.py,59,2,0,0,0
ipython,C:\Users\Zhifei Chen\Desktop\pysmell\subjects_for_metrics\ipython\IPython\core\builtin_trap.py,30,1,0,0,0
ipython,C:\Users\Zhifei Chen\Desktop\pysmell\subjects_for_metrics\ipython\IPython\core\builtin_trap.py,33,1,0,0,0
ipython,C:\Users\Zhifei Chen\Desktop\pysmell\subjects_for_metrics\ipython\IPython\core\builtin_trap.py,37,9,0,0,0
ipython,C:\Users\Zhifei Chen\Desktop\pysmell\subjects_for_metrics\ipython\IPython\core\compilerop.py,69,6,0,0,0
ipython,C:\Users\Zhifei Chen\Desktop\pysmell\subjects_for_metrics\ipython\IPython\core\completer.py,210,2,0,0,0
ipython,C:\Users\Zhifei Chen\Desktop\pysmell\subjects_for_metrics\ipython\IPython\core\completer.py,218,8,0,0,0
ipython,C:\Users\Zhifei Chen\Desktop\pysmell\subjects_for_metrics\ipython\IPython\core\completer.py,269,6,0,0,0
ipython,C:\Users\Zhifei Chen\Desktop\pysmell\subjects_for_metrics\ipython\IPython\core\completer.py,538,21,0,0,0
ipython,C:\Users\Zhifei Chen\Desktop\pysmell\subjects_for_metrics\ipython\IPython\core\crashhandler.py,74,6,0,0,0
ipython,C:\Users\Zhifei Chen\Desktop\pysmell\subjects_for_metrics\ipython\IPython\core\debugger.py,83,3,0,0,0
ipython,C:\Users\Zhifei Chen\Desktop\pysmell\subjects_for_metrics\ipython\IPython\core\debugger.py,201,30,1,0,0
ipython,C:\Users\Zhifei Chen\Desktop\pysmell\subjects_for_metrics\ipython\IPython\core\display.py,347,7,0,0,0
ipython,C:\Users\Zhifei Chen\Desktop\pysmell\subjects_for_metrics\ipython\IPython\core\display.py,427,2,0,0,0
ipython,C:\Users\Zhifei Chen\Desktop\pysmell\subjects_for_metrics\ipython\IPython\core\display.py,433,2,0,0,0
ipython,C:\Users\Zhifei Chen\Desktop\pysmell\subjects_for_metrics\ipython\IPython\core\display.py,439,3,0,0,0
ipython,C:\Users\Zhifei Chen\Desktop\pysmell\subjects_for_metrics\ipython\IPython\core\display.py,453,2,0,0,0
ipython,C:\Users\Zhifei Chen\Desktop\pysmell\subjects_for_metrics\ipython\IPython\core\display.py,459,2,0,0,0
ipython,C:\Users\Zhifei Chen\Desktop\pysmell\subjects_for_metrics\ipython\IPython\core\display.py,466,2,0,0,0
ipython,C:\Users\Zhifei Chen\Desktop\pysmell\subjects_for_metrics\ipython\IPython\core\display.py,472,5,0,0,0
ipython,C:\Users\Zhifei Chen\Desktop\pysmell\subjects_for_metrics\ipython\IPython\core\display.py,506,6,0,0,0
ipython,C:\Users\Zhifei Chen\Desktop\pysmell\subjects_for_metrics\ipython\IPython\core\display.py,545,3,0,0,0
ipython,C:\Users\Zhifei Chen\Desktop\pysmell\subjects_for_metrics\ipython\IPython\core\display.py,633,13,0,0,0
ipython,C:\Users\Zhifei Chen\Desktop\pysmell\subjects_for_metrics\ipython\IPython\core\display.py,808,6,0,0,0
ipython,C:\Users\Zhifei Chen\Desktop\pysmell\subjects_for_metrics\ipython\IPython\core\displayhook.py,27,19,0,0,0
ipython,C:\Users\Zhifei Chen\Desktop\pysmell\subjects_for_metrics\ipython\IPython\core\displaypub.py,31,4,0,0,0
ipython,C:\Users\Zhifei Chen\Desktop\pysmell\subjects_for_metrics\ipython\IPython\core\displaypub.py,105,4,0,0,0
ipython,C:\Users\Zhifei Chen\Desktop\pysmell\subjects_for_metrics\ipython\IPython\core\display_trap.py,32,7,0,0,0
ipython,C:\Users\Zhifei Chen\Desktop\pysmell\subjects_for_metrics\ipython\IPython\core\error.py,30,2,0,0,0
ipython,C:\Users\Zhifei Chen\Desktop\pysmell\subjects_for_metrics\ipython\IPython\core\error.py,34,1,0,0,0
ipython,C:\Users\Zhifei Chen\Desktop\pysmell\subjects_for_metrics\ipython\IPython\core\error.py,41,1,0,0,0
ipython,C:\Users\Zhifei Chen\Desktop\pysmell\subjects_for_metrics\ipython\IPython\core\error.py,48,1,0,0,0
ipython,C:\Users\Zhifei Chen\Desktop\pysmell\subjects_for_metrics\ipython\IPython\core\error.py,55,1,0,0,0
ipython,C:\Users\Zhifei Chen\Desktop\pysmell\subjects_for_metrics\ipython\IPython\core\events.py,17,5,0,0,0
ipython,C:\Users\Zhifei Chen\Desktop\pysmell\subjects_for_metrics\ipython\IPython\core\extensions.py,25,12,0,0,0
ipython,C:\Users\Zhifei Chen\Desktop\pysmell\subjects_for_metrics\ipython\IPython\core\formatters.py,58,12,0,0,0
ipython,C:\Users\Zhifei Chen\Desktop\pysmell\subjects_for_metrics\ipython\IPython\core\formatters.py,213,1,0,0,0
ipython,C:\Users\Zhifei Chen\Desktop\pysmell\subjects_for_metrics\ipython\IPython\core\formatters.py,235,4,0,0,0
ipython,C:\Users\Zhifei Chen\Desktop\pysmell\subjects_for_metrics\ipython\IPython\core\formatters.py,283,17,0,0,0
ipython,C:\Users\Zhifei Chen\Desktop\pysmell\subjects_for_metrics\ipython\IPython\core\formatters.py,563,16,0,0,0
ipython,C:\Users\Zhifei Chen\Desktop\pysmell\subjects_for_metrics\ipython\IPython\core\formatters.py,702,3,0,0,0
ipython,C:\Users\Zhifei Chen\Desktop\pysmell\subjects_for_metrics\ipython\IPython\core\formatters.py,719,3,0,0,0
ipython,C:\Users\Zhifei Chen\Desktop\pysmell\subjects_for_metrics\ipython\IPython\core\formatters.py,733,3,0,0,0
ipython,C:\Users\Zhifei Chen\Desktop\pysmell\subjects_for_metrics\ipython\IPython\core\formatters.py,750,4,0,0,0
ipython,C:\Users\Zhifei Chen\Desktop\pysmell\subjects_for_metrics\ipython\IPython\core\formatters.py,768,4,0,0,0
ipython,C:\Users\Zhifei Chen\Desktop\pysmell\subjects_for_metrics\ipython\IPython\core\formatters.py,786,3,0,0,0
ipython,C:\Users\Zhifei Chen\Desktop\pysmell\subjects_for_metrics\ipython\IPython\core\formatters.py,803,5,0,0,0
ipython,C:\Users\Zhifei Chen\Desktop\pysmell\subjects_for_metrics\ipython\IPython\core\formatters.py,843,3,0,0,0
ipython,C:\Users\Zhifei Chen\Desktop\pysmell\subjects_for_metrics\ipython\IPython\core\formatters.py,859,4,0,0,0
ipython,C:\Users\Zhifei Chen\Desktop\pysmell\subjects_for_metrics\ipython\IPython\core\formatters.py,876,4,0,0,0
ipython,C:\Users\Zhifei Chen\Desktop\pysmell\subjects_for_metrics\ipython\IPython\core\history.py,44,6,0,0,0
ipython,C:\Users\Zhifei Chen\Desktop\pysmell\subjects_for_metrics\ipython\IPython\core\history.py,75,2,0,0,0
ipython,C:\Users\Zhifei Chen\Desktop\pysmell\subjects_for_metrics\ipython\IPython\core\history.py,79,2,0,0,0
ipython,C:\Users\Zhifei Chen\Desktop\pysmell\subjects_for_metrics\ipython\IPython\core\history.py,106,5,0,0,0
ipython,C:\Users\Zhifei Chen\Desktop\pysmell\subjects_for_metrics\ipython\IPython\core\history.py,123,17,0,0,0
ipython,C:\Users\Zhifei Chen\Desktop\pysmell\subjects_for_metrics\ipython\IPython\core\history.py,445,37,1,0,1
ipython,C:\Users\Zhifei Chen\Desktop\pysmell\subjects_for_metrics\ipython\IPython\core\history.py,774,7,0,0,0
ipython,C:\Users\Zhifei Chen\Desktop\pysmell\subjects_for_metrics\ipython\IPython\core\historyapp.py,34,7,0,0,0
ipython,C:\Users\Zhifei Chen\Desktop\pysmell\subjects_for_metrics\ipython\IPython\core\historyapp.py,119,7,0,0,0
ipython,C:\Users\Zhifei Chen\Desktop\pysmell\subjects_for_metrics\ipython\IPython\core\historyapp.py,141,5,0,0,0
ipython,C:\Users\Zhifei Chen\Desktop\pysmell\subjects_for_metrics\ipython\IPython\core\hooks.py,113,5,0,0,0
ipython,C:\Users\Zhifei Chen\Desktop\pysmell\subjects_for_metrics\ipython\IPython\core\inputsplitter.py,165,20,0,0,0
ipython,C:\Users\Zhifei Chen\Desktop\pysmell\subjects_for_metrics\ipython\IPython\core\inputsplitter.py,455,16,0,0,0
ipython,C:\Users\Zhifei Chen\Desktop\pysmell\subjects_for_metrics\ipython\IPython\core\inputtransformer.py,46,4,0,0,0
ipython,C:\Users\Zhifei Chen\Desktop\pysmell\subjects_for_metrics\ipython\IPython\core\inputtransformer.py,81,5,0,0,0
ipython,C:\Users\Zhifei Chen\Desktop\pysmell\subjects_for_metrics\ipython\IPython\core\inputtransformer.py,98,5,0,0,0
ipython,C:\Users\Zhifei Chen\Desktop\pysmell\subjects_for_metrics\ipython\IPython\core\inputtransformer.py,121,7,0,0,0
ipython,C:\Users\Zhifei Chen\Desktop\pysmell\subjects_for_metrics\ipython\IPython\core\inputtransformer.py,178,3,0,0,0
ipython,C:\Users\Zhifei Chen\Desktop\pysmell\subjects_for_metrics\ipython\IPython\core\interactiveshell.py,112,4,0,0,0
ipython,C:\Users\Zhifei Chen\Desktop\pysmell\subjects_for_metrics\ipython\IPython\core\interactiveshell.py,118,1,0,0,0
ipython,C:\Users\Zhifei Chen\Desktop\pysmell\subjects_for_metrics\ipython\IPython\core\interactiveshell.py,120,2,0,0,0
ipython,C:\Users\Zhifei Chen\Desktop\pysmell\subjects_for_metrics\ipython\IPython\core\interactiveshell.py,133,2,0,0,0
ipython,C:\Users\Zhifei Chen\Desktop\pysmell\subjects_for_metrics\ipython\IPython\core\interactiveshell.py,145,6,0,0,0
ipython,C:\Users\Zhifei Chen\Desktop\pysmell\subjects_for_metrics\ipython\IPython\core\interactiveshell.py,191,3,0,0,0
ipython,C:\Users\Zhifei Chen\Desktop\pysmell\subjects_for_metrics\ipython\IPython\core\interactiveshell.py,198,7,0,0,0
ipython,C:\Users\Zhifei Chen\Desktop\pysmell\subjects_for_metrics\ipython\IPython\core\interactiveshell.py,220,209,1,1,1
ipython,C:\Users\Zhifei Chen\Desktop\pysmell\subjects_for_metrics\ipython\IPython\core\interactiveshell.py,3420,1,0,0,0
ipython,C:\Users\Zhifei Chen\Desktop\pysmell\subjects_for_metrics\ipython\IPython\core\logger.py,28,12,0,0,0
ipython,C:\Users\Zhifei Chen\Desktop\pysmell\subjects_for_metrics\ipython\IPython\core\macro.py,17,7,0,0,0
ipython,C:\Users\Zhifei Chen\Desktop\pysmell\subjects_for_metrics\ipython\IPython\core\magic.py,58,1,0,0,0
ipython,C:\Users\Zhifei Chen\Desktop\pysmell\subjects_for_metrics\ipython\IPython\core\magic.py,291,18,0,0,0
ipython,C:\Users\Zhifei Chen\Desktop\pysmell\subjects_for_metrics\ipython\IPython\core\magic.py,483,10,0,0,0
ipython,C:\Users\Zhifei Chen\Desktop\pysmell\subjects_for_metrics\ipython\IPython\core\magic.py,668,3,0,0,0
ipython,C:\Users\Zhifei Chen\Desktop\pysmell\subjects_for_metrics\ipython\IPython\core\magic_arguments.py,64,5,0,0,0
ipython,C:\Users\Zhifei Chen\Desktop\pysmell\subjects_for_metrics\ipython\IPython\core\magic_arguments.py,105,4,0,0,0
ipython,C:\Users\Zhifei Chen\Desktop\pysmell\subjects_for_metrics\ipython\IPython\core\magic_arguments.py,176,3,0,0,0
ipython,C:\Users\Zhifei Chen\Desktop\pysmell\subjects_for_metrics\ipython\IPython\core\magic_arguments.py,193,3,0,0,0
ipython,C:\Users\Zhifei Chen\Desktop\pysmell\subjects_for_metrics\ipython\IPython\core\magic_arguments.py,213,4,0,0,0
ipython,C:\Users\Zhifei Chen\Desktop\pysmell\subjects_for_metrics\ipython\IPython\core\magic_arguments.py,237,2,0,0,0
ipython,C:\Users\Zhifei Chen\Desktop\pysmell\subjects_for_metrics\ipython\IPython\core\magic_arguments.py,245,2,0,0,0
ipython,C:\Users\Zhifei Chen\Desktop\pysmell\subjects_for_metrics\ipython\IPython\core\magic_arguments.py,253,2,0,0,0
ipython,C:\Users\Zhifei Chen\Desktop\pysmell\subjects_for_metrics\ipython\IPython\core\magic_arguments.py,265,3,0,0,0
ipython,C:\Users\Zhifei Chen\Desktop\pysmell\subjects_for_metrics\ipython\IPython\core\oinspect.py,377,14,0,0,0
ipython,C:\Users\Zhifei Chen\Desktop\pysmell\subjects_for_metrics\ipython\IPython\core\payload.py,28,5,0,0,0
ipython,C:\Users\Zhifei Chen\Desktop\pysmell\subjects_for_metrics\ipython\IPython\core\prefilter.py,50,2,0,0,0
ipython,C:\Users\Zhifei Chen\Desktop\pysmell\subjects_for_metrics\ipython\IPython\core\prefilter.py,93,25,1,0,0
ipython,C:\Users\Zhifei Chen\Desktop\pysmell\subjects_for_metrics\ipython\IPython\core\prefilter.py,359,8,0,0,0
ipython,C:\Users\Zhifei Chen\Desktop\pysmell\subjects_for_metrics\ipython\IPython\core\prefilter.py,389,8,0,0,0
ipython,C:\Users\Zhifei Chen\Desktop\pysmell\subjects_for_metrics\ipython\IPython\core\prefilter.py,412,4,0,0,0
ipython,C:\Users\Zhifei Chen\Desktop\pysmell\subjects_for_metrics\ipython\IPython\core\prefilter.py,425,3,0,0,0
ipython,C:\Users\Zhifei Chen\Desktop\pysmell\subjects_for_metrics\ipython\IPython\core\prefilter.py,437,3,0,0,0
ipython,C:\Users\Zhifei Chen\Desktop\pysmell\subjects_for_metrics\ipython\IPython\core\prefilter.py,451,3,0,0,0
ipython,C:\Users\Zhifei Chen\Desktop\pysmell\subjects_for_metrics\ipython\IPython\core\prefilter.py,469,3,0,0,0
ipython,C:\Users\Zhifei Chen\Desktop\pysmell\subjects_for_metrics\ipython\IPython\core\prefilter.py,493,3,0,0,0
ipython,C:\Users\Zhifei Chen\Desktop\pysmell\subjects_for_metrics\ipython\IPython\core\prefilter.py,508,5,0,0,0
ipython,C:\Users\Zhifei Chen\Desktop\pysmell\subjects_for_metrics\ipython\IPython\core\prefilter.py,539,8,0,0,0
ipython,C:\Users\Zhifei Chen\Desktop\pysmell\subjects_for_metrics\ipython\IPython\core\prefilter.py,580,3,0,0,0
ipython,C:\Users\Zhifei Chen\Desktop\pysmell\subjects_for_metrics\ipython\IPython\core\prefilter.py,590,4,0,0,0
ipython,C:\Users\Zhifei Chen\Desktop\pysmell\subjects_for_metrics\ipython\IPython\core\prefilter.py,604,4,0,0,0
ipython,C:\Users\Zhifei Chen\Desktop\pysmell\subjects_for_metrics\ipython\IPython\core\prefilter.py,676,4,0,0,0
ipython,C:\Users\Zhifei Chen\Desktop\pysmell\subjects_for_metrics\ipython\IPython\core\profileapp.py,125,4,0,0,0
ipython,C:\Users\Zhifei Chen\Desktop\pysmell\subjects_for_metrics\ipython\IPython\core\profileapp.py,137,12,0,0,0
ipython,C:\Users\Zhifei Chen\Desktop\pysmell\subjects_for_metrics\ipython\IPython\core\profileapp.py,210,15,0,0,0
ipython,C:\Users\Zhifei Chen\Desktop\pysmell\subjects_for_metrics\ipython\IPython\core\profileapp.py,292,6,0,0,0
ipython,C:\Users\Zhifei Chen\Desktop\pysmell\subjects_for_metrics\ipython\IPython\core\profiledir.py,21,2,0,0,0
ipython,C:\Users\Zhifei Chen\Desktop\pysmell\subjects_for_metrics\ipython\IPython\core\profiledir.py,29,30,1,0,0
ipython,C:\Users\Zhifei Chen\Desktop\pysmell\subjects_for_metrics\ipython\IPython\core\prompts.py,85,6,0,0,0
ipython,C:\Users\Zhifei Chen\Desktop\pysmell\subjects_for_metrics\ipython\IPython\core\prompts.py,269,3,0,0,0
ipython,C:\Users\Zhifei Chen\Desktop\pysmell\subjects_for_metrics\ipython\IPython\core\prompts.py,288,22,0,0,0
ipython,C:\Users\Zhifei Chen\Desktop\pysmell\subjects_for_metrics\ipython\IPython\core\shellapp.py,121,31,1,0,0
ipython,C:\Users\Zhifei Chen\Desktop\pysmell\subjects_for_metrics\ipython\IPython\core\splitinput.py,81,4,0,0,0
ipython,C:\Users\Zhifei Chen\Desktop\pysmell\subjects_for_metrics\ipython\IPython\core\ultratb.py,428,11,0,0,0
ipython,C:\Users\Zhifei Chen\Desktop\pysmell\subjects_for_metrics\ipython\IPython\core\ultratb.py,523,9,0,0,0
ipython,C:\Users\Zhifei Chen\Desktop\pysmell\subjects_for_metrics\ipython\IPython\core\ultratb.py,747,13,0,0,0
ipython,C:\Users\Zhifei Chen\Desktop\pysmell\subjects_for_metrics\ipython\IPython\core\ultratb.py,1184,9,0,0,0
ipython,C:\Users\Zhifei Chen\Desktop\pysmell\subjects_for_metrics\ipython\IPython\core\ultratb.py,1276,3,0,0,0
ipython,C:\Users\Zhifei Chen\Desktop\pysmell\subjects_for_metrics\ipython\IPython\core\ultratb.py,1326,2,0,0,0
ipython,C:\Users\Zhifei Chen\Desktop\pysmell\subjects_for_metrics\ipython\IPython\core\ultratb.py,1334,6,0,0,0
ipython,C:\Users\Zhifei Chen\Desktop\pysmell\subjects_for_metrics\ipython\IPython\core\magics\auto.py,25,5,0,0,0
ipython,C:\Users\Zhifei Chen\Desktop\pysmell\subjects_for_metrics\ipython\IPython\core\magics\basic.py,21,7,0,0,0
ipython,C:\Users\Zhifei Chen\Desktop\pysmell\subjects_for_metrics\ipython\IPython\core\magics\basic.py,70,16,0,0,0
ipython,C:\Users\Zhifei Chen\Desktop\pysmell\subjects_for_metrics\ipython\IPython\core\magics\code.py,43,1,0,0,0
ipython,C:\Users\Zhifei Chen\Desktop\pysmell\subjects_for_metrics\ipython\IPython\core\magics\code.py,140,2,0,0,0
ipython,C:\Users\Zhifei Chen\Desktop\pysmell\subjects_for_metrics\ipython\IPython\core\magics\code.py,146,9,0,0,0
ipython,C:\Users\Zhifei Chen\Desktop\pysmell\subjects_for_metrics\ipython\IPython\core\magics\code.py,383,1,0,0,0
ipython,C:\Users\Zhifei Chen\Desktop\pysmell\subjects_for_metrics\ipython\IPython\core\magics\config.py,29,4,0,0,0
ipython,C:\Users\Zhifei Chen\Desktop\pysmell\subjects_for_metrics\ipython\IPython\core\magics\deprecated.py,23,4,0,0,0
ipython,C:\Users\Zhifei Chen\Desktop\pysmell\subjects_for_metrics\ipython\IPython\core\magics\display.py,25,6,0,0,0
ipython,C:\Users\Zhifei Chen\Desktop\pysmell\subjects_for_metrics\ipython\IPython\core\magics\execution.py,58,3,0,0,0
ipython,C:\Users\Zhifei Chen\Desktop\pysmell\subjects_for_metrics\ipython\IPython\core\magics\execution.py,87,4,0,0,0
ipython,C:\Users\Zhifei Chen\Desktop\pysmell\subjects_for_metrics\ipython\IPython\core\magics\execution.py,112,2,0,0,0
ipython,C:\Users\Zhifei Chen\Desktop\pysmell\subjects_for_metrics\ipython\IPython\core\magics\execution.py,140,18,0,0,0
ipython,C:\Users\Zhifei Chen\Desktop\pysmell\subjects_for_metrics\ipython\IPython\core\magics\extension.py,28,6,0,0,0
ipython,C:\Users\Zhifei Chen\Desktop\pysmell\subjects_for_metrics\ipython\IPython\core\magics\history.py,37,5,0,0,0
ipython,C:\Users\Zhifei Chen\Desktop\pysmell\subjects_for_metrics\ipython\IPython\core\magics\logging.py,28,7,0,0,0
ipython,C:\Users\Zhifei Chen\Desktop\pysmell\subjects_for_metrics\ipython\IPython\core\magics\namespace.py,35,15,0,0,0
ipython,C:\Users\Zhifei Chen\Desktop\pysmell\subjects_for_metrics\ipython\IPython\core\magics\osm.py,46,20,0,0,0
ipython,C:\Users\Zhifei Chen\Desktop\pysmell\subjects_for_metrics\ipython\IPython\core\magics\pylab.py,38,5,0,0,0
ipython,C:\Users\Zhifei Chen\Desktop\pysmell\subjects_for_metrics\ipython\IPython\core\magics\script.py,74,14,0,0,0
ipython,C:\Users\Zhifei Chen\Desktop\pysmell\subjects_for_metrics\ipython\IPython\core\magics\__init__.py,35,2,0,0,0
ipython,C:\Users\Zhifei Chen\Desktop\pysmell\subjects_for_metrics\ipython\IPython\core\tests\tclass.py,12,3,0,0,0
ipython,C:\Users\Zhifei Chen\Desktop\pysmell\subjects_for_metrics\ipython\IPython\core\tests\test_completer.py,105,1,0,0,0
ipython,C:\Users\Zhifei Chen\Desktop\pysmell\subjects_for_metrics\ipython\IPython\core\tests\test_completer.py,191,4,0,0,0
ipython,C:\Users\Zhifei Chen\Desktop\pysmell\subjects_for_metrics\ipython\IPython\core\tests\test_completer.py,339,2,0,0,0
ipython,C:\Users\Zhifei Chen\Desktop\pysmell\subjects_for_metrics\ipython\IPython\core\tests\test_completer.py,346,2,0,0,0
ipython,C:\Users\Zhifei Chen\Desktop\pysmell\subjects_for_metrics\ipython\IPython\core\tests\test_completer.py,548,1,0,0,0
ipython,C:\Users\Zhifei Chen\Desktop\pysmell\subjects_for_metrics\ipython\IPython\core\tests\test_completerlib.py,26,2,0,0,0
ipython,C:\Users\Zhifei Chen\Desktop\pysmell\subjects_for_metrics\ipython\IPython\core\tests\test_completerlib.py,33,10,0,0,0
ipython,C:\Users\Zhifei Chen\Desktop\pysmell\subjects_for_metrics\ipython\IPython\core\tests\test_completerlib.py,91,6,0,0,0
ipython,C:\Users\Zhifei Chen\Desktop\pysmell\subjects_for_metrics\ipython\IPython\core\tests\test_debugger.py,28,3,0,0,0
ipython,C:\Users\Zhifei Chen\Desktop\pysmell\subjects_for_metrics\ipython\IPython\core\tests\test_debugger.py,43,4,0,0,0
ipython,C:\Users\Zhifei Chen\Desktop\pysmell\subjects_for_metrics\ipython\IPython\core\tests\test_events.py,13,4,0,0,0
ipython,C:\Users\Zhifei Chen\Desktop\pysmell\subjects_for_metrics\ipython\IPython\core\tests\test_formatters.py,20,2,0,0,0
ipython,C:\Users\Zhifei Chen\Desktop\pysmell\subjects_for_metrics\ipython\IPython\core\tests\test_formatters.py,24,2,0,0,0
ipython,C:\Users\Zhifei Chen\Desktop\pysmell\subjects_for_metrics\ipython\IPython\core\tests\test_formatters.py,28,1,0,0,0
ipython,C:\Users\Zhifei Chen\Desktop\pysmell\subjects_for_metrics\ipython\IPython\core\tests\test_formatters.py,31,2,0,0,0
ipython,C:\Users\Zhifei Chen\Desktop\pysmell\subjects_for_metrics\ipython\IPython\core\tests\test_formatters.py,35,2,0,0,0
ipython,C:\Users\Zhifei Chen\Desktop\pysmell\subjects_for_metrics\ipython\IPython\core\tests\test_formatters.py,38,3,0,0,0
ipython,C:\Users\Zhifei Chen\Desktop\pysmell\subjects_for_metrics\ipython\IPython\core\tests\test_formatters.py,246,2,0,0,0
ipython,C:\Users\Zhifei Chen\Desktop\pysmell\subjects_for_metrics\ipython\IPython\core\tests\test_formatters.py,259,2,0,0,0
ipython,C:\Users\Zhifei Chen\Desktop\pysmell\subjects_for_metrics\ipython\IPython\core\tests\test_formatters.py,281,2,0,0,0
ipython,C:\Users\Zhifei Chen\Desktop\pysmell\subjects_for_metrics\ipython\IPython\core\tests\test_formatters.py,306,2,0,0,0
ipython,C:\Users\Zhifei Chen\Desktop\pysmell\subjects_for_metrics\ipython\IPython\core\tests\test_formatters.py,317,2,0,0,0
ipython,C:\Users\Zhifei Chen\Desktop\pysmell\subjects_for_metrics\ipython\IPython\core\tests\test_formatters.py,332,2,0,0,0
ipython,C:\Users\Zhifei Chen\Desktop\pysmell\subjects_for_metrics\ipython\IPython\core\tests\test_formatters.py,346,2,0,0,0
ipython,C:\Users\Zhifei Chen\Desktop\pysmell\subjects_for_metrics\ipython\IPython\core\tests\test_formatters.py,356,2,0,0,0
ipython,C:\Users\Zhifei Chen\Desktop\pysmell\subjects_for_metrics\ipython\IPython\core\tests\test_formatters.py,399,2,0,0,0
ipython,C:\Users\Zhifei Chen\Desktop\pysmell\subjects_for_metrics\ipython\IPython\core\tests\test_formatters.py,403,3,0,0,0
ipython,C:\Users\Zhifei Chen\Desktop\pysmell\subjects_for_metrics\ipython\IPython\core\tests\test_formatters.py,424,2,0,0,0
ipython,C:\Users\Zhifei Chen\Desktop\pysmell\subjects_for_metrics\ipython\IPython\core\tests\test_handlers.py,30,3,0,0,0
ipython,C:\Users\Zhifei Chen\Desktop\pysmell\subjects_for_metrics\ipython\IPython\core\tests\test_handlers.py,35,2,0,0,0
ipython,C:\Users\Zhifei Chen\Desktop\pysmell\subjects_for_metrics\ipython\IPython\core\tests\test_hooks.py,20,3,0,0,0
ipython,C:\Users\Zhifei Chen\Desktop\pysmell\subjects_for_metrics\ipython\IPython\core\tests\test_hooks.py,28,3,0,0,0
ipython,C:\Users\Zhifei Chen\Desktop\pysmell\subjects_for_metrics\ipython\IPython\core\tests\test_inputsplitter.py,110,4,0,0,0
ipython,C:\Users\Zhifei Chen\Desktop\pysmell\subjects_for_metrics\ipython\IPython\core\tests\test_inputsplitter.py,113,1,0,0,0
ipython,C:\Users\Zhifei Chen\Desktop\pysmell\subjects_for_metrics\ipython\IPython\core\tests\test_inputsplitter.py,127,26,1,0,0
ipython,C:\Users\Zhifei Chen\Desktop\pysmell\subjects_for_metrics\ipython\IPython\core\tests\test_inputsplitter.py,353,7,0,0,0
ipython,C:\Users\Zhifei Chen\Desktop\pysmell\subjects_for_metrics\ipython\IPython\core\tests\test_inputsplitter.py,388,7,0,0,0
ipython,C:\Users\Zhifei Chen\Desktop\pysmell\subjects_for_metrics\ipython\IPython\core\tests\test_inputsplitter.py,467,4,0,0,0
ipython,C:\Users\Zhifei Chen\Desktop\pysmell\subjects_for_metrics\ipython\IPython\core\tests\test_inputsplitter.py,567,4,0,0,0
ipython,C:\Users\Zhifei Chen\Desktop\pysmell\subjects_for_metrics\ipython\IPython\core\tests\test_inputsplitter.py,583,4,0,0,0
ipython,C:\Users\Zhifei Chen\Desktop\pysmell\subjects_for_metrics\ipython\IPython\core\tests\test_inputsplitter.py,606,3,0,0,0
ipython,C:\Users\Zhifei Chen\Desktop\pysmell\subjects_for_metrics\ipython\IPython\core\tests\test_interactiveshell.py,53,2,0,0,0
ipython,C:\Users\Zhifei Chen\Desktop\pysmell\subjects_for_metrics\ipython\IPython\core\tests\test_interactiveshell.py,56,37,1,0,1
ipython,C:\Users\Zhifei Chen\Desktop\pysmell\subjects_for_metrics\ipython\IPython\core\tests\test_interactiveshell.py,137,2,0,0,0
ipython,C:\Users\Zhifei Chen\Desktop\pysmell\subjects_for_metrics\ipython\IPython\core\tests\test_interactiveshell.py,398,2,0,0,0
ipython,C:\Users\Zhifei Chen\Desktop\pysmell\subjects_for_metrics\ipython\IPython\core\tests\test_interactiveshell.py,410,2,0,0,0
ipython,C:\Users\Zhifei Chen\Desktop\pysmell\subjects_for_metrics\ipython\IPython\core\tests\test_interactiveshell.py,425,3,0,0,0
ipython,C:\Users\Zhifei Chen\Desktop\pysmell\subjects_for_metrics\ipython\IPython\core\tests\test_interactiveshell.py,442,2,0,0,0
ipython,C:\Users\Zhifei Chen\Desktop\pysmell\subjects_for_metrics\ipython\IPython\core\tests\test_interactiveshell.py,517,4,0,0,0
ipython,C:\Users\Zhifei Chen\Desktop\pysmell\subjects_for_metrics\ipython\IPython\core\tests\test_interactiveshell.py,540,5,0,0,0
ipython,C:\Users\Zhifei Chen\Desktop\pysmell\subjects_for_metrics\ipython\IPython\core\tests\test_interactiveshell.py,569,4,0,0,0
ipython,C:\Users\Zhifei Chen\Desktop\pysmell\subjects_for_metrics\ipython\IPython\core\tests\test_interactiveshell.py,590,5,0,0,0
ipython,C:\Users\Zhifei Chen\Desktop\pysmell\subjects_for_metrics\ipython\IPython\core\tests\test_interactiveshell.py,605,2,0,0,0
ipython,C:\Users\Zhifei Chen\Desktop\pysmell\subjects_for_metrics\ipython\IPython\core\tests\test_interactiveshell.py,617,2,0,0,0
ipython,C:\Users\Zhifei Chen\Desktop\pysmell\subjects_for_metrics\ipython\IPython\core\tests\test_interactiveshell.py,623,7,0,0,0
ipython,C:\Users\Zhifei Chen\Desktop\pysmell\subjects_for_metrics\ipython\IPython\core\tests\test_interactiveshell.py,682,2,0,0,0
ipython,C:\Users\Zhifei Chen\Desktop\pysmell\subjects_for_metrics\ipython\IPython\core\tests\test_interactiveshell.py,690,5,0,0,0
ipython,C:\Users\Zhifei Chen\Desktop\pysmell\subjects_for_metrics\ipython\IPython\core\tests\test_interactiveshell.py,728,2,0,0,0
ipython,C:\Users\Zhifei Chen\Desktop\pysmell\subjects_for_metrics\ipython\IPython\core\tests\test_interactiveshell.py,733,2,0,0,0
ipython,C:\Users\Zhifei Chen\Desktop\pysmell\subjects_for_metrics\ipython\IPython\core\tests\test_interactiveshell.py,745,2,0,0,0
ipython,C:\Users\Zhifei Chen\Desktop\pysmell\subjects_for_metrics\ipython\IPython\core\tests\test_interactiveshell.py,756,4,0,0,0
ipython,C:\Users\Zhifei Chen\Desktop\pysmell\subjects_for_metrics\ipython\IPython\core\tests\test_interactiveshell.py,786,4,0,0,0
ipython,C:\Users\Zhifei Chen\Desktop\pysmell\subjects_for_metrics\ipython\IPython\core\tests\test_interactiveshell.py,852,5,0,0,0
ipython,C:\Users\Zhifei Chen\Desktop\pysmell\subjects_for_metrics\ipython\IPython\core\tests\test_interactiveshell.py,855,3,0,0,0
ipython,C:\Users\Zhifei Chen\Desktop\pysmell\subjects_for_metrics\ipython\IPython\core\tests\test_interactiveshell.py,923,3,0,0,0
ipython,C:\Users\Zhifei Chen\Desktop\pysmell\subjects_for_metrics\ipython\IPython\core\tests\test_magic.py,43,2,0,0,0
ipython,C:\Users\Zhifei Chen\Desktop\pysmell\subjects_for_metrics\ipython\IPython\core\tests\test_magic.py,435,3,0,0,0
ipython,C:\Users\Zhifei Chen\Desktop\pysmell\subjects_for_metrics\ipython\IPython\core\tests\test_magic.py,448,2,0,0,0
ipython,C:\Users\Zhifei Chen\Desktop\pysmell\subjects_for_metrics\ipython\IPython\core\tests\test_magic.py,497,2,0,0,0
ipython,C:\Users\Zhifei Chen\Desktop\pysmell\subjects_for_metrics\ipython\IPython\core\tests\test_magic.py,639,6,0,0,0
ipython,C:\Users\Zhifei Chen\Desktop\pysmell\subjects_for_metrics\ipython\IPython\core\tests\test_magic.py,670,6,0,0,0
ipython,C:\Users\Zhifei Chen\Desktop\pysmell\subjects_for_metrics\ipython\IPython\core\tests\test_magic.py,698,3,0,0,0
ipython,C:\Users\Zhifei Chen\Desktop\pysmell\subjects_for_metrics\ipython\IPython\core\tests\test_magic.py,710,3,0,0,0
ipython,C:\Users\Zhifei Chen\Desktop\pysmell\subjects_for_metrics\ipython\IPython\core\tests\test_magic.py,840,4,0,0,0
ipython,C:\Users\Zhifei Chen\Desktop\pysmell\subjects_for_metrics\ipython\IPython\core\tests\test_magic_terminal.py,97,14,0,0,0
ipython,C:\Users\Zhifei Chen\Desktop\pysmell\subjects_for_metrics\ipython\IPython\core\tests\test_oinspect.py,111,4,0,0,0
ipython,C:\Users\Zhifei Chen\Desktop\pysmell\subjects_for_metrics\ipython\IPython\core\tests\test_oinspect.py,123,2,0,0,0
ipython,C:\Users\Zhifei Chen\Desktop\pysmell\subjects_for_metrics\ipython\IPython\core\tests\test_oinspect.py,128,1,0,0,0
ipython,C:\Users\Zhifei Chen\Desktop\pysmell\subjects_for_metrics\ipython\IPython\core\tests\test_oinspect.py,156,5,0,0,0
ipython,C:\Users\Zhifei Chen\Desktop\pysmell\subjects_for_metrics\ipython\IPython\core\tests\test_oinspect.py,171,2,0,0,0
ipython,C:\Users\Zhifei Chen\Desktop\pysmell\subjects_for_metrics\ipython\IPython\core\tests\test_oinspect.py,300,2,0,0,0
ipython,C:\Users\Zhifei Chen\Desktop\pysmell\subjects_for_metrics\ipython\IPython\core\tests\test_oinspect.py,304,2,0,0,0
ipython,C:\Users\Zhifei Chen\Desktop\pysmell\subjects_for_metrics\ipython\IPython\core\tests\test_oinspect.py,309,2,0,0,0
ipython,C:\Users\Zhifei Chen\Desktop\pysmell\subjects_for_metrics\ipython\IPython\core\tests\test_oinspect.py,331,5,0,0,0
ipython,C:\Users\Zhifei Chen\Desktop\pysmell\subjects_for_metrics\ipython\IPython\core\tests\test_oinspect.py,353,2,0,0,0
ipython,C:\Users\Zhifei Chen\Desktop\pysmell\subjects_for_metrics\ipython\IPython\core\tests\test_prefilter.py,103,3,0,0,0
ipython,C:\Users\Zhifei Chen\Desktop\pysmell\subjects_for_metrics\ipython\IPython\core\tests\test_profile.py,86,7,0,0,0
ipython,C:\Users\Zhifei Chen\Desktop\pysmell\subjects_for_metrics\ipython\IPython\core\tests\test_prompts.py,18,15,0,0,0
ipython,C:\Users\Zhifei Chen\Desktop\pysmell\subjects_for_metrics\ipython\IPython\core\tests\test_pylabtools.py,164,7,0,0,0
ipython,C:\Users\Zhifei Chen\Desktop\pysmell\subjects_for_metrics\ipython\IPython\core\tests\test_pylabtools.py,165,2,0,0,0
ipython,C:\Users\Zhifei Chen\Desktop\pysmell\subjects_for_metrics\ipython\IPython\core\tests\test_run.py,171,8,0,0,0
ipython,C:\Users\Zhifei Chen\Desktop\pysmell\subjects_for_metrics\ipython\IPython\core\tests\test_run.py,223,13,0,0,0
ipython,C:\Users\Zhifei Chen\Desktop\pysmell\subjects_for_metrics\ipython\IPython\core\tests\test_run.py,257,1,0,0,0
ipython,C:\Users\Zhifei Chen\Desktop\pysmell\subjects_for_metrics\ipython\IPython\core\tests\test_run.py,397,12,0,0,0
ipython,C:\Users\Zhifei Chen\Desktop\pysmell\subjects_for_metrics\ipython\IPython\core\tests\test_shellapp.py,28,5,0,0,0
ipython,C:\Users\Zhifei Chen\Desktop\pysmell\subjects_for_metrics\ipython\IPython\core\tests\test_ultratb.py,29,2,0,0,0
ipython,C:\Users\Zhifei Chen\Desktop\pysmell\subjects_for_metrics\ipython\IPython\core\tests\test_ultratb.py,65,3,0,0,0
ipython,C:\Users\Zhifei Chen\Desktop\pysmell\subjects_for_metrics\ipython\IPython\core\tests\test_ultratb.py,95,2,0,0,0
ipython,C:\Users\Zhifei Chen\Desktop\pysmell\subjects_for_metrics\ipython\IPython\core\tests\test_ultratb.py,121,2,0,0,0
ipython,C:\Users\Zhifei Chen\Desktop\pysmell\subjects_for_metrics\ipython\IPython\core\tests\test_ultratb.py,145,4,0,0,0
ipython,C:\Users\Zhifei Chen\Desktop\pysmell\subjects_for_metrics\ipython\IPython\core\tests\test_ultratb.py,178,10,0,0,0
ipython,C:\Users\Zhifei Chen\Desktop\pysmell\subjects_for_metrics\ipython\IPython\extensions\autoreload.py,129,11,0,0,0
ipython,C:\Users\Zhifei Chen\Desktop\pysmell\subjects_for_metrics\ipython\IPython\extensions\autoreload.py,341,3,0,0,0
ipython,C:\Users\Zhifei Chen\Desktop\pysmell\subjects_for_metrics\ipython\IPython\extensions\autoreload.py,415,7,0,0,0
ipython,C:\Users\Zhifei Chen\Desktop\pysmell\subjects_for_metrics\ipython\IPython\extensions\storemagic.py,71,5,0,0,0
ipython,C:\Users\Zhifei Chen\Desktop\pysmell\subjects_for_metrics\ipython\IPython\extensions\tests\test_autoreload.py,40,7,0,0,0
ipython,C:\Users\Zhifei Chen\Desktop\pysmell\subjects_for_metrics\ipython\IPython\extensions\tests\test_autoreload.py,66,9,0,0,0
ipython,C:\Users\Zhifei Chen\Desktop\pysmell\subjects_for_metrics\ipython\IPython\extensions\tests\test_autoreload.py,133,4,0,0,0
ipython,C:\Users\Zhifei Chen\Desktop\pysmell\subjects_for_metrics\ipython\IPython\external\qt_loaders.py,25,5,0,0,0
ipython,C:\Users\Zhifei Chen\Desktop\pysmell\subjects_for_metrics\ipython\IPython\external\decorators\_numpy_testing_noseclasses.py,10,2,0,0,0
ipython,C:\Users\Zhifei Chen\Desktop\pysmell\subjects_for_metrics\ipython\IPython\external\decorators\_numpy_testing_noseclasses.py,15,5,0,0,0
ipython,C:\Users\Zhifei Chen\Desktop\pysmell\subjects_for_metrics\ipython\IPython\external\decorators\_numpy_testing_utils.py,12,5,0,0,0
ipython,C:\Users\Zhifei Chen\Desktop\pysmell\subjects_for_metrics\ipython\IPython\external\decorators\_numpy_testing_utils.py,42,3,0,0,0
ipython,C:\Users\Zhifei Chen\Desktop\pysmell\subjects_for_metrics\ipython\IPython\lib\backgroundjobs.py,43,18,0,0,0
ipython,C:\Users\Zhifei Chen\Desktop\pysmell\subjects_for_metrics\ipython\IPython\lib\backgroundjobs.py,357,12,0,0,0
ipython,C:\Users\Zhifei Chen\Desktop\pysmell\subjects_for_metrics\ipython\IPython\lib\backgroundjobs.py,445,3,0,0,0
ipython,C:\Users\Zhifei Chen\Desktop\pysmell\subjects_for_metrics\ipython\IPython\lib\backgroundjobs.py,468,3,0,0,0
ipython,C:\Users\Zhifei Chen\Desktop\pysmell\subjects_for_metrics\ipython\IPython\lib\clipboard.py,9,2,0,0,0
ipython,C:\Users\Zhifei Chen\Desktop\pysmell\subjects_for_metrics\ipython\IPython\lib\demo.py,192,1,0,0,0
ipython,C:\Users\Zhifei Chen\Desktop\pysmell\subjects_for_metrics\ipython\IPython\lib\demo.py,197,23,1,0,0
ipython,C:\Users\Zhifei Chen\Desktop\pysmell\subjects_for_metrics\ipython\IPython\lib\demo.py,494,2,0,0,0
ipython,C:\Users\Zhifei Chen\Desktop\pysmell\subjects_for_metrics\ipython\IPython\lib\demo.py,512,2,0,0,0
ipython,C:\Users\Zhifei Chen\Desktop\pysmell\subjects_for_metrics\ipython\IPython\lib\demo.py,547,2,0,0,0
ipython,C:\Users\Zhifei Chen\Desktop\pysmell\subjects_for_metrics\ipython\IPython\lib\demo.py,552,3,0,0,0
ipython,C:\Users\Zhifei Chen\Desktop\pysmell\subjects_for_metrics\ipython\IPython\lib\demo.py,578,2,0,0,0
ipython,C:\Users\Zhifei Chen\Desktop\pysmell\subjects_for_metrics\ipython\IPython\lib\demo.py,582,2,0,0,0
ipython,C:\Users\Zhifei Chen\Desktop\pysmell\subjects_for_metrics\ipython\IPython\lib\display.py,14,9,0,0,0
ipython,C:\Users\Zhifei Chen\Desktop\pysmell\subjects_for_metrics\ipython\IPython\lib\display.py,198,5,0,0,0
ipython,C:\Users\Zhifei Chen\Desktop\pysmell\subjects_for_metrics\ipython\IPython\lib\display.py,234,2,0,0,0
ipython,C:\Users\Zhifei Chen\Desktop\pysmell\subjects_for_metrics\ipython\IPython\lib\display.py,261,2,0,0,0
ipython,C:\Users\Zhifei Chen\Desktop\pysmell\subjects_for_metrics\ipython\IPython\lib\display.py,270,2,0,0,0
ipython,C:\Users\Zhifei Chen\Desktop\pysmell\subjects_for_metrics\ipython\IPython\lib\display.py,286,6,0,0,0
ipython,C:\Users\Zhifei Chen\Desktop\pysmell\subjects_for_metrics\ipython\IPython\lib\display.py,351,7,0,0,0
ipython,C:\Users\Zhifei Chen\Desktop\pysmell\subjects_for_metrics\ipython\IPython\lib\inputhook.py,100,12,0,0,0
ipython,C:\Users\Zhifei Chen\Desktop\pysmell\subjects_for_metrics\ipython\IPython\lib\inputhook.py,267,3,0,0,0
ipython,C:\Users\Zhifei Chen\Desktop\pysmell\subjects_for_metrics\ipython\IPython\lib\inputhook.py,282,3,0,0,0
ipython,C:\Users\Zhifei Chen\Desktop\pysmell\subjects_for_metrics\ipython\IPython\lib\inputhook.py,288,4,0,0,0
ipython,C:\Users\Zhifei Chen\Desktop\pysmell\subjects_for_metrics\ipython\IPython\lib\inputhook.py,342,4,0,0,0
ipython,C:\Users\Zhifei Chen\Desktop\pysmell\subjects_for_metrics\ipython\IPython\lib\inputhook.py,385,3,0,0,0
ipython,C:\Users\Zhifei Chen\Desktop\pysmell\subjects_for_metrics\ipython\IPython\lib\inputhook.py,392,3,0,0,0
ipython,C:\Users\Zhifei Chen\Desktop\pysmell\subjects_for_metrics\ipython\IPython\lib\inputhook.py,419,3,0,0,0
ipython,C:\Users\Zhifei Chen\Desktop\pysmell\subjects_for_metrics\ipython\IPython\lib\inputhook.py,448,4,0,0,0
ipython,C:\Users\Zhifei Chen\Desktop\pysmell\subjects_for_metrics\ipython\IPython\lib\inputhook.py,514,3,0,0,0
ipython,C:\Users\Zhifei Chen\Desktop\pysmell\subjects_for_metrics\ipython\IPython\lib\inputhook.py,538,3,0,0,0
ipython,C:\Users\Zhifei Chen\Desktop\pysmell\subjects_for_metrics\ipython\IPython\lib\inputhookwx.py,57,3,0,0,0
ipython,C:\Users\Zhifei Chen\Desktop\pysmell\subjects_for_metrics\ipython\IPython\lib\inputhookwx.py,66,3,0,0,0
ipython,C:\Users\Zhifei Chen\Desktop\pysmell\subjects_for_metrics\ipython\IPython\lib\latextools.py,21,9,0,0,0
ipython,C:\Users\Zhifei Chen\Desktop\pysmell\subjects_for_metrics\ipython\IPython\lib\lexers.py,110,19,0,0,0
ipython,C:\Users\Zhifei Chen\Desktop\pysmell\subjects_for_metrics\ipython\IPython\lib\lexers.py,159,4,0,0,0
ipython,C:\Users\Zhifei Chen\Desktop\pysmell\subjects_for_metrics\ipython\IPython\lib\lexers.py,193,13,0,0,0
ipython,C:\Users\Zhifei Chen\Desktop\pysmell\subjects_for_metrics\ipython\IPython\lib\lexers.py,475,5,0,0,0
ipython,C:\Users\Zhifei Chen\Desktop\pysmell\subjects_for_metrics\ipython\IPython\lib\pretty.py,115,2,0,0,0
ipython,C:\Users\Zhifei Chen\Desktop\pysmell\subjects_for_metrics\ipython\IPython\lib\pretty.py,143,3,0,0,0
ipython,C:\Users\Zhifei Chen\Desktop\pysmell\subjects_for_metrics\ipython\IPython\lib\pretty.py,163,10,0,0,0
ipython,C:\Users\Zhifei Chen\Desktop\pysmell\subjects_for_metrics\ipython\IPython\lib\pretty.py,315,4,0,0,0
ipython,C:\Users\Zhifei Chen\Desktop\pysmell\subjects_for_metrics\ipython\IPython\lib\pretty.py,407,2,0,0,0
ipython,C:\Users\Zhifei Chen\Desktop\pysmell\subjects_for_metrics\ipython\IPython\lib\pretty.py,413,4,0,0,0
ipython,C:\Users\Zhifei Chen\Desktop\pysmell\subjects_for_metrics\ipython\IPython\lib\pretty.py,429,3,0,0,0
ipython,C:\Users\Zhifei Chen\Desktop\pysmell\subjects_for_metrics\ipython\IPython\lib\pretty.py,451,2,0,0,0
ipython,C:\Users\Zhifei Chen\Desktop\pysmell\subjects_for_metrics\ipython\IPython\lib\pretty.py,459,5,0,0,0
ipython,C:\Users\Zhifei Chen\Desktop\pysmell\subjects_for_metrics\ipython\IPython\lib\pretty.py,836,3,0,0,0
ipython,C:\Users\Zhifei Chen\Desktop\pysmell\subjects_for_metrics\ipython\IPython\lib\tests\test_lexers.py,12,3,0,0,0
ipython,C:\Users\Zhifei Chen\Desktop\pysmell\subjects_for_metrics\ipython\IPython\lib\tests\test_pretty.py,23,3,0,0,0
ipython,C:\Users\Zhifei Chen\Desktop\pysmell\subjects_for_metrics\ipython\IPython\lib\tests\test_pretty.py,40,2,0,0,0
ipython,C:\Users\Zhifei Chen\Desktop\pysmell\subjects_for_metrics\ipython\IPython\lib\tests\test_pretty.py,44,2,0,0,0
ipython,C:\Users\Zhifei Chen\Desktop\pysmell\subjects_for_metrics\ipython\IPython\lib\tests\test_pretty.py,49,2,0,0,0
ipython,C:\Users\Zhifei Chen\Desktop\pysmell\subjects_for_metrics\ipython\IPython\lib\tests\test_pretty.py,53,2,0,0,0
ipython,C:\Users\Zhifei Chen\Desktop\pysmell\subjects_for_metrics\ipython\IPython\lib\tests\test_pretty.py,56,2,0,0,0
ipython,C:\Users\Zhifei Chen\Desktop\pysmell\subjects_for_metrics\ipython\IPython\lib\tests\test_pretty.py,61,2,0,0,0
ipython,C:\Users\Zhifei Chen\Desktop\pysmell\subjects_for_metrics\ipython\IPython\lib\tests\test_pretty.py,68,2,0,0,0
ipython,C:\Users\Zhifei Chen\Desktop\pysmell\subjects_for_metrics\ipython\IPython\lib\tests\test_pretty.py,72,2,0,0,0
ipython,C:\Users\Zhifei Chen\Desktop\pysmell\subjects_for_metrics\ipython\IPython\lib\tests\test_pretty.py,77,2,0,0,0
ipython,C:\Users\Zhifei Chen\Desktop\pysmell\subjects_for_metrics\ipython\IPython\lib\tests\test_pretty.py,164,2,0,0,0
ipython,C:\Users\Zhifei Chen\Desktop\pysmell\subjects_for_metrics\ipython\IPython\lib\tests\test_pretty.py,168,4,0,0,0
ipython,C:\Users\Zhifei Chen\Desktop\pysmell\subjects_for_metrics\ipython\IPython\lib\tests\test_pretty.py,182,2,0,0,0
ipython,C:\Users\Zhifei Chen\Desktop\pysmell\subjects_for_metrics\ipython\IPython\lib\tests\test_pretty.py,185,2,0,0,0
ipython,C:\Users\Zhifei Chen\Desktop\pysmell\subjects_for_metrics\ipython\IPython\lib\tests\test_pretty.py,226,3,0,0,0
ipython,C:\Users\Zhifei Chen\Desktop\pysmell\subjects_for_metrics\ipython\IPython\lib\tests\test_pretty.py,246,2,0,0,0
ipython,C:\Users\Zhifei Chen\Desktop\pysmell\subjects_for_metrics\ipython\IPython\sphinxext\ipython_directive.py,276,14,0,0,0
ipython,C:\Users\Zhifei Chen\Desktop\pysmell\subjects_for_metrics\ipython\IPython\sphinxext\ipython_directive.py,836,17,0,0,0
ipython,C:\Users\Zhifei Chen\Desktop\pysmell\subjects_for_metrics\ipython\IPython\terminal\embed.py,26,3,0,0,0
ipython,C:\Users\Zhifei Chen\Desktop\pysmell\subjects_for_metrics\ipython\IPython\terminal\embed.py,49,12,0,0,0
ipython,C:\Users\Zhifei Chen\Desktop\pysmell\subjects_for_metrics\ipython\IPython\terminal\interactiveshell.py,82,11,0,0,0
ipython,C:\Users\Zhifei Chen\Desktop\pysmell\subjects_for_metrics\ipython\IPython\terminal\interactiveshell.py,255,29,1,0,0
ipython,C:\Users\Zhifei Chen\Desktop\pysmell\subjects_for_metrics\ipython\IPython\terminal\ipapp.py,75,3,0,0,0
ipython,C:\Users\Zhifei Chen\Desktop\pysmell\subjects_for_metrics\ipython\IPython\terminal\ipapp.py,174,4,0,0,0
ipython,C:\Users\Zhifei Chen\Desktop\pysmell\subjects_for_metrics\ipython\IPython\terminal\ipapp.py,188,30,1,0,0
ipython,C:\Users\Zhifei Chen\Desktop\pysmell\subjects_for_metrics\ipython\IPython\terminal\tests\test_interactivshell.py,30,5,0,0,0
ipython,C:\Users\Zhifei Chen\Desktop\pysmell\subjects_for_metrics\ipython\IPython\terminal\tests\test_interactivshell.py,82,10,0,0,0
ipython,C:\Users\Zhifei Chen\Desktop\pysmell\subjects_for_metrics\ipython\IPython\terminal\tests\test_interactivshell.py,253,3,0,0,0
ipython,C:\Users\Zhifei Chen\Desktop\pysmell\subjects_for_metrics\ipython\IPython\terminal\tests\test_interactivshell.py,266,3,0,0,0
ipython,C:\Users\Zhifei Chen\Desktop\pysmell\subjects_for_metrics\ipython\IPython\testing\decorators.py,59,2,0,0,0
ipython,C:\Users\Zhifei Chen\Desktop\pysmell\subjects_for_metrics\ipython\IPython\testing\globalipapp.py,39,4,0,0,0
ipython,C:\Users\Zhifei Chen\Desktop\pysmell\subjects_for_metrics\ipython\IPython\testing\iptest.py,132,5,0,0,0
ipython,C:\Users\Zhifei Chen\Desktop\pysmell\subjects_for_metrics\ipython\IPython\testing\iptest.py,222,8,0,0,0
ipython,C:\Users\Zhifei Chen\Desktop\pysmell\subjects_for_metrics\ipython\IPython\testing\iptest.py,263,9,0,0,0
ipython,C:\Users\Zhifei Chen\Desktop\pysmell\subjects_for_metrics\ipython\IPython\testing\iptest.py,311,9,0,0,0
ipython,C:\Users\Zhifei Chen\Desktop\pysmell\subjects_for_metrics\ipython\IPython\testing\iptestcontroller.py,56,15,0,0,0
ipython,C:\Users\Zhifei Chen\Desktop\pysmell\subjects_for_metrics\ipython\IPython\testing\iptestcontroller.py,150,9,0,0,0
ipython,C:\Users\Zhifei Chen\Desktop\pysmell\subjects_for_metrics\ipython\IPython\testing\iptestcontroller.py,445,2,0,0,0
ipython,C:\Users\Zhifei Chen\Desktop\pysmell\subjects_for_metrics\ipython\IPython\testing\ipunittest.py,55,3,0,0,0
ipython,C:\Users\Zhifei Chen\Desktop\pysmell\subjects_for_metrics\ipython\IPython\testing\ipunittest.py,109,3,0,0,0
ipython,C:\Users\Zhifei Chen\Desktop\pysmell\subjects_for_metrics\ipython\IPython\testing\ipunittest.py,146,2,0,0,0
ipython,C:\Users\Zhifei Chen\Desktop\pysmell\subjects_for_metrics\ipython\IPython\testing\tools.py,283,3,0,0,0
ipython,C:\Users\Zhifei Chen\Desktop\pysmell\subjects_for_metrics\ipython\IPython\testing\tools.py,340,2,0,0,0
ipython,C:\Users\Zhifei Chen\Desktop\pysmell\subjects_for_metrics\ipython\IPython\testing\tools.py,353,4,0,0,0
ipython,C:\Users\Zhifei Chen\Desktop\pysmell\subjects_for_metrics\ipython\IPython\testing\tools.py,401,2,0,0,0
ipython,C:\Users\Zhifei Chen\Desktop\pysmell\subjects_for_metrics\ipython\IPython\testing\plugin\ipdoctest.py,74,5,0,0,0
ipython,C:\Users\Zhifei Chen\Desktop\pysmell\subjects_for_metrics\ipython\IPython\testing\plugin\ipdoctest.py,92,3,0,0,0
ipython,C:\Users\Zhifei Chen\Desktop\pysmell\subjects_for_metrics\ipython\IPython\testing\plugin\ipdoctest.py,176,3,0,0,0
ipython,C:\Users\Zhifei Chen\Desktop\pysmell\subjects_for_metrics\ipython\IPython\testing\plugin\ipdoctest.py,202,5,0,0,0
ipython,C:\Users\Zhifei Chen\Desktop\pysmell\subjects_for_metrics\ipython\IPython\testing\plugin\ipdoctest.py,327,1,0,0,0
ipython,C:\Users\Zhifei Chen\Desktop\pysmell\subjects_for_metrics\ipython\IPython\testing\plugin\ipdoctest.py,330,2,0,0,0
ipython,C:\Users\Zhifei Chen\Desktop\pysmell\subjects_for_metrics\ipython\IPython\testing\plugin\ipdoctest.py,342,17,0,0,0
ipython,C:\Users\Zhifei Chen\Desktop\pysmell\subjects_for_metrics\ipython\IPython\testing\plugin\ipdoctest.py,573,2,0,0,0
ipython,C:\Users\Zhifei Chen\Desktop\pysmell\subjects_for_metrics\ipython\IPython\testing\plugin\ipdoctest.py,594,2,0,0,0
ipython,C:\Users\Zhifei Chen\Desktop\pysmell\subjects_for_metrics\ipython\IPython\testing\plugin\ipdoctest.py,601,8,0,0,0
ipython,C:\Users\Zhifei Chen\Desktop\pysmell\subjects_for_metrics\ipython\IPython\testing\plugin\ipdoctest.py,710,6,0,0,0
ipython,C:\Users\Zhifei Chen\Desktop\pysmell\subjects_for_metrics\ipython\IPython\testing\plugin\show_refs.py,9,2,0,0,0
ipython,C:\Users\Zhifei Chen\Desktop\pysmell\subjects_for_metrics\ipython\IPython\testing\tests\test_decorators.py,101,4,0,0,0
ipython,C:\Users\Zhifei Chen\Desktop\pysmell\subjects_for_metrics\ipython\IPython\testing\tests\test_ipunittest.py,105,3,0,0,0
ipython,C:\Users\Zhifei Chen\Desktop\pysmell\subjects_for_metrics\ipython\IPython\testing\tests\test_tools.py,74,3,0,0,0
ipython,C:\Users\Zhifei Chen\Desktop\pysmell\subjects_for_metrics\ipython\IPython\testing\tests\test_tools.py,91,5,0,0,0
ipython,C:\Users\Zhifei Chen\Desktop\pysmell\subjects_for_metrics\ipython\IPython\utils\capture.py,23,11,0,0,0
ipython,C:\Users\Zhifei Chen\Desktop\pysmell\subjects_for_metrics\ipython\IPython\utils\capture.py,63,8,0,0,0
ipython,C:\Users\Zhifei Chen\Desktop\pysmell\subjects_for_metrics\ipython\IPython\utils\capture.py,125,7,0,0,0
ipython,C:\Users\Zhifei Chen\Desktop\pysmell\subjects_for_metrics\ipython\IPython\utils\coloransi.py,57,3,0,0,0
ipython,C:\Users\Zhifei Chen\Desktop\pysmell\subjects_for_metrics\ipython\IPython\utils\coloransi.py,74,6,0,0,0
ipython,C:\Users\Zhifei Chen\Desktop\pysmell\subjects_for_metrics\ipython\IPython\utils\coloransi.py,102,2,0,0,0
ipython,C:\Users\Zhifei Chen\Desktop\pysmell\subjects_for_metrics\ipython\IPython\utils\coloransi.py,111,2,0,0,0
ipython,C:\Users\Zhifei Chen\Desktop\pysmell\subjects_for_metrics\ipython\IPython\utils\coloransi.py,126,5,0,0,0
ipython,C:\Users\Zhifei Chen\Desktop\pysmell\subjects_for_metrics\ipython\IPython\utils\contexts.py,21,4,0,0,0
ipython,C:\Users\Zhifei Chen\Desktop\pysmell\subjects_for_metrics\ipython\IPython\utils\io.py,21,6,0,0,0
ipython,C:\Users\Zhifei Chen\Desktop\pysmell\subjects_for_metrics\ipython\IPython\utils\io.py,80,6,0,0,0
ipython,C:\Users\Zhifei Chen\Desktop\pysmell\subjects_for_metrics\ipython\IPython\utils\ipstruct.py,28,16,0,0,0
ipython,C:\Users\Zhifei Chen\Desktop\pysmell\subjects_for_metrics\ipython\IPython\utils\path.py,170,2,0,0,0
ipython,C:\Users\Zhifei Chen\Desktop\pysmell\subjects_for_metrics\ipython\IPython\utils\process.py,25,2,0,0,0
ipython,C:\Users\Zhifei Chen\Desktop\pysmell\subjects_for_metrics\ipython\IPython\utils\PyColorize.py,124,4,0,0,0
ipython,C:\Users\Zhifei Chen\Desktop\pysmell\subjects_for_metrics\ipython\IPython\utils\sentinel.py,6,3,0,0,0
ipython,C:\Users\Zhifei Chen\Desktop\pysmell\subjects_for_metrics\ipython\IPython\utils\shimmodule.py,11,1,0,0,0
ipython,C:\Users\Zhifei Chen\Desktop\pysmell\subjects_for_metrics\ipython\IPython\utils\shimmodule.py,14,5,0,0,0
ipython,C:\Users\Zhifei Chen\Desktop\pysmell\subjects_for_metrics\ipython\IPython\utils\shimmodule.py,51,7,0,0,0
ipython,C:\Users\Zhifei Chen\Desktop\pysmell\subjects_for_metrics\ipython\IPython\utils\strdispatch.py,11,8,0,0,0
ipython,C:\Users\Zhifei Chen\Desktop\pysmell\subjects_for_metrics\ipython\IPython\utils\syspathcontext.py,29,4,0,0,0
ipython,C:\Users\Zhifei Chen\Desktop\pysmell\subjects_for_metrics\ipython\IPython\utils\syspathcontext.py,51,4,0,0,0
ipython,C:\Users\Zhifei Chen\Desktop\pysmell\subjects_for_metrics\ipython\IPython\utils\tempdir.py,98,6,0,0,0
ipython,C:\Users\Zhifei Chen\Desktop\pysmell\subjects_for_metrics\ipython\IPython\utils\tempdir.py,128,3,0,0,0
ipython,C:\Users\Zhifei Chen\Desktop\pysmell\subjects_for_metrics\ipython\IPython\utils\text.py,27,9,0,0,0
ipython,C:\Users\Zhifei Chen\Desktop\pysmell\subjects_for_metrics\ipython\IPython\utils\text.py,89,12,0,0,0
ipython,C:\Users\Zhifei Chen\Desktop\pysmell\subjects_for_metrics\ipython\IPython\utils\text.py,488,2,0,0,0
ipython,C:\Users\Zhifei Chen\Desktop\pysmell\subjects_for_metrics\ipython\IPython\utils\text.py,517,3,0,0,0
ipython,C:\Users\Zhifei Chen\Desktop\pysmell\subjects_for_metrics\ipython\IPython\utils\text.py,576,4,0,0,0
ipython,C:\Users\Zhifei Chen\Desktop\pysmell\subjects_for_metrics\ipython\IPython\utils\tz.py,27,3,0,0,0
ipython,C:\Users\Zhifei Chen\Desktop\pysmell\subjects_for_metrics\ipython\IPython\utils\_process_posix.py,43,10,0,0,0
ipython,C:\Users\Zhifei Chen\Desktop\pysmell\subjects_for_metrics\ipython\IPython\utils\_process_win32.py,36,3,0,0,0
ipython,C:\Users\Zhifei Chen\Desktop\pysmell\subjects_for_metrics\ipython\IPython\utils\_process_win32_controller.py,29,4,0,0,0
ipython,C:\Users\Zhifei Chen\Desktop\pysmell\subjects_for_metrics\ipython\IPython\utils\_process_win32_controller.py,34,19,0,0,0
ipython,C:\Users\Zhifei Chen\Desktop\pysmell\subjects_for_metrics\ipython\IPython\utils\_process_win32_controller.py,54,5,0,0,0
ipython,C:\Users\Zhifei Chen\Desktop\pysmell\subjects_for_metrics\ipython\IPython\utils\_process_win32_controller.py,156,3,0,0,0
ipython,C:\Users\Zhifei Chen\Desktop\pysmell\subjects_for_metrics\ipython\IPython\utils\_process_win32_controller.py,193,12,0,0,0
ipython,C:\Users\Zhifei Chen\Desktop\pysmell\subjects_for_metrics\ipython\IPython\utils\_signatures.py,183,1,0,0,0
ipython,C:\Users\Zhifei Chen\Desktop\pysmell\subjects_for_metrics\ipython\IPython\utils\_signatures.py,187,2,0,0,0
ipython,C:\Users\Zhifei Chen\Desktop\pysmell\subjects_for_metrics\ipython\IPython\utils\_signatures.py,191,4,0,0,0
ipython,C:\Users\Zhifei Chen\Desktop\pysmell\subjects_for_metrics\ipython\IPython\utils\_signatures.py,211,19,0,0,0
ipython,C:\Users\Zhifei Chen\Desktop\pysmell\subjects_for_metrics\ipython\IPython\utils\_signatures.py,351,8,0,0,0
ipython,C:\Users\Zhifei Chen\Desktop\pysmell\subjects_for_metrics\ipython\IPython\utils\_signatures.py,448,17,0,0,0
ipython,C:\Users\Zhifei Chen\Desktop\pysmell\subjects_for_metrics\ipython\IPython\utils\_tokenize_py2.py,158,1,0,0,0
ipython,C:\Users\Zhifei Chen\Desktop\pysmell\subjects_for_metrics\ipython\IPython\utils\_tokenize_py2.py,160,1,0,0,0
ipython,C:\Users\Zhifei Chen\Desktop\pysmell\subjects_for_metrics\ipython\IPython\utils\_tokenize_py2.py,191,4,0,0,0
ipython,C:\Users\Zhifei Chen\Desktop\pysmell\subjects_for_metrics\ipython\IPython\utils\_tokenize_py3.py,67,2,0,0,0
ipython,C:\Users\Zhifei Chen\Desktop\pysmell\subjects_for_metrics\ipython\IPython\utils\_tokenize_py3.py,188,1,0,0,0
ipython,C:\Users\Zhifei Chen\Desktop\pysmell\subjects_for_metrics\ipython\IPython\utils\_tokenize_py3.py,190,1,0,0,0
ipython,C:\Users\Zhifei Chen\Desktop\pysmell\subjects_for_metrics\ipython\IPython\utils\_tokenize_py3.py,193,4,0,0,0
ipython,C:\Users\Zhifei Chen\Desktop\pysmell\subjects_for_metrics\ipython\IPython\utils\tests\test_dir2.py,5,3,0,0,0
ipython,C:\Users\Zhifei Chen\Desktop\pysmell\subjects_for_metrics\ipython\IPython\utils\tests\test_dir2.py,21,2,0,0,0
ipython,C:\Users\Zhifei Chen\Desktop\pysmell\subjects_for_metrics\ipython\IPython\utils\tests\test_dir2.py,33,3,0,0,0
ipython,C:\Users\Zhifei Chen\Desktop\pysmell\subjects_for_metrics\ipython\IPython\utils\tests\test_dir2.py,45,3,0,0,0
ipython,C:\Users\Zhifei Chen\Desktop\pysmell\subjects_for_metrics\ipython\IPython\utils\tests\test_dir2.py,52,2,0,0,0
ipython,C:\Users\Zhifei Chen\Desktop\pysmell\subjects_for_metrics\ipython\IPython\utils\tests\test_io.py,40,3,0,0,0
ipython,C:\Users\Zhifei Chen\Desktop\pysmell\subjects_for_metrics\ipython\IPython\utils\tests\test_path.py,185,1,0,0,0
ipython,C:\Users\Zhifei Chen\Desktop\pysmell\subjects_for_metrics\ipython\IPython\utils\tests\test_path.py,355,8,0,0,0
ipython,C:\Users\Zhifei Chen\Desktop\pysmell\subjects_for_metrics\ipython\IPython\utils\tests\test_path.py,442,13,0,0,0
ipython,C:\Users\Zhifei Chen\Desktop\pysmell\subjects_for_metrics\ipython\IPython\utils\tests\test_process.py,93,9,0,0,0
ipython,C:\Users\Zhifei Chen\Desktop\pysmell\subjects_for_metrics\ipython\IPython\utils\tests\test_wildcard.py,16,2,0,0,0
ipython,C:\Users\Zhifei Chen\Desktop\pysmell\subjects_for_metrics\ipython\IPython\utils\tests\test_wildcard.py,50,7,0,0,0
ipython,C:\Users\Zhifei Chen\Desktop\pysmell\subjects_for_metrics\ipython\IPython\utils\tests\test_wildcard.py,131,3,0,0,0
ipython,C:\Users\Zhifei Chen\Desktop\pysmell\subjects_for_metrics\ipython\setupext\install_data_ext.py,10,4,0,0,0
ipython,C:\Users\Zhifei Chen\Desktop\pysmell\subjects_for_metrics\ipython\tools\gh_api.py,28,3,0,0,0
ipython,C:\Users\Zhifei Chen\Desktop\pysmell\subjects_for_metrics\ipython\tools\test_pr.py,41,13,0,0,0
