subject,file,lineno,NOC,NOL,experience-based,statistics-based,tuning machine
ipython,C:\Users\Zhifei Chen\Desktop\pysmell\subjects_for_metrics\ipython\docs\sphinxext\apigen.py,276,38,1,0,0,0
ipython,C:\Users\Zhifei Chen\Desktop\pysmell\subjects_for_metrics\ipython\docs\sphinxext\apigen.py,289,45,1,0,0,0
ipython,C:\Users\Zhifei Chen\Desktop\pysmell\subjects_for_metrics\ipython\IPython\core\alias.py,235,38,1,0,0,0
ipython,C:\Users\Zhifei Chen\Desktop\pysmell\subjects_for_metrics\ipython\IPython\core\completer.py,246,52,1,0,0,0
ipython,C:\Users\Zhifei Chen\Desktop\pysmell\subjects_for_metrics\ipython\IPython\core\completer.py,265,45,1,0,0,0
ipython,C:\Users\Zhifei Chen\Desktop\pysmell\subjects_for_metrics\ipython\IPython\core\completer.py,747,30,1,0,0,0
ipython,C:\Users\Zhifei Chen\Desktop\pysmell\subjects_for_metrics\ipython\IPython\core\completer.py,1153,43,1,0,0,0
ipython,C:\Users\Zhifei Chen\Desktop\pysmell\subjects_for_metrics\ipython\IPython\core\completer.py,1157,50,1,0,0,0
ipython,C:\Users\Zhifei Chen\Desktop\pysmell\subjects_for_metrics\ipython\IPython\core\completerlib.py,283,19,1,0,0,0
ipython,C:\Users\Zhifei Chen\Desktop\pysmell\subjects_for_metrics\ipython\IPython\core\display.py,384,48,1,0,0,0
ipython,C:\Users\Zhifei Chen\Desktop\pysmell\subjects_for_metrics\ipython\IPython\core\display.py,730,38,1,0,0,0
ipython,C:\Users\Zhifei Chen\Desktop\pysmell\subjects_for_metrics\ipython\IPython\core\display.py,854,46,1,0,0,0
ipython,C:\Users\Zhifei Chen\Desktop\pysmell\subjects_for_metrics\ipython\IPython\core\display.py,861,46,1,0,0,0
ipython,C:\Users\Zhifei Chen\Desktop\pysmell\subjects_for_metrics\ipython\IPython\core\history.py,267,29,1,0,0,0
ipython,C:\Users\Zhifei Chen\Desktop\pysmell\subjects_for_metrics\ipython\IPython\core\history.py,368,36,1,0,0,0
ipython,C:\Users\Zhifei Chen\Desktop\pysmell\subjects_for_metrics\ipython\IPython\core\history.py,605,50,1,0,0,0
ipython,C:\Users\Zhifei Chen\Desktop\pysmell\subjects_for_metrics\ipython\IPython\core\history.py,846,26,1,0,0,0
ipython,C:\Users\Zhifei Chen\Desktop\pysmell\subjects_for_metrics\ipython\IPython\core\inputtransformer.py,210,62,3,1,1,1
ipython,C:\Users\Zhifei Chen\Desktop\pysmell\subjects_for_metrics\ipython\IPython\core\inputtransformer.py,211,35,2,1,0,0
ipython,C:\Users\Zhifei Chen\Desktop\pysmell\subjects_for_metrics\ipython\IPython\core\inputtransformer.py,358,52,1,0,0,0
ipython,C:\Users\Zhifei Chen\Desktop\pysmell\subjects_for_metrics\ipython\IPython\core\interactiveshell.py,1597,35,1,0,0,0
ipython,C:\Users\Zhifei Chen\Desktop\pysmell\subjects_for_metrics\ipython\IPython\core\interactiveshell.py,2242,84,2,1,0,0
ipython,C:\Users\Zhifei Chen\Desktop\pysmell\subjects_for_metrics\ipython\IPython\core\interactiveshell.py,2279,88,2,1,0,0
ipython,C:\Users\Zhifei Chen\Desktop\pysmell\subjects_for_metrics\ipython\IPython\core\interactiveshell.py,2866,48,1,0,0,0
ipython,C:\Users\Zhifei Chen\Desktop\pysmell\subjects_for_metrics\ipython\IPython\core\interactiveshell.py,2901,45,1,0,0,0
ipython,C:\Users\Zhifei Chen\Desktop\pysmell\subjects_for_metrics\ipython\IPython\core\magic.py,429,47,1,0,0,0
ipython,C:\Users\Zhifei Chen\Desktop\pysmell\subjects_for_metrics\ipython\IPython\core\oinspect.py,183,26,1,0,0,0
ipython,C:\Users\Zhifei Chen\Desktop\pysmell\subjects_for_metrics\ipython\IPython\core\oinspect.py,237,59,1,1,0,0
ipython,C:\Users\Zhifei Chen\Desktop\pysmell\subjects_for_metrics\ipython\IPython\core\prompts.py,153,70,1,1,0,0
ipython,C:\Users\Zhifei Chen\Desktop\pysmell\subjects_for_metrics\ipython\IPython\core\prompts.py,443,38,1,0,0,0
ipython,C:\Users\Zhifei Chen\Desktop\pysmell\subjects_for_metrics\ipython\IPython\core\prompts.py,445,34,1,0,0,0
ipython,C:\Users\Zhifei Chen\Desktop\pysmell\subjects_for_metrics\ipython\IPython\core\ultratb.py,470,49,1,0,0,0
ipython,C:\Users\Zhifei Chen\Desktop\pysmell\subjects_for_metrics\ipython\IPython\core\ultratb.py,577,46,1,0,0,0
ipython,C:\Users\Zhifei Chen\Desktop\pysmell\subjects_for_metrics\ipython\IPython\core\ultratb.py,1025,46,1,0,0,0
ipython,C:\Users\Zhifei Chen\Desktop\pysmell\subjects_for_metrics\ipython\IPython\core\ultratb.py,1223,46,1,0,0,0
ipython,C:\Users\Zhifei Chen\Desktop\pysmell\subjects_for_metrics\ipython\IPython\core\magics\code.py,73,29,1,0,0,0
ipython,C:\Users\Zhifei Chen\Desktop\pysmell\subjects_for_metrics\ipython\IPython\core\magics\code.py,74,21,1,0,0,0
ipython,C:\Users\Zhifei Chen\Desktop\pysmell\subjects_for_metrics\ipython\IPython\core\magics\code.py,76,29,1,0,0,0
ipython,C:\Users\Zhifei Chen\Desktop\pysmell\subjects_for_metrics\ipython\IPython\core\magics\code.py,77,25,1,0,0,0
ipython,C:\Users\Zhifei Chen\Desktop\pysmell\subjects_for_metrics\ipython\IPython\core\magics\code.py,184,18,1,0,0,0
ipython,C:\Users\Zhifei Chen\Desktop\pysmell\subjects_for_metrics\ipython\IPython\core\magics\code.py,185,22,1,0,0,0
ipython,C:\Users\Zhifei Chen\Desktop\pysmell\subjects_for_metrics\ipython\IPython\core\magics\history.py,172,46,1,0,0,0
ipython,C:\Users\Zhifei Chen\Desktop\pysmell\subjects_for_metrics\ipython\IPython\core\magics\history.py,183,26,1,0,0,0
ipython,C:\Users\Zhifei Chen\Desktop\pysmell\subjects_for_metrics\ipython\IPython\core\magics\history.py,207,21,1,0,0,0
ipython,C:\Users\Zhifei Chen\Desktop\pysmell\subjects_for_metrics\ipython\IPython\core\magics\osm.py,394,29,1,0,0,0
ipython,C:\Users\Zhifei Chen\Desktop\pysmell\subjects_for_metrics\ipython\IPython\core\magics\osm.py,418,29,1,0,0,0
ipython,C:\Users\Zhifei Chen\Desktop\pysmell\subjects_for_metrics\ipython\IPython\core\magics\osm.py,794,23,1,0,0,0
ipython,C:\Users\Zhifei Chen\Desktop\pysmell\subjects_for_metrics\ipython\IPython\core\tests\test_compilerop.py,55,33,1,0,0,0
ipython,C:\Users\Zhifei Chen\Desktop\pysmell\subjects_for_metrics\ipython\IPython\core\tests\test_history.py,25,33,1,0,0,0
ipython,C:\Users\Zhifei Chen\Desktop\pysmell\subjects_for_metrics\ipython\IPython\core\tests\test_magic_terminal.py,51,50,1,0,0,0
ipython,C:\Users\Zhifei Chen\Desktop\pysmell\subjects_for_metrics\ipython\IPython\core\tests\test_shellapp.py,36,52,1,0,0,0
ipython,C:\Users\Zhifei Chen\Desktop\pysmell\subjects_for_metrics\ipython\IPython\core\tests\test_shellapp.py,44,52,1,0,0,0
ipython,C:\Users\Zhifei Chen\Desktop\pysmell\subjects_for_metrics\ipython\IPython\core\tests\test_shellapp.py,55,52,1,0,0,0
ipython,C:\Users\Zhifei Chen\Desktop\pysmell\subjects_for_metrics\ipython\IPython\core\tests\test_shellapp.py,66,52,1,0,0,0
ipython,C:\Users\Zhifei Chen\Desktop\pysmell\subjects_for_metrics\ipython\IPython\external\qt_loaders.py,196,42,1,0,0,0
ipython,C:\Users\Zhifei Chen\Desktop\pysmell\subjects_for_metrics\ipython\IPython\lib\backgroundjobs.py,192,32,1,0,0,0
ipython,C:\Users\Zhifei Chen\Desktop\pysmell\subjects_for_metrics\ipython\IPython\lib\backgroundjobs.py,200,47,1,0,0,0
ipython,C:\Users\Zhifei Chen\Desktop\pysmell\subjects_for_metrics\ipython\IPython\lib\backgroundjobs.py,340,35,1,0,0,0
ipython,C:\Users\Zhifei Chen\Desktop\pysmell\subjects_for_metrics\ipython\IPython\lib\backgroundjobs.py,457,24,1,0,0,0
ipython,C:\Users\Zhifei Chen\Desktop\pysmell\subjects_for_metrics\ipython\IPython\lib\backgroundjobs.py,458,22,1,0,0,0
ipython,C:\Users\Zhifei Chen\Desktop\pysmell\subjects_for_metrics\ipython\IPython\lib\deepreload.py,252,25,1,0,0,0
ipython,C:\Users\Zhifei Chen\Desktop\pysmell\subjects_for_metrics\ipython\IPython\terminal\ipapp.py,289,34,1,0,0,0
ipython,C:\Users\Zhifei Chen\Desktop\pysmell\subjects_for_metrics\ipython\IPython\testing\decorators.py,315,60,1,1,0,0
ipython,C:\Users\Zhifei Chen\Desktop\pysmell\subjects_for_metrics\ipython\IPython\testing\iptestcontroller.py,94,33,1,0,0,0
ipython,C:\Users\Zhifei Chen\Desktop\pysmell\subjects_for_metrics\ipython\IPython\testing\iptestcontroller.py,95,41,1,0,0,0
ipython,C:\Users\Zhifei Chen\Desktop\pysmell\subjects_for_metrics\ipython\IPython\testing\tools.py,55,66,1,1,0,0
ipython,C:\Users\Zhifei Chen\Desktop\pysmell\subjects_for_metrics\ipython\IPython\testing\tools.py,376,38,1,0,0,0
ipython,C:\Users\Zhifei Chen\Desktop\pysmell\subjects_for_metrics\ipython\IPython\utils\path.py,328,53,1,0,0,0
ipython,C:\Users\Zhifei Chen\Desktop\pysmell\subjects_for_metrics\ipython\IPython\utils\py3compat.py,180,27,1,0,0,0
ipython,C:\Users\Zhifei Chen\Desktop\pysmell\subjects_for_metrics\ipython\IPython\utils\py3compat.py,267,27,1,0,0,0
ipython,C:\Users\Zhifei Chen\Desktop\pysmell\subjects_for_metrics\ipython\IPython\utils\text.py,641,52,1,0,0,0
ipython,C:\Users\Zhifei Chen\Desktop\pysmell\subjects_for_metrics\ipython\IPython\utils\tokenutil.py,94,44,1,0,0,0
ipython,C:\Users\Zhifei Chen\Desktop\pysmell\subjects_for_metrics\ipython\IPython\utils\_process_posix.py,72,65,2,1,0,0
ipython,C:\Users\Zhifei Chen\Desktop\pysmell\subjects_for_metrics\ipython\IPython\utils\_process_posix.py,74,80,3,1,1,1
ipython,C:\Users\Zhifei Chen\Desktop\pysmell\subjects_for_metrics\ipython\IPython\utils\_process_posix.py,77,38,1,0,0,0
ipython,C:\Users\Zhifei Chen\Desktop\pysmell\subjects_for_metrics\ipython\IPython\utils\_tokenize_py2.py,386,27,1,0,0,0
ipython,C:\Users\Zhifei Chen\Desktop\pysmell\subjects_for_metrics\ipython\IPython\utils\_tokenize_py3.py,518,27,1,0,0,0
ipython,C:\Users\Zhifei Chen\Desktop\pysmell\subjects_for_metrics\ipython\tools\gh_api.py,92,30,1,0,0,0
ipython,C:\Users\Zhifei Chen\Desktop\pysmell\subjects_for_metrics\ipython\tools\git-mpr.py,100,26,1,0,0,0
ipython,C:\Users\Zhifei Chen\Desktop\pysmell\subjects_for_metrics\ipython\tools\github_stats.py,72,26,1,0,0,0
ipython,C:\Users\Zhifei Chen\Desktop\pysmell\subjects_for_metrics\ipython\tools\github_stats.py,101,39,1,0,0,0
