subject,file,lineno,DOC,experience-based,statistics-based,tuning machine
ipython,C:\Users\Zhifei Chen\Desktop\pysmell\subjects_for_metrics\ipython\IPython\core\application.py,198,2,0,0,0
ipython,C:\Users\Zhifei Chen\Desktop\pysmell\subjects_for_metrics\ipython\IPython\core\completer.py,926,2,0,0,0
ipython,C:\Users\Zhifei Chen\Desktop\pysmell\subjects_for_metrics\ipython\IPython\core\completerlib.py,186,2,0,0,0
ipython,C:\Users\Zhifei Chen\Desktop\pysmell\subjects_for_metrics\ipython\IPython\core\debugger.py,173,2,0,0,0
ipython,C:\Users\Zhifei Chen\Desktop\pysmell\subjects_for_metrics\ipython\IPython\core\hooks.py,85,2,0,0,0
ipython,C:\Users\Zhifei Chen\Desktop\pysmell\subjects_for_metrics\ipython\IPython\core\inputsplitter.py,541,2,0,0,0
ipython,C:\Users\Zhifei Chen\Desktop\pysmell\subjects_for_metrics\ipython\IPython\core\inputsplitter.py,645,2,0,0,0
ipython,C:\Users\Zhifei Chen\Desktop\pysmell\subjects_for_metrics\ipython\IPython\core\inputtransformer.py,70,2,0,0,0
ipython,C:\Users\Zhifei Chen\Desktop\pysmell\subjects_for_metrics\ipython\IPython\core\interactiveshell.py,1666,2,0,0,0
ipython,C:\Users\Zhifei Chen\Desktop\pysmell\subjects_for_metrics\ipython\IPython\core\interactiveshell.py,2688,2,0,0,0
ipython,C:\Users\Zhifei Chen\Desktop\pysmell\subjects_for_metrics\ipython\IPython\core\interactiveshell.py,2783,2,0,0,0
ipython,C:\Users\Zhifei Chen\Desktop\pysmell\subjects_for_metrics\ipython\IPython\core\magic.py,184,2,0,0,0
ipython,C:\Users\Zhifei Chen\Desktop\pysmell\subjects_for_metrics\ipython\IPython\core\magic.py,218,2,0,0,0
ipython,C:\Users\Zhifei Chen\Desktop\pysmell\subjects_for_metrics\ipython\IPython\core\oinspect.py,558,2,0,0,0
ipython,C:\Users\Zhifei Chen\Desktop\pysmell\subjects_for_metrics\ipython\IPython\core\pylabtools.py,132,2,0,0,0
ipython,C:\Users\Zhifei Chen\Desktop\pysmell\subjects_for_metrics\ipython\IPython\core\ultratb.py,291,2,0,0,0
ipython,C:\Users\Zhifei Chen\Desktop\pysmell\subjects_for_metrics\ipython\IPython\core\ultratb.py,1061,2,0,0,0
ipython,C:\Users\Zhifei Chen\Desktop\pysmell\subjects_for_metrics\ipython\IPython\core\magics\basic.py,314,2,0,0,0
ipython,C:\Users\Zhifei Chen\Desktop\pysmell\subjects_for_metrics\ipython\IPython\core\magics\basic.py,382,2,0,0,0
ipython,C:\Users\Zhifei Chen\Desktop\pysmell\subjects_for_metrics\ipython\IPython\core\magics\code.py,360,2,0,0,0
ipython,C:\Users\Zhifei Chen\Desktop\pysmell\subjects_for_metrics\ipython\IPython\core\magics\history.py,40,2,0,0,0
ipython,C:\Users\Zhifei Chen\Desktop\pysmell\subjects_for_metrics\ipython\IPython\core\magics\namespace.py,347,2,0,0,0
ipython,C:\Users\Zhifei Chen\Desktop\pysmell\subjects_for_metrics\ipython\IPython\core\magics\script.py,134,2,0,0,0
ipython,C:\Users\Zhifei Chen\Desktop\pysmell\subjects_for_metrics\ipython\IPython\core\tests\test_completer.py,102,2,0,0,0
ipython,C:\Users\Zhifei Chen\Desktop\pysmell\subjects_for_metrics\ipython\IPython\core\tests\test_completer.py,393,2,0,0,0
ipython,C:\Users\Zhifei Chen\Desktop\pysmell\subjects_for_metrics\ipython\IPython\core\tests\test_completer.py,409,2,0,0,0
ipython,C:\Users\Zhifei Chen\Desktop\pysmell\subjects_for_metrics\ipython\IPython\core\tests\test_completer.py,541,2,0,0,0
ipython,C:\Users\Zhifei Chen\Desktop\pysmell\subjects_for_metrics\ipython\IPython\core\tests\test_formatters.py,93,2,0,0,0
ipython,C:\Users\Zhifei Chen\Desktop\pysmell\subjects_for_metrics\ipython\IPython\core\tests\test_inputsplitter.py,61,2,0,0,0
ipython,C:\Users\Zhifei Chen\Desktop\pysmell\subjects_for_metrics\ipython\IPython\core\tests\test_inputtransformer.py,10,2,0,0,0
ipython,C:\Users\Zhifei Chen\Desktop\pysmell\subjects_for_metrics\ipython\IPython\core\tests\test_interactiveshell.py,334,2,0,0,0
ipython,C:\Users\Zhifei Chen\Desktop\pysmell\subjects_for_metrics\ipython\IPython\core\tests\test_interactiveshell.py,369,2,0,0,0
ipython,C:\Users\Zhifei Chen\Desktop\pysmell\subjects_for_metrics\ipython\IPython\core\tests\test_interactiveshell.py,383,2,0,0,0
ipython,C:\Users\Zhifei Chen\Desktop\pysmell\subjects_for_metrics\ipython\IPython\core\tests\test_interactiveshell.py,452,2,0,0,0
ipython,C:\Users\Zhifei Chen\Desktop\pysmell\subjects_for_metrics\ipython\IPython\core\tests\test_interactiveshell.py,640,2,0,0,0
ipython,C:\Users\Zhifei Chen\Desktop\pysmell\subjects_for_metrics\ipython\IPython\core\tests\test_interactiveshell.py,655,2,0,0,0
ipython,C:\Users\Zhifei Chen\Desktop\pysmell\subjects_for_metrics\ipython\IPython\core\tests\test_interactiveshell.py,691,2,0,0,0
ipython,C:\Users\Zhifei Chen\Desktop\pysmell\subjects_for_metrics\ipython\IPython\core\tests\test_interactiveshell.py,713,2,0,0,0
ipython,C:\Users\Zhifei Chen\Desktop\pysmell\subjects_for_metrics\ipython\IPython\core\tests\test_magic.py,542,2,0,0,0
ipython,C:\Users\Zhifei Chen\Desktop\pysmell\subjects_for_metrics\ipython\IPython\core\tests\test_magic.py,587,2,0,0,0
ipython,C:\Users\Zhifei Chen\Desktop\pysmell\subjects_for_metrics\ipython\IPython\core\tests\test_magic.py,680,2,0,0,0
ipython,C:\Users\Zhifei Chen\Desktop\pysmell\subjects_for_metrics\ipython\IPython\core\tests\test_magic.py,688,2,0,0,0
ipython,C:\Users\Zhifei Chen\Desktop\pysmell\subjects_for_metrics\ipython\IPython\core\tests\test_magic_terminal.py,62,2,0,0,0
ipython,C:\Users\Zhifei Chen\Desktop\pysmell\subjects_for_metrics\ipython\IPython\core\tests\test_oinspect.py,72,3,1,0,0
ipython,C:\Users\Zhifei Chen\Desktop\pysmell\subjects_for_metrics\ipython\IPython\core\tests\test_oinspect.py,88,2,0,0,0
ipython,C:\Users\Zhifei Chen\Desktop\pysmell\subjects_for_metrics\ipython\IPython\core\tests\test_oinspect.py,370,2,0,0,0
ipython,C:\Users\Zhifei Chen\Desktop\pysmell\subjects_for_metrics\ipython\IPython\core\tests\test_prefilter.py,26,2,0,0,0
ipython,C:\Users\Zhifei Chen\Desktop\pysmell\subjects_for_metrics\ipython\IPython\core\tests\test_prompts.py,33,2,0,0,0
ipython,C:\Users\Zhifei Chen\Desktop\pysmell\subjects_for_metrics\ipython\IPython\core\tests\test_pylabtools.py,169,2,0,0,0
ipython,C:\Users\Zhifei Chen\Desktop\pysmell\subjects_for_metrics\ipython\IPython\core\tests\test_run.py,453,2,0,0,0
ipython,C:\Users\Zhifei Chen\Desktop\pysmell\subjects_for_metrics\ipython\IPython\extensions\tests\test_autoreload.py,134,2,0,0,0
ipython,C:\Users\Zhifei Chen\Desktop\pysmell\subjects_for_metrics\ipython\IPython\external\decorators\_decorators.py,66,2,0,0,0
ipython,C:\Users\Zhifei Chen\Desktop\pysmell\subjects_for_metrics\ipython\IPython\external\decorators\_decorators.py,99,3,1,0,0
ipython,C:\Users\Zhifei Chen\Desktop\pysmell\subjects_for_metrics\ipython\IPython\external\decorators\_decorators.py,175,3,1,0,0
ipython,C:\Users\Zhifei Chen\Desktop\pysmell\subjects_for_metrics\ipython\IPython\external\decorators\_decorators.py,227,3,1,0,0
ipython,C:\Users\Zhifei Chen\Desktop\pysmell\subjects_for_metrics\ipython\IPython\lib\display.py,429,2,0,0,0
ipython,C:\Users\Zhifei Chen\Desktop\pysmell\subjects_for_metrics\ipython\IPython\lib\editorhooks.py,20,2,0,0,0
ipython,C:\Users\Zhifei Chen\Desktop\pysmell\subjects_for_metrics\ipython\IPython\lib\inputhook.py,185,2,0,0,0
ipython,C:\Users\Zhifei Chen\Desktop\pysmell\subjects_for_metrics\ipython\IPython\lib\inputhookqt4.py,38,2,0,0,0
ipython,C:\Users\Zhifei Chen\Desktop\pysmell\subjects_for_metrics\ipython\IPython\lib\pretty.py,533,2,0,0,0
ipython,C:\Users\Zhifei Chen\Desktop\pysmell\subjects_for_metrics\ipython\IPython\lib\pretty.py,560,2,0,0,0
ipython,C:\Users\Zhifei Chen\Desktop\pysmell\subjects_for_metrics\ipython\IPython\lib\pretty.py,595,2,0,0,0
ipython,C:\Users\Zhifei Chen\Desktop\pysmell\subjects_for_metrics\ipython\IPython\lib\tests\test_display.py,104,2,0,0,0
ipython,C:\Users\Zhifei Chen\Desktop\pysmell\subjects_for_metrics\ipython\IPython\lib\tests\test_display.py,135,2,0,0,0
ipython,C:\Users\Zhifei Chen\Desktop\pysmell\subjects_for_metrics\ipython\IPython\lib\tests\test_editorhooks.py,14,2,0,0,0
ipython,C:\Users\Zhifei Chen\Desktop\pysmell\subjects_for_metrics\ipython\IPython\lib\tests\test_latextools.py,27,2,0,0,0
ipython,C:\Users\Zhifei Chen\Desktop\pysmell\subjects_for_metrics\ipython\IPython\lib\tests\test_latextools.py,37,2,0,0,0
ipython,C:\Users\Zhifei Chen\Desktop\pysmell\subjects_for_metrics\ipython\IPython\lib\tests\test_latextools.py,52,2,0,0,0
ipython,C:\Users\Zhifei Chen\Desktop\pysmell\subjects_for_metrics\ipython\IPython\lib\tests\test_latextools.py,73,2,0,0,0
ipython,C:\Users\Zhifei Chen\Desktop\pysmell\subjects_for_metrics\ipython\IPython\lib\tests\test_latextools.py,95,2,0,0,0
ipython,C:\Users\Zhifei Chen\Desktop\pysmell\subjects_for_metrics\ipython\IPython\lib\tests\test_latextools.py,120,2,0,0,0
ipython,C:\Users\Zhifei Chen\Desktop\pysmell\subjects_for_metrics\ipython\IPython\lib\tests\test_pretty.py,257,2,0,0,0
ipython,C:\Users\Zhifei Chen\Desktop\pysmell\subjects_for_metrics\ipython\IPython\terminal\interactiveshell.py,577,2,0,0,0
ipython,C:\Users\Zhifei Chen\Desktop\pysmell\subjects_for_metrics\ipython\IPython\terminal\tests\test_interactivshell.py,59,2,0,0,0
ipython,C:\Users\Zhifei Chen\Desktop\pysmell\subjects_for_metrics\ipython\IPython\testing\decorators.py,83,2,0,0,0
ipython,C:\Users\Zhifei Chen\Desktop\pysmell\subjects_for_metrics\ipython\IPython\testing\decorators.py,156,3,1,0,0
ipython,C:\Users\Zhifei Chen\Desktop\pysmell\subjects_for_metrics\ipython\IPython\testing\globalipapp.py,84,2,0,0,0
ipython,C:\Users\Zhifei Chen\Desktop\pysmell\subjects_for_metrics\ipython\IPython\testing\iptest.py,64,2,0,0,0
ipython,C:\Users\Zhifei Chen\Desktop\pysmell\subjects_for_metrics\ipython\IPython\testing\iptestcontroller.py,287,2,0,0,0
ipython,C:\Users\Zhifei Chen\Desktop\pysmell\subjects_for_metrics\ipython\IPython\testing\iptestcontroller.py,325,2,0,0,0
ipython,C:\Users\Zhifei Chen\Desktop\pysmell\subjects_for_metrics\ipython\IPython\testing\tests\test_tools.py,81,2,0,0,0
ipython,C:\Users\Zhifei Chen\Desktop\pysmell\subjects_for_metrics\ipython\IPython\utils\decorators.py,24,2,0,0,0
ipython,C:\Users\Zhifei Chen\Desktop\pysmell\subjects_for_metrics\ipython\IPython\utils\io.py,23,2,0,0,0
ipython,C:\Users\Zhifei Chen\Desktop\pysmell\subjects_for_metrics\ipython\IPython\utils\openpy.py,219,2,0,0,0
ipython,C:\Users\Zhifei Chen\Desktop\pysmell\subjects_for_metrics\ipython\IPython\utils\path.py,309,2,0,0,0
ipython,C:\Users\Zhifei Chen\Desktop\pysmell\subjects_for_metrics\ipython\IPython\utils\py3compat.py,40,2,0,0,0
ipython,C:\Users\Zhifei Chen\Desktop\pysmell\subjects_for_metrics\ipython\IPython\utils\py3compat.py,80,2,0,0,0
ipython,C:\Users\Zhifei Chen\Desktop\pysmell\subjects_for_metrics\ipython\IPython\utils\py3compat.py,292,2,0,0,0
ipython,C:\Users\Zhifei Chen\Desktop\pysmell\subjects_for_metrics\ipython\IPython\utils\text.py,135,2,0,0,0
ipython,C:\Users\Zhifei Chen\Desktop\pysmell\subjects_for_metrics\ipython\IPython\utils\tz.py,38,2,0,0,0
ipython,C:\Users\Zhifei Chen\Desktop\pysmell\subjects_for_metrics\ipython\IPython\utils\_tokenize_py3.py,303,2,0,0,0
ipython,C:\Users\Zhifei Chen\Desktop\pysmell\subjects_for_metrics\ipython\IPython\utils\tests\test_decorators.py,3,2,0,0,0
ipython,C:\Users\Zhifei Chen\Desktop\pysmell\subjects_for_metrics\ipython\tools\test_pr.py,115,2,0,0,0
