subject,file,lineno,NOC,PAR,NOO,experience-based,statistics-based,tuning machine
ipython,C:\Users\Zhifei Chen\Desktop\pysmell\subjects_for_metrics\ipython\setupbase.py,395,15,1,1,0,0,0
ipython,C:\Users\Zhifei Chen\Desktop\pysmell\subjects_for_metrics\ipython\setupbase.py,396,15,1,1,0,0,0
ipython,C:\Users\Zhifei Chen\Desktop\pysmell\subjects_for_metrics\ipython\docs\sphinxext\apigen.py,228,14,1,2,0,0,0
ipython,C:\Users\Zhifei Chen\Desktop\pysmell\subjects_for_metrics\ipython\IPython\core\debugger.py,229,62,2,7,1,0,0
ipython,C:\Users\Zhifei Chen\Desktop\pysmell\subjects_for_metrics\ipython\IPython\core\formatters.py,672,49,3,7,0,0,0
ipython,C:\Users\Zhifei Chen\Desktop\pysmell\subjects_for_metrics\ipython\IPython\core\hooks.py,149,12,1,3,0,0,0
ipython,C:\Users\Zhifei Chen\Desktop\pysmell\subjects_for_metrics\ipython\IPython\core\interactiveshell.py,655,41,1,6,0,0,0
ipython,C:\Users\Zhifei Chen\Desktop\pysmell\subjects_for_metrics\ipython\IPython\core\interactiveshell.py,973,11,0,1,0,0,0
ipython,C:\Users\Zhifei Chen\Desktop\pysmell\subjects_for_metrics\ipython\IPython\core\interactiveshell.py,1048,46,0,5,0,0,0
ipython,C:\Users\Zhifei Chen\Desktop\pysmell\subjects_for_metrics\ipython\IPython\core\magic.py,193,24,1,4,0,0,0
ipython,C:\Users\Zhifei Chen\Desktop\pysmell\subjects_for_metrics\ipython\IPython\core\magic.py,226,24,1,4,0,0,0
ipython,C:\Users\Zhifei Chen\Desktop\pysmell\subjects_for_metrics\ipython\IPython\core\page.py,51,51,1,4,0,0,0
ipython,C:\Users\Zhifei Chen\Desktop\pysmell\subjects_for_metrics\ipython\IPython\core\prefilter.py,160,18,1,2,0,0,0
ipython,C:\Users\Zhifei Chen\Desktop\pysmell\subjects_for_metrics\ipython\IPython\core\prefilter.py,196,18,1,2,0,0,0
ipython,C:\Users\Zhifei Chen\Desktop\pysmell\subjects_for_metrics\ipython\IPython\core\prompts.py,116,45,1,12,0,0,0
ipython,C:\Users\Zhifei Chen\Desktop\pysmell\subjects_for_metrics\ipython\IPython\core\prompts.py,246,45,0,9,0,0,0
ipython,C:\Users\Zhifei Chen\Desktop\pysmell\subjects_for_metrics\ipython\IPython\core\prompts.py,247,43,0,7,0,0,0
ipython,C:\Users\Zhifei Chen\Desktop\pysmell\subjects_for_metrics\ipython\IPython\core\pylabtools.py,207,42,1,5,0,0,0
ipython,C:\Users\Zhifei Chen\Desktop\pysmell\subjects_for_metrics\ipython\IPython\core\pylabtools.py,209,37,1,4,0,0,0
ipython,C:\Users\Zhifei Chen\Desktop\pysmell\subjects_for_metrics\ipython\IPython\core\pylabtools.py,211,42,1,5,0,0,0
ipython,C:\Users\Zhifei Chen\Desktop\pysmell\subjects_for_metrics\ipython\IPython\core\pylabtools.py,213,42,1,5,0,0,0
ipython,C:\Users\Zhifei Chen\Desktop\pysmell\subjects_for_metrics\ipython\IPython\core\pylabtools.py,215,42,1,5,0,0,0
ipython,C:\Users\Zhifei Chen\Desktop\pysmell\subjects_for_metrics\ipython\IPython\core\shellapp.py,40,51,0,6,0,0,0
ipython,C:\Users\Zhifei Chen\Desktop\pysmell\subjects_for_metrics\ipython\IPython\core\shellapp.py,219,66,1,6,0,0,0
ipython,C:\Users\Zhifei Chen\Desktop\pysmell\subjects_for_metrics\ipython\IPython\core\magics\osm.py,172,62,1,12,1,0,0
ipython,C:\Users\Zhifei Chen\Desktop\pysmell\subjects_for_metrics\ipython\IPython\core\magics\osm.py,182,57,1,10,1,0,0
ipython,C:\Users\Zhifei Chen\Desktop\pysmell\subjects_for_metrics\ipython\IPython\core\tests\test_completer.py,551,8,0,1,0,0,0
ipython,C:\Users\Zhifei Chen\Desktop\pysmell\subjects_for_metrics\ipython\IPython\core\tests\test_formatters.py,271,18,1,1,0,0,0
ipython,C:\Users\Zhifei Chen\Desktop\pysmell\subjects_for_metrics\ipython\IPython\core\tests\test_formatters.py,348,10,0,1,0,0,0
ipython,C:\Users\Zhifei Chen\Desktop\pysmell\subjects_for_metrics\ipython\IPython\core\tests\test_interactiveshell.py,205,26,3,3,0,0,0
ipython,C:\Users\Zhifei Chen\Desktop\pysmell\subjects_for_metrics\ipython\IPython\core\tests\test_interactiveshell.py,220,37,4,1,0,0,0
ipython,C:\Users\Zhifei Chen\Desktop\pysmell\subjects_for_metrics\ipython\IPython\core\tests\test_magic.py,664,30,0,4,0,0,0
ipython,C:\Users\Zhifei Chen\Desktop\pysmell\subjects_for_metrics\ipython\IPython\core\tests\test_magic.py,667,29,0,4,0,0,0
ipython,C:\Users\Zhifei Chen\Desktop\pysmell\subjects_for_metrics\ipython\IPython\core\tests\test_magic_terminal.py,102,10,0,1,0,0,0
ipython,C:\Users\Zhifei Chen\Desktop\pysmell\subjects_for_metrics\ipython\IPython\core\tests\test_oinspect.py,336,34,2,5,0,0,0
ipython,C:\Users\Zhifei Chen\Desktop\pysmell\subjects_for_metrics\ipython\IPython\core\tests\test_paths.py,167,21,1,3,0,0,0
ipython,C:\Users\Zhifei Chen\Desktop\pysmell\subjects_for_metrics\ipython\IPython\core\tests\test_prefilter.py,54,9,1,1,0,0,0
ipython,C:\Users\Zhifei Chen\Desktop\pysmell\subjects_for_metrics\ipython\IPython\core\tests\test_prompts.py,77,8,0,1,0,0,0
ipython,C:\Users\Zhifei Chen\Desktop\pysmell\subjects_for_metrics\ipython\IPython\core\tests\test_prompts.py,85,8,0,1,0,0,0
ipython,C:\Users\Zhifei Chen\Desktop\pysmell\subjects_for_metrics\ipython\IPython\core\tests\test_prompts.py,92,8,0,1,0,0,0
ipython,C:\Users\Zhifei Chen\Desktop\pysmell\subjects_for_metrics\ipython\IPython\core\tests\test_pylabtools.py,184,18,0,1,0,0,0
ipython,C:\Users\Zhifei Chen\Desktop\pysmell\subjects_for_metrics\ipython\IPython\core\tests\test_pylabtools.py,186,18,0,1,0,0,0
ipython,C:\Users\Zhifei Chen\Desktop\pysmell\subjects_for_metrics\ipython\IPython\extensions\autoreload.py,312,31,2,5,0,0,0
ipython,C:\Users\Zhifei Chen\Desktop\pysmell\subjects_for_metrics\ipython\IPython\extensions\autoreload.py,314,45,2,6,0,0,0
ipython,C:\Users\Zhifei Chen\Desktop\pysmell\subjects_for_metrics\ipython\IPython\extensions\autoreload.py,316,35,2,5,0,0,0
ipython,C:\Users\Zhifei Chen\Desktop\pysmell\subjects_for_metrics\ipython\IPython\extensions\autoreload.py,322,43,2,6,0,0,0
ipython,C:\Users\Zhifei Chen\Desktop\pysmell\subjects_for_metrics\ipython\IPython\extensions\autoreload.py,323,48,2,6,0,0,0
ipython,C:\Users\Zhifei Chen\Desktop\pysmell\subjects_for_metrics\ipython\IPython\extensions\autoreload.py,326,42,2,6,0,0,0
ipython,C:\Users\Zhifei Chen\Desktop\pysmell\subjects_for_metrics\ipython\IPython\extensions\autoreload.py,328,43,2,6,0,0,0
ipython,C:\Users\Zhifei Chen\Desktop\pysmell\subjects_for_metrics\ipython\IPython\extensions\autoreload.py,329,48,2,6,0,0,0
ipython,C:\Users\Zhifei Chen\Desktop\pysmell\subjects_for_metrics\ipython\IPython\extensions\tests\test_autoreload.py,38,18,0,1,0,0,0
ipython,C:\Users\Zhifei Chen\Desktop\pysmell\subjects_for_metrics\ipython\IPython\external\decorators\_decorators.py,135,23,0,2,0,0,0
ipython,C:\Users\Zhifei Chen\Desktop\pysmell\subjects_for_metrics\ipython\IPython\external\decorators\_decorators.py,137,21,0,1,0,0,0
ipython,C:\Users\Zhifei Chen\Desktop\pysmell\subjects_for_metrics\ipython\IPython\external\decorators\_decorators.py,210,23,0,2,0,0,0
ipython,C:\Users\Zhifei Chen\Desktop\pysmell\subjects_for_metrics\ipython\IPython\external\decorators\_decorators.py,212,21,0,1,0,0,0
ipython,C:\Users\Zhifei Chen\Desktop\pysmell\subjects_for_metrics\ipython\IPython\lib\backgroundjobs.py,412,30,0,5,0,0,0
ipython,C:\Users\Zhifei Chen\Desktop\pysmell\subjects_for_metrics\ipython\IPython\lib\demo.py,294,31,1,6,0,0,0
ipython,C:\Users\Zhifei Chen\Desktop\pysmell\subjects_for_metrics\ipython\IPython\terminal\ipapp.py,111,54,0,6,0,0,0
ipython,C:\Users\Zhifei Chen\Desktop\pysmell\subjects_for_metrics\ipython\IPython\terminal\ipapp.py,257,18,0,1,0,0,0
ipython,C:\Users\Zhifei Chen\Desktop\pysmell\subjects_for_metrics\ipython\IPython\terminal\tests\test_embed.py,51,32,1,6,0,0,0
ipython,C:\Users\Zhifei Chen\Desktop\pysmell\subjects_for_metrics\ipython\IPython\testing\decorators.py,135,11,0,1,0,0,0
ipython,C:\Users\Zhifei Chen\Desktop\pysmell\subjects_for_metrics\ipython\IPython\testing\decorators.py,193,21,0,1,0,0,0
ipython,C:\Users\Zhifei Chen\Desktop\pysmell\subjects_for_metrics\ipython\IPython\testing\decorators.py,252,23,0,3,0,0,0
ipython,C:\Users\Zhifei Chen\Desktop\pysmell\subjects_for_metrics\ipython\IPython\testing\decorators.py,254,21,0,2,0,0,0
ipython,C:\Users\Zhifei Chen\Desktop\pysmell\subjects_for_metrics\ipython\IPython\testing\decorators.py,283,11,0,1,0,0,0
ipython,C:\Users\Zhifei Chen\Desktop\pysmell\subjects_for_metrics\ipython\IPython\testing\decorators.py,320,70,1,8,1,0,0
ipython,C:\Users\Zhifei Chen\Desktop\pysmell\subjects_for_metrics\ipython\IPython\testing\decorators.py,335,9,1,1,0,0,0
ipython,C:\Users\Zhifei Chen\Desktop\pysmell\subjects_for_metrics\ipython\IPython\testing\tools.py,429,18,0,1,0,0,0
ipython,C:\Users\Zhifei Chen\Desktop\pysmell\subjects_for_metrics\ipython\IPython\utils\ipstruct.py,364,17,2,1,0,0,0
ipython,C:\Users\Zhifei Chen\Desktop\pysmell\subjects_for_metrics\ipython\IPython\utils\ipstruct.py,365,17,2,1,0,0,0
ipython,C:\Users\Zhifei Chen\Desktop\pysmell\subjects_for_metrics\ipython\IPython\utils\ipstruct.py,366,23,2,3,0,0,0
ipython,C:\Users\Zhifei Chen\Desktop\pysmell\subjects_for_metrics\ipython\IPython\utils\ipstruct.py,367,23,2,3,0,0,0
ipython,C:\Users\Zhifei Chen\Desktop\pysmell\subjects_for_metrics\ipython\IPython\utils\ipstruct.py,368,28,2,5,0,0,0
ipython,C:\Users\Zhifei Chen\Desktop\pysmell\subjects_for_metrics\ipython\IPython\utils\path.py,328,9,1,1,0,0,0
ipython,C:\Users\Zhifei Chen\Desktop\pysmell\subjects_for_metrics\ipython\IPython\utils\text.py,162,42,1,7,0,0,0
ipython,C:\Users\Zhifei Chen\Desktop\pysmell\subjects_for_metrics\ipython\IPython\utils\text.py,748,77,1,18,1,0,1
ipython,C:\Users\Zhifei Chen\Desktop\pysmell\subjects_for_metrics\ipython\IPython\utils\_process_common.py,122,26,1,5,0,0,0
ipython,C:\Users\Zhifei Chen\Desktop\pysmell\subjects_for_metrics\ipython\IPython\utils\_process_common.py,163,27,1,5,0,0,0
ipython,C:\Users\Zhifei Chen\Desktop\pysmell\subjects_for_metrics\ipython\IPython\utils\_process_win32.py,152,26,1,5,0,0,0
ipython,C:\Users\Zhifei Chen\Desktop\pysmell\subjects_for_metrics\ipython\IPython\utils\tests\test_path.py,198,15,1,1,0,0,0
ipython,C:\Users\Zhifei Chen\Desktop\pysmell\subjects_for_metrics\ipython\IPython\utils\tests\test_path.py,199,18,0,1,0,0,0
ipython,C:\Users\Zhifei Chen\Desktop\pysmell\subjects_for_metrics\ipython\IPython\utils\tests\test_path.py,213,20,0,1,0,0,0
ipython,C:\Users\Zhifei Chen\Desktop\pysmell\subjects_for_metrics\ipython\IPython\utils\tests\test_path.py,225,20,0,1,0,0,0
ipython,C:\Users\Zhifei Chen\Desktop\pysmell\subjects_for_metrics\ipython\IPython\utils\tests\test_path.py,241,20,0,1,0,0,0
ipython,C:\Users\Zhifei Chen\Desktop\pysmell\subjects_for_metrics\ipython\IPython\utils\tests\test_process.py,58,47,0,7,0,0,0
ipython,C:\Users\Zhifei Chen\Desktop\pysmell\subjects_for_metrics\ipython\IPython\utils\tests\test_text.py,216,25,1,4,0,0,0
ipython,C:\Users\Zhifei Chen\Desktop\pysmell\subjects_for_metrics\ipython\IPython\utils\tests\test_tokenutil.py,119,33,0,5,0,0,0
ipython,C:\Users\Zhifei Chen\Desktop\pysmell\subjects_for_metrics\ipython\IPython\utils\tests\test_tokenutil.py,121,33,0,5,0,0,0
ipython,C:\Users\Zhifei Chen\Desktop\pysmell\subjects_for_metrics\ipython\tools\github_stats.py,94,16,1,3,0,0,0
ipython,C:\Users\Zhifei Chen\Desktop\pysmell\subjects_for_metrics\ipython\tools\github_stats.py,211,17,1,3,0,0,0
