subject,file,lineno,NBC,experience-based,statistics-based,tuning machine
faker,C:\Users\Zhifei Chen\Desktop\pysmell\subjects_for_metrics\faker\faker\cli.py,109,1,0,0,0
faker,C:\Users\Zhifei Chen\Desktop\pysmell\subjects_for_metrics\faker\faker\documentor.py,10,1,0,0,0
faker,C:\Users\Zhifei Chen\Desktop\pysmell\subjects_for_metrics\faker\faker\factory.py,14,1,0,0,0
faker,C:\Users\Zhifei Chen\Desktop\pysmell\subjects_for_metrics\faker\faker\generator.py,13,1,0,0,0
faker,C:\Users\Zhifei Chen\Desktop\pysmell\subjects_for_metrics\faker\faker\providers\__init__.py,17,1,0,0,0
faker,C:\Users\Zhifei Chen\Desktop\pysmell\subjects_for_metrics\faker\faker\providers\address\__init__.py,12,1,0,0,0
faker,C:\Users\Zhifei Chen\Desktop\pysmell\subjects_for_metrics\faker\faker\providers\address\cs_CZ\__init__.py,6,1,0,0,0
faker,C:\Users\Zhifei Chen\Desktop\pysmell\subjects_for_metrics\faker\faker\providers\address\de_DE\__init__.py,7,1,0,0,0
faker,C:\Users\Zhifei Chen\Desktop\pysmell\subjects_for_metrics\faker\faker\providers\address\el_GR\__init__.py,29,1,0,0,0
faker,C:\Users\Zhifei Chen\Desktop\pysmell\subjects_for_metrics\faker\faker\providers\address\en\__init__.py,5,1,0,0,0
faker,C:\Users\Zhifei Chen\Desktop\pysmell\subjects_for_metrics\faker\faker\providers\address\en_AU\__init__.py,6,1,0,0,0
faker,C:\Users\Zhifei Chen\Desktop\pysmell\subjects_for_metrics\faker\faker\providers\address\en_CA\__init__.py,6,1,0,0,0
faker,C:\Users\Zhifei Chen\Desktop\pysmell\subjects_for_metrics\faker\faker\providers\address\en_GB\__init__.py,5,1,0,0,0
faker,C:\Users\Zhifei Chen\Desktop\pysmell\subjects_for_metrics\faker\faker\providers\address\en_US\__init__.py,7,1,0,0,0
faker,C:\Users\Zhifei Chen\Desktop\pysmell\subjects_for_metrics\faker\faker\providers\address\es\__init__.py,6,1,0,0,0
faker,C:\Users\Zhifei Chen\Desktop\pysmell\subjects_for_metrics\faker\faker\providers\address\es_ES\__init__.py,7,1,0,0,0
faker,C:\Users\Zhifei Chen\Desktop\pysmell\subjects_for_metrics\faker\faker\providers\address\es_MX\__init__.py,6,1,0,0,0
faker,C:\Users\Zhifei Chen\Desktop\pysmell\subjects_for_metrics\faker\faker\providers\address\fa_IR\__init__.py,7,1,0,0,0
faker,C:\Users\Zhifei Chen\Desktop\pysmell\subjects_for_metrics\faker\faker\providers\address\fi_FI\__init__.py,6,1,0,0,0
faker,C:\Users\Zhifei Chen\Desktop\pysmell\subjects_for_metrics\faker\faker\providers\address\fr_FR\__init__.py,6,1,0,0,0
faker,C:\Users\Zhifei Chen\Desktop\pysmell\subjects_for_metrics\faker\faker\providers\address\hi_IN\__init__.py,6,1,0,0,0
faker,C:\Users\Zhifei Chen\Desktop\pysmell\subjects_for_metrics\faker\faker\providers\address\hr_HR\__init__.py,6,1,0,0,0
faker,C:\Users\Zhifei Chen\Desktop\pysmell\subjects_for_metrics\faker\faker\providers\address\it_IT\__init__.py,6,1,0,0,0
faker,C:\Users\Zhifei Chen\Desktop\pysmell\subjects_for_metrics\faker\faker\providers\address\ja_JP\__init__.py,8,1,0,0,0
faker,C:\Users\Zhifei Chen\Desktop\pysmell\subjects_for_metrics\faker\faker\providers\address\ko_KR\__init__.py,6,1,0,0,0
faker,C:\Users\Zhifei Chen\Desktop\pysmell\subjects_for_metrics\faker\faker\providers\address\nl_NL\__init__.py,7,1,0,0,0
faker,C:\Users\Zhifei Chen\Desktop\pysmell\subjects_for_metrics\faker\faker\providers\address\no_NO\__init__.py,7,1,0,0,0
faker,C:\Users\Zhifei Chen\Desktop\pysmell\subjects_for_metrics\faker\faker\providers\address\pl_PL\__init__.py,6,1,0,0,0
faker,C:\Users\Zhifei Chen\Desktop\pysmell\subjects_for_metrics\faker\faker\providers\address\pt_BR\__init__.py,6,1,0,0,0
faker,C:\Users\Zhifei Chen\Desktop\pysmell\subjects_for_metrics\faker\faker\providers\address\pt_PT\__init__.py,6,1,0,0,0
faker,C:\Users\Zhifei Chen\Desktop\pysmell\subjects_for_metrics\faker\faker\providers\address\sk_SK\__init__.py,6,1,0,0,0
faker,C:\Users\Zhifei Chen\Desktop\pysmell\subjects_for_metrics\faker\faker\providers\address\sl_SI\__init__.py,6,1,0,0,0
faker,C:\Users\Zhifei Chen\Desktop\pysmell\subjects_for_metrics\faker\faker\providers\address\sv_SE\__init__.py,7,1,0,0,0
faker,C:\Users\Zhifei Chen\Desktop\pysmell\subjects_for_metrics\faker\faker\providers\address\zh_CN\__init__.py,6,1,0,0,0
faker,C:\Users\Zhifei Chen\Desktop\pysmell\subjects_for_metrics\faker\faker\providers\address\zh_TW\__init__.py,6,1,0,0,0
faker,C:\Users\Zhifei Chen\Desktop\pysmell\subjects_for_metrics\faker\faker\providers\barcode\__init__.py,7,1,0,0,0
faker,C:\Users\Zhifei Chen\Desktop\pysmell\subjects_for_metrics\faker\faker\providers\barcode\en_US\__init__.py,4,1,0,0,0
faker,C:\Users\Zhifei Chen\Desktop\pysmell\subjects_for_metrics\faker\faker\providers\color\__init__.py,9,1,0,0,0
faker,C:\Users\Zhifei Chen\Desktop\pysmell\subjects_for_metrics\faker\faker\providers\color\en_US\__init__.py,4,1,0,0,0
faker,C:\Users\Zhifei Chen\Desktop\pysmell\subjects_for_metrics\faker\faker\providers\company\__init__.py,10,1,0,0,0
faker,C:\Users\Zhifei Chen\Desktop\pysmell\subjects_for_metrics\faker\faker\providers\company\bg_BG\__init__.py,6,1,0,0,0
faker,C:\Users\Zhifei Chen\Desktop\pysmell\subjects_for_metrics\faker\faker\providers\company\cs_CZ\__init__.py,5,1,0,0,0
faker,C:\Users\Zhifei Chen\Desktop\pysmell\subjects_for_metrics\faker\faker\providers\company\de_DE\__init__.py,7,1,0,0,0
faker,C:\Users\Zhifei Chen\Desktop\pysmell\subjects_for_metrics\faker\faker\providers\company\en_US\__init__.py,5,1,0,0,0
faker,C:\Users\Zhifei Chen\Desktop\pysmell\subjects_for_metrics\faker\faker\providers\company\es_MX\__init__.py,6,1,0,0,0
faker,C:\Users\Zhifei Chen\Desktop\pysmell\subjects_for_metrics\faker\faker\providers\company\fa_IR\__init__.py,7,1,0,0,0
faker,C:\Users\Zhifei Chen\Desktop\pysmell\subjects_for_metrics\faker\faker\providers\company\fi_FI\__init__.py,5,1,0,0,0
faker,C:\Users\Zhifei Chen\Desktop\pysmell\subjects_for_metrics\faker\faker\providers\company\fr_FR\__init__.py,6,1,0,0,0
faker,C:\Users\Zhifei Chen\Desktop\pysmell\subjects_for_metrics\faker\faker\providers\company\hr_HR\__init__.py,5,1,0,0,0
faker,C:\Users\Zhifei Chen\Desktop\pysmell\subjects_for_metrics\faker\faker\providers\company\it_IT\__init__.py,6,1,0,0,0
faker,C:\Users\Zhifei Chen\Desktop\pysmell\subjects_for_metrics\faker\faker\providers\company\ja_JP\__init__.py,6,1,0,0,0
faker,C:\Users\Zhifei Chen\Desktop\pysmell\subjects_for_metrics\faker\faker\providers\company\ko_KR\__init__.py,6,1,0,0,0
faker,C:\Users\Zhifei Chen\Desktop\pysmell\subjects_for_metrics\faker\faker\providers\company\no_NO\__init__.py,6,1,0,0,0
faker,C:\Users\Zhifei Chen\Desktop\pysmell\subjects_for_metrics\faker\faker\providers\company\pt_BR\__init__.py,6,1,0,0,0
faker,C:\Users\Zhifei Chen\Desktop\pysmell\subjects_for_metrics\faker\faker\providers\company\pt_PT\__init__.py,6,1,0,0,0
faker,C:\Users\Zhifei Chen\Desktop\pysmell\subjects_for_metrics\faker\faker\providers\company\sk_SK\__init__.py,5,1,0,0,0
faker,C:\Users\Zhifei Chen\Desktop\pysmell\subjects_for_metrics\faker\faker\providers\company\sl_SI\__init__.py,5,1,0,0,0
faker,C:\Users\Zhifei Chen\Desktop\pysmell\subjects_for_metrics\faker\faker\providers\company\sv_SE\__init__.py,7,1,0,0,0
faker,C:\Users\Zhifei Chen\Desktop\pysmell\subjects_for_metrics\faker\faker\providers\company\zh_CN\__init__.py,6,1,0,0,0
faker,C:\Users\Zhifei Chen\Desktop\pysmell\subjects_for_metrics\faker\faker\providers\company\zh_TW\__init__.py,6,1,0,0,0
faker,C:\Users\Zhifei Chen\Desktop\pysmell\subjects_for_metrics\faker\faker\providers\credit_card\__init__.py,9,1,0,0,0
faker,C:\Users\Zhifei Chen\Desktop\pysmell\subjects_for_metrics\faker\faker\providers\credit_card\__init__.py,19,1,0,0,0
faker,C:\Users\Zhifei Chen\Desktop\pysmell\subjects_for_metrics\faker\faker\providers\credit_card\en_US\__init__.py,4,1,0,0,0
faker,C:\Users\Zhifei Chen\Desktop\pysmell\subjects_for_metrics\faker\faker\providers\currency\__init__.py,6,1,0,0,0
faker,C:\Users\Zhifei Chen\Desktop\pysmell\subjects_for_metrics\faker\faker\providers\currency\en_US\__init__.py,4,1,0,0,0
faker,C:\Users\Zhifei Chen\Desktop\pysmell\subjects_for_metrics\faker\faker\providers\date_time\__init__.py,26,1,0,0,0
faker,C:\Users\Zhifei Chen\Desktop\pysmell\subjects_for_metrics\faker\faker\providers\date_time\en_US\__init__.py,4,1,0,0,0
faker,C:\Users\Zhifei Chen\Desktop\pysmell\subjects_for_metrics\faker\faker\providers\file\__init__.py,8,1,0,0,0
faker,C:\Users\Zhifei Chen\Desktop\pysmell\subjects_for_metrics\faker\faker\providers\file\en_US\__init__.py,4,1,0,0,0
faker,C:\Users\Zhifei Chen\Desktop\pysmell\subjects_for_metrics\faker\faker\providers\internet\__init__.py,15,1,0,0,0
faker,C:\Users\Zhifei Chen\Desktop\pysmell\subjects_for_metrics\faker\faker\providers\internet\bg_BG\__init__.py,6,1,0,0,0
faker,C:\Users\Zhifei Chen\Desktop\pysmell\subjects_for_metrics\faker\faker\providers\internet\cs_CZ\__init__.py,6,1,0,0,0
faker,C:\Users\Zhifei Chen\Desktop\pysmell\subjects_for_metrics\faker\faker\providers\internet\de_AT\__init__.py,7,1,0,0,0
faker,C:\Users\Zhifei Chen\Desktop\pysmell\subjects_for_metrics\faker\faker\providers\internet\de_DE\__init__.py,6,1,0,0,0
faker,C:\Users\Zhifei Chen\Desktop\pysmell\subjects_for_metrics\faker\faker\providers\internet\el_GR\__init__.py,9,1,0,0,0
faker,C:\Users\Zhifei Chen\Desktop\pysmell\subjects_for_metrics\faker\faker\providers\internet\en_AU\__init__.py,6,1,0,0,0
faker,C:\Users\Zhifei Chen\Desktop\pysmell\subjects_for_metrics\faker\faker\providers\internet\en_US\__init__.py,6,1,0,0,0
faker,C:\Users\Zhifei Chen\Desktop\pysmell\subjects_for_metrics\faker\faker\providers\internet\fi_FI\__init__.py,6,1,0,0,0
faker,C:\Users\Zhifei Chen\Desktop\pysmell\subjects_for_metrics\faker\faker\providers\internet\fr_FR\__init__.py,6,1,0,0,0
faker,C:\Users\Zhifei Chen\Desktop\pysmell\subjects_for_metrics\faker\faker\providers\internet\hr_HR\__init__.py,6,1,0,0,0
faker,C:\Users\Zhifei Chen\Desktop\pysmell\subjects_for_metrics\faker\faker\providers\internet\ko_KR\__init__.py,5,1,0,0,0
faker,C:\Users\Zhifei Chen\Desktop\pysmell\subjects_for_metrics\faker\faker\providers\internet\no_NO\__init__.py,8,1,0,0,0
faker,C:\Users\Zhifei Chen\Desktop\pysmell\subjects_for_metrics\faker\faker\providers\internet\pt_BR\__init__.py,6,1,0,0,0
faker,C:\Users\Zhifei Chen\Desktop\pysmell\subjects_for_metrics\faker\faker\providers\internet\pt_PT\__init__.py,6,1,0,0,0
faker,C:\Users\Zhifei Chen\Desktop\pysmell\subjects_for_metrics\faker\faker\providers\internet\sk_SK\__init__.py,6,1,0,0,0
faker,C:\Users\Zhifei Chen\Desktop\pysmell\subjects_for_metrics\faker\faker\providers\internet\sl_SI\__init__.py,6,1,0,0,0
faker,C:\Users\Zhifei Chen\Desktop\pysmell\subjects_for_metrics\faker\faker\providers\internet\sv_SE\__init__.py,7,1,0,0,0
faker,C:\Users\Zhifei Chen\Desktop\pysmell\subjects_for_metrics\faker\faker\providers\job\__init__.py,7,1,0,0,0
faker,C:\Users\Zhifei Chen\Desktop\pysmell\subjects_for_metrics\faker\faker\providers\job\en_US\__init__.py,4,1,0,0,0
faker,C:\Users\Zhifei Chen\Desktop\pysmell\subjects_for_metrics\faker\faker\providers\job\pl_PL\__init__.py,6,1,0,0,0
faker,C:\Users\Zhifei Chen\Desktop\pysmell\subjects_for_metrics\faker\faker\providers\job\ru_RU\__init__.py,7,1,0,0,0
faker,C:\Users\Zhifei Chen\Desktop\pysmell\subjects_for_metrics\faker\faker\providers\job\uk_UA\__init__.py,9,1,0,0,0
faker,C:\Users\Zhifei Chen\Desktop\pysmell\subjects_for_metrics\faker\faker\providers\lorem\__init__.py,7,1,0,0,0
faker,C:\Users\Zhifei Chen\Desktop\pysmell\subjects_for_metrics\faker\faker\providers\lorem\el_GR\__init__.py,6,1,0,0,0
faker,C:\Users\Zhifei Chen\Desktop\pysmell\subjects_for_metrics\faker\faker\providers\lorem\la\__init__.py,7,1,0,0,0
faker,C:\Users\Zhifei Chen\Desktop\pysmell\subjects_for_metrics\faker\faker\providers\lorem\ru_RU\__init__.py,6,1,0,0,0
faker,C:\Users\Zhifei Chen\Desktop\pysmell\subjects_for_metrics\faker\faker\providers\misc\__init__.py,14,1,0,0,0
faker,C:\Users\Zhifei Chen\Desktop\pysmell\subjects_for_metrics\faker\faker\providers\misc\en_US\__init__.py,4,1,0,0,0
faker,C:\Users\Zhifei Chen\Desktop\pysmell\subjects_for_metrics\faker\faker\providers\person\__init__.py,6,1,0,0,0
faker,C:\Users\Zhifei Chen\Desktop\pysmell\subjects_for_metrics\faker\faker\providers\person\bg_BG\__init__.py,6,1,0,0,0
faker,C:\Users\Zhifei Chen\Desktop\pysmell\subjects_for_metrics\faker\faker\providers\person\cs_CZ\__init__.py,6,1,0,0,0
faker,C:\Users\Zhifei Chen\Desktop\pysmell\subjects_for_metrics\faker\faker\providers\person\de_AT\__init__.py,6,1,0,0,0
faker,C:\Users\Zhifei Chen\Desktop\pysmell\subjects_for_metrics\faker\faker\providers\person\de_DE\__init__.py,7,1,0,0,0
faker,C:\Users\Zhifei Chen\Desktop\pysmell\subjects_for_metrics\faker\faker\providers\person\dk_DK\__init__.py,5,1,0,0,0
faker,C:\Users\Zhifei Chen\Desktop\pysmell\subjects_for_metrics\faker\faker\providers\person\el_GR\__init__.py,6,1,0,0,0
faker,C:\Users\Zhifei Chen\Desktop\pysmell\subjects_for_metrics\faker\faker\providers\person\en\__init__.py,5,1,0,0,0
faker,C:\Users\Zhifei Chen\Desktop\pysmell\subjects_for_metrics\faker\faker\providers\person\en_US\__init__.py,4,1,0,0,0
faker,C:\Users\Zhifei Chen\Desktop\pysmell\subjects_for_metrics\faker\faker\providers\person\es_ES\__init__.py,6,1,0,0,0
faker,C:\Users\Zhifei Chen\Desktop\pysmell\subjects_for_metrics\faker\faker\providers\person\es_MX\__init__.py,6,1,0,0,0
faker,C:\Users\Zhifei Chen\Desktop\pysmell\subjects_for_metrics\faker\faker\providers\person\fa_IR\__init__.py,7,1,0,0,0
faker,C:\Users\Zhifei Chen\Desktop\pysmell\subjects_for_metrics\faker\faker\providers\person\fi_FI\__init__.py,6,1,0,0,0
faker,C:\Users\Zhifei Chen\Desktop\pysmell\subjects_for_metrics\faker\faker\providers\person\fr_FR\__init__.py,6,1,0,0,0
faker,C:\Users\Zhifei Chen\Desktop\pysmell\subjects_for_metrics\faker\faker\providers\person\hi_IN\__init__.py,6,1,0,0,0
faker,C:\Users\Zhifei Chen\Desktop\pysmell\subjects_for_metrics\faker\faker\providers\person\hr_HR\__init__.py,6,1,0,0,0
faker,C:\Users\Zhifei Chen\Desktop\pysmell\subjects_for_metrics\faker\faker\providers\person\it_IT\__init__.py,6,1,0,0,0
faker,C:\Users\Zhifei Chen\Desktop\pysmell\subjects_for_metrics\faker\faker\providers\person\ja_JP\__init__.py,6,1,0,0,0
faker,C:\Users\Zhifei Chen\Desktop\pysmell\subjects_for_metrics\faker\faker\providers\person\ko_KR\__init__.py,6,1,0,0,0
faker,C:\Users\Zhifei Chen\Desktop\pysmell\subjects_for_metrics\faker\faker\providers\person\lt_LT\__init__.py,6,1,0,0,0
faker,C:\Users\Zhifei Chen\Desktop\pysmell\subjects_for_metrics\faker\faker\providers\person\lv_LV\__init__.py,6,1,0,0,0
faker,C:\Users\Zhifei Chen\Desktop\pysmell\subjects_for_metrics\faker\faker\providers\person\ne_NP\__init__.py,6,1,0,0,0
faker,C:\Users\Zhifei Chen\Desktop\pysmell\subjects_for_metrics\faker\faker\providers\person\nl_NL\__init__.py,7,1,0,0,0
faker,C:\Users\Zhifei Chen\Desktop\pysmell\subjects_for_metrics\faker\faker\providers\person\no_NO\__init__.py,5,1,0,0,0
faker,C:\Users\Zhifei Chen\Desktop\pysmell\subjects_for_metrics\faker\faker\providers\person\pl_PL\__init__.py,6,1,0,0,0
faker,C:\Users\Zhifei Chen\Desktop\pysmell\subjects_for_metrics\faker\faker\providers\person\pt_BR\__init__.py,6,1,0,0,0
faker,C:\Users\Zhifei Chen\Desktop\pysmell\subjects_for_metrics\faker\faker\providers\person\pt_PT\__init__.py,6,1,0,0,0
faker,C:\Users\Zhifei Chen\Desktop\pysmell\subjects_for_metrics\faker\faker\providers\person\ru_RU\__init__.py,6,1,0,0,0
faker,C:\Users\Zhifei Chen\Desktop\pysmell\subjects_for_metrics\faker\faker\providers\person\sl_SI\__init__.py,6,1,0,0,0
faker,C:\Users\Zhifei Chen\Desktop\pysmell\subjects_for_metrics\faker\faker\providers\person\sv_SE\__init__.py,7,1,0,0,0
faker,C:\Users\Zhifei Chen\Desktop\pysmell\subjects_for_metrics\faker\faker\providers\person\tr_TR\__init__.py,6,1,0,0,0
faker,C:\Users\Zhifei Chen\Desktop\pysmell\subjects_for_metrics\faker\faker\providers\person\uk_UA\__init__.py,6,1,0,0,0
faker,C:\Users\Zhifei Chen\Desktop\pysmell\subjects_for_metrics\faker\faker\providers\person\zh_CN\__init__.py,6,1,0,0,0
faker,C:\Users\Zhifei Chen\Desktop\pysmell\subjects_for_metrics\faker\faker\providers\person\zh_TW\__init__.py,6,1,0,0,0
faker,C:\Users\Zhifei Chen\Desktop\pysmell\subjects_for_metrics\faker\faker\providers\phone_number\__init__.py,6,1,0,0,0
faker,C:\Users\Zhifei Chen\Desktop\pysmell\subjects_for_metrics\faker\faker\providers\phone_number\bg_BG\__init__.py,6,1,0,0,0
faker,C:\Users\Zhifei Chen\Desktop\pysmell\subjects_for_metrics\faker\faker\providers\phone_number\cs_CZ\__init__.py,5,1,0,0,0
faker,C:\Users\Zhifei Chen\Desktop\pysmell\subjects_for_metrics\faker\faker\providers\phone_number\de_DE\__init__.py,7,1,0,0,0
faker,C:\Users\Zhifei Chen\Desktop\pysmell\subjects_for_metrics\faker\faker\providers\phone_number\dk_DK\__init__.py,6,1,0,0,0
faker,C:\Users\Zhifei Chen\Desktop\pysmell\subjects_for_metrics\faker\faker\providers\phone_number\el_GR\__init__.py,5,1,0,0,0
faker,C:\Users\Zhifei Chen\Desktop\pysmell\subjects_for_metrics\faker\faker\providers\phone_number\en_AU\__init__.py,5,1,0,0,0
faker,C:\Users\Zhifei Chen\Desktop\pysmell\subjects_for_metrics\faker\faker\providers\phone_number\en_CA\__init__.py,5,1,0,0,0
faker,C:\Users\Zhifei Chen\Desktop\pysmell\subjects_for_metrics\faker\faker\providers\phone_number\en_GB\__init__.py,5,1,0,0,0
faker,C:\Users\Zhifei Chen\Desktop\pysmell\subjects_for_metrics\faker\faker\providers\phone_number\en_US\__init__.py,5,1,0,0,0
faker,C:\Users\Zhifei Chen\Desktop\pysmell\subjects_for_metrics\faker\faker\providers\phone_number\es_ES\__init__.py,5,1,0,0,0
faker,C:\Users\Zhifei Chen\Desktop\pysmell\subjects_for_metrics\faker\faker\providers\phone_number\es_MX\__init__.py,5,1,0,0,0
faker,C:\Users\Zhifei Chen\Desktop\pysmell\subjects_for_metrics\faker\faker\providers\phone_number\fa_IR\__init__.py,5,1,0,0,0
faker,C:\Users\Zhifei Chen\Desktop\pysmell\subjects_for_metrics\faker\faker\providers\phone_number\fi_FI\__init__.py,5,1,0,0,0
faker,C:\Users\Zhifei Chen\Desktop\pysmell\subjects_for_metrics\faker\faker\providers\phone_number\fr_FR\__init__.py,5,1,0,0,0
faker,C:\Users\Zhifei Chen\Desktop\pysmell\subjects_for_metrics\faker\faker\providers\phone_number\hi_IN\__init__.py,5,1,0,0,0
faker,C:\Users\Zhifei Chen\Desktop\pysmell\subjects_for_metrics\faker\faker\providers\phone_number\hr_HR\__init__.py,5,1,0,0,0
faker,C:\Users\Zhifei Chen\Desktop\pysmell\subjects_for_metrics\faker\faker\providers\phone_number\it_IT\__init__.py,5,1,0,0,0
faker,C:\Users\Zhifei Chen\Desktop\pysmell\subjects_for_metrics\faker\faker\providers\phone_number\ja_JP\__init__.py,6,1,0,0,0
faker,C:\Users\Zhifei Chen\Desktop\pysmell\subjects_for_metrics\faker\faker\providers\phone_number\ko_KR\__init__.py,6,1,0,0,0
faker,C:\Users\Zhifei Chen\Desktop\pysmell\subjects_for_metrics\faker\faker\providers\phone_number\lt_LT\__init__.py,5,1,0,0,0
faker,C:\Users\Zhifei Chen\Desktop\pysmell\subjects_for_metrics\faker\faker\providers\phone_number\lv_LV\__init__.py,5,1,0,0,0
faker,C:\Users\Zhifei Chen\Desktop\pysmell\subjects_for_metrics\faker\faker\providers\phone_number\ne_NP\__init__.py,5,1,0,0,0
faker,C:\Users\Zhifei Chen\Desktop\pysmell\subjects_for_metrics\faker\faker\providers\phone_number\nl_NL\__init__.py,7,1,0,0,0
faker,C:\Users\Zhifei Chen\Desktop\pysmell\subjects_for_metrics\faker\faker\providers\phone_number\no_NO\__init__.py,5,1,0,0,0
faker,C:\Users\Zhifei Chen\Desktop\pysmell\subjects_for_metrics\faker\faker\providers\phone_number\pl_PL\__init__.py,5,1,0,0,0
faker,C:\Users\Zhifei Chen\Desktop\pysmell\subjects_for_metrics\faker\faker\providers\phone_number\pt_BR\__init__.py,5,1,0,0,0
faker,C:\Users\Zhifei Chen\Desktop\pysmell\subjects_for_metrics\faker\faker\providers\phone_number\pt_PT\__init__.py,5,1,0,0,0
faker,C:\Users\Zhifei Chen\Desktop\pysmell\subjects_for_metrics\faker\faker\providers\phone_number\ru_RU\__init__.py,5,1,0,0,0
faker,C:\Users\Zhifei Chen\Desktop\pysmell\subjects_for_metrics\faker\faker\providers\phone_number\sk_SK\__init__.py,5,1,0,0,0
faker,C:\Users\Zhifei Chen\Desktop\pysmell\subjects_for_metrics\faker\faker\providers\phone_number\sl_SI\__init__.py,5,1,0,0,0
faker,C:\Users\Zhifei Chen\Desktop\pysmell\subjects_for_metrics\faker\faker\providers\phone_number\sv_SE\__init__.py,7,1,0,0,0
faker,C:\Users\Zhifei Chen\Desktop\pysmell\subjects_for_metrics\faker\faker\providers\phone_number\tr_TR\__init__.py,5,1,0,0,0
faker,C:\Users\Zhifei Chen\Desktop\pysmell\subjects_for_metrics\faker\faker\providers\phone_number\uk_UA\__init__.py,6,1,0,0,0
faker,C:\Users\Zhifei Chen\Desktop\pysmell\subjects_for_metrics\faker\faker\providers\phone_number\zh_CN\__init__.py,6,1,0,0,0
faker,C:\Users\Zhifei Chen\Desktop\pysmell\subjects_for_metrics\faker\faker\providers\phone_number\zh_TW\__init__.py,6,1,0,0,0
faker,C:\Users\Zhifei Chen\Desktop\pysmell\subjects_for_metrics\faker\faker\providers\profile\__init__.py,7,1,0,0,0
faker,C:\Users\Zhifei Chen\Desktop\pysmell\subjects_for_metrics\faker\faker\providers\profile\en_US\__init__.py,4,1,0,0,0
faker,C:\Users\Zhifei Chen\Desktop\pysmell\subjects_for_metrics\faker\faker\providers\python\__init__.py,21,1,0,0,0
faker,C:\Users\Zhifei Chen\Desktop\pysmell\subjects_for_metrics\faker\faker\providers\python\en_US\__init__.py,4,1,0,0,0
faker,C:\Users\Zhifei Chen\Desktop\pysmell\subjects_for_metrics\faker\faker\providers\ssn\__init__.py,8,1,0,0,0
faker,C:\Users\Zhifei Chen\Desktop\pysmell\subjects_for_metrics\faker\faker\providers\ssn\en_CA\__init__.py,7,1,0,0,0
faker,C:\Users\Zhifei Chen\Desktop\pysmell\subjects_for_metrics\faker\faker\providers\ssn\en_US\__init__.py,6,1,0,0,0
faker,C:\Users\Zhifei Chen\Desktop\pysmell\subjects_for_metrics\faker\faker\providers\ssn\fi_FI\__init__.py,9,1,0,0,0
faker,C:\Users\Zhifei Chen\Desktop\pysmell\subjects_for_metrics\faker\faker\providers\ssn\it_IT\__init__.py,28,1,0,0,0
faker,C:\Users\Zhifei Chen\Desktop\pysmell\subjects_for_metrics\faker\faker\providers\ssn\ko_KR\__init__.py,6,1,0,0,0
faker,C:\Users\Zhifei Chen\Desktop\pysmell\subjects_for_metrics\faker\faker\providers\ssn\nl_NL\__init__.py,8,1,0,0,0
faker,C:\Users\Zhifei Chen\Desktop\pysmell\subjects_for_metrics\faker\faker\providers\ssn\pt_BR\__init__.py,22,1,0,0,0
faker,C:\Users\Zhifei Chen\Desktop\pysmell\subjects_for_metrics\faker\faker\providers\ssn\sv_SE\__init__.py,9,1,0,0,0
faker,C:\Users\Zhifei Chen\Desktop\pysmell\subjects_for_metrics\faker\faker\providers\ssn\uk_UA\__init__.py,12,1,0,0,0
faker,C:\Users\Zhifei Chen\Desktop\pysmell\subjects_for_metrics\faker\faker\providers\ssn\zh_TW\__init__.py,6,1,0,0,0
faker,C:\Users\Zhifei Chen\Desktop\pysmell\subjects_for_metrics\faker\faker\providers\user_agent\__init__.py,13,1,0,0,0
faker,C:\Users\Zhifei Chen\Desktop\pysmell\subjects_for_metrics\faker\faker\providers\user_agent\en_US\__init__.py,4,1,0,0,0
faker,C:\Users\Zhifei Chen\Desktop\pysmell\subjects_for_metrics\faker\faker\shims\counter.py,8,1,0,0,0
faker,C:\Users\Zhifei Chen\Desktop\pysmell\subjects_for_metrics\faker\faker\tests\__init__.py,37,1,0,0,0
faker,C:\Users\Zhifei Chen\Desktop\pysmell\subjects_for_metrics\faker\faker\tests\__init__.py,42,1,0,0,0
faker,C:\Users\Zhifei Chen\Desktop\pysmell\subjects_for_metrics\faker\faker\tests\__init__.py,50,1,0,0,0
faker,C:\Users\Zhifei Chen\Desktop\pysmell\subjects_for_metrics\faker\faker\tests\__init__.py,79,1,0,0,0
faker,C:\Users\Zhifei Chen\Desktop\pysmell\subjects_for_metrics\faker\faker\tests\__init__.py,158,1,0,0,0
faker,C:\Users\Zhifei Chen\Desktop\pysmell\subjects_for_metrics\faker\faker\tests\__init__.py,387,1,0,0,0
faker,C:\Users\Zhifei Chen\Desktop\pysmell\subjects_for_metrics\faker\faker\tests\en_GB\__init__.py,12,1,0,0,0
faker,C:\Users\Zhifei Chen\Desktop\pysmell\subjects_for_metrics\faker\faker\tests\ja_JP\__init__.py,12,1,0,0,0
faker,C:\Users\Zhifei Chen\Desktop\pysmell\subjects_for_metrics\faker\faker\tests\mymodule\en_US\__init__.py,5,1,0,0,0
faker,C:\Users\Zhifei Chen\Desktop\pysmell\subjects_for_metrics\faker\faker\tests\pt_BR\__init__.py,12,1,0,0,0
faker,C:\Users\Zhifei Chen\Desktop\pysmell\subjects_for_metrics\faker\faker\utils\datetime_safe.py,21,1,0,0,0
faker,C:\Users\Zhifei Chen\Desktop\pysmell\subjects_for_metrics\faker\faker\utils\datetime_safe.py,26,1,0,0,0
