subject,file,lineno,MLOC,experience-based,statistics-based,tuning machine
keras,C:\Users\Zhifei Chen\Desktop\pysmell\subjects_for_metrics\keras\examples\addition_rnn.py,49,4,0,0,0
keras,C:\Users\Zhifei Chen\Desktop\pysmell\subjects_for_metrics\keras\examples\addition_rnn.py,55,5,0,0,0
keras,C:\Users\Zhifei Chen\Desktop\pysmell\subjects_for_metrics\keras\examples\addition_rnn.py,62,3,0,0,0
keras,C:\Users\Zhifei Chen\Desktop\pysmell\subjects_for_metrics\keras\examples\babi_rnn.py,77,1,0,0,0
keras,C:\Users\Zhifei Chen\Desktop\pysmell\subjects_for_metrics\keras\examples\babi_rnn.py,86,21,0,0,0
keras,C:\Users\Zhifei Chen\Desktop\pysmell\subjects_for_metrics\keras\examples\babi_rnn.py,118,4,0,0,0
keras,C:\Users\Zhifei Chen\Desktop\pysmell\subjects_for_metrics\keras\examples\babi_rnn.py,129,12,0,0,0
keras,C:\Users\Zhifei Chen\Desktop\pysmell\subjects_for_metrics\keras\examples\kaggle_otto_nn.py,40,8,0,0,0
keras,C:\Users\Zhifei Chen\Desktop\pysmell\subjects_for_metrics\keras\examples\kaggle_otto_nn.py,52,5,0,0,0
keras,C:\Users\Zhifei Chen\Desktop\pysmell\subjects_for_metrics\keras\examples\kaggle_otto_nn.py,60,7,0,0,0
keras,C:\Users\Zhifei Chen\Desktop\pysmell\subjects_for_metrics\keras\examples\kaggle_otto_nn.py,70,9,0,0,0
keras,C:\Users\Zhifei Chen\Desktop\pysmell\subjects_for_metrics\keras\examples\lstm_text_generation.py,64,3,0,0,0
keras,C:\Users\Zhifei Chen\Desktop\pysmell\subjects_for_metrics\keras\examples\skipgram_word_embeddings.py,70,6,0,0,0
keras,C:\Users\Zhifei Chen\Desktop\pysmell\subjects_for_metrics\keras\examples\skipgram_word_embeddings.py,79,9,0,0,0
keras,C:\Users\Zhifei Chen\Desktop\pysmell\subjects_for_metrics\keras\examples\skipgram_word_embeddings.py,163,4,0,0,0
keras,C:\Users\Zhifei Chen\Desktop\pysmell\subjects_for_metrics\keras\examples\skipgram_word_embeddings.py,170,4,0,0,0
keras,C:\Users\Zhifei Chen\Desktop\pysmell\subjects_for_metrics\keras\examples\skipgram_word_embeddings.py,177,4,0,0,0
keras,C:\Users\Zhifei Chen\Desktop\pysmell\subjects_for_metrics\keras\keras\activations.py,5,1,0,0,0
keras,C:\Users\Zhifei Chen\Desktop\pysmell\subjects_for_metrics\keras\keras\activations.py,9,3,0,0,0
keras,C:\Users\Zhifei Chen\Desktop\pysmell\subjects_for_metrics\keras\keras\activations.py,15,1,0,0,0
keras,C:\Users\Zhifei Chen\Desktop\pysmell\subjects_for_metrics\keras\keras\activations.py,19,1,0,0,0
keras,C:\Users\Zhifei Chen\Desktop\pysmell\subjects_for_metrics\keras\keras\activations.py,23,1,0,0,0
keras,C:\Users\Zhifei Chen\Desktop\pysmell\subjects_for_metrics\keras\keras\activations.py,27,1,0,0,0
keras,C:\Users\Zhifei Chen\Desktop\pysmell\subjects_for_metrics\keras\keras\activations.py,31,1,0,0,0
keras,C:\Users\Zhifei Chen\Desktop\pysmell\subjects_for_metrics\keras\keras\activations.py,35,1,0,0,0
keras,C:\Users\Zhifei Chen\Desktop\pysmell\subjects_for_metrics\keras\keras\activations.py,43,1,0,0,0
keras,C:\Users\Zhifei Chen\Desktop\pysmell\subjects_for_metrics\keras\keras\callbacks.py,12,2,0,0,0
keras,C:\Users\Zhifei Chen\Desktop\pysmell\subjects_for_metrics\keras\keras\callbacks.py,16,0,0,0,0
keras,C:\Users\Zhifei Chen\Desktop\pysmell\subjects_for_metrics\keras\keras\callbacks.py,19,2,0,0,0
keras,C:\Users\Zhifei Chen\Desktop\pysmell\subjects_for_metrics\keras\keras\callbacks.py,23,2,0,0,0
keras,C:\Users\Zhifei Chen\Desktop\pysmell\subjects_for_metrics\keras\keras\callbacks.py,27,5,0,0,0
keras,C:\Users\Zhifei Chen\Desktop\pysmell\subjects_for_metrics\keras\keras\callbacks.py,34,2,0,0,0
keras,C:\Users\Zhifei Chen\Desktop\pysmell\subjects_for_metrics\keras\keras\callbacks.py,38,9,0,0,0
keras,C:\Users\Zhifei Chen\Desktop\pysmell\subjects_for_metrics\keras\keras\callbacks.py,49,9,0,0,0
keras,C:\Users\Zhifei Chen\Desktop\pysmell\subjects_for_metrics\keras\keras\callbacks.py,60,2,0,0,0
keras,C:\Users\Zhifei Chen\Desktop\pysmell\subjects_for_metrics\keras\keras\callbacks.py,64,2,0,0,0
keras,C:\Users\Zhifei Chen\Desktop\pysmell\subjects_for_metrics\keras\keras\callbacks.py,71,1,0,0,0
keras,C:\Users\Zhifei Chen\Desktop\pysmell\subjects_for_metrics\keras\keras\callbacks.py,74,1,0,0,0
keras,C:\Users\Zhifei Chen\Desktop\pysmell\subjects_for_metrics\keras\keras\callbacks.py,77,1,0,0,0
keras,C:\Users\Zhifei Chen\Desktop\pysmell\subjects_for_metrics\keras\keras\callbacks.py,80,1,0,0,0
keras,C:\Users\Zhifei Chen\Desktop\pysmell\subjects_for_metrics\keras\keras\callbacks.py,83,1,0,0,0
keras,C:\Users\Zhifei Chen\Desktop\pysmell\subjects_for_metrics\keras\keras\callbacks.py,86,1,0,0,0
keras,C:\Users\Zhifei Chen\Desktop\pysmell\subjects_for_metrics\keras\keras\callbacks.py,89,1,0,0,0
keras,C:\Users\Zhifei Chen\Desktop\pysmell\subjects_for_metrics\keras\keras\callbacks.py,92,1,0,0,0
keras,C:\Users\Zhifei Chen\Desktop\pysmell\subjects_for_metrics\keras\keras\callbacks.py,95,1,0,0,0
keras,C:\Users\Zhifei Chen\Desktop\pysmell\subjects_for_metrics\keras\keras\callbacks.py,100,2,0,0,0
keras,C:\Users\Zhifei Chen\Desktop\pysmell\subjects_for_metrics\keras\keras\callbacks.py,104,5,0,0,0
keras,C:\Users\Zhifei Chen\Desktop\pysmell\subjects_for_metrics\keras\keras\callbacks.py,112,2,0,0,0
keras,C:\Users\Zhifei Chen\Desktop\pysmell\subjects_for_metrics\keras\keras\callbacks.py,116,11,0,0,0
keras,C:\Users\Zhifei Chen\Desktop\pysmell\subjects_for_metrics\keras\keras\callbacks.py,133,7,0,0,0
keras,C:\Users\Zhifei Chen\Desktop\pysmell\subjects_for_metrics\keras\keras\callbacks.py,145,2,0,0,0
keras,C:\Users\Zhifei Chen\Desktop\pysmell\subjects_for_metrics\keras\keras\callbacks.py,149,2,0,0,0
keras,C:\Users\Zhifei Chen\Desktop\pysmell\subjects_for_metrics\keras\keras\callbacks.py,153,6,0,0,0
keras,C:\Users\Zhifei Chen\Desktop\pysmell\subjects_for_metrics\keras\keras\callbacks.py,162,8,0,0,0
keras,C:\Users\Zhifei Chen\Desktop\pysmell\subjects_for_metrics\keras\keras\callbacks.py,176,5,0,0,0
keras,C:\Users\Zhifei Chen\Desktop\pysmell\subjects_for_metrics\keras\keras\callbacks.py,185,16,0,0,0
keras,C:\Users\Zhifei Chen\Desktop\pysmell\subjects_for_metrics\keras\keras\callbacks.py,208,5,0,0,0
keras,C:\Users\Zhifei Chen\Desktop\pysmell\subjects_for_metrics\keras\keras\callbacks.py,217,11,0,0,0
keras,C:\Users\Zhifei Chen\Desktop\pysmell\subjects_for_metrics\keras\keras\callbacks.py,234,1,0,0,0
keras,C:\Users\Zhifei Chen\Desktop\pysmell\subjects_for_metrics\keras\keras\callbacks.py,237,2,0,0,0
keras,C:\Users\Zhifei Chen\Desktop\pysmell\subjects_for_metrics\keras\keras\callbacks.py,241,6,0,0,0
keras,C:\Users\Zhifei Chen\Desktop\pysmell\subjects_for_metrics\keras\keras\callbacks.py,250,11,0,0,0
keras,C:\Users\Zhifei Chen\Desktop\pysmell\subjects_for_metrics\keras\keras\callbacks.py,271,1,0,0,0
keras,C:\Users\Zhifei Chen\Desktop\pysmell\subjects_for_metrics\keras\keras\callbacks.py,275,0,0,0,0
keras,C:\Users\Zhifei Chen\Desktop\pysmell\subjects_for_metrics\keras\keras\constraints.py,8,1,0,0,0
keras,C:\Users\Zhifei Chen\Desktop\pysmell\subjects_for_metrics\keras\keras\constraints.py,11,1,0,0,0
keras,C:\Users\Zhifei Chen\Desktop\pysmell\subjects_for_metrics\keras\keras\constraints.py,16,1,0,0,0
keras,C:\Users\Zhifei Chen\Desktop\pysmell\subjects_for_metrics\keras\keras\constraints.py,19,4,0,0,0
keras,C:\Users\Zhifei Chen\Desktop\pysmell\subjects_for_metrics\keras\keras\constraints.py,25,2,0,0,0
keras,C:\Users\Zhifei Chen\Desktop\pysmell\subjects_for_metrics\keras\keras\constraints.py,31,3,0,0,0
keras,C:\Users\Zhifei Chen\Desktop\pysmell\subjects_for_metrics\keras\keras\constraints.py,38,1,0,0,0
keras,C:\Users\Zhifei Chen\Desktop\pysmell\subjects_for_metrics\keras\keras\constraints.py,47,1,0,0,0
keras,C:\Users\Zhifei Chen\Desktop\pysmell\subjects_for_metrics\keras\keras\initializations.py,9,3,0,0,0
keras,C:\Users\Zhifei Chen\Desktop\pysmell\subjects_for_metrics\keras\keras\initializations.py,15,1,0,0,0
keras,C:\Users\Zhifei Chen\Desktop\pysmell\subjects_for_metrics\keras\keras\initializations.py,19,1,0,0,0
keras,C:\Users\Zhifei Chen\Desktop\pysmell\subjects_for_metrics\keras\keras\initializations.py,23,3,0,0,0
keras,C:\Users\Zhifei Chen\Desktop\pysmell\subjects_for_metrics\keras\keras\initializations.py,32,3,0,0,0
keras,C:\Users\Zhifei Chen\Desktop\pysmell\subjects_for_metrics\keras\keras\initializations.py,40,3,0,0,0
keras,C:\Users\Zhifei Chen\Desktop\pysmell\subjects_for_metrics\keras\keras\initializations.py,46,3,0,0,0
keras,C:\Users\Zhifei Chen\Desktop\pysmell\subjects_for_metrics\keras\keras\initializations.py,54,3,0,0,0
keras,C:\Users\Zhifei Chen\Desktop\pysmell\subjects_for_metrics\keras\keras\initializations.py,60,6,0,0,0
keras,C:\Users\Zhifei Chen\Desktop\pysmell\subjects_for_metrics\keras\keras\initializations.py,72,3,0,0,0
keras,C:\Users\Zhifei Chen\Desktop\pysmell\subjects_for_metrics\keras\keras\initializations.py,79,1,0,0,0
keras,C:\Users\Zhifei Chen\Desktop\pysmell\subjects_for_metrics\keras\keras\initializations.py,83,1,0,0,0
keras,C:\Users\Zhifei Chen\Desktop\pysmell\subjects_for_metrics\keras\keras\initializations.py,88,1,0,0,0
keras,C:\Users\Zhifei Chen\Desktop\pysmell\subjects_for_metrics\keras\keras\models.py,20,5,0,0,0
keras,C:\Users\Zhifei Chen\Desktop\pysmell\subjects_for_metrics\keras\keras\models.py,28,7,0,0,0
keras,C:\Users\Zhifei Chen\Desktop\pysmell\subjects_for_metrics\keras\keras\models.py,40,2,0,0,0
keras,C:\Users\Zhifei Chen\Desktop\pysmell\subjects_for_metrics\keras\keras\models.py,45,3,0,0,0
keras,C:\Users\Zhifei Chen\Desktop\pysmell\subjects_for_metrics\keras\keras\models.py,52,7,0,0,0
keras,C:\Users\Zhifei Chen\Desktop\pysmell\subjects_for_metrics\keras\keras\models.py,65,2,0,0,0
keras,C:\Users\Zhifei Chen\Desktop\pysmell\subjects_for_metrics\keras\keras\models.py,66,9,0,0,0
keras,C:\Users\Zhifei Chen\Desktop\pysmell\subjects_for_metrics\keras\keras\models.py,83,15,0,0,0
keras,C:\Users\Zhifei Chen\Desktop\pysmell\subjects_for_metrics\keras\keras\models.py,103,3,0,0,0
keras,C:\Users\Zhifei Chen\Desktop\pysmell\subjects_for_metrics\keras\keras\models.py,113,3,0,0,0
keras,C:\Users\Zhifei Chen\Desktop\pysmell\subjects_for_metrics\keras\keras\models.py,119,20,0,0,0
keras,C:\Users\Zhifei Chen\Desktop\pysmell\subjects_for_metrics\keras\keras\models.py,149,3,0,0,0
keras,C:\Users\Zhifei Chen\Desktop\pysmell\subjects_for_metrics\keras\keras\models.py,157,59,1,1,1
keras,C:\Users\Zhifei Chen\Desktop\pysmell\subjects_for_metrics\keras\keras\models.py,237,21,0,0,0
keras,C:\Users\Zhifei Chen\Desktop\pysmell\subjects_for_metrics\keras\keras\models.py,265,24,1,0,0
keras,C:\Users\Zhifei Chen\Desktop\pysmell\subjects_for_metrics\keras\keras\models.py,297,14,0,0,0
keras,C:\Users\Zhifei Chen\Desktop\pysmell\subjects_for_metrics\keras\keras\models.py,315,3,0,0,0
keras,C:\Users\Zhifei Chen\Desktop\pysmell\subjects_for_metrics\keras\keras\models.py,321,3,0,0,0
keras,C:\Users\Zhifei Chen\Desktop\pysmell\subjects_for_metrics\keras\keras\models.py,343,42,1,1,0
keras,C:\Users\Zhifei Chen\Desktop\pysmell\subjects_for_metrics\keras\keras\models.py,409,7,0,0,0
keras,C:\Users\Zhifei Chen\Desktop\pysmell\subjects_for_metrics\keras\keras\models.py,420,7,0,0,0
keras,C:\Users\Zhifei Chen\Desktop\pysmell\subjects_for_metrics\keras\keras\models.py,431,2,0,0,0
keras,C:\Users\Zhifei Chen\Desktop\pysmell\subjects_for_metrics\keras\keras\models.py,435,40,1,1,0
keras,C:\Users\Zhifei Chen\Desktop\pysmell\subjects_for_metrics\keras\keras\models.py,491,2,0,0,0
keras,C:\Users\Zhifei Chen\Desktop\pysmell\subjects_for_metrics\keras\keras\models.py,495,4,0,0,0
keras,C:\Users\Zhifei Chen\Desktop\pysmell\subjects_for_metrics\keras\keras\models.py,501,4,0,0,0
keras,C:\Users\Zhifei Chen\Desktop\pysmell\subjects_for_metrics\keras\keras\models.py,508,11,0,0,0
keras,C:\Users\Zhifei Chen\Desktop\pysmell\subjects_for_metrics\keras\keras\models.py,524,25,1,0,0
keras,C:\Users\Zhifei Chen\Desktop\pysmell\subjects_for_metrics\keras\keras\models.py,554,7,0,0,0
keras,C:\Users\Zhifei Chen\Desktop\pysmell\subjects_for_metrics\keras\keras\models.py,570,38,1,1,0
keras,C:\Users\Zhifei Chen\Desktop\pysmell\subjects_for_metrics\keras\keras\models.py,621,3,0,0,0
keras,C:\Users\Zhifei Chen\Desktop\pysmell\subjects_for_metrics\keras\keras\models.py,629,3,0,0,0
keras,C:\Users\Zhifei Chen\Desktop\pysmell\subjects_for_metrics\keras\keras\models.py,636,2,0,0,0
keras,C:\Users\Zhifei Chen\Desktop\pysmell\subjects_for_metrics\keras\keras\models.py,641,24,1,0,0
keras,C:\Users\Zhifei Chen\Desktop\pysmell\subjects_for_metrics\keras\keras\models.py,680,4,0,0,0
keras,C:\Users\Zhifei Chen\Desktop\pysmell\subjects_for_metrics\keras\keras\models.py,688,3,0,0,0
keras,C:\Users\Zhifei Chen\Desktop\pysmell\subjects_for_metrics\keras\keras\models.py,693,23,0,0,0
keras,C:\Users\Zhifei Chen\Desktop\pysmell\subjects_for_metrics\keras\keras\models.py,721,6,0,0,0
keras,C:\Users\Zhifei Chen\Desktop\pysmell\subjects_for_metrics\keras\keras\objectives.py,13,1,0,0,0
keras,C:\Users\Zhifei Chen\Desktop\pysmell\subjects_for_metrics\keras\keras\objectives.py,17,1,0,0,0
keras,C:\Users\Zhifei Chen\Desktop\pysmell\subjects_for_metrics\keras\keras\objectives.py,21,1,0,0,0
keras,C:\Users\Zhifei Chen\Desktop\pysmell\subjects_for_metrics\keras\keras\objectives.py,25,1,0,0,0
keras,C:\Users\Zhifei Chen\Desktop\pysmell\subjects_for_metrics\keras\keras\objectives.py,29,1,0,0,0
keras,C:\Users\Zhifei Chen\Desktop\pysmell\subjects_for_metrics\keras\keras\objectives.py,33,1,0,0,0
keras,C:\Users\Zhifei Chen\Desktop\pysmell\subjects_for_metrics\keras\keras\objectives.py,37,4,0,0,0
keras,C:\Users\Zhifei Chen\Desktop\pysmell\subjects_for_metrics\keras\keras\objectives.py,47,3,0,0,0
keras,C:\Users\Zhifei Chen\Desktop\pysmell\subjects_for_metrics\keras\keras\objectives.py,53,1,0,0,0
keras,C:\Users\Zhifei Chen\Desktop\pysmell\subjects_for_metrics\keras\keras\objectives.py,63,1,0,0,0
keras,C:\Users\Zhifei Chen\Desktop\pysmell\subjects_for_metrics\keras\keras\optimizers.py,10,3,0,0,0
keras,C:\Users\Zhifei Chen\Desktop\pysmell\subjects_for_metrics\keras\keras\optimizers.py,16,1,0,0,0
keras,C:\Users\Zhifei Chen\Desktop\pysmell\subjects_for_metrics\keras\keras\optimizers.py,21,1,0,0,0
keras,C:\Users\Zhifei Chen\Desktop\pysmell\subjects_for_metrics\keras\keras\optimizers.py,25,1,0,0,0
keras,C:\Users\Zhifei Chen\Desktop\pysmell\subjects_for_metrics\keras\keras\optimizers.py,28,3,0,0,0
keras,C:\Users\Zhifei Chen\Desktop\pysmell\subjects_for_metrics\keras\keras\optimizers.py,33,1,0,0,0
keras,C:\Users\Zhifei Chen\Desktop\pysmell\subjects_for_metrics\keras\keras\optimizers.py,36,7,0,0,0
keras,C:\Users\Zhifei Chen\Desktop\pysmell\subjects_for_metrics\keras\keras\optimizers.py,49,1,0,0,0
keras,C:\Users\Zhifei Chen\Desktop\pysmell\subjects_for_metrics\keras\keras\optimizers.py,55,5,0,0,0
keras,C:\Users\Zhifei Chen\Desktop\pysmell\subjects_for_metrics\keras\keras\optimizers.py,63,12,0,0,0
keras,C:\Users\Zhifei Chen\Desktop\pysmell\subjects_for_metrics\keras\keras\optimizers.py,81,5,0,0,0
keras,C:\Users\Zhifei Chen\Desktop\pysmell\subjects_for_metrics\keras\keras\optimizers.py,90,3,0,0,0
keras,C:\Users\Zhifei Chen\Desktop\pysmell\subjects_for_metrics\keras\keras\optimizers.py,96,9,0,0,0
keras,C:\Users\Zhifei Chen\Desktop\pysmell\subjects_for_metrics\keras\keras\optimizers.py,109,4,0,0,0
keras,C:\Users\Zhifei Chen\Desktop\pysmell\subjects_for_metrics\keras\keras\optimizers.py,117,2,0,0,0
keras,C:\Users\Zhifei Chen\Desktop\pysmell\subjects_for_metrics\keras\keras\optimizers.py,122,9,0,0,0
keras,C:\Users\Zhifei Chen\Desktop\pysmell\subjects_for_metrics\keras\keras\optimizers.py,134,3,0,0,0
keras,C:\Users\Zhifei Chen\Desktop\pysmell\subjects_for_metrics\keras\keras\optimizers.py,144,2,0,0,0
keras,C:\Users\Zhifei Chen\Desktop\pysmell\subjects_for_metrics\keras\keras\optimizers.py,149,15,0,0,0
keras,C:\Users\Zhifei Chen\Desktop\pysmell\subjects_for_metrics\keras\keras\optimizers.py,172,4,0,0,0
keras,C:\Users\Zhifei Chen\Desktop\pysmell\subjects_for_metrics\keras\keras\optimizers.py,185,3,0,0,0
keras,C:\Users\Zhifei Chen\Desktop\pysmell\subjects_for_metrics\keras\keras\optimizers.py,191,14,0,0,0
keras,C:\Users\Zhifei Chen\Desktop\pysmell\subjects_for_metrics\keras\keras\optimizers.py,211,5,0,0,0
keras,C:\Users\Zhifei Chen\Desktop\pysmell\subjects_for_metrics\keras\keras\optimizers.py,226,1,0,0,0
keras,C:\Users\Zhifei Chen\Desktop\pysmell\subjects_for_metrics\keras\keras\regularizers.py,6,1,0,0,0
keras,C:\Users\Zhifei Chen\Desktop\pysmell\subjects_for_metrics\keras\keras\regularizers.py,9,1,0,0,0
keras,C:\Users\Zhifei Chen\Desktop\pysmell\subjects_for_metrics\keras\keras\regularizers.py,12,1,0,0,0
keras,C:\Users\Zhifei Chen\Desktop\pysmell\subjects_for_metrics\keras\keras\regularizers.py,15,1,0,0,0
keras,C:\Users\Zhifei Chen\Desktop\pysmell\subjects_for_metrics\keras\keras\regularizers.py,20,2,0,0,0
keras,C:\Users\Zhifei Chen\Desktop\pysmell\subjects_for_metrics\keras\keras\regularizers.py,24,1,0,0,0
keras,C:\Users\Zhifei Chen\Desktop\pysmell\subjects_for_metrics\keras\keras\regularizers.py,27,3,0,0,0
keras,C:\Users\Zhifei Chen\Desktop\pysmell\subjects_for_metrics\keras\keras\regularizers.py,32,3,0,0,0
keras,C:\Users\Zhifei Chen\Desktop\pysmell\subjects_for_metrics\keras\keras\regularizers.py,39,2,0,0,0
keras,C:\Users\Zhifei Chen\Desktop\pysmell\subjects_for_metrics\keras\keras\regularizers.py,43,1,0,0,0
keras,C:\Users\Zhifei Chen\Desktop\pysmell\subjects_for_metrics\keras\keras\regularizers.py,46,3,0,0,0
keras,C:\Users\Zhifei Chen\Desktop\pysmell\subjects_for_metrics\keras\keras\regularizers.py,51,3,0,0,0
keras,C:\Users\Zhifei Chen\Desktop\pysmell\subjects_for_metrics\keras\keras\regularizers.py,57,1,0,0,0
keras,C:\Users\Zhifei Chen\Desktop\pysmell\subjects_for_metrics\keras\keras\regularizers.py,61,1,0,0,0
keras,C:\Users\Zhifei Chen\Desktop\pysmell\subjects_for_metrics\keras\keras\regularizers.py,65,1,0,0,0
keras,C:\Users\Zhifei Chen\Desktop\pysmell\subjects_for_metrics\keras\keras\regularizers.py,69,1,0,0,0
keras,C:\Users\Zhifei Chen\Desktop\pysmell\subjects_for_metrics\keras\keras\regularizers.py,73,1,0,0,0
keras,C:\Users\Zhifei Chen\Desktop\pysmell\subjects_for_metrics\keras\keras\regularizers.py,77,1,0,0,0
keras,C:\Users\Zhifei Chen\Desktop\pysmell\subjects_for_metrics\keras\keras\regularizers.py,83,1,0,0,0
keras,C:\Users\Zhifei Chen\Desktop\pysmell\subjects_for_metrics\keras\keras\datasets\cifar.py,7,12,0,0,0
keras,C:\Users\Zhifei Chen\Desktop\pysmell\subjects_for_metrics\keras\keras\datasets\cifar10.py,8,17,0,0,0
keras,C:\Users\Zhifei Chen\Desktop\pysmell\subjects_for_metrics\keras\keras\datasets\cifar100.py,8,14,0,0,0
keras,C:\Users\Zhifei Chen\Desktop\pysmell\subjects_for_metrics\keras\keras\datasets\data_utils.py,10,1,0,0,0
keras,C:\Users\Zhifei Chen\Desktop\pysmell\subjects_for_metrics\keras\keras\datasets\data_utils.py,13,24,1,0,0
keras,C:\Users\Zhifei Chen\Desktop\pysmell\subjects_for_metrics\keras\keras\datasets\imdb.py,10,40,1,1,0
keras,C:\Users\Zhifei Chen\Desktop\pysmell\subjects_for_metrics\keras\keras\datasets\mnist.py,8,9,0,0,0
keras,C:\Users\Zhifei Chen\Desktop\pysmell\subjects_for_metrics\keras\keras\datasets\reuters.py,13,55,1,1,1
keras,C:\Users\Zhifei Chen\Desktop\pysmell\subjects_for_metrics\keras\keras\datasets\reuters.py,85,38,1,1,0
keras,C:\Users\Zhifei Chen\Desktop\pysmell\subjects_for_metrics\keras\keras\datasets\reuters.py,140,3,0,0,0
keras,C:\Users\Zhifei Chen\Desktop\pysmell\subjects_for_metrics\keras\keras\layers\advanced_activations.py,9,1,0,0,0
keras,C:\Users\Zhifei Chen\Desktop\pysmell\subjects_for_metrics\keras\keras\layers\advanced_activations.py,13,2,0,0,0
keras,C:\Users\Zhifei Chen\Desktop\pysmell\subjects_for_metrics\keras\keras\layers\advanced_activations.py,17,4,0,0,0
keras,C:\Users\Zhifei Chen\Desktop\pysmell\subjects_for_metrics\keras\keras\layers\advanced_activations.py,30,3,0,0,0
keras,C:\Users\Zhifei Chen\Desktop\pysmell\subjects_for_metrics\keras\keras\layers\advanced_activations.py,35,6,0,0,0
keras,C:\Users\Zhifei Chen\Desktop\pysmell\subjects_for_metrics\keras\keras\layers\advanced_activations.py,44,4,0,0,0
keras,C:\Users\Zhifei Chen\Desktop\pysmell\subjects_for_metrics\keras\keras\layers\advanced_activations.py,50,4,0,0,0
keras,C:\Users\Zhifei Chen\Desktop\pysmell\subjects_for_metrics\keras\keras\layers\advanced_activations.py,65,4,0,0,0
keras,C:\Users\Zhifei Chen\Desktop\pysmell\subjects_for_metrics\keras\keras\layers\advanced_activations.py,72,8,0,0,0
keras,C:\Users\Zhifei Chen\Desktop\pysmell\subjects_for_metrics\keras\keras\layers\advanced_activations.py,83,2,0,0,0
keras,C:\Users\Zhifei Chen\Desktop\pysmell\subjects_for_metrics\keras\keras\layers\advanced_activations.py,87,5,0,0,0
keras,C:\Users\Zhifei Chen\Desktop\pysmell\subjects_for_metrics\keras\keras\layers\advanced_activations.py,103,1,0,0,0
keras,C:\Users\Zhifei Chen\Desktop\pysmell\subjects_for_metrics\keras\keras\layers\advanced_activations.py,107,2,0,0,0
keras,C:\Users\Zhifei Chen\Desktop\pysmell\subjects_for_metrics\keras\keras\layers\advanced_activations.py,111,4,0,0,0
keras,C:\Users\Zhifei Chen\Desktop\pysmell\subjects_for_metrics\keras\keras\layers\advanced_activations.py,126,1,0,0,0
keras,C:\Users\Zhifei Chen\Desktop\pysmell\subjects_for_metrics\keras\keras\layers\advanced_activations.py,130,2,0,0,0
keras,C:\Users\Zhifei Chen\Desktop\pysmell\subjects_for_metrics\keras\keras\layers\advanced_activations.py,134,4,0,0,0
keras,C:\Users\Zhifei Chen\Desktop\pysmell\subjects_for_metrics\keras\keras\layers\containers.py,21,7,0,0,0
keras,C:\Users\Zhifei Chen\Desktop\pysmell\subjects_for_metrics\keras\keras\layers\containers.py,31,1,0,0,0
keras,C:\Users\Zhifei Chen\Desktop\pysmell\subjects_for_metrics\keras\keras\layers\containers.py,34,9,0,0,0
keras,C:\Users\Zhifei Chen\Desktop\pysmell\subjects_for_metrics\keras\keras\layers\containers.py,47,2,0,0,0
keras,C:\Users\Zhifei Chen\Desktop\pysmell\subjects_for_metrics\keras\keras\layers\containers.py,51,1,0,0,0
keras,C:\Users\Zhifei Chen\Desktop\pysmell\subjects_for_metrics\keras\keras\layers\containers.py,54,5,0,0,0
keras,C:\Users\Zhifei Chen\Desktop\pysmell\subjects_for_metrics\keras\keras\layers\containers.py,61,3,0,0,0
keras,C:\Users\Zhifei Chen\Desktop\pysmell\subjects_for_metrics\keras\keras\layers\containers.py,66,2,0,0,0
keras,C:\Users\Zhifei Chen\Desktop\pysmell\subjects_for_metrics\keras\keras\layers\containers.py,70,4,0,0,0
keras,C:\Users\Zhifei Chen\Desktop\pysmell\subjects_for_metrics\keras\keras\layers\containers.py,76,4,0,0,0
keras,C:\Users\Zhifei Chen\Desktop\pysmell\subjects_for_metrics\keras\keras\layers\containers.py,82,2,0,0,0
keras,C:\Users\Zhifei Chen\Desktop\pysmell\subjects_for_metrics\keras\keras\layers\containers.py,86,1,0,0,0
keras,C:\Users\Zhifei Chen\Desktop\pysmell\subjects_for_metrics\keras\keras\layers\containers.py,106,13,0,0,0
keras,C:\Users\Zhifei Chen\Desktop\pysmell\subjects_for_metrics\keras\keras\layers\containers.py,122,2,0,0,0
keras,C:\Users\Zhifei Chen\Desktop\pysmell\subjects_for_metrics\keras\keras\layers\containers.py,126,2,0,0,0
keras,C:\Users\Zhifei Chen\Desktop\pysmell\subjects_for_metrics\keras\keras\layers\containers.py,130,10,0,0,0
keras,C:\Users\Zhifei Chen\Desktop\pysmell\subjects_for_metrics\keras\keras\layers\containers.py,144,3,0,0,0
keras,C:\Users\Zhifei Chen\Desktop\pysmell\subjects_for_metrics\keras\keras\layers\containers.py,150,2,0,0,0
keras,C:\Users\Zhifei Chen\Desktop\pysmell\subjects_for_metrics\keras\keras\layers\containers.py,154,4,0,0,0
keras,C:\Users\Zhifei Chen\Desktop\pysmell\subjects_for_metrics\keras\keras\layers\containers.py,163,3,0,0,0
keras,C:\Users\Zhifei Chen\Desktop\pysmell\subjects_for_metrics\keras\keras\layers\containers.py,169,17,0,0,0
keras,C:\Users\Zhifei Chen\Desktop\pysmell\subjects_for_metrics\keras\keras\layers\containers.py,190,36,1,1,0
keras,C:\Users\Zhifei Chen\Desktop\pysmell\subjects_for_metrics\keras\keras\layers\containers.py,232,23,0,0,0
keras,C:\Users\Zhifei Chen\Desktop\pysmell\subjects_for_metrics\keras\keras\layers\containers.py,259,7,0,0,0
keras,C:\Users\Zhifei Chen\Desktop\pysmell\subjects_for_metrics\keras\keras\layers\containers.py,268,1,0,0,0
keras,C:\Users\Zhifei Chen\Desktop\pysmell\subjects_for_metrics\keras\keras\layers\convolutional.py,16,10,0,0,0
keras,C:\Users\Zhifei Chen\Desktop\pysmell\subjects_for_metrics\keras\keras\layers\convolutional.py,29,16,0,0,0
keras,C:\Users\Zhifei Chen\Desktop\pysmell\subjects_for_metrics\keras\keras\layers\convolutional.py,54,21,0,0,0
keras,C:\Users\Zhifei Chen\Desktop\pysmell\subjects_for_metrics\keras\keras\layers\convolutional.py,87,19,0,0,0
keras,C:\Users\Zhifei Chen\Desktop\pysmell\subjects_for_metrics\keras\keras\layers\convolutional.py,112,3,0,0,0
keras,C:\Users\Zhifei Chen\Desktop\pysmell\subjects_for_metrics\keras\keras\layers\convolutional.py,117,21,0,0,0
keras,C:\Users\Zhifei Chen\Desktop\pysmell\subjects_for_metrics\keras\keras\layers\convolutional.py,154,16,0,0,0
keras,C:\Users\Zhifei Chen\Desktop\pysmell\subjects_for_metrics\keras\keras\layers\convolutional.py,176,17,0,0,0
keras,C:\Users\Zhifei Chen\Desktop\pysmell\subjects_for_metrics\keras\keras\layers\convolutional.py,203,19,0,0,0
keras,C:\Users\Zhifei Chen\Desktop\pysmell\subjects_for_metrics\keras\keras\layers\convolutional.py,228,7,0,0,0
keras,C:\Users\Zhifei Chen\Desktop\pysmell\subjects_for_metrics\keras\keras\layers\convolutional.py,237,18,0,0,0
keras,C:\Users\Zhifei Chen\Desktop\pysmell\subjects_for_metrics\keras\keras\layers\convolutional.py,270,15,0,0,0
keras,C:\Users\Zhifei Chen\Desktop\pysmell\subjects_for_metrics\keras\keras\layers\convolutional.py,291,8,0,0,0
keras,C:\Users\Zhifei Chen\Desktop\pysmell\subjects_for_metrics\keras\keras\layers\convolutional.py,303,4,0,0,0
keras,C:\Users\Zhifei Chen\Desktop\pysmell\subjects_for_metrics\keras\keras\layers\convolutional.py,309,5,0,0,0
keras,C:\Users\Zhifei Chen\Desktop\pysmell\subjects_for_metrics\keras\keras\layers\convolutional.py,316,6,0,0,0
keras,C:\Users\Zhifei Chen\Desktop\pysmell\subjects_for_metrics\keras\keras\layers\convolutional.py,328,6,0,0,0
keras,C:\Users\Zhifei Chen\Desktop\pysmell\subjects_for_metrics\keras\keras\layers\convolutional.py,337,5,0,0,0
keras,C:\Users\Zhifei Chen\Desktop\pysmell\subjects_for_metrics\keras\keras\layers\convolutional.py,344,3,0,0,0
keras,C:\Users\Zhifei Chen\Desktop\pysmell\subjects_for_metrics\keras\keras\layers\convolutional.py,349,6,0,0,0
keras,C:\Users\Zhifei Chen\Desktop\pysmell\subjects_for_metrics\keras\keras\layers\convolutional.py,361,2,0,0,0
keras,C:\Users\Zhifei Chen\Desktop\pysmell\subjects_for_metrics\keras\keras\layers\convolutional.py,366,3,0,0,0
keras,C:\Users\Zhifei Chen\Desktop\pysmell\subjects_for_metrics\keras\keras\layers\convolutional.py,371,3,0,0,0
keras,C:\Users\Zhifei Chen\Desktop\pysmell\subjects_for_metrics\keras\keras\layers\convolutional.py,376,4,0,0,0
keras,C:\Users\Zhifei Chen\Desktop\pysmell\subjects_for_metrics\keras\keras\layers\convolutional.py,386,2,0,0,0
keras,C:\Users\Zhifei Chen\Desktop\pysmell\subjects_for_metrics\keras\keras\layers\convolutional.py,391,3,0,0,0
keras,C:\Users\Zhifei Chen\Desktop\pysmell\subjects_for_metrics\keras\keras\layers\convolutional.py,396,4,0,0,0
keras,C:\Users\Zhifei Chen\Desktop\pysmell\subjects_for_metrics\keras\keras\layers\convolutional.py,402,4,0,0,0
keras,C:\Users\Zhifei Chen\Desktop\pysmell\subjects_for_metrics\keras\keras\layers\convolutional.py,428,2,0,0,0
keras,C:\Users\Zhifei Chen\Desktop\pysmell\subjects_for_metrics\keras\keras\layers\convolutional.py,433,3,0,0,0
keras,C:\Users\Zhifei Chen\Desktop\pysmell\subjects_for_metrics\keras\keras\layers\convolutional.py,438,7,0,0,0
keras,C:\Users\Zhifei Chen\Desktop\pysmell\subjects_for_metrics\keras\keras\layers\convolutional.py,447,4,0,0,0
keras,C:\Users\Zhifei Chen\Desktop\pysmell\subjects_for_metrics\keras\keras\layers\convolutional.py,473,2,0,0,0
keras,C:\Users\Zhifei Chen\Desktop\pysmell\subjects_for_metrics\keras\keras\layers\convolutional.py,478,6,0,0,0
keras,C:\Users\Zhifei Chen\Desktop\pysmell\subjects_for_metrics\keras\keras\layers\convolutional.py,486,12,0,0,0
keras,C:\Users\Zhifei Chen\Desktop\pysmell\subjects_for_metrics\keras\keras\layers\convolutional.py,500,4,0,0,0
keras,C:\Users\Zhifei Chen\Desktop\pysmell\subjects_for_metrics\keras\keras\layers\core.py,21,6,0,0,0
keras,C:\Users\Zhifei Chen\Desktop\pysmell\subjects_for_metrics\keras\keras\layers\core.py,29,8,0,0,0
keras,C:\Users\Zhifei Chen\Desktop\pysmell\subjects_for_metrics\keras\keras\layers\core.py,39,1,0,0,0
keras,C:\Users\Zhifei Chen\Desktop\pysmell\subjects_for_metrics\keras\keras\layers\core.py,48,2,0,0,0
keras,C:\Users\Zhifei Chen\Desktop\pysmell\subjects_for_metrics\keras\keras\layers\core.py,52,2,0,0,0
keras,C:\Users\Zhifei Chen\Desktop\pysmell\subjects_for_metrics\keras\keras\layers\core.py,56,6,0,0,0
keras,C:\Users\Zhifei Chen\Desktop\pysmell\subjects_for_metrics\keras\keras\layers\core.py,67,10,0,0,0
keras,C:\Users\Zhifei Chen\Desktop\pysmell\subjects_for_metrics\keras\keras\layers\core.py,79,2,0,0,0
keras,C:\Users\Zhifei Chen\Desktop\pysmell\subjects_for_metrics\keras\keras\layers\core.py,84,1,0,0,0
keras,C:\Users\Zhifei Chen\Desktop\pysmell\subjects_for_metrics\keras\keras\layers\core.py,87,6,0,0,0
keras,C:\Users\Zhifei Chen\Desktop\pysmell\subjects_for_metrics\keras\keras\layers\core.py,96,1,0,0,0
keras,C:\Users\Zhifei Chen\Desktop\pysmell\subjects_for_metrics\keras\keras\layers\core.py,102,1,0,0,0
keras,C:\Users\Zhifei Chen\Desktop\pysmell\subjects_for_metrics\keras\keras\layers\core.py,118,6,0,0,0
keras,C:\Users\Zhifei Chen\Desktop\pysmell\subjects_for_metrics\keras\keras\layers\core.py,126,4,0,0,0
keras,C:\Users\Zhifei Chen\Desktop\pysmell\subjects_for_metrics\keras\keras\layers\core.py,132,4,0,0,0
keras,C:\Users\Zhifei Chen\Desktop\pysmell\subjects_for_metrics\keras\keras\layers\core.py,138,16,0,0,0
keras,C:\Users\Zhifei Chen\Desktop\pysmell\subjects_for_metrics\keras\keras\layers\core.py,163,2,0,0,0
keras,C:\Users\Zhifei Chen\Desktop\pysmell\subjects_for_metrics\keras\keras\layers\core.py,167,1,0,0,0
keras,C:\Users\Zhifei Chen\Desktop\pysmell\subjects_for_metrics\keras\keras\layers\core.py,176,1,0,0,0
keras,C:\Users\Zhifei Chen\Desktop\pysmell\subjects_for_metrics\keras\keras\layers\core.py,179,3,0,0,0
keras,C:\Users\Zhifei Chen\Desktop\pysmell\subjects_for_metrics\keras\keras\layers\core.py,185,1,0,0,0
keras,C:\Users\Zhifei Chen\Desktop\pysmell\subjects_for_metrics\keras\keras\layers\core.py,202,2,0,0,0
keras,C:\Users\Zhifei Chen\Desktop\pysmell\subjects_for_metrics\keras\keras\layers\core.py,207,2,0,0,0
keras,C:\Users\Zhifei Chen\Desktop\pysmell\subjects_for_metrics\keras\keras\layers\core.py,211,2,0,0,0
keras,C:\Users\Zhifei Chen\Desktop\pysmell\subjects_for_metrics\keras\keras\layers\core.py,215,4,0,0,0
keras,C:\Users\Zhifei Chen\Desktop\pysmell\subjects_for_metrics\keras\keras\layers\core.py,231,5,0,0,0
keras,C:\Users\Zhifei Chen\Desktop\pysmell\subjects_for_metrics\keras\keras\layers\core.py,239,2,0,0,0
keras,C:\Users\Zhifei Chen\Desktop\pysmell\subjects_for_metrics\keras\keras\layers\core.py,243,10,0,0,0
keras,C:\Users\Zhifei Chen\Desktop\pysmell\subjects_for_metrics\keras\keras\layers\core.py,256,4,0,0,0
keras,C:\Users\Zhifei Chen\Desktop\pysmell\subjects_for_metrics\keras\keras\layers\core.py,264,19,0,0,0
keras,C:\Users\Zhifei Chen\Desktop\pysmell\subjects_for_metrics\keras\keras\layers\core.py,289,9,0,0,0
keras,C:\Users\Zhifei Chen\Desktop\pysmell\subjects_for_metrics\keras\keras\layers\core.py,300,1,0,0,0
keras,C:\Users\Zhifei Chen\Desktop\pysmell\subjects_for_metrics\keras\keras\layers\core.py,303,24,1,0,0
keras,C:\Users\Zhifei Chen\Desktop\pysmell\subjects_for_metrics\keras\keras\layers\core.py,331,9,0,0,0
keras,C:\Users\Zhifei Chen\Desktop\pysmell\subjects_for_metrics\keras\keras\layers\core.py,342,2,0,0,0
keras,C:\Users\Zhifei Chen\Desktop\pysmell\subjects_for_metrics\keras\keras\layers\core.py,346,1,0,0,0
keras,C:\Users\Zhifei Chen\Desktop\pysmell\subjects_for_metrics\keras\keras\layers\core.py,349,1,0,0,0
keras,C:\Users\Zhifei Chen\Desktop\pysmell\subjects_for_metrics\keras\keras\layers\core.py,352,4,0,0,0
keras,C:\Users\Zhifei Chen\Desktop\pysmell\subjects_for_metrics\keras\keras\layers\core.py,358,4,0,0,0
keras,C:\Users\Zhifei Chen\Desktop\pysmell\subjects_for_metrics\keras\keras\layers\core.py,364,6,0,0,0
keras,C:\Users\Zhifei Chen\Desktop\pysmell\subjects_for_metrics\keras\keras\layers\core.py,377,2,0,0,0
keras,C:\Users\Zhifei Chen\Desktop\pysmell\subjects_for_metrics\keras\keras\layers\core.py,382,7,0,0,0
keras,C:\Users\Zhifei Chen\Desktop\pysmell\subjects_for_metrics\keras\keras\layers\core.py,392,4,0,0,0
keras,C:\Users\Zhifei Chen\Desktop\pysmell\subjects_for_metrics\keras\keras\layers\core.py,403,3,0,0,0
keras,C:\Users\Zhifei Chen\Desktop\pysmell\subjects_for_metrics\keras\keras\layers\core.py,409,2,0,0,0
keras,C:\Users\Zhifei Chen\Desktop\pysmell\subjects_for_metrics\keras\keras\layers\core.py,413,6,0,0,0
keras,C:\Users\Zhifei Chen\Desktop\pysmell\subjects_for_metrics\keras\keras\layers\core.py,428,1,0,0,0
keras,C:\Users\Zhifei Chen\Desktop\pysmell\subjects_for_metrics\keras\keras\layers\core.py,432,2,0,0,0
keras,C:\Users\Zhifei Chen\Desktop\pysmell\subjects_for_metrics\keras\keras\layers\core.py,436,3,0,0,0
keras,C:\Users\Zhifei Chen\Desktop\pysmell\subjects_for_metrics\keras\keras\layers\core.py,441,4,0,0,0
keras,C:\Users\Zhifei Chen\Desktop\pysmell\subjects_for_metrics\keras\keras\layers\core.py,452,1,0,0,0
keras,C:\Users\Zhifei Chen\Desktop\pysmell\subjects_for_metrics\keras\keras\layers\core.py,456,7,0,0,0
keras,C:\Users\Zhifei Chen\Desktop\pysmell\subjects_for_metrics\keras\keras\layers\core.py,465,2,0,0,0
keras,C:\Users\Zhifei Chen\Desktop\pysmell\subjects_for_metrics\keras\keras\layers\core.py,469,4,0,0,0
keras,C:\Users\Zhifei Chen\Desktop\pysmell\subjects_for_metrics\keras\keras\layers\core.py,481,0,0,0,0
keras,C:\Users\Zhifei Chen\Desktop\pysmell\subjects_for_metrics\keras\keras\layers\core.py,484,3,0,0,0
keras,C:\Users\Zhifei Chen\Desktop\pysmell\subjects_for_metrics\keras\keras\layers\core.py,489,4,0,0,0
keras,C:\Users\Zhifei Chen\Desktop\pysmell\subjects_for_metrics\keras\keras\layers\core.py,503,1,0,0,0
keras,C:\Users\Zhifei Chen\Desktop\pysmell\subjects_for_metrics\keras\keras\layers\core.py,507,3,0,0,0
keras,C:\Users\Zhifei Chen\Desktop\pysmell\subjects_for_metrics\keras\keras\layers\core.py,512,4,0,0,0
keras,C:\Users\Zhifei Chen\Desktop\pysmell\subjects_for_metrics\keras\keras\layers\core.py,518,4,0,0,0
keras,C:\Users\Zhifei Chen\Desktop\pysmell\subjects_for_metrics\keras\keras\layers\core.py,531,14,0,0,0
keras,C:\Users\Zhifei Chen\Desktop\pysmell\subjects_for_metrics\keras\keras\layers\core.py,553,18,0,0,0
keras,C:\Users\Zhifei Chen\Desktop\pysmell\subjects_for_metrics\keras\keras\layers\core.py,579,2,0,0,0
keras,C:\Users\Zhifei Chen\Desktop\pysmell\subjects_for_metrics\keras\keras\layers\core.py,583,3,0,0,0
keras,C:\Users\Zhifei Chen\Desktop\pysmell\subjects_for_metrics\keras\keras\layers\core.py,588,12,0,0,0
keras,C:\Users\Zhifei Chen\Desktop\pysmell\subjects_for_metrics\keras\keras\layers\core.py,608,5,0,0,0
keras,C:\Users\Zhifei Chen\Desktop\pysmell\subjects_for_metrics\keras\keras\layers\core.py,617,1,0,0,0
keras,C:\Users\Zhifei Chen\Desktop\pysmell\subjects_for_metrics\keras\keras\layers\core.py,620,5,0,0,0
keras,C:\Users\Zhifei Chen\Desktop\pysmell\subjects_for_metrics\keras\keras\layers\core.py,638,15,0,0,0
keras,C:\Users\Zhifei Chen\Desktop\pysmell\subjects_for_metrics\keras\keras\layers\core.py,661,18,0,0,0
keras,C:\Users\Zhifei Chen\Desktop\pysmell\subjects_for_metrics\keras\keras\layers\core.py,687,3,0,0,0
keras,C:\Users\Zhifei Chen\Desktop\pysmell\subjects_for_metrics\keras\keras\layers\core.py,692,3,0,0,0
keras,C:\Users\Zhifei Chen\Desktop\pysmell\subjects_for_metrics\keras\keras\layers\core.py,697,13,0,0,0
keras,C:\Users\Zhifei Chen\Desktop\pysmell\subjects_for_metrics\keras\keras\layers\core.py,723,18,0,0,0
keras,C:\Users\Zhifei Chen\Desktop\pysmell\subjects_for_metrics\keras\keras\layers\core.py,748,0,0,0,0
keras,C:\Users\Zhifei Chen\Desktop\pysmell\subjects_for_metrics\keras\keras\layers\core.py,751,4,0,0,0
keras,C:\Users\Zhifei Chen\Desktop\pysmell\subjects_for_metrics\keras\keras\layers\core.py,757,3,0,0,0
keras,C:\Users\Zhifei Chen\Desktop\pysmell\subjects_for_metrics\keras\keras\layers\core.py,762,1,0,0,0
keras,C:\Users\Zhifei Chen\Desktop\pysmell\subjects_for_metrics\keras\keras\layers\core.py,765,2,0,0,0
keras,C:\Users\Zhifei Chen\Desktop\pysmell\subjects_for_metrics\keras\keras\layers\core.py,769,1,0,0,0
keras,C:\Users\Zhifei Chen\Desktop\pysmell\subjects_for_metrics\keras\keras\layers\core.py,772,1,0,0,0
keras,C:\Users\Zhifei Chen\Desktop\pysmell\subjects_for_metrics\keras\keras\layers\core.py,776,4,0,0,0
keras,C:\Users\Zhifei Chen\Desktop\pysmell\subjects_for_metrics\keras\keras\layers\core.py,783,3,0,0,0
keras,C:\Users\Zhifei Chen\Desktop\pysmell\subjects_for_metrics\keras\keras\layers\core.py,789,4,0,0,0
keras,C:\Users\Zhifei Chen\Desktop\pysmell\subjects_for_metrics\keras\keras\layers\core.py,803,14,0,0,0
keras,C:\Users\Zhifei Chen\Desktop\pysmell\subjects_for_metrics\keras\keras\layers\core.py,824,18,0,0,0
keras,C:\Users\Zhifei Chen\Desktop\pysmell\subjects_for_metrics\keras\keras\layers\core.py,850,2,0,0,0
keras,C:\Users\Zhifei Chen\Desktop\pysmell\subjects_for_metrics\keras\keras\layers\core.py,854,3,0,0,0
keras,C:\Users\Zhifei Chen\Desktop\pysmell\subjects_for_metrics\keras\keras\layers\core.py,860,12,0,0,0
keras,C:\Users\Zhifei Chen\Desktop\pysmell\subjects_for_metrics\keras\keras\layers\embeddings.py,22,12,0,0,0
keras,C:\Users\Zhifei Chen\Desktop\pysmell\subjects_for_metrics\keras\keras\layers\embeddings.py,41,12,0,0,0
keras,C:\Users\Zhifei Chen\Desktop\pysmell\subjects_for_metrics\keras\keras\layers\embeddings.py,57,4,0,0,0
keras,C:\Users\Zhifei Chen\Desktop\pysmell\subjects_for_metrics\keras\keras\layers\embeddings.py,64,2,0,0,0
keras,C:\Users\Zhifei Chen\Desktop\pysmell\subjects_for_metrics\keras\keras\layers\embeddings.py,68,3,0,0,0
keras,C:\Users\Zhifei Chen\Desktop\pysmell\subjects_for_metrics\keras\keras\layers\embeddings.py,73,11,0,0,0
keras,C:\Users\Zhifei Chen\Desktop\pysmell\subjects_for_metrics\keras\keras\layers\embeddings.py,113,10,0,0,0
keras,C:\Users\Zhifei Chen\Desktop\pysmell\subjects_for_metrics\keras\keras\layers\embeddings.py,133,2,0,0,0
keras,C:\Users\Zhifei Chen\Desktop\pysmell\subjects_for_metrics\keras\keras\layers\embeddings.py,137,6,0,0,0
keras,C:\Users\Zhifei Chen\Desktop\pysmell\subjects_for_metrics\keras\keras\layers\embeddings.py,146,7,0,0,0
keras,C:\Users\Zhifei Chen\Desktop\pysmell\subjects_for_metrics\keras\keras\layers\noise.py,13,2,0,0,0
keras,C:\Users\Zhifei Chen\Desktop\pysmell\subjects_for_metrics\keras\keras\layers\noise.py,18,4,0,0,0
keras,C:\Users\Zhifei Chen\Desktop\pysmell\subjects_for_metrics\keras\keras\layers\noise.py,26,4,0,0,0
keras,C:\Users\Zhifei Chen\Desktop\pysmell\subjects_for_metrics\keras\keras\layers\noise.py,41,2,0,0,0
keras,C:\Users\Zhifei Chen\Desktop\pysmell\subjects_for_metrics\keras\keras\layers\noise.py,46,4,0,0,0
keras,C:\Users\Zhifei Chen\Desktop\pysmell\subjects_for_metrics\keras\keras\layers\noise.py,53,4,0,0,0
keras,C:\Users\Zhifei Chen\Desktop\pysmell\subjects_for_metrics\keras\keras\layers\normalization.py,19,6,0,0,0
keras,C:\Users\Zhifei Chen\Desktop\pysmell\subjects_for_metrics\keras\keras\layers\normalization.py,27,17,0,0,0
keras,C:\Users\Zhifei Chen\Desktop\pysmell\subjects_for_metrics\keras\keras\layers\normalization.py,51,1,0,0,0
keras,C:\Users\Zhifei Chen\Desktop\pysmell\subjects_for_metrics\keras\keras\layers\normalization.py,54,2,0,0,0
keras,C:\Users\Zhifei Chen\Desktop\pysmell\subjects_for_metrics\keras\keras\layers\normalization.py,59,9,0,0,0
keras,C:\Users\Zhifei Chen\Desktop\pysmell\subjects_for_metrics\keras\keras\layers\normalization.py,73,6,0,0,0
keras,C:\Users\Zhifei Chen\Desktop\pysmell\subjects_for_metrics\keras\keras\layers\normalization.py,88,7,0,0,0
keras,C:\Users\Zhifei Chen\Desktop\pysmell\subjects_for_metrics\keras\keras\layers\normalization.py,97,11,0,0,0
keras,C:\Users\Zhifei Chen\Desktop\pysmell\subjects_for_metrics\keras\keras\layers\normalization.py,110,7,0,0,0
keras,C:\Users\Zhifei Chen\Desktop\pysmell\subjects_for_metrics\keras\keras\layers\recurrent.py,16,3,0,0,0
keras,C:\Users\Zhifei Chen\Desktop\pysmell\subjects_for_metrics\keras\keras\layers\recurrent.py,22,10,0,0,0
keras,C:\Users\Zhifei Chen\Desktop\pysmell\subjects_for_metrics\keras\keras\layers\recurrent.py,39,5,0,0,0
keras,C:\Users\Zhifei Chen\Desktop\pysmell\subjects_for_metrics\keras\keras\layers\recurrent.py,56,12,0,0,0
keras,C:\Users\Zhifei Chen\Desktop\pysmell\subjects_for_metrics\keras\keras\layers\recurrent.py,73,9,0,0,0
keras,C:\Users\Zhifei Chen\Desktop\pysmell\subjects_for_metrics\keras\keras\layers\recurrent.py,86,1,0,0,0
keras,C:\Users\Zhifei Chen\Desktop\pysmell\subjects_for_metrics\keras\keras\layers\recurrent.py,94,9,0,0,0
keras,C:\Users\Zhifei Chen\Desktop\pysmell\subjects_for_metrics\keras\keras\layers\recurrent.py,116,11,0,0,0
keras,C:\Users\Zhifei Chen\Desktop\pysmell\subjects_for_metrics\keras\keras\layers\recurrent.py,140,14,0,0,0
keras,C:\Users\Zhifei Chen\Desktop\pysmell\subjects_for_metrics\keras\keras\layers\recurrent.py,161,9,0,0,0
keras,C:\Users\Zhifei Chen\Desktop\pysmell\subjects_for_metrics\keras\keras\layers\recurrent.py,173,7,0,0,0
keras,C:\Users\Zhifei Chen\Desktop\pysmell\subjects_for_metrics\keras\keras\layers\recurrent.py,182,12,0,0,0
keras,C:\Users\Zhifei Chen\Desktop\pysmell\subjects_for_metrics\keras\keras\layers\recurrent.py,212,13,0,0,0
keras,C:\Users\Zhifei Chen\Desktop\pysmell\subjects_for_metrics\keras\keras\layers\recurrent.py,250,13,0,0,0
keras,C:\Users\Zhifei Chen\Desktop\pysmell\subjects_for_metrics\keras\keras\layers\recurrent.py,270,18,0,0,0
keras,C:\Users\Zhifei Chen\Desktop\pysmell\subjects_for_metrics\keras\keras\layers\recurrent.py,296,6,0,0,0
keras,C:\Users\Zhifei Chen\Desktop\pysmell\subjects_for_metrics\keras\keras\layers\recurrent.py,307,11,0,0,0
keras,C:\Users\Zhifei Chen\Desktop\pysmell\subjects_for_metrics\keras\keras\layers\recurrent.py,326,12,0,0,0
keras,C:\Users\Zhifei Chen\Desktop\pysmell\subjects_for_metrics\keras\keras\layers\recurrent.py,366,14,0,0,0
keras,C:\Users\Zhifei Chen\Desktop\pysmell\subjects_for_metrics\keras\keras\layers\recurrent.py,387,22,0,0,0
keras,C:\Users\Zhifei Chen\Desktop\pysmell\subjects_for_metrics\keras\keras\layers\recurrent.py,418,8,0,0,0
keras,C:\Users\Zhifei Chen\Desktop\pysmell\subjects_for_metrics\keras\keras\layers\recurrent.py,432,12,0,0,0
keras,C:\Users\Zhifei Chen\Desktop\pysmell\subjects_for_metrics\keras\keras\layers\recurrent.py,456,13,0,0,0
keras,C:\Users\Zhifei Chen\Desktop\pysmell\subjects_for_metrics\keras\keras\layers\recurrent.py,492,13,0,0,0
keras,C:\Users\Zhifei Chen\Desktop\pysmell\subjects_for_metrics\keras\keras\layers\recurrent.py,512,22,0,0,0
keras,C:\Users\Zhifei Chen\Desktop\pysmell\subjects_for_metrics\keras\keras\layers\recurrent.py,545,6,0,0,0
keras,C:\Users\Zhifei Chen\Desktop\pysmell\subjects_for_metrics\keras\keras\layers\recurrent.py,556,11,0,0,0
keras,C:\Users\Zhifei Chen\Desktop\pysmell\subjects_for_metrics\keras\keras\layers\recurrent.py,574,12,0,0,0
keras,C:\Users\Zhifei Chen\Desktop\pysmell\subjects_for_metrics\keras\keras\layers\recurrent.py,609,13,0,0,0
keras,C:\Users\Zhifei Chen\Desktop\pysmell\subjects_for_metrics\keras\keras\layers\recurrent.py,629,23,0,0,0
keras,C:\Users\Zhifei Chen\Desktop\pysmell\subjects_for_metrics\keras\keras\layers\recurrent.py,663,6,0,0,0
keras,C:\Users\Zhifei Chen\Desktop\pysmell\subjects_for_metrics\keras\keras\layers\recurrent.py,674,11,0,0,0
keras,C:\Users\Zhifei Chen\Desktop\pysmell\subjects_for_metrics\keras\keras\layers\recurrent.py,692,12,0,0,0
keras,C:\Users\Zhifei Chen\Desktop\pysmell\subjects_for_metrics\keras\keras\layers\recurrent.py,727,13,0,0,0
keras,C:\Users\Zhifei Chen\Desktop\pysmell\subjects_for_metrics\keras\keras\layers\recurrent.py,747,18,0,0,0
keras,C:\Users\Zhifei Chen\Desktop\pysmell\subjects_for_metrics\keras\keras\layers\recurrent.py,773,6,0,0,0
keras,C:\Users\Zhifei Chen\Desktop\pysmell\subjects_for_metrics\keras\keras\layers\recurrent.py,784,11,0,0,0
keras,C:\Users\Zhifei Chen\Desktop\pysmell\subjects_for_metrics\keras\keras\layers\recurrent.py,803,12,0,0,0
keras,C:\Users\Zhifei Chen\Desktop\pysmell\subjects_for_metrics\keras\keras\preprocessing\image.py,18,3,0,0,0
keras,C:\Users\Zhifei Chen\Desktop\pysmell\subjects_for_metrics\keras\keras\preprocessing\image.py,23,18,0,0,0
keras,C:\Users\Zhifei Chen\Desktop\pysmell\subjects_for_metrics\keras\keras\preprocessing\image.py,47,3,0,0,0
keras,C:\Users\Zhifei Chen\Desktop\pysmell\subjects_for_metrics\keras\keras\preprocessing\image.py,52,3,0,0,0
keras,C:\Users\Zhifei Chen\Desktop\pysmell\subjects_for_metrics\keras\keras\preprocessing\image.py,58,1,0,0,0
keras,C:\Users\Zhifei Chen\Desktop\pysmell\subjects_for_metrics\keras\keras\preprocessing\image.py,62,1,0,0,0
keras,C:\Users\Zhifei Chen\Desktop\pysmell\subjects_for_metrics\keras\keras\preprocessing\image.py,66,1,0,0,0
keras,C:\Users\Zhifei Chen\Desktop\pysmell\subjects_for_metrics\keras\keras\preprocessing\image.py,70,4,0,0,0
keras,C:\Users\Zhifei Chen\Desktop\pysmell\subjects_for_metrics\keras\keras\preprocessing\image.py,79,9,0,0,0
keras,C:\Users\Zhifei Chen\Desktop\pysmell\subjects_for_metrics\keras\keras\preprocessing\image.py,94,5,0,0,0
keras,C:\Users\Zhifei Chen\Desktop\pysmell\subjects_for_metrics\keras\keras\preprocessing\image.py,105,6,0,0,0
keras,C:\Users\Zhifei Chen\Desktop\pysmell\subjects_for_metrics\keras\keras\preprocessing\image.py,115,1,0,0,0
keras,C:\Users\Zhifei Chen\Desktop\pysmell\subjects_for_metrics\keras\keras\preprocessing\image.py,126,3,0,0,0
keras,C:\Users\Zhifei Chen\Desktop\pysmell\subjects_for_metrics\keras\keras\preprocessing\image.py,145,25,1,0,0
keras,C:\Users\Zhifei Chen\Desktop\pysmell\subjects_for_metrics\keras\keras\preprocessing\image.py,179,13,0,0,0
keras,C:\Users\Zhifei Chen\Desktop\pysmell\subjects_for_metrics\keras\keras\preprocessing\image.py,198,11,0,0,0
keras,C:\Users\Zhifei Chen\Desktop\pysmell\subjects_for_metrics\keras\keras\preprocessing\image.py,218,21,0,0,0
keras,C:\Users\Zhifei Chen\Desktop\pysmell\subjects_for_metrics\keras\keras\preprocessing\sequence.py,7,17,0,0,0
keras,C:\Users\Zhifei Chen\Desktop\pysmell\subjects_for_metrics\keras\keras\preprocessing\sequence.py,43,6,0,0,0
keras,C:\Users\Zhifei Chen\Desktop\pysmell\subjects_for_metrics\keras\keras\preprocessing\sequence.py,65,34,1,1,0
keras,C:\Users\Zhifei Chen\Desktop\pysmell\subjects_for_metrics\keras\keras\preprocessing\text.py,19,4,0,0,0
keras,C:\Users\Zhifei Chen\Desktop\pysmell\subjects_for_metrics\keras\keras\preprocessing\text.py,26,5,0,0,0
keras,C:\Users\Zhifei Chen\Desktop\pysmell\subjects_for_metrics\keras\keras\preprocessing\text.py,36,2,0,0,0
keras,C:\Users\Zhifei Chen\Desktop\pysmell\subjects_for_metrics\keras\keras\preprocessing\text.py,42,7,0,0,0
keras,C:\Users\Zhifei Chen\Desktop\pysmell\subjects_for_metrics\keras\keras\preprocessing\text.py,51,19,0,0,0
keras,C:\Users\Zhifei Chen\Desktop\pysmell\subjects_for_metrics\keras\keras\preprocessing\text.py,80,8,0,0,0
keras,C:\Users\Zhifei Chen\Desktop\pysmell\subjects_for_metrics\keras\keras\preprocessing\text.py,95,4,0,0,0
keras,C:\Users\Zhifei Chen\Desktop\pysmell\subjects_for_metrics\keras\keras\preprocessing\text.py,108,11,0,0,0
keras,C:\Users\Zhifei Chen\Desktop\pysmell\subjects_for_metrics\keras\keras\preprocessing\text.py,129,2,0,0,0
keras,C:\Users\Zhifei Chen\Desktop\pysmell\subjects_for_metrics\keras\keras\preprocessing\text.py,136,31,1,1,0
keras,C:\Users\Zhifei Chen\Desktop\pysmell\subjects_for_metrics\keras\keras\utils\generic_utils.py,8,10,0,0,0
keras,C:\Users\Zhifei Chen\Desktop\pysmell\subjects_for_metrics\keras\keras\utils\generic_utils.py,22,1,0,0,0
keras,C:\Users\Zhifei Chen\Desktop\pysmell\subjects_for_metrics\keras\keras\utils\generic_utils.py,26,17,0,0,0
keras,C:\Users\Zhifei Chen\Desktop\pysmell\subjects_for_metrics\keras\keras\utils\generic_utils.py,49,8,0,0,0
keras,C:\Users\Zhifei Chen\Desktop\pysmell\subjects_for_metrics\keras\keras\utils\generic_utils.py,62,51,1,1,0
keras,C:\Users\Zhifei Chen\Desktop\pysmell\subjects_for_metrics\keras\keras\utils\generic_utils.py,132,0,0,0,0
keras,C:\Users\Zhifei Chen\Desktop\pysmell\subjects_for_metrics\keras\keras\utils\io_utils.py,10,8,0,0,0
keras,C:\Users\Zhifei Chen\Desktop\pysmell\subjects_for_metrics\keras\keras\utils\io_utils.py,21,1,0,0,0
keras,C:\Users\Zhifei Chen\Desktop\pysmell\subjects_for_metrics\keras\keras\utils\io_utils.py,24,19,0,0,0
keras,C:\Users\Zhifei Chen\Desktop\pysmell\subjects_for_metrics\keras\keras\utils\io_utils.py,50,2,0,0,0
keras,C:\Users\Zhifei Chen\Desktop\pysmell\subjects_for_metrics\keras\keras\utils\io_utils.py,55,6,0,0,0
keras,C:\Users\Zhifei Chen\Desktop\pysmell\subjects_for_metrics\keras\keras\utils\io_utils.py,64,7,0,0,0
keras,C:\Users\Zhifei Chen\Desktop\pysmell\subjects_for_metrics\keras\keras\utils\layer_utils.py,20,51,1,1,0
keras,C:\Users\Zhifei Chen\Desktop\pysmell\subjects_for_metrics\keras\keras\utils\layer_utils.py,89,18,0,0,0
keras,C:\Users\Zhifei Chen\Desktop\pysmell\subjects_for_metrics\keras\keras\utils\layer_utils.py,127,3,0,0,0
keras,C:\Users\Zhifei Chen\Desktop\pysmell\subjects_for_metrics\keras\keras\utils\np_utils.py,8,7,0,0,0
keras,C:\Users\Zhifei Chen\Desktop\pysmell\subjects_for_metrics\keras\keras\utils\np_utils.py,21,3,0,0,0
keras,C:\Users\Zhifei Chen\Desktop\pysmell\subjects_for_metrics\keras\keras\utils\np_utils.py,27,6,0,0,0
keras,C:\Users\Zhifei Chen\Desktop\pysmell\subjects_for_metrics\keras\keras\utils\np_utils.py,36,4,0,0,0
keras,C:\Users\Zhifei Chen\Desktop\pysmell\subjects_for_metrics\keras\keras\utils\np_utils.py,43,1,0,0,0
keras,C:\Users\Zhifei Chen\Desktop\pysmell\subjects_for_metrics\keras\keras\utils\np_utils.py,47,3,0,0,0
keras,C:\Users\Zhifei Chen\Desktop\pysmell\subjects_for_metrics\keras\keras\utils\np_utils.py,53,1,0,0,0
keras,C:\Users\Zhifei Chen\Desktop\pysmell\subjects_for_metrics\keras\keras\utils\test_utils.py,4,13,0,0,0
keras,C:\Users\Zhifei Chen\Desktop\pysmell\subjects_for_metrics\keras\keras\utils\theano_utils.py,7,1,0,0,0
keras,C:\Users\Zhifei Chen\Desktop\pysmell\subjects_for_metrics\keras\keras\utils\theano_utils.py,11,1,0,0,0
keras,C:\Users\Zhifei Chen\Desktop\pysmell\subjects_for_metrics\keras\keras\utils\theano_utils.py,15,1,0,0,0
keras,C:\Users\Zhifei Chen\Desktop\pysmell\subjects_for_metrics\keras\keras\utils\theano_utils.py,19,1,0,0,0
keras,C:\Users\Zhifei Chen\Desktop\pysmell\subjects_for_metrics\keras\keras\utils\theano_utils.py,23,1,0,0,0
keras,C:\Users\Zhifei Chen\Desktop\pysmell\subjects_for_metrics\keras\keras\utils\theano_utils.py,27,1,0,0,0
keras,C:\Users\Zhifei Chen\Desktop\pysmell\subjects_for_metrics\keras\keras\utils\theano_utils.py,31,9,0,0,0
keras,C:\Users\Zhifei Chen\Desktop\pysmell\subjects_for_metrics\keras\keras\utils\theano_utils.py,43,1,0,0,0
keras,C:\Users\Zhifei Chen\Desktop\pysmell\subjects_for_metrics\keras\keras\utils\visualize_util.py,6,26,1,0,0
keras,C:\Users\Zhifei Chen\Desktop\pysmell\subjects_for_metrics\keras\keras\wrappers\scikit_learn.py,38,17,0,0,0
keras,C:\Users\Zhifei Chen\Desktop\pysmell\subjects_for_metrics\keras\keras\wrappers\scikit_learn.py,63,1,0,0,0
keras,C:\Users\Zhifei Chen\Desktop\pysmell\subjects_for_metrics\keras\keras\wrappers\scikit_learn.py,80,3,0,0,0
keras,C:\Users\Zhifei Chen\Desktop\pysmell\subjects_for_metrics\keras\keras\wrappers\scikit_learn.py,97,12,0,0,0
keras,C:\Users\Zhifei Chen\Desktop\pysmell\subjects_for_metrics\keras\keras\wrappers\scikit_learn.py,152,0,0,0,0
keras,C:\Users\Zhifei Chen\Desktop\pysmell\subjects_for_metrics\keras\keras\wrappers\scikit_learn.py,155,2,0,0,0
keras,C:\Users\Zhifei Chen\Desktop\pysmell\subjects_for_metrics\keras\keras\wrappers\scikit_learn.py,173,2,0,0,0
keras,C:\Users\Zhifei Chen\Desktop\pysmell\subjects_for_metrics\keras\keras\wrappers\scikit_learn.py,191,3,0,0,0
keras,C:\Users\Zhifei Chen\Desktop\pysmell\subjects_for_metrics\keras\keras\wrappers\scikit_learn.py,226,0,0,0,0
keras,C:\Users\Zhifei Chen\Desktop\pysmell\subjects_for_metrics\keras\keras\wrappers\scikit_learn.py,229,2,0,0,0
keras,C:\Users\Zhifei Chen\Desktop\pysmell\subjects_for_metrics\keras\keras\wrappers\scikit_learn.py,247,3,0,0,0
keras,C:\Users\Zhifei Chen\Desktop\pysmell\subjects_for_metrics\keras\tests\auto\test_datasets.py,7,17,0,0,0
keras,C:\Users\Zhifei Chen\Desktop\pysmell\subjects_for_metrics\keras\tests\auto\test_datasets.py,29,1,0,0,0
keras,C:\Users\Zhifei Chen\Desktop\pysmell\subjects_for_metrics\keras\tests\auto\test_datasets.py,33,5,0,0,0
keras,C:\Users\Zhifei Chen\Desktop\pysmell\subjects_for_metrics\keras\tests\auto\test_datasets.py,41,1,0,0,0
keras,C:\Users\Zhifei Chen\Desktop\pysmell\subjects_for_metrics\keras\tests\auto\test_embeddings.py,11,2,0,0,0
keras,C:\Users\Zhifei Chen\Desktop\pysmell\subjects_for_metrics\keras\tests\auto\test_embeddings.py,15,9,0,0,0
keras,C:\Users\Zhifei Chen\Desktop\pysmell\subjects_for_metrics\keras\tests\auto\test_graph_model.py,23,16,0,0,0
keras,C:\Users\Zhifei Chen\Desktop\pysmell\subjects_for_metrics\keras\tests\auto\test_graph_model.py,45,19,0,0,0
keras,C:\Users\Zhifei Chen\Desktop\pysmell\subjects_for_metrics\keras\tests\auto\test_graph_model.py,71,18,0,0,0
keras,C:\Users\Zhifei Chen\Desktop\pysmell\subjects_for_metrics\keras\tests\auto\test_graph_model.py,95,31,1,1,0
keras,C:\Users\Zhifei Chen\Desktop\pysmell\subjects_for_metrics\keras\tests\auto\test_graph_model.py,133,20,0,0,0
keras,C:\Users\Zhifei Chen\Desktop\pysmell\subjects_for_metrics\keras\tests\auto\test_graph_model.py,165,18,0,0,0
keras,C:\Users\Zhifei Chen\Desktop\pysmell\subjects_for_metrics\keras\tests\auto\test_graph_model.py,191,16,0,0,0
keras,C:\Users\Zhifei Chen\Desktop\pysmell\subjects_for_metrics\keras\tests\auto\test_graph_model.py,212,15,0,0,0
keras,C:\Users\Zhifei Chen\Desktop\pysmell\subjects_for_metrics\keras\tests\auto\test_loss_masking.py,12,10,0,0,0
keras,C:\Users\Zhifei Chen\Desktop\pysmell\subjects_for_metrics\keras\tests\auto\test_loss_masking.py,24,15,0,0,0
keras,C:\Users\Zhifei Chen\Desktop\pysmell\subjects_for_metrics\keras\tests\auto\test_loss_weighting.py,43,6,0,0,0
keras,C:\Users\Zhifei Chen\Desktop\pysmell\subjects_for_metrics\keras\tests\auto\test_loss_weighting.py,52,6,0,0,0
keras,C:\Users\Zhifei Chen\Desktop\pysmell\subjects_for_metrics\keras\tests\auto\test_loss_weighting.py,61,10,0,0,0
keras,C:\Users\Zhifei Chen\Desktop\pysmell\subjects_for_metrics\keras\tests\auto\test_loss_weighting.py,83,5,0,0,0
keras,C:\Users\Zhifei Chen\Desktop\pysmell\subjects_for_metrics\keras\tests\auto\test_loss_weighting.py,98,16,0,0,0
keras,C:\Users\Zhifei Chen\Desktop\pysmell\subjects_for_metrics\keras\tests\auto\test_loss_weighting.py,119,16,0,0,0
keras,C:\Users\Zhifei Chen\Desktop\pysmell\subjects_for_metrics\keras\tests\auto\test_optimizers.py,19,6,0,0,0
keras,C:\Users\Zhifei Chen\Desktop\pysmell\subjects_for_metrics\keras\tests\auto\test_optimizers.py,28,4,0,0,0
keras,C:\Users\Zhifei Chen\Desktop\pysmell\subjects_for_metrics\keras\tests\auto\test_optimizers.py,36,2,0,0,0
keras,C:\Users\Zhifei Chen\Desktop\pysmell\subjects_for_metrics\keras\tests\auto\test_optimizers.py,41,1,0,0,0
keras,C:\Users\Zhifei Chen\Desktop\pysmell\subjects_for_metrics\keras\tests\auto\test_optimizers.py,45,1,0,0,0
keras,C:\Users\Zhifei Chen\Desktop\pysmell\subjects_for_metrics\keras\tests\auto\test_optimizers.py,49,1,0,0,0
keras,C:\Users\Zhifei Chen\Desktop\pysmell\subjects_for_metrics\keras\tests\auto\test_optimizers.py,53,1,0,0,0
keras,C:\Users\Zhifei Chen\Desktop\pysmell\subjects_for_metrics\keras\tests\auto\test_regularizers.py,36,6,0,0,0
keras,C:\Users\Zhifei Chen\Desktop\pysmell\subjects_for_metrics\keras\tests\auto\test_regularizers.py,46,5,0,0,0
keras,C:\Users\Zhifei Chen\Desktop\pysmell\subjects_for_metrics\keras\tests\auto\test_regularizers.py,53,5,0,0,0
keras,C:\Users\Zhifei Chen\Desktop\pysmell\subjects_for_metrics\keras\tests\auto\test_sequential_model.py,30,37,1,1,0
keras,C:\Users\Zhifei Chen\Desktop\pysmell\subjects_for_metrics\keras\tests\auto\test_sequential_model.py,79,42,1,1,0
keras,C:\Users\Zhifei Chen\Desktop\pysmell\subjects_for_metrics\keras\tests\auto\test_sequential_model.py,132,42,1,1,0
keras,C:\Users\Zhifei Chen\Desktop\pysmell\subjects_for_metrics\keras\tests\auto\test_sequential_model.py,189,37,1,1,0
keras,C:\Users\Zhifei Chen\Desktop\pysmell\subjects_for_metrics\keras\tests\auto\test_sequential_model.py,240,28,1,1,0
keras,C:\Users\Zhifei Chen\Desktop\pysmell\subjects_for_metrics\keras\tests\auto\test_sequential_model.py,279,14,0,0,0
keras,C:\Users\Zhifei Chen\Desktop\pysmell\subjects_for_metrics\keras\tests\auto\test_shape_inference.py,10,7,0,0,0
keras,C:\Users\Zhifei Chen\Desktop\pysmell\subjects_for_metrics\keras\tests\auto\test_shape_inference.py,25,3,0,0,0
keras,C:\Users\Zhifei Chen\Desktop\pysmell\subjects_for_metrics\keras\tests\auto\test_shape_inference.py,30,3,0,0,0
keras,C:\Users\Zhifei Chen\Desktop\pysmell\subjects_for_metrics\keras\tests\auto\test_shape_inference.py,35,3,0,0,0
keras,C:\Users\Zhifei Chen\Desktop\pysmell\subjects_for_metrics\keras\tests\auto\test_shape_inference.py,40,3,0,0,0
keras,C:\Users\Zhifei Chen\Desktop\pysmell\subjects_for_metrics\keras\tests\auto\test_shape_inference.py,45,3,0,0,0
keras,C:\Users\Zhifei Chen\Desktop\pysmell\subjects_for_metrics\keras\tests\auto\test_shape_inference.py,50,3,0,0,0
keras,C:\Users\Zhifei Chen\Desktop\pysmell\subjects_for_metrics\keras\tests\auto\test_shape_inference.py,58,9,0,0,0
keras,C:\Users\Zhifei Chen\Desktop\pysmell\subjects_for_metrics\keras\tests\auto\test_shape_inference.py,70,9,0,0,0
keras,C:\Users\Zhifei Chen\Desktop\pysmell\subjects_for_metrics\keras\tests\auto\test_shape_inference.py,82,7,0,0,0
keras,C:\Users\Zhifei Chen\Desktop\pysmell\subjects_for_metrics\keras\tests\auto\test_shape_inference.py,91,7,0,0,0
keras,C:\Users\Zhifei Chen\Desktop\pysmell\subjects_for_metrics\keras\tests\auto\test_shape_inference.py,100,3,0,0,0
keras,C:\Users\Zhifei Chen\Desktop\pysmell\subjects_for_metrics\keras\tests\auto\test_shape_inference.py,105,3,0,0,0
keras,C:\Users\Zhifei Chen\Desktop\pysmell\subjects_for_metrics\keras\tests\auto\test_shape_inference.py,110,3,0,0,0
keras,C:\Users\Zhifei Chen\Desktop\pysmell\subjects_for_metrics\keras\tests\auto\test_shape_inference.py,115,3,0,0,0
keras,C:\Users\Zhifei Chen\Desktop\pysmell\subjects_for_metrics\keras\tests\auto\test_shape_inference.py,123,3,0,0,0
keras,C:\Users\Zhifei Chen\Desktop\pysmell\subjects_for_metrics\keras\tests\auto\test_tasks.py,15,18,0,0,0
keras,C:\Users\Zhifei Chen\Desktop\pysmell\subjects_for_metrics\keras\tests\auto\test_tasks.py,39,14,0,0,0
keras,C:\Users\Zhifei Chen\Desktop\pysmell\subjects_for_metrics\keras\tests\auto\test_tasks.py,57,13,0,0,0
keras,C:\Users\Zhifei Chen\Desktop\pysmell\subjects_for_metrics\keras\tests\auto\test_tasks.py,76,10,0,0,0
keras,C:\Users\Zhifei Chen\Desktop\pysmell\subjects_for_metrics\keras\tests\auto\test_tasks.py,91,10,0,0,0
keras,C:\Users\Zhifei Chen\Desktop\pysmell\subjects_for_metrics\keras\tests\auto\test_tasks.py,106,17,0,0,0
keras,C:\Users\Zhifei Chen\Desktop\pysmell\subjects_for_metrics\keras\tests\auto\keras\test_activations.py,10,3,0,0,0
keras,C:\Users\Zhifei Chen\Desktop\pysmell\subjects_for_metrics\keras\tests\auto\keras\test_activations.py,20,1,0,0,0
keras,C:\Users\Zhifei Chen\Desktop\pysmell\subjects_for_metrics\keras\tests\auto\keras\test_activations.py,28,11,0,0,0
keras,C:\Users\Zhifei Chen\Desktop\pysmell\subjects_for_metrics\keras\tests\auto\keras\test_activations.py,33,5,0,0,0
keras,C:\Users\Zhifei Chen\Desktop\pysmell\subjects_for_metrics\keras\tests\auto\keras\test_activations.py,55,11,0,0,0
keras,C:\Users\Zhifei Chen\Desktop\pysmell\subjects_for_metrics\keras\tests\auto\keras\test_activations.py,78,10,0,0,0
keras,C:\Users\Zhifei Chen\Desktop\pysmell\subjects_for_metrics\keras\tests\auto\keras\test_activations.py,95,4,0,0,0
keras,C:\Users\Zhifei Chen\Desktop\pysmell\subjects_for_metrics\keras\tests\auto\keras\test_constraints.py,8,4,0,0,0
keras,C:\Users\Zhifei Chen\Desktop\pysmell\subjects_for_metrics\keras\tests\auto\keras\test_constraints.py,14,10,0,0,0
keras,C:\Users\Zhifei Chen\Desktop\pysmell\subjects_for_metrics\keras\tests\auto\keras\test_constraints.py,29,4,0,0,0
keras,C:\Users\Zhifei Chen\Desktop\pysmell\subjects_for_metrics\keras\tests\auto\keras\test_constraints.py,37,4,0,0,0
keras,C:\Users\Zhifei Chen\Desktop\pysmell\subjects_for_metrics\keras\tests\auto\keras\test_constraints.py,45,4,0,0,0
keras,C:\Users\Zhifei Chen\Desktop\pysmell\subjects_for_metrics\keras\tests\auto\keras\test_constraints.py,57,7,0,0,0
keras,C:\Users\Zhifei Chen\Desktop\pysmell\subjects_for_metrics\keras\tests\auto\keras\test_normalization.py,10,4,0,0,0
keras,C:\Users\Zhifei Chen\Desktop\pysmell\subjects_for_metrics\keras\tests\auto\keras\test_normalization.py,17,3,0,0,0
keras,C:\Users\Zhifei Chen\Desktop\pysmell\subjects_for_metrics\keras\tests\auto\keras\test_normalization.py,24,10,0,0,0
keras,C:\Users\Zhifei Chen\Desktop\pysmell\subjects_for_metrics\keras\tests\auto\keras\test_normalization.py,39,8,0,0,0
keras,C:\Users\Zhifei Chen\Desktop\pysmell\subjects_for_metrics\keras\tests\auto\keras\test_normalization.py,51,7,0,0,0
keras,C:\Users\Zhifei Chen\Desktop\pysmell\subjects_for_metrics\keras\tests\auto\keras\test_normalization.py,64,10,0,0,0
keras,C:\Users\Zhifei Chen\Desktop\pysmell\subjects_for_metrics\keras\tests\auto\keras\test_normalization.py,83,5,0,0,0
keras,C:\Users\Zhifei Chen\Desktop\pysmell\subjects_for_metrics\keras\tests\auto\keras\test_normalization.py,90,4,0,0,0
keras,C:\Users\Zhifei Chen\Desktop\pysmell\subjects_for_metrics\keras\tests\auto\keras\layers\test_convolutional.py,10,24,1,0,0
keras,C:\Users\Zhifei Chen\Desktop\pysmell\subjects_for_metrics\keras\tests\auto\keras\layers\test_convolutional.py,43,11,0,0,0
keras,C:\Users\Zhifei Chen\Desktop\pysmell\subjects_for_metrics\keras\tests\auto\keras\layers\test_convolutional.py,58,25,1,0,0
keras,C:\Users\Zhifei Chen\Desktop\pysmell\subjects_for_metrics\keras\tests\auto\keras\layers\test_convolutional.py,93,13,0,0,0
keras,C:\Users\Zhifei Chen\Desktop\pysmell\subjects_for_metrics\keras\tests\auto\keras\layers\test_convolutional.py,110,14,0,0,0
keras,C:\Users\Zhifei Chen\Desktop\pysmell\subjects_for_metrics\keras\tests\auto\keras\layers\test_convolutional.py,128,11,0,0,0
keras,C:\Users\Zhifei Chen\Desktop\pysmell\subjects_for_metrics\keras\tests\auto\keras\layers\test_convolutional.py,143,14,0,0,0
keras,C:\Users\Zhifei Chen\Desktop\pysmell\subjects_for_metrics\keras\tests\auto\keras\layers\test_core.py,10,8,0,0,0
keras,C:\Users\Zhifei Chen\Desktop\pysmell\subjects_for_metrics\keras\tests\auto\keras\layers\test_core.py,23,10,0,0,0
keras,C:\Users\Zhifei Chen\Desktop\pysmell\subjects_for_metrics\keras\tests\auto\keras\layers\test_core.py,44,4,0,0,0
keras,C:\Users\Zhifei Chen\Desktop\pysmell\subjects_for_metrics\keras\tests\auto\keras\layers\test_core.py,52,2,0,0,0
keras,C:\Users\Zhifei Chen\Desktop\pysmell\subjects_for_metrics\keras\tests\auto\keras\layers\test_core.py,56,2,0,0,0
keras,C:\Users\Zhifei Chen\Desktop\pysmell\subjects_for_metrics\keras\tests\auto\keras\layers\test_core.py,60,4,0,0,0
keras,C:\Users\Zhifei Chen\Desktop\pysmell\subjects_for_metrics\keras\tests\auto\keras\layers\test_core.py,66,2,0,0,0
keras,C:\Users\Zhifei Chen\Desktop\pysmell\subjects_for_metrics\keras\tests\auto\keras\layers\test_core.py,70,2,0,0,0
keras,C:\Users\Zhifei Chen\Desktop\pysmell\subjects_for_metrics\keras\tests\auto\keras\layers\test_core.py,74,2,0,0,0
keras,C:\Users\Zhifei Chen\Desktop\pysmell\subjects_for_metrics\keras\tests\auto\keras\layers\test_core.py,78,2,0,0,0
keras,C:\Users\Zhifei Chen\Desktop\pysmell\subjects_for_metrics\keras\tests\auto\keras\layers\test_core.py,82,2,0,0,0
keras,C:\Users\Zhifei Chen\Desktop\pysmell\subjects_for_metrics\keras\tests\auto\keras\layers\test_core.py,86,2,0,0,0
keras,C:\Users\Zhifei Chen\Desktop\pysmell\subjects_for_metrics\keras\tests\auto\keras\layers\test_core.py,90,2,0,0,0
keras,C:\Users\Zhifei Chen\Desktop\pysmell\subjects_for_metrics\keras\tests\auto\keras\layers\test_core.py,94,2,0,0,0
keras,C:\Users\Zhifei Chen\Desktop\pysmell\subjects_for_metrics\keras\tests\auto\keras\layers\test_core.py,98,2,0,0,0
keras,C:\Users\Zhifei Chen\Desktop\pysmell\subjects_for_metrics\keras\tests\auto\keras\layers\test_core.py,102,4,0,0,0
keras,C:\Users\Zhifei Chen\Desktop\pysmell\subjects_for_metrics\keras\tests\auto\keras\layers\test_core.py,109,2,0,0,0
keras,C:\Users\Zhifei Chen\Desktop\pysmell\subjects_for_metrics\keras\tests\auto\keras\layers\test_core.py,117,6,0,0,0
keras,C:\Users\Zhifei Chen\Desktop\pysmell\subjects_for_metrics\keras\tests\auto\keras\layers\test_core.py,129,6,0,0,0
keras,C:\Users\Zhifei Chen\Desktop\pysmell\subjects_for_metrics\keras\tests\auto\keras\layers\test_core.py,140,7,0,0,0
keras,C:\Users\Zhifei Chen\Desktop\pysmell\subjects_for_metrics\keras\tests\auto\keras\layers\test_recurrent.py,10,10,0,0,0
keras,C:\Users\Zhifei Chen\Desktop\pysmell\subjects_for_metrics\keras\tests\auto\keras\layers\test_recurrent.py,35,0,0,0,0
keras,C:\Users\Zhifei Chen\Desktop\pysmell\subjects_for_metrics\keras\tests\auto\keras\layers\test_recurrent.py,38,0,0,0,0
keras,C:\Users\Zhifei Chen\Desktop\pysmell\subjects_for_metrics\keras\tests\auto\keras\layers\test_recurrent.py,41,0,0,0,0
keras,C:\Users\Zhifei Chen\Desktop\pysmell\subjects_for_metrics\keras\tests\auto\keras\layers\test_recurrent.py,44,0,0,0,0
keras,C:\Users\Zhifei Chen\Desktop\pysmell\subjects_for_metrics\keras\tests\auto\keras\layers\test_recurrent.py,47,0,0,0,0
keras,C:\Users\Zhifei Chen\Desktop\pysmell\subjects_for_metrics\keras\tests\auto\keras\layers\test_recurrent.py,50,0,0,0,0
keras,C:\Users\Zhifei Chen\Desktop\pysmell\subjects_for_metrics\keras\tests\auto\keras\layers\test_recurrent.py,53,0,0,0,0
keras,C:\Users\Zhifei Chen\Desktop\pysmell\subjects_for_metrics\keras\tests\manual\check_autoencoder.py,61,7,0,0,0
keras,C:\Users\Zhifei Chen\Desktop\pysmell\subjects_for_metrics\keras\tests\manual\check_autoencoder.py,75,4,0,0,0
keras,C:\Users\Zhifei Chen\Desktop\pysmell\subjects_for_metrics\keras\tests\manual\check_callbacks.py,47,5,0,0,0
keras,C:\Users\Zhifei Chen\Desktop\pysmell\subjects_for_metrics\keras\tests\manual\check_callbacks.py,54,0,0,0,0
keras,C:\Users\Zhifei Chen\Desktop\pysmell\subjects_for_metrics\keras\tests\manual\check_callbacks.py,57,0,0,0,0
keras,C:\Users\Zhifei Chen\Desktop\pysmell\subjects_for_metrics\keras\tests\manual\check_callbacks.py,62,9,0,0,0
keras,C:\Users\Zhifei Chen\Desktop\pysmell\subjects_for_metrics\keras\tests\manual\check_callbacks.py,73,5,0,0,0
keras,C:\Users\Zhifei Chen\Desktop\pysmell\subjects_for_metrics\keras\tests\manual\check_callbacks.py,80,1,0,0,0
keras,C:\Users\Zhifei Chen\Desktop\pysmell\subjects_for_metrics\keras\tests\manual\check_callbacks.py,83,2,0,0,0
keras,C:\Users\Zhifei Chen\Desktop\pysmell\subjects_for_metrics\keras\tests\manual\check_callbacks.py,87,8,0,0,0
keras,C:\Users\Zhifei Chen\Desktop\pysmell\subjects_for_metrics\keras\tests\manual\check_callbacks.py,98,1,0,0,0
keras,C:\Users\Zhifei Chen\Desktop\pysmell\subjects_for_metrics\keras\tests\manual\check_callbacks.py,101,6,0,0,0
keras,C:\Users\Zhifei Chen\Desktop\pysmell\subjects_for_metrics\keras\tests\manual\check_callbacks.py,112,1,0,0,0
keras,C:\Users\Zhifei Chen\Desktop\pysmell\subjects_for_metrics\keras\tests\manual\check_callbacks.py,115,7,0,0,0
keras,C:\Users\Zhifei Chen\Desktop\pysmell\subjects_for_metrics\keras\tests\manual\check_callbacks.py,124,2,0,0,0
keras,C:\Users\Zhifei Chen\Desktop\pysmell\subjects_for_metrics\keras\tests\manual\check_save_weights.py,10,11,0,0,0
