subject,file,lineno,LEC,DNC,NCT,experience-based,statistics-based,tuning machine
keras,C:\Users\Zhifei Chen\Desktop\pysmell\subjects_for_metrics\keras\setup.py,14,,2,1,0,0,0
keras,C:\Users\Zhifei Chen\Desktop\pysmell\subjects_for_metrics\keras\examples\addition_rnn.py,59,1,,,0,0,0
keras,C:\Users\Zhifei Chen\Desktop\pysmell\subjects_for_metrics\keras\examples\addition_rnn.py,59,1,,,0,0,0
keras,C:\Users\Zhifei Chen\Desktop\pysmell\subjects_for_metrics\keras\examples\addition_rnn.py,65,1,,,0,0,0
keras,C:\Users\Zhifei Chen\Desktop\pysmell\subjects_for_metrics\keras\examples\addition_rnn.py,107,1,,,0,0,0
keras,C:\Users\Zhifei Chen\Desktop\pysmell\subjects_for_metrics\keras\examples\addition_rnn.py,116,1,,,0,0,0
keras,C:\Users\Zhifei Chen\Desktop\pysmell\subjects_for_metrics\keras\examples\addition_rnn.py,118,1,,,0,0,0
keras,C:\Users\Zhifei Chen\Desktop\pysmell\subjects_for_metrics\keras\examples\addition_rnn.py,123,1,,,0,0,0
keras,C:\Users\Zhifei Chen\Desktop\pysmell\subjects_for_metrics\keras\examples\addition_rnn.py,124,1,,,0,0,0
keras,C:\Users\Zhifei Chen\Desktop\pysmell\subjects_for_metrics\keras\examples\addition_rnn.py,128,1,,,0,0,0
keras,C:\Users\Zhifei Chen\Desktop\pysmell\subjects_for_metrics\keras\examples\addition_rnn.py,128,1,,,0,0,0
keras,C:\Users\Zhifei Chen\Desktop\pysmell\subjects_for_metrics\keras\examples\addition_rnn.py,161,1,,,0,0,0
keras,C:\Users\Zhifei Chen\Desktop\pysmell\subjects_for_metrics\keras\examples\addition_rnn.py,161,1,,,0,0,0
keras,C:\Users\Zhifei Chen\Desktop\pysmell\subjects_for_metrics\keras\examples\addition_rnn.py,163,1,,,0,0,0
keras,C:\Users\Zhifei Chen\Desktop\pysmell\subjects_for_metrics\keras\examples\addition_rnn.py,164,1,,,0,0,0
keras,C:\Users\Zhifei Chen\Desktop\pysmell\subjects_for_metrics\keras\examples\addition_rnn.py,165,1,,,0,0,0
keras,C:\Users\Zhifei Chen\Desktop\pysmell\subjects_for_metrics\keras\examples\addition_rnn.py,166,1,,,0,0,0
keras,C:\Users\Zhifei Chen\Desktop\pysmell\subjects_for_metrics\keras\examples\babi_rnn.py,106,1,,,0,0,0
keras,C:\Users\Zhifei Chen\Desktop\pysmell\subjects_for_metrics\keras\examples\babi_rnn.py,134,1,,,0,0,0
keras,C:\Users\Zhifei Chen\Desktop\pysmell\subjects_for_metrics\keras\examples\babi_rnn.py,135,1,,,0,0,0
keras,C:\Users\Zhifei Chen\Desktop\pysmell\subjects_for_metrics\keras\examples\babi_rnn.py,137,1,,,0,0,0
keras,C:\Users\Zhifei Chen\Desktop\pysmell\subjects_for_metrics\keras\examples\babi_rnn.py,137,1,,,0,0,0
keras,C:\Users\Zhifei Chen\Desktop\pysmell\subjects_for_metrics\keras\examples\cifar10_cnn.py,37,,2,1,0,0,0
keras,C:\Users\Zhifei Chen\Desktop\pysmell\subjects_for_metrics\keras\examples\cifar10_cnn.py,39,1,,,0,0,0
keras,C:\Users\Zhifei Chen\Desktop\pysmell\subjects_for_metrics\keras\examples\cifar10_cnn.py,40,1,,,0,0,0
keras,C:\Users\Zhifei Chen\Desktop\pysmell\subjects_for_metrics\keras\examples\cifar10_cnn.py,111,1,,,0,0,0
keras,C:\Users\Zhifei Chen\Desktop\pysmell\subjects_for_metrics\keras\examples\cifar10_cnn.py,114,1,,,0,0,0
keras,C:\Users\Zhifei Chen\Desktop\pysmell\subjects_for_metrics\keras\examples\cifar10_cnn.py,114,,2,1,0,0,0
keras,C:\Users\Zhifei Chen\Desktop\pysmell\subjects_for_metrics\keras\examples\cifar10_cnn.py,118,1,,,0,0,0
keras,C:\Users\Zhifei Chen\Desktop\pysmell\subjects_for_metrics\keras\examples\cifar10_cnn.py,121,1,,,0,0,0
keras,C:\Users\Zhifei Chen\Desktop\pysmell\subjects_for_metrics\keras\examples\cifar10_cnn.py,121,,2,1,0,0,0
keras,C:\Users\Zhifei Chen\Desktop\pysmell\subjects_for_metrics\keras\examples\imdb_cnn.py,34,,2,1,0,0,0
keras,C:\Users\Zhifei Chen\Desktop\pysmell\subjects_for_metrics\keras\examples\imdb_lstm.py,39,,2,1,0,0,0
keras,C:\Users\Zhifei Chen\Desktop\pysmell\subjects_for_metrics\keras\examples\kaggle_otto_nn.py,45,1,,,0,0,0
keras,C:\Users\Zhifei Chen\Desktop\pysmell\subjects_for_metrics\keras\examples\kaggle_otto_nn.py,45,1,,,0,0,0
keras,C:\Users\Zhifei Chen\Desktop\pysmell\subjects_for_metrics\keras\examples\kaggle_otto_nn.py,48,1,,,0,0,0
keras,C:\Users\Zhifei Chen\Desktop\pysmell\subjects_for_metrics\keras\examples\kaggle_otto_nn.py,48,1,,,0,0,0
keras,C:\Users\Zhifei Chen\Desktop\pysmell\subjects_for_metrics\keras\examples\kaggle_otto_nn.py,89,1,,,0,0,0
keras,C:\Users\Zhifei Chen\Desktop\pysmell\subjects_for_metrics\keras\examples\kaggle_otto_nn.py,92,1,,,0,0,0
keras,C:\Users\Zhifei Chen\Desktop\pysmell\subjects_for_metrics\keras\examples\lstm_text_generation.py,38,1,,,0,0,0
keras,C:\Users\Zhifei Chen\Desktop\pysmell\subjects_for_metrics\keras\examples\lstm_text_generation.py,39,1,,,0,0,0
keras,C:\Users\Zhifei Chen\Desktop\pysmell\subjects_for_metrics\keras\examples\lstm_text_generation.py,47,1,,,0,0,0
keras,C:\Users\Zhifei Chen\Desktop\pysmell\subjects_for_metrics\keras\examples\lstm_text_generation.py,47,1,,,0,0,0
keras,C:\Users\Zhifei Chen\Desktop\pysmell\subjects_for_metrics\keras\examples\lstm_text_generation.py,48,1,,,0,0,0
keras,C:\Users\Zhifei Chen\Desktop\pysmell\subjects_for_metrics\keras\examples\lstm_text_generation.py,48,1,,,0,0,0
keras,C:\Users\Zhifei Chen\Desktop\pysmell\subjects_for_metrics\keras\examples\lstm_text_generation.py,48,1,,,0,0,0
keras,C:\Users\Zhifei Chen\Desktop\pysmell\subjects_for_metrics\keras\examples\lstm_text_generation.py,84,1,,,0,0,0
keras,C:\Users\Zhifei Chen\Desktop\pysmell\subjects_for_metrics\keras\examples\lstm_text_generation.py,92,1,,,0,0,0
keras,C:\Users\Zhifei Chen\Desktop\pysmell\subjects_for_metrics\keras\examples\lstm_text_generation.py,92,1,,,0,0,0
keras,C:\Users\Zhifei Chen\Desktop\pysmell\subjects_for_metrics\keras\examples\lstm_text_generation.py,94,1,,,0,0,0
keras,C:\Users\Zhifei Chen\Desktop\pysmell\subjects_for_metrics\keras\examples\lstm_text_generation.py,96,1,,,0,0,0
keras,C:\Users\Zhifei Chen\Desktop\pysmell\subjects_for_metrics\keras\examples\lstm_text_generation.py,99,1,,,0,0,0
keras,C:\Users\Zhifei Chen\Desktop\pysmell\subjects_for_metrics\keras\examples\mnist_cnn.py,35,,2,1,0,0,0
keras,C:\Users\Zhifei Chen\Desktop\pysmell\subjects_for_metrics\keras\examples\mnist_cnn.py,37,1,,,0,0,0
keras,C:\Users\Zhifei Chen\Desktop\pysmell\subjects_for_metrics\keras\examples\mnist_cnn.py,38,1,,,0,0,0
keras,C:\Users\Zhifei Chen\Desktop\pysmell\subjects_for_metrics\keras\examples\mnist_cnn.py,44,1,,,0,0,0
keras,C:\Users\Zhifei Chen\Desktop\pysmell\subjects_for_metrics\keras\examples\mnist_cnn.py,45,1,,,0,0,0
keras,C:\Users\Zhifei Chen\Desktop\pysmell\subjects_for_metrics\keras\examples\mnist_cnn.py,73,1,,,0,0,0
keras,C:\Users\Zhifei Chen\Desktop\pysmell\subjects_for_metrics\keras\examples\mnist_cnn.py,74,1,,,0,0,0
keras,C:\Users\Zhifei Chen\Desktop\pysmell\subjects_for_metrics\keras\examples\mnist_irnn.py,40,,2,1,0,0,0
keras,C:\Users\Zhifei Chen\Desktop\pysmell\subjects_for_metrics\keras\examples\mnist_irnn.py,42,1,,,0,0,0
keras,C:\Users\Zhifei Chen\Desktop\pysmell\subjects_for_metrics\keras\examples\mnist_irnn.py,43,1,,,0,0,0
keras,C:\Users\Zhifei Chen\Desktop\pysmell\subjects_for_metrics\keras\examples\mnist_irnn.py,49,1,,,0,0,0
keras,C:\Users\Zhifei Chen\Desktop\pysmell\subjects_for_metrics\keras\examples\mnist_irnn.py,50,1,,,0,0,0
keras,C:\Users\Zhifei Chen\Desktop\pysmell\subjects_for_metrics\keras\examples\mnist_irnn.py,72,1,,,0,0,0
keras,C:\Users\Zhifei Chen\Desktop\pysmell\subjects_for_metrics\keras\examples\mnist_irnn.py,73,1,,,0,0,0
keras,C:\Users\Zhifei Chen\Desktop\pysmell\subjects_for_metrics\keras\examples\mnist_irnn.py,87,1,,,0,0,0
keras,C:\Users\Zhifei Chen\Desktop\pysmell\subjects_for_metrics\keras\examples\mnist_irnn.py,88,1,,,0,0,0
keras,C:\Users\Zhifei Chen\Desktop\pysmell\subjects_for_metrics\keras\examples\mnist_mlp.py,24,,2,1,0,0,0
keras,C:\Users\Zhifei Chen\Desktop\pysmell\subjects_for_metrics\keras\examples\mnist_mlp.py,32,1,,,0,0,0
keras,C:\Users\Zhifei Chen\Desktop\pysmell\subjects_for_metrics\keras\examples\mnist_mlp.py,33,1,,,0,0,0
keras,C:\Users\Zhifei Chen\Desktop\pysmell\subjects_for_metrics\keras\examples\mnist_mlp.py,54,1,,,0,0,0
keras,C:\Users\Zhifei Chen\Desktop\pysmell\subjects_for_metrics\keras\examples\mnist_mlp.py,55,1,,,0,0,0
keras,C:\Users\Zhifei Chen\Desktop\pysmell\subjects_for_metrics\keras\examples\reuters_mlp.py,26,,2,1,0,0,0
keras,C:\Users\Zhifei Chen\Desktop\pysmell\subjects_for_metrics\keras\examples\reuters_mlp.py,58,1,,,0,0,0
keras,C:\Users\Zhifei Chen\Desktop\pysmell\subjects_for_metrics\keras\examples\reuters_mlp.py,59,1,,,0,0,0
keras,C:\Users\Zhifei Chen\Desktop\pysmell\subjects_for_metrics\keras\examples\skipgram_word_embeddings.py,66,,2,1,0,0,0
keras,C:\Users\Zhifei Chen\Desktop\pysmell\subjects_for_metrics\keras\examples\skipgram_word_embeddings.py,83,1,,,0,0,0
keras,C:\Users\Zhifei Chen\Desktop\pysmell\subjects_for_metrics\keras\examples\skipgram_word_embeddings.py,135,,2,1,0,0,0
keras,C:\Users\Zhifei Chen\Desktop\pysmell\subjects_for_metrics\keras\examples\skipgram_word_embeddings.py,151,1,,,0,0,0
keras,C:\Users\Zhifei Chen\Desktop\pysmell\subjects_for_metrics\keras\examples\skipgram_word_embeddings.py,151,1,,,0,0,0
keras,C:\Users\Zhifei Chen\Desktop\pysmell\subjects_for_metrics\keras\examples\skipgram_word_embeddings.py,156,1,,,0,0,0
keras,C:\Users\Zhifei Chen\Desktop\pysmell\subjects_for_metrics\keras\examples\skipgram_word_embeddings.py,167,1,,,0,0,0
keras,C:\Users\Zhifei Chen\Desktop\pysmell\subjects_for_metrics\keras\examples\skipgram_word_embeddings.py,173,1,,,0,0,0
keras,C:\Users\Zhifei Chen\Desktop\pysmell\subjects_for_metrics\keras\examples\skipgram_word_embeddings.py,174,1,,,0,0,0
keras,C:\Users\Zhifei Chen\Desktop\pysmell\subjects_for_metrics\keras\examples\skipgram_word_embeddings.py,174,1,,,0,0,0
keras,C:\Users\Zhifei Chen\Desktop\pysmell\subjects_for_metrics\keras\examples\skipgram_word_embeddings.py,174,1,,,0,0,0
keras,C:\Users\Zhifei Chen\Desktop\pysmell\subjects_for_metrics\keras\examples\skipgram_word_embeddings.py,181,1,,,0,0,0
keras,C:\Users\Zhifei Chen\Desktop\pysmell\subjects_for_metrics\keras\keras\activations.py,6,1,,,0,0,0
keras,C:\Users\Zhifei Chen\Desktop\pysmell\subjects_for_metrics\keras\keras\callbacks.py,101,1,,,0,0,0
keras,C:\Users\Zhifei Chen\Desktop\pysmell\subjects_for_metrics\keras\keras\callbacks.py,102,1,,,0,0,0
keras,C:\Users\Zhifei Chen\Desktop\pysmell\subjects_for_metrics\keras\keras\callbacks.py,107,1,,,0,0,0
keras,C:\Users\Zhifei Chen\Desktop\pysmell\subjects_for_metrics\keras\keras\callbacks.py,113,1,,,0,0,0
keras,C:\Users\Zhifei Chen\Desktop\pysmell\subjects_for_metrics\keras\keras\callbacks.py,122,1,,,0,0,0
keras,C:\Users\Zhifei Chen\Desktop\pysmell\subjects_for_metrics\keras\keras\callbacks.py,124,1,,,0,0,0
keras,C:\Users\Zhifei Chen\Desktop\pysmell\subjects_for_metrics\keras\keras\callbacks.py,125,1,,,0,0,0
keras,C:\Users\Zhifei Chen\Desktop\pysmell\subjects_for_metrics\keras\keras\callbacks.py,127,1,,,0,0,0
keras,C:\Users\Zhifei Chen\Desktop\pysmell\subjects_for_metrics\keras\keras\callbacks.py,130,1,,,0,0,0
keras,C:\Users\Zhifei Chen\Desktop\pysmell\subjects_for_metrics\keras\keras\callbacks.py,134,1,,,0,0,0
keras,C:\Users\Zhifei Chen\Desktop\pysmell\subjects_for_metrics\keras\keras\callbacks.py,136,1,,,0,0,0
keras,C:\Users\Zhifei Chen\Desktop\pysmell\subjects_for_metrics\keras\keras\callbacks.py,138,1,,,0,0,0
keras,C:\Users\Zhifei Chen\Desktop\pysmell\subjects_for_metrics\keras\keras\callbacks.py,158,1,,,0,0,0
keras,C:\Users\Zhifei Chen\Desktop\pysmell\subjects_for_metrics\keras\keras\callbacks.py,160,1,,,0,0,0
keras,C:\Users\Zhifei Chen\Desktop\pysmell\subjects_for_metrics\keras\keras\callbacks.py,166,1,,,0,0,0
keras,C:\Users\Zhifei Chen\Desktop\pysmell\subjects_for_metrics\keras\keras\callbacks.py,167,1,,,0,0,0
keras,C:\Users\Zhifei Chen\Desktop\pysmell\subjects_for_metrics\keras\keras\callbacks.py,171,1,,,0,0,0
keras,C:\Users\Zhifei Chen\Desktop\pysmell\subjects_for_metrics\keras\keras\callbacks.py,172,1,,,0,0,0
keras,C:\Users\Zhifei Chen\Desktop\pysmell\subjects_for_metrics\keras\keras\callbacks.py,246,1,,,0,0,0
keras,C:\Users\Zhifei Chen\Desktop\pysmell\subjects_for_metrics\keras\keras\callbacks.py,248,1,,,0,0,0
keras,C:\Users\Zhifei Chen\Desktop\pysmell\subjects_for_metrics\keras\keras\callbacks.py,253,1,,,0,0,0
keras,C:\Users\Zhifei Chen\Desktop\pysmell\subjects_for_metrics\keras\keras\callbacks.py,256,1,,,0,0,0
keras,C:\Users\Zhifei Chen\Desktop\pysmell\subjects_for_metrics\keras\keras\callbacks.py,258,1,,,0,0,0
keras,C:\Users\Zhifei Chen\Desktop\pysmell\subjects_for_metrics\keras\keras\initializations.py,10,1,,,0,0,0
keras,C:\Users\Zhifei Chen\Desktop\pysmell\subjects_for_metrics\keras\keras\initializations.py,10,1,,,0,0,0
keras,C:\Users\Zhifei Chen\Desktop\pysmell\subjects_for_metrics\keras\keras\initializations.py,11,1,,,0,0,0
keras,C:\Users\Zhifei Chen\Desktop\pysmell\subjects_for_metrics\keras\keras\initializations.py,11,1,,,0,0,0
keras,C:\Users\Zhifei Chen\Desktop\pysmell\subjects_for_metrics\keras\keras\initializations.py,63,1,,,0,0,0
keras,C:\Users\Zhifei Chen\Desktop\pysmell\subjects_for_metrics\keras\keras\initializations.py,63,1,,,0,0,0
keras,C:\Users\Zhifei Chen\Desktop\pysmell\subjects_for_metrics\keras\keras\initializations.py,69,1,,,0,0,0
keras,C:\Users\Zhifei Chen\Desktop\pysmell\subjects_for_metrics\keras\keras\initializations.py,69,1,,,0,0,0
keras,C:\Users\Zhifei Chen\Desktop\pysmell\subjects_for_metrics\keras\keras\initializations.py,69,1,,,0,0,0
keras,C:\Users\Zhifei Chen\Desktop\pysmell\subjects_for_metrics\keras\keras\initializations.py,73,1,,,0,0,0
keras,C:\Users\Zhifei Chen\Desktop\pysmell\subjects_for_metrics\keras\keras\initializations.py,73,1,,,0,0,0
keras,C:\Users\Zhifei Chen\Desktop\pysmell\subjects_for_metrics\keras\keras\initializations.py,76,1,,,0,0,0
keras,C:\Users\Zhifei Chen\Desktop\pysmell\subjects_for_metrics\keras\keras\models.py,32,1,,,0,0,0
keras,C:\Users\Zhifei Chen\Desktop\pysmell\subjects_for_metrics\keras\keras\models.py,33,1,,,0,0,0
keras,C:\Users\Zhifei Chen\Desktop\pysmell\subjects_for_metrics\keras\keras\models.py,55,1,,,0,0,0
keras,C:\Users\Zhifei Chen\Desktop\pysmell\subjects_for_metrics\keras\keras\models.py,57,1,,,0,0,0
keras,C:\Users\Zhifei Chen\Desktop\pysmell\subjects_for_metrics\keras\keras\models.py,60,1,,,0,0,0
keras,C:\Users\Zhifei Chen\Desktop\pysmell\subjects_for_metrics\keras\keras\models.py,62,1,,,0,0,0
keras,C:\Users\Zhifei Chen\Desktop\pysmell\subjects_for_metrics\keras\keras\models.py,69,1,,,0,0,0
keras,C:\Users\Zhifei Chen\Desktop\pysmell\subjects_for_metrics\keras\keras\models.py,69,1,,,0,0,0
keras,C:\Users\Zhifei Chen\Desktop\pysmell\subjects_for_metrics\keras\keras\models.py,70,1,,,0,0,0
keras,C:\Users\Zhifei Chen\Desktop\pysmell\subjects_for_metrics\keras\keras\models.py,70,1,,,0,0,0
keras,C:\Users\Zhifei Chen\Desktop\pysmell\subjects_for_metrics\keras\keras\models.py,71,1,,,0,0,0
keras,C:\Users\Zhifei Chen\Desktop\pysmell\subjects_for_metrics\keras\keras\models.py,78,1,,,0,0,0
keras,C:\Users\Zhifei Chen\Desktop\pysmell\subjects_for_metrics\keras\keras\models.py,78,1,,,0,0,0
keras,C:\Users\Zhifei Chen\Desktop\pysmell\subjects_for_metrics\keras\keras\models.py,90,1,,,0,0,0
keras,C:\Users\Zhifei Chen\Desktop\pysmell\subjects_for_metrics\keras\keras\models.py,91,1,,,0,0,0
keras,C:\Users\Zhifei Chen\Desktop\pysmell\subjects_for_metrics\keras\keras\models.py,93,1,,,0,0,0
keras,C:\Users\Zhifei Chen\Desktop\pysmell\subjects_for_metrics\keras\keras\models.py,94,1,,,0,0,0
keras,C:\Users\Zhifei Chen\Desktop\pysmell\subjects_for_metrics\keras\keras\models.py,97,1,,,0,0,0
keras,C:\Users\Zhifei Chen\Desktop\pysmell\subjects_for_metrics\keras\keras\models.py,98,1,,,0,0,0
keras,C:\Users\Zhifei Chen\Desktop\pysmell\subjects_for_metrics\keras\keras\models.py,100,1,,,0,0,0
keras,C:\Users\Zhifei Chen\Desktop\pysmell\subjects_for_metrics\keras\keras\models.py,166,1,,,0,0,0
keras,C:\Users\Zhifei Chen\Desktop\pysmell\subjects_for_metrics\keras\keras\models.py,166,1,,,0,0,0
keras,C:\Users\Zhifei Chen\Desktop\pysmell\subjects_for_metrics\keras\keras\models.py,168,1,,,0,0,0
keras,C:\Users\Zhifei Chen\Desktop\pysmell\subjects_for_metrics\keras\keras\models.py,198,,2,1,0,0,0
keras,C:\Users\Zhifei Chen\Desktop\pysmell\subjects_for_metrics\keras\keras\models.py,199,1,,,0,0,0
keras,C:\Users\Zhifei Chen\Desktop\pysmell\subjects_for_metrics\keras\keras\models.py,207,1,,,0,0,0
keras,C:\Users\Zhifei Chen\Desktop\pysmell\subjects_for_metrics\keras\keras\models.py,208,1,,,0,0,0
keras,C:\Users\Zhifei Chen\Desktop\pysmell\subjects_for_metrics\keras\keras\models.py,214,1,,,0,0,0
keras,C:\Users\Zhifei Chen\Desktop\pysmell\subjects_for_metrics\keras\keras\models.py,228,1,,,0,0,0
keras,C:\Users\Zhifei Chen\Desktop\pysmell\subjects_for_metrics\keras\keras\models.py,241,1,,,0,0,0
keras,C:\Users\Zhifei Chen\Desktop\pysmell\subjects_for_metrics\keras\keras\models.py,247,,2,1,0,0,0
keras,C:\Users\Zhifei Chen\Desktop\pysmell\subjects_for_metrics\keras\keras\models.py,248,1,,,0,0,0
keras,C:\Users\Zhifei Chen\Desktop\pysmell\subjects_for_metrics\keras\keras\models.py,256,1,,,0,0,0
keras,C:\Users\Zhifei Chen\Desktop\pysmell\subjects_for_metrics\keras\keras\models.py,260,2,,,0,0,0
keras,C:\Users\Zhifei Chen\Desktop\pysmell\subjects_for_metrics\keras\keras\models.py,269,1,,,0,0,0
keras,C:\Users\Zhifei Chen\Desktop\pysmell\subjects_for_metrics\keras\keras\models.py,275,,2,1,0,0,0
keras,C:\Users\Zhifei Chen\Desktop\pysmell\subjects_for_metrics\keras\keras\models.py,276,1,,,0,0,0
keras,C:\Users\Zhifei Chen\Desktop\pysmell\subjects_for_metrics\keras\keras\models.py,285,1,,,0,0,0
keras,C:\Users\Zhifei Chen\Desktop\pysmell\subjects_for_metrics\keras\keras\models.py,289,1,,,0,0,0
keras,C:\Users\Zhifei Chen\Desktop\pysmell\subjects_for_metrics\keras\keras\models.py,294,1,,,0,0,0
keras,C:\Users\Zhifei Chen\Desktop\pysmell\subjects_for_metrics\keras\keras\models.py,301,1,,,0,0,0
keras,C:\Users\Zhifei Chen\Desktop\pysmell\subjects_for_metrics\keras\keras\models.py,303,1,,,0,0,0
keras,C:\Users\Zhifei Chen\Desktop\pysmell\subjects_for_metrics\keras\keras\models.py,306,1,,,0,0,0
keras,C:\Users\Zhifei Chen\Desktop\pysmell\subjects_for_metrics\keras\keras\models.py,308,1,,,0,0,0
keras,C:\Users\Zhifei Chen\Desktop\pysmell\subjects_for_metrics\keras\keras\models.py,361,1,,,0,0,0
keras,C:\Users\Zhifei Chen\Desktop\pysmell\subjects_for_metrics\keras\keras\models.py,362,1,,,0,0,0
keras,C:\Users\Zhifei Chen\Desktop\pysmell\subjects_for_metrics\keras\keras\models.py,454,1,,,0,0,0
keras,C:\Users\Zhifei Chen\Desktop\pysmell\subjects_for_metrics\keras\keras\models.py,466,1,,,0,0,0
keras,C:\Users\Zhifei Chen\Desktop\pysmell\subjects_for_metrics\keras\keras\models.py,473,1,,,0,0,0
keras,C:\Users\Zhifei Chen\Desktop\pysmell\subjects_for_metrics\keras\keras\models.py,493,1,,,0,0,0
keras,C:\Users\Zhifei Chen\Desktop\pysmell\subjects_for_metrics\keras\keras\models.py,522,1,,,0,0,0
keras,C:\Users\Zhifei Chen\Desktop\pysmell\subjects_for_metrics\keras\keras\models.py,532,1,,,0,0,0
keras,C:\Users\Zhifei Chen\Desktop\pysmell\subjects_for_metrics\keras\keras\models.py,542,1,,,0,0,0
keras,C:\Users\Zhifei Chen\Desktop\pysmell\subjects_for_metrics\keras\keras\models.py,546,1,,,0,0,0
keras,C:\Users\Zhifei Chen\Desktop\pysmell\subjects_for_metrics\keras\keras\models.py,550,1,,,0,0,0
keras,C:\Users\Zhifei Chen\Desktop\pysmell\subjects_for_metrics\keras\keras\models.py,562,1,,,0,0,0
keras,C:\Users\Zhifei Chen\Desktop\pysmell\subjects_for_metrics\keras\keras\models.py,563,1,,,0,0,0
keras,C:\Users\Zhifei Chen\Desktop\pysmell\subjects_for_metrics\keras\keras\models.py,564,1,,,0,0,0
keras,C:\Users\Zhifei Chen\Desktop\pysmell\subjects_for_metrics\keras\keras\models.py,564,1,,,0,0,0
keras,C:\Users\Zhifei Chen\Desktop\pysmell\subjects_for_metrics\keras\keras\models.py,565,1,,,0,0,0
keras,C:\Users\Zhifei Chen\Desktop\pysmell\subjects_for_metrics\keras\keras\models.py,579,1,,,0,0,0
keras,C:\Users\Zhifei Chen\Desktop\pysmell\subjects_for_metrics\keras\keras\models.py,580,1,,,0,0,0
keras,C:\Users\Zhifei Chen\Desktop\pysmell\subjects_for_metrics\keras\keras\models.py,602,1,,,0,0,0
keras,C:\Users\Zhifei Chen\Desktop\pysmell\subjects_for_metrics\keras\keras\models.py,623,1,,,0,0,0
keras,C:\Users\Zhifei Chen\Desktop\pysmell\subjects_for_metrics\keras\keras\models.py,626,1,,,0,0,0
keras,C:\Users\Zhifei Chen\Desktop\pysmell\subjects_for_metrics\keras\keras\models.py,626,1,,,0,0,0
keras,C:\Users\Zhifei Chen\Desktop\pysmell\subjects_for_metrics\keras\keras\models.py,631,1,,,0,0,0
keras,C:\Users\Zhifei Chen\Desktop\pysmell\subjects_for_metrics\keras\keras\models.py,633,1,,,0,0,0
keras,C:\Users\Zhifei Chen\Desktop\pysmell\subjects_for_metrics\keras\keras\models.py,633,1,,,0,0,0
keras,C:\Users\Zhifei Chen\Desktop\pysmell\subjects_for_metrics\keras\keras\models.py,638,1,,,0,0,0
keras,C:\Users\Zhifei Chen\Desktop\pysmell\subjects_for_metrics\keras\keras\models.py,643,1,,,0,0,0
keras,C:\Users\Zhifei Chen\Desktop\pysmell\subjects_for_metrics\keras\keras\models.py,644,1,,,0,0,0
keras,C:\Users\Zhifei Chen\Desktop\pysmell\subjects_for_metrics\keras\keras\models.py,646,1,,,0,0,0
keras,C:\Users\Zhifei Chen\Desktop\pysmell\subjects_for_metrics\keras\keras\models.py,647,1,,,0,0,0
keras,C:\Users\Zhifei Chen\Desktop\pysmell\subjects_for_metrics\keras\keras\models.py,656,1,,,0,0,0
keras,C:\Users\Zhifei Chen\Desktop\pysmell\subjects_for_metrics\keras\keras\models.py,657,1,,,0,0,0
keras,C:\Users\Zhifei Chen\Desktop\pysmell\subjects_for_metrics\keras\keras\models.py,657,1,,,0,0,0
keras,C:\Users\Zhifei Chen\Desktop\pysmell\subjects_for_metrics\keras\keras\models.py,660,1,,,0,0,0
keras,C:\Users\Zhifei Chen\Desktop\pysmell\subjects_for_metrics\keras\keras\models.py,670,1,,,0,0,0
keras,C:\Users\Zhifei Chen\Desktop\pysmell\subjects_for_metrics\keras\keras\models.py,671,1,,,0,0,0
keras,C:\Users\Zhifei Chen\Desktop\pysmell\subjects_for_metrics\keras\keras\models.py,672,1,,,0,0,0
keras,C:\Users\Zhifei Chen\Desktop\pysmell\subjects_for_metrics\keras\keras\models.py,681,1,,,0,0,0
keras,C:\Users\Zhifei Chen\Desktop\pysmell\subjects_for_metrics\keras\keras\models.py,684,1,,,0,0,0
keras,C:\Users\Zhifei Chen\Desktop\pysmell\subjects_for_metrics\keras\keras\models.py,684,1,,,0,0,0
keras,C:\Users\Zhifei Chen\Desktop\pysmell\subjects_for_metrics\keras\keras\models.py,686,1,,,0,0,0
keras,C:\Users\Zhifei Chen\Desktop\pysmell\subjects_for_metrics\keras\keras\models.py,689,1,,,0,0,0
keras,C:\Users\Zhifei Chen\Desktop\pysmell\subjects_for_metrics\keras\keras\models.py,701,1,,,0,0,0
keras,C:\Users\Zhifei Chen\Desktop\pysmell\subjects_for_metrics\keras\keras\models.py,713,1,,,0,0,0
keras,C:\Users\Zhifei Chen\Desktop\pysmell\subjects_for_metrics\keras\keras\models.py,717,1,,,0,0,0
keras,C:\Users\Zhifei Chen\Desktop\pysmell\subjects_for_metrics\keras\keras\models.py,725,1,,,0,0,0
keras,C:\Users\Zhifei Chen\Desktop\pysmell\subjects_for_metrics\keras\keras\models.py,726,1,,,0,0,0
keras,C:\Users\Zhifei Chen\Desktop\pysmell\subjects_for_metrics\keras\keras\models.py,726,1,,,0,0,0
keras,C:\Users\Zhifei Chen\Desktop\pysmell\subjects_for_metrics\keras\keras\optimizers.py,26,1,,,0,0,0
keras,C:\Users\Zhifei Chen\Desktop\pysmell\subjects_for_metrics\keras\keras\optimizers.py,31,1,,,0,0,0
keras,C:\Users\Zhifei Chen\Desktop\pysmell\subjects_for_metrics\keras\keras\optimizers.py,66,,2,1,0,0,0
keras,C:\Users\Zhifei Chen\Desktop\pysmell\subjects_for_metrics\keras\keras\optimizers.py,193,,2,1,0,0,0
keras,C:\Users\Zhifei Chen\Desktop\pysmell\subjects_for_metrics\keras\keras\datasets\cifar.py,15,1,,,0,0,0
keras,C:\Users\Zhifei Chen\Desktop\pysmell\subjects_for_metrics\keras\keras\datasets\cifar.py,16,1,,,0,0,0
keras,C:\Users\Zhifei Chen\Desktop\pysmell\subjects_for_metrics\keras\keras\datasets\cifar.py,18,1,,,0,0,0
keras,C:\Users\Zhifei Chen\Desktop\pysmell\subjects_for_metrics\keras\keras\datasets\cifar.py,19,1,,,0,0,0
keras,C:\Users\Zhifei Chen\Desktop\pysmell\subjects_for_metrics\keras\keras\datasets\cifar.py,21,1,,,0,0,0
keras,C:\Users\Zhifei Chen\Desktop\pysmell\subjects_for_metrics\keras\keras\datasets\cifar10.py,22,1,,,0,0,0
keras,C:\Users\Zhifei Chen\Desktop\pysmell\subjects_for_metrics\keras\keras\datasets\cifar10.py,23,1,,,0,0,0
keras,C:\Users\Zhifei Chen\Desktop\pysmell\subjects_for_metrics\keras\keras\datasets\cifar10.py,31,,2,1,0,0,0
keras,C:\Users\Zhifei Chen\Desktop\pysmell\subjects_for_metrics\keras\keras\datasets\cifar100.py,28,,2,1,0,0,0
keras,C:\Users\Zhifei Chen\Desktop\pysmell\subjects_for_metrics\keras\keras\datasets\imdb.py,60,1,,,0,0,0
keras,C:\Users\Zhifei Chen\Desktop\pysmell\subjects_for_metrics\keras\keras\datasets\imdb.py,61,1,,,0,0,0
keras,C:\Users\Zhifei Chen\Desktop\pysmell\subjects_for_metrics\keras\keras\datasets\imdb.py,63,1,,,0,0,0
keras,C:\Users\Zhifei Chen\Desktop\pysmell\subjects_for_metrics\keras\keras\datasets\imdb.py,64,1,,,0,0,0
keras,C:\Users\Zhifei Chen\Desktop\pysmell\subjects_for_metrics\keras\keras\datasets\imdb.py,66,,2,1,0,0,0
keras,C:\Users\Zhifei Chen\Desktop\pysmell\subjects_for_metrics\keras\keras\datasets\reuters.py,26,1,,,0,0,0
keras,C:\Users\Zhifei Chen\Desktop\pysmell\subjects_for_metrics\keras\keras\datasets\reuters.py,27,1,,,0,0,0
keras,C:\Users\Zhifei Chen\Desktop\pysmell\subjects_for_metrics\keras\keras\datasets\reuters.py,31,1,,,0,0,0
keras,C:\Users\Zhifei Chen\Desktop\pysmell\subjects_for_metrics\keras\keras\datasets\reuters.py,36,1,,,0,0,0
keras,C:\Users\Zhifei Chen\Desktop\pysmell\subjects_for_metrics\keras\keras\datasets\reuters.py,37,1,,,0,0,0
keras,C:\Users\Zhifei Chen\Desktop\pysmell\subjects_for_metrics\keras\keras\datasets\reuters.py,42,1,,,0,0,0
keras,C:\Users\Zhifei Chen\Desktop\pysmell\subjects_for_metrics\keras\keras\datasets\reuters.py,45,1,,,0,0,0
keras,C:\Users\Zhifei Chen\Desktop\pysmell\subjects_for_metrics\keras\keras\datasets\reuters.py,45,1,,,0,0,0
keras,C:\Users\Zhifei Chen\Desktop\pysmell\subjects_for_metrics\keras\keras\datasets\reuters.py,46,1,,,0,0,0
keras,C:\Users\Zhifei Chen\Desktop\pysmell\subjects_for_metrics\keras\keras\datasets\reuters.py,47,1,,,0,0,0
keras,C:\Users\Zhifei Chen\Desktop\pysmell\subjects_for_metrics\keras\keras\datasets\reuters.py,59,1,,,0,0,0
keras,C:\Users\Zhifei Chen\Desktop\pysmell\subjects_for_metrics\keras\keras\datasets\reuters.py,61,1,,,0,0,0
keras,C:\Users\Zhifei Chen\Desktop\pysmell\subjects_for_metrics\keras\keras\datasets\reuters.py,76,1,,,0,0,0
keras,C:\Users\Zhifei Chen\Desktop\pysmell\subjects_for_metrics\keras\keras\datasets\reuters.py,76,1,,,0,0,0
keras,C:\Users\Zhifei Chen\Desktop\pysmell\subjects_for_metrics\keras\keras\datasets\reuters.py,131,1,,,0,0,0
keras,C:\Users\Zhifei Chen\Desktop\pysmell\subjects_for_metrics\keras\keras\datasets\reuters.py,132,1,,,0,0,0
keras,C:\Users\Zhifei Chen\Desktop\pysmell\subjects_for_metrics\keras\keras\datasets\reuters.py,134,1,,,0,0,0
keras,C:\Users\Zhifei Chen\Desktop\pysmell\subjects_for_metrics\keras\keras\datasets\reuters.py,135,1,,,0,0,0
keras,C:\Users\Zhifei Chen\Desktop\pysmell\subjects_for_metrics\keras\keras\datasets\reuters.py,137,,2,1,0,0,0
keras,C:\Users\Zhifei Chen\Desktop\pysmell\subjects_for_metrics\keras\keras\datasets\reuters.py,148,,2,1,0,0,0
keras,C:\Users\Zhifei Chen\Desktop\pysmell\subjects_for_metrics\keras\keras\layers\advanced_activations.py,36,1,,,0,0,0
keras,C:\Users\Zhifei Chen\Desktop\pysmell\subjects_for_metrics\keras\keras\layers\advanced_activations.py,73,1,,,0,0,0
keras,C:\Users\Zhifei Chen\Desktop\pysmell\subjects_for_metrics\keras\keras\layers\containers.py,32,1,,,0,0,0
keras,C:\Users\Zhifei Chen\Desktop\pysmell\subjects_for_metrics\keras\keras\layers\containers.py,37,1,,,0,0,0
keras,C:\Users\Zhifei Chen\Desktop\pysmell\subjects_for_metrics\keras\keras\layers\containers.py,37,1,,,0,0,0
keras,C:\Users\Zhifei Chen\Desktop\pysmell\subjects_for_metrics\keras\keras\layers\containers.py,38,1,,,0,0,0
keras,C:\Users\Zhifei Chen\Desktop\pysmell\subjects_for_metrics\keras\keras\layers\containers.py,49,1,,,0,0,0
keras,C:\Users\Zhifei Chen\Desktop\pysmell\subjects_for_metrics\keras\keras\layers\containers.py,52,1,,,0,0,0
keras,C:\Users\Zhifei Chen\Desktop\pysmell\subjects_for_metrics\keras\keras\layers\containers.py,58,1,,,0,0,0
keras,C:\Users\Zhifei Chen\Desktop\pysmell\subjects_for_metrics\keras\keras\layers\containers.py,62,1,,,0,0,0
keras,C:\Users\Zhifei Chen\Desktop\pysmell\subjects_for_metrics\keras\keras\layers\containers.py,64,1,,,0,0,0
keras,C:\Users\Zhifei Chen\Desktop\pysmell\subjects_for_metrics\keras\keras\layers\containers.py,78,1,,,0,0,0
keras,C:\Users\Zhifei Chen\Desktop\pysmell\subjects_for_metrics\keras\keras\layers\containers.py,79,1,,,0,0,0
keras,C:\Users\Zhifei Chen\Desktop\pysmell\subjects_for_metrics\keras\keras\layers\containers.py,79,1,,,0,0,0
keras,C:\Users\Zhifei Chen\Desktop\pysmell\subjects_for_metrics\keras\keras\layers\containers.py,80,1,,,0,0,0
keras,C:\Users\Zhifei Chen\Desktop\pysmell\subjects_for_metrics\keras\keras\layers\containers.py,134,1,,,0,0,0
keras,C:\Users\Zhifei Chen\Desktop\pysmell\subjects_for_metrics\keras\keras\layers\containers.py,134,1,,,0,0,0
keras,C:\Users\Zhifei Chen\Desktop\pysmell\subjects_for_metrics\keras\keras\layers\containers.py,140,1,,,0,0,0
keras,C:\Users\Zhifei Chen\Desktop\pysmell\subjects_for_metrics\keras\keras\layers\containers.py,140,1,,,0,0,0
keras,C:\Users\Zhifei Chen\Desktop\pysmell\subjects_for_metrics\keras\keras\layers\containers.py,146,1,,,0,0,0
keras,C:\Users\Zhifei Chen\Desktop\pysmell\subjects_for_metrics\keras\keras\layers\containers.py,146,1,,,0,0,0
keras,C:\Users\Zhifei Chen\Desktop\pysmell\subjects_for_metrics\keras\keras\layers\containers.py,158,1,,,0,0,0
keras,C:\Users\Zhifei Chen\Desktop\pysmell\subjects_for_metrics\keras\keras\layers\containers.py,158,1,,,0,0,0
keras,C:\Users\Zhifei Chen\Desktop\pysmell\subjects_for_metrics\keras\keras\layers\containers.py,165,1,,,0,0,0
keras,C:\Users\Zhifei Chen\Desktop\pysmell\subjects_for_metrics\keras\keras\layers\containers.py,165,1,,,0,0,0
keras,C:\Users\Zhifei Chen\Desktop\pysmell\subjects_for_metrics\keras\keras\layers\containers.py,185,1,,,0,0,0
keras,C:\Users\Zhifei Chen\Desktop\pysmell\subjects_for_metrics\keras\keras\layers\containers.py,200,1,,,0,0,0
keras,C:\Users\Zhifei Chen\Desktop\pysmell\subjects_for_metrics\keras\keras\layers\containers.py,202,1,,,0,0,0
keras,C:\Users\Zhifei Chen\Desktop\pysmell\subjects_for_metrics\keras\keras\layers\containers.py,207,1,,,0,0,0
keras,C:\Users\Zhifei Chen\Desktop\pysmell\subjects_for_metrics\keras\keras\layers\containers.py,209,1,,,0,0,0
keras,C:\Users\Zhifei Chen\Desktop\pysmell\subjects_for_metrics\keras\keras\layers\containers.py,216,1,,,0,0,0
keras,C:\Users\Zhifei Chen\Desktop\pysmell\subjects_for_metrics\keras\keras\layers\containers.py,240,1,,,0,0,0
keras,C:\Users\Zhifei Chen\Desktop\pysmell\subjects_for_metrics\keras\keras\layers\containers.py,240,1,,,0,0,0
keras,C:\Users\Zhifei Chen\Desktop\pysmell\subjects_for_metrics\keras\keras\layers\containers.py,242,1,,,0,0,0
keras,C:\Users\Zhifei Chen\Desktop\pysmell\subjects_for_metrics\keras\keras\layers\containers.py,242,1,,,0,0,0
keras,C:\Users\Zhifei Chen\Desktop\pysmell\subjects_for_metrics\keras\keras\layers\containers.py,248,1,,,0,0,0
keras,C:\Users\Zhifei Chen\Desktop\pysmell\subjects_for_metrics\keras\keras\layers\containers.py,250,1,,,0,0,0
keras,C:\Users\Zhifei Chen\Desktop\pysmell\subjects_for_metrics\keras\keras\layers\containers.py,266,1,,,0,0,0
keras,C:\Users\Zhifei Chen\Desktop\pysmell\subjects_for_metrics\keras\keras\layers\containers.py,266,1,,,0,0,0
keras,C:\Users\Zhifei Chen\Desktop\pysmell\subjects_for_metrics\keras\keras\layers\containers.py,266,1,,,0,0,0
keras,C:\Users\Zhifei Chen\Desktop\pysmell\subjects_for_metrics\keras\keras\layers\convolutional.py,84,1,,,0,0,0
keras,C:\Users\Zhifei Chen\Desktop\pysmell\subjects_for_metrics\keras\keras\layers\convolutional.py,88,1,,,0,0,0
keras,C:\Users\Zhifei Chen\Desktop\pysmell\subjects_for_metrics\keras\keras\layers\convolutional.py,114,1,,,0,0,0
keras,C:\Users\Zhifei Chen\Desktop\pysmell\subjects_for_metrics\keras\keras\layers\convolutional.py,114,1,,,0,0,0
keras,C:\Users\Zhifei Chen\Desktop\pysmell\subjects_for_metrics\keras\keras\layers\convolutional.py,115,1,,,0,0,0
keras,C:\Users\Zhifei Chen\Desktop\pysmell\subjects_for_metrics\keras\keras\layers\convolutional.py,119,1,,,0,0,0
keras,C:\Users\Zhifei Chen\Desktop\pysmell\subjects_for_metrics\keras\keras\layers\convolutional.py,119,1,,,0,0,0
keras,C:\Users\Zhifei Chen\Desktop\pysmell\subjects_for_metrics\keras\keras\layers\convolutional.py,119,1,,,0,0,0
keras,C:\Users\Zhifei Chen\Desktop\pysmell\subjects_for_metrics\keras\keras\layers\convolutional.py,140,1,,,0,0,0
keras,C:\Users\Zhifei Chen\Desktop\pysmell\subjects_for_metrics\keras\keras\layers\convolutional.py,140,1,,,0,0,0
keras,C:\Users\Zhifei Chen\Desktop\pysmell\subjects_for_metrics\keras\keras\layers\convolutional.py,140,1,,,0,0,0
keras,C:\Users\Zhifei Chen\Desktop\pysmell\subjects_for_metrics\keras\keras\layers\convolutional.py,148,1,,,0,0,0
keras,C:\Users\Zhifei Chen\Desktop\pysmell\subjects_for_metrics\keras\keras\layers\convolutional.py,148,1,,,0,0,0
keras,C:\Users\Zhifei Chen\Desktop\pysmell\subjects_for_metrics\keras\keras\layers\convolutional.py,151,1,,,0,0,0
keras,C:\Users\Zhifei Chen\Desktop\pysmell\subjects_for_metrics\keras\keras\layers\convolutional.py,151,1,,,0,0,0
keras,C:\Users\Zhifei Chen\Desktop\pysmell\subjects_for_metrics\keras\keras\layers\convolutional.py,151,1,,,0,0,0
keras,C:\Users\Zhifei Chen\Desktop\pysmell\subjects_for_metrics\keras\keras\layers\convolutional.py,204,1,,,0,0,0
keras,C:\Users\Zhifei Chen\Desktop\pysmell\subjects_for_metrics\keras\keras\layers\convolutional.py,231,1,,,0,0,0
keras,C:\Users\Zhifei Chen\Desktop\pysmell\subjects_for_metrics\keras\keras\layers\convolutional.py,232,1,,,0,0,0
keras,C:\Users\Zhifei Chen\Desktop\pysmell\subjects_for_metrics\keras\keras\layers\convolutional.py,233,1,,,0,0,0
keras,C:\Users\Zhifei Chen\Desktop\pysmell\subjects_for_metrics\keras\keras\layers\convolutional.py,234,1,,,0,0,0
keras,C:\Users\Zhifei Chen\Desktop\pysmell\subjects_for_metrics\keras\keras\layers\convolutional.py,235,1,,,0,0,0
keras,C:\Users\Zhifei Chen\Desktop\pysmell\subjects_for_metrics\keras\keras\layers\convolutional.py,243,1,,,0,0,0
keras,C:\Users\Zhifei Chen\Desktop\pysmell\subjects_for_metrics\keras\keras\layers\convolutional.py,244,1,,,0,0,0
keras,C:\Users\Zhifei Chen\Desktop\pysmell\subjects_for_metrics\keras\keras\layers\convolutional.py,266,1,,,0,0,0
keras,C:\Users\Zhifei Chen\Desktop\pysmell\subjects_for_metrics\keras\keras\layers\convolutional.py,266,1,,,0,0,0
keras,C:\Users\Zhifei Chen\Desktop\pysmell\subjects_for_metrics\keras\keras\layers\convolutional.py,266,1,,,0,0,0
keras,C:\Users\Zhifei Chen\Desktop\pysmell\subjects_for_metrics\keras\keras\layers\convolutional.py,306,1,,,0,0,0
keras,C:\Users\Zhifei Chen\Desktop\pysmell\subjects_for_metrics\keras\keras\layers\convolutional.py,307,1,,,0,0,0
keras,C:\Users\Zhifei Chen\Desktop\pysmell\subjects_for_metrics\keras\keras\layers\convolutional.py,307,1,,,0,0,0
keras,C:\Users\Zhifei Chen\Desktop\pysmell\subjects_for_metrics\keras\keras\layers\convolutional.py,311,1,,,0,0,0
keras,C:\Users\Zhifei Chen\Desktop\pysmell\subjects_for_metrics\keras\keras\layers\convolutional.py,311,1,,,0,0,0
keras,C:\Users\Zhifei Chen\Desktop\pysmell\subjects_for_metrics\keras\keras\layers\convolutional.py,311,1,,,0,0,0
keras,C:\Users\Zhifei Chen\Desktop\pysmell\subjects_for_metrics\keras\keras\layers\convolutional.py,314,1,,,0,0,0
keras,C:\Users\Zhifei Chen\Desktop\pysmell\subjects_for_metrics\keras\keras\layers\convolutional.py,314,1,,,0,0,0
keras,C:\Users\Zhifei Chen\Desktop\pysmell\subjects_for_metrics\keras\keras\layers\convolutional.py,314,1,,,0,0,0
keras,C:\Users\Zhifei Chen\Desktop\pysmell\subjects_for_metrics\keras\keras\layers\convolutional.py,340,1,,,0,0,0
keras,C:\Users\Zhifei Chen\Desktop\pysmell\subjects_for_metrics\keras\keras\layers\convolutional.py,340,1,,,0,0,0
keras,C:\Users\Zhifei Chen\Desktop\pysmell\subjects_for_metrics\keras\keras\layers\convolutional.py,340,1,,,0,0,0
keras,C:\Users\Zhifei Chen\Desktop\pysmell\subjects_for_metrics\keras\keras\layers\convolutional.py,341,1,,,0,0,0
keras,C:\Users\Zhifei Chen\Desktop\pysmell\subjects_for_metrics\keras\keras\layers\convolutional.py,341,1,,,0,0,0
keras,C:\Users\Zhifei Chen\Desktop\pysmell\subjects_for_metrics\keras\keras\layers\convolutional.py,341,1,,,0,0,0
keras,C:\Users\Zhifei Chen\Desktop\pysmell\subjects_for_metrics\keras\keras\layers\convolutional.py,342,1,,,0,0,0
keras,C:\Users\Zhifei Chen\Desktop\pysmell\subjects_for_metrics\keras\keras\layers\convolutional.py,342,1,,,0,0,0
keras,C:\Users\Zhifei Chen\Desktop\pysmell\subjects_for_metrics\keras\keras\layers\convolutional.py,369,1,,,0,0,0
keras,C:\Users\Zhifei Chen\Desktop\pysmell\subjects_for_metrics\keras\keras\layers\convolutional.py,369,1,,,0,0,0
keras,C:\Users\Zhifei Chen\Desktop\pysmell\subjects_for_metrics\keras\keras\layers\convolutional.py,369,1,,,0,0,0
keras,C:\Users\Zhifei Chen\Desktop\pysmell\subjects_for_metrics\keras\keras\layers\convolutional.py,394,1,,,0,0,0
keras,C:\Users\Zhifei Chen\Desktop\pysmell\subjects_for_metrics\keras\keras\layers\convolutional.py,394,1,,,0,0,0
keras,C:\Users\Zhifei Chen\Desktop\pysmell\subjects_for_metrics\keras\keras\layers\convolutional.py,394,1,,,0,0,0
keras,C:\Users\Zhifei Chen\Desktop\pysmell\subjects_for_metrics\keras\keras\layers\convolutional.py,394,1,,,0,0,0
keras,C:\Users\Zhifei Chen\Desktop\pysmell\subjects_for_metrics\keras\keras\layers\convolutional.py,394,1,,,0,0,0
keras,C:\Users\Zhifei Chen\Desktop\pysmell\subjects_for_metrics\keras\keras\layers\convolutional.py,394,1,,,0,0,0
keras,C:\Users\Zhifei Chen\Desktop\pysmell\subjects_for_metrics\keras\keras\layers\convolutional.py,398,1,,,0,0,0
keras,C:\Users\Zhifei Chen\Desktop\pysmell\subjects_for_metrics\keras\keras\layers\convolutional.py,399,1,,,0,0,0
keras,C:\Users\Zhifei Chen\Desktop\pysmell\subjects_for_metrics\keras\keras\layers\convolutional.py,436,1,,,0,0,0
keras,C:\Users\Zhifei Chen\Desktop\pysmell\subjects_for_metrics\keras\keras\layers\convolutional.py,436,1,,,0,0,0
keras,C:\Users\Zhifei Chen\Desktop\pysmell\subjects_for_metrics\keras\keras\layers\convolutional.py,436,1,,,0,0,0
keras,C:\Users\Zhifei Chen\Desktop\pysmell\subjects_for_metrics\keras\keras\layers\convolutional.py,441,1,,,0,0,0
keras,C:\Users\Zhifei Chen\Desktop\pysmell\subjects_for_metrics\keras\keras\layers\convolutional.py,442,1,,,0,0,0
keras,C:\Users\Zhifei Chen\Desktop\pysmell\subjects_for_metrics\keras\keras\layers\convolutional.py,443,1,,,0,0,0
keras,C:\Users\Zhifei Chen\Desktop\pysmell\subjects_for_metrics\keras\keras\layers\convolutional.py,445,1,,,0,0,0
keras,C:\Users\Zhifei Chen\Desktop\pysmell\subjects_for_metrics\keras\keras\layers\convolutional.py,445,1,,,0,0,0
keras,C:\Users\Zhifei Chen\Desktop\pysmell\subjects_for_metrics\keras\keras\layers\convolutional.py,481,1,,,0,0,0
keras,C:\Users\Zhifei Chen\Desktop\pysmell\subjects_for_metrics\keras\keras\layers\convolutional.py,482,1,,,0,0,0
keras,C:\Users\Zhifei Chen\Desktop\pysmell\subjects_for_metrics\keras\keras\layers\convolutional.py,483,1,,,0,0,0
keras,C:\Users\Zhifei Chen\Desktop\pysmell\subjects_for_metrics\keras\keras\layers\convolutional.py,483,1,,,0,0,0
keras,C:\Users\Zhifei Chen\Desktop\pysmell\subjects_for_metrics\keras\keras\layers\convolutional.py,484,1,,,0,0,0
keras,C:\Users\Zhifei Chen\Desktop\pysmell\subjects_for_metrics\keras\keras\layers\convolutional.py,484,1,,,0,0,0
keras,C:\Users\Zhifei Chen\Desktop\pysmell\subjects_for_metrics\keras\keras\layers\convolutional.py,489,1,,,0,0,0
keras,C:\Users\Zhifei Chen\Desktop\pysmell\subjects_for_metrics\keras\keras\layers\convolutional.py,490,1,,,0,0,0
keras,C:\Users\Zhifei Chen\Desktop\pysmell\subjects_for_metrics\keras\keras\layers\convolutional.py,491,1,,,0,0,0
keras,C:\Users\Zhifei Chen\Desktop\pysmell\subjects_for_metrics\keras\keras\layers\convolutional.py,491,1,,,0,0,0
keras,C:\Users\Zhifei Chen\Desktop\pysmell\subjects_for_metrics\keras\keras\layers\convolutional.py,492,1,,,0,0,0
keras,C:\Users\Zhifei Chen\Desktop\pysmell\subjects_for_metrics\keras\keras\layers\convolutional.py,492,1,,,0,0,0
keras,C:\Users\Zhifei Chen\Desktop\pysmell\subjects_for_metrics\keras\keras\layers\convolutional.py,496,1,,,0,0,0
keras,C:\Users\Zhifei Chen\Desktop\pysmell\subjects_for_metrics\keras\keras\layers\convolutional.py,496,1,,,0,0,0
keras,C:\Users\Zhifei Chen\Desktop\pysmell\subjects_for_metrics\keras\keras\layers\convolutional.py,496,1,,,0,0,0
keras,C:\Users\Zhifei Chen\Desktop\pysmell\subjects_for_metrics\keras\keras\layers\convolutional.py,497,1,,,0,0,0
keras,C:\Users\Zhifei Chen\Desktop\pysmell\subjects_for_metrics\keras\keras\layers\convolutional.py,497,1,,,0,0,0
keras,C:\Users\Zhifei Chen\Desktop\pysmell\subjects_for_metrics\keras\keras\layers\convolutional.py,497,1,,,0,0,0
keras,C:\Users\Zhifei Chen\Desktop\pysmell\subjects_for_metrics\keras\keras\layers\convolutional.py,498,1,,,0,0,0
keras,C:\Users\Zhifei Chen\Desktop\pysmell\subjects_for_metrics\keras\keras\layers\core.py,25,1,,,0,0,0
keras,C:\Users\Zhifei Chen\Desktop\pysmell\subjects_for_metrics\keras\keras\layers\core.py,135,1,,,0,0,0
keras,C:\Users\Zhifei Chen\Desktop\pysmell\subjects_for_metrics\keras\keras\layers\core.py,135,1,,,0,0,0
keras,C:\Users\Zhifei Chen\Desktop\pysmell\subjects_for_metrics\keras\keras\layers\core.py,165,1,,,0,0,0
keras,C:\Users\Zhifei Chen\Desktop\pysmell\subjects_for_metrics\keras\keras\layers\core.py,241,1,,,0,0,0
keras,C:\Users\Zhifei Chen\Desktop\pysmell\subjects_for_metrics\keras\keras\layers\core.py,248,1,,,0,0,0
keras,C:\Users\Zhifei Chen\Desktop\pysmell\subjects_for_metrics\keras\keras\layers\core.py,293,1,,,0,0,0
keras,C:\Users\Zhifei Chen\Desktop\pysmell\subjects_for_metrics\keras\keras\layers\core.py,295,1,,,0,0,0
keras,C:\Users\Zhifei Chen\Desktop\pysmell\subjects_for_metrics\keras\keras\layers\core.py,296,1,,,0,0,0
keras,C:\Users\Zhifei Chen\Desktop\pysmell\subjects_for_metrics\keras\keras\layers\core.py,297,1,,,0,0,0
keras,C:\Users\Zhifei Chen\Desktop\pysmell\subjects_for_metrics\keras\keras\layers\core.py,297,1,,,0,0,0
keras,C:\Users\Zhifei Chen\Desktop\pysmell\subjects_for_metrics\keras\keras\layers\core.py,305,1,,,0,0,0
keras,C:\Users\Zhifei Chen\Desktop\pysmell\subjects_for_metrics\keras\keras\layers\core.py,307,1,,,0,0,0
keras,C:\Users\Zhifei Chen\Desktop\pysmell\subjects_for_metrics\keras\keras\layers\core.py,312,1,,,0,0,0
keras,C:\Users\Zhifei Chen\Desktop\pysmell\subjects_for_metrics\keras\keras\layers\core.py,317,1,,,0,0,0
keras,C:\Users\Zhifei Chen\Desktop\pysmell\subjects_for_metrics\keras\keras\layers\core.py,321,1,,,0,0,0
keras,C:\Users\Zhifei Chen\Desktop\pysmell\subjects_for_metrics\keras\keras\layers\core.py,321,1,,,0,0,0
keras,C:\Users\Zhifei Chen\Desktop\pysmell\subjects_for_metrics\keras\keras\layers\core.py,324,1,,,0,0,0
keras,C:\Users\Zhifei Chen\Desktop\pysmell\subjects_for_metrics\keras\keras\layers\core.py,326,1,,,0,0,0
keras,C:\Users\Zhifei Chen\Desktop\pysmell\subjects_for_metrics\keras\keras\layers\core.py,334,1,,,0,0,0
keras,C:\Users\Zhifei Chen\Desktop\pysmell\subjects_for_metrics\keras\keras\layers\core.py,360,1,,,0,0,0
keras,C:\Users\Zhifei Chen\Desktop\pysmell\subjects_for_metrics\keras\keras\layers\core.py,361,1,,,0,0,0
keras,C:\Users\Zhifei Chen\Desktop\pysmell\subjects_for_metrics\keras\keras\layers\core.py,361,1,,,0,0,0
keras,C:\Users\Zhifei Chen\Desktop\pysmell\subjects_for_metrics\keras\keras\layers\core.py,362,1,,,0,0,0
keras,C:\Users\Zhifei Chen\Desktop\pysmell\subjects_for_metrics\keras\keras\layers\core.py,434,1,,,0,0,0
keras,C:\Users\Zhifei Chen\Desktop\pysmell\subjects_for_metrics\keras\keras\layers\core.py,438,1,,,0,0,0
keras,C:\Users\Zhifei Chen\Desktop\pysmell\subjects_for_metrics\keras\keras\layers\core.py,461,1,,,0,0,0
keras,C:\Users\Zhifei Chen\Desktop\pysmell\subjects_for_metrics\keras\keras\layers\core.py,462,1,,,0,0,0
keras,C:\Users\Zhifei Chen\Desktop\pysmell\subjects_for_metrics\keras\keras\layers\core.py,487,1,,,0,0,0
keras,C:\Users\Zhifei Chen\Desktop\pysmell\subjects_for_metrics\keras\keras\layers\core.py,487,1,,,0,0,0
keras,C:\Users\Zhifei Chen\Desktop\pysmell\subjects_for_metrics\keras\keras\layers\core.py,491,1,,,0,0,0
keras,C:\Users\Zhifei Chen\Desktop\pysmell\subjects_for_metrics\keras\keras\layers\core.py,492,1,,,0,0,0
keras,C:\Users\Zhifei Chen\Desktop\pysmell\subjects_for_metrics\keras\keras\layers\core.py,510,1,,,0,0,0
keras,C:\Users\Zhifei Chen\Desktop\pysmell\subjects_for_metrics\keras\keras\layers\core.py,510,1,,,0,0,0
keras,C:\Users\Zhifei Chen\Desktop\pysmell\subjects_for_metrics\keras\keras\layers\core.py,550,1,,,0,0,0
keras,C:\Users\Zhifei Chen\Desktop\pysmell\subjects_for_metrics\keras\keras\layers\core.py,554,1,,,0,0,0
keras,C:\Users\Zhifei Chen\Desktop\pysmell\subjects_for_metrics\keras\keras\layers\core.py,581,1,,,0,0,0
keras,C:\Users\Zhifei Chen\Desktop\pysmell\subjects_for_metrics\keras\keras\layers\core.py,658,1,,,0,0,0
keras,C:\Users\Zhifei Chen\Desktop\pysmell\subjects_for_metrics\keras\keras\layers\core.py,662,1,,,0,0,0
keras,C:\Users\Zhifei Chen\Desktop\pysmell\subjects_for_metrics\keras\keras\layers\core.py,690,1,,,0,0,0
keras,C:\Users\Zhifei Chen\Desktop\pysmell\subjects_for_metrics\keras\keras\layers\core.py,690,1,,,0,0,0
keras,C:\Users\Zhifei Chen\Desktop\pysmell\subjects_for_metrics\keras\keras\layers\core.py,759,1,,,0,0,0
keras,C:\Users\Zhifei Chen\Desktop\pysmell\subjects_for_metrics\keras\keras\layers\core.py,760,1,,,0,0,0
keras,C:\Users\Zhifei Chen\Desktop\pysmell\subjects_for_metrics\keras\keras\layers\core.py,821,1,,,0,0,0
keras,C:\Users\Zhifei Chen\Desktop\pysmell\subjects_for_metrics\keras\keras\layers\core.py,825,1,,,0,0,0
keras,C:\Users\Zhifei Chen\Desktop\pysmell\subjects_for_metrics\keras\keras\layers\core.py,852,1,,,0,0,0
keras,C:\Users\Zhifei Chen\Desktop\pysmell\subjects_for_metrics\keras\keras\layers\embeddings.py,38,1,,,0,0,0
keras,C:\Users\Zhifei Chen\Desktop\pysmell\subjects_for_metrics\keras\keras\layers\embeddings.py,66,1,,,0,0,0
keras,C:\Users\Zhifei Chen\Desktop\pysmell\subjects_for_metrics\keras\keras\layers\embeddings.py,70,1,,,0,0,0
keras,C:\Users\Zhifei Chen\Desktop\pysmell\subjects_for_metrics\keras\keras\layers\embeddings.py,135,1,,,0,0,0
keras,C:\Users\Zhifei Chen\Desktop\pysmell\subjects_for_metrics\keras\keras\layers\embeddings.py,139,1,,,0,0,0
keras,C:\Users\Zhifei Chen\Desktop\pysmell\subjects_for_metrics\keras\keras\layers\embeddings.py,139,1,,,0,0,0
keras,C:\Users\Zhifei Chen\Desktop\pysmell\subjects_for_metrics\keras\keras\layers\embeddings.py,140,1,,,0,0,0
keras,C:\Users\Zhifei Chen\Desktop\pysmell\subjects_for_metrics\keras\keras\layers\embeddings.py,140,1,,,0,0,0
keras,C:\Users\Zhifei Chen\Desktop\pysmell\subjects_for_metrics\keras\keras\layers\embeddings.py,143,1,,,0,0,0
keras,C:\Users\Zhifei Chen\Desktop\pysmell\subjects_for_metrics\keras\keras\layers\normalization.py,29,1,,,0,0,0
keras,C:\Users\Zhifei Chen\Desktop\pysmell\subjects_for_metrics\keras\keras\layers\normalization.py,45,,2,1,0,0,0
keras,C:\Users\Zhifei Chen\Desktop\pysmell\subjects_for_metrics\keras\keras\layers\normalization.py,55,1,,,0,0,0
keras,C:\Users\Zhifei Chen\Desktop\pysmell\subjects_for_metrics\keras\keras\layers\normalization.py,56,1,,,0,0,0
keras,C:\Users\Zhifei Chen\Desktop\pysmell\subjects_for_metrics\keras\keras\layers\normalization.py,57,1,,,0,0,0
keras,C:\Users\Zhifei Chen\Desktop\pysmell\subjects_for_metrics\keras\keras\layers\normalization.py,103,1,,,0,0,0
keras,C:\Users\Zhifei Chen\Desktop\pysmell\subjects_for_metrics\keras\keras\layers\normalization.py,106,1,,,0,0,0
keras,C:\Users\Zhifei Chen\Desktop\pysmell\subjects_for_metrics\keras\keras\layers\recurrent.py,35,1,,,0,0,0
keras,C:\Users\Zhifei Chen\Desktop\pysmell\subjects_for_metrics\keras\keras\layers\recurrent.py,43,1,,,0,0,0
keras,C:\Users\Zhifei Chen\Desktop\pysmell\subjects_for_metrics\keras\keras\layers\recurrent.py,43,1,,,0,0,0
keras,C:\Users\Zhifei Chen\Desktop\pysmell\subjects_for_metrics\keras\keras\layers\recurrent.py,45,1,,,0,0,0
keras,C:\Users\Zhifei Chen\Desktop\pysmell\subjects_for_metrics\keras\keras\layers\recurrent.py,70,1,,,0,0,0
keras,C:\Users\Zhifei Chen\Desktop\pysmell\subjects_for_metrics\keras\keras\layers\recurrent.py,74,1,,,0,0,0
keras,C:\Users\Zhifei Chen\Desktop\pysmell\subjects_for_metrics\keras\keras\layers\recurrent.py,108,1,,,0,0,0
keras,C:\Users\Zhifei Chen\Desktop\pysmell\subjects_for_metrics\keras\keras\layers\recurrent.py,114,1,,,0,0,0
keras,C:\Users\Zhifei Chen\Desktop\pysmell\subjects_for_metrics\keras\keras\layers\recurrent.py,158,1,,,0,0,0
keras,C:\Users\Zhifei Chen\Desktop\pysmell\subjects_for_metrics\keras\keras\layers\recurrent.py,162,1,,,0,0,0
keras,C:\Users\Zhifei Chen\Desktop\pysmell\subjects_for_metrics\keras\keras\layers\recurrent.py,176,1,,,0,0,0
keras,C:\Users\Zhifei Chen\Desktop\pysmell\subjects_for_metrics\keras\keras\layers\recurrent.py,177,1,,,0,0,0
keras,C:\Users\Zhifei Chen\Desktop\pysmell\subjects_for_metrics\keras\keras\layers\recurrent.py,178,1,,,0,0,0
keras,C:\Users\Zhifei Chen\Desktop\pysmell\subjects_for_metrics\keras\keras\layers\recurrent.py,190,1,,,0,0,0
keras,C:\Users\Zhifei Chen\Desktop\pysmell\subjects_for_metrics\keras\keras\layers\recurrent.py,192,1,,,0,0,0
keras,C:\Users\Zhifei Chen\Desktop\pysmell\subjects_for_metrics\keras\keras\layers\recurrent.py,210,1,,,0,0,0
keras,C:\Users\Zhifei Chen\Desktop\pysmell\subjects_for_metrics\keras\keras\layers\recurrent.py,267,1,,,0,0,0
keras,C:\Users\Zhifei Chen\Desktop\pysmell\subjects_for_metrics\keras\keras\layers\recurrent.py,271,1,,,0,0,0
keras,C:\Users\Zhifei Chen\Desktop\pysmell\subjects_for_metrics\keras\keras\layers\recurrent.py,318,1,,,0,0,0
keras,C:\Users\Zhifei Chen\Desktop\pysmell\subjects_for_metrics\keras\keras\layers\recurrent.py,324,1,,,0,0,0
keras,C:\Users\Zhifei Chen\Desktop\pysmell\subjects_for_metrics\keras\keras\layers\recurrent.py,384,1,,,0,0,0
keras,C:\Users\Zhifei Chen\Desktop\pysmell\subjects_for_metrics\keras\keras\layers\recurrent.py,388,1,,,0,0,0
keras,C:\Users\Zhifei Chen\Desktop\pysmell\subjects_for_metrics\keras\keras\layers\recurrent.py,442,,2,1,0,0,0
keras,C:\Users\Zhifei Chen\Desktop\pysmell\subjects_for_metrics\keras\keras\layers\recurrent.py,446,1,,,0,0,0
keras,C:\Users\Zhifei Chen\Desktop\pysmell\subjects_for_metrics\keras\keras\layers\recurrent.py,447,1,,,0,0,0
keras,C:\Users\Zhifei Chen\Desktop\pysmell\subjects_for_metrics\keras\keras\layers\recurrent.py,454,1,,,0,0,0
keras,C:\Users\Zhifei Chen\Desktop\pysmell\subjects_for_metrics\keras\keras\layers\recurrent.py,509,1,,,0,0,0
keras,C:\Users\Zhifei Chen\Desktop\pysmell\subjects_for_metrics\keras\keras\layers\recurrent.py,513,1,,,0,0,0
keras,C:\Users\Zhifei Chen\Desktop\pysmell\subjects_for_metrics\keras\keras\layers\recurrent.py,567,1,,,0,0,0
keras,C:\Users\Zhifei Chen\Desktop\pysmell\subjects_for_metrics\keras\keras\layers\recurrent.py,572,1,,,0,0,0
keras,C:\Users\Zhifei Chen\Desktop\pysmell\subjects_for_metrics\keras\keras\layers\recurrent.py,626,1,,,0,0,0
keras,C:\Users\Zhifei Chen\Desktop\pysmell\subjects_for_metrics\keras\keras\layers\recurrent.py,630,1,,,0,0,0
keras,C:\Users\Zhifei Chen\Desktop\pysmell\subjects_for_metrics\keras\keras\layers\recurrent.py,685,1,,,0,0,0
keras,C:\Users\Zhifei Chen\Desktop\pysmell\subjects_for_metrics\keras\keras\layers\recurrent.py,690,1,,,0,0,0
keras,C:\Users\Zhifei Chen\Desktop\pysmell\subjects_for_metrics\keras\keras\layers\recurrent.py,744,1,,,0,0,0
keras,C:\Users\Zhifei Chen\Desktop\pysmell\subjects_for_metrics\keras\keras\layers\recurrent.py,748,1,,,0,0,0
keras,C:\Users\Zhifei Chen\Desktop\pysmell\subjects_for_metrics\keras\keras\layers\recurrent.py,795,1,,,0,0,0
keras,C:\Users\Zhifei Chen\Desktop\pysmell\subjects_for_metrics\keras\keras\layers\recurrent.py,801,1,,,0,0,0
keras,C:\Users\Zhifei Chen\Desktop\pysmell\subjects_for_metrics\keras\keras\preprocessing\image.py,29,1,,,0,0,0
keras,C:\Users\Zhifei Chen\Desktop\pysmell\subjects_for_metrics\keras\keras\preprocessing\image.py,30,1,,,0,0,0
keras,C:\Users\Zhifei Chen\Desktop\pysmell\subjects_for_metrics\keras\keras\preprocessing\image.py,35,1,,,0,0,0
keras,C:\Users\Zhifei Chen\Desktop\pysmell\subjects_for_metrics\keras\keras\preprocessing\image.py,36,1,,,0,0,0
keras,C:\Users\Zhifei Chen\Desktop\pysmell\subjects_for_metrics\keras\keras\preprocessing\image.py,41,1,,,0,0,0
keras,C:\Users\Zhifei Chen\Desktop\pysmell\subjects_for_metrics\keras\keras\preprocessing\image.py,42,1,,,0,0,0
keras,C:\Users\Zhifei Chen\Desktop\pysmell\subjects_for_metrics\keras\keras\preprocessing\image.py,48,1,,,0,0,0
keras,C:\Users\Zhifei Chen\Desktop\pysmell\subjects_for_metrics\keras\keras\preprocessing\image.py,49,1,,,0,0,0
keras,C:\Users\Zhifei Chen\Desktop\pysmell\subjects_for_metrics\keras\keras\preprocessing\image.py,49,1,,,0,0,0
keras,C:\Users\Zhifei Chen\Desktop\pysmell\subjects_for_metrics\keras\keras\preprocessing\image.py,53,1,,,0,0,0
keras,C:\Users\Zhifei Chen\Desktop\pysmell\subjects_for_metrics\keras\keras\preprocessing\image.py,54,1,,,0,0,0
keras,C:\Users\Zhifei Chen\Desktop\pysmell\subjects_for_metrics\keras\keras\preprocessing\image.py,54,1,,,0,0,0
keras,C:\Users\Zhifei Chen\Desktop\pysmell\subjects_for_metrics\keras\keras\preprocessing\image.py,86,1,,,0,0,0
keras,C:\Users\Zhifei Chen\Desktop\pysmell\subjects_for_metrics\keras\keras\preprocessing\image.py,91,1,,,0,0,0
keras,C:\Users\Zhifei Chen\Desktop\pysmell\subjects_for_metrics\keras\keras\preprocessing\image.py,101,1,,,0,0,0
keras,C:\Users\Zhifei Chen\Desktop\pysmell\subjects_for_metrics\keras\keras\preprocessing\image.py,101,1,,,0,0,0
keras,C:\Users\Zhifei Chen\Desktop\pysmell\subjects_for_metrics\keras\keras\preprocessing\image.py,156,1,,,0,0,0
keras,C:\Users\Zhifei Chen\Desktop\pysmell\subjects_for_metrics\keras\keras\preprocessing\image.py,159,1,,,0,0,0
keras,C:\Users\Zhifei Chen\Desktop\pysmell\subjects_for_metrics\keras\keras\preprocessing\image.py,160,1,,,0,0,0
keras,C:\Users\Zhifei Chen\Desktop\pysmell\subjects_for_metrics\keras\keras\preprocessing\image.py,164,1,,,0,0,0
keras,C:\Users\Zhifei Chen\Desktop\pysmell\subjects_for_metrics\keras\keras\preprocessing\image.py,166,1,,,0,0,0
keras,C:\Users\Zhifei Chen\Desktop\pysmell\subjects_for_metrics\keras\keras\preprocessing\image.py,169,1,,,0,0,0
keras,C:\Users\Zhifei Chen\Desktop\pysmell\subjects_for_metrics\keras\keras\preprocessing\image.py,173,1,,,0,0,0
keras,C:\Users\Zhifei Chen\Desktop\pysmell\subjects_for_metrics\keras\keras\preprocessing\image.py,176,1,,,0,0,0
keras,C:\Users\Zhifei Chen\Desktop\pysmell\subjects_for_metrics\keras\keras\preprocessing\image.py,186,1,,,0,0,0
keras,C:\Users\Zhifei Chen\Desktop\pysmell\subjects_for_metrics\keras\keras\preprocessing\image.py,186,1,,,0,0,0
keras,C:\Users\Zhifei Chen\Desktop\pysmell\subjects_for_metrics\keras\keras\preprocessing\image.py,186,1,,,0,0,0
keras,C:\Users\Zhifei Chen\Desktop\pysmell\subjects_for_metrics\keras\keras\preprocessing\image.py,188,1,,,0,0,0
keras,C:\Users\Zhifei Chen\Desktop\pysmell\subjects_for_metrics\keras\keras\preprocessing\image.py,188,1,,,0,0,0
keras,C:\Users\Zhifei Chen\Desktop\pysmell\subjects_for_metrics\keras\keras\preprocessing\image.py,188,1,,,0,0,0
keras,C:\Users\Zhifei Chen\Desktop\pysmell\subjects_for_metrics\keras\keras\preprocessing\image.py,229,1,,,0,0,0
keras,C:\Users\Zhifei Chen\Desktop\pysmell\subjects_for_metrics\keras\keras\preprocessing\image.py,229,1,,,0,0,0
keras,C:\Users\Zhifei Chen\Desktop\pysmell\subjects_for_metrics\keras\keras\preprocessing\image.py,231,1,,,0,0,0
keras,C:\Users\Zhifei Chen\Desktop\pysmell\subjects_for_metrics\keras\keras\preprocessing\image.py,232,1,,,0,0,0
keras,C:\Users\Zhifei Chen\Desktop\pysmell\subjects_for_metrics\keras\keras\preprocessing\image.py,234,1,,,0,0,0
keras,C:\Users\Zhifei Chen\Desktop\pysmell\subjects_for_metrics\keras\keras\preprocessing\image.py,234,1,,,0,0,0
keras,C:\Users\Zhifei Chen\Desktop\pysmell\subjects_for_metrics\keras\keras\preprocessing\image.py,245,1,,,0,0,0
keras,C:\Users\Zhifei Chen\Desktop\pysmell\subjects_for_metrics\keras\keras\preprocessing\image.py,245,1,,,0,0,0
keras,C:\Users\Zhifei Chen\Desktop\pysmell\subjects_for_metrics\keras\keras\preprocessing\image.py,245,1,,,0,0,0
keras,C:\Users\Zhifei Chen\Desktop\pysmell\subjects_for_metrics\keras\keras\preprocessing\image.py,245,1,,,0,0,0
keras,C:\Users\Zhifei Chen\Desktop\pysmell\subjects_for_metrics\keras\keras\preprocessing\image.py,247,1,,,0,0,0
keras,C:\Users\Zhifei Chen\Desktop\pysmell\subjects_for_metrics\keras\keras\preprocessing\sequence.py,28,1,,,0,0,0
keras,C:\Users\Zhifei Chen\Desktop\pysmell\subjects_for_metrics\keras\keras\preprocessing\sequence.py,30,1,,,0,0,0
keras,C:\Users\Zhifei Chen\Desktop\pysmell\subjects_for_metrics\keras\keras\preprocessing\sequence.py,35,1,,,0,0,0
keras,C:\Users\Zhifei Chen\Desktop\pysmell\subjects_for_metrics\keras\keras\preprocessing\sequence.py,37,1,,,0,0,0
keras,C:\Users\Zhifei Chen\Desktop\pysmell\subjects_for_metrics\keras\keras\preprocessing\sequence.py,59,1,,,0,0,0
keras,C:\Users\Zhifei Chen\Desktop\pysmell\subjects_for_metrics\keras\keras\preprocessing\sequence.py,88,1,,,0,0,0
keras,C:\Users\Zhifei Chen\Desktop\pysmell\subjects_for_metrics\keras\keras\preprocessing\sequence.py,95,1,,,0,0,0
keras,C:\Users\Zhifei Chen\Desktop\pysmell\subjects_for_metrics\keras\keras\preprocessing\sequence.py,106,1,,,0,0,0
keras,C:\Users\Zhifei Chen\Desktop\pysmell\subjects_for_metrics\keras\keras\preprocessing\sequence.py,109,1,,,0,0,0
keras,C:\Users\Zhifei Chen\Desktop\pysmell\subjects_for_metrics\keras\keras\preprocessing\sequence.py,111,,2,1,0,0,0
keras,C:\Users\Zhifei Chen\Desktop\pysmell\subjects_for_metrics\keras\keras\preprocessing\text.py,62,1,,,0,0,0
keras,C:\Users\Zhifei Chen\Desktop\pysmell\subjects_for_metrics\keras\keras\preprocessing\text.py,64,1,,,0,0,0
keras,C:\Users\Zhifei Chen\Desktop\pysmell\subjects_for_metrics\keras\keras\preprocessing\text.py,67,1,,,0,0,0
keras,C:\Users\Zhifei Chen\Desktop\pysmell\subjects_for_metrics\keras\keras\preprocessing\text.py,69,1,,,0,0,0
keras,C:\Users\Zhifei Chen\Desktop\pysmell\subjects_for_metrics\keras\keras\preprocessing\text.py,72,1,,,0,0,0
keras,C:\Users\Zhifei Chen\Desktop\pysmell\subjects_for_metrics\keras\keras\preprocessing\text.py,73,1,,,0,0,0
keras,C:\Users\Zhifei Chen\Desktop\pysmell\subjects_for_metrics\keras\keras\preprocessing\text.py,78,1,,,0,0,0
keras,C:\Users\Zhifei Chen\Desktop\pysmell\subjects_for_metrics\keras\keras\preprocessing\text.py,78,1,,,0,0,0
keras,C:\Users\Zhifei Chen\Desktop\pysmell\subjects_for_metrics\keras\keras\preprocessing\text.py,91,1,,,0,0,0
keras,C:\Users\Zhifei Chen\Desktop\pysmell\subjects_for_metrics\keras\keras\preprocessing\text.py,93,1,,,0,0,0
keras,C:\Users\Zhifei Chen\Desktop\pysmell\subjects_for_metrics\keras\keras\preprocessing\text.py,160,1,,,0,0,0
keras,C:\Users\Zhifei Chen\Desktop\pysmell\subjects_for_metrics\keras\keras\preprocessing\text.py,162,1,,,0,0,0
keras,C:\Users\Zhifei Chen\Desktop\pysmell\subjects_for_metrics\keras\keras\preprocessing\text.py,165,2,,,0,0,0
keras,C:\Users\Zhifei Chen\Desktop\pysmell\subjects_for_metrics\keras\keras\preprocessing\text.py,167,2,,,0,0,0
keras,C:\Users\Zhifei Chen\Desktop\pysmell\subjects_for_metrics\keras\keras\preprocessing\text.py,169,2,,,0,0,0
keras,C:\Users\Zhifei Chen\Desktop\pysmell\subjects_for_metrics\keras\keras\preprocessing\text.py,173,2,,,0,0,0
keras,C:\Users\Zhifei Chen\Desktop\pysmell\subjects_for_metrics\keras\keras\utils\generic_utils.py,29,1,,,0,0,0
keras,C:\Users\Zhifei Chen\Desktop\pysmell\subjects_for_metrics\keras\keras\utils\generic_utils.py,30,1,,,0,0,0
keras,C:\Users\Zhifei Chen\Desktop\pysmell\subjects_for_metrics\keras\keras\utils\generic_utils.py,70,1,,,0,0,0
keras,C:\Users\Zhifei Chen\Desktop\pysmell\subjects_for_metrics\keras\keras\utils\generic_utils.py,73,2,,,0,0,0
keras,C:\Users\Zhifei Chen\Desktop\pysmell\subjects_for_metrics\keras\keras\utils\generic_utils.py,74,2,,,0,0,0
keras,C:\Users\Zhifei Chen\Desktop\pysmell\subjects_for_metrics\keras\keras\utils\generic_utils.py,110,1,,,0,0,0
keras,C:\Users\Zhifei Chen\Desktop\pysmell\subjects_for_metrics\keras\keras\utils\generic_utils.py,111,2,,,0,0,0
keras,C:\Users\Zhifei Chen\Desktop\pysmell\subjects_for_metrics\keras\keras\utils\generic_utils.py,111,2,,,0,0,0
keras,C:\Users\Zhifei Chen\Desktop\pysmell\subjects_for_metrics\keras\keras\utils\generic_utils.py,113,1,,,0,0,0
keras,C:\Users\Zhifei Chen\Desktop\pysmell\subjects_for_metrics\keras\keras\utils\generic_utils.py,129,2,,,0,0,0
keras,C:\Users\Zhifei Chen\Desktop\pysmell\subjects_for_metrics\keras\keras\utils\generic_utils.py,129,2,,,0,0,0
keras,C:\Users\Zhifei Chen\Desktop\pysmell\subjects_for_metrics\keras\keras\utils\io_utils.py,13,1,,,0,0,0
keras,C:\Users\Zhifei Chen\Desktop\pysmell\subjects_for_metrics\keras\keras\utils\io_utils.py,15,1,,,0,0,0
keras,C:\Users\Zhifei Chen\Desktop\pysmell\subjects_for_metrics\keras\keras\utils\io_utils.py,18,1,,,0,0,0
keras,C:\Users\Zhifei Chen\Desktop\pysmell\subjects_for_metrics\keras\keras\utils\io_utils.py,46,1,,,0,0,0
keras,C:\Users\Zhifei Chen\Desktop\pysmell\subjects_for_metrics\keras\keras\utils\io_utils.py,48,1,,,0,0,0
keras,C:\Users\Zhifei Chen\Desktop\pysmell\subjects_for_metrics\keras\keras\utils\io_utils.py,52,1,,,0,0,0
keras,C:\Users\Zhifei Chen\Desktop\pysmell\subjects_for_metrics\keras\keras\utils\io_utils.py,60,1,,,0,0,0
keras,C:\Users\Zhifei Chen\Desktop\pysmell\subjects_for_metrics\keras\keras\utils\io_utils.py,69,1,,,0,0,0
keras,C:\Users\Zhifei Chen\Desktop\pysmell\subjects_for_metrics\keras\keras\utils\io_utils.py,69,1,,,0,0,0
keras,C:\Users\Zhifei Chen\Desktop\pysmell\subjects_for_metrics\keras\keras\utils\layer_utils.py,52,1,,,0,0,0
keras,C:\Users\Zhifei Chen\Desktop\pysmell\subjects_for_metrics\keras\keras\utils\layer_utils.py,52,1,,,0,0,0
keras,C:\Users\Zhifei Chen\Desktop\pysmell\subjects_for_metrics\keras\keras\utils\layer_utils.py,54,1,,,0,0,0
keras,C:\Users\Zhifei Chen\Desktop\pysmell\subjects_for_metrics\keras\keras\utils\layer_utils.py,69,1,,,0,0,0
keras,C:\Users\Zhifei Chen\Desktop\pysmell\subjects_for_metrics\keras\keras\utils\layer_utils.py,69,1,,,0,0,0
keras,C:\Users\Zhifei Chen\Desktop\pysmell\subjects_for_metrics\keras\keras\utils\layer_utils.py,81,1,,,0,0,0
keras,C:\Users\Zhifei Chen\Desktop\pysmell\subjects_for_metrics\keras\keras\utils\layer_utils.py,83,1,,,0,0,0
keras,C:\Users\Zhifei Chen\Desktop\pysmell\subjects_for_metrics\keras\keras\utils\layer_utils.py,99,1,,,0,0,0
keras,C:\Users\Zhifei Chen\Desktop\pysmell\subjects_for_metrics\keras\keras\utils\layer_utils.py,111,1,,,0,0,0
keras,C:\Users\Zhifei Chen\Desktop\pysmell\subjects_for_metrics\keras\keras\utils\layer_utils.py,113,1,,,0,0,0
keras,C:\Users\Zhifei Chen\Desktop\pysmell\subjects_for_metrics\keras\keras\utils\layer_utils.py,115,1,,,0,0,0
keras,C:\Users\Zhifei Chen\Desktop\pysmell\subjects_for_metrics\keras\keras\utils\layer_utils.py,115,1,,,0,0,0
keras,C:\Users\Zhifei Chen\Desktop\pysmell\subjects_for_metrics\keras\keras\utils\layer_utils.py,123,1,,,0,0,0
keras,C:\Users\Zhifei Chen\Desktop\pysmell\subjects_for_metrics\keras\keras\utils\layer_utils.py,130,1,,,0,0,0
keras,C:\Users\Zhifei Chen\Desktop\pysmell\subjects_for_metrics\keras\keras\utils\layer_utils.py,130,1,,,0,0,0
keras,C:\Users\Zhifei Chen\Desktop\pysmell\subjects_for_metrics\keras\keras\utils\np_utils.py,17,1,,,0,0,0
keras,C:\Users\Zhifei Chen\Desktop\pysmell\subjects_for_metrics\keras\keras\utils\np_utils.py,17,1,,,0,0,0
keras,C:\Users\Zhifei Chen\Desktop\pysmell\subjects_for_metrics\keras\keras\utils\np_utils.py,23,1,,,0,0,0
keras,C:\Users\Zhifei Chen\Desktop\pysmell\subjects_for_metrics\keras\keras\utils\np_utils.py,38,2,,,0,0,0
keras,C:\Users\Zhifei Chen\Desktop\pysmell\subjects_for_metrics\keras\keras\utils\np_utils.py,38,1,,,0,0,0
keras,C:\Users\Zhifei Chen\Desktop\pysmell\subjects_for_metrics\keras\keras\utils\np_utils.py,48,1,,,0,0,0
keras,C:\Users\Zhifei Chen\Desktop\pysmell\subjects_for_metrics\keras\keras\utils\test_utils.py,18,1,,,0,0,0
keras,C:\Users\Zhifei Chen\Desktop\pysmell\subjects_for_metrics\keras\keras\utils\test_utils.py,18,1,,,0,0,0
keras,C:\Users\Zhifei Chen\Desktop\pysmell\subjects_for_metrics\keras\keras\utils\test_utils.py,24,1,,,0,0,0
keras,C:\Users\Zhifei Chen\Desktop\pysmell\subjects_for_metrics\keras\keras\utils\test_utils.py,24,1,,,0,0,0
keras,C:\Users\Zhifei Chen\Desktop\pysmell\subjects_for_metrics\keras\keras\utils\test_utils.py,25,1,,,0,0,0
keras,C:\Users\Zhifei Chen\Desktop\pysmell\subjects_for_metrics\keras\keras\utils\test_utils.py,25,1,,,0,0,0
keras,C:\Users\Zhifei Chen\Desktop\pysmell\subjects_for_metrics\keras\keras\utils\test_utils.py,27,,2,1,0,0,0
keras,C:\Users\Zhifei Chen\Desktop\pysmell\subjects_for_metrics\keras\keras\utils\test_utils.py,27,1,,,0,0,0
keras,C:\Users\Zhifei Chen\Desktop\pysmell\subjects_for_metrics\keras\keras\utils\test_utils.py,27,1,,,0,0,0
keras,C:\Users\Zhifei Chen\Desktop\pysmell\subjects_for_metrics\keras\keras\utils\test_utils.py,27,1,,,0,0,0
keras,C:\Users\Zhifei Chen\Desktop\pysmell\subjects_for_metrics\keras\keras\utils\test_utils.py,27,1,,,0,0,0
keras,C:\Users\Zhifei Chen\Desktop\pysmell\subjects_for_metrics\keras\keras\utils\theano_utils.py,20,1,,,0,0,0
keras,C:\Users\Zhifei Chen\Desktop\pysmell\subjects_for_metrics\keras\keras\utils\theano_utils.py,28,1,,,0,0,0
keras,C:\Users\Zhifei Chen\Desktop\pysmell\subjects_for_metrics\keras\keras\utils\theano_utils.py,44,1,,,0,0,0
keras,C:\Users\Zhifei Chen\Desktop\pysmell\subjects_for_metrics\keras\keras\utils\visualize_util.py,13,1,,,0,0,0
keras,C:\Users\Zhifei Chen\Desktop\pysmell\subjects_for_metrics\keras\keras\utils\visualize_util.py,15,1,,,0,0,0
keras,C:\Users\Zhifei Chen\Desktop\pysmell\subjects_for_metrics\keras\keras\utils\visualize_util.py,17,1,,,0,0,0
keras,C:\Users\Zhifei Chen\Desktop\pysmell\subjects_for_metrics\keras\keras\utils\visualize_util.py,18,1,,,0,0,0
keras,C:\Users\Zhifei Chen\Desktop\pysmell\subjects_for_metrics\keras\keras\utils\visualize_util.py,28,1,,,0,0,0
keras,C:\Users\Zhifei Chen\Desktop\pysmell\subjects_for_metrics\keras\keras\utils\visualize_util.py,33,1,,,0,0,0
keras,C:\Users\Zhifei Chen\Desktop\pysmell\subjects_for_metrics\keras\keras\utils\visualize_util.py,35,1,,,0,0,0
keras,C:\Users\Zhifei Chen\Desktop\pysmell\subjects_for_metrics\keras\keras\utils\visualize_util.py,36,1,,,0,0,0
keras,C:\Users\Zhifei Chen\Desktop\pysmell\subjects_for_metrics\keras\keras\utils\visualize_util.py,37,1,,,0,0,0
keras,C:\Users\Zhifei Chen\Desktop\pysmell\subjects_for_metrics\keras\keras\utils\visualize_util.py,39,1,,,0,0,0
keras,C:\Users\Zhifei Chen\Desktop\pysmell\subjects_for_metrics\keras\keras\utils\visualize_util.py,39,1,,,0,0,0
keras,C:\Users\Zhifei Chen\Desktop\pysmell\subjects_for_metrics\keras\keras\wrappers\scikit_learn.py,123,1,,,0,0,0
keras,C:\Users\Zhifei Chen\Desktop\pysmell\subjects_for_metrics\keras\tests\auto\test_datasets.py,9,,2,1,0,0,0
keras,C:\Users\Zhifei Chen\Desktop\pysmell\subjects_for_metrics\keras\tests\auto\test_datasets.py,16,,2,1,0,0,0
keras,C:\Users\Zhifei Chen\Desktop\pysmell\subjects_for_metrics\keras\tests\auto\test_datasets.py,23,,2,1,0,0,0
keras,C:\Users\Zhifei Chen\Desktop\pysmell\subjects_for_metrics\keras\tests\auto\test_datasets.py,31,,2,1,0,0,0
keras,C:\Users\Zhifei Chen\Desktop\pysmell\subjects_for_metrics\keras\tests\auto\test_datasets.py,35,,2,1,0,0,0
keras,C:\Users\Zhifei Chen\Desktop\pysmell\subjects_for_metrics\keras\tests\auto\test_datasets.py,43,,2,1,0,0,0
keras,C:\Users\Zhifei Chen\Desktop\pysmell\subjects_for_metrics\keras\tests\auto\test_embeddings.py,12,,2,1,0,0,0
keras,C:\Users\Zhifei Chen\Desktop\pysmell\subjects_for_metrics\keras\tests\auto\test_embeddings.py,13,,2,1,0,0,0
keras,C:\Users\Zhifei Chen\Desktop\pysmell\subjects_for_metrics\keras\tests\auto\test_embeddings.py,22,,2,1,0,0,0
keras,C:\Users\Zhifei Chen\Desktop\pysmell\subjects_for_metrics\keras\tests\auto\test_embeddings.py,23,1,,,0,0,0
keras,C:\Users\Zhifei Chen\Desktop\pysmell\subjects_for_metrics\keras\tests\auto\test_graph_model.py,16,,2,1,0,0,0
keras,C:\Users\Zhifei Chen\Desktop\pysmell\subjects_for_metrics\keras\tests\auto\test_graph_model.py,18,,2,1,0,0,0
keras,C:\Users\Zhifei Chen\Desktop\pysmell\subjects_for_metrics\keras\tests\auto\test_graph_model.py,145,1,,,0,0,0
keras,C:\Users\Zhifei Chen\Desktop\pysmell\subjects_for_metrics\keras\tests\auto\test_graph_model.py,146,1,,,0,0,0
keras,C:\Users\Zhifei Chen\Desktop\pysmell\subjects_for_metrics\keras\tests\auto\test_graph_model.py,147,1,,,0,0,0
keras,C:\Users\Zhifei Chen\Desktop\pysmell\subjects_for_metrics\keras\tests\auto\test_graph_model.py,148,1,,,0,0,0
keras,C:\Users\Zhifei Chen\Desktop\pysmell\subjects_for_metrics\keras\tests\auto\test_loss_masking.py,14,,3,1,0,0,0
keras,C:\Users\Zhifei Chen\Desktop\pysmell\subjects_for_metrics\keras\tests\auto\test_loss_masking.py,21,2,,,0,0,0
keras,C:\Users\Zhifei Chen\Desktop\pysmell\subjects_for_metrics\keras\tests\auto\test_loss_masking.py,32,1,,,0,0,0
keras,C:\Users\Zhifei Chen\Desktop\pysmell\subjects_for_metrics\keras\tests\auto\test_loss_masking.py,34,1,,,0,0,0
keras,C:\Users\Zhifei Chen\Desktop\pysmell\subjects_for_metrics\keras\tests\auto\test_loss_masking.py,37,1,,,0,0,0
keras,C:\Users\Zhifei Chen\Desktop\pysmell\subjects_for_metrics\keras\tests\auto\test_loss_weighting.py,23,,2,1,0,0,0
keras,C:\Users\Zhifei Chen\Desktop\pysmell\subjects_for_metrics\keras\tests\auto\test_loss_weighting.py,24,1,,,0,0,0
keras,C:\Users\Zhifei Chen\Desktop\pysmell\subjects_for_metrics\keras\tests\auto\test_loss_weighting.py,25,1,,,0,0,0
keras,C:\Users\Zhifei Chen\Desktop\pysmell\subjects_for_metrics\keras\tests\auto\test_loss_weighting.py,30,1,,,0,0,0
keras,C:\Users\Zhifei Chen\Desktop\pysmell\subjects_for_metrics\keras\tests\auto\test_loss_weighting.py,31,1,,,0,0,0
keras,C:\Users\Zhifei Chen\Desktop\pysmell\subjects_for_metrics\keras\tests\auto\test_loss_weighting.py,34,1,,,0,0,0
keras,C:\Users\Zhifei Chen\Desktop\pysmell\subjects_for_metrics\keras\tests\auto\test_loss_weighting.py,37,1,,,0,0,0
keras,C:\Users\Zhifei Chen\Desktop\pysmell\subjects_for_metrics\keras\tests\auto\test_loss_weighting.py,39,1,,,0,0,0
keras,C:\Users\Zhifei Chen\Desktop\pysmell\subjects_for_metrics\keras\tests\auto\test_loss_weighting.py,40,1,,,0,0,0
keras,C:\Users\Zhifei Chen\Desktop\pysmell\subjects_for_metrics\keras\tests\auto\test_loss_weighting.py,75,1,,,0,0,0
keras,C:\Users\Zhifei Chen\Desktop\pysmell\subjects_for_metrics\keras\tests\auto\test_loss_weighting.py,75,1,,,0,0,0
keras,C:\Users\Zhifei Chen\Desktop\pysmell\subjects_for_metrics\keras\tests\auto\test_loss_weighting.py,76,1,,,0,0,0
keras,C:\Users\Zhifei Chen\Desktop\pysmell\subjects_for_metrics\keras\tests\auto\test_loss_weighting.py,77,1,,,0,0,0
keras,C:\Users\Zhifei Chen\Desktop\pysmell\subjects_for_metrics\keras\tests\auto\test_loss_weighting.py,77,1,,,0,0,0
keras,C:\Users\Zhifei Chen\Desktop\pysmell\subjects_for_metrics\keras\tests\auto\test_loss_weighting.py,78,1,,,0,0,0
keras,C:\Users\Zhifei Chen\Desktop\pysmell\subjects_for_metrics\keras\tests\auto\test_loss_weighting.py,79,1,,,0,0,0
keras,C:\Users\Zhifei Chen\Desktop\pysmell\subjects_for_metrics\keras\tests\auto\test_loss_weighting.py,79,1,,,0,0,0
keras,C:\Users\Zhifei Chen\Desktop\pysmell\subjects_for_metrics\keras\tests\auto\test_loss_weighting.py,89,1,,,0,0,0
keras,C:\Users\Zhifei Chen\Desktop\pysmell\subjects_for_metrics\keras\tests\auto\test_loss_weighting.py,89,1,,,0,0,0
keras,C:\Users\Zhifei Chen\Desktop\pysmell\subjects_for_metrics\keras\tests\auto\test_loss_weighting.py,90,1,,,0,0,0
keras,C:\Users\Zhifei Chen\Desktop\pysmell\subjects_for_metrics\keras\tests\auto\test_loss_weighting.py,91,1,,,0,0,0
keras,C:\Users\Zhifei Chen\Desktop\pysmell\subjects_for_metrics\keras\tests\auto\test_loss_weighting.py,91,1,,,0,0,0
keras,C:\Users\Zhifei Chen\Desktop\pysmell\subjects_for_metrics\keras\tests\auto\test_loss_weighting.py,92,1,,,0,0,0
keras,C:\Users\Zhifei Chen\Desktop\pysmell\subjects_for_metrics\keras\tests\auto\test_loss_weighting.py,93,1,,,0,0,0
keras,C:\Users\Zhifei Chen\Desktop\pysmell\subjects_for_metrics\keras\tests\auto\test_loss_weighting.py,93,1,,,0,0,0
keras,C:\Users\Zhifei Chen\Desktop\pysmell\subjects_for_metrics\keras\tests\auto\test_optimizers.py,13,,2,1,0,0,0
keras,C:\Users\Zhifei Chen\Desktop\pysmell\subjects_for_metrics\keras\tests\auto\test_optimizers.py,29,1,,,0,0,0
keras,C:\Users\Zhifei Chen\Desktop\pysmell\subjects_for_metrics\keras\tests\auto\test_optimizers.py,29,1,,,0,0,0
keras,C:\Users\Zhifei Chen\Desktop\pysmell\subjects_for_metrics\keras\tests\auto\test_optimizers.py,32,2,,,0,0,0
keras,C:\Users\Zhifei Chen\Desktop\pysmell\subjects_for_metrics\keras\tests\auto\test_regularizers.py,22,,2,1,0,0,0
keras,C:\Users\Zhifei Chen\Desktop\pysmell\subjects_for_metrics\keras\tests\auto\test_regularizers.py,23,1,,,0,0,0
keras,C:\Users\Zhifei Chen\Desktop\pysmell\subjects_for_metrics\keras\tests\auto\test_regularizers.py,24,1,,,0,0,0
keras,C:\Users\Zhifei Chen\Desktop\pysmell\subjects_for_metrics\keras\tests\auto\test_regularizers.py,29,1,,,0,0,0
keras,C:\Users\Zhifei Chen\Desktop\pysmell\subjects_for_metrics\keras\tests\auto\test_regularizers.py,30,1,,,0,0,0
keras,C:\Users\Zhifei Chen\Desktop\pysmell\subjects_for_metrics\keras\tests\auto\test_regularizers.py,33,1,,,0,0,0
keras,C:\Users\Zhifei Chen\Desktop\pysmell\subjects_for_metrics\keras\tests\auto\test_regularizers.py,51,1,,,0,0,0
keras,C:\Users\Zhifei Chen\Desktop\pysmell\subjects_for_metrics\keras\tests\auto\test_regularizers.py,51,1,,,0,0,0
keras,C:\Users\Zhifei Chen\Desktop\pysmell\subjects_for_metrics\keras\tests\auto\test_regularizers.py,58,1,,,0,0,0
keras,C:\Users\Zhifei Chen\Desktop\pysmell\subjects_for_metrics\keras\tests\auto\test_regularizers.py,58,1,,,0,0,0
keras,C:\Users\Zhifei Chen\Desktop\pysmell\subjects_for_metrics\keras\tests\auto\test_sequential_model.py,21,,2,1,0,0,0
keras,C:\Users\Zhifei Chen\Desktop\pysmell\subjects_for_metrics\keras\tests\auto\test_sequential_model.py,46,1,,,0,0,0
keras,C:\Users\Zhifei Chen\Desktop\pysmell\subjects_for_metrics\keras\tests\auto\test_sequential_model.py,46,1,,,0,0,0
keras,C:\Users\Zhifei Chen\Desktop\pysmell\subjects_for_metrics\keras\tests\auto\test_sequential_model.py,97,,2,1,0,0,0
keras,C:\Users\Zhifei Chen\Desktop\pysmell\subjects_for_metrics\keras\tests\auto\test_sequential_model.py,98,,2,1,0,0,0
keras,C:\Users\Zhifei Chen\Desktop\pysmell\subjects_for_metrics\keras\tests\auto\test_sequential_model.py,150,,2,1,0,0,0
keras,C:\Users\Zhifei Chen\Desktop\pysmell\subjects_for_metrics\keras\tests\auto\test_sequential_model.py,151,,2,1,0,0,0
keras,C:\Users\Zhifei Chen\Desktop\pysmell\subjects_for_metrics\keras\tests\auto\test_sequential_model.py,217,,2,1,0,0,0
keras,C:\Users\Zhifei Chen\Desktop\pysmell\subjects_for_metrics\keras\tests\auto\test_sequential_model.py,218,,2,1,0,0,0
keras,C:\Users\Zhifei Chen\Desktop\pysmell\subjects_for_metrics\keras\tests\auto\test_sequential_model.py,261,1,,,0,0,0
keras,C:\Users\Zhifei Chen\Desktop\pysmell\subjects_for_metrics\keras\tests\auto\test_sequential_model.py,261,1,,,0,0,0
keras,C:\Users\Zhifei Chen\Desktop\pysmell\subjects_for_metrics\keras\tests\auto\test_shape_inference.py,13,1,,,0,0,0
keras,C:\Users\Zhifei Chen\Desktop\pysmell\subjects_for_metrics\keras\tests\auto\test_shape_inference.py,14,1,,,0,0,0
keras,C:\Users\Zhifei Chen\Desktop\pysmell\subjects_for_metrics\keras\tests\auto\test_shape_inference.py,17,1,,,0,0,0
keras,C:\Users\Zhifei Chen\Desktop\pysmell\subjects_for_metrics\keras\tests\auto\test_shape_inference.py,18,1,,,0,0,0
keras,C:\Users\Zhifei Chen\Desktop\pysmell\subjects_for_metrics\keras\tests\auto\test_shape_inference.py,64,,2,1,0,0,0
keras,C:\Users\Zhifei Chen\Desktop\pysmell\subjects_for_metrics\keras\tests\auto\test_shape_inference.py,72,,2,1,0,0,0
keras,C:\Users\Zhifei Chen\Desktop\pysmell\subjects_for_metrics\keras\tests\auto\test_shape_inference.py,73,,2,1,0,0,0
keras,C:\Users\Zhifei Chen\Desktop\pysmell\subjects_for_metrics\keras\tests\auto\test_shape_inference.py,74,1,,,0,0,0
keras,C:\Users\Zhifei Chen\Desktop\pysmell\subjects_for_metrics\keras\tests\auto\test_shape_inference.py,74,1,,,0,0,0
keras,C:\Users\Zhifei Chen\Desktop\pysmell\subjects_for_metrics\keras\tests\auto\test_shape_inference.py,76,,2,1,0,0,0
keras,C:\Users\Zhifei Chen\Desktop\pysmell\subjects_for_metrics\keras\tests\auto\test_shape_inference.py,86,,2,1,0,0,0
keras,C:\Users\Zhifei Chen\Desktop\pysmell\subjects_for_metrics\keras\tests\auto\test_shape_inference.py,93,,2,1,0,0,0
keras,C:\Users\Zhifei Chen\Desktop\pysmell\subjects_for_metrics\keras\tests\auto\test_shape_inference.py,94,,2,1,0,0,0
keras,C:\Users\Zhifei Chen\Desktop\pysmell\subjects_for_metrics\keras\tests\auto\test_shape_inference.py,95,,2,1,0,0,0
keras,C:\Users\Zhifei Chen\Desktop\pysmell\subjects_for_metrics\keras\tests\auto\test_tasks.py,19,,2,1,0,0,0
keras,C:\Users\Zhifei Chen\Desktop\pysmell\subjects_for_metrics\keras\tests\auto\test_tasks.py,30,1,,,0,0,0
keras,C:\Users\Zhifei Chen\Desktop\pysmell\subjects_for_metrics\keras\tests\auto\test_tasks.py,32,1,,,0,0,0
keras,C:\Users\Zhifei Chen\Desktop\pysmell\subjects_for_metrics\keras\tests\auto\test_tasks.py,37,2,,,0,0,0
keras,C:\Users\Zhifei Chen\Desktop\pysmell\subjects_for_metrics\keras\tests\auto\test_tasks.py,42,,2,1,0,0,0
keras,C:\Users\Zhifei Chen\Desktop\pysmell\subjects_for_metrics\keras\tests\auto\test_tasks.py,50,1,,,0,0,0
keras,C:\Users\Zhifei Chen\Desktop\pysmell\subjects_for_metrics\keras\tests\auto\test_tasks.py,52,1,,,0,0,0
keras,C:\Users\Zhifei Chen\Desktop\pysmell\subjects_for_metrics\keras\tests\auto\test_tasks.py,55,2,,,0,0,0
keras,C:\Users\Zhifei Chen\Desktop\pysmell\subjects_for_metrics\keras\tests\auto\test_tasks.py,59,,2,1,0,0,0
keras,C:\Users\Zhifei Chen\Desktop\pysmell\subjects_for_metrics\keras\tests\auto\test_tasks.py,70,1,,,0,0,0
keras,C:\Users\Zhifei Chen\Desktop\pysmell\subjects_for_metrics\keras\tests\auto\test_tasks.py,70,1,,,0,0,0
keras,C:\Users\Zhifei Chen\Desktop\pysmell\subjects_for_metrics\keras\tests\auto\test_tasks.py,74,2,,,0,0,0
keras,C:\Users\Zhifei Chen\Desktop\pysmell\subjects_for_metrics\keras\tests\auto\test_tasks.py,78,,2,1,0,0,0
keras,C:\Users\Zhifei Chen\Desktop\pysmell\subjects_for_metrics\keras\tests\auto\test_tasks.py,86,1,,,0,0,0
keras,C:\Users\Zhifei Chen\Desktop\pysmell\subjects_for_metrics\keras\tests\auto\test_tasks.py,86,1,,,0,0,0
keras,C:\Users\Zhifei Chen\Desktop\pysmell\subjects_for_metrics\keras\tests\auto\test_tasks.py,89,2,,,0,0,0
keras,C:\Users\Zhifei Chen\Desktop\pysmell\subjects_for_metrics\keras\tests\auto\test_tasks.py,93,,2,1,0,0,0
keras,C:\Users\Zhifei Chen\Desktop\pysmell\subjects_for_metrics\keras\tests\auto\test_tasks.py,101,1,,,0,0,0
keras,C:\Users\Zhifei Chen\Desktop\pysmell\subjects_for_metrics\keras\tests\auto\test_tasks.py,101,1,,,0,0,0
keras,C:\Users\Zhifei Chen\Desktop\pysmell\subjects_for_metrics\keras\tests\auto\test_tasks.py,104,2,,,0,0,0
keras,C:\Users\Zhifei Chen\Desktop\pysmell\subjects_for_metrics\keras\tests\auto\test_tasks.py,108,,2,1,0,0,0
keras,C:\Users\Zhifei Chen\Desktop\pysmell\subjects_for_metrics\keras\tests\auto\test_tasks.py,122,1,,,0,0,0
keras,C:\Users\Zhifei Chen\Desktop\pysmell\subjects_for_metrics\keras\tests\auto\test_tasks.py,126,2,,,0,0,0
keras,C:\Users\Zhifei Chen\Desktop\pysmell\subjects_for_metrics\keras\tests\auto\test_tasks.py,127,2,,,0,0,0
keras,C:\Users\Zhifei Chen\Desktop\pysmell\subjects_for_metrics\keras\tests\auto\keras\test_constraints.py,12,1,,,0,0,0
keras,C:\Users\Zhifei Chen\Desktop\pysmell\subjects_for_metrics\keras\tests\auto\keras\test_constraints.py,24,,2,1,0,0,0
keras,C:\Users\Zhifei Chen\Desktop\pysmell\subjects_for_metrics\keras\tests\auto\keras\test_constraints.py,25,,2,1,0,0,0
keras,C:\Users\Zhifei Chen\Desktop\pysmell\subjects_for_metrics\keras\tests\auto\keras\test_constraints.py,54,,2,1,0,0,0
keras,C:\Users\Zhifei Chen\Desktop\pysmell\subjects_for_metrics\keras\tests\auto\keras\test_normalization.py,86,,2,1,0,0,0
keras,C:\Users\Zhifei Chen\Desktop\pysmell\subjects_for_metrics\keras\tests\auto\keras\layers\test_convolutional.py,37,1,,,0,0,0
keras,C:\Users\Zhifei Chen\Desktop\pysmell\subjects_for_metrics\keras\tests\auto\keras\layers\test_convolutional.py,37,1,,,0,0,0
keras,C:\Users\Zhifei Chen\Desktop\pysmell\subjects_for_metrics\keras\tests\auto\keras\layers\test_convolutional.py,39,1,,,0,0,0
keras,C:\Users\Zhifei Chen\Desktop\pysmell\subjects_for_metrics\keras\tests\auto\keras\layers\test_convolutional.py,39,1,,,0,0,0
keras,C:\Users\Zhifei Chen\Desktop\pysmell\subjects_for_metrics\keras\tests\auto\keras\layers\test_convolutional.py,73,,2,1,0,0,0
keras,C:\Users\Zhifei Chen\Desktop\pysmell\subjects_for_metrics\keras\tests\auto\keras\layers\test_convolutional.py,89,1,,,0,0,0
keras,C:\Users\Zhifei Chen\Desktop\pysmell\subjects_for_metrics\keras\tests\auto\keras\layers\test_convolutional.py,89,1,,,0,0,0
keras,C:\Users\Zhifei Chen\Desktop\pysmell\subjects_for_metrics\keras\tests\auto\keras\layers\test_convolutional.py,102,,2,1,0,0,0
keras,C:\Users\Zhifei Chen\Desktop\pysmell\subjects_for_metrics\keras\tests\auto\keras\layers\test_convolutional.py,122,1,,,0,0,0
keras,C:\Users\Zhifei Chen\Desktop\pysmell\subjects_for_metrics\keras\tests\auto\keras\layers\test_convolutional.py,123,1,,,0,0,0
keras,C:\Users\Zhifei Chen\Desktop\pysmell\subjects_for_metrics\keras\tests\auto\keras\layers\test_convolutional.py,124,1,,,0,0,0
keras,C:\Users\Zhifei Chen\Desktop\pysmell\subjects_for_metrics\keras\tests\auto\keras\layers\test_convolutional.py,139,1,,,0,0,0
keras,C:\Users\Zhifei Chen\Desktop\pysmell\subjects_for_metrics\keras\tests\auto\keras\layers\test_convolutional.py,157,1,,,0,0,0
keras,C:\Users\Zhifei Chen\Desktop\pysmell\subjects_for_metrics\keras\tests\auto\keras\layers\test_convolutional.py,158,1,,,0,0,0
keras,C:\Users\Zhifei Chen\Desktop\pysmell\subjects_for_metrics\keras\tests\auto\keras\layers\test_core.py,124,,3,1,0,0,0
keras,C:\Users\Zhifei Chen\Desktop\pysmell\subjects_for_metrics\keras\tests\auto\keras\layers\test_core.py,127,,2,1,0,0,0
keras,C:\Users\Zhifei Chen\Desktop\pysmell\subjects_for_metrics\keras\tests\auto\keras\layers\test_core.py,135,,3,1,0,0,0
keras,C:\Users\Zhifei Chen\Desktop\pysmell\subjects_for_metrics\keras\tests\auto\keras\layers\test_core.py,138,,2,1,0,0,0
keras,C:\Users\Zhifei Chen\Desktop\pysmell\subjects_for_metrics\keras\tests\auto\keras\layers\test_core.py,146,,3,1,0,0,0
keras,C:\Users\Zhifei Chen\Desktop\pysmell\subjects_for_metrics\keras\tests\auto\keras\layers\test_core.py,149,,3,1,0,0,0
keras,C:\Users\Zhifei Chen\Desktop\pysmell\subjects_for_metrics\keras\tests\manual\check_autoencoder.py,25,,2,1,0,0,0
keras,C:\Users\Zhifei Chen\Desktop\pysmell\subjects_for_metrics\keras\tests\manual\check_autoencoder.py,27,1,,,0,0,0
keras,C:\Users\Zhifei Chen\Desktop\pysmell\subjects_for_metrics\keras\tests\manual\check_autoencoder.py,28,1,,,0,0,0
keras,C:\Users\Zhifei Chen\Desktop\pysmell\subjects_for_metrics\keras\tests\manual\check_autoencoder.py,35,1,,,0,0,0
keras,C:\Users\Zhifei Chen\Desktop\pysmell\subjects_for_metrics\keras\tests\manual\check_autoencoder.py,36,1,,,0,0,0
keras,C:\Users\Zhifei Chen\Desktop\pysmell\subjects_for_metrics\keras\tests\manual\check_autoencoder.py,62,1,,,0,0,0
keras,C:\Users\Zhifei Chen\Desktop\pysmell\subjects_for_metrics\keras\tests\manual\check_autoencoder.py,63,1,,,0,0,0
keras,C:\Users\Zhifei Chen\Desktop\pysmell\subjects_for_metrics\keras\tests\manual\check_autoencoder.py,116,1,,,0,0,0
keras,C:\Users\Zhifei Chen\Desktop\pysmell\subjects_for_metrics\keras\tests\manual\check_autoencoder.py,118,1,,,0,0,0
keras,C:\Users\Zhifei Chen\Desktop\pysmell\subjects_for_metrics\keras\tests\manual\check_autoencoder.py,129,1,,,0,0,0
keras,C:\Users\Zhifei Chen\Desktop\pysmell\subjects_for_metrics\keras\tests\manual\check_autoencoder.py,129,1,,,0,0,0
keras,C:\Users\Zhifei Chen\Desktop\pysmell\subjects_for_metrics\keras\tests\manual\check_autoencoder.py,129,1,,,0,0,0
keras,C:\Users\Zhifei Chen\Desktop\pysmell\subjects_for_metrics\keras\tests\manual\check_autoencoder.py,130,1,,,0,0,0
keras,C:\Users\Zhifei Chen\Desktop\pysmell\subjects_for_metrics\keras\tests\manual\check_autoencoder.py,130,1,,,0,0,0
keras,C:\Users\Zhifei Chen\Desktop\pysmell\subjects_for_metrics\keras\tests\manual\check_autoencoder.py,130,1,,,0,0,0
keras,C:\Users\Zhifei Chen\Desktop\pysmell\subjects_for_metrics\keras\tests\manual\check_callbacks.py,33,,2,1,0,0,0
keras,C:\Users\Zhifei Chen\Desktop\pysmell\subjects_for_metrics\keras\tests\manual\check_callbacks.py,35,1,,,0,0,0
keras,C:\Users\Zhifei Chen\Desktop\pysmell\subjects_for_metrics\keras\tests\manual\check_callbacks.py,39,1,,,0,0,0
keras,C:\Users\Zhifei Chen\Desktop\pysmell\subjects_for_metrics\keras\tests\manual\check_callbacks.py,44,1,,,0,0,0
keras,C:\Users\Zhifei Chen\Desktop\pysmell\subjects_for_metrics\keras\tests\manual\check_callbacks.py,55,1,,,0,0,0
keras,C:\Users\Zhifei Chen\Desktop\pysmell\subjects_for_metrics\keras\tests\manual\check_callbacks.py,63,1,,,0,0,0
keras,C:\Users\Zhifei Chen\Desktop\pysmell\subjects_for_metrics\keras\tests\manual\check_callbacks.py,63,1,,,0,0,0
keras,C:\Users\Zhifei Chen\Desktop\pysmell\subjects_for_metrics\keras\tests\manual\check_callbacks.py,64,1,,,0,0,0
keras,C:\Users\Zhifei Chen\Desktop\pysmell\subjects_for_metrics\keras\tests\manual\check_callbacks.py,64,1,,,0,0,0
keras,C:\Users\Zhifei Chen\Desktop\pysmell\subjects_for_metrics\keras\tests\manual\check_callbacks.py,69,1,,,0,0,0
keras,C:\Users\Zhifei Chen\Desktop\pysmell\subjects_for_metrics\keras\tests\manual\check_callbacks.py,69,2,,,0,0,0
keras,C:\Users\Zhifei Chen\Desktop\pysmell\subjects_for_metrics\keras\tests\manual\check_callbacks.py,75,1,,,0,0,0
keras,C:\Users\Zhifei Chen\Desktop\pysmell\subjects_for_metrics\keras\tests\manual\check_callbacks.py,75,2,,,0,0,0
keras,C:\Users\Zhifei Chen\Desktop\pysmell\subjects_for_metrics\keras\tests\manual\check_callbacks.py,77,1,,,0,0,0
keras,C:\Users\Zhifei Chen\Desktop\pysmell\subjects_for_metrics\keras\tests\manual\check_callbacks.py,81,1,,,0,0,0
keras,C:\Users\Zhifei Chen\Desktop\pysmell\subjects_for_metrics\keras\tests\manual\check_callbacks.py,85,,2,1,0,0,0
keras,C:\Users\Zhifei Chen\Desktop\pysmell\subjects_for_metrics\keras\tests\manual\check_callbacks.py,89,1,,,0,0,0
keras,C:\Users\Zhifei Chen\Desktop\pysmell\subjects_for_metrics\keras\tests\manual\check_callbacks.py,89,1,,,0,0,0
keras,C:\Users\Zhifei Chen\Desktop\pysmell\subjects_for_metrics\keras\tests\manual\check_callbacks.py,91,1,,,0,0,0
keras,C:\Users\Zhifei Chen\Desktop\pysmell\subjects_for_metrics\keras\tests\manual\check_callbacks.py,91,1,,,0,0,0
keras,C:\Users\Zhifei Chen\Desktop\pysmell\subjects_for_metrics\keras\tests\manual\check_callbacks.py,92,1,,,0,0,0
keras,C:\Users\Zhifei Chen\Desktop\pysmell\subjects_for_metrics\keras\tests\manual\check_callbacks.py,93,1,,,0,0,0
keras,C:\Users\Zhifei Chen\Desktop\pysmell\subjects_for_metrics\keras\tests\manual\check_callbacks.py,94,1,,,0,0,0
keras,C:\Users\Zhifei Chen\Desktop\pysmell\subjects_for_metrics\keras\tests\manual\check_callbacks.py,94,1,,,0,0,0
keras,C:\Users\Zhifei Chen\Desktop\pysmell\subjects_for_metrics\keras\tests\manual\check_callbacks.py,94,1,,,0,0,0
keras,C:\Users\Zhifei Chen\Desktop\pysmell\subjects_for_metrics\keras\tests\manual\check_callbacks.py,105,1,,,0,0,0
keras,C:\Users\Zhifei Chen\Desktop\pysmell\subjects_for_metrics\keras\tests\manual\check_callbacks.py,105,1,,,0,0,0
keras,C:\Users\Zhifei Chen\Desktop\pysmell\subjects_for_metrics\keras\tests\manual\check_callbacks.py,108,1,,,0,0,0
keras,C:\Users\Zhifei Chen\Desktop\pysmell\subjects_for_metrics\keras\tests\manual\check_callbacks.py,108,1,,,0,0,0
keras,C:\Users\Zhifei Chen\Desktop\pysmell\subjects_for_metrics\keras\tests\manual\check_callbacks.py,110,1,,,0,0,0
keras,C:\Users\Zhifei Chen\Desktop\pysmell\subjects_for_metrics\keras\tests\manual\check_callbacks.py,110,1,,,0,0,0
keras,C:\Users\Zhifei Chen\Desktop\pysmell\subjects_for_metrics\keras\tests\manual\check_callbacks.py,117,1,,,0,0,0
keras,C:\Users\Zhifei Chen\Desktop\pysmell\subjects_for_metrics\keras\tests\manual\check_callbacks.py,121,1,,,0,0,0
keras,C:\Users\Zhifei Chen\Desktop\pysmell\subjects_for_metrics\keras\tests\manual\check_callbacks.py,178,,2,1,0,0,0
keras,C:\Users\Zhifei Chen\Desktop\pysmell\subjects_for_metrics\keras\tests\manual\check_callbacks.py,180,1,,,0,0,0
keras,C:\Users\Zhifei Chen\Desktop\pysmell\subjects_for_metrics\keras\tests\manual\check_callbacks.py,181,1,,,0,0,0
keras,C:\Users\Zhifei Chen\Desktop\pysmell\subjects_for_metrics\keras\tests\manual\check_callbacks.py,188,1,,,0,0,0
keras,C:\Users\Zhifei Chen\Desktop\pysmell\subjects_for_metrics\keras\tests\manual\check_callbacks.py,189,1,,,0,0,0
keras,C:\Users\Zhifei Chen\Desktop\pysmell\subjects_for_metrics\keras\tests\manual\check_constraints.py,22,,2,1,0,0,0
keras,C:\Users\Zhifei Chen\Desktop\pysmell\subjects_for_metrics\keras\tests\manual\check_constraints.py,50,1,,,0,0,0
keras,C:\Users\Zhifei Chen\Desktop\pysmell\subjects_for_metrics\keras\tests\manual\check_constraints.py,56,1,,,0,0,0
keras,C:\Users\Zhifei Chen\Desktop\pysmell\subjects_for_metrics\keras\tests\manual\check_constraints.py,77,1,,,0,0,0
keras,C:\Users\Zhifei Chen\Desktop\pysmell\subjects_for_metrics\keras\tests\manual\check_constraints.py,94,1,,,0,0,0
keras,C:\Users\Zhifei Chen\Desktop\pysmell\subjects_for_metrics\keras\tests\manual\check_masked_recurrent.py,32,1,,,0,0,0
keras,C:\Users\Zhifei Chen\Desktop\pysmell\subjects_for_metrics\keras\tests\manual\check_masked_recurrent.py,34,1,,,0,0,0
keras,C:\Users\Zhifei Chen\Desktop\pysmell\subjects_for_metrics\keras\tests\manual\check_masked_recurrent.py,37,1,,,0,0,0
keras,C:\Users\Zhifei Chen\Desktop\pysmell\subjects_for_metrics\keras\tests\manual\check_masked_recurrent.py,38,1,,,0,0,0
keras,C:\Users\Zhifei Chen\Desktop\pysmell\subjects_for_metrics\keras\tests\manual\check_masked_recurrent.py,40,1,,,0,0,0
keras,C:\Users\Zhifei Chen\Desktop\pysmell\subjects_for_metrics\keras\tests\manual\check_masked_recurrent.py,41,1,,,0,0,0
keras,C:\Users\Zhifei Chen\Desktop\pysmell\subjects_for_metrics\keras\tests\manual\check_masked_recurrent.py,43,1,,,0,0,0
keras,C:\Users\Zhifei Chen\Desktop\pysmell\subjects_for_metrics\keras\tests\manual\check_masked_recurrent.py,43,1,,,0,0,0
keras,C:\Users\Zhifei Chen\Desktop\pysmell\subjects_for_metrics\keras\tests\manual\check_masked_recurrent.py,44,1,,,0,0,0
keras,C:\Users\Zhifei Chen\Desktop\pysmell\subjects_for_metrics\keras\tests\manual\check_masked_recurrent.py,44,1,,,0,0,0
keras,C:\Users\Zhifei Chen\Desktop\pysmell\subjects_for_metrics\keras\tests\manual\check_masked_recurrent.py,62,1,,,0,0,0
keras,C:\Users\Zhifei Chen\Desktop\pysmell\subjects_for_metrics\keras\tests\manual\check_masked_recurrent.py,63,1,,,0,0,0
keras,C:\Users\Zhifei Chen\Desktop\pysmell\subjects_for_metrics\keras\tests\manual\check_masked_recurrent.py,110,1,,,0,0,0
keras,C:\Users\Zhifei Chen\Desktop\pysmell\subjects_for_metrics\keras\tests\manual\check_masked_recurrent.py,110,1,,,0,0,0
keras,C:\Users\Zhifei Chen\Desktop\pysmell\subjects_for_metrics\keras\tests\manual\check_masked_recurrent.py,114,1,,,0,0,0
keras,C:\Users\Zhifei Chen\Desktop\pysmell\subjects_for_metrics\keras\tests\manual\check_masked_recurrent.py,114,1,,,0,0,0
keras,C:\Users\Zhifei Chen\Desktop\pysmell\subjects_for_metrics\keras\tests\manual\check_masked_recurrent.py,117,1,,,0,0,0
keras,C:\Users\Zhifei Chen\Desktop\pysmell\subjects_for_metrics\keras\tests\manual\check_masked_recurrent.py,118,1,,,0,0,0
keras,C:\Users\Zhifei Chen\Desktop\pysmell\subjects_for_metrics\keras\tests\manual\check_masked_recurrent.py,118,1,,,0,0,0
keras,C:\Users\Zhifei Chen\Desktop\pysmell\subjects_for_metrics\keras\tests\manual\check_masked_recurrent.py,119,1,,,0,0,0
keras,C:\Users\Zhifei Chen\Desktop\pysmell\subjects_for_metrics\keras\tests\manual\check_masked_recurrent.py,119,1,,,0,0,0
keras,C:\Users\Zhifei Chen\Desktop\pysmell\subjects_for_metrics\keras\tests\manual\check_masked_recurrent.py,122,1,,,0,0,0
keras,C:\Users\Zhifei Chen\Desktop\pysmell\subjects_for_metrics\keras\tests\manual\check_masked_recurrent.py,122,1,,,0,0,0
keras,C:\Users\Zhifei Chen\Desktop\pysmell\subjects_for_metrics\keras\tests\manual\check_model_utils.py,26,,2,1,0,0,0
keras,C:\Users\Zhifei Chen\Desktop\pysmell\subjects_for_metrics\keras\tests\manual\check_model_utils.py,42,,2,1,0,0,0
keras,C:\Users\Zhifei Chen\Desktop\pysmell\subjects_for_metrics\keras\tests\manual\check_save_weights.py,34,1,,,0,0,0
keras,C:\Users\Zhifei Chen\Desktop\pysmell\subjects_for_metrics\keras\tests\manual\check_save_weights.py,35,1,,,0,0,0
keras,C:\Users\Zhifei Chen\Desktop\pysmell\subjects_for_metrics\keras\tests\manual\check_wrappers.py,25,,2,1,0,0,0
keras,C:\Users\Zhifei Chen\Desktop\pysmell\subjects_for_metrics\keras\tests\manual\check_wrappers.py,27,1,,,0,0,0
keras,C:\Users\Zhifei Chen\Desktop\pysmell\subjects_for_metrics\keras\tests\manual\check_wrappers.py,28,1,,,0,0,0
keras,C:\Users\Zhifei Chen\Desktop\pysmell\subjects_for_metrics\keras\tests\manual\check_wrappers.py,34,1,,,0,0,0
keras,C:\Users\Zhifei Chen\Desktop\pysmell\subjects_for_metrics\keras\tests\manual\check_wrappers.py,35,1,,,0,0,0
keras,C:\Users\Zhifei Chen\Desktop\pysmell\subjects_for_metrics\keras\tests\manual\check_yaml.py,25,,2,1,0,0,0
keras,C:\Users\Zhifei Chen\Desktop\pysmell\subjects_for_metrics\keras\tests\manual\check_yaml.py,72,,2,1,0,0,0
keras,C:\Users\Zhifei Chen\Desktop\pysmell\subjects_for_metrics\keras\tests\manual\check_yaml.py,101,1,,,0,0,0
keras,C:\Users\Zhifei Chen\Desktop\pysmell\subjects_for_metrics\keras\tests\manual\check_yaml.py,101,1,,,0,0,0
