subject,file,lineno,DOC,experience-based,statistics-based,tuning machine
Mailpile,C:\Users\Zhifei Chen\Desktop\pysmell\subjects_for_metrics\Mailpile\mailpile\auth.py,253,2,0,0,0
Mailpile,C:\Users\Zhifei Chen\Desktop\pysmell\subjects_for_metrics\Mailpile\mailpile\commands.py,321,2,0,0,0
Mailpile,C:\Users\Zhifei Chen\Desktop\pysmell\subjects_for_metrics\Mailpile\mailpile\commands.py,487,2,0,0,0
Mailpile,C:\Users\Zhifei Chen\Desktop\pysmell\subjects_for_metrics\Mailpile\mailpile\commands.py,856,2,0,0,0
Mailpile,C:\Users\Zhifei Chen\Desktop\pysmell\subjects_for_metrics\Mailpile\mailpile\commands.py,1772,2,0,0,0
Mailpile,C:\Users\Zhifei Chen\Desktop\pysmell\subjects_for_metrics\Mailpile\mailpile\commands.py,2075,2,0,0,0
Mailpile,C:\Users\Zhifei Chen\Desktop\pysmell\subjects_for_metrics\Mailpile\mailpile\config.py,1230,2,0,0,0
Mailpile,C:\Users\Zhifei Chen\Desktop\pysmell\subjects_for_metrics\Mailpile\mailpile\config.py,1296,2,0,0,0
Mailpile,C:\Users\Zhifei Chen\Desktop\pysmell\subjects_for_metrics\Mailpile\mailpile\config.py,1806,2,0,0,0
Mailpile,C:\Users\Zhifei Chen\Desktop\pysmell\subjects_for_metrics\Mailpile\mailpile\config.py,2205,2,0,0,0
Mailpile,C:\Users\Zhifei Chen\Desktop\pysmell\subjects_for_metrics\Mailpile\mailpile\config.py,2314,2,0,0,0
Mailpile,C:\Users\Zhifei Chen\Desktop\pysmell\subjects_for_metrics\Mailpile\mailpile\config.py,2319,2,0,0,0
Mailpile,C:\Users\Zhifei Chen\Desktop\pysmell\subjects_for_metrics\Mailpile\mailpile\conn_brokers.py,151,2,0,0,0
Mailpile,C:\Users\Zhifei Chen\Desktop\pysmell\subjects_for_metrics\Mailpile\mailpile\conn_brokers.py,519,2,0,0,0
Mailpile,C:\Users\Zhifei Chen\Desktop\pysmell\subjects_for_metrics\Mailpile\mailpile\eventlog.py,276,2,0,0,0
Mailpile,C:\Users\Zhifei Chen\Desktop\pysmell\subjects_for_metrics\Mailpile\mailpile\mailutils.py,545,2,0,0,0
Mailpile,C:\Users\Zhifei Chen\Desktop\pysmell\subjects_for_metrics\Mailpile\mailpile\mailutils.py,1624,2,0,0,0
Mailpile,C:\Users\Zhifei Chen\Desktop\pysmell\subjects_for_metrics\Mailpile\mailpile\mailutils.py,1704,2,0,0,0
Mailpile,C:\Users\Zhifei Chen\Desktop\pysmell\subjects_for_metrics\Mailpile\mailpile\mailutils.py,1756,2,0,0,0
Mailpile,C:\Users\Zhifei Chen\Desktop\pysmell\subjects_for_metrics\Mailpile\mailpile\postinglist.py,35,2,0,0,0
Mailpile,C:\Users\Zhifei Chen\Desktop\pysmell\subjects_for_metrics\Mailpile\mailpile\search.py,205,2,0,0,0
Mailpile,C:\Users\Zhifei Chen\Desktop\pysmell\subjects_for_metrics\Mailpile\mailpile\search.py,659,2,0,0,0
Mailpile,C:\Users\Zhifei Chen\Desktop\pysmell\subjects_for_metrics\Mailpile\mailpile\smtp_client.py,66,2,0,0,0
Mailpile,C:\Users\Zhifei Chen\Desktop\pysmell\subjects_for_metrics\Mailpile\mailpile\smtp_client.py,132,2,0,0,0
Mailpile,C:\Users\Zhifei Chen\Desktop\pysmell\subjects_for_metrics\Mailpile\mailpile\urlmap.py,569,2,0,0,0
Mailpile,C:\Users\Zhifei Chen\Desktop\pysmell\subjects_for_metrics\Mailpile\mailpile\util.py,481,2,0,0,0
Mailpile,C:\Users\Zhifei Chen\Desktop\pysmell\subjects_for_metrics\Mailpile\mailpile\util.py,891,2,0,0,0
Mailpile,C:\Users\Zhifei Chen\Desktop\pysmell\subjects_for_metrics\Mailpile\mailpile\vcard.py,169,2,0,0,0
Mailpile,C:\Users\Zhifei Chen\Desktop\pysmell\subjects_for_metrics\Mailpile\mailpile\vcard.py,686,2,0,0,0
Mailpile,C:\Users\Zhifei Chen\Desktop\pysmell\subjects_for_metrics\Mailpile\mailpile\vcard.py,860,2,0,0,0
Mailpile,C:\Users\Zhifei Chen\Desktop\pysmell\subjects_for_metrics\Mailpile\mailpile\workers.py,295,2,0,0,0
Mailpile,C:\Users\Zhifei Chen\Desktop\pysmell\subjects_for_metrics\Mailpile\mailpile\contrib\experiments\experiments.py,22,2,0,0,0
Mailpile,C:\Users\Zhifei Chen\Desktop\pysmell\subjects_for_metrics\Mailpile\mailpile\contrib\experiments\experiments.py,72,2,0,0,0
Mailpile,C:\Users\Zhifei Chen\Desktop\pysmell\subjects_for_metrics\Mailpile\mailpile\contrib\gui\gui-o-matic.py,201,2,0,0,0
Mailpile,C:\Users\Zhifei Chen\Desktop\pysmell\subjects_for_metrics\Mailpile\mailpile\contrib\gui\gui-o-matic.py,258,2,0,0,0
Mailpile,C:\Users\Zhifei Chen\Desktop\pysmell\subjects_for_metrics\Mailpile\mailpile\crypto\gpgi.py,446,2,0,0,0
Mailpile,C:\Users\Zhifei Chen\Desktop\pysmell\subjects_for_metrics\Mailpile\mailpile\crypto\tor.py,84,2,0,0,0
Mailpile,C:\Users\Zhifei Chen\Desktop\pysmell\subjects_for_metrics\Mailpile\mailpile\mailboxes\pop3.py,286,3,1,0,0
Mailpile,C:\Users\Zhifei Chen\Desktop\pysmell\subjects_for_metrics\Mailpile\mailpile\mail_source\imap.py,158,2,0,0,0
Mailpile,C:\Users\Zhifei Chen\Desktop\pysmell\subjects_for_metrics\Mailpile\mailpile\mail_source\imap.py,243,2,0,0,0
Mailpile,C:\Users\Zhifei Chen\Desktop\pysmell\subjects_for_metrics\Mailpile\mailpile\mail_source\imap.py,495,2,0,0,0
Mailpile,C:\Users\Zhifei Chen\Desktop\pysmell\subjects_for_metrics\Mailpile\mailpile\mail_source\imap.py,695,2,0,0,0
Mailpile,C:\Users\Zhifei Chen\Desktop\pysmell\subjects_for_metrics\Mailpile\mailpile\mail_source\imap.py,714,2,0,0,0
Mailpile,C:\Users\Zhifei Chen\Desktop\pysmell\subjects_for_metrics\Mailpile\mailpile\mail_source\imap.py,955,3,1,0,0
Mailpile,C:\Users\Zhifei Chen\Desktop\pysmell\subjects_for_metrics\Mailpile\mailpile\mail_source\__init__.py,822,2,0,0,0
Mailpile,C:\Users\Zhifei Chen\Desktop\pysmell\subjects_for_metrics\Mailpile\mailpile\plugins\compose.py,415,2,0,0,0
Mailpile,C:\Users\Zhifei Chen\Desktop\pysmell\subjects_for_metrics\Mailpile\mailpile\plugins\compose.py,687,2,0,0,0
Mailpile,C:\Users\Zhifei Chen\Desktop\pysmell\subjects_for_metrics\Mailpile\mailpile\plugins\compose.py,762,2,0,0,0
Mailpile,C:\Users\Zhifei Chen\Desktop\pysmell\subjects_for_metrics\Mailpile\mailpile\plugins\cryptostate.py,20,2,0,0,0
Mailpile,C:\Users\Zhifei Chen\Desktop\pysmell\subjects_for_metrics\Mailpile\mailpile\plugins\eventlog.py,45,2,0,0,0
Mailpile,C:\Users\Zhifei Chen\Desktop\pysmell\subjects_for_metrics\Mailpile\mailpile\plugins\migrate.py,19,2,0,0,0
Mailpile,C:\Users\Zhifei Chen\Desktop\pysmell\subjects_for_metrics\Mailpile\mailpile\plugins\migrate.py,61,2,0,0,0
Mailpile,C:\Users\Zhifei Chen\Desktop\pysmell\subjects_for_metrics\Mailpile\mailpile\plugins\migrate.py,154,2,0,0,0
Mailpile,C:\Users\Zhifei Chen\Desktop\pysmell\subjects_for_metrics\Mailpile\mailpile\plugins\search.py,84,2,0,0,0
Mailpile,C:\Users\Zhifei Chen\Desktop\pysmell\subjects_for_metrics\Mailpile\mailpile\plugins\search.py,184,2,0,0,0
Mailpile,C:\Users\Zhifei Chen\Desktop\pysmell\subjects_for_metrics\Mailpile\mailpile\plugins\smtp_server.py,210,2,0,0,0
Mailpile,C:\Users\Zhifei Chen\Desktop\pysmell\subjects_for_metrics\Mailpile\mailpile\plugins\tags.py,85,2,0,0,0
Mailpile,C:\Users\Zhifei Chen\Desktop\pysmell\subjects_for_metrics\Mailpile\mailpile\plugins\vcard_gravatar.py,47,2,0,0,0
Mailpile,C:\Users\Zhifei Chen\Desktop\pysmell\subjects_for_metrics\Mailpile\mailpile\plugins\vcard_gravatar.py,116,2,0,0,0
Mailpile,C:\Users\Zhifei Chen\Desktop\pysmell\subjects_for_metrics\Mailpile\mailpile\plugins\vcard_libravatar.py,44,2,0,0,0
Mailpile,C:\Users\Zhifei Chen\Desktop\pysmell\subjects_for_metrics\Mailpile\mailpile\plugins\vcard_libravatar.py,114,2,0,0,0
Mailpile,C:\Users\Zhifei Chen\Desktop\pysmell\subjects_for_metrics\Mailpile\mailpile\plugins\__init__.py,318,2,0,0,0
Mailpile,C:\Users\Zhifei Chen\Desktop\pysmell\subjects_for_metrics\Mailpile\mailpile\tests\test_plugin.py,25,2,0,0,0
Mailpile,C:\Users\Zhifei Chen\Desktop\pysmell\subjects_for_metrics\Mailpile\mailpile\tests\gui\__init__.py,76,2,0,0,0
Mailpile,C:\Users\Zhifei Chen\Desktop\pysmell\subjects_for_metrics\Mailpile\mailpile\www\jinjaextensions.py,546,2,0,0,0
Mailpile,C:\Users\Zhifei Chen\Desktop\pysmell\subjects_for_metrics\Mailpile\scripts\colorprints.py,69,2,0,0,0
Mailpile,C:\Users\Zhifei Chen\Desktop\pysmell\subjects_for_metrics\Mailpile\scripts\colorprints.py,126,2,0,0,0
