subject,file,lineno,NOC,NOL,experience-based,statistics-based,tuning machine
Mailpile,C:\Users\Zhifei Chen\Desktop\pysmell\subjects_for_metrics\Mailpile\mailpile\auth.py,101,20,1,0,0,0
Mailpile,C:\Users\Zhifei Chen\Desktop\pysmell\subjects_for_metrics\Mailpile\mailpile\auth.py,256,51,1,0,0,0
Mailpile,C:\Users\Zhifei Chen\Desktop\pysmell\subjects_for_metrics\Mailpile\mailpile\auth.py,270,56,1,0,0,0
Mailpile,C:\Users\Zhifei Chen\Desktop\pysmell\subjects_for_metrics\Mailpile\mailpile\commands.py,172,37,1,0,0,0
Mailpile,C:\Users\Zhifei Chen\Desktop\pysmell\subjects_for_metrics\Mailpile\mailpile\commands.py,207,23,1,0,0,0
Mailpile,C:\Users\Zhifei Chen\Desktop\pysmell\subjects_for_metrics\Mailpile\mailpile\commands.py,208,19,1,0,0,0
Mailpile,C:\Users\Zhifei Chen\Desktop\pysmell\subjects_for_metrics\Mailpile\mailpile\commands.py,1046,47,1,0,0,0
Mailpile,C:\Users\Zhifei Chen\Desktop\pysmell\subjects_for_metrics\Mailpile\mailpile\commands.py,1623,16,1,0,0,0
Mailpile,C:\Users\Zhifei Chen\Desktop\pysmell\subjects_for_metrics\Mailpile\mailpile\commands.py,1760,55,2,1,0,0
Mailpile,C:\Users\Zhifei Chen\Desktop\pysmell\subjects_for_metrics\Mailpile\mailpile\commands.py,1762,34,1,0,0,0
Mailpile,C:\Users\Zhifei Chen\Desktop\pysmell\subjects_for_metrics\Mailpile\mailpile\commands.py,1764,20,1,0,0,0
Mailpile,C:\Users\Zhifei Chen\Desktop\pysmell\subjects_for_metrics\Mailpile\mailpile\commands.py,1765,67,2,1,0,0
Mailpile,C:\Users\Zhifei Chen\Desktop\pysmell\subjects_for_metrics\Mailpile\mailpile\commands.py,1766,32,1,0,0,0
Mailpile,C:\Users\Zhifei Chen\Desktop\pysmell\subjects_for_metrics\Mailpile\mailpile\commands.py,1836,31,1,0,0,0
Mailpile,C:\Users\Zhifei Chen\Desktop\pysmell\subjects_for_metrics\Mailpile\mailpile\commands.py,1957,32,1,0,0,0
Mailpile,C:\Users\Zhifei Chen\Desktop\pysmell\subjects_for_metrics\Mailpile\mailpile\commands.py,1958,35,1,0,0,0
Mailpile,C:\Users\Zhifei Chen\Desktop\pysmell\subjects_for_metrics\Mailpile\mailpile\commands.py,2378,30,1,0,0,0
Mailpile,C:\Users\Zhifei Chen\Desktop\pysmell\subjects_for_metrics\Mailpile\mailpile\commands.py,2736,104,3,1,1,1
Mailpile,C:\Users\Zhifei Chen\Desktop\pysmell\subjects_for_metrics\Mailpile\mailpile\commands.py,2737,58,2,1,0,0
Mailpile,C:\Users\Zhifei Chen\Desktop\pysmell\subjects_for_metrics\Mailpile\mailpile\commands.py,2782,70,2,1,0,0
Mailpile,C:\Users\Zhifei Chen\Desktop\pysmell\subjects_for_metrics\Mailpile\mailpile\commands.py,2811,13,1,0,0,0
Mailpile,C:\Users\Zhifei Chen\Desktop\pysmell\subjects_for_metrics\Mailpile\mailpile\config.py,1006,34,1,0,0,0
Mailpile,C:\Users\Zhifei Chen\Desktop\pysmell\subjects_for_metrics\Mailpile\mailpile\config.py,1354,33,1,0,0,0
Mailpile,C:\Users\Zhifei Chen\Desktop\pysmell\subjects_for_metrics\Mailpile\mailpile\config.py,1541,65,3,1,1,1
Mailpile,C:\Users\Zhifei Chen\Desktop\pysmell\subjects_for_metrics\Mailpile\mailpile\config.py,1808,65,3,1,1,1
Mailpile,C:\Users\Zhifei Chen\Desktop\pysmell\subjects_for_metrics\Mailpile\mailpile\config.py,1809,36,2,1,0,0
Mailpile,C:\Users\Zhifei Chen\Desktop\pysmell\subjects_for_metrics\Mailpile\mailpile\config.py,1896,50,1,0,0,0
Mailpile,C:\Users\Zhifei Chen\Desktop\pysmell\subjects_for_metrics\Mailpile\mailpile\config.py,2018,15,1,0,0,0
Mailpile,C:\Users\Zhifei Chen\Desktop\pysmell\subjects_for_metrics\Mailpile\mailpile\config.py,2029,36,1,0,0,0
Mailpile,C:\Users\Zhifei Chen\Desktop\pysmell\subjects_for_metrics\Mailpile\mailpile\config.py,2030,60,2,1,0,0
Mailpile,C:\Users\Zhifei Chen\Desktop\pysmell\subjects_for_metrics\Mailpile\mailpile\conn_brokers.py,179,40,1,0,0,0
Mailpile,C:\Users\Zhifei Chen\Desktop\pysmell\subjects_for_metrics\Mailpile\mailpile\httpd.py,260,35,1,0,0,0
Mailpile,C:\Users\Zhifei Chen\Desktop\pysmell\subjects_for_metrics\Mailpile\mailpile\i18n.py,67,26,1,0,0,0
Mailpile,C:\Users\Zhifei Chen\Desktop\pysmell\subjects_for_metrics\Mailpile\mailpile\mailutils.py,283,53,2,1,0,0
Mailpile,C:\Users\Zhifei Chen\Desktop\pysmell\subjects_for_metrics\Mailpile\mailpile\mailutils.py,594,48,1,0,0,0
Mailpile,C:\Users\Zhifei Chen\Desktop\pysmell\subjects_for_metrics\Mailpile\mailpile\mailutils.py,805,75,2,1,0,0
Mailpile,C:\Users\Zhifei Chen\Desktop\pysmell\subjects_for_metrics\Mailpile\mailpile\mailutils.py,907,21,1,0,0,0
Mailpile,C:\Users\Zhifei Chen\Desktop\pysmell\subjects_for_metrics\Mailpile\mailpile\mailutils.py,1079,35,1,0,0,0
Mailpile,C:\Users\Zhifei Chen\Desktop\pysmell\subjects_for_metrics\Mailpile\mailpile\search.py,326,58,3,1,1,1
Mailpile,C:\Users\Zhifei Chen\Desktop\pysmell\subjects_for_metrics\Mailpile\mailpile\search.py,456,26,1,0,0,0
Mailpile,C:\Users\Zhifei Chen\Desktop\pysmell\subjects_for_metrics\Mailpile\mailpile\search.py,869,32,1,0,0,0
Mailpile,C:\Users\Zhifei Chen\Desktop\pysmell\subjects_for_metrics\Mailpile\mailpile\search.py,1192,38,1,0,0,0
Mailpile,C:\Users\Zhifei Chen\Desktop\pysmell\subjects_for_metrics\Mailpile\mailpile\security.py,79,32,1,0,0,0
Mailpile,C:\Users\Zhifei Chen\Desktop\pysmell\subjects_for_metrics\Mailpile\mailpile\ui.py,79,45,1,0,0,0
Mailpile,C:\Users\Zhifei Chen\Desktop\pysmell\subjects_for_metrics\Mailpile\mailpile\urlmap.py,165,34,1,0,0,0
Mailpile,C:\Users\Zhifei Chen\Desktop\pysmell\subjects_for_metrics\Mailpile\mailpile\urlmap.py,252,91,2,1,0,0
Mailpile,C:\Users\Zhifei Chen\Desktop\pysmell\subjects_for_metrics\Mailpile\mailpile\urlmap.py,381,49,2,1,0,0
Mailpile,C:\Users\Zhifei Chen\Desktop\pysmell\subjects_for_metrics\Mailpile\mailpile\urlmap.py,704,31,1,0,0,0
Mailpile,C:\Users\Zhifei Chen\Desktop\pysmell\subjects_for_metrics\Mailpile\mailpile\util.py,238,59,1,1,0,0
Mailpile,C:\Users\Zhifei Chen\Desktop\pysmell\subjects_for_metrics\Mailpile\mailpile\util.py,623,110,4,1,1,1
Mailpile,C:\Users\Zhifei Chen\Desktop\pysmell\subjects_for_metrics\Mailpile\mailpile\util.py,625,58,2,1,0,0
Mailpile,C:\Users\Zhifei Chen\Desktop\pysmell\subjects_for_metrics\Mailpile\mailpile\util.py,738,45,1,0,0,0
Mailpile,C:\Users\Zhifei Chen\Desktop\pysmell\subjects_for_metrics\Mailpile\mailpile\util.py,853,85,3,1,1,1
Mailpile,C:\Users\Zhifei Chen\Desktop\pysmell\subjects_for_metrics\Mailpile\mailpile\vcard.py,687,35,1,0,0,0
Mailpile,C:\Users\Zhifei Chen\Desktop\pysmell\subjects_for_metrics\Mailpile\mailpile\vcard.py,703,21,1,0,0,0
Mailpile,C:\Users\Zhifei Chen\Desktop\pysmell\subjects_for_metrics\Mailpile\mailpile\vcard.py,705,38,1,0,0,0
Mailpile,C:\Users\Zhifei Chen\Desktop\pysmell\subjects_for_metrics\Mailpile\mailpile\vcard.py,952,34,1,0,0,0
Mailpile,C:\Users\Zhifei Chen\Desktop\pysmell\subjects_for_metrics\Mailpile\mailpile\vcard.py,1059,44,1,0,0,0
Mailpile,C:\Users\Zhifei Chen\Desktop\pysmell\subjects_for_metrics\Mailpile\mailpile\vcard.py,1211,57,2,1,0,0
Mailpile,C:\Users\Zhifei Chen\Desktop\pysmell\subjects_for_metrics\Mailpile\mailpile\vcard.py,1226,57,2,1,0,0
Mailpile,C:\Users\Zhifei Chen\Desktop\pysmell\subjects_for_metrics\Mailpile\mailpile\vfs.py,58,39,1,0,0,0
Mailpile,C:\Users\Zhifei Chen\Desktop\pysmell\subjects_for_metrics\Mailpile\mailpile\vfs.py,157,50,1,0,0,0
Mailpile,C:\Users\Zhifei Chen\Desktop\pysmell\subjects_for_metrics\Mailpile\mailpile\vfs.py,193,57,2,1,0,0
Mailpile,C:\Users\Zhifei Chen\Desktop\pysmell\subjects_for_metrics\Mailpile\mailpile\vfs.py,195,71,2,1,0,0
Mailpile,C:\Users\Zhifei Chen\Desktop\pysmell\subjects_for_metrics\Mailpile\mailpile\vfs.py,378,39,1,0,0,0
Mailpile,C:\Users\Zhifei Chen\Desktop\pysmell\subjects_for_metrics\Mailpile\mailpile\vfs.py,390,64,2,1,0,0
Mailpile,C:\Users\Zhifei Chen\Desktop\pysmell\subjects_for_metrics\Mailpile\mailpile\vfs.py,394,56,1,0,0,0
Mailpile,C:\Users\Zhifei Chen\Desktop\pysmell\subjects_for_metrics\Mailpile\mailpile\vfs.py,397,63,2,1,0,0
Mailpile,C:\Users\Zhifei Chen\Desktop\pysmell\subjects_for_metrics\Mailpile\mailpile\vfs.py,406,58,1,1,0,0
Mailpile,C:\Users\Zhifei Chen\Desktop\pysmell\subjects_for_metrics\Mailpile\mailpile\vfs.py,409,57,1,0,0,0
Mailpile,C:\Users\Zhifei Chen\Desktop\pysmell\subjects_for_metrics\Mailpile\mailpile\contrib\datadig\datadig.py,116,42,1,0,0,0
Mailpile,C:\Users\Zhifei Chen\Desktop\pysmell\subjects_for_metrics\Mailpile\mailpile\contrib\datadig\datadig.py,131,39,1,0,0,0
Mailpile,C:\Users\Zhifei Chen\Desktop\pysmell\subjects_for_metrics\Mailpile\mailpile\contrib\experiments\experiments.py,17,42,1,0,0,0
Mailpile,C:\Users\Zhifei Chen\Desktop\pysmell\subjects_for_metrics\Mailpile\mailpile\contrib\experiments\experiments.py,18,44,1,0,0,0
Mailpile,C:\Users\Zhifei Chen\Desktop\pysmell\subjects_for_metrics\Mailpile\mailpile\crypto\gpgi.py,435,66,2,1,0,0
Mailpile,C:\Users\Zhifei Chen\Desktop\pysmell\subjects_for_metrics\Mailpile\mailpile\crypto\gpgi.py,443,57,2,1,0,0
Mailpile,C:\Users\Zhifei Chen\Desktop\pysmell\subjects_for_metrics\Mailpile\mailpile\crypto\gpgi.py,499,19,1,0,0,0
Mailpile,C:\Users\Zhifei Chen\Desktop\pysmell\subjects_for_metrics\Mailpile\mailpile\crypto\gpgi.py,1123,32,1,0,0,0
Mailpile,C:\Users\Zhifei Chen\Desktop\pysmell\subjects_for_metrics\Mailpile\mailpile\crypto\gpgi.py,1171,37,1,0,0,0
Mailpile,C:\Users\Zhifei Chen\Desktop\pysmell\subjects_for_metrics\Mailpile\mailpile\crypto\streamer.py,397,54,2,1,0,0
Mailpile,C:\Users\Zhifei Chen\Desktop\pysmell\subjects_for_metrics\Mailpile\mailpile\mailboxes\pop3.py,195,24,1,0,0,0
Mailpile,C:\Users\Zhifei Chen\Desktop\pysmell\subjects_for_metrics\Mailpile\mailpile\mailboxes\pop3.py,267,25,1,0,0,0
Mailpile,C:\Users\Zhifei Chen\Desktop\pysmell\subjects_for_metrics\Mailpile\mailpile\mailboxes\pop3.py,268,34,1,0,0,0
Mailpile,C:\Users\Zhifei Chen\Desktop\pysmell\subjects_for_metrics\Mailpile\mailpile\mailboxes\pop3.py,277,64,3,1,1,1
Mailpile,C:\Users\Zhifei Chen\Desktop\pysmell\subjects_for_metrics\Mailpile\mailpile\mail_source\imap.py,246,58,2,1,0,0
Mailpile,C:\Users\Zhifei Chen\Desktop\pysmell\subjects_for_metrics\Mailpile\mailpile\mail_source\imap.py,764,23,1,0,0,0
Mailpile,C:\Users\Zhifei Chen\Desktop\pysmell\subjects_for_metrics\Mailpile\mailpile\mail_source\imap.py,765,23,1,0,0,0
Mailpile,C:\Users\Zhifei Chen\Desktop\pysmell\subjects_for_metrics\Mailpile\mailpile\mail_source\imap.py,766,23,1,0,0,0
Mailpile,C:\Users\Zhifei Chen\Desktop\pysmell\subjects_for_metrics\Mailpile\mailpile\mail_source\__init__.py,84,34,1,0,0,0
Mailpile,C:\Users\Zhifei Chen\Desktop\pysmell\subjects_for_metrics\Mailpile\mailpile\mail_source\__init__.py,365,45,1,0,0,0
Mailpile,C:\Users\Zhifei Chen\Desktop\pysmell\subjects_for_metrics\Mailpile\mailpile\mail_source\__init__.py,430,29,1,0,0,0
Mailpile,C:\Users\Zhifei Chen\Desktop\pysmell\subjects_for_metrics\Mailpile\mailpile\mail_source\__init__.py,627,29,1,0,0,0
Mailpile,C:\Users\Zhifei Chen\Desktop\pysmell\subjects_for_metrics\Mailpile\mailpile\plugins\autotag.py,220,19,1,0,0,0
Mailpile,C:\Users\Zhifei Chen\Desktop\pysmell\subjects_for_metrics\Mailpile\mailpile\plugins\compose.py,217,147,5,1,1,1
Mailpile,C:\Users\Zhifei Chen\Desktop\pysmell\subjects_for_metrics\Mailpile\mailpile\plugins\compose.py,217,39,2,1,0,0
Mailpile,C:\Users\Zhifei Chen\Desktop\pysmell\subjects_for_metrics\Mailpile\mailpile\plugins\compose.py,447,32,1,0,0,0
Mailpile,C:\Users\Zhifei Chen\Desktop\pysmell\subjects_for_metrics\Mailpile\mailpile\plugins\compose.py,503,45,1,0,0,0
Mailpile,C:\Users\Zhifei Chen\Desktop\pysmell\subjects_for_metrics\Mailpile\mailpile\plugins\compose.py,612,48,1,0,0,0
Mailpile,C:\Users\Zhifei Chen\Desktop\pysmell\subjects_for_metrics\Mailpile\mailpile\plugins\contacts.py,74,45,2,1,0,0
Mailpile,C:\Users\Zhifei Chen\Desktop\pysmell\subjects_for_metrics\Mailpile\mailpile\plugins\contacts.py,251,38,1,0,0,0
Mailpile,C:\Users\Zhifei Chen\Desktop\pysmell\subjects_for_metrics\Mailpile\mailpile\plugins\contacts.py,1043,40,1,0,0,0
Mailpile,C:\Users\Zhifei Chen\Desktop\pysmell\subjects_for_metrics\Mailpile\mailpile\plugins\contacts.py,1044,38,1,0,0,0
Mailpile,C:\Users\Zhifei Chen\Desktop\pysmell\subjects_for_metrics\Mailpile\mailpile\plugins\contacts.py,1045,38,1,0,0,0
Mailpile,C:\Users\Zhifei Chen\Desktop\pysmell\subjects_for_metrics\Mailpile\mailpile\plugins\contacts.py,1046,39,1,0,0,0
Mailpile,C:\Users\Zhifei Chen\Desktop\pysmell\subjects_for_metrics\Mailpile\mailpile\plugins\contacts.py,1047,28,1,0,0,0
Mailpile,C:\Users\Zhifei Chen\Desktop\pysmell\subjects_for_metrics\Mailpile\mailpile\plugins\contacts.py,1048,40,1,0,0,0
Mailpile,C:\Users\Zhifei Chen\Desktop\pysmell\subjects_for_metrics\Mailpile\mailpile\plugins\crypto_gnupg.py,441,52,1,0,0,0
Mailpile,C:\Users\Zhifei Chen\Desktop\pysmell\subjects_for_metrics\Mailpile\mailpile\plugins\crypto_gnupg.py,451,27,1,0,0,0
Mailpile,C:\Users\Zhifei Chen\Desktop\pysmell\subjects_for_metrics\Mailpile\mailpile\plugins\crypto_gnupg.py,461,27,1,0,0,0
Mailpile,C:\Users\Zhifei Chen\Desktop\pysmell\subjects_for_metrics\Mailpile\mailpile\plugins\crypto_gnupg.py,586,37,1,0,0,0
Mailpile,C:\Users\Zhifei Chen\Desktop\pysmell\subjects_for_metrics\Mailpile\mailpile\plugins\crypto_policy.py,136,65,2,1,0,0
Mailpile,C:\Users\Zhifei Chen\Desktop\pysmell\subjects_for_metrics\Mailpile\mailpile\plugins\crypto_policy.py,222,14,1,0,0,0
Mailpile,C:\Users\Zhifei Chen\Desktop\pysmell\subjects_for_metrics\Mailpile\mailpile\plugins\exporters.py,119,36,1,0,0,0
Mailpile,C:\Users\Zhifei Chen\Desktop\pysmell\subjects_for_metrics\Mailpile\mailpile\plugins\search.py,94,30,1,0,0,0
Mailpile,C:\Users\Zhifei Chen\Desktop\pysmell\subjects_for_metrics\Mailpile\mailpile\plugins\search.py,146,29,1,0,0,0
Mailpile,C:\Users\Zhifei Chen\Desktop\pysmell\subjects_for_metrics\Mailpile\mailpile\plugins\search.py,147,40,1,0,0,0
Mailpile,C:\Users\Zhifei Chen\Desktop\pysmell\subjects_for_metrics\Mailpile\mailpile\plugins\search.py,176,37,1,0,0,0
Mailpile,C:\Users\Zhifei Chen\Desktop\pysmell\subjects_for_metrics\Mailpile\mailpile\plugins\setup_magic.py,378,20,1,0,0,0
Mailpile,C:\Users\Zhifei Chen\Desktop\pysmell\subjects_for_metrics\Mailpile\mailpile\plugins\setup_magic.py,402,60,3,1,1,1
Mailpile,C:\Users\Zhifei Chen\Desktop\pysmell\subjects_for_metrics\Mailpile\mailpile\plugins\setup_magic.py,623,46,1,0,0,0
Mailpile,C:\Users\Zhifei Chen\Desktop\pysmell\subjects_for_metrics\Mailpile\mailpile\plugins\setup_magic.py,820,34,1,0,0,0
Mailpile,C:\Users\Zhifei Chen\Desktop\pysmell\subjects_for_metrics\Mailpile\mailpile\plugins\setup_magic.py,875,34,1,0,0,0
Mailpile,C:\Users\Zhifei Chen\Desktop\pysmell\subjects_for_metrics\Mailpile\mailpile\plugins\setup_magic.py,876,54,1,0,0,0
Mailpile,C:\Users\Zhifei Chen\Desktop\pysmell\subjects_for_metrics\Mailpile\mailpile\plugins\setup_magic.py,877,40,1,0,0,0
Mailpile,C:\Users\Zhifei Chen\Desktop\pysmell\subjects_for_metrics\Mailpile\mailpile\plugins\setup_magic.py,1287,24,1,0,0,0
Mailpile,C:\Users\Zhifei Chen\Desktop\pysmell\subjects_for_metrics\Mailpile\mailpile\plugins\setup_magic.py,1288,24,1,0,0,0
Mailpile,C:\Users\Zhifei Chen\Desktop\pysmell\subjects_for_metrics\Mailpile\mailpile\plugins\smtp_server.py,102,40,1,0,0,0
Mailpile,C:\Users\Zhifei Chen\Desktop\pysmell\subjects_for_metrics\Mailpile\mailpile\plugins\smtp_server.py,117,38,1,0,0,0
Mailpile,C:\Users\Zhifei Chen\Desktop\pysmell\subjects_for_metrics\Mailpile\mailpile\plugins\tags.py,275,115,3,1,1,1
Mailpile,C:\Users\Zhifei Chen\Desktop\pysmell\subjects_for_metrics\Mailpile\mailpile\plugins\tags.py,296,30,1,0,0,0
Mailpile,C:\Users\Zhifei Chen\Desktop\pysmell\subjects_for_metrics\Mailpile\mailpile\plugins\keylookup\dnspka.py,46,28,1,0,0,0
Mailpile,C:\Users\Zhifei Chen\Desktop\pysmell\subjects_for_metrics\Mailpile\mailpile\plugins\keylookup\__init__.py,84,32,1,0,0,0
Mailpile,C:\Users\Zhifei Chen\Desktop\pysmell\subjects_for_metrics\Mailpile\scripts\colorprints.py,181,27,1,0,0,0
Mailpile,C:\Users\Zhifei Chen\Desktop\pysmell\subjects_for_metrics\Mailpile\scripts\colorprints.py,213,111,3,1,1,1
Mailpile,C:\Users\Zhifei Chen\Desktop\pysmell\subjects_for_metrics\Mailpile\scripts\mbox-minimal.py,28,51,1,0,0,0
