subject,file,lineno,NOC,PAR,NOO,experience-based,statistics-based,tuning machine
Mailpile,C:\Users\Zhifei Chen\Desktop\pysmell\subjects_for_metrics\Mailpile\mailpile\commands.py,136,25,1,3,0,0,0
Mailpile,C:\Users\Zhifei Chen\Desktop\pysmell\subjects_for_metrics\Mailpile\mailpile\commands.py,138,25,1,3,0,0,0
Mailpile,C:\Users\Zhifei Chen\Desktop\pysmell\subjects_for_metrics\Mailpile\mailpile\commands.py,365,24,0,4,0,0,0
Mailpile,C:\Users\Zhifei Chen\Desktop\pysmell\subjects_for_metrics\Mailpile\mailpile\commands.py,369,32,0,6,0,0,0
Mailpile,C:\Users\Zhifei Chen\Desktop\pysmell\subjects_for_metrics\Mailpile\mailpile\commands.py,372,40,0,6,0,0,0
Mailpile,C:\Users\Zhifei Chen\Desktop\pysmell\subjects_for_metrics\Mailpile\mailpile\commands.py,374,11,0,1,0,0,0
Mailpile,C:\Users\Zhifei Chen\Desktop\pysmell\subjects_for_metrics\Mailpile\mailpile\commands.py,703,19,1,4,0,0,0
Mailpile,C:\Users\Zhifei Chen\Desktop\pysmell\subjects_for_metrics\Mailpile\mailpile\commands.py,735,21,1,5,0,0,0
Mailpile,C:\Users\Zhifei Chen\Desktop\pysmell\subjects_for_metrics\Mailpile\mailpile\commands.py,1832,33,1,5,0,0,0
Mailpile,C:\Users\Zhifei Chen\Desktop\pysmell\subjects_for_metrics\Mailpile\mailpile\commands.py,1884,31,1,7,0,0,0
Mailpile,C:\Users\Zhifei Chen\Desktop\pysmell\subjects_for_metrics\Mailpile\mailpile\commands.py,1886,50,1,10,1,0,0
Mailpile,C:\Users\Zhifei Chen\Desktop\pysmell\subjects_for_metrics\Mailpile\mailpile\commands.py,2544,18,0,4,0,0,0
Mailpile,C:\Users\Zhifei Chen\Desktop\pysmell\subjects_for_metrics\Mailpile\mailpile\commands.py,2608,31,1,11,0,0,0
Mailpile,C:\Users\Zhifei Chen\Desktop\pysmell\subjects_for_metrics\Mailpile\mailpile\commands.py,2746,16,1,3,0,0,0
Mailpile,C:\Users\Zhifei Chen\Desktop\pysmell\subjects_for_metrics\Mailpile\mailpile\commands.py,2752,32,1,7,0,0,0
Mailpile,C:\Users\Zhifei Chen\Desktop\pysmell\subjects_for_metrics\Mailpile\mailpile\command_cache.py,40,12,1,1,0,0,0
Mailpile,C:\Users\Zhifei Chen\Desktop\pysmell\subjects_for_metrics\Mailpile\mailpile\command_cache.py,111,27,1,7,0,0,0
Mailpile,C:\Users\Zhifei Chen\Desktop\pysmell\subjects_for_metrics\Mailpile\mailpile\config.py,1180,106,0,18,1,1,1
Mailpile,C:\Users\Zhifei Chen\Desktop\pysmell\subjects_for_metrics\Mailpile\mailpile\config.py,1375,25,1,4,0,0,0
Mailpile,C:\Users\Zhifei Chen\Desktop\pysmell\subjects_for_metrics\Mailpile\mailpile\config.py,1470,22,0,2,0,0,0
Mailpile,C:\Users\Zhifei Chen\Desktop\pysmell\subjects_for_metrics\Mailpile\mailpile\config.py,1471,52,0,6,0,0,0
Mailpile,C:\Users\Zhifei Chen\Desktop\pysmell\subjects_for_metrics\Mailpile\mailpile\config.py,1752,31,2,5,0,0,0
Mailpile,C:\Users\Zhifei Chen\Desktop\pysmell\subjects_for_metrics\Mailpile\mailpile\config.py,1790,51,0,6,0,0,0
Mailpile,C:\Users\Zhifei Chen\Desktop\pysmell\subjects_for_metrics\Mailpile\mailpile\config.py,1802,67,0,7,1,0,0
Mailpile,C:\Users\Zhifei Chen\Desktop\pysmell\subjects_for_metrics\Mailpile\mailpile\config.py,1903,22,0,2,0,0,0
Mailpile,C:\Users\Zhifei Chen\Desktop\pysmell\subjects_for_metrics\Mailpile\mailpile\config.py,1904,50,0,6,0,0,0
Mailpile,C:\Users\Zhifei Chen\Desktop\pysmell\subjects_for_metrics\Mailpile\mailpile\config.py,1928,22,0,2,0,0,0
Mailpile,C:\Users\Zhifei Chen\Desktop\pysmell\subjects_for_metrics\Mailpile\mailpile\config.py,1929,50,0,6,0,0,0
Mailpile,C:\Users\Zhifei Chen\Desktop\pysmell\subjects_for_metrics\Mailpile\mailpile\config.py,2018,74,1,18,1,0,1
Mailpile,C:\Users\Zhifei Chen\Desktop\pysmell\subjects_for_metrics\Mailpile\mailpile\config.py,2217,41,1,6,0,0,0
Mailpile,C:\Users\Zhifei Chen\Desktop\pysmell\subjects_for_metrics\Mailpile\mailpile\config.py,2278,37,0,5,0,0,0
Mailpile,C:\Users\Zhifei Chen\Desktop\pysmell\subjects_for_metrics\Mailpile\mailpile\config.py,2284,41,0,5,0,0,0
Mailpile,C:\Users\Zhifei Chen\Desktop\pysmell\subjects_for_metrics\Mailpile\mailpile\config.py,2291,63,0,6,0,0,0
Mailpile,C:\Users\Zhifei Chen\Desktop\pysmell\subjects_for_metrics\Mailpile\mailpile\config.py,2300,97,0,10,1,0,0
Mailpile,C:\Users\Zhifei Chen\Desktop\pysmell\subjects_for_metrics\Mailpile\mailpile\config.py,2323,30,0,4,0,0,0
Mailpile,C:\Users\Zhifei Chen\Desktop\pysmell\subjects_for_metrics\Mailpile\mailpile\defaults.py,22,19,1,1,0,0,0
Mailpile,C:\Users\Zhifei Chen\Desktop\pysmell\subjects_for_metrics\Mailpile\mailpile\eventlog.py,112,18,1,4,0,0,0
Mailpile,C:\Users\Zhifei Chen\Desktop\pysmell\subjects_for_metrics\Mailpile\mailpile\eventlog.py,112,22,2,4,0,0,0
Mailpile,C:\Users\Zhifei Chen\Desktop\pysmell\subjects_for_metrics\Mailpile\mailpile\eventlog.py,113,13,1,2,0,0,0
Mailpile,C:\Users\Zhifei Chen\Desktop\pysmell\subjects_for_metrics\Mailpile\mailpile\eventlog.py,113,22,2,4,0,0,0
Mailpile,C:\Users\Zhifei Chen\Desktop\pysmell\subjects_for_metrics\Mailpile\mailpile\eventlog.py,114,18,1,4,0,0,0
Mailpile,C:\Users\Zhifei Chen\Desktop\pysmell\subjects_for_metrics\Mailpile\mailpile\eventlog.py,114,21,2,5,0,0,0
Mailpile,C:\Users\Zhifei Chen\Desktop\pysmell\subjects_for_metrics\Mailpile\mailpile\eventlog.py,115,18,1,4,0,0,0
Mailpile,C:\Users\Zhifei Chen\Desktop\pysmell\subjects_for_metrics\Mailpile\mailpile\eventlog.py,115,21,2,5,0,0,0
Mailpile,C:\Users\Zhifei Chen\Desktop\pysmell\subjects_for_metrics\Mailpile\mailpile\eventlog.py,116,18,1,4,0,0,0
Mailpile,C:\Users\Zhifei Chen\Desktop\pysmell\subjects_for_metrics\Mailpile\mailpile\eventlog.py,116,21,2,5,0,0,0
Mailpile,C:\Users\Zhifei Chen\Desktop\pysmell\subjects_for_metrics\Mailpile\mailpile\eventlog.py,117,18,1,4,0,0,0
Mailpile,C:\Users\Zhifei Chen\Desktop\pysmell\subjects_for_metrics\Mailpile\mailpile\eventlog.py,118,33,2,7,0,0,0
Mailpile,C:\Users\Zhifei Chen\Desktop\pysmell\subjects_for_metrics\Mailpile\mailpile\eventlog.py,119,18,1,4,0,0,0
Mailpile,C:\Users\Zhifei Chen\Desktop\pysmell\subjects_for_metrics\Mailpile\mailpile\eventlog.py,119,21,2,5,0,0,0
Mailpile,C:\Users\Zhifei Chen\Desktop\pysmell\subjects_for_metrics\Mailpile\mailpile\eventlog.py,120,18,1,4,0,0,0
Mailpile,C:\Users\Zhifei Chen\Desktop\pysmell\subjects_for_metrics\Mailpile\mailpile\eventlog.py,120,21,2,5,0,0,0
Mailpile,C:\Users\Zhifei Chen\Desktop\pysmell\subjects_for_metrics\Mailpile\mailpile\eventlog.py,184,11,0,1,0,0,0
Mailpile,C:\Users\Zhifei Chen\Desktop\pysmell\subjects_for_metrics\Mailpile\mailpile\eventlog.py,185,11,0,1,0,0,0
Mailpile,C:\Users\Zhifei Chen\Desktop\pysmell\subjects_for_metrics\Mailpile\mailpile\eventlog.py,249,14,1,2,0,0,0
Mailpile,C:\Users\Zhifei Chen\Desktop\pysmell\subjects_for_metrics\Mailpile\mailpile\mailutils.py,316,30,1,4,0,0,0
Mailpile,C:\Users\Zhifei Chen\Desktop\pysmell\subjects_for_metrics\Mailpile\mailpile\mailutils.py,433,105,1,15,1,1,1
Mailpile,C:\Users\Zhifei Chen\Desktop\pysmell\subjects_for_metrics\Mailpile\mailpile\mailutils.py,560,47,1,10,0,0,0
Mailpile,C:\Users\Zhifei Chen\Desktop\pysmell\subjects_for_metrics\Mailpile\mailpile\mailutils.py,1643,18,1,4,0,0,0
Mailpile,C:\Users\Zhifei Chen\Desktop\pysmell\subjects_for_metrics\Mailpile\mailpile\mailutils.py,1647,25,1,6,0,0,0
Mailpile,C:\Users\Zhifei Chen\Desktop\pysmell\subjects_for_metrics\Mailpile\mailpile\postinglist.py,186,18,1,4,0,0,0
Mailpile,C:\Users\Zhifei Chen\Desktop\pysmell\subjects_for_metrics\Mailpile\mailpile\postinglist.py,353,17,1,4,0,0,0
Mailpile,C:\Users\Zhifei Chen\Desktop\pysmell\subjects_for_metrics\Mailpile\mailpile\search.py,807,42,0,5,0,0,0
Mailpile,C:\Users\Zhifei Chen\Desktop\pysmell\subjects_for_metrics\Mailpile\mailpile\search.py,810,42,0,5,0,0,0
Mailpile,C:\Users\Zhifei Chen\Desktop\pysmell\subjects_for_metrics\Mailpile\mailpile\search.py,1367,20,0,3,0,0,0
Mailpile,C:\Users\Zhifei Chen\Desktop\pysmell\subjects_for_metrics\Mailpile\mailpile\search.py,1727,14,2,1,0,0,0
Mailpile,C:\Users\Zhifei Chen\Desktop\pysmell\subjects_for_metrics\Mailpile\mailpile\search.py,1913,34,2,7,0,0,0
Mailpile,C:\Users\Zhifei Chen\Desktop\pysmell\subjects_for_metrics\Mailpile\mailpile\smtp_client.py,141,28,1,5,0,0,0
Mailpile,C:\Users\Zhifei Chen\Desktop\pysmell\subjects_for_metrics\Mailpile\mailpile\smtp_client.py,187,11,0,1,0,0,0
Mailpile,C:\Users\Zhifei Chen\Desktop\pysmell\subjects_for_metrics\Mailpile\mailpile\smtp_client.py,208,39,0,8,0,0,0
Mailpile,C:\Users\Zhifei Chen\Desktop\pysmell\subjects_for_metrics\Mailpile\mailpile\ui.py,166,33,2,5,0,0,0
Mailpile,C:\Users\Zhifei Chen\Desktop\pysmell\subjects_for_metrics\Mailpile\mailpile\ui.py,289,43,2,6,0,0,0
Mailpile,C:\Users\Zhifei Chen\Desktop\pysmell\subjects_for_metrics\Mailpile\mailpile\ui.py,290,44,2,6,0,0,0
Mailpile,C:\Users\Zhifei Chen\Desktop\pysmell\subjects_for_metrics\Mailpile\mailpile\ui.py,291,45,2,6,0,0,0
Mailpile,C:\Users\Zhifei Chen\Desktop\pysmell\subjects_for_metrics\Mailpile\mailpile\ui.py,292,46,2,6,0,0,0
Mailpile,C:\Users\Zhifei Chen\Desktop\pysmell\subjects_for_metrics\Mailpile\mailpile\ui.py,293,43,2,6,0,0,0
Mailpile,C:\Users\Zhifei Chen\Desktop\pysmell\subjects_for_metrics\Mailpile\mailpile\ui.py,296,38,1,6,0,0,0
Mailpile,C:\Users\Zhifei Chen\Desktop\pysmell\subjects_for_metrics\Mailpile\mailpile\ui.py,736,24,1,3,0,0,0
Mailpile,C:\Users\Zhifei Chen\Desktop\pysmell\subjects_for_metrics\Mailpile\mailpile\ui.py,737,30,2,4,0,0,0
Mailpile,C:\Users\Zhifei Chen\Desktop\pysmell\subjects_for_metrics\Mailpile\mailpile\util.py,248,10,0,1,0,0,0
Mailpile,C:\Users\Zhifei Chen\Desktop\pysmell\subjects_for_metrics\Mailpile\mailpile\util.py,250,16,3,1,0,0,0
Mailpile,C:\Users\Zhifei Chen\Desktop\pysmell\subjects_for_metrics\Mailpile\mailpile\util.py,630,58,1,12,1,0,0
Mailpile,C:\Users\Zhifei Chen\Desktop\pysmell\subjects_for_metrics\Mailpile\mailpile\util.py,633,43,1,9,0,0,0
Mailpile,C:\Users\Zhifei Chen\Desktop\pysmell\subjects_for_metrics\Mailpile\mailpile\util.py,635,43,1,9,0,0,0
Mailpile,C:\Users\Zhifei Chen\Desktop\pysmell\subjects_for_metrics\Mailpile\mailpile\vcard.py,77,24,1,2,0,0,0
Mailpile,C:\Users\Zhifei Chen\Desktop\pysmell\subjects_for_metrics\Mailpile\mailpile\vcard.py,104,21,1,2,0,0,0
Mailpile,C:\Users\Zhifei Chen\Desktop\pysmell\subjects_for_metrics\Mailpile\mailpile\vcard.py,105,29,2,4,0,0,0
Mailpile,C:\Users\Zhifei Chen\Desktop\pysmell\subjects_for_metrics\Mailpile\mailpile\vcard.py,108,22,1,2,0,0,0
Mailpile,C:\Users\Zhifei Chen\Desktop\pysmell\subjects_for_metrics\Mailpile\mailpile\vcard.py,109,30,2,4,0,0,0
Mailpile,C:\Users\Zhifei Chen\Desktop\pysmell\subjects_for_metrics\Mailpile\mailpile\vcard.py,112,22,1,2,0,0,0
Mailpile,C:\Users\Zhifei Chen\Desktop\pysmell\subjects_for_metrics\Mailpile\mailpile\vcard.py,113,30,2,4,0,0,0
Mailpile,C:\Users\Zhifei Chen\Desktop\pysmell\subjects_for_metrics\Mailpile\mailpile\vcard.py,606,24,1,5,0,0,0
Mailpile,C:\Users\Zhifei Chen\Desktop\pysmell\subjects_for_metrics\Mailpile\mailpile\vcard.py,766,47,1,6,0,0,0
Mailpile,C:\Users\Zhifei Chen\Desktop\pysmell\subjects_for_metrics\Mailpile\mailpile\vcard.py,767,42,2,5,0,0,0
Mailpile,C:\Users\Zhifei Chen\Desktop\pysmell\subjects_for_metrics\Mailpile\mailpile\vcard.py,770,44,1,6,0,0,0
Mailpile,C:\Users\Zhifei Chen\Desktop\pysmell\subjects_for_metrics\Mailpile\mailpile\vcard.py,771,39,2,5,0,0,0
Mailpile,C:\Users\Zhifei Chen\Desktop\pysmell\subjects_for_metrics\Mailpile\mailpile\vcard.py,774,43,1,6,0,0,0
Mailpile,C:\Users\Zhifei Chen\Desktop\pysmell\subjects_for_metrics\Mailpile\mailpile\vcard.py,775,38,2,5,0,0,0
Mailpile,C:\Users\Zhifei Chen\Desktop\pysmell\subjects_for_metrics\Mailpile\mailpile\vcard.py,778,41,1,6,0,0,0
Mailpile,C:\Users\Zhifei Chen\Desktop\pysmell\subjects_for_metrics\Mailpile\mailpile\vcard.py,779,36,2,5,0,0,0
Mailpile,C:\Users\Zhifei Chen\Desktop\pysmell\subjects_for_metrics\Mailpile\mailpile\vcard.py,782,43,1,6,0,0,0
Mailpile,C:\Users\Zhifei Chen\Desktop\pysmell\subjects_for_metrics\Mailpile\mailpile\vcard.py,783,55,2,9,1,0,0
Mailpile,C:\Users\Zhifei Chen\Desktop\pysmell\subjects_for_metrics\Mailpile\mailpile\vcard.py,811,24,0,2,0,0,0
Mailpile,C:\Users\Zhifei Chen\Desktop\pysmell\subjects_for_metrics\Mailpile\mailpile\vcard.py,812,56,0,6,0,0,0
Mailpile,C:\Users\Zhifei Chen\Desktop\pysmell\subjects_for_metrics\Mailpile\mailpile\vcard.py,816,11,0,1,0,0,0
Mailpile,C:\Users\Zhifei Chen\Desktop\pysmell\subjects_for_metrics\Mailpile\mailpile\vcard.py,1007,53,1,10,1,0,0
Mailpile,C:\Users\Zhifei Chen\Desktop\pysmell\subjects_for_metrics\Mailpile\mailpile\vcard.py,1008,77,2,7,1,0,0
Mailpile,C:\Users\Zhifei Chen\Desktop\pysmell\subjects_for_metrics\Mailpile\mailpile\vcard.py,1012,59,1,4,0,0,0
Mailpile,C:\Users\Zhifei Chen\Desktop\pysmell\subjects_for_metrics\Mailpile\mailpile\vcard.py,1013,63,2,5,0,0,0
Mailpile,C:\Users\Zhifei Chen\Desktop\pysmell\subjects_for_metrics\Mailpile\mailpile\vcard.py,1016,54,1,4,0,0,0
Mailpile,C:\Users\Zhifei Chen\Desktop\pysmell\subjects_for_metrics\Mailpile\mailpile\vcard.py,1017,58,2,5,0,0,0
Mailpile,C:\Users\Zhifei Chen\Desktop\pysmell\subjects_for_metrics\Mailpile\mailpile\vcard.py,1020,54,1,4,0,0,0
Mailpile,C:\Users\Zhifei Chen\Desktop\pysmell\subjects_for_metrics\Mailpile\mailpile\vcard.py,1021,58,2,5,0,0,0
Mailpile,C:\Users\Zhifei Chen\Desktop\pysmell\subjects_for_metrics\Mailpile\mailpile\vcard.py,1081,58,1,4,0,0,0
Mailpile,C:\Users\Zhifei Chen\Desktop\pysmell\subjects_for_metrics\Mailpile\mailpile\vcard.py,1082,62,2,5,0,0,0
Mailpile,C:\Users\Zhifei Chen\Desktop\pysmell\subjects_for_metrics\Mailpile\mailpile\vcard.py,1085,54,1,4,0,0,0
Mailpile,C:\Users\Zhifei Chen\Desktop\pysmell\subjects_for_metrics\Mailpile\mailpile\vcard.py,1086,58,2,5,0,0,0
Mailpile,C:\Users\Zhifei Chen\Desktop\pysmell\subjects_for_metrics\Mailpile\mailpile\vcard.py,1089,52,1,4,0,0,0
Mailpile,C:\Users\Zhifei Chen\Desktop\pysmell\subjects_for_metrics\Mailpile\mailpile\vcard.py,1090,56,2,5,0,0,0
Mailpile,C:\Users\Zhifei Chen\Desktop\pysmell\subjects_for_metrics\Mailpile\mailpile\vcard.py,1096,30,1,5,0,0,0
Mailpile,C:\Users\Zhifei Chen\Desktop\pysmell\subjects_for_metrics\Mailpile\mailpile\vcard.py,1097,37,2,5,0,0,0
Mailpile,C:\Users\Zhifei Chen\Desktop\pysmell\subjects_for_metrics\Mailpile\mailpile\vcard.py,1100,35,1,5,0,0,0
Mailpile,C:\Users\Zhifei Chen\Desktop\pysmell\subjects_for_metrics\Mailpile\mailpile\vcard.py,1101,42,2,5,0,0,0
Mailpile,C:\Users\Zhifei Chen\Desktop\pysmell\subjects_for_metrics\Mailpile\mailpile\vcard.py,1104,23,1,3,0,0,0
Mailpile,C:\Users\Zhifei Chen\Desktop\pysmell\subjects_for_metrics\Mailpile\mailpile\vcard.py,1105,39,2,5,0,0,0
Mailpile,C:\Users\Zhifei Chen\Desktop\pysmell\subjects_for_metrics\Mailpile\mailpile\vcard.py,1108,27,1,3,0,0,0
Mailpile,C:\Users\Zhifei Chen\Desktop\pysmell\subjects_for_metrics\Mailpile\mailpile\vcard.py,1109,43,2,5,0,0,0
Mailpile,C:\Users\Zhifei Chen\Desktop\pysmell\subjects_for_metrics\Mailpile\mailpile\vcard.py,1112,24,1,3,0,0,0
Mailpile,C:\Users\Zhifei Chen\Desktop\pysmell\subjects_for_metrics\Mailpile\mailpile\vcard.py,1113,40,2,5,0,0,0
Mailpile,C:\Users\Zhifei Chen\Desktop\pysmell\subjects_for_metrics\Mailpile\mailpile\vcard.py,1116,27,1,4,0,0,0
Mailpile,C:\Users\Zhifei Chen\Desktop\pysmell\subjects_for_metrics\Mailpile\mailpile\vcard.py,1117,39,2,5,0,0,0
Mailpile,C:\Users\Zhifei Chen\Desktop\pysmell\subjects_for_metrics\Mailpile\mailpile\vcard.py,1120,36,1,4,0,0,0
Mailpile,C:\Users\Zhifei Chen\Desktop\pysmell\subjects_for_metrics\Mailpile\mailpile\vcard.py,1121,48,2,5,0,0,0
Mailpile,C:\Users\Zhifei Chen\Desktop\pysmell\subjects_for_metrics\Mailpile\mailpile\vcard.py,1299,25,1,5,0,0,0
Mailpile,C:\Users\Zhifei Chen\Desktop\pysmell\subjects_for_metrics\Mailpile\mailpile\vcard.py,1319,18,1,2,0,0,0
Mailpile,C:\Users\Zhifei Chen\Desktop\pysmell\subjects_for_metrics\Mailpile\mailpile\vcard.py,1458,20,1,5,0,0,0
Mailpile,C:\Users\Zhifei Chen\Desktop\pysmell\subjects_for_metrics\Mailpile\mailpile\vcard.py,1500,30,1,5,0,0,0
Mailpile,C:\Users\Zhifei Chen\Desktop\pysmell\subjects_for_metrics\Mailpile\mailpile\vcard.py,1523,30,1,5,0,0,0
Mailpile,C:\Users\Zhifei Chen\Desktop\pysmell\subjects_for_metrics\Mailpile\mailpile\contrib\experiments\experiments.py,68,26,1,1,0,0,0
Mailpile,C:\Users\Zhifei Chen\Desktop\pysmell\subjects_for_metrics\Mailpile\mailpile\contrib\experiments\experiments.py,152,9,1,1,0,0,0
Mailpile,C:\Users\Zhifei Chen\Desktop\pysmell\subjects_for_metrics\Mailpile\mailpile\contrib\gui\gui-o-matic.py,145,26,2,5,0,0,0
Mailpile,C:\Users\Zhifei Chen\Desktop\pysmell\subjects_for_metrics\Mailpile\mailpile\contrib\gui\gui-o-matic.py,180,21,1,5,0,0,0
Mailpile,C:\Users\Zhifei Chen\Desktop\pysmell\subjects_for_metrics\Mailpile\mailpile\contrib\gui\gui-o-matic.py,295,14,2,3,0,0,0
Mailpile,C:\Users\Zhifei Chen\Desktop\pysmell\subjects_for_metrics\Mailpile\mailpile\contrib\gui\gui-o-matic.py,381,20,0,5,0,0,0
Mailpile,C:\Users\Zhifei Chen\Desktop\pysmell\subjects_for_metrics\Mailpile\mailpile\contrib\i18nhelper\i18nhelper.py,22,16,1,5,0,0,0
Mailpile,C:\Users\Zhifei Chen\Desktop\pysmell\subjects_for_metrics\Mailpile\mailpile\crypto\gpgi.py,198,30,1,5,0,0,0
Mailpile,C:\Users\Zhifei Chen\Desktop\pysmell\subjects_for_metrics\Mailpile\mailpile\crypto\gpgi.py,1133,44,1,5,0,0,0
Mailpile,C:\Users\Zhifei Chen\Desktop\pysmell\subjects_for_metrics\Mailpile\mailpile\crypto\gpgi.py,1134,16,1,1,0,0,0
Mailpile,C:\Users\Zhifei Chen\Desktop\pysmell\subjects_for_metrics\Mailpile\mailpile\crypto\gpgi.py,1253,56,1,7,1,0,0
Mailpile,C:\Users\Zhifei Chen\Desktop\pysmell\subjects_for_metrics\Mailpile\mailpile\crypto\state.py,43,50,1,7,1,0,0
Mailpile,C:\Users\Zhifei Chen\Desktop\pysmell\subjects_for_metrics\Mailpile\mailpile\crypto\state.py,45,32,2,4,0,0,0
Mailpile,C:\Users\Zhifei Chen\Desktop\pysmell\subjects_for_metrics\Mailpile\mailpile\mailboxes\mbox.py,34,11,0,1,0,0,0
Mailpile,C:\Users\Zhifei Chen\Desktop\pysmell\subjects_for_metrics\Mailpile\mailpile\mailboxes\mbox.py,35,11,0,1,0,0,0
Mailpile,C:\Users\Zhifei Chen\Desktop\pysmell\subjects_for_metrics\Mailpile\mailpile\mailboxes\mbox.py,54,11,0,1,0,0,0
Mailpile,C:\Users\Zhifei Chen\Desktop\pysmell\subjects_for_metrics\Mailpile\mailpile\mailboxes\mbox.py,55,11,0,1,0,0,0
Mailpile,C:\Users\Zhifei Chen\Desktop\pysmell\subjects_for_metrics\Mailpile\mailpile\mailboxes\pop3.py,267,37,2,6,0,0,0
Mailpile,C:\Users\Zhifei Chen\Desktop\pysmell\subjects_for_metrics\Mailpile\mailpile\mailboxes\pop3.py,268,46,2,6,0,0,0
Mailpile,C:\Users\Zhifei Chen\Desktop\pysmell\subjects_for_metrics\Mailpile\mailpile\mailboxes\pop3.py,271,94,1,20,1,1,1
Mailpile,C:\Users\Zhifei Chen\Desktop\pysmell\subjects_for_metrics\Mailpile\mailpile\mailboxes\pop3.py,275,123,2,28,1,1,1
Mailpile,C:\Users\Zhifei Chen\Desktop\pysmell\subjects_for_metrics\Mailpile\mailpile\mailboxes\pop3.py,280,90,3,22,1,1,1
Mailpile,C:\Users\Zhifei Chen\Desktop\pysmell\subjects_for_metrics\Mailpile\mailpile\mailboxes\__init__.py,72,11,0,1,0,0,0
Mailpile,C:\Users\Zhifei Chen\Desktop\pysmell\subjects_for_metrics\Mailpile\mailpile\mailboxes\__init__.py,73,11,0,1,0,0,0
Mailpile,C:\Users\Zhifei Chen\Desktop\pysmell\subjects_for_metrics\Mailpile\mailpile\mailboxes\__init__.py,91,11,0,1,0,0,0
Mailpile,C:\Users\Zhifei Chen\Desktop\pysmell\subjects_for_metrics\Mailpile\mailpile\mailboxes\__init__.py,92,11,0,1,0,0,0
Mailpile,C:\Users\Zhifei Chen\Desktop\pysmell\subjects_for_metrics\Mailpile\mailpile\mail_source\__init__.py,211,187,1,47,1,1,1
Mailpile,C:\Users\Zhifei Chen\Desktop\pysmell\subjects_for_metrics\Mailpile\mailpile\plugins\contacts.py,760,20,1,4,0,0,0
Mailpile,C:\Users\Zhifei Chen\Desktop\pysmell\subjects_for_metrics\Mailpile\mailpile\plugins\contacts.py,994,57,0,6,0,0,0
Mailpile,C:\Users\Zhifei Chen\Desktop\pysmell\subjects_for_metrics\Mailpile\mailpile\plugins\crypto_gnupg.py,120,9,1,1,0,0,0
Mailpile,C:\Users\Zhifei Chen\Desktop\pysmell\subjects_for_metrics\Mailpile\mailpile\plugins\setup_magic.py,35,9,1,1,0,0,0
Mailpile,C:\Users\Zhifei Chen\Desktop\pysmell\subjects_for_metrics\Mailpile\mailpile\plugins\setup_magic.py,387,11,0,1,0,0,0
Mailpile,C:\Users\Zhifei Chen\Desktop\pysmell\subjects_for_metrics\Mailpile\mailpile\plugins\setup_magic.py,874,148,1,36,1,1,1
Mailpile,C:\Users\Zhifei Chen\Desktop\pysmell\subjects_for_metrics\Mailpile\mailpile\plugins\setup_magic.py,954,30,0,3,0,0,0
Mailpile,C:\Users\Zhifei Chen\Desktop\pysmell\subjects_for_metrics\Mailpile\mailpile\plugins\setup_magic.py,957,19,1,7,0,0,0
Mailpile,C:\Users\Zhifei Chen\Desktop\pysmell\subjects_for_metrics\Mailpile\mailpile\plugins\setup_magic.py,1169,29,0,4,0,0,0
Mailpile,C:\Users\Zhifei Chen\Desktop\pysmell\subjects_for_metrics\Mailpile\mailpile\plugins\setup_magic.py,1341,43,1,11,0,0,0
Mailpile,C:\Users\Zhifei Chen\Desktop\pysmell\subjects_for_metrics\Mailpile\mailpile\plugins\setup_magic.py,1487,28,0,3,0,0,0
Mailpile,C:\Users\Zhifei Chen\Desktop\pysmell\subjects_for_metrics\Mailpile\mailpile\plugins\setup_magic.py,1490,24,0,2,0,0,0
Mailpile,C:\Users\Zhifei Chen\Desktop\pysmell\subjects_for_metrics\Mailpile\mailpile\plugins\setup_magic.py,1493,11,0,1,0,0,0
Mailpile,C:\Users\Zhifei Chen\Desktop\pysmell\subjects_for_metrics\Mailpile\mailpile\plugins\setup_magic.py,1494,11,0,1,0,0,0
Mailpile,C:\Users\Zhifei Chen\Desktop\pysmell\subjects_for_metrics\Mailpile\mailpile\plugins\setup_magic.py,1495,11,0,1,0,0,0
Mailpile,C:\Users\Zhifei Chen\Desktop\pysmell\subjects_for_metrics\Mailpile\mailpile\plugins\setup_magic.py,1496,11,0,1,0,0,0
Mailpile,C:\Users\Zhifei Chen\Desktop\pysmell\subjects_for_metrics\Mailpile\mailpile\plugins\setup_magic.py,1497,12,0,1,0,0,0
Mailpile,C:\Users\Zhifei Chen\Desktop\pysmell\subjects_for_metrics\Mailpile\mailpile\plugins\tags.py,68,17,1,4,0,0,0
Mailpile,C:\Users\Zhifei Chen\Desktop\pysmell\subjects_for_metrics\Mailpile\mailpile\plugins\tags.py,102,21,1,4,0,0,0
Mailpile,C:\Users\Zhifei Chen\Desktop\pysmell\subjects_for_metrics\Mailpile\mailpile\plugins\tags.py,600,28,1,5,0,0,0
Mailpile,C:\Users\Zhifei Chen\Desktop\pysmell\subjects_for_metrics\Mailpile\mailpile\plugins\tags.py,624,61,1,13,1,0,0
Mailpile,C:\Users\Zhifei Chen\Desktop\pysmell\subjects_for_metrics\Mailpile\mailpile\plugins\tags.py,852,21,1,4,0,0,0
Mailpile,C:\Users\Zhifei Chen\Desktop\pysmell\subjects_for_metrics\Mailpile\mailpile\plugins\vcard_gnupg.py,203,64,1,11,1,0,0
Mailpile,C:\Users\Zhifei Chen\Desktop\pysmell\subjects_for_metrics\Mailpile\mailpile\plugins\__init__.py,285,35,0,5,0,0,0
Mailpile,C:\Users\Zhifei Chen\Desktop\pysmell\subjects_for_metrics\Mailpile\mailpile\plugins\__init__.py,286,40,0,5,0,0,0
Mailpile,C:\Users\Zhifei Chen\Desktop\pysmell\subjects_for_metrics\Mailpile\mailpile\plugins\__init__.py,329,35,0,5,0,0,0
Mailpile,C:\Users\Zhifei Chen\Desktop\pysmell\subjects_for_metrics\Mailpile\mailpile\plugins\__init__.py,330,40,0,5,0,0,0
Mailpile,C:\Users\Zhifei Chen\Desktop\pysmell\subjects_for_metrics\Mailpile\mailpile\plugins\__init__.py,451,35,0,5,0,0,0
Mailpile,C:\Users\Zhifei Chen\Desktop\pysmell\subjects_for_metrics\Mailpile\mailpile\plugins\keylookup\dnspka.py,13,9,1,1,0,0,0
Mailpile,C:\Users\Zhifei Chen\Desktop\pysmell\subjects_for_metrics\Mailpile\mailpile\plugins\keylookup\email_keylookup.py,15,9,1,1,0,0,0
Mailpile,C:\Users\Zhifei Chen\Desktop\pysmell\subjects_for_metrics\Mailpile\mailpile\plugins\keylookup\__init__.py,24,39,1,9,0,0,0
Mailpile,C:\Users\Zhifei Chen\Desktop\pysmell\subjects_for_metrics\Mailpile\mailpile\plugins\keylookup\__init__.py,185,21,1,4,0,0,0
Mailpile,C:\Users\Zhifei Chen\Desktop\pysmell\subjects_for_metrics\Mailpile\mailpile\tests\test_config.py,25,37,0,5,0,0,0
Mailpile,C:\Users\Zhifei Chen\Desktop\pysmell\subjects_for_metrics\Mailpile\mailpile\tests\test_config.py,44,45,0,5,0,0,0
Mailpile,C:\Users\Zhifei Chen\Desktop\pysmell\subjects_for_metrics\Mailpile\mailpile\tests\test_config.py,110,46,0,5,0,0,0
Mailpile,C:\Users\Zhifei Chen\Desktop\pysmell\subjects_for_metrics\Mailpile\mailpile\tests\test_config.py,113,43,0,5,0,0,0
Mailpile,C:\Users\Zhifei Chen\Desktop\pysmell\subjects_for_metrics\Mailpile\mailpile\tests\test_config.py,127,37,0,5,0,0,0
Mailpile,C:\Users\Zhifei Chen\Desktop\pysmell\subjects_for_metrics\Mailpile\mailpile\tests\test_config.py,150,35,0,5,0,0,0
Mailpile,C:\Users\Zhifei Chen\Desktop\pysmell\subjects_for_metrics\Mailpile\mailpile\tests\test_config.py,171,36,0,5,0,0,0
Mailpile,C:\Users\Zhifei Chen\Desktop\pysmell\subjects_for_metrics\Mailpile\mailpile\tests\test_config.py,191,36,0,5,0,0,0
Mailpile,C:\Users\Zhifei Chen\Desktop\pysmell\subjects_for_metrics\Mailpile\mailpile\tests\test_config.py,211,35,0,5,0,0,0
Mailpile,C:\Users\Zhifei Chen\Desktop\pysmell\subjects_for_metrics\Mailpile\mailpile\tests\test_config.py,232,39,0,5,0,0,0
Mailpile,C:\Users\Zhifei Chen\Desktop\pysmell\subjects_for_metrics\Mailpile\mailpile\tests\test_config.py,257,35,0,5,0,0,0
Mailpile,C:\Users\Zhifei Chen\Desktop\pysmell\subjects_for_metrics\Mailpile\mailpile\tests\test_config.py,286,37,0,5,0,0,0
Mailpile,C:\Users\Zhifei Chen\Desktop\pysmell\subjects_for_metrics\Mailpile\mailpile\tests\test_eventlog.py,149,12,0,1,0,0,0
Mailpile,C:\Users\Zhifei Chen\Desktop\pysmell\subjects_for_metrics\Mailpile\mailpile\tests\test_eventlog.py,150,12,0,1,0,0,0
