subject,file,lineno,NBC,experience-based,statistics-based,tuning machine
Mailpile,C:\Users\Zhifei Chen\Desktop\pysmell\subjects_for_metrics\Mailpile\setup.py,43,1,0,0,0
Mailpile,C:\Users\Zhifei Chen\Desktop\pysmell\subjects_for_metrics\Mailpile\mailpile\app.py,105,1,0,0,0
Mailpile,C:\Users\Zhifei Chen\Desktop\pysmell\subjects_for_metrics\Mailpile\mailpile\app.py,130,1,0,0,0
Mailpile,C:\Users\Zhifei Chen\Desktop\pysmell\subjects_for_metrics\Mailpile\mailpile\auth.py,13,1,0,0,0
Mailpile,C:\Users\Zhifei Chen\Desktop\pysmell\subjects_for_metrics\Mailpile\mailpile\auth.py,28,1,0,0,0
Mailpile,C:\Users\Zhifei Chen\Desktop\pysmell\subjects_for_metrics\Mailpile\mailpile\auth.py,80,1,0,0,0
Mailpile,C:\Users\Zhifei Chen\Desktop\pysmell\subjects_for_metrics\Mailpile\mailpile\auth.py,197,1,0,0,0
Mailpile,C:\Users\Zhifei Chen\Desktop\pysmell\subjects_for_metrics\Mailpile\mailpile\auth.py,226,1,0,0,0
Mailpile,C:\Users\Zhifei Chen\Desktop\pysmell\subjects_for_metrics\Mailpile\mailpile\commands.py,40,1,0,0,0
Mailpile,C:\Users\Zhifei Chen\Desktop\pysmell\subjects_for_metrics\Mailpile\mailpile\commands.py,677,1,0,0,0
Mailpile,C:\Users\Zhifei Chen\Desktop\pysmell\subjects_for_metrics\Mailpile\mailpile\commands.py,1159,1,0,0,0
Mailpile,C:\Users\Zhifei Chen\Desktop\pysmell\subjects_for_metrics\Mailpile\mailpile\commands.py,1180,1,0,0,0
Mailpile,C:\Users\Zhifei Chen\Desktop\pysmell\subjects_for_metrics\Mailpile\mailpile\commands.py,1439,1,0,0,0
Mailpile,C:\Users\Zhifei Chen\Desktop\pysmell\subjects_for_metrics\Mailpile\mailpile\commands.py,1456,1,0,0,0
Mailpile,C:\Users\Zhifei Chen\Desktop\pysmell\subjects_for_metrics\Mailpile\mailpile\commands.py,1496,1,0,0,0
Mailpile,C:\Users\Zhifei Chen\Desktop\pysmell\subjects_for_metrics\Mailpile\mailpile\commands.py,1539,1,0,0,0
Mailpile,C:\Users\Zhifei Chen\Desktop\pysmell\subjects_for_metrics\Mailpile\mailpile\commands.py,1552,1,0,0,0
Mailpile,C:\Users\Zhifei Chen\Desktop\pysmell\subjects_for_metrics\Mailpile\mailpile\commands.py,1575,1,0,0,0
Mailpile,C:\Users\Zhifei Chen\Desktop\pysmell\subjects_for_metrics\Mailpile\mailpile\commands.py,1583,1,0,0,0
Mailpile,C:\Users\Zhifei Chen\Desktop\pysmell\subjects_for_metrics\Mailpile\mailpile\commands.py,1714,1,0,0,0
Mailpile,C:\Users\Zhifei Chen\Desktop\pysmell\subjects_for_metrics\Mailpile\mailpile\commands.py,1720,1,0,0,0
Mailpile,C:\Users\Zhifei Chen\Desktop\pysmell\subjects_for_metrics\Mailpile\mailpile\commands.py,1745,1,0,0,0
Mailpile,C:\Users\Zhifei Chen\Desktop\pysmell\subjects_for_metrics\Mailpile\mailpile\commands.py,1753,1,0,0,0
Mailpile,C:\Users\Zhifei Chen\Desktop\pysmell\subjects_for_metrics\Mailpile\mailpile\commands.py,1842,1,0,0,0
Mailpile,C:\Users\Zhifei Chen\Desktop\pysmell\subjects_for_metrics\Mailpile\mailpile\commands.py,1859,1,0,0,0
Mailpile,C:\Users\Zhifei Chen\Desktop\pysmell\subjects_for_metrics\Mailpile\mailpile\commands.py,1867,1,0,0,0
Mailpile,C:\Users\Zhifei Chen\Desktop\pysmell\subjects_for_metrics\Mailpile\mailpile\commands.py,1907,1,0,0,0
Mailpile,C:\Users\Zhifei Chen\Desktop\pysmell\subjects_for_metrics\Mailpile\mailpile\commands.py,2012,1,0,0,0
Mailpile,C:\Users\Zhifei Chen\Desktop\pysmell\subjects_for_metrics\Mailpile\mailpile\commands.py,2064,1,0,0,0
Mailpile,C:\Users\Zhifei Chen\Desktop\pysmell\subjects_for_metrics\Mailpile\mailpile\commands.py,2111,1,0,0,0
Mailpile,C:\Users\Zhifei Chen\Desktop\pysmell\subjects_for_metrics\Mailpile\mailpile\commands.py,2208,1,0,0,0
Mailpile,C:\Users\Zhifei Chen\Desktop\pysmell\subjects_for_metrics\Mailpile\mailpile\commands.py,2399,1,0,0,0
Mailpile,C:\Users\Zhifei Chen\Desktop\pysmell\subjects_for_metrics\Mailpile\mailpile\commands.py,2424,1,0,0,0
Mailpile,C:\Users\Zhifei Chen\Desktop\pysmell\subjects_for_metrics\Mailpile\mailpile\commands.py,2491,1,0,0,0
Mailpile,C:\Users\Zhifei Chen\Desktop\pysmell\subjects_for_metrics\Mailpile\mailpile\commands.py,2515,1,0,0,0
Mailpile,C:\Users\Zhifei Chen\Desktop\pysmell\subjects_for_metrics\Mailpile\mailpile\commands.py,2529,1,0,0,0
Mailpile,C:\Users\Zhifei Chen\Desktop\pysmell\subjects_for_metrics\Mailpile\mailpile\commands.py,2551,1,0,0,0
Mailpile,C:\Users\Zhifei Chen\Desktop\pysmell\subjects_for_metrics\Mailpile\mailpile\commands.py,2559,1,0,0,0
Mailpile,C:\Users\Zhifei Chen\Desktop\pysmell\subjects_for_metrics\Mailpile\mailpile\commands.py,2718,1,0,0,0
Mailpile,C:\Users\Zhifei Chen\Desktop\pysmell\subjects_for_metrics\Mailpile\mailpile\commands.py,2757,1,0,0,0
Mailpile,C:\Users\Zhifei Chen\Desktop\pysmell\subjects_for_metrics\Mailpile\mailpile\command_cache.py,16,1,0,0,0
Mailpile,C:\Users\Zhifei Chen\Desktop\pysmell\subjects_for_metrics\Mailpile\mailpile\command_cache.py,150,1,0,0,0
Mailpile,C:\Users\Zhifei Chen\Desktop\pysmell\subjects_for_metrics\Mailpile\mailpile\config.py,56,1,0,0,0
Mailpile,C:\Users\Zhifei Chen\Desktop\pysmell\subjects_for_metrics\Mailpile\mailpile\config.py,60,1,0,0,0
Mailpile,C:\Users\Zhifei Chen\Desktop\pysmell\subjects_for_metrics\Mailpile\mailpile\config.py,98,1,0,0,0
Mailpile,C:\Users\Zhifei Chen\Desktop\pysmell\subjects_for_metrics\Mailpile\mailpile\config.py,125,1,0,0,0
Mailpile,C:\Users\Zhifei Chen\Desktop\pysmell\subjects_for_metrics\Mailpile\mailpile\config.py,178,1,0,0,0
Mailpile,C:\Users\Zhifei Chen\Desktop\pysmell\subjects_for_metrics\Mailpile\mailpile\config.py,182,1,0,0,0
Mailpile,C:\Users\Zhifei Chen\Desktop\pysmell\subjects_for_metrics\Mailpile\mailpile\config.py,239,1,0,0,0
Mailpile,C:\Users\Zhifei Chen\Desktop\pysmell\subjects_for_metrics\Mailpile\mailpile\config.py,588,1,0,0,0
Mailpile,C:\Users\Zhifei Chen\Desktop\pysmell\subjects_for_metrics\Mailpile\mailpile\config.py,602,1,0,0,0
Mailpile,C:\Users\Zhifei Chen\Desktop\pysmell\subjects_for_metrics\Mailpile\mailpile\config.py,937,1,0,0,0
Mailpile,C:\Users\Zhifei Chen\Desktop\pysmell\subjects_for_metrics\Mailpile\mailpile\config.py,1033,1,0,0,0
Mailpile,C:\Users\Zhifei Chen\Desktop\pysmell\subjects_for_metrics\Mailpile\mailpile\config.py,1159,1,0,0,0
Mailpile,C:\Users\Zhifei Chen\Desktop\pysmell\subjects_for_metrics\Mailpile\mailpile\config.py,1165,1,0,0,0
Mailpile,C:\Users\Zhifei Chen\Desktop\pysmell\subjects_for_metrics\Mailpile\mailpile\config.py,1193,1,0,0,0
Mailpile,C:\Users\Zhifei Chen\Desktop\pysmell\subjects_for_metrics\Mailpile\mailpile\conn_brokers.py,54,1,0,0,0
Mailpile,C:\Users\Zhifei Chen\Desktop\pysmell\subjects_for_metrics\Mailpile\mailpile\conn_brokers.py,94,1,0,0,0
Mailpile,C:\Users\Zhifei Chen\Desktop\pysmell\subjects_for_metrics\Mailpile\mailpile\conn_brokers.py,108,1,0,0,0
Mailpile,C:\Users\Zhifei Chen\Desktop\pysmell\subjects_for_metrics\Mailpile\mailpile\conn_brokers.py,118,1,0,0,0
Mailpile,C:\Users\Zhifei Chen\Desktop\pysmell\subjects_for_metrics\Mailpile\mailpile\conn_brokers.py,169,1,0,0,0
Mailpile,C:\Users\Zhifei Chen\Desktop\pysmell\subjects_for_metrics\Mailpile\mailpile\conn_brokers.py,259,1,0,0,0
Mailpile,C:\Users\Zhifei Chen\Desktop\pysmell\subjects_for_metrics\Mailpile\mailpile\conn_brokers.py,304,1,0,0,0
Mailpile,C:\Users\Zhifei Chen\Desktop\pysmell\subjects_for_metrics\Mailpile\mailpile\conn_brokers.py,356,1,0,0,0
Mailpile,C:\Users\Zhifei Chen\Desktop\pysmell\subjects_for_metrics\Mailpile\mailpile\conn_brokers.py,374,1,0,0,0
Mailpile,C:\Users\Zhifei Chen\Desktop\pysmell\subjects_for_metrics\Mailpile\mailpile\conn_brokers.py,392,1,0,0,0
Mailpile,C:\Users\Zhifei Chen\Desktop\pysmell\subjects_for_metrics\Mailpile\mailpile\conn_brokers.py,425,1,0,0,0
Mailpile,C:\Users\Zhifei Chen\Desktop\pysmell\subjects_for_metrics\Mailpile\mailpile\conn_brokers.py,448,1,0,0,0
Mailpile,C:\Users\Zhifei Chen\Desktop\pysmell\subjects_for_metrics\Mailpile\mailpile\conn_brokers.py,452,1,0,0,0
Mailpile,C:\Users\Zhifei Chen\Desktop\pysmell\subjects_for_metrics\Mailpile\mailpile\conn_brokers.py,456,1,0,0,0
Mailpile,C:\Users\Zhifei Chen\Desktop\pysmell\subjects_for_metrics\Mailpile\mailpile\conn_brokers.py,460,1,0,0,0
Mailpile,C:\Users\Zhifei Chen\Desktop\pysmell\subjects_for_metrics\Mailpile\mailpile\eventlog.py,46,1,0,0,0
Mailpile,C:\Users\Zhifei Chen\Desktop\pysmell\subjects_for_metrics\Mailpile\mailpile\eventlog.py,169,1,0,0,0
Mailpile,C:\Users\Zhifei Chen\Desktop\pysmell\subjects_for_metrics\Mailpile\mailpile\httpd.py,48,1,0,0,0
Mailpile,C:\Users\Zhifei Chen\Desktop\pysmell\subjects_for_metrics\Mailpile\mailpile\httpd.py,478,2,0,1,0
Mailpile,C:\Users\Zhifei Chen\Desktop\pysmell\subjects_for_metrics\Mailpile\mailpile\httpd.py,515,1,0,0,0
Mailpile,C:\Users\Zhifei Chen\Desktop\pysmell\subjects_for_metrics\Mailpile\mailpile\mailutils.py,50,1,0,0,0
Mailpile,C:\Users\Zhifei Chen\Desktop\pysmell\subjects_for_metrics\Mailpile\mailpile\mailutils.py,54,1,0,0,0
Mailpile,C:\Users\Zhifei Chen\Desktop\pysmell\subjects_for_metrics\Mailpile\mailpile\mailutils.py,58,1,0,0,0
Mailpile,C:\Users\Zhifei Chen\Desktop\pysmell\subjects_for_metrics\Mailpile\mailpile\mailutils.py,62,1,0,0,0
Mailpile,C:\Users\Zhifei Chen\Desktop\pysmell\subjects_for_metrics\Mailpile\mailpile\mailutils.py,66,1,0,0,0
Mailpile,C:\Users\Zhifei Chen\Desktop\pysmell\subjects_for_metrics\Mailpile\mailpile\mailutils.py,356,1,0,0,0
Mailpile,C:\Users\Zhifei Chen\Desktop\pysmell\subjects_for_metrics\Mailpile\mailpile\mailutils.py,1455,1,0,0,0
Mailpile,C:\Users\Zhifei Chen\Desktop\pysmell\subjects_for_metrics\Mailpile\mailpile\mail_generator.py,318,1,0,0,0
Mailpile,C:\Users\Zhifei Chen\Desktop\pysmell\subjects_for_metrics\Mailpile\mailpile\packing.py,36,1,0,0,0
Mailpile,C:\Users\Zhifei Chen\Desktop\pysmell\subjects_for_metrics\Mailpile\mailpile\packing.py,158,1,0,0,0
Mailpile,C:\Users\Zhifei Chen\Desktop\pysmell\subjects_for_metrics\Mailpile\mailpile\packing.py,163,1,0,0,0
Mailpile,C:\Users\Zhifei Chen\Desktop\pysmell\subjects_for_metrics\Mailpile\mailpile\postinglist.py,73,1,0,0,0
Mailpile,C:\Users\Zhifei Chen\Desktop\pysmell\subjects_for_metrics\Mailpile\mailpile\postinglist.py,276,1,0,0,0
Mailpile,C:\Users\Zhifei Chen\Desktop\pysmell\subjects_for_metrics\Mailpile\mailpile\postinglist.py,320,1,0,0,0
Mailpile,C:\Users\Zhifei Chen\Desktop\pysmell\subjects_for_metrics\Mailpile\mailpile\postinglist.py,577,1,0,0,0
Mailpile,C:\Users\Zhifei Chen\Desktop\pysmell\subjects_for_metrics\Mailpile\mailpile\safe_popen.py,39,1,0,0,0
Mailpile,C:\Users\Zhifei Chen\Desktop\pysmell\subjects_for_metrics\Mailpile\mailpile\safe_popen.py,63,1,0,0,0
Mailpile,C:\Users\Zhifei Chen\Desktop\pysmell\subjects_for_metrics\Mailpile\mailpile\search.py,60,1,0,0,0
Mailpile,C:\Users\Zhifei Chen\Desktop\pysmell\subjects_for_metrics\Mailpile\mailpile\search.py,88,1,0,0,0
Mailpile,C:\Users\Zhifei Chen\Desktop\pysmell\subjects_for_metrics\Mailpile\mailpile\search_history.py,13,1,0,0,0
Mailpile,C:\Users\Zhifei Chen\Desktop\pysmell\subjects_for_metrics\Mailpile\mailpile\smtp_client.py,79,1,0,0,0
Mailpile,C:\Users\Zhifei Chen\Desktop\pysmell\subjects_for_metrics\Mailpile\mailpile\smtp_client.py,83,1,0,0,0
Mailpile,C:\Users\Zhifei Chen\Desktop\pysmell\subjects_for_metrics\Mailpile\mailpile\smtp_client.py,89,1,0,0,0
Mailpile,C:\Users\Zhifei Chen\Desktop\pysmell\subjects_for_metrics\Mailpile\mailpile\ui.py,36,1,0,0,0
Mailpile,C:\Users\Zhifei Chen\Desktop\pysmell\subjects_for_metrics\Mailpile\mailpile\ui.py,101,1,0,0,0
Mailpile,C:\Users\Zhifei Chen\Desktop\pysmell\subjects_for_metrics\Mailpile\mailpile\ui.py,146,1,0,0,0
Mailpile,C:\Users\Zhifei Chen\Desktop\pysmell\subjects_for_metrics\Mailpile\mailpile\ui.py,443,1,0,0,0
Mailpile,C:\Users\Zhifei Chen\Desktop\pysmell\subjects_for_metrics\Mailpile\mailpile\ui.py,580,1,0,0,0
Mailpile,C:\Users\Zhifei Chen\Desktop\pysmell\subjects_for_metrics\Mailpile\mailpile\ui.py,642,1,0,0,0
Mailpile,C:\Users\Zhifei Chen\Desktop\pysmell\subjects_for_metrics\Mailpile\mailpile\ui.py,652,1,0,0,0
Mailpile,C:\Users\Zhifei Chen\Desktop\pysmell\subjects_for_metrics\Mailpile\mailpile\ui.py,665,1,0,0,0
Mailpile,C:\Users\Zhifei Chen\Desktop\pysmell\subjects_for_metrics\Mailpile\mailpile\ui.py,711,1,0,0,0
Mailpile,C:\Users\Zhifei Chen\Desktop\pysmell\subjects_for_metrics\Mailpile\mailpile\urlmap.py,15,1,0,0,0
Mailpile,C:\Users\Zhifei Chen\Desktop\pysmell\subjects_for_metrics\Mailpile\mailpile\urlmap.py,19,1,0,0,0
Mailpile,C:\Users\Zhifei Chen\Desktop\pysmell\subjects_for_metrics\Mailpile\mailpile\urlmap.py,23,1,0,0,0
Mailpile,C:\Users\Zhifei Chen\Desktop\pysmell\subjects_for_metrics\Mailpile\mailpile\urlmap.py,655,1,0,0,0
Mailpile,C:\Users\Zhifei Chen\Desktop\pysmell\subjects_for_metrics\Mailpile\mailpile\urlmap.py,664,1,0,0,0
Mailpile,C:\Users\Zhifei Chen\Desktop\pysmell\subjects_for_metrics\Mailpile\mailpile\urlmap.py,674,1,0,0,0
Mailpile,C:\Users\Zhifei Chen\Desktop\pysmell\subjects_for_metrics\Mailpile\mailpile\urlmap.py,684,1,0,0,0
Mailpile,C:\Users\Zhifei Chen\Desktop\pysmell\subjects_for_metrics\Mailpile\mailpile\urlmap.py,688,1,0,0,0
Mailpile,C:\Users\Zhifei Chen\Desktop\pysmell\subjects_for_metrics\Mailpile\mailpile\util.py,188,1,0,0,0
Mailpile,C:\Users\Zhifei Chen\Desktop\pysmell\subjects_for_metrics\Mailpile\mailpile\util.py,192,1,0,0,0
Mailpile,C:\Users\Zhifei Chen\Desktop\pysmell\subjects_for_metrics\Mailpile\mailpile\util.py,196,1,0,0,0
Mailpile,C:\Users\Zhifei Chen\Desktop\pysmell\subjects_for_metrics\Mailpile\mailpile\util.py,200,1,0,0,0
Mailpile,C:\Users\Zhifei Chen\Desktop\pysmell\subjects_for_metrics\Mailpile\mailpile\util.py,207,1,0,0,0
Mailpile,C:\Users\Zhifei Chen\Desktop\pysmell\subjects_for_metrics\Mailpile\mailpile\util.py,694,1,0,0,0
Mailpile,C:\Users\Zhifei Chen\Desktop\pysmell\subjects_for_metrics\Mailpile\mailpile\util.py,873,1,0,0,0
Mailpile,C:\Users\Zhifei Chen\Desktop\pysmell\subjects_for_metrics\Mailpile\mailpile\util.py,878,1,0,0,0
Mailpile,C:\Users\Zhifei Chen\Desktop\pysmell\subjects_for_metrics\Mailpile\mailpile\util.py,906,1,0,0,0
Mailpile,C:\Users\Zhifei Chen\Desktop\pysmell\subjects_for_metrics\Mailpile\mailpile\vcard.py,11,1,0,0,0
Mailpile,C:\Users\Zhifei Chen\Desktop\pysmell\subjects_for_metrics\Mailpile\mailpile\vcard.py,222,1,0,0,0
Mailpile,C:\Users\Zhifei Chen\Desktop\pysmell\subjects_for_metrics\Mailpile\mailpile\vcard.py,786,1,0,0,0
Mailpile,C:\Users\Zhifei Chen\Desktop\pysmell\subjects_for_metrics\Mailpile\mailpile\vcard.py,1093,1,0,0,0
Mailpile,C:\Users\Zhifei Chen\Desktop\pysmell\subjects_for_metrics\Mailpile\mailpile\vcard.py,1169,1,0,0,0
Mailpile,C:\Users\Zhifei Chen\Desktop\pysmell\subjects_for_metrics\Mailpile\mailpile\vcard.py,1486,1,0,0,0
Mailpile,C:\Users\Zhifei Chen\Desktop\pysmell\subjects_for_metrics\Mailpile\mailpile\vcard.py,1575,1,0,0,0
Mailpile,C:\Users\Zhifei Chen\Desktop\pysmell\subjects_for_metrics\Mailpile\mailpile\vcard.py,1590,1,0,0,0
Mailpile,C:\Users\Zhifei Chen\Desktop\pysmell\subjects_for_metrics\Mailpile\mailpile\vfs.py,43,1,0,0,0
Mailpile,C:\Users\Zhifei Chen\Desktop\pysmell\subjects_for_metrics\Mailpile\mailpile\vfs.py,127,1,0,0,0
Mailpile,C:\Users\Zhifei Chen\Desktop\pysmell\subjects_for_metrics\Mailpile\mailpile\vfs.py,230,1,0,0,0
Mailpile,C:\Users\Zhifei Chen\Desktop\pysmell\subjects_for_metrics\Mailpile\mailpile\vfs.py,275,1,0,0,0
Mailpile,C:\Users\Zhifei Chen\Desktop\pysmell\subjects_for_metrics\Mailpile\mailpile\vfs.py,300,1,0,0,0
Mailpile,C:\Users\Zhifei Chen\Desktop\pysmell\subjects_for_metrics\Mailpile\mailpile\workers.py,13,1,0,0,0
Mailpile,C:\Users\Zhifei Chen\Desktop\pysmell\subjects_for_metrics\Mailpile\mailpile\workers.py,156,1,0,0,0
Mailpile,C:\Users\Zhifei Chen\Desktop\pysmell\subjects_for_metrics\Mailpile\mailpile\workers.py,309,1,0,0,0
Mailpile,C:\Users\Zhifei Chen\Desktop\pysmell\subjects_for_metrics\Mailpile\mailpile\workers.py,347,1,0,0,0
Mailpile,C:\Users\Zhifei Chen\Desktop\pysmell\subjects_for_metrics\Mailpile\mailpile\__init__.py,14,1,0,0,0
Mailpile,C:\Users\Zhifei Chen\Desktop\pysmell\subjects_for_metrics\Mailpile\mailpile\contrib\datadig\datadig.py,16,1,0,0,0
Mailpile,C:\Users\Zhifei Chen\Desktop\pysmell\subjects_for_metrics\Mailpile\mailpile\contrib\datadig\datadig.py,30,1,0,0,0
Mailpile,C:\Users\Zhifei Chen\Desktop\pysmell\subjects_for_metrics\Mailpile\mailpile\contrib\demos\demos.py,39,1,0,0,0
Mailpile,C:\Users\Zhifei Chen\Desktop\pysmell\subjects_for_metrics\Mailpile\mailpile\contrib\demos\demos.py,95,1,0,0,0
Mailpile,C:\Users\Zhifei Chen\Desktop\pysmell\subjects_for_metrics\Mailpile\mailpile\contrib\demos\demos.py,120,1,0,0,0
Mailpile,C:\Users\Zhifei Chen\Desktop\pysmell\subjects_for_metrics\Mailpile\mailpile\contrib\demos\demos.py,157,1,0,0,0
Mailpile,C:\Users\Zhifei Chen\Desktop\pysmell\subjects_for_metrics\Mailpile\mailpile\contrib\experiments\experiments.py,53,1,0,0,0
Mailpile,C:\Users\Zhifei Chen\Desktop\pysmell\subjects_for_metrics\Mailpile\mailpile\contrib\forcegrapher\forcegrapher.py,15,1,0,0,0
Mailpile,C:\Users\Zhifei Chen\Desktop\pysmell\subjects_for_metrics\Mailpile\mailpile\contrib\gui\gui-o-matic.py,18,1,0,0,0
Mailpile,C:\Users\Zhifei Chen\Desktop\pysmell\subjects_for_metrics\Mailpile\mailpile\contrib\gui\gui-o-matic.py,162,1,0,0,0
Mailpile,C:\Users\Zhifei Chen\Desktop\pysmell\subjects_for_metrics\Mailpile\mailpile\contrib\gui\gui-o-matic.py,340,1,0,0,0
Mailpile,C:\Users\Zhifei Chen\Desktop\pysmell\subjects_for_metrics\Mailpile\mailpile\contrib\gui\gui-o-matic.py,356,1,0,0,0
Mailpile,C:\Users\Zhifei Chen\Desktop\pysmell\subjects_for_metrics\Mailpile\mailpile\contrib\gui\gui-o-matic.py,431,1,0,0,0
Mailpile,C:\Users\Zhifei Chen\Desktop\pysmell\subjects_for_metrics\Mailpile\mailpile\contrib\hacks\hacks.py,16,1,0,0,0
Mailpile,C:\Users\Zhifei Chen\Desktop\pysmell\subjects_for_metrics\Mailpile\mailpile\contrib\hacks\hacks.py,26,1,0,0,0
Mailpile,C:\Users\Zhifei Chen\Desktop\pysmell\subjects_for_metrics\Mailpile\mailpile\contrib\hacks\hacks.py,63,1,0,0,0
Mailpile,C:\Users\Zhifei Chen\Desktop\pysmell\subjects_for_metrics\Mailpile\mailpile\contrib\hacks\hacks.py,95,1,0,0,0
Mailpile,C:\Users\Zhifei Chen\Desktop\pysmell\subjects_for_metrics\Mailpile\mailpile\contrib\hacks\hacks.py,139,1,0,0,0
Mailpile,C:\Users\Zhifei Chen\Desktop\pysmell\subjects_for_metrics\Mailpile\mailpile\contrib\hacks\hacks.py,158,1,0,0,0
Mailpile,C:\Users\Zhifei Chen\Desktop\pysmell\subjects_for_metrics\Mailpile\mailpile\contrib\hacks\hacks.py,176,1,0,0,0
Mailpile,C:\Users\Zhifei Chen\Desktop\pysmell\subjects_for_metrics\Mailpile\mailpile\contrib\hacks\hacks.py,248,1,0,0,0
Mailpile,C:\Users\Zhifei Chen\Desktop\pysmell\subjects_for_metrics\Mailpile\mailpile\contrib\i18nhelper\i18nhelper.py,7,1,0,0,0
Mailpile,C:\Users\Zhifei Chen\Desktop\pysmell\subjects_for_metrics\Mailpile\mailpile\contrib\i18nhelper\i18nhelper.py,14,1,0,0,0
Mailpile,C:\Users\Zhifei Chen\Desktop\pysmell\subjects_for_metrics\Mailpile\mailpile\contrib\maildeck\maildeck.py,3,1,0,0,0
Mailpile,C:\Users\Zhifei Chen\Desktop\pysmell\subjects_for_metrics\Mailpile\mailpile\crypto\gpgi.py,334,1,0,0,0
Mailpile,C:\Users\Zhifei Chen\Desktop\pysmell\subjects_for_metrics\Mailpile\mailpile\crypto\gpgi.py,369,1,0,0,0
Mailpile,C:\Users\Zhifei Chen\Desktop\pysmell\subjects_for_metrics\Mailpile\mailpile\crypto\gpgi.py,1062,1,0,0,0
Mailpile,C:\Users\Zhifei Chen\Desktop\pysmell\subjects_for_metrics\Mailpile\mailpile\crypto\gpgi.py,1075,1,0,0,0
Mailpile,C:\Users\Zhifei Chen\Desktop\pysmell\subjects_for_metrics\Mailpile\mailpile\crypto\gpgi.py,1087,1,0,0,0
Mailpile,C:\Users\Zhifei Chen\Desktop\pysmell\subjects_for_metrics\Mailpile\mailpile\crypto\gpgi.py,1106,1,0,0,0
Mailpile,C:\Users\Zhifei Chen\Desktop\pysmell\subjects_for_metrics\Mailpile\mailpile\crypto\gpgi.py,1224,1,0,0,0
Mailpile,C:\Users\Zhifei Chen\Desktop\pysmell\subjects_for_metrics\Mailpile\mailpile\crypto\gpgi.py,1268,1,0,0,0
Mailpile,C:\Users\Zhifei Chen\Desktop\pysmell\subjects_for_metrics\Mailpile\mailpile\crypto\mime.py,40,1,0,0,0
Mailpile,C:\Users\Zhifei Chen\Desktop\pysmell\subjects_for_metrics\Mailpile\mailpile\crypto\mime.py,46,1,0,0,0
Mailpile,C:\Users\Zhifei Chen\Desktop\pysmell\subjects_for_metrics\Mailpile\mailpile\crypto\mime.py,313,1,0,0,0
Mailpile,C:\Users\Zhifei Chen\Desktop\pysmell\subjects_for_metrics\Mailpile\mailpile\crypto\mime.py,365,1,0,0,0
Mailpile,C:\Users\Zhifei Chen\Desktop\pysmell\subjects_for_metrics\Mailpile\mailpile\crypto\state.py,8,1,0,0,0
Mailpile,C:\Users\Zhifei Chen\Desktop\pysmell\subjects_for_metrics\Mailpile\mailpile\crypto\state.py,23,1,0,0,0
Mailpile,C:\Users\Zhifei Chen\Desktop\pysmell\subjects_for_metrics\Mailpile\mailpile\crypto\state.py,117,1,0,0,0
Mailpile,C:\Users\Zhifei Chen\Desktop\pysmell\subjects_for_metrics\Mailpile\mailpile\crypto\state.py,126,1,0,0,0
Mailpile,C:\Users\Zhifei Chen\Desktop\pysmell\subjects_for_metrics\Mailpile\mailpile\crypto\streamer.py,33,1,0,0,0
Mailpile,C:\Users\Zhifei Chen\Desktop\pysmell\subjects_for_metrics\Mailpile\mailpile\crypto\streamer.py,153,1,0,0,0
Mailpile,C:\Users\Zhifei Chen\Desktop\pysmell\subjects_for_metrics\Mailpile\mailpile\crypto\streamer.py,196,1,0,0,0
Mailpile,C:\Users\Zhifei Chen\Desktop\pysmell\subjects_for_metrics\Mailpile\mailpile\crypto\streamer.py,212,1,0,0,0
Mailpile,C:\Users\Zhifei Chen\Desktop\pysmell\subjects_for_metrics\Mailpile\mailpile\crypto\streamer.py,238,1,0,0,0
Mailpile,C:\Users\Zhifei Chen\Desktop\pysmell\subjects_for_metrics\Mailpile\mailpile\crypto\streamer.py,377,1,0,0,0
Mailpile,C:\Users\Zhifei Chen\Desktop\pysmell\subjects_for_metrics\Mailpile\mailpile\crypto\streamer.py,474,1,0,0,0
Mailpile,C:\Users\Zhifei Chen\Desktop\pysmell\subjects_for_metrics\Mailpile\mailpile\crypto\streamer.py,497,1,0,0,0
Mailpile,C:\Users\Zhifei Chen\Desktop\pysmell\subjects_for_metrics\Mailpile\mailpile\crypto\streamer.py,714,1,0,0,0
Mailpile,C:\Users\Zhifei Chen\Desktop\pysmell\subjects_for_metrics\Mailpile\mailpile\crypto\streamer.py,745,1,0,0,0
Mailpile,C:\Users\Zhifei Chen\Desktop\pysmell\subjects_for_metrics\Mailpile\mailpile\mailboxes\gmvault.py,12,1,0,0,0
Mailpile,C:\Users\Zhifei Chen\Desktop\pysmell\subjects_for_metrics\Mailpile\mailpile\mailboxes\imap.py,15,1,0,0,0
Mailpile,C:\Users\Zhifei Chen\Desktop\pysmell\subjects_for_metrics\Mailpile\mailpile\mailboxes\imap.py,110,1,0,0,0
Mailpile,C:\Users\Zhifei Chen\Desktop\pysmell\subjects_for_metrics\Mailpile\mailpile\mailboxes\macmail.py,15,1,0,0,0
Mailpile,C:\Users\Zhifei Chen\Desktop\pysmell\subjects_for_metrics\Mailpile\mailpile\mailboxes\macmail.py,23,1,0,0,0
Mailpile,C:\Users\Zhifei Chen\Desktop\pysmell\subjects_for_metrics\Mailpile\mailpile\mailboxes\macmail.py,32,1,0,0,0
Mailpile,C:\Users\Zhifei Chen\Desktop\pysmell\subjects_for_metrics\Mailpile\mailpile\mailboxes\macmail.py,144,1,0,0,0
Mailpile,C:\Users\Zhifei Chen\Desktop\pysmell\subjects_for_metrics\Mailpile\mailpile\mailboxes\maildir.py,11,1,0,0,0
Mailpile,C:\Users\Zhifei Chen\Desktop\pysmell\subjects_for_metrics\Mailpile\mailpile\mailboxes\maildirwin.py,8,1,0,0,0
Mailpile,C:\Users\Zhifei Chen\Desktop\pysmell\subjects_for_metrics\Mailpile\mailpile\mailboxes\mbox.py,13,1,0,0,0
Mailpile,C:\Users\Zhifei Chen\Desktop\pysmell\subjects_for_metrics\Mailpile\mailpile\mailboxes\pop3.py,18,1,0,0,0
Mailpile,C:\Users\Zhifei Chen\Desktop\pysmell\subjects_for_metrics\Mailpile\mailpile\mailboxes\pop3.py,22,1,0,0,0
Mailpile,C:\Users\Zhifei Chen\Desktop\pysmell\subjects_for_metrics\Mailpile\mailpile\mailboxes\pop3.py,181,1,0,0,0
Mailpile,C:\Users\Zhifei Chen\Desktop\pysmell\subjects_for_metrics\Mailpile\mailpile\mailboxes\pop3.py,225,1,0,0,0
Mailpile,C:\Users\Zhifei Chen\Desktop\pysmell\subjects_for_metrics\Mailpile\mailpile\mailboxes\pop3.py,313,1,0,0,0
Mailpile,C:\Users\Zhifei Chen\Desktop\pysmell\subjects_for_metrics\Mailpile\mailpile\mailboxes\wervd.py,15,1,0,0,0
Mailpile,C:\Users\Zhifei Chen\Desktop\pysmell\subjects_for_metrics\Mailpile\mailpile\mailboxes\__init__.py,26,1,0,0,0
Mailpile,C:\Users\Zhifei Chen\Desktop\pysmell\subjects_for_metrics\Mailpile\mailpile\mailboxes\__init__.py,62,1,0,0,0
Mailpile,C:\Users\Zhifei Chen\Desktop\pysmell\subjects_for_metrics\Mailpile\mailpile\mail_source\imap.py,78,1,0,0,0
Mailpile,C:\Users\Zhifei Chen\Desktop\pysmell\subjects_for_metrics\Mailpile\mailpile\mail_source\imap.py,82,1,0,0,0
Mailpile,C:\Users\Zhifei Chen\Desktop\pysmell\subjects_for_metrics\Mailpile\mailpile\mail_source\imap.py,129,1,0,0,0
Mailpile,C:\Users\Zhifei Chen\Desktop\pysmell\subjects_for_metrics\Mailpile\mailpile\mail_source\imap.py,308,1,0,0,0
Mailpile,C:\Users\Zhifei Chen\Desktop\pysmell\subjects_for_metrics\Mailpile\mailpile\mail_source\imap.py,596,1,0,0,0
Mailpile,C:\Users\Zhifei Chen\Desktop\pysmell\subjects_for_metrics\Mailpile\mailpile\mail_source\imap.py,611,1,0,0,0
Mailpile,C:\Users\Zhifei Chen\Desktop\pysmell\subjects_for_metrics\Mailpile\mailpile\mail_source\imap.py,934,1,0,0,0
Mailpile,C:\Users\Zhifei Chen\Desktop\pysmell\subjects_for_metrics\Mailpile\mailpile\mail_source\imap.py,969,1,0,0,0
Mailpile,C:\Users\Zhifei Chen\Desktop\pysmell\subjects_for_metrics\Mailpile\mailpile\mail_source\imap.py,979,1,0,0,0
Mailpile,C:\Users\Zhifei Chen\Desktop\pysmell\subjects_for_metrics\Mailpile\mailpile\mail_source\imap.py,983,1,0,0,0
Mailpile,C:\Users\Zhifei Chen\Desktop\pysmell\subjects_for_metrics\Mailpile\mailpile\mail_source\imap_starttls.py,10,2,0,1,0
Mailpile,C:\Users\Zhifei Chen\Desktop\pysmell\subjects_for_metrics\Mailpile\mailpile\mail_source\imap_utf7.py,62,1,0,0,0
Mailpile,C:\Users\Zhifei Chen\Desktop\pysmell\subjects_for_metrics\Mailpile\mailpile\mail_source\imap_utf7.py,66,1,0,0,0
Mailpile,C:\Users\Zhifei Chen\Desktop\pysmell\subjects_for_metrics\Mailpile\mailpile\mail_source\local.py,10,1,0,0,0
Mailpile,C:\Users\Zhifei Chen\Desktop\pysmell\subjects_for_metrics\Mailpile\mailpile\mail_source\pop3.py,30,1,0,0,0
Mailpile,C:\Users\Zhifei Chen\Desktop\pysmell\subjects_for_metrics\Mailpile\mailpile\mail_source\__init__.py,25,1,0,0,0
Mailpile,C:\Users\Zhifei Chen\Desktop\pysmell\subjects_for_metrics\Mailpile\mailpile\mail_source\__init__.py,41,1,0,0,0
Mailpile,C:\Users\Zhifei Chen\Desktop\pysmell\subjects_for_metrics\Mailpile\mailpile\plugins\autotag.py,48,1,0,0,0
Mailpile,C:\Users\Zhifei Chen\Desktop\pysmell\subjects_for_metrics\Mailpile\mailpile\plugins\autotag.py,100,1,0,0,0
Mailpile,C:\Users\Zhifei Chen\Desktop\pysmell\subjects_for_metrics\Mailpile\mailpile\plugins\autotag.py,105,1,0,0,0
Mailpile,C:\Users\Zhifei Chen\Desktop\pysmell\subjects_for_metrics\Mailpile\mailpile\plugins\autotag.py,111,1,0,0,0
Mailpile,C:\Users\Zhifei Chen\Desktop\pysmell\subjects_for_metrics\Mailpile\mailpile\plugins\autotag.py,128,1,0,0,0
Mailpile,C:\Users\Zhifei Chen\Desktop\pysmell\subjects_for_metrics\Mailpile\mailpile\plugins\autotag.py,148,1,0,0,0
Mailpile,C:\Users\Zhifei Chen\Desktop\pysmell\subjects_for_metrics\Mailpile\mailpile\plugins\autotag.py,298,1,0,0,0
Mailpile,C:\Users\Zhifei Chen\Desktop\pysmell\subjects_for_metrics\Mailpile\mailpile\plugins\autotag.py,334,1,0,0,0
Mailpile,C:\Users\Zhifei Chen\Desktop\pysmell\subjects_for_metrics\Mailpile\mailpile\plugins\autotag_sb.py,20,1,0,0,0
Mailpile,C:\Users\Zhifei Chen\Desktop\pysmell\subjects_for_metrics\Mailpile\mailpile\plugins\autotag_sb.py,33,1,0,0,0
Mailpile,C:\Users\Zhifei Chen\Desktop\pysmell\subjects_for_metrics\Mailpile\mailpile\plugins\compose.py,34,1,0,0,0
Mailpile,C:\Users\Zhifei Chen\Desktop\pysmell\subjects_for_metrics\Mailpile\mailpile\plugins\compose.py,47,1,0,0,0
Mailpile,C:\Users\Zhifei Chen\Desktop\pysmell\subjects_for_metrics\Mailpile\mailpile\plugins\compose.py,148,1,0,0,0
Mailpile,C:\Users\Zhifei Chen\Desktop\pysmell\subjects_for_metrics\Mailpile\mailpile\plugins\compose.py,292,1,0,0,0
Mailpile,C:\Users\Zhifei Chen\Desktop\pysmell\subjects_for_metrics\Mailpile\mailpile\plugins\compose.py,316,1,0,0,0
Mailpile,C:\Users\Zhifei Chen\Desktop\pysmell\subjects_for_metrics\Mailpile\mailpile\plugins\compose.py,375,1,0,0,0
Mailpile,C:\Users\Zhifei Chen\Desktop\pysmell\subjects_for_metrics\Mailpile\mailpile\plugins\compose.py,392,1,0,0,0
Mailpile,C:\Users\Zhifei Chen\Desktop\pysmell\subjects_for_metrics\Mailpile\mailpile\plugins\compose.py,572,1,0,0,0
Mailpile,C:\Users\Zhifei Chen\Desktop\pysmell\subjects_for_metrics\Mailpile\mailpile\plugins\compose.py,674,1,0,0,0
Mailpile,C:\Users\Zhifei Chen\Desktop\pysmell\subjects_for_metrics\Mailpile\mailpile\plugins\compose.py,750,1,0,0,0
Mailpile,C:\Users\Zhifei Chen\Desktop\pysmell\subjects_for_metrics\Mailpile\mailpile\plugins\compose.py,813,1,0,0,0
Mailpile,C:\Users\Zhifei Chen\Desktop\pysmell\subjects_for_metrics\Mailpile\mailpile\plugins\compose.py,952,1,0,0,0
Mailpile,C:\Users\Zhifei Chen\Desktop\pysmell\subjects_for_metrics\Mailpile\mailpile\plugins\compose.py,1005,1,0,0,0
Mailpile,C:\Users\Zhifei Chen\Desktop\pysmell\subjects_for_metrics\Mailpile\mailpile\plugins\compose.py,1013,1,0,0,0
Mailpile,C:\Users\Zhifei Chen\Desktop\pysmell\subjects_for_metrics\Mailpile\mailpile\plugins\compose.py,1038,1,0,0,0
Mailpile,C:\Users\Zhifei Chen\Desktop\pysmell\subjects_for_metrics\Mailpile\mailpile\plugins\contacts.py,27,1,0,0,0
Mailpile,C:\Users\Zhifei Chen\Desktop\pysmell\subjects_for_metrics\Mailpile\mailpile\plugins\contacts.py,32,1,0,0,0
Mailpile,C:\Users\Zhifei Chen\Desktop\pysmell\subjects_for_metrics\Mailpile\mailpile\plugins\contacts.py,135,1,0,0,0
Mailpile,C:\Users\Zhifei Chen\Desktop\pysmell\subjects_for_metrics\Mailpile\mailpile\plugins\contacts.py,155,1,0,0,0
Mailpile,C:\Users\Zhifei Chen\Desktop\pysmell\subjects_for_metrics\Mailpile\mailpile\plugins\contacts.py,284,1,0,0,0
Mailpile,C:\Users\Zhifei Chen\Desktop\pysmell\subjects_for_metrics\Mailpile\mailpile\plugins\contacts.py,317,1,0,0,0
Mailpile,C:\Users\Zhifei Chen\Desktop\pysmell\subjects_for_metrics\Mailpile\mailpile\plugins\contacts.py,395,1,0,0,0
Mailpile,C:\Users\Zhifei Chen\Desktop\pysmell\subjects_for_metrics\Mailpile\mailpile\plugins\contacts.py,431,1,0,0,0
Mailpile,C:\Users\Zhifei Chen\Desktop\pysmell\subjects_for_metrics\Mailpile\mailpile\plugins\contacts.py,501,1,0,0,0
Mailpile,C:\Users\Zhifei Chen\Desktop\pysmell\subjects_for_metrics\Mailpile\mailpile\plugins\contacts.py,510,1,0,0,0
Mailpile,C:\Users\Zhifei Chen\Desktop\pysmell\subjects_for_metrics\Mailpile\mailpile\plugins\contacts.py,553,1,0,0,0
Mailpile,C:\Users\Zhifei Chen\Desktop\pysmell\subjects_for_metrics\Mailpile\mailpile\plugins\contacts.py,557,1,0,0,0
Mailpile,C:\Users\Zhifei Chen\Desktop\pysmell\subjects_for_metrics\Mailpile\mailpile\plugins\contacts.py,561,1,0,0,0
Mailpile,C:\Users\Zhifei Chen\Desktop\pysmell\subjects_for_metrics\Mailpile\mailpile\plugins\contacts.py,566,1,0,0,0
Mailpile,C:\Users\Zhifei Chen\Desktop\pysmell\subjects_for_metrics\Mailpile\mailpile\plugins\contacts.py,609,1,0,0,0
Mailpile,C:\Users\Zhifei Chen\Desktop\pysmell\subjects_for_metrics\Mailpile\mailpile\plugins\contacts.py,629,1,0,0,0
Mailpile,C:\Users\Zhifei Chen\Desktop\pysmell\subjects_for_metrics\Mailpile\mailpile\plugins\contacts.py,779,1,0,0,0
Mailpile,C:\Users\Zhifei Chen\Desktop\pysmell\subjects_for_metrics\Mailpile\mailpile\plugins\contacts.py,1054,1,0,0,0
Mailpile,C:\Users\Zhifei Chen\Desktop\pysmell\subjects_for_metrics\Mailpile\mailpile\plugins\contacts.py,1058,1,0,0,0
Mailpile,C:\Users\Zhifei Chen\Desktop\pysmell\subjects_for_metrics\Mailpile\mailpile\plugins\contacts.py,1140,1,0,0,0
Mailpile,C:\Users\Zhifei Chen\Desktop\pysmell\subjects_for_metrics\Mailpile\mailpile\plugins\contacts.py,1225,1,0,0,0
Mailpile,C:\Users\Zhifei Chen\Desktop\pysmell\subjects_for_metrics\Mailpile\mailpile\plugins\contacts.py,1229,1,0,0,0
Mailpile,C:\Users\Zhifei Chen\Desktop\pysmell\subjects_for_metrics\Mailpile\mailpile\plugins\contacts.py,1234,1,0,0,0
Mailpile,C:\Users\Zhifei Chen\Desktop\pysmell\subjects_for_metrics\Mailpile\mailpile\plugins\crypto_gnupg.py,30,1,0,0,0
Mailpile,C:\Users\Zhifei Chen\Desktop\pysmell\subjects_for_metrics\Mailpile\mailpile\plugins\crypto_gnupg.py,116,1,0,0,0
Mailpile,C:\Users\Zhifei Chen\Desktop\pysmell\subjects_for_metrics\Mailpile\mailpile\plugins\crypto_gnupg.py,147,1,0,0,0
Mailpile,C:\Users\Zhifei Chen\Desktop\pysmell\subjects_for_metrics\Mailpile\mailpile\plugins\crypto_gnupg.py,154,1,0,0,0
Mailpile,C:\Users\Zhifei Chen\Desktop\pysmell\subjects_for_metrics\Mailpile\mailpile\plugins\crypto_gnupg.py,169,1,0,0,0
Mailpile,C:\Users\Zhifei Chen\Desktop\pysmell\subjects_for_metrics\Mailpile\mailpile\plugins\crypto_gnupg.py,190,1,0,0,0
Mailpile,C:\Users\Zhifei Chen\Desktop\pysmell\subjects_for_metrics\Mailpile\mailpile\plugins\crypto_gnupg.py,234,1,0,0,0
Mailpile,C:\Users\Zhifei Chen\Desktop\pysmell\subjects_for_metrics\Mailpile\mailpile\plugins\crypto_gnupg.py,264,1,0,0,0
Mailpile,C:\Users\Zhifei Chen\Desktop\pysmell\subjects_for_metrics\Mailpile\mailpile\plugins\crypto_gnupg.py,274,1,0,0,0
Mailpile,C:\Users\Zhifei Chen\Desktop\pysmell\subjects_for_metrics\Mailpile\mailpile\plugins\crypto_gnupg.py,314,1,0,0,0
Mailpile,C:\Users\Zhifei Chen\Desktop\pysmell\subjects_for_metrics\Mailpile\mailpile\plugins\crypto_gnupg.py,336,1,0,0,0
Mailpile,C:\Users\Zhifei Chen\Desktop\pysmell\subjects_for_metrics\Mailpile\mailpile\plugins\crypto_gnupg.py,348,1,0,0,0
Mailpile,C:\Users\Zhifei Chen\Desktop\pysmell\subjects_for_metrics\Mailpile\mailpile\plugins\crypto_gnupg.py,357,1,0,0,0
Mailpile,C:\Users\Zhifei Chen\Desktop\pysmell\subjects_for_metrics\Mailpile\mailpile\plugins\crypto_gnupg.py,403,1,0,0,0
Mailpile,C:\Users\Zhifei Chen\Desktop\pysmell\subjects_for_metrics\Mailpile\mailpile\plugins\crypto_gnupg.py,413,1,0,0,0
Mailpile,C:\Users\Zhifei Chen\Desktop\pysmell\subjects_for_metrics\Mailpile\mailpile\plugins\crypto_policy.py,22,1,0,0,0
Mailpile,C:\Users\Zhifei Chen\Desktop\pysmell\subjects_for_metrics\Mailpile\mailpile\plugins\crypto_policy.py,27,1,0,0,0
Mailpile,C:\Users\Zhifei Chen\Desktop\pysmell\subjects_for_metrics\Mailpile\mailpile\plugins\crypto_policy.py,67,1,0,0,0
Mailpile,C:\Users\Zhifei Chen\Desktop\pysmell\subjects_for_metrics\Mailpile\mailpile\plugins\eventlog.py,15,1,0,0,0
Mailpile,C:\Users\Zhifei Chen\Desktop\pysmell\subjects_for_metrics\Mailpile\mailpile\plugins\eventlog.py,124,1,0,0,0
Mailpile,C:\Users\Zhifei Chen\Desktop\pysmell\subjects_for_metrics\Mailpile\mailpile\plugins\eventlog.py,155,1,0,0,0
Mailpile,C:\Users\Zhifei Chen\Desktop\pysmell\subjects_for_metrics\Mailpile\mailpile\plugins\eventlog.py,187,1,0,0,0
Mailpile,C:\Users\Zhifei Chen\Desktop\pysmell\subjects_for_metrics\Mailpile\mailpile\plugins\exporters.py,30,1,0,0,0
Mailpile,C:\Users\Zhifei Chen\Desktop\pysmell\subjects_for_metrics\Mailpile\mailpile\plugins\groups.py,38,1,0,0,0
Mailpile,C:\Users\Zhifei Chen\Desktop\pysmell\subjects_for_metrics\Mailpile\mailpile\plugins\groups.py,69,1,0,0,0
Mailpile,C:\Users\Zhifei Chen\Desktop\pysmell\subjects_for_metrics\Mailpile\mailpile\plugins\groups.py,73,1,0,0,0
Mailpile,C:\Users\Zhifei Chen\Desktop\pysmell\subjects_for_metrics\Mailpile\mailpile\plugins\groups.py,77,1,0,0,0
Mailpile,C:\Users\Zhifei Chen\Desktop\pysmell\subjects_for_metrics\Mailpile\mailpile\plugins\groups.py,81,1,0,0,0
Mailpile,C:\Users\Zhifei Chen\Desktop\pysmell\subjects_for_metrics\Mailpile\mailpile\plugins\groups.py,85,1,0,0,0
Mailpile,C:\Users\Zhifei Chen\Desktop\pysmell\subjects_for_metrics\Mailpile\mailpile\plugins\html_magic.py,29,1,0,0,0
Mailpile,C:\Users\Zhifei Chen\Desktop\pysmell\subjects_for_metrics\Mailpile\mailpile\plugins\migrate.py,202,1,0,0,0
Mailpile,C:\Users\Zhifei Chen\Desktop\pysmell\subjects_for_metrics\Mailpile\mailpile\plugins\plugins.py,13,1,0,0,0
Mailpile,C:\Users\Zhifei Chen\Desktop\pysmell\subjects_for_metrics\Mailpile\mailpile\plugins\plugins.py,35,1,0,0,0
Mailpile,C:\Users\Zhifei Chen\Desktop\pysmell\subjects_for_metrics\Mailpile\mailpile\plugins\plugins.py,65,1,0,0,0
Mailpile,C:\Users\Zhifei Chen\Desktop\pysmell\subjects_for_metrics\Mailpile\mailpile\plugins\search.py,24,1,0,0,0
Mailpile,C:\Users\Zhifei Chen\Desktop\pysmell\subjects_for_metrics\Mailpile\mailpile\plugins\search.py,42,1,0,0,0
Mailpile,C:\Users\Zhifei Chen\Desktop\pysmell\subjects_for_metrics\Mailpile\mailpile\plugins\search.py,219,1,0,0,0
Mailpile,C:\Users\Zhifei Chen\Desktop\pysmell\subjects_for_metrics\Mailpile\mailpile\plugins\search.py,238,1,0,0,0
Mailpile,C:\Users\Zhifei Chen\Desktop\pysmell\subjects_for_metrics\Mailpile\mailpile\plugins\search.py,257,1,0,0,0
Mailpile,C:\Users\Zhifei Chen\Desktop\pysmell\subjects_for_metrics\Mailpile\mailpile\plugins\search.py,273,1,0,0,0
Mailpile,C:\Users\Zhifei Chen\Desktop\pysmell\subjects_for_metrics\Mailpile\mailpile\plugins\search.py,282,1,0,0,0
Mailpile,C:\Users\Zhifei Chen\Desktop\pysmell\subjects_for_metrics\Mailpile\mailpile\plugins\search.py,371,1,0,0,0
Mailpile,C:\Users\Zhifei Chen\Desktop\pysmell\subjects_for_metrics\Mailpile\mailpile\plugins\search.py,378,1,0,0,0
Mailpile,C:\Users\Zhifei Chen\Desktop\pysmell\subjects_for_metrics\Mailpile\mailpile\plugins\setup_magic.py,41,1,0,0,0
Mailpile,C:\Users\Zhifei Chen\Desktop\pysmell\subjects_for_metrics\Mailpile\mailpile\plugins\setup_magic.py,347,1,0,0,0
Mailpile,C:\Users\Zhifei Chen\Desktop\pysmell\subjects_for_metrics\Mailpile\mailpile\plugins\setup_magic.py,410,1,0,0,0
Mailpile,C:\Users\Zhifei Chen\Desktop\pysmell\subjects_for_metrics\Mailpile\mailpile\plugins\setup_magic.py,915,1,0,0,0
Mailpile,C:\Users\Zhifei Chen\Desktop\pysmell\subjects_for_metrics\Mailpile\mailpile\plugins\setup_magic.py,965,1,0,0,0
Mailpile,C:\Users\Zhifei Chen\Desktop\pysmell\subjects_for_metrics\Mailpile\mailpile\plugins\setup_magic.py,1006,1,0,0,0
Mailpile,C:\Users\Zhifei Chen\Desktop\pysmell\subjects_for_metrics\Mailpile\mailpile\plugins\setup_magic.py,1224,1,0,0,0
Mailpile,C:\Users\Zhifei Chen\Desktop\pysmell\subjects_for_metrics\Mailpile\mailpile\plugins\setup_magic.py,1355,1,0,0,0
Mailpile,C:\Users\Zhifei Chen\Desktop\pysmell\subjects_for_metrics\Mailpile\mailpile\plugins\setup_magic.py,1381,1,0,0,0
Mailpile,C:\Users\Zhifei Chen\Desktop\pysmell\subjects_for_metrics\Mailpile\mailpile\plugins\setup_magic.py,1447,1,0,0,0
Mailpile,C:\Users\Zhifei Chen\Desktop\pysmell\subjects_for_metrics\Mailpile\mailpile\plugins\smtp_server.py,32,1,0,0,0
Mailpile,C:\Users\Zhifei Chen\Desktop\pysmell\subjects_for_metrics\Mailpile\mailpile\plugins\smtp_server.py,146,1,0,0,0
Mailpile,C:\Users\Zhifei Chen\Desktop\pysmell\subjects_for_metrics\Mailpile\mailpile\plugins\smtp_server.py,180,1,0,0,0
Mailpile,C:\Users\Zhifei Chen\Desktop\pysmell\subjects_for_metrics\Mailpile\mailpile\plugins\smtp_server.py,203,1,0,0,0
Mailpile,C:\Users\Zhifei Chen\Desktop\pysmell\subjects_for_metrics\Mailpile\mailpile\plugins\tags.py,227,1,0,0,0
Mailpile,C:\Users\Zhifei Chen\Desktop\pysmell\subjects_for_metrics\Mailpile\mailpile\plugins\tags.py,243,1,0,0,0
Mailpile,C:\Users\Zhifei Chen\Desktop\pysmell\subjects_for_metrics\Mailpile\mailpile\plugins\tags.py,258,1,0,0,0
Mailpile,C:\Users\Zhifei Chen\Desktop\pysmell\subjects_for_metrics\Mailpile\mailpile\plugins\tags.py,397,1,0,0,0
Mailpile,C:\Users\Zhifei Chen\Desktop\pysmell\subjects_for_metrics\Mailpile\mailpile\plugins\tags.py,413,1,0,0,0
Mailpile,C:\Users\Zhifei Chen\Desktop\pysmell\subjects_for_metrics\Mailpile\mailpile\plugins\tags.py,425,1,0,0,0
Mailpile,C:\Users\Zhifei Chen\Desktop\pysmell\subjects_for_metrics\Mailpile\mailpile\plugins\tags.py,448,1,0,0,0
Mailpile,C:\Users\Zhifei Chen\Desktop\pysmell\subjects_for_metrics\Mailpile\mailpile\plugins\tags.py,512,1,0,0,0
Mailpile,C:\Users\Zhifei Chen\Desktop\pysmell\subjects_for_metrics\Mailpile\mailpile\plugins\tags.py,527,1,0,0,0
Mailpile,C:\Users\Zhifei Chen\Desktop\pysmell\subjects_for_metrics\Mailpile\mailpile\plugins\tags.py,634,1,0,0,0
Mailpile,C:\Users\Zhifei Chen\Desktop\pysmell\subjects_for_metrics\Mailpile\mailpile\plugins\tags.py,644,1,0,0,0
Mailpile,C:\Users\Zhifei Chen\Desktop\pysmell\subjects_for_metrics\Mailpile\mailpile\plugins\tags.py,690,1,0,0,0
Mailpile,C:\Users\Zhifei Chen\Desktop\pysmell\subjects_for_metrics\Mailpile\mailpile\plugins\tags.py,696,1,0,0,0
Mailpile,C:\Users\Zhifei Chen\Desktop\pysmell\subjects_for_metrics\Mailpile\mailpile\plugins\tags.py,839,1,0,0,0
Mailpile,C:\Users\Zhifei Chen\Desktop\pysmell\subjects_for_metrics\Mailpile\mailpile\plugins\tags.py,868,1,0,0,0
Mailpile,C:\Users\Zhifei Chen\Desktop\pysmell\subjects_for_metrics\Mailpile\mailpile\plugins\tags.py,879,1,0,0,0
Mailpile,C:\Users\Zhifei Chen\Desktop\pysmell\subjects_for_metrics\Mailpile\mailpile\plugins\tags.py,934,1,0,0,0
Mailpile,C:\Users\Zhifei Chen\Desktop\pysmell\subjects_for_metrics\Mailpile\mailpile\plugins\vcard_carddav.py,80,1,0,0,0
Mailpile,C:\Users\Zhifei Chen\Desktop\pysmell\subjects_for_metrics\Mailpile\mailpile\plugins\vcard_carddav.py,114,1,0,0,0
Mailpile,C:\Users\Zhifei Chen\Desktop\pysmell\subjects_for_metrics\Mailpile\mailpile\plugins\vcard_gnupg.py,20,1,0,0,0
Mailpile,C:\Users\Zhifei Chen\Desktop\pysmell\subjects_for_metrics\Mailpile\mailpile\plugins\vcard_gnupg.py,211,1,0,0,0
Mailpile,C:\Users\Zhifei Chen\Desktop\pysmell\subjects_for_metrics\Mailpile\mailpile\plugins\vcard_gnupg.py,222,1,0,0,0
Mailpile,C:\Users\Zhifei Chen\Desktop\pysmell\subjects_for_metrics\Mailpile\mailpile\plugins\vcard_gnupg.py,249,1,0,0,0
Mailpile,C:\Users\Zhifei Chen\Desktop\pysmell\subjects_for_metrics\Mailpile\mailpile\plugins\vcard_gravatar.py,19,1,0,0,0
Mailpile,C:\Users\Zhifei Chen\Desktop\pysmell\subjects_for_metrics\Mailpile\mailpile\plugins\vcard_libravatar.py,16,1,0,0,0
Mailpile,C:\Users\Zhifei Chen\Desktop\pysmell\subjects_for_metrics\Mailpile\mailpile\plugins\vcard_mork.py,31,1,0,0,0
Mailpile,C:\Users\Zhifei Chen\Desktop\pysmell\subjects_for_metrics\Mailpile\mailpile\plugins\__init__.py,34,1,0,0,0
Mailpile,C:\Users\Zhifei Chen\Desktop\pysmell\subjects_for_metrics\Mailpile\mailpile\plugins\__init__.py,46,1,0,0,0
Mailpile,C:\Users\Zhifei Chen\Desktop\pysmell\subjects_for_metrics\Mailpile\mailpile\plugins\__init__.py,50,1,0,0,0
Mailpile,C:\Users\Zhifei Chen\Desktop\pysmell\subjects_for_metrics\Mailpile\mailpile\plugins\keylookup\dnspka.py,20,1,0,0,0
Mailpile,C:\Users\Zhifei Chen\Desktop\pysmell\subjects_for_metrics\Mailpile\mailpile\plugins\keylookup\email_keylookup.py,87,2,0,1,0
Mailpile,C:\Users\Zhifei Chen\Desktop\pysmell\subjects_for_metrics\Mailpile\mailpile\plugins\keylookup\nicknym.py,155,1,0,0,0
Mailpile,C:\Users\Zhifei Chen\Desktop\pysmell\subjects_for_metrics\Mailpile\mailpile\plugins\keylookup\nicknym.py,183,1,0,0,0
Mailpile,C:\Users\Zhifei Chen\Desktop\pysmell\subjects_for_metrics\Mailpile\mailpile\plugins\keylookup\__init__.py,195,1,0,0,0
Mailpile,C:\Users\Zhifei Chen\Desktop\pysmell\subjects_for_metrics\Mailpile\mailpile\plugins\keylookup\__init__.py,225,1,0,0,0
Mailpile,C:\Users\Zhifei Chen\Desktop\pysmell\subjects_for_metrics\Mailpile\mailpile\plugins\keylookup\__init__.py,328,1,0,0,0
Mailpile,C:\Users\Zhifei Chen\Desktop\pysmell\subjects_for_metrics\Mailpile\mailpile\plugins\keylookup\__init__.py,361,1,0,0,0
Mailpile,C:\Users\Zhifei Chen\Desktop\pysmell\subjects_for_metrics\Mailpile\mailpile\tests\test_command.py,10,1,0,0,0
Mailpile,C:\Users\Zhifei Chen\Desktop\pysmell\subjects_for_metrics\Mailpile\mailpile\tests\test_command.py,115,1,0,0,0
Mailpile,C:\Users\Zhifei Chen\Desktop\pysmell\subjects_for_metrics\Mailpile\mailpile\tests\test_command.py,143,1,0,0,0
Mailpile,C:\Users\Zhifei Chen\Desktop\pysmell\subjects_for_metrics\Mailpile\mailpile\tests\test_command.py,148,1,0,0,0
Mailpile,C:\Users\Zhifei Chen\Desktop\pysmell\subjects_for_metrics\Mailpile\mailpile\tests\test_config.py,8,1,0,0,0
Mailpile,C:\Users\Zhifei Chen\Desktop\pysmell\subjects_for_metrics\Mailpile\mailpile\tests\test_crypto_policy.py,7,1,0,0,0
Mailpile,C:\Users\Zhifei Chen\Desktop\pysmell\subjects_for_metrics\Mailpile\mailpile\tests\test_crypto_policy.py,19,1,0,0,0
Mailpile,C:\Users\Zhifei Chen\Desktop\pysmell\subjects_for_metrics\Mailpile\mailpile\tests\test_crypto_policy.py,53,1,0,0,0
Mailpile,C:\Users\Zhifei Chen\Desktop\pysmell\subjects_for_metrics\Mailpile\mailpile\tests\test_eventlog.py,18,1,0,0,0
Mailpile,C:\Users\Zhifei Chen\Desktop\pysmell\subjects_for_metrics\Mailpile\mailpile\tests\test_keylookup.py,30,1,0,0,0
Mailpile,C:\Users\Zhifei Chen\Desktop\pysmell\subjects_for_metrics\Mailpile\mailpile\tests\test_keylookup.py,35,1,0,0,0
Mailpile,C:\Users\Zhifei Chen\Desktop\pysmell\subjects_for_metrics\Mailpile\mailpile\tests\test_keylookup.py,47,1,0,0,0
Mailpile,C:\Users\Zhifei Chen\Desktop\pysmell\subjects_for_metrics\Mailpile\mailpile\tests\test_keylookup.py,56,1,0,0,0
Mailpile,C:\Users\Zhifei Chen\Desktop\pysmell\subjects_for_metrics\Mailpile\mailpile\tests\test_keylookup.py,64,1,0,0,0
Mailpile,C:\Users\Zhifei Chen\Desktop\pysmell\subjects_for_metrics\Mailpile\mailpile\tests\test_performance.py,8,1,0,0,0
Mailpile,C:\Users\Zhifei Chen\Desktop\pysmell\subjects_for_metrics\Mailpile\mailpile\tests\test_plugin.py,8,1,0,0,0
Mailpile,C:\Users\Zhifei Chen\Desktop\pysmell\subjects_for_metrics\Mailpile\mailpile\tests\test_search.py,8,1,0,0,0
Mailpile,C:\Users\Zhifei Chen\Desktop\pysmell\subjects_for_metrics\Mailpile\mailpile\tests\test_ui.py,9,1,0,0,0
Mailpile,C:\Users\Zhifei Chen\Desktop\pysmell\subjects_for_metrics\Mailpile\mailpile\tests\test_vcard.py,6,1,0,0,0
Mailpile,C:\Users\Zhifei Chen\Desktop\pysmell\subjects_for_metrics\Mailpile\mailpile\tests\__init__.py,115,1,0,0,0
Mailpile,C:\Users\Zhifei Chen\Desktop\pysmell\subjects_for_metrics\Mailpile\mailpile\tests\gui\test_contacts.py,4,1,0,0,0
Mailpile,C:\Users\Zhifei Chen\Desktop\pysmell\subjects_for_metrics\Mailpile\mailpile\tests\gui\test_mail.py,4,1,0,0,0
Mailpile,C:\Users\Zhifei Chen\Desktop\pysmell\subjects_for_metrics\Mailpile\mailpile\tests\gui\test_tags.py,9,1,0,0,0
Mailpile,C:\Users\Zhifei Chen\Desktop\pysmell\subjects_for_metrics\Mailpile\mailpile\tests\gui\__init__.py,19,1,0,0,0
Mailpile,C:\Users\Zhifei Chen\Desktop\pysmell\subjects_for_metrics\Mailpile\mailpile\tests\gui\__init__.py,32,1,0,0,0
Mailpile,C:\Users\Zhifei Chen\Desktop\pysmell\subjects_for_metrics\Mailpile\mailpile\tests\gui\__init__.py,45,1,0,0,0
Mailpile,C:\Users\Zhifei Chen\Desktop\pysmell\subjects_for_metrics\Mailpile\mailpile\tests\gui\__init__.py,108,1,0,0,0
Mailpile,C:\Users\Zhifei Chen\Desktop\pysmell\subjects_for_metrics\Mailpile\mailpile\www\jinjaextensions.py,25,1,0,0,0
Mailpile,C:\Users\Zhifei Chen\Desktop\pysmell\subjects_for_metrics\Mailpile\scripts\aes-record-test.py,10,1,0,0,0
Mailpile,C:\Users\Zhifei Chen\Desktop\pysmell\subjects_for_metrics\Mailpile\scripts\mailpile-pyside.py,12,1,0,0,0
