subject,file,lineno,NOC,NOFF,NOO,experience-based,statistics-based,tuning machine
seaborn,C:\Users\Zhifei Chen\Desktop\pysmell\subjects_for_metrics\seaborn\doc\sphinxext\ipython_directive.py,523,28,1,5,0,0,0
seaborn,C:\Users\Zhifei Chen\Desktop\pysmell\subjects_for_metrics\seaborn\doc\sphinxext\ipython_directive.py,860,39,1,8,0,0,0
seaborn,C:\Users\Zhifei Chen\Desktop\pysmell\subjects_for_metrics\seaborn\doc\sphinxext\plot_directive.py,152,55,1,14,0,0,0
seaborn,C:\Users\Zhifei Chen\Desktop\pysmell\subjects_for_metrics\seaborn\doc\sphinxext\plot_directive.py,427,40,1,7,0,0,0
seaborn,C:\Users\Zhifei Chen\Desktop\pysmell\subjects_for_metrics\seaborn\doc\sphinxext\plot_directive.py,761,49,1,10,0,0,0
seaborn,C:\Users\Zhifei Chen\Desktop\pysmell\subjects_for_metrics\seaborn\doc\sphinxext\plot_directive.py,770,45,1,8,0,0,0
seaborn,C:\Users\Zhifei Chen\Desktop\pysmell\subjects_for_metrics\seaborn\doc\sphinxext\plot_directive.py,773,53,1,10,0,0,0
seaborn,C:\Users\Zhifei Chen\Desktop\pysmell\subjects_for_metrics\seaborn\doc\sphinxext\plot_directive.py,782,122,2,21,1,0,0
seaborn,C:\Users\Zhifei Chen\Desktop\pysmell\subjects_for_metrics\seaborn\doc\sphinxext\plot_generator.py,247,45,1,8,0,0,0
seaborn,C:\Users\Zhifei Chen\Desktop\pysmell\subjects_for_metrics\seaborn\doc\sphinxext\plot_generator.py,262,59,2,11,0,0,0
seaborn,C:\Users\Zhifei Chen\Desktop\pysmell\subjects_for_metrics\seaborn\seaborn\algorithms.py,75,36,1,7,0,0,0
seaborn,C:\Users\Zhifei Chen\Desktop\pysmell\subjects_for_metrics\seaborn\seaborn\algorithms.py,85,51,2,10,0,0,0
seaborn,C:\Users\Zhifei Chen\Desktop\pysmell\subjects_for_metrics\seaborn\seaborn\algorithms.py,85,39,1,7,0,0,0
seaborn,C:\Users\Zhifei Chen\Desktop\pysmell\subjects_for_metrics\seaborn\seaborn\algorithms.py,90,39,1,8,0,0,0
seaborn,C:\Users\Zhifei Chen\Desktop\pysmell\subjects_for_metrics\seaborn\seaborn\algorithms.py,92,32,1,8,0,0,0
seaborn,C:\Users\Zhifei Chen\Desktop\pysmell\subjects_for_metrics\seaborn\seaborn\algorithms.py,93,58,2,15,0,0,0
seaborn,C:\Users\Zhifei Chen\Desktop\pysmell\subjects_for_metrics\seaborn\seaborn\algorithms.py,93,44,1,12,0,0,0
seaborn,C:\Users\Zhifei Chen\Desktop\pysmell\subjects_for_metrics\seaborn\seaborn\algorithms.py,104,47,1,9,0,0,0
seaborn,C:\Users\Zhifei Chen\Desktop\pysmell\subjects_for_metrics\seaborn\seaborn\algorithms.py,106,26,1,7,0,0,0
seaborn,C:\Users\Zhifei Chen\Desktop\pysmell\subjects_for_metrics\seaborn\seaborn\algorithms.py,151,54,1,12,0,0,0
seaborn,C:\Users\Zhifei Chen\Desktop\pysmell\subjects_for_metrics\seaborn\seaborn\axisgrid.py,69,50,1,7,0,0,0
seaborn,C:\Users\Zhifei Chen\Desktop\pysmell\subjects_for_metrics\seaborn\seaborn\axisgrid.py,135,34,1,9,0,0,0
seaborn,C:\Users\Zhifei Chen\Desktop\pysmell\subjects_for_metrics\seaborn\seaborn\axisgrid.py,157,27,1,5,0,0,0
seaborn,C:\Users\Zhifei Chen\Desktop\pysmell\subjects_for_metrics\seaborn\seaborn\axisgrid.py,646,46,1,9,0,0,0
seaborn,C:\Users\Zhifei Chen\Desktop\pysmell\subjects_for_metrics\seaborn\seaborn\axisgrid.py,652,46,1,9,0,0,0
seaborn,C:\Users\Zhifei Chen\Desktop\pysmell\subjects_for_metrics\seaborn\seaborn\axisgrid.py,658,46,1,9,0,0,0
seaborn,C:\Users\Zhifei Chen\Desktop\pysmell\subjects_for_metrics\seaborn\seaborn\axisgrid.py,718,34,1,7,0,0,0
seaborn,C:\Users\Zhifei Chen\Desktop\pysmell\subjects_for_metrics\seaborn\seaborn\axisgrid.py,723,25,1,4,0,0,0
seaborn,C:\Users\Zhifei Chen\Desktop\pysmell\subjects_for_metrics\seaborn\seaborn\axisgrid.py,870,40,1,7,0,0,0
seaborn,C:\Users\Zhifei Chen\Desktop\pysmell\subjects_for_metrics\seaborn\seaborn\axisgrid.py,882,40,1,7,0,0,0
seaborn,C:\Users\Zhifei Chen\Desktop\pysmell\subjects_for_metrics\seaborn\seaborn\categorical.py,74,43,1,10,0,0,0
seaborn,C:\Users\Zhifei Chen\Desktop\pysmell\subjects_for_metrics\seaborn\seaborn\categorical.py,99,26,1,8,0,0,0
seaborn,C:\Users\Zhifei Chen\Desktop\pysmell\subjects_for_metrics\seaborn\seaborn\categorical.py,120,39,1,8,0,0,0
seaborn,C:\Users\Zhifei Chen\Desktop\pysmell\subjects_for_metrics\seaborn\seaborn\categorical.py,287,24,1,5,0,0,0
seaborn,C:\Users\Zhifei Chen\Desktop\pysmell\subjects_for_metrics\seaborn\seaborn\categorical.py,292,49,1,8,0,0,0
seaborn,C:\Users\Zhifei Chen\Desktop\pysmell\subjects_for_metrics\seaborn\seaborn\categorical.py,296,38,1,6,0,0,0
seaborn,C:\Users\Zhifei Chen\Desktop\pysmell\subjects_for_metrics\seaborn\seaborn\categorical.py,299,40,1,8,0,0,0
seaborn,C:\Users\Zhifei Chen\Desktop\pysmell\subjects_for_metrics\seaborn\seaborn\categorical.py,564,24,1,4,0,0,0
seaborn,C:\Users\Zhifei Chen\Desktop\pysmell\subjects_for_metrics\seaborn\seaborn\categorical.py,565,24,1,4,0,0,0
seaborn,C:\Users\Zhifei Chen\Desktop\pysmell\subjects_for_metrics\seaborn\seaborn\categorical.py,1154,24,1,4,0,0,0
seaborn,C:\Users\Zhifei Chen\Desktop\pysmell\subjects_for_metrics\seaborn\seaborn\categorical.py,1155,24,1,4,0,0,0
seaborn,C:\Users\Zhifei Chen\Desktop\pysmell\subjects_for_metrics\seaborn\seaborn\distributions.py,789,56,1,11,0,0,0
seaborn,C:\Users\Zhifei Chen\Desktop\pysmell\subjects_for_metrics\seaborn\seaborn\linearmodels.py,43,46,1,8,0,0,0
seaborn,C:\Users\Zhifei Chen\Desktop\pysmell\subjects_for_metrics\seaborn\seaborn\linearmodels.py,56,31,1,6,0,0,0
seaborn,C:\Users\Zhifei Chen\Desktop\pysmell\subjects_for_metrics\seaborn\seaborn\linearmodels.py,57,27,2,6,0,0,0
seaborn,C:\Users\Zhifei Chen\Desktop\pysmell\subjects_for_metrics\seaborn\seaborn\linearmodels.py,58,25,1,6,0,0,0
seaborn,C:\Users\Zhifei Chen\Desktop\pysmell\subjects_for_metrics\seaborn\seaborn\linearmodels.py,359,29,2,6,0,0,0
seaborn,C:\Users\Zhifei Chen\Desktop\pysmell\subjects_for_metrics\seaborn\seaborn\linearmodels.py,532,32,2,6,0,0,0
seaborn,C:\Users\Zhifei Chen\Desktop\pysmell\subjects_for_metrics\seaborn\seaborn\linearmodels.py,1288,40,1,10,0,0,0
seaborn,C:\Users\Zhifei Chen\Desktop\pysmell\subjects_for_metrics\seaborn\seaborn\linearmodels.py,1391,31,1,7,0,0,0
seaborn,C:\Users\Zhifei Chen\Desktop\pysmell\subjects_for_metrics\seaborn\seaborn\matrix.py,31,40,1,10,0,0,0
seaborn,C:\Users\Zhifei Chen\Desktop\pysmell\subjects_for_metrics\seaborn\seaborn\matrix.py,504,39,1,6,0,0,0
seaborn,C:\Users\Zhifei Chen\Desktop\pysmell\subjects_for_metrics\seaborn\seaborn\matrix.py,595,74,1,15,1,0,0
seaborn,C:\Users\Zhifei Chen\Desktop\pysmell\subjects_for_metrics\seaborn\seaborn\matrix.py,600,74,1,15,1,0,0
seaborn,C:\Users\Zhifei Chen\Desktop\pysmell\subjects_for_metrics\seaborn\seaborn\matrix.py,893,38,1,8,0,0,0
seaborn,C:\Users\Zhifei Chen\Desktop\pysmell\subjects_for_metrics\seaborn\seaborn\matrix.py,902,42,1,9,0,0,0
seaborn,C:\Users\Zhifei Chen\Desktop\pysmell\subjects_for_metrics\seaborn\seaborn\matrix.py,904,46,2,7,0,0,0
seaborn,C:\Users\Zhifei Chen\Desktop\pysmell\subjects_for_metrics\seaborn\seaborn\palettes.py,52,37,1,7,0,0,0
seaborn,C:\Users\Zhifei Chen\Desktop\pysmell\subjects_for_metrics\seaborn\seaborn\palettes.py,180,34,1,6,0,0,0
seaborn,C:\Users\Zhifei Chen\Desktop\pysmell\subjects_for_metrics\seaborn\seaborn\palettes.py,184,38,1,7,0,0,0
seaborn,C:\Users\Zhifei Chen\Desktop\pysmell\subjects_for_metrics\seaborn\seaborn\palettes.py,260,42,1,8,0,0,0
seaborn,C:\Users\Zhifei Chen\Desktop\pysmell\subjects_for_metrics\seaborn\seaborn\palettes.py,330,39,1,8,0,0,0
seaborn,C:\Users\Zhifei Chen\Desktop\pysmell\subjects_for_metrics\seaborn\seaborn\palettes.py,718,44,1,6,0,0,0
seaborn,C:\Users\Zhifei Chen\Desktop\pysmell\subjects_for_metrics\seaborn\seaborn\palettes.py,749,31,1,5,0,0,0
seaborn,C:\Users\Zhifei Chen\Desktop\pysmell\subjects_for_metrics\seaborn\seaborn\palettes.py,777,30,1,5,0,0,0
seaborn,C:\Users\Zhifei Chen\Desktop\pysmell\subjects_for_metrics\seaborn\seaborn\rcmod.py,119,26,1,6,0,0,0
seaborn,C:\Users\Zhifei Chen\Desktop\pysmell\subjects_for_metrics\seaborn\seaborn\rcmod.py,133,28,1,6,0,0,0
seaborn,C:\Users\Zhifei Chen\Desktop\pysmell\subjects_for_metrics\seaborn\seaborn\rcmod.py,179,36,1,7,0,0,0
seaborn,C:\Users\Zhifei Chen\Desktop\pysmell\subjects_for_metrics\seaborn\seaborn\rcmod.py,267,43,2,11,0,0,0
seaborn,C:\Users\Zhifei Chen\Desktop\pysmell\subjects_for_metrics\seaborn\seaborn\rcmod.py,354,38,1,7,0,0,0
seaborn,C:\Users\Zhifei Chen\Desktop\pysmell\subjects_for_metrics\seaborn\seaborn\rcmod.py,393,45,1,10,0,0,0
seaborn,C:\Users\Zhifei Chen\Desktop\pysmell\subjects_for_metrics\seaborn\seaborn\rcmod.py,398,47,1,8,0,0,0
seaborn,C:\Users\Zhifei Chen\Desktop\pysmell\subjects_for_metrics\seaborn\seaborn\rcmod.py,410,45,2,11,0,0,0
seaborn,C:\Users\Zhifei Chen\Desktop\pysmell\subjects_for_metrics\seaborn\seaborn\timeseries.py,266,40,1,9,0,0,0
seaborn,C:\Users\Zhifei Chen\Desktop\pysmell\subjects_for_metrics\seaborn\seaborn\timeseries.py,283,38,1,8,0,0,0
seaborn,C:\Users\Zhifei Chen\Desktop\pysmell\subjects_for_metrics\seaborn\seaborn\utils.py,370,109,2,19,1,0,0
seaborn,C:\Users\Zhifei Chen\Desktop\pysmell\subjects_for_metrics\seaborn\seaborn\external\six.py,130,42,1,5,0,0,0
seaborn,C:\Users\Zhifei Chen\Desktop\pysmell\subjects_for_metrics\seaborn\seaborn\external\six.py,522,23,1,5,0,0,0
seaborn,C:\Users\Zhifei Chen\Desktop\pysmell\subjects_for_metrics\seaborn\seaborn\tests\test_algorithms.py,46,23,1,7,0,0,0
seaborn,C:\Users\Zhifei Chen\Desktop\pysmell\subjects_for_metrics\seaborn\seaborn\tests\test_algorithms.py,47,22,1,7,0,0,0
seaborn,C:\Users\Zhifei Chen\Desktop\pysmell\subjects_for_metrics\seaborn\seaborn\tests\test_axisgrid.py,461,57,1,14,0,0,0
seaborn,C:\Users\Zhifei Chen\Desktop\pysmell\subjects_for_metrics\seaborn\seaborn\tests\test_axisgrid.py,462,51,1,12,0,0,0
seaborn,C:\Users\Zhifei Chen\Desktop\pysmell\subjects_for_metrics\seaborn\seaborn\tests\test_axisgrid.py,467,57,1,14,0,0,0
seaborn,C:\Users\Zhifei Chen\Desktop\pysmell\subjects_for_metrics\seaborn\seaborn\tests\test_axisgrid.py,468,51,1,12,0,0,0
seaborn,C:\Users\Zhifei Chen\Desktop\pysmell\subjects_for_metrics\seaborn\seaborn\tests\test_axisgrid.py,476,56,1,14,0,0,0
seaborn,C:\Users\Zhifei Chen\Desktop\pysmell\subjects_for_metrics\seaborn\seaborn\tests\test_axisgrid.py,499,38,1,9,0,0,0
seaborn,C:\Users\Zhifei Chen\Desktop\pysmell\subjects_for_metrics\seaborn\seaborn\tests\test_axisgrid.py,500,35,1,9,0,0,0
seaborn,C:\Users\Zhifei Chen\Desktop\pysmell\subjects_for_metrics\seaborn\seaborn\tests\test_categorical.py,129,29,1,6,0,0,0
seaborn,C:\Users\Zhifei Chen\Desktop\pysmell\subjects_for_metrics\seaborn\seaborn\tests\test_categorical.py,783,40,1,7,0,0,0
seaborn,C:\Users\Zhifei Chen\Desktop\pysmell\subjects_for_metrics\seaborn\seaborn\tests\test_categorical.py,792,40,1,7,0,0,0
seaborn,C:\Users\Zhifei Chen\Desktop\pysmell\subjects_for_metrics\seaborn\seaborn\tests\test_categorical.py,794,42,1,8,0,0,0
seaborn,C:\Users\Zhifei Chen\Desktop\pysmell\subjects_for_metrics\seaborn\seaborn\tests\test_categorical.py,804,40,1,7,0,0,0
seaborn,C:\Users\Zhifei Chen\Desktop\pysmell\subjects_for_metrics\seaborn\seaborn\tests\test_categorical.py,933,22,1,5,0,0,0
seaborn,C:\Users\Zhifei Chen\Desktop\pysmell\subjects_for_metrics\seaborn\seaborn\tests\test_categorical.py,935,22,1,5,0,0,0
seaborn,C:\Users\Zhifei Chen\Desktop\pysmell\subjects_for_metrics\seaborn\seaborn\tests\test_categorical.py,947,35,2,8,0,0,0
seaborn,C:\Users\Zhifei Chen\Desktop\pysmell\subjects_for_metrics\seaborn\seaborn\tests\test_categorical.py,947,18,1,5,0,0,0
seaborn,C:\Users\Zhifei Chen\Desktop\pysmell\subjects_for_metrics\seaborn\seaborn\tests\test_categorical.py,949,35,2,8,0,0,0
seaborn,C:\Users\Zhifei Chen\Desktop\pysmell\subjects_for_metrics\seaborn\seaborn\tests\test_categorical.py,949,18,1,5,0,0,0
seaborn,C:\Users\Zhifei Chen\Desktop\pysmell\subjects_for_metrics\seaborn\seaborn\tests\test_categorical.py,961,35,2,8,0,0,0
seaborn,C:\Users\Zhifei Chen\Desktop\pysmell\subjects_for_metrics\seaborn\seaborn\tests\test_categorical.py,961,18,1,5,0,0,0
seaborn,C:\Users\Zhifei Chen\Desktop\pysmell\subjects_for_metrics\seaborn\seaborn\tests\test_categorical.py,963,35,2,8,0,0,0
seaborn,C:\Users\Zhifei Chen\Desktop\pysmell\subjects_for_metrics\seaborn\seaborn\tests\test_categorical.py,963,18,1,5,0,0,0
seaborn,C:\Users\Zhifei Chen\Desktop\pysmell\subjects_for_metrics\seaborn\seaborn\tests\test_categorical.py,981,22,1,5,0,0,0
seaborn,C:\Users\Zhifei Chen\Desktop\pysmell\subjects_for_metrics\seaborn\seaborn\tests\test_categorical.py,990,35,2,8,0,0,0
seaborn,C:\Users\Zhifei Chen\Desktop\pysmell\subjects_for_metrics\seaborn\seaborn\tests\test_categorical.py,990,18,1,5,0,0,0
seaborn,C:\Users\Zhifei Chen\Desktop\pysmell\subjects_for_metrics\seaborn\seaborn\tests\test_categorical.py,1004,22,1,5,0,0,0
seaborn,C:\Users\Zhifei Chen\Desktop\pysmell\subjects_for_metrics\seaborn\seaborn\tests\test_categorical.py,1014,35,2,8,0,0,0
seaborn,C:\Users\Zhifei Chen\Desktop\pysmell\subjects_for_metrics\seaborn\seaborn\tests\test_categorical.py,1014,18,1,5,0,0,0
seaborn,C:\Users\Zhifei Chen\Desktop\pysmell\subjects_for_metrics\seaborn\seaborn\tests\test_categorical.py,1024,35,2,8,0,0,0
seaborn,C:\Users\Zhifei Chen\Desktop\pysmell\subjects_for_metrics\seaborn\seaborn\tests\test_categorical.py,1024,18,1,5,0,0,0
seaborn,C:\Users\Zhifei Chen\Desktop\pysmell\subjects_for_metrics\seaborn\seaborn\tests\test_linearmodels.py,111,29,1,7,0,0,0
seaborn,C:\Users\Zhifei Chen\Desktop\pysmell\subjects_for_metrics\seaborn\seaborn\tests\test_matrix.py,269,45,1,9,0,0,0
seaborn,C:\Users\Zhifei Chen\Desktop\pysmell\subjects_for_metrics\seaborn\seaborn\tests\test_matrix.py,271,40,1,7,0,0,0
seaborn,C:\Users\Zhifei Chen\Desktop\pysmell\subjects_for_metrics\seaborn\seaborn\tests\test_matrix.py,294,29,1,8,0,0,0
seaborn,C:\Users\Zhifei Chen\Desktop\pysmell\subjects_for_metrics\seaborn\seaborn\tests\test_matrix.py,295,22,1,6,0,0,0
seaborn,C:\Users\Zhifei Chen\Desktop\pysmell\subjects_for_metrics\seaborn\seaborn\tests\test_matrix.py,420,37,1,6,0,0,0
seaborn,C:\Users\Zhifei Chen\Desktop\pysmell\subjects_for_metrics\seaborn\seaborn\tests\test_matrix.py,572,29,1,8,0,0,0
seaborn,C:\Users\Zhifei Chen\Desktop\pysmell\subjects_for_metrics\seaborn\seaborn\tests\test_matrix.py,573,22,1,6,0,0,0
seaborn,C:\Users\Zhifei Chen\Desktop\pysmell\subjects_for_metrics\seaborn\seaborn\tests\test_matrix.py,746,42,1,9,0,0,0
seaborn,C:\Users\Zhifei Chen\Desktop\pysmell\subjects_for_metrics\seaborn\seaborn\tests\test_matrix.py,747,42,1,6,0,0,0
seaborn,C:\Users\Zhifei Chen\Desktop\pysmell\subjects_for_metrics\seaborn\seaborn\tests\test_matrix.py,761,42,1,9,0,0,0
seaborn,C:\Users\Zhifei Chen\Desktop\pysmell\subjects_for_metrics\seaborn\seaborn\tests\test_matrix.py,763,46,2,7,0,0,0
seaborn,C:\Users\Zhifei Chen\Desktop\pysmell\subjects_for_metrics\seaborn\seaborn\tests\test_matrix.py,778,42,1,9,0,0,0
seaborn,C:\Users\Zhifei Chen\Desktop\pysmell\subjects_for_metrics\seaborn\seaborn\tests\test_matrix.py,779,42,1,6,0,0,0
seaborn,C:\Users\Zhifei Chen\Desktop\pysmell\subjects_for_metrics\seaborn\seaborn\tests\test_matrix.py,876,50,1,8,0,0,0
seaborn,C:\Users\Zhifei Chen\Desktop\pysmell\subjects_for_metrics\seaborn\seaborn\tests\test_matrix.py,877,50,1,8,0,0,0
seaborn,C:\Users\Zhifei Chen\Desktop\pysmell\subjects_for_metrics\seaborn\seaborn\tests\test_palettes.py,96,35,1,7,0,0,0
seaborn,C:\Users\Zhifei Chen\Desktop\pysmell\subjects_for_metrics\seaborn\seaborn\tests\test_rcmod.py,18,43,2,5,0,0,0
