subject,file,lineno,PAR,experience-based,statistics-based,tuning machine
thefuck,C:\Users\Zhifei Chen\Desktop\pysmell\subjects_for_metrics\thefuck\release.py,10,1,0,0,0
thefuck,C:\Users\Zhifei Chen\Desktop\pysmell\subjects_for_metrics\thefuck\tests\conftest.py,6,1,0,0,0
thefuck,C:\Users\Zhifei Chen\Desktop\pysmell\subjects_for_metrics\thefuck\tests\conftest.py,13,1,0,0,0
thefuck,C:\Users\Zhifei Chen\Desktop\pysmell\subjects_for_metrics\thefuck\tests\conftest.py,18,1,0,0,0
thefuck,C:\Users\Zhifei Chen\Desktop\pysmell\subjects_for_metrics\thefuck\tests\conftest.py,20,1,0,0,0
thefuck,C:\Users\Zhifei Chen\Desktop\pysmell\subjects_for_metrics\thefuck\tests\conftest.py,29,1,0,0,0
thefuck,C:\Users\Zhifei Chen\Desktop\pysmell\subjects_for_metrics\thefuck\tests\conftest.py,34,1,0,0,0
thefuck,C:\Users\Zhifei Chen\Desktop\pysmell\subjects_for_metrics\thefuck\tests\conftest.py,39,1,0,0,0
thefuck,C:\Users\Zhifei Chen\Desktop\pysmell\subjects_for_metrics\thefuck\tests\conftest.py,46,1,0,0,0
thefuck,C:\Users\Zhifei Chen\Desktop\pysmell\subjects_for_metrics\thefuck\tests\test_conf.py,7,1,0,0,0
thefuck,C:\Users\Zhifei Chen\Desktop\pysmell\subjects_for_metrics\thefuck\tests\test_conf.py,12,1,0,0,0
thefuck,C:\Users\Zhifei Chen\Desktop\pysmell\subjects_for_metrics\thefuck\tests\test_conf.py,19,2,0,0,0
thefuck,C:\Users\Zhifei Chen\Desktop\pysmell\subjects_for_metrics\thefuck\tests\test_conf.py,29,3,0,0,0
thefuck,C:\Users\Zhifei Chen\Desktop\pysmell\subjects_for_metrics\thefuck\tests\test_conf.py,44,3,0,0,0
thefuck,C:\Users\Zhifei Chen\Desktop\pysmell\subjects_for_metrics\thefuck\tests\test_conf.py,56,3,0,0,0
thefuck,C:\Users\Zhifei Chen\Desktop\pysmell\subjects_for_metrics\thefuck\tests\test_conf.py,71,3,0,0,0
thefuck,C:\Users\Zhifei Chen\Desktop\pysmell\subjects_for_metrics\thefuck\tests\test_conf.py,78,2,0,0,0
thefuck,C:\Users\Zhifei Chen\Desktop\pysmell\subjects_for_metrics\thefuck\tests\test_conf.py,85,2,0,0,0
thefuck,C:\Users\Zhifei Chen\Desktop\pysmell\subjects_for_metrics\thefuck\tests\test_corrector.py,9,2,0,0,0
thefuck,C:\Users\Zhifei Chen\Desktop\pysmell\subjects_for_metrics\thefuck\tests\test_corrector.py,16,2,0,0,0
thefuck,C:\Users\Zhifei Chen\Desktop\pysmell\subjects_for_metrics\thefuck\tests\test_corrector.py,21,3,0,0,0
thefuck,C:\Users\Zhifei Chen\Desktop\pysmell\subjects_for_metrics\thefuck\tests\test_corrector.py,24,7,1,1,1
thefuck,C:\Users\Zhifei Chen\Desktop\pysmell\subjects_for_metrics\thefuck\tests\test_corrector.py,39,1,0,0,0
thefuck,C:\Users\Zhifei Chen\Desktop\pysmell\subjects_for_metrics\thefuck\tests\test_corrector.py,52,1,0,0,0
thefuck,C:\Users\Zhifei Chen\Desktop\pysmell\subjects_for_metrics\thefuck\tests\test_logs.py,6,1,0,0,0
thefuck,C:\Users\Zhifei Chen\Desktop\pysmell\subjects_for_metrics\thefuck\tests\test_logs.py,13,4,0,1,0
thefuck,C:\Users\Zhifei Chen\Desktop\pysmell\subjects_for_metrics\thefuck\tests\test_readme.py,1,1,0,0,0
thefuck,C:\Users\Zhifei Chen\Desktop\pysmell\subjects_for_metrics\thefuck\tests\test_shells.py,5,1,0,0,0
thefuck,C:\Users\Zhifei Chen\Desktop\pysmell\subjects_for_metrics\thefuck\tests\test_shells.py,10,1,0,0,0
thefuck,C:\Users\Zhifei Chen\Desktop\pysmell\subjects_for_metrics\thefuck\tests\test_shells.py,15,1,0,0,0
thefuck,C:\Users\Zhifei Chen\Desktop\pysmell\subjects_for_metrics\thefuck\tests\test_shells.py,18,1,0,0,0
thefuck,C:\Users\Zhifei Chen\Desktop\pysmell\subjects_for_metrics\thefuck\tests\test_shells.py,26,1,0,0,0
thefuck,C:\Users\Zhifei Chen\Desktop\pysmell\subjects_for_metrics\thefuck\tests\test_shells.py,30,2,0,0,0
thefuck,C:\Users\Zhifei Chen\Desktop\pysmell\subjects_for_metrics\thefuck\tests\test_shells.py,33,2,0,0,0
thefuck,C:\Users\Zhifei Chen\Desktop\pysmell\subjects_for_metrics\thefuck\tests\test_shells.py,36,3,0,0,0
thefuck,C:\Users\Zhifei Chen\Desktop\pysmell\subjects_for_metrics\thefuck\tests\test_shells.py,40,2,0,0,0
thefuck,C:\Users\Zhifei Chen\Desktop\pysmell\subjects_for_metrics\thefuck\tests\test_shells.py,43,2,0,0,0
thefuck,C:\Users\Zhifei Chen\Desktop\pysmell\subjects_for_metrics\thefuck\tests\test_shells.py,46,2,0,0,0
thefuck,C:\Users\Zhifei Chen\Desktop\pysmell\subjects_for_metrics\thefuck\tests\test_shells.py,52,3,0,0,0
thefuck,C:\Users\Zhifei Chen\Desktop\pysmell\subjects_for_metrics\thefuck\tests\test_shells.py,61,1,0,0,0
thefuck,C:\Users\Zhifei Chen\Desktop\pysmell\subjects_for_metrics\thefuck\tests\test_shells.py,65,2,0,0,0
thefuck,C:\Users\Zhifei Chen\Desktop\pysmell\subjects_for_metrics\thefuck\tests\test_shells.py,75,4,0,1,0
thefuck,C:\Users\Zhifei Chen\Desktop\pysmell\subjects_for_metrics\thefuck\tests\test_shells.py,83,2,0,0,0
thefuck,C:\Users\Zhifei Chen\Desktop\pysmell\subjects_for_metrics\thefuck\tests\test_shells.py,86,3,0,0,0
thefuck,C:\Users\Zhifei Chen\Desktop\pysmell\subjects_for_metrics\thefuck\tests\test_shells.py,91,2,0,0,0
thefuck,C:\Users\Zhifei Chen\Desktop\pysmell\subjects_for_metrics\thefuck\tests\test_shells.py,94,2,0,0,0
thefuck,C:\Users\Zhifei Chen\Desktop\pysmell\subjects_for_metrics\thefuck\tests\test_shells.py,100,2,0,0,0
thefuck,C:\Users\Zhifei Chen\Desktop\pysmell\subjects_for_metrics\thefuck\tests\test_shells.py,106,3,0,0,0
thefuck,C:\Users\Zhifei Chen\Desktop\pysmell\subjects_for_metrics\thefuck\tests\test_shells.py,113,1,0,0,0
thefuck,C:\Users\Zhifei Chen\Desktop\pysmell\subjects_for_metrics\thefuck\tests\test_shells.py,117,2,0,0,0
thefuck,C:\Users\Zhifei Chen\Desktop\pysmell\subjects_for_metrics\thefuck\tests\test_shells.py,125,2,0,0,0
thefuck,C:\Users\Zhifei Chen\Desktop\pysmell\subjects_for_metrics\thefuck\tests\test_shells.py,131,3,0,0,0
thefuck,C:\Users\Zhifei Chen\Desktop\pysmell\subjects_for_metrics\thefuck\tests\test_shells.py,135,4,0,1,0
thefuck,C:\Users\Zhifei Chen\Desktop\pysmell\subjects_for_metrics\thefuck\tests\test_shells.py,152,2,0,0,0
thefuck,C:\Users\Zhifei Chen\Desktop\pysmell\subjects_for_metrics\thefuck\tests\test_shells.py,155,4,0,1,0
thefuck,C:\Users\Zhifei Chen\Desktop\pysmell\subjects_for_metrics\thefuck\tests\test_shells.py,162,2,0,0,0
thefuck,C:\Users\Zhifei Chen\Desktop\pysmell\subjects_for_metrics\thefuck\tests\test_shells.py,165,2,0,0,0
thefuck,C:\Users\Zhifei Chen\Desktop\pysmell\subjects_for_metrics\thefuck\tests\test_shells.py,177,2,0,0,0
thefuck,C:\Users\Zhifei Chen\Desktop\pysmell\subjects_for_metrics\thefuck\tests\test_shells.py,186,1,0,0,0
thefuck,C:\Users\Zhifei Chen\Desktop\pysmell\subjects_for_metrics\thefuck\tests\test_shells.py,190,2,0,0,0
thefuck,C:\Users\Zhifei Chen\Desktop\pysmell\subjects_for_metrics\thefuck\tests\test_shells.py,200,4,0,1,0
thefuck,C:\Users\Zhifei Chen\Desktop\pysmell\subjects_for_metrics\thefuck\tests\test_shells.py,207,2,0,0,0
thefuck,C:\Users\Zhifei Chen\Desktop\pysmell\subjects_for_metrics\thefuck\tests\test_shells.py,210,4,0,1,0
thefuck,C:\Users\Zhifei Chen\Desktop\pysmell\subjects_for_metrics\thefuck\tests\test_shells.py,217,2,0,0,0
thefuck,C:\Users\Zhifei Chen\Desktop\pysmell\subjects_for_metrics\thefuck\tests\test_shells.py,220,2,0,0,0
thefuck,C:\Users\Zhifei Chen\Desktop\pysmell\subjects_for_metrics\thefuck\tests\test_shells.py,227,2,0,0,0
thefuck,C:\Users\Zhifei Chen\Desktop\pysmell\subjects_for_metrics\thefuck\tests\test_shells.py,233,3,0,0,0
thefuck,C:\Users\Zhifei Chen\Desktop\pysmell\subjects_for_metrics\thefuck\tests\test_touch.py,6,1,0,0,0
thefuck,C:\Users\Zhifei Chen\Desktop\pysmell\subjects_for_metrics\thefuck\tests\test_touch.py,12,1,0,0,0
thefuck,C:\Users\Zhifei Chen\Desktop\pysmell\subjects_for_metrics\thefuck\tests\test_touch.py,18,1,0,0,0
thefuck,C:\Users\Zhifei Chen\Desktop\pysmell\subjects_for_metrics\thefuck\tests\test_touch.py,26,1,0,0,0
thefuck,C:\Users\Zhifei Chen\Desktop\pysmell\subjects_for_metrics\thefuck\tests\test_types.py,12,1,0,0,0
thefuck,C:\Users\Zhifei Chen\Desktop\pysmell\subjects_for_metrics\thefuck\tests\test_types.py,18,1,0,0,0
thefuck,C:\Users\Zhifei Chen\Desktop\pysmell\subjects_for_metrics\thefuck\tests\test_types.py,24,2,0,0,0
thefuck,C:\Users\Zhifei Chen\Desktop\pysmell\subjects_for_metrics\thefuck\tests\test_types.py,38,6,1,1,1
thefuck,C:\Users\Zhifei Chen\Desktop\pysmell\subjects_for_metrics\thefuck\tests\test_types.py,54,1,0,0,0
thefuck,C:\Users\Zhifei Chen\Desktop\pysmell\subjects_for_metrics\thefuck\tests\test_types.py,58,1,0,0,0
thefuck,C:\Users\Zhifei Chen\Desktop\pysmell\subjects_for_metrics\thefuck\tests\test_types.py,62,2,0,0,0
thefuck,C:\Users\Zhifei Chen\Desktop\pysmell\subjects_for_metrics\thefuck\tests\test_types.py,69,1,0,0,0
thefuck,C:\Users\Zhifei Chen\Desktop\pysmell\subjects_for_metrics\thefuck\tests\test_types.py,76,1,0,0,0
thefuck,C:\Users\Zhifei Chen\Desktop\pysmell\subjects_for_metrics\thefuck\tests\test_types.py,84,2,0,0,0
thefuck,C:\Users\Zhifei Chen\Desktop\pysmell\subjects_for_metrics\thefuck\tests\test_types.py,92,2,0,0,0
thefuck,C:\Users\Zhifei Chen\Desktop\pysmell\subjects_for_metrics\thefuck\tests\test_types.py,98,2,0,0,0
thefuck,C:\Users\Zhifei Chen\Desktop\pysmell\subjects_for_metrics\thefuck\tests\test_types.py,103,3,0,0,0
thefuck,C:\Users\Zhifei Chen\Desktop\pysmell\subjects_for_metrics\thefuck\tests\test_types.py,114,3,0,0,0
thefuck,C:\Users\Zhifei Chen\Desktop\pysmell\subjects_for_metrics\thefuck\tests\test_ui.py,9,1,0,0,0
thefuck,C:\Users\Zhifei Chen\Desktop\pysmell\subjects_for_metrics\thefuck\tests\test_ui.py,11,1,0,0,0
thefuck,C:\Users\Zhifei Chen\Desktop\pysmell\subjects_for_metrics\thefuck\tests\test_ui.py,12,1,0,0,0
thefuck,C:\Users\Zhifei Chen\Desktop\pysmell\subjects_for_metrics\thefuck\tests\test_ui.py,25,1,0,0,0
thefuck,C:\Users\Zhifei Chen\Desktop\pysmell\subjects_for_metrics\thefuck\tests\test_ui.py,42,1,0,0,0
thefuck,C:\Users\Zhifei Chen\Desktop\pysmell\subjects_for_metrics\thefuck\tests\test_ui.py,57,1,0,0,0
thefuck,C:\Users\Zhifei Chen\Desktop\pysmell\subjects_for_metrics\thefuck\tests\test_ui.py,62,1,0,0,0
thefuck,C:\Users\Zhifei Chen\Desktop\pysmell\subjects_for_metrics\thefuck\tests\test_ui.py,67,2,0,0,0
thefuck,C:\Users\Zhifei Chen\Desktop\pysmell\subjects_for_metrics\thefuck\tests\test_ui.py,71,4,0,1,0
thefuck,C:\Users\Zhifei Chen\Desktop\pysmell\subjects_for_metrics\thefuck\tests\test_ui.py,76,4,0,1,0
thefuck,C:\Users\Zhifei Chen\Desktop\pysmell\subjects_for_metrics\thefuck\tests\test_ui.py,83,4,0,1,0
thefuck,C:\Users\Zhifei Chen\Desktop\pysmell\subjects_for_metrics\thefuck\tests\test_ui.py,88,4,0,1,0
thefuck,C:\Users\Zhifei Chen\Desktop\pysmell\subjects_for_metrics\thefuck\tests\test_ui.py,93,4,0,1,0
thefuck,C:\Users\Zhifei Chen\Desktop\pysmell\subjects_for_metrics\thefuck\tests\test_ui.py,100,4,0,1,0
thefuck,C:\Users\Zhifei Chen\Desktop\pysmell\subjects_for_metrics\thefuck\tests\test_utils.py,10,4,0,1,0
thefuck,C:\Users\Zhifei Chen\Desktop\pysmell\subjects_for_metrics\thefuck\tests\test_utils.py,22,1,0,0,0
thefuck,C:\Users\Zhifei Chen\Desktop\pysmell\subjects_for_metrics\thefuck\tests\test_utils.py,30,1,0,0,0
thefuck,C:\Users\Zhifei Chen\Desktop\pysmell\subjects_for_metrics\thefuck\tests\test_utils.py,40,1,0,0,0
thefuck,C:\Users\Zhifei Chen\Desktop\pysmell\subjects_for_metrics\thefuck\tests\test_utils.py,43,1,0,0,0
thefuck,C:\Users\Zhifei Chen\Desktop\pysmell\subjects_for_metrics\thefuck\tests\test_utils.py,46,1,0,0,0
thefuck,C:\Users\Zhifei Chen\Desktop\pysmell\subjects_for_metrics\thefuck\tests\test_utils.py,51,1,0,0,0
thefuck,C:\Users\Zhifei Chen\Desktop\pysmell\subjects_for_metrics\thefuck\tests\test_utils.py,57,1,0,0,0
thefuck,C:\Users\Zhifei Chen\Desktop\pysmell\subjects_for_metrics\thefuck\tests\test_utils.py,65,2,0,0,0
thefuck,C:\Users\Zhifei Chen\Desktop\pysmell\subjects_for_metrics\thefuck\tests\test_utils.py,72,2,0,0,0
thefuck,C:\Users\Zhifei Chen\Desktop\pysmell\subjects_for_metrics\thefuck\tests\test_utils.py,101,3,0,0,0
thefuck,C:\Users\Zhifei Chen\Desktop\pysmell\subjects_for_metrics\thefuck\tests\test_utils.py,110,3,0,0,0
thefuck,C:\Users\Zhifei Chen\Desktop\pysmell\subjects_for_metrics\thefuck\tests\test_utils.py,116,1,0,0,0
thefuck,C:\Users\Zhifei Chen\Desktop\pysmell\subjects_for_metrics\thefuck\tests\test_utils.py,124,2,0,0,0
thefuck,C:\Users\Zhifei Chen\Desktop\pysmell\subjects_for_metrics\thefuck\tests\test_utils.py,128,2,0,0,0
thefuck,C:\Users\Zhifei Chen\Desktop\pysmell\subjects_for_metrics\thefuck\tests\test_utils.py,133,2,0,0,0
thefuck,C:\Users\Zhifei Chen\Desktop\pysmell\subjects_for_metrics\thefuck\tests\test_utils.py,136,3,0,0,0
thefuck,C:\Users\Zhifei Chen\Desktop\pysmell\subjects_for_metrics\thefuck\tests\test_utils.py,139,2,0,0,0
thefuck,C:\Users\Zhifei Chen\Desktop\pysmell\subjects_for_metrics\thefuck\tests\test_utils.py,142,2,0,0,0
thefuck,C:\Users\Zhifei Chen\Desktop\pysmell\subjects_for_metrics\thefuck\tests\test_utils.py,145,1,0,0,0
thefuck,C:\Users\Zhifei Chen\Desktop\pysmell\subjects_for_metrics\thefuck\tests\test_utils.py,151,2,0,0,0
thefuck,C:\Users\Zhifei Chen\Desktop\pysmell\subjects_for_metrics\thefuck\tests\test_utils.py,155,1,0,0,0
thefuck,C:\Users\Zhifei Chen\Desktop\pysmell\subjects_for_metrics\thefuck\tests\test_utils.py,157,1,0,0,0
thefuck,C:\Users\Zhifei Chen\Desktop\pysmell\subjects_for_metrics\thefuck\tests\test_utils.py,163,1,0,0,0
thefuck,C:\Users\Zhifei Chen\Desktop\pysmell\subjects_for_metrics\thefuck\tests\test_utils.py,170,4,0,1,0
thefuck,C:\Users\Zhifei Chen\Desktop\pysmell\subjects_for_metrics\thefuck\tests\test_utils.py,175,4,0,1,0
thefuck,C:\Users\Zhifei Chen\Desktop\pysmell\subjects_for_metrics\thefuck\tests\test_utils.py,181,4,0,1,0
thefuck,C:\Users\Zhifei Chen\Desktop\pysmell\subjects_for_metrics\thefuck\tests\test_utils.py,188,1,0,0,0
thefuck,C:\Users\Zhifei Chen\Desktop\pysmell\subjects_for_metrics\thefuck\tests\test_utils.py,189,1,0,0,0
thefuck,C:\Users\Zhifei Chen\Desktop\pysmell\subjects_for_metrics\thefuck\tests\test_utils.py,195,2,0,0,0
thefuck,C:\Users\Zhifei Chen\Desktop\pysmell\subjects_for_metrics\thefuck\tests\test_utils.py,196,2,0,0,0
thefuck,C:\Users\Zhifei Chen\Desktop\pysmell\subjects_for_metrics\thefuck\tests\test_utils.py,203,1,0,0,0
thefuck,C:\Users\Zhifei Chen\Desktop\pysmell\subjects_for_metrics\thefuck\tests\test_utils.py,204,1,0,0,0
thefuck,C:\Users\Zhifei Chen\Desktop\pysmell\subjects_for_metrics\thefuck\tests\test_utils.py,210,2,0,0,0
thefuck,C:\Users\Zhifei Chen\Desktop\pysmell\subjects_for_metrics\thefuck\tests\test_utils.py,211,2,0,0,0
thefuck,C:\Users\Zhifei Chen\Desktop\pysmell\subjects_for_metrics\thefuck\tests\test_utils.py,218,1,0,0,0
thefuck,C:\Users\Zhifei Chen\Desktop\pysmell\subjects_for_metrics\thefuck\tests\test_utils.py,219,2,0,0,0
thefuck,C:\Users\Zhifei Chen\Desktop\pysmell\subjects_for_metrics\thefuck\tests\test_utils.py,225,2,0,0,0
thefuck,C:\Users\Zhifei Chen\Desktop\pysmell\subjects_for_metrics\thefuck\tests\test_utils.py,226,3,0,0,0
thefuck,C:\Users\Zhifei Chen\Desktop\pysmell\subjects_for_metrics\thefuck\tests\utils.py,6,1,0,0,0
thefuck,C:\Users\Zhifei Chen\Desktop\pysmell\subjects_for_metrics\thefuck\tests\utils.py,11,1,0,0,0
thefuck,C:\Users\Zhifei Chen\Desktop\pysmell\subjects_for_metrics\thefuck\tests\utils.py,23,1,0,0,0
thefuck,C:\Users\Zhifei Chen\Desktop\pysmell\subjects_for_metrics\thefuck\tests\functional\plots.py,1,2,0,0,0
thefuck,C:\Users\Zhifei Chen\Desktop\pysmell\subjects_for_metrics\thefuck\tests\functional\plots.py,8,2,0,0,0
thefuck,C:\Users\Zhifei Chen\Desktop\pysmell\subjects_for_metrics\thefuck\tests\functional\plots.py,23,3,0,0,0
thefuck,C:\Users\Zhifei Chen\Desktop\pysmell\subjects_for_metrics\thefuck\tests\functional\plots.py,29,2,0,0,0
thefuck,C:\Users\Zhifei Chen\Desktop\pysmell\subjects_for_metrics\thefuck\tests\functional\plots.py,35,2,0,0,0
thefuck,C:\Users\Zhifei Chen\Desktop\pysmell\subjects_for_metrics\thefuck\tests\functional\plots.py,57,2,0,0,0
thefuck,C:\Users\Zhifei Chen\Desktop\pysmell\subjects_for_metrics\thefuck\tests\functional\plots.py,72,2,0,0,0
thefuck,C:\Users\Zhifei Chen\Desktop\pysmell\subjects_for_metrics\thefuck\tests\functional\plots.py,83,2,0,0,0
thefuck,C:\Users\Zhifei Chen\Desktop\pysmell\subjects_for_metrics\thefuck\tests\functional\test_bash.py,21,3,0,0,0
thefuck,C:\Users\Zhifei Chen\Desktop\pysmell\subjects_for_metrics\thefuck\tests\functional\test_bash.py,32,3,0,0,0
thefuck,C:\Users\Zhifei Chen\Desktop\pysmell\subjects_for_metrics\thefuck\tests\functional\test_bash.py,40,3,0,0,0
thefuck,C:\Users\Zhifei Chen\Desktop\pysmell\subjects_for_metrics\thefuck\tests\functional\test_bash.py,48,3,0,0,0
thefuck,C:\Users\Zhifei Chen\Desktop\pysmell\subjects_for_metrics\thefuck\tests\functional\test_bash.py,56,3,0,0,0
thefuck,C:\Users\Zhifei Chen\Desktop\pysmell\subjects_for_metrics\thefuck\tests\functional\test_bash.py,64,2,0,0,0
thefuck,C:\Users\Zhifei Chen\Desktop\pysmell\subjects_for_metrics\thefuck\tests\functional\test_fish.py,22,2,0,0,0
thefuck,C:\Users\Zhifei Chen\Desktop\pysmell\subjects_for_metrics\thefuck\tests\functional\test_fish.py,31,2,0,0,0
thefuck,C:\Users\Zhifei Chen\Desktop\pysmell\subjects_for_metrics\thefuck\tests\functional\test_fish.py,37,2,0,0,0
thefuck,C:\Users\Zhifei Chen\Desktop\pysmell\subjects_for_metrics\thefuck\tests\functional\test_fish.py,43,2,0,0,0
thefuck,C:\Users\Zhifei Chen\Desktop\pysmell\subjects_for_metrics\thefuck\tests\functional\test_fish.py,49,2,0,0,0
thefuck,C:\Users\Zhifei Chen\Desktop\pysmell\subjects_for_metrics\thefuck\tests\functional\test_install.py,14,5,1,1,1
thefuck,C:\Users\Zhifei Chen\Desktop\pysmell\subjects_for_metrics\thefuck\tests\functional\test_performance.py,22,2,0,0,0
thefuck,C:\Users\Zhifei Chen\Desktop\pysmell\subjects_for_metrics\thefuck\tests\functional\test_performance.py,42,3,0,0,0
thefuck,C:\Users\Zhifei Chen\Desktop\pysmell\subjects_for_metrics\thefuck\tests\functional\test_tcsh.py,22,3,0,0,0
thefuck,C:\Users\Zhifei Chen\Desktop\pysmell\subjects_for_metrics\thefuck\tests\functional\test_tcsh.py,32,2,0,0,0
thefuck,C:\Users\Zhifei Chen\Desktop\pysmell\subjects_for_metrics\thefuck\tests\functional\test_tcsh.py,38,2,0,0,0
thefuck,C:\Users\Zhifei Chen\Desktop\pysmell\subjects_for_metrics\thefuck\tests\functional\test_tcsh.py,44,2,0,0,0
thefuck,C:\Users\Zhifei Chen\Desktop\pysmell\subjects_for_metrics\thefuck\tests\functional\test_tcsh.py,50,2,0,0,0
thefuck,C:\Users\Zhifei Chen\Desktop\pysmell\subjects_for_metrics\thefuck\tests\functional\test_zsh.py,23,3,0,0,0
thefuck,C:\Users\Zhifei Chen\Desktop\pysmell\subjects_for_metrics\thefuck\tests\functional\test_zsh.py,37,2,0,0,0
thefuck,C:\Users\Zhifei Chen\Desktop\pysmell\subjects_for_metrics\thefuck\tests\functional\test_zsh.py,44,2,0,0,0
thefuck,C:\Users\Zhifei Chen\Desktop\pysmell\subjects_for_metrics\thefuck\tests\functional\test_zsh.py,51,2,0,0,0
thefuck,C:\Users\Zhifei Chen\Desktop\pysmell\subjects_for_metrics\thefuck\tests\functional\test_zsh.py,58,2,0,0,0
thefuck,C:\Users\Zhifei Chen\Desktop\pysmell\subjects_for_metrics\thefuck\tests\functional\test_zsh.py,65,2,0,0,0
thefuck,C:\Users\Zhifei Chen\Desktop\pysmell\subjects_for_metrics\thefuck\tests\rules\conftest.py,4,1,0,0,0
thefuck,C:\Users\Zhifei Chen\Desktop\pysmell\subjects_for_metrics\thefuck\tests\rules\test_apt_get.py,9,1,0,0,0
thefuck,C:\Users\Zhifei Chen\Desktop\pysmell\subjects_for_metrics\thefuck\tests\rules\test_apt_get.py,17,3,0,0,0
thefuck,C:\Users\Zhifei Chen\Desktop\pysmell\subjects_for_metrics\thefuck\tests\rules\test_apt_get.py,32,1,0,0,0
thefuck,C:\Users\Zhifei Chen\Desktop\pysmell\subjects_for_metrics\thefuck\tests\rules\test_apt_get.py,39,2,0,0,0
thefuck,C:\Users\Zhifei Chen\Desktop\pysmell\subjects_for_metrics\thefuck\tests\rules\test_apt_get.py,50,4,0,1,0
thefuck,C:\Users\Zhifei Chen\Desktop\pysmell\subjects_for_metrics\thefuck\tests\rules\test_apt_get_search.py,6,1,0,0,0
thefuck,C:\Users\Zhifei Chen\Desktop\pysmell\subjects_for_metrics\thefuck\tests\rules\test_apt_get_search.py,10,1,0,0,0
thefuck,C:\Users\Zhifei Chen\Desktop\pysmell\subjects_for_metrics\thefuck\tests\rules\test_apt_get_search.py,24,1,0,0,0
thefuck,C:\Users\Zhifei Chen\Desktop\pysmell\subjects_for_metrics\thefuck\tests\rules\test_brew_install.py,7,1,0,0,0
thefuck,C:\Users\Zhifei Chen\Desktop\pysmell\subjects_for_metrics\thefuck\tests\rules\test_brew_install.py,12,1,0,0,0
thefuck,C:\Users\Zhifei Chen\Desktop\pysmell\subjects_for_metrics\thefuck\tests\rules\test_brew_install.py,17,1,0,0,0
thefuck,C:\Users\Zhifei Chen\Desktop\pysmell\subjects_for_metrics\thefuck\tests\rules\test_brew_install.py,22,1,0,0,0
thefuck,C:\Users\Zhifei Chen\Desktop\pysmell\subjects_for_metrics\thefuck\tests\rules\test_brew_install.py,26,3,0,0,0
thefuck,C:\Users\Zhifei Chen\Desktop\pysmell\subjects_for_metrics\thefuck\tests\rules\test_brew_install.py,37,1,0,0,0
thefuck,C:\Users\Zhifei Chen\Desktop\pysmell\subjects_for_metrics\thefuck\tests\rules\test_brew_unknown_command.py,7,1,0,0,0
thefuck,C:\Users\Zhifei Chen\Desktop\pysmell\subjects_for_metrics\thefuck\tests\rules\test_brew_unknown_command.py,12,1,0,0,0
thefuck,C:\Users\Zhifei Chen\Desktop\pysmell\subjects_for_metrics\thefuck\tests\rules\test_brew_unknown_command.py,17,1,0,0,0
thefuck,C:\Users\Zhifei Chen\Desktop\pysmell\subjects_for_metrics\thefuck\tests\rules\test_brew_unknown_command.py,23,2,0,0,0
thefuck,C:\Users\Zhifei Chen\Desktop\pysmell\subjects_for_metrics\thefuck\tests\rules\test_brew_upgrade.py,6,1,0,0,0
thefuck,C:\Users\Zhifei Chen\Desktop\pysmell\subjects_for_metrics\thefuck\tests\rules\test_brew_upgrade.py,12,2,0,0,0
thefuck,C:\Users\Zhifei Chen\Desktop\pysmell\subjects_for_metrics\thefuck\tests\rules\test_cargo_no_command.py,12,1,0,0,0
thefuck,C:\Users\Zhifei Chen\Desktop\pysmell\subjects_for_metrics\thefuck\tests\rules\test_cargo_no_command.py,18,2,0,0,0
thefuck,C:\Users\Zhifei Chen\Desktop\pysmell\subjects_for_metrics\thefuck\tests\rules\test_cd_mkdir.py,6,1,0,0,0
thefuck,C:\Users\Zhifei Chen\Desktop\pysmell\subjects_for_metrics\thefuck\tests\rules\test_cd_mkdir.py,15,1,0,0,0
thefuck,C:\Users\Zhifei Chen\Desktop\pysmell\subjects_for_metrics\thefuck\tests\rules\test_cd_mkdir.py,21,2,0,0,0
thefuck,C:\Users\Zhifei Chen\Desktop\pysmell\subjects_for_metrics\thefuck\tests\rules\test_cd_parent.py,5,1,0,0,0
thefuck,C:\Users\Zhifei Chen\Desktop\pysmell\subjects_for_metrics\thefuck\tests\rules\test_cd_parent.py,10,1,0,0,0
thefuck,C:\Users\Zhifei Chen\Desktop\pysmell\subjects_for_metrics\thefuck\tests\rules\test_composer_not_command.py,6,1,0,0,0
thefuck,C:\Users\Zhifei Chen\Desktop\pysmell\subjects_for_metrics\thefuck\tests\rules\test_composer_not_command.py,23,1,0,0,0
thefuck,C:\Users\Zhifei Chen\Desktop\pysmell\subjects_for_metrics\thefuck\tests\rules\test_composer_not_command.py,42,2,0,0,0
thefuck,C:\Users\Zhifei Chen\Desktop\pysmell\subjects_for_metrics\thefuck\tests\rules\test_composer_not_command.py,50,2,0,0,0
thefuck,C:\Users\Zhifei Chen\Desktop\pysmell\subjects_for_metrics\thefuck\tests\rules\test_cp_omitting_directory.py,6,2,0,0,0
thefuck,C:\Users\Zhifei Chen\Desktop\pysmell\subjects_for_metrics\thefuck\tests\rules\test_cp_omitting_directory.py,13,2,0,0,0
thefuck,C:\Users\Zhifei Chen\Desktop\pysmell\subjects_for_metrics\thefuck\tests\rules\test_cp_omitting_directory.py,21,1,0,0,0
thefuck,C:\Users\Zhifei Chen\Desktop\pysmell\subjects_for_metrics\thefuck\tests\rules\test_dirty_untar.py,8,1,0,0,0
thefuck,C:\Users\Zhifei Chen\Desktop\pysmell\subjects_for_metrics\thefuck\tests\rules\test_dirty_untar.py,10,1,0,0,0
thefuck,C:\Users\Zhifei Chen\Desktop\pysmell\subjects_for_metrics\thefuck\tests\rules\test_dirty_untar.py,13,1,0,0,0
thefuck,C:\Users\Zhifei Chen\Desktop\pysmell\subjects_for_metrics\thefuck\tests\rules\test_dirty_untar.py,46,4,0,1,0
thefuck,C:\Users\Zhifei Chen\Desktop\pysmell\subjects_for_metrics\thefuck\tests\rules\test_dirty_untar.py,53,4,0,1,0
thefuck,C:\Users\Zhifei Chen\Desktop\pysmell\subjects_for_metrics\thefuck\tests\rules\test_dirty_untar.py,61,4,0,1,0
thefuck,C:\Users\Zhifei Chen\Desktop\pysmell\subjects_for_metrics\thefuck\tests\rules\test_dirty_unzip.py,8,1,0,0,0
thefuck,C:\Users\Zhifei Chen\Desktop\pysmell\subjects_for_metrics\thefuck\tests\rules\test_dirty_unzip.py,12,1,0,0,0
thefuck,C:\Users\Zhifei Chen\Desktop\pysmell\subjects_for_metrics\thefuck\tests\rules\test_dirty_unzip.py,29,2,0,0,0
thefuck,C:\Users\Zhifei Chen\Desktop\pysmell\subjects_for_metrics\thefuck\tests\rules\test_dirty_unzip.py,36,2,0,0,0
thefuck,C:\Users\Zhifei Chen\Desktop\pysmell\subjects_for_metrics\thefuck\tests\rules\test_dirty_unzip.py,44,3,0,0,0
thefuck,C:\Users\Zhifei Chen\Desktop\pysmell\subjects_for_metrics\thefuck\tests\rules\test_django_south_ghost.py,6,1,0,0,0
thefuck,C:\Users\Zhifei Chen\Desktop\pysmell\subjects_for_metrics\thefuck\tests\rules\test_django_south_ghost.py,43,1,0,0,0
thefuck,C:\Users\Zhifei Chen\Desktop\pysmell\subjects_for_metrics\thefuck\tests\rules\test_django_south_ghost.py,51,1,0,0,0
thefuck,C:\Users\Zhifei Chen\Desktop\pysmell\subjects_for_metrics\thefuck\tests\rules\test_django_south_merge.py,6,1,0,0,0
thefuck,C:\Users\Zhifei Chen\Desktop\pysmell\subjects_for_metrics\thefuck\tests\rules\test_django_south_merge.py,33,1,0,0,0
thefuck,C:\Users\Zhifei Chen\Desktop\pysmell\subjects_for_metrics\thefuck\tests\rules\test_django_south_merge.py,41,1,0,0,0
thefuck,C:\Users\Zhifei Chen\Desktop\pysmell\subjects_for_metrics\thefuck\tests\rules\test_docker_not_command.py,7,1,0,0,0
thefuck,C:\Users\Zhifei Chen\Desktop\pysmell\subjects_for_metrics\thefuck\tests\rules\test_docker_not_command.py,107,1,0,0,0
thefuck,C:\Users\Zhifei Chen\Desktop\pysmell\subjects_for_metrics\thefuck\tests\rules\test_docker_not_command.py,112,1,0,0,0
thefuck,C:\Users\Zhifei Chen\Desktop\pysmell\subjects_for_metrics\thefuck\tests\rules\test_docker_not_command.py,116,2,0,0,0
thefuck,C:\Users\Zhifei Chen\Desktop\pysmell\subjects_for_metrics\thefuck\tests\rules\test_docker_not_command.py,123,2,0,0,0
thefuck,C:\Users\Zhifei Chen\Desktop\pysmell\subjects_for_metrics\thefuck\tests\rules\test_dry.py,6,1,0,0,0
thefuck,C:\Users\Zhifei Chen\Desktop\pysmell\subjects_for_metrics\thefuck\tests\rules\test_dry.py,13,2,0,0,0
thefuck,C:\Users\Zhifei Chen\Desktop\pysmell\subjects_for_metrics\thefuck\tests\rules\test_fix_alt_space.py,7,1,0,0,0
thefuck,C:\Users\Zhifei Chen\Desktop\pysmell\subjects_for_metrics\thefuck\tests\rules\test_fix_alt_space.py,19,1,0,0,0
thefuck,C:\Users\Zhifei Chen\Desktop\pysmell\subjects_for_metrics\thefuck\tests\rules\test_fix_file.py,181,3,0,0,0
thefuck,C:\Users\Zhifei Chen\Desktop\pysmell\subjects_for_metrics\thefuck\tests\rules\test_fix_file.py,189,3,0,0,0
thefuck,C:\Users\Zhifei Chen\Desktop\pysmell\subjects_for_metrics\thefuck\tests\rules\test_fix_file.py,199,3,0,0,0
thefuck,C:\Users\Zhifei Chen\Desktop\pysmell\subjects_for_metrics\thefuck\tests\rules\test_fix_file.py,208,3,0,0,0
thefuck,C:\Users\Zhifei Chen\Desktop\pysmell\subjects_for_metrics\thefuck\tests\rules\test_fix_file.py,219,4,0,1,0
thefuck,C:\Users\Zhifei Chen\Desktop\pysmell\subjects_for_metrics\thefuck\tests\rules\test_git_add.py,6,1,0,0,0
thefuck,C:\Users\Zhifei Chen\Desktop\pysmell\subjects_for_metrics\thefuck\tests\rules\test_git_add.py,15,1,0,0,0
thefuck,C:\Users\Zhifei Chen\Desktop\pysmell\subjects_for_metrics\thefuck\tests\rules\test_git_add.py,24,1,0,0,0
thefuck,C:\Users\Zhifei Chen\Desktop\pysmell\subjects_for_metrics\thefuck\tests\rules\test_git_add.py,33,2,0,0,0
thefuck,C:\Users\Zhifei Chen\Desktop\pysmell\subjects_for_metrics\thefuck\tests\rules\test_git_branch_delete.py,6,1,0,0,0
thefuck,C:\Users\Zhifei Chen\Desktop\pysmell\subjects_for_metrics\thefuck\tests\rules\test_git_branch_delete.py,14,1,0,0,0
thefuck,C:\Users\Zhifei Chen\Desktop\pysmell\subjects_for_metrics\thefuck\tests\rules\test_git_branch_delete.py,20,1,0,0,0
thefuck,C:\Users\Zhifei Chen\Desktop\pysmell\subjects_for_metrics\thefuck\tests\rules\test_git_branch_list.py,6,1,0,0,0
thefuck,C:\Users\Zhifei Chen\Desktop\pysmell\subjects_for_metrics\thefuck\tests\rules\test_git_branch_list.py,10,1,0,0,0
thefuck,C:\Users\Zhifei Chen\Desktop\pysmell\subjects_for_metrics\thefuck\tests\rules\test_git_branch_list.py,17,1,0,0,0
thefuck,C:\Users\Zhifei Chen\Desktop\pysmell\subjects_for_metrics\thefuck\tests\rules\test_git_checkout.py,6,1,0,0,0
thefuck,C:\Users\Zhifei Chen\Desktop\pysmell\subjects_for_metrics\thefuck\tests\rules\test_git_checkout.py,15,1,0,0,0
thefuck,C:\Users\Zhifei Chen\Desktop\pysmell\subjects_for_metrics\thefuck\tests\rules\test_git_checkout.py,20,1,0,0,0
thefuck,C:\Users\Zhifei Chen\Desktop\pysmell\subjects_for_metrics\thefuck\tests\rules\test_git_checkout.py,27,1,0,0,0
thefuck,C:\Users\Zhifei Chen\Desktop\pysmell\subjects_for_metrics\thefuck\tests\rules\test_git_checkout.py,36,4,0,1,0
thefuck,C:\Users\Zhifei Chen\Desktop\pysmell\subjects_for_metrics\thefuck\tests\rules\test_git_diff_staged.py,6,1,0,0,0
thefuck,C:\Users\Zhifei Chen\Desktop\pysmell\subjects_for_metrics\thefuck\tests\rules\test_git_diff_staged.py,13,1,0,0,0
thefuck,C:\Users\Zhifei Chen\Desktop\pysmell\subjects_for_metrics\thefuck\tests\rules\test_git_diff_staged.py,22,2,0,0,0
thefuck,C:\Users\Zhifei Chen\Desktop\pysmell\subjects_for_metrics\thefuck\tests\rules\test_git_fix_stash.py,18,1,0,0,0
thefuck,C:\Users\Zhifei Chen\Desktop\pysmell\subjects_for_metrics\thefuck\tests\rules\test_git_fix_stash.py,26,1,0,0,0
thefuck,C:\Users\Zhifei Chen\Desktop\pysmell\subjects_for_metrics\thefuck\tests\rules\test_git_fix_stash.py,30,2,0,0,0
thefuck,C:\Users\Zhifei Chen\Desktop\pysmell\subjects_for_metrics\thefuck\tests\rules\test_git_not_command.py,6,1,0,0,0
thefuck,C:\Users\Zhifei Chen\Desktop\pysmell\subjects_for_metrics\thefuck\tests\rules\test_git_not_command.py,15,1,0,0,0
thefuck,C:\Users\Zhifei Chen\Desktop\pysmell\subjects_for_metrics\thefuck\tests\rules\test_git_not_command.py,28,1,0,0,0
thefuck,C:\Users\Zhifei Chen\Desktop\pysmell\subjects_for_metrics\thefuck\tests\rules\test_git_not_command.py,38,1,0,0,0
thefuck,C:\Users\Zhifei Chen\Desktop\pysmell\subjects_for_metrics\thefuck\tests\rules\test_git_not_command.py,43,3,0,0,0
thefuck,C:\Users\Zhifei Chen\Desktop\pysmell\subjects_for_metrics\thefuck\tests\rules\test_git_not_command.py,50,3,0,0,0
thefuck,C:\Users\Zhifei Chen\Desktop\pysmell\subjects_for_metrics\thefuck\tests\rules\test_git_pull.py,6,1,0,0,0
thefuck,C:\Users\Zhifei Chen\Desktop\pysmell\subjects_for_metrics\thefuck\tests\rules\test_git_pull.py,21,1,0,0,0
thefuck,C:\Users\Zhifei Chen\Desktop\pysmell\subjects_for_metrics\thefuck\tests\rules\test_git_pull.py,27,1,0,0,0
thefuck,C:\Users\Zhifei Chen\Desktop\pysmell\subjects_for_metrics\thefuck\tests\rules\test_git_pull_clone.py,12,1,0,0,0
thefuck,C:\Users\Zhifei Chen\Desktop\pysmell\subjects_for_metrics\thefuck\tests\rules\test_git_pull_clone.py,18,2,0,0,0
thefuck,C:\Users\Zhifei Chen\Desktop\pysmell\subjects_for_metrics\thefuck\tests\rules\test_git_push.py,6,1,0,0,0
thefuck,C:\Users\Zhifei Chen\Desktop\pysmell\subjects_for_metrics\thefuck\tests\rules\test_git_push.py,16,1,0,0,0
thefuck,C:\Users\Zhifei Chen\Desktop\pysmell\subjects_for_metrics\thefuck\tests\rules\test_git_push.py,22,1,0,0,0
thefuck,C:\Users\Zhifei Chen\Desktop\pysmell\subjects_for_metrics\thefuck\tests\rules\test_git_push_force.py,28,1,0,0,0
thefuck,C:\Users\Zhifei Chen\Desktop\pysmell\subjects_for_metrics\thefuck\tests\rules\test_git_push_force.py,36,1,0,0,0
thefuck,C:\Users\Zhifei Chen\Desktop\pysmell\subjects_for_metrics\thefuck\tests\rules\test_git_push_force.py,47,2,0,0,0
thefuck,C:\Users\Zhifei Chen\Desktop\pysmell\subjects_for_metrics\thefuck\tests\rules\test_git_push_pull.py,28,1,0,0,0
thefuck,C:\Users\Zhifei Chen\Desktop\pysmell\subjects_for_metrics\thefuck\tests\rules\test_git_push_pull.py,36,1,0,0,0
thefuck,C:\Users\Zhifei Chen\Desktop\pysmell\subjects_for_metrics\thefuck\tests\rules\test_git_push_pull.py,47,2,0,0,0
thefuck,C:\Users\Zhifei Chen\Desktop\pysmell\subjects_for_metrics\thefuck\tests\rules\test_git_stash.py,17,1,0,0,0
thefuck,C:\Users\Zhifei Chen\Desktop\pysmell\subjects_for_metrics\thefuck\tests\rules\test_git_stash.py,24,1,0,0,0
thefuck,C:\Users\Zhifei Chen\Desktop\pysmell\subjects_for_metrics\thefuck\tests\rules\test_git_stash.py,31,2,0,0,0
thefuck,C:\Users\Zhifei Chen\Desktop\pysmell\subjects_for_metrics\thefuck\tests\rules\test_git_two_dashes.py,6,1,0,0,0
thefuck,C:\Users\Zhifei Chen\Desktop\pysmell\subjects_for_metrics\thefuck\tests\rules\test_git_two_dashes.py,11,1,0,0,0
thefuck,C:\Users\Zhifei Chen\Desktop\pysmell\subjects_for_metrics\thefuck\tests\rules\test_git_two_dashes.py,21,1,0,0,0
thefuck,C:\Users\Zhifei Chen\Desktop\pysmell\subjects_for_metrics\thefuck\tests\rules\test_git_two_dashes.py,31,2,0,0,0
thefuck,C:\Users\Zhifei Chen\Desktop\pysmell\subjects_for_metrics\thefuck\tests\rules\test_go_run.py,6,1,0,0,0
thefuck,C:\Users\Zhifei Chen\Desktop\pysmell\subjects_for_metrics\thefuck\tests\rules\test_go_run.py,13,2,0,0,0
thefuck,C:\Users\Zhifei Chen\Desktop\pysmell\subjects_for_metrics\thefuck\tests\rules\test_grep_recursive.py,5,1,0,0,0
thefuck,C:\Users\Zhifei Chen\Desktop\pysmell\subjects_for_metrics\thefuck\tests\rules\test_grep_recursive.py,10,1,0,0,0
thefuck,C:\Users\Zhifei Chen\Desktop\pysmell\subjects_for_metrics\thefuck\tests\rules\test_gulp_not_task.py,6,1,0,0,0
thefuck,C:\Users\Zhifei Chen\Desktop\pysmell\subjects_for_metrics\thefuck\tests\rules\test_gulp_not_task.py,13,1,0,0,0
thefuck,C:\Users\Zhifei Chen\Desktop\pysmell\subjects_for_metrics\thefuck\tests\rules\test_gulp_not_task.py,17,2,0,0,0
thefuck,C:\Users\Zhifei Chen\Desktop\pysmell\subjects_for_metrics\thefuck\tests\rules\test_gulp_not_task.py,24,1,0,0,0
thefuck,C:\Users\Zhifei Chen\Desktop\pysmell\subjects_for_metrics\thefuck\tests\rules\test_has_exists_script.py,5,1,0,0,0
thefuck,C:\Users\Zhifei Chen\Desktop\pysmell\subjects_for_metrics\thefuck\tests\rules\test_has_exists_script.py,16,1,0,0,0
thefuck,C:\Users\Zhifei Chen\Desktop\pysmell\subjects_for_metrics\thefuck\tests\rules\test_heroku_not_command.py,6,1,0,0,0
thefuck,C:\Users\Zhifei Chen\Desktop\pysmell\subjects_for_metrics\thefuck\tests\rules\test_heroku_not_command.py,16,1,0,0,0
thefuck,C:\Users\Zhifei Chen\Desktop\pysmell\subjects_for_metrics\thefuck\tests\rules\test_heroku_not_command.py,22,2,0,0,0
thefuck,C:\Users\Zhifei Chen\Desktop\pysmell\subjects_for_metrics\thefuck\tests\rules\test_heroku_not_command.py,29,2,0,0,0
thefuck,C:\Users\Zhifei Chen\Desktop\pysmell\subjects_for_metrics\thefuck\tests\rules\test_history.py,6,1,0,0,0
thefuck,C:\Users\Zhifei Chen\Desktop\pysmell\subjects_for_metrics\thefuck\tests\rules\test_history.py,13,1,0,0,0
thefuck,C:\Users\Zhifei Chen\Desktop\pysmell\subjects_for_metrics\thefuck\tests\rules\test_history.py,19,1,0,0,0
thefuck,C:\Users\Zhifei Chen\Desktop\pysmell\subjects_for_metrics\thefuck\tests\rules\test_history.py,25,1,0,0,0
thefuck,C:\Users\Zhifei Chen\Desktop\pysmell\subjects_for_metrics\thefuck\tests\rules\test_history.py,31,1,0,0,0
thefuck,C:\Users\Zhifei Chen\Desktop\pysmell\subjects_for_metrics\thefuck\tests\rules\test_history.py,37,2,0,0,0
thefuck,C:\Users\Zhifei Chen\Desktop\pysmell\subjects_for_metrics\thefuck\tests\rules\test_java.py,6,1,0,0,0
thefuck,C:\Users\Zhifei Chen\Desktop\pysmell\subjects_for_metrics\thefuck\tests\rules\test_java.py,13,2,0,0,0
thefuck,C:\Users\Zhifei Chen\Desktop\pysmell\subjects_for_metrics\thefuck\tests\rules\test_javac.py,6,1,0,0,0
thefuck,C:\Users\Zhifei Chen\Desktop\pysmell\subjects_for_metrics\thefuck\tests\rules\test_javac.py,13,2,0,0,0
thefuck,C:\Users\Zhifei Chen\Desktop\pysmell\subjects_for_metrics\thefuck\tests\rules\test_lein_not_task.py,6,1,0,0,0
thefuck,C:\Users\Zhifei Chen\Desktop\pysmell\subjects_for_metrics\thefuck\tests\rules\test_lein_not_task.py,16,1,0,0,0
thefuck,C:\Users\Zhifei Chen\Desktop\pysmell\subjects_for_metrics\thefuck\tests\rules\test_lein_not_task.py,21,1,0,0,0
thefuck,C:\Users\Zhifei Chen\Desktop\pysmell\subjects_for_metrics\thefuck\tests\rules\test_ls_lah.py,5,1,0,0,0
thefuck,C:\Users\Zhifei Chen\Desktop\pysmell\subjects_for_metrics\thefuck\tests\rules\test_ls_lah.py,14,1,0,0,0
thefuck,C:\Users\Zhifei Chen\Desktop\pysmell\subjects_for_metrics\thefuck\tests\rules\test_man.py,6,1,0,0,0
thefuck,C:\Users\Zhifei Chen\Desktop\pysmell\subjects_for_metrics\thefuck\tests\rules\test_man.py,18,1,0,0,0
thefuck,C:\Users\Zhifei Chen\Desktop\pysmell\subjects_for_metrics\thefuck\tests\rules\test_man.py,25,2,0,0,0
thefuck,C:\Users\Zhifei Chen\Desktop\pysmell\subjects_for_metrics\thefuck\tests\rules\test_man_no_space.py,5,1,0,0,0
thefuck,C:\Users\Zhifei Chen\Desktop\pysmell\subjects_for_metrics\thefuck\tests\rules\test_man_no_space.py,10,1,0,0,0
thefuck,C:\Users\Zhifei Chen\Desktop\pysmell\subjects_for_metrics\thefuck\tests\rules\test_mercurial.py,9,1,0,0,0
thefuck,C:\Users\Zhifei Chen\Desktop\pysmell\subjects_for_metrics\thefuck\tests\rules\test_mercurial.py,43,1,0,0,0
thefuck,C:\Users\Zhifei Chen\Desktop\pysmell\subjects_for_metrics\thefuck\tests\rules\test_mercurial.py,69,2,0,0,0
thefuck,C:\Users\Zhifei Chen\Desktop\pysmell\subjects_for_metrics\thefuck\tests\rules\test_mercurial.py,103,2,0,0,0
thefuck,C:\Users\Zhifei Chen\Desktop\pysmell\subjects_for_metrics\thefuck\tests\rules\test_mkdir_p.py,6,1,0,0,0
thefuck,C:\Users\Zhifei Chen\Desktop\pysmell\subjects_for_metrics\thefuck\tests\rules\test_mkdir_p.py,15,1,0,0,0
thefuck,C:\Users\Zhifei Chen\Desktop\pysmell\subjects_for_metrics\thefuck\tests\rules\test_mkdir_p.py,25,2,0,0,0
thefuck,C:\Users\Zhifei Chen\Desktop\pysmell\subjects_for_metrics\thefuck\tests\rules\test_mvn_no_command.py,6,1,0,0,0
thefuck,C:\Users\Zhifei Chen\Desktop\pysmell\subjects_for_metrics\thefuck\tests\rules\test_mvn_no_command.py,12,1,0,0,0
thefuck,C:\Users\Zhifei Chen\Desktop\pysmell\subjects_for_metrics\thefuck\tests\rules\test_mvn_no_command.py,35,2,0,0,0
thefuck,C:\Users\Zhifei Chen\Desktop\pysmell\subjects_for_metrics\thefuck\tests\rules\test_mvn_unknown_lifecycle_phase.py,6,1,0,0,0
thefuck,C:\Users\Zhifei Chen\Desktop\pysmell\subjects_for_metrics\thefuck\tests\rules\test_mvn_unknown_lifecycle_phase.py,12,1,0,0,0
thefuck,C:\Users\Zhifei Chen\Desktop\pysmell\subjects_for_metrics\thefuck\tests\rules\test_mvn_unknown_lifecycle_phase.py,35,2,0,0,0
thefuck,C:\Users\Zhifei Chen\Desktop\pysmell\subjects_for_metrics\thefuck\tests\rules\test_no_command.py,6,1,0,0,0
thefuck,C:\Users\Zhifei Chen\Desktop\pysmell\subjects_for_metrics\thefuck\tests\rules\test_no_command.py,12,1,0,0,0
thefuck,C:\Users\Zhifei Chen\Desktop\pysmell\subjects_for_metrics\thefuck\tests\rules\test_no_command.py,20,1,0,0,0
thefuck,C:\Users\Zhifei Chen\Desktop\pysmell\subjects_for_metrics\thefuck\tests\rules\test_no_such_file.py,6,1,0,0,0
thefuck,C:\Users\Zhifei Chen\Desktop\pysmell\subjects_for_metrics\thefuck\tests\rules\test_no_such_file.py,14,1,0,0,0
thefuck,C:\Users\Zhifei Chen\Desktop\pysmell\subjects_for_metrics\thefuck\tests\rules\test_no_such_file.py,22,2,0,0,0
thefuck,C:\Users\Zhifei Chen\Desktop\pysmell\subjects_for_metrics\thefuck\tests\rules\test_open.py,6,1,0,0,0
thefuck,C:\Users\Zhifei Chen\Desktop\pysmell\subjects_for_metrics\thefuck\tests\rules\test_open.py,20,2,0,0,0
thefuck,C:\Users\Zhifei Chen\Desktop\pysmell\subjects_for_metrics\thefuck\tests\rules\test_pacman.py,20,1,0,0,0
thefuck,C:\Users\Zhifei Chen\Desktop\pysmell\subjects_for_metrics\thefuck\tests\rules\test_pacman.py,29,3,0,0,0
thefuck,C:\Users\Zhifei Chen\Desktop\pysmell\subjects_for_metrics\thefuck\tests\rules\test_pacman.py,39,1,0,0,0
thefuck,C:\Users\Zhifei Chen\Desktop\pysmell\subjects_for_metrics\thefuck\tests\rules\test_pacman.py,61,3,0,0,0
thefuck,C:\Users\Zhifei Chen\Desktop\pysmell\subjects_for_metrics\thefuck\tests\rules\test_pacman.py,72,4,0,1,0
thefuck,C:\Users\Zhifei Chen\Desktop\pysmell\subjects_for_metrics\thefuck\tests\rules\test_pacman_not_found.py,11,1,0,0,0
thefuck,C:\Users\Zhifei Chen\Desktop\pysmell\subjects_for_metrics\thefuck\tests\rules\test_pacman_not_found.py,21,2,0,0,0
thefuck,C:\Users\Zhifei Chen\Desktop\pysmell\subjects_for_metrics\thefuck\tests\rules\test_pacman_not_found.py,31,2,0,0,0
thefuck,C:\Users\Zhifei Chen\Desktop\pysmell\subjects_for_metrics\thefuck\tests\rules\test_pacman_not_found.py,41,3,0,0,0
thefuck,C:\Users\Zhifei Chen\Desktop\pysmell\subjects_for_metrics\thefuck\tests\rules\test_pip_unknown_command.py,6,1,0,0,0
thefuck,C:\Users\Zhifei Chen\Desktop\pysmell\subjects_for_metrics\thefuck\tests\rules\test_pip_unknown_command.py,11,1,0,0,0
thefuck,C:\Users\Zhifei Chen\Desktop\pysmell\subjects_for_metrics\thefuck\tests\rules\test_pip_unknown_command.py,16,2,0,0,0
thefuck,C:\Users\Zhifei Chen\Desktop\pysmell\subjects_for_metrics\thefuck\tests\rules\test_pip_unknown_command.py,22,1,0,0,0
thefuck,C:\Users\Zhifei Chen\Desktop\pysmell\subjects_for_metrics\thefuck\tests\rules\test_python_command.py,5,1,0,0,0
thefuck,C:\Users\Zhifei Chen\Desktop\pysmell\subjects_for_metrics\thefuck\tests\rules\test_python_command.py,10,1,0,0,0
thefuck,C:\Users\Zhifei Chen\Desktop\pysmell\subjects_for_metrics\thefuck\tests\rules\test_python_execute.py,6,1,0,0,0
thefuck,C:\Users\Zhifei Chen\Desktop\pysmell\subjects_for_metrics\thefuck\tests\rules\test_python_execute.py,13,2,0,0,0
thefuck,C:\Users\Zhifei Chen\Desktop\pysmell\subjects_for_metrics\thefuck\tests\rules\test_quotation_marks.py,6,1,0,0,0
thefuck,C:\Users\Zhifei Chen\Desktop\pysmell\subjects_for_metrics\thefuck\tests\rules\test_quotation_marks.py,14,2,0,0,0
thefuck,C:\Users\Zhifei Chen\Desktop\pysmell\subjects_for_metrics\thefuck\tests\rules\test_rm_dir.py,6,1,0,0,0
thefuck,C:\Users\Zhifei Chen\Desktop\pysmell\subjects_for_metrics\thefuck\tests\rules\test_rm_dir.py,16,1,0,0,0
thefuck,C:\Users\Zhifei Chen\Desktop\pysmell\subjects_for_metrics\thefuck\tests\rules\test_rm_dir.py,25,2,0,0,0
thefuck,C:\Users\Zhifei Chen\Desktop\pysmell\subjects_for_metrics\thefuck\tests\rules\test_rm_root.py,6,1,0,0,0
thefuck,C:\Users\Zhifei Chen\Desktop\pysmell\subjects_for_metrics\thefuck\tests\rules\test_rm_root.py,11,1,0,0,0
thefuck,C:\Users\Zhifei Chen\Desktop\pysmell\subjects_for_metrics\thefuck\tests\rules\test_rm_root.py,19,1,0,0,0
thefuck,C:\Users\Zhifei Chen\Desktop\pysmell\subjects_for_metrics\thefuck\tests\rules\test_sed_unterminated_s.py,6,1,0,0,0
thefuck,C:\Users\Zhifei Chen\Desktop\pysmell\subjects_for_metrics\thefuck\tests\rules\test_sed_unterminated_s.py,11,1,0,0,0
thefuck,C:\Users\Zhifei Chen\Desktop\pysmell\subjects_for_metrics\thefuck\tests\rules\test_sed_unterminated_s.py,20,1,0,0,0
thefuck,C:\Users\Zhifei Chen\Desktop\pysmell\subjects_for_metrics\thefuck\tests\rules\test_sl_ls.py,6,1,0,0,0
thefuck,C:\Users\Zhifei Chen\Desktop\pysmell\subjects_for_metrics\thefuck\tests\rules\test_sl_ls.py,11,1,0,0,0
thefuck,C:\Users\Zhifei Chen\Desktop\pysmell\subjects_for_metrics\thefuck\tests\rules\test_ssh_known_host.py,9,1,0,0,0
thefuck,C:\Users\Zhifei Chen\Desktop\pysmell\subjects_for_metrics\thefuck\tests\rules\test_ssh_known_host.py,13,1,0,0,0
thefuck,C:\Users\Zhifei Chen\Desktop\pysmell\subjects_for_metrics\thefuck\tests\rules\test_ssh_known_host.py,22,1,0,0,0
thefuck,C:\Users\Zhifei Chen\Desktop\pysmell\subjects_for_metrics\thefuck\tests\rules\test_ssh_known_host.py,45,1,0,0,0
thefuck,C:\Users\Zhifei Chen\Desktop\pysmell\subjects_for_metrics\thefuck\tests\rules\test_ssh_known_host.py,56,1,0,0,0
thefuck,C:\Users\Zhifei Chen\Desktop\pysmell\subjects_for_metrics\thefuck\tests\rules\test_ssh_known_host.py,64,2,0,0,0
thefuck,C:\Users\Zhifei Chen\Desktop\pysmell\subjects_for_metrics\thefuck\tests\rules\test_sudo.py,6,2,0,0,0
thefuck,C:\Users\Zhifei Chen\Desktop\pysmell\subjects_for_metrics\thefuck\tests\rules\test_sudo.py,20,1,0,0,0
thefuck,C:\Users\Zhifei Chen\Desktop\pysmell\subjects_for_metrics\thefuck\tests\rules\test_sudo.py,24,2,0,0,0
thefuck,C:\Users\Zhifei Chen\Desktop\pysmell\subjects_for_metrics\thefuck\tests\rules\test_switch_lang.py,8,1,0,0,0
thefuck,C:\Users\Zhifei Chen\Desktop\pysmell\subjects_for_metrics\thefuck\tests\rules\test_switch_lang.py,15,1,0,0,0
thefuck,C:\Users\Zhifei Chen\Desktop\pysmell\subjects_for_metrics\thefuck\tests\rules\test_switch_lang.py,24,2,0,0,0
thefuck,C:\Users\Zhifei Chen\Desktop\pysmell\subjects_for_metrics\thefuck\tests\rules\test_systemctl.py,6,1,0,0,0
thefuck,C:\Users\Zhifei Chen\Desktop\pysmell\subjects_for_metrics\thefuck\tests\rules\test_systemctl.py,16,1,0,0,0
thefuck,C:\Users\Zhifei Chen\Desktop\pysmell\subjects_for_metrics\thefuck\tests\rules\test_tmux.py,6,1,0,0,0
thefuck,C:\Users\Zhifei Chen\Desktop\pysmell\subjects_for_metrics\thefuck\tests\rules\test_tmux.py,13,1,0,0,0
thefuck,C:\Users\Zhifei Chen\Desktop\pysmell\subjects_for_metrics\thefuck\tests\rules\test_tmux.py,17,1,0,0,0
thefuck,C:\Users\Zhifei Chen\Desktop\pysmell\subjects_for_metrics\thefuck\tests\rules\test_tsuru_login.py,13,1,0,0,0
thefuck,C:\Users\Zhifei Chen\Desktop\pysmell\subjects_for_metrics\thefuck\tests\rules\test_tsuru_login.py,21,1,0,0,0
thefuck,C:\Users\Zhifei Chen\Desktop\pysmell\subjects_for_metrics\thefuck\tests\rules\test_tsuru_login.py,30,2,0,0,0
thefuck,C:\Users\Zhifei Chen\Desktop\pysmell\subjects_for_metrics\thefuck\tests\rules\test_tsuru_not_command.py,7,1,0,0,0
thefuck,C:\Users\Zhifei Chen\Desktop\pysmell\subjects_for_metrics\thefuck\tests\rules\test_tsuru_not_command.py,36,1,0,0,0
thefuck,C:\Users\Zhifei Chen\Desktop\pysmell\subjects_for_metrics\thefuck\tests\rules\test_tsuru_not_command.py,64,2,0,0,0
thefuck,C:\Users\Zhifei Chen\Desktop\pysmell\subjects_for_metrics\thefuck\tests\rules\test_unknown_command.py,6,1,0,0,0
thefuck,C:\Users\Zhifei Chen\Desktop\pysmell\subjects_for_metrics\thefuck\tests\rules\test_unknown_command.py,15,1,0,0,0
thefuck,C:\Users\Zhifei Chen\Desktop\pysmell\subjects_for_metrics\thefuck\tests\rules\test_unknown_command.py,24,2,0,0,0
thefuck,C:\Users\Zhifei Chen\Desktop\pysmell\subjects_for_metrics\thefuck\tests\rules\test_vagrant_up.py,6,1,0,0,0
thefuck,C:\Users\Zhifei Chen\Desktop\pysmell\subjects_for_metrics\thefuck\tests\rules\test_vagrant_up.py,17,1,0,0,0
thefuck,C:\Users\Zhifei Chen\Desktop\pysmell\subjects_for_metrics\thefuck\tests\rules\test_vagrant_up.py,26,2,0,0,0
thefuck,C:\Users\Zhifei Chen\Desktop\pysmell\subjects_for_metrics\thefuck\tests\rules\test_whois.py,6,1,0,0,0
thefuck,C:\Users\Zhifei Chen\Desktop\pysmell\subjects_for_metrics\thefuck\tests\rules\test_whois.py,14,1,0,0,0
thefuck,C:\Users\Zhifei Chen\Desktop\pysmell\subjects_for_metrics\thefuck\tests\rules\test_whois.py,19,2,0,0,0
thefuck,C:\Users\Zhifei Chen\Desktop\pysmell\subjects_for_metrics\thefuck\tests\specific\test_git.py,6,3,0,0,0
thefuck,C:\Users\Zhifei Chen\Desktop\pysmell\subjects_for_metrics\thefuck\tests\specific\test_git.py,11,1,0,0,0
thefuck,C:\Users\Zhifei Chen\Desktop\pysmell\subjects_for_metrics\thefuck\tests\specific\test_git.py,18,2,0,0,0
thefuck,C:\Users\Zhifei Chen\Desktop\pysmell\subjects_for_metrics\thefuck\tests\specific\test_git.py,27,1,0,0,0
thefuck,C:\Users\Zhifei Chen\Desktop\pysmell\subjects_for_metrics\thefuck\tests\specific\test_sudo.py,7,4,0,1,0
thefuck,C:\Users\Zhifei Chen\Desktop\pysmell\subjects_for_metrics\thefuck\tests\specific\test_sudo.py,16,1,0,0,0
thefuck,C:\Users\Zhifei Chen\Desktop\pysmell\subjects_for_metrics\thefuck\thefuck\conf.py,43,2,0,0,0
thefuck,C:\Users\Zhifei Chen\Desktop\pysmell\subjects_for_metrics\thefuck\thefuck\conf.py,46,3,0,0,0
thefuck,C:\Users\Zhifei Chen\Desktop\pysmell\subjects_for_metrics\thefuck\thefuck\conf.py,49,1,0,0,0
thefuck,C:\Users\Zhifei Chen\Desktop\pysmell\subjects_for_metrics\thefuck\thefuck\conf.py,66,1,0,0,0
thefuck,C:\Users\Zhifei Chen\Desktop\pysmell\subjects_for_metrics\thefuck\thefuck\conf.py,74,1,0,0,0
thefuck,C:\Users\Zhifei Chen\Desktop\pysmell\subjects_for_metrics\thefuck\thefuck\conf.py,82,1,0,0,0
thefuck,C:\Users\Zhifei Chen\Desktop\pysmell\subjects_for_metrics\thefuck\thefuck\conf.py,90,2,0,0,0
thefuck,C:\Users\Zhifei Chen\Desktop\pysmell\subjects_for_metrics\thefuck\thefuck\conf.py,97,2,0,0,0
thefuck,C:\Users\Zhifei Chen\Desktop\pysmell\subjects_for_metrics\thefuck\thefuck\conf.py,106,3,0,0,0
thefuck,C:\Users\Zhifei Chen\Desktop\pysmell\subjects_for_metrics\thefuck\thefuck\conf.py,120,1,0,0,0
thefuck,C:\Users\Zhifei Chen\Desktop\pysmell\subjects_for_metrics\thefuck\thefuck\corrector.py,7,1,0,0,0
thefuck,C:\Users\Zhifei Chen\Desktop\pysmell\subjects_for_metrics\thefuck\thefuck\corrector.py,21,1,0,0,0
thefuck,C:\Users\Zhifei Chen\Desktop\pysmell\subjects_for_metrics\thefuck\thefuck\corrector.py,35,1,0,0,0
thefuck,C:\Users\Zhifei Chen\Desktop\pysmell\subjects_for_metrics\thefuck\thefuck\corrector.py,64,1,0,0,0
thefuck,C:\Users\Zhifei Chen\Desktop\pysmell\subjects_for_metrics\thefuck\thefuck\logs.py,11,1,0,0,0
thefuck,C:\Users\Zhifei Chen\Desktop\pysmell\subjects_for_metrics\thefuck\thefuck\logs.py,19,2,0,0,0
thefuck,C:\Users\Zhifei Chen\Desktop\pysmell\subjects_for_metrics\thefuck\thefuck\logs.py,30,2,0,0,0
thefuck,C:\Users\Zhifei Chen\Desktop\pysmell\subjects_for_metrics\thefuck\thefuck\logs.py,34,1,0,0,0
thefuck,C:\Users\Zhifei Chen\Desktop\pysmell\subjects_for_metrics\thefuck\thefuck\logs.py,41,1,0,0,0
thefuck,C:\Users\Zhifei Chen\Desktop\pysmell\subjects_for_metrics\thefuck\thefuck\logs.py,49,1,0,0,0
thefuck,C:\Users\Zhifei Chen\Desktop\pysmell\subjects_for_metrics\thefuck\thefuck\logs.py,64,1,0,0,0
thefuck,C:\Users\Zhifei Chen\Desktop\pysmell\subjects_for_metrics\thefuck\thefuck\logs.py,73,1,0,0,0
thefuck,C:\Users\Zhifei Chen\Desktop\pysmell\subjects_for_metrics\thefuck\thefuck\logs.py,82,1,0,0,0
thefuck,C:\Users\Zhifei Chen\Desktop\pysmell\subjects_for_metrics\thefuck\thefuck\main.py,14,1,0,0,0
thefuck,C:\Users\Zhifei Chen\Desktop\pysmell\subjects_for_metrics\thefuck\thefuck\main.py,34,0,0,0,0
thefuck,C:\Users\Zhifei Chen\Desktop\pysmell\subjects_for_metrics\thefuck\thefuck\main.py,48,1,0,0,0
thefuck,C:\Users\Zhifei Chen\Desktop\pysmell\subjects_for_metrics\thefuck\thefuck\main.py,59,1,0,0,0
thefuck,C:\Users\Zhifei Chen\Desktop\pysmell\subjects_for_metrics\thefuck\thefuck\shells.py,17,1,0,0,0
thefuck,C:\Users\Zhifei Chen\Desktop\pysmell\subjects_for_metrics\thefuck\thefuck\shells.py,20,2,0,0,0
thefuck,C:\Users\Zhifei Chen\Desktop\pysmell\subjects_for_metrics\thefuck\thefuck\shells.py,28,2,0,0,0
thefuck,C:\Users\Zhifei Chen\Desktop\pysmell\subjects_for_metrics\thefuck\thefuck\shells.py,32,2,0,0,0
thefuck,C:\Users\Zhifei Chen\Desktop\pysmell\subjects_for_metrics\thefuck\thefuck\shells.py,36,2,0,0,0
thefuck,C:\Users\Zhifei Chen\Desktop\pysmell\subjects_for_metrics\thefuck\thefuck\shells.py,39,1,0,0,0
thefuck,C:\Users\Zhifei Chen\Desktop\pysmell\subjects_for_metrics\thefuck\thefuck\shells.py,42,2,0,0,0
thefuck,C:\Users\Zhifei Chen\Desktop\pysmell\subjects_for_metrics\thefuck\thefuck\shells.py,45,2,0,0,0
thefuck,C:\Users\Zhifei Chen\Desktop\pysmell\subjects_for_metrics\thefuck\thefuck\shells.py,52,2,0,0,0
thefuck,C:\Users\Zhifei Chen\Desktop\pysmell\subjects_for_metrics\thefuck\thefuck\shells.py,60,1,0,0,0
thefuck,C:\Users\Zhifei Chen\Desktop\pysmell\subjects_for_metrics\thefuck\thefuck\shells.py,72,2,0,0,0
thefuck,C:\Users\Zhifei Chen\Desktop\pysmell\subjects_for_metrics\thefuck\thefuck\shells.py,75,1,0,0,0
thefuck,C:\Users\Zhifei Chen\Desktop\pysmell\subjects_for_metrics\thefuck\thefuck\shells.py,80,2,0,0,0
thefuck,C:\Users\Zhifei Chen\Desktop\pysmell\subjects_for_metrics\thefuck\thefuck\shells.py,84,2,0,0,0
thefuck,C:\Users\Zhifei Chen\Desktop\pysmell\subjects_for_metrics\thefuck\thefuck\shells.py,90,1,0,0,0
thefuck,C:\Users\Zhifei Chen\Desktop\pysmell\subjects_for_metrics\thefuck\thefuck\shells.py,99,1,0,0,0
thefuck,C:\Users\Zhifei Chen\Desktop\pysmell\subjects_for_metrics\thefuck\thefuck\shells.py,103,2,0,0,0
thefuck,C:\Users\Zhifei Chen\Desktop\pysmell\subjects_for_metrics\thefuck\thefuck\shells.py,106,2,0,0,0
thefuck,C:\Users\Zhifei Chen\Desktop\pysmell\subjects_for_metrics\thefuck\thefuck\shells.py,109,1,0,0,0
thefuck,C:\Users\Zhifei Chen\Desktop\pysmell\subjects_for_metrics\thefuck\thefuck\shells.py,121,1,0,0,0
thefuck,C:\Users\Zhifei Chen\Desktop\pysmell\subjects_for_metrics\thefuck\thefuck\shells.py,128,2,0,0,0
thefuck,C:\Users\Zhifei Chen\Desktop\pysmell\subjects_for_metrics\thefuck\thefuck\shells.py,144,1,0,0,0
thefuck,C:\Users\Zhifei Chen\Desktop\pysmell\subjects_for_metrics\thefuck\thefuck\shells.py,151,2,0,0,0
thefuck,C:\Users\Zhifei Chen\Desktop\pysmell\subjects_for_metrics\thefuck\thefuck\shells.py,159,2,0,0,0
thefuck,C:\Users\Zhifei Chen\Desktop\pysmell\subjects_for_metrics\thefuck\thefuck\shells.py,163,1,0,0,0
thefuck,C:\Users\Zhifei Chen\Desktop\pysmell\subjects_for_metrics\thefuck\thefuck\shells.py,166,2,0,0,0
thefuck,C:\Users\Zhifei Chen\Desktop\pysmell\subjects_for_metrics\thefuck\thefuck\shells.py,169,2,0,0,0
thefuck,C:\Users\Zhifei Chen\Desktop\pysmell\subjects_for_metrics\thefuck\thefuck\shells.py,172,1,0,0,0
thefuck,C:\Users\Zhifei Chen\Desktop\pysmell\subjects_for_metrics\thefuck\thefuck\shells.py,177,2,0,0,0
thefuck,C:\Users\Zhifei Chen\Desktop\pysmell\subjects_for_metrics\thefuck\thefuck\shells.py,182,2,0,0,0
thefuck,C:\Users\Zhifei Chen\Desktop\pysmell\subjects_for_metrics\thefuck\thefuck\shells.py,188,1,0,0,0
thefuck,C:\Users\Zhifei Chen\Desktop\pysmell\subjects_for_metrics\thefuck\thefuck\shells.py,197,1,0,0,0
thefuck,C:\Users\Zhifei Chen\Desktop\pysmell\subjects_for_metrics\thefuck\thefuck\shells.py,201,2,0,0,0
thefuck,C:\Users\Zhifei Chen\Desktop\pysmell\subjects_for_metrics\thefuck\thefuck\shells.py,204,2,0,0,0
thefuck,C:\Users\Zhifei Chen\Desktop\pysmell\subjects_for_metrics\thefuck\thefuck\shells.py,210,1,0,0,0
thefuck,C:\Users\Zhifei Chen\Desktop\pysmell\subjects_for_metrics\thefuck\thefuck\shells.py,215,2,0,0,0
thefuck,C:\Users\Zhifei Chen\Desktop\pysmell\subjects_for_metrics\thefuck\thefuck\shells.py,220,2,0,0,0
thefuck,C:\Users\Zhifei Chen\Desktop\pysmell\subjects_for_metrics\thefuck\thefuck\shells.py,224,1,0,0,0
thefuck,C:\Users\Zhifei Chen\Desktop\pysmell\subjects_for_metrics\thefuck\thefuck\shells.py,232,1,0,0,0
thefuck,C:\Users\Zhifei Chen\Desktop\pysmell\subjects_for_metrics\thefuck\thefuck\shells.py,236,2,0,0,0
thefuck,C:\Users\Zhifei Chen\Desktop\pysmell\subjects_for_metrics\thefuck\thefuck\shells.py,239,1,0,0,0
thefuck,C:\Users\Zhifei Chen\Desktop\pysmell\subjects_for_metrics\thefuck\thefuck\shells.py,251,1,0,0,0
thefuck,C:\Users\Zhifei Chen\Desktop\pysmell\subjects_for_metrics\thefuck\thefuck\shells.py,260,1,0,0,0
thefuck,C:\Users\Zhifei Chen\Desktop\pysmell\subjects_for_metrics\thefuck\thefuck\shells.py,264,1,0,0,0
thefuck,C:\Users\Zhifei Chen\Desktop\pysmell\subjects_for_metrics\thefuck\thefuck\shells.py,268,1,0,0,0
thefuck,C:\Users\Zhifei Chen\Desktop\pysmell\subjects_for_metrics\thefuck\thefuck\shells.py,272,1,0,0,0
thefuck,C:\Users\Zhifei Chen\Desktop\pysmell\subjects_for_metrics\thefuck\thefuck\shells.py,276,1,0,0,0
thefuck,C:\Users\Zhifei Chen\Desktop\pysmell\subjects_for_metrics\thefuck\thefuck\shells.py,280,1,0,0,0
thefuck,C:\Users\Zhifei Chen\Desktop\pysmell\subjects_for_metrics\thefuck\thefuck\shells.py,284,1,0,0,0
thefuck,C:\Users\Zhifei Chen\Desktop\pysmell\subjects_for_metrics\thefuck\thefuck\shells.py,288,1,0,0,0
thefuck,C:\Users\Zhifei Chen\Desktop\pysmell\subjects_for_metrics\thefuck\thefuck\shells.py,292,1,0,0,0
thefuck,C:\Users\Zhifei Chen\Desktop\pysmell\subjects_for_metrics\thefuck\thefuck\types.py,16,4,0,1,0
thefuck,C:\Users\Zhifei Chen\Desktop\pysmell\subjects_for_metrics\thefuck\thefuck\types.py,28,2,0,0,0
thefuck,C:\Users\Zhifei Chen\Desktop\pysmell\subjects_for_metrics\thefuck\thefuck\types.py,35,1,0,0,0
thefuck,C:\Users\Zhifei Chen\Desktop\pysmell\subjects_for_metrics\thefuck\thefuck\types.py,39,2,0,0,0
thefuck,C:\Users\Zhifei Chen\Desktop\pysmell\subjects_for_metrics\thefuck\thefuck\types.py,50,1,0,0,0
thefuck,C:\Users\Zhifei Chen\Desktop\pysmell\subjects_for_metrics\thefuck\thefuck\types.py,71,1,0,0,0
thefuck,C:\Users\Zhifei Chen\Desktop\pysmell\subjects_for_metrics\thefuck\thefuck\types.py,87,2,0,0,0
thefuck,C:\Users\Zhifei Chen\Desktop\pysmell\subjects_for_metrics\thefuck\thefuck\types.py,121,8,1,1,1
thefuck,C:\Users\Zhifei Chen\Desktop\pysmell\subjects_for_metrics\thefuck\thefuck\types.py,143,2,0,0,0
thefuck,C:\Users\Zhifei Chen\Desktop\pysmell\subjects_for_metrics\thefuck\thefuck\types.py,154,1,0,0,0
thefuck,C:\Users\Zhifei Chen\Desktop\pysmell\subjects_for_metrics\thefuck\thefuck\types.py,162,2,0,0,0
thefuck,C:\Users\Zhifei Chen\Desktop\pysmell\subjects_for_metrics\thefuck\thefuck\types.py,181,1,0,0,0
thefuck,C:\Users\Zhifei Chen\Desktop\pysmell\subjects_for_metrics\thefuck\thefuck\types.py,197,2,0,0,0
thefuck,C:\Users\Zhifei Chen\Desktop\pysmell\subjects_for_metrics\thefuck\thefuck\types.py,216,2,0,0,0
thefuck,C:\Users\Zhifei Chen\Desktop\pysmell\subjects_for_metrics\thefuck\thefuck\types.py,235,4,0,1,0
thefuck,C:\Users\Zhifei Chen\Desktop\pysmell\subjects_for_metrics\thefuck\thefuck\types.py,247,2,0,0,0
thefuck,C:\Users\Zhifei Chen\Desktop\pysmell\subjects_for_metrics\thefuck\thefuck\types.py,255,1,0,0,0
thefuck,C:\Users\Zhifei Chen\Desktop\pysmell\subjects_for_metrics\thefuck\thefuck\types.py,258,1,0,0,0
thefuck,C:\Users\Zhifei Chen\Desktop\pysmell\subjects_for_metrics\thefuck\thefuck\types.py,262,2,0,0,0
thefuck,C:\Users\Zhifei Chen\Desktop\pysmell\subjects_for_metrics\thefuck\thefuck\ui.py,32,1,0,0,0
thefuck,C:\Users\Zhifei Chen\Desktop\pysmell\subjects_for_metrics\thefuck\thefuck\ui.py,56,2,0,0,0
thefuck,C:\Users\Zhifei Chen\Desktop\pysmell\subjects_for_metrics\thefuck\thefuck\ui.py,66,1,0,0,0
thefuck,C:\Users\Zhifei Chen\Desktop\pysmell\subjects_for_metrics\thefuck\thefuck\ui.py,71,1,0,0,0
thefuck,C:\Users\Zhifei Chen\Desktop\pysmell\subjects_for_metrics\thefuck\thefuck\ui.py,75,1,0,0,0
thefuck,C:\Users\Zhifei Chen\Desktop\pysmell\subjects_for_metrics\thefuck\thefuck\ui.py,79,1,0,0,0
thefuck,C:\Users\Zhifei Chen\Desktop\pysmell\subjects_for_metrics\thefuck\thefuck\ui.py,85,1,0,0,0
thefuck,C:\Users\Zhifei Chen\Desktop\pysmell\subjects_for_metrics\thefuck\thefuck\utils.py,26,1,0,0,0
thefuck,C:\Users\Zhifei Chen\Desktop\pysmell\subjects_for_metrics\thefuck\thefuck\utils.py,30,2,0,0,0
thefuck,C:\Users\Zhifei Chen\Desktop\pysmell\subjects_for_metrics\thefuck\thefuck\utils.py,42,1,0,0,0
thefuck,C:\Users\Zhifei Chen\Desktop\pysmell\subjects_for_metrics\thefuck\thefuck\utils.py,46,1,0,0,0
thefuck,C:\Users\Zhifei Chen\Desktop\pysmell\subjects_for_metrics\thefuck\thefuck\utils.py,63,1,0,0,0
thefuck,C:\Users\Zhifei Chen\Desktop\pysmell\subjects_for_metrics\thefuck\thefuck\utils.py,73,2,0,0,0
thefuck,C:\Users\Zhifei Chen\Desktop\pysmell\subjects_for_metrics\thefuck\thefuck\utils.py,80,2,0,0,0
thefuck,C:\Users\Zhifei Chen\Desktop\pysmell\subjects_for_metrics\thefuck\thefuck\utils.py,90,1,0,0,0
thefuck,C:\Users\Zhifei Chen\Desktop\pysmell\subjects_for_metrics\thefuck\thefuck\utils.py,94,2,0,0,0
thefuck,C:\Users\Zhifei Chen\Desktop\pysmell\subjects_for_metrics\thefuck\thefuck\utils.py,113,3,0,0,0
thefuck,C:\Users\Zhifei Chen\Desktop\pysmell\subjects_for_metrics\thefuck\thefuck\utils.py,124,3,0,0,0
thefuck,C:\Users\Zhifei Chen\Desktop\pysmell\subjects_for_metrics\thefuck\thefuck\utils.py,129,1,0,0,0
thefuck,C:\Users\Zhifei Chen\Desktop\pysmell\subjects_for_metrics\thefuck\thefuck\utils.py,139,3,0,0,0
thefuck,C:\Users\Zhifei Chen\Desktop\pysmell\subjects_for_metrics\thefuck\thefuck\utils.py,146,2,0,0,0
thefuck,C:\Users\Zhifei Chen\Desktop\pysmell\subjects_for_metrics\thefuck\thefuck\utils.py,156,1,0,0,0
thefuck,C:\Users\Zhifei Chen\Desktop\pysmell\subjects_for_metrics\thefuck\thefuck\utils.py,158,2,0,0,0
thefuck,C:\Users\Zhifei Chen\Desktop\pysmell\subjects_for_metrics\thefuck\thefuck\utils.py,167,1,0,0,0
thefuck,C:\Users\Zhifei Chen\Desktop\pysmell\subjects_for_metrics\thefuck\thefuck\utils.py,176,1,0,0,0
thefuck,C:\Users\Zhifei Chen\Desktop\pysmell\subjects_for_metrics\thefuck\thefuck\utils.py,183,3,0,0,0
thefuck,C:\Users\Zhifei Chen\Desktop\pysmell\subjects_for_metrics\thefuck\thefuck\utils.py,206,2,0,0,0
thefuck,C:\Users\Zhifei Chen\Desktop\pysmell\subjects_for_metrics\thefuck\thefuck\utils.py,227,1,0,0,0
thefuck,C:\Users\Zhifei Chen\Desktop\pysmell\subjects_for_metrics\thefuck\thefuck\rules\apt_get.py,10,1,0,0,0
thefuck,C:\Users\Zhifei Chen\Desktop\pysmell\subjects_for_metrics\thefuck\thefuck\rules\apt_get.py,23,1,0,0,0
thefuck,C:\Users\Zhifei Chen\Desktop\pysmell\subjects_for_metrics\thefuck\thefuck\rules\apt_get.py,27,1,0,0,0
thefuck,C:\Users\Zhifei Chen\Desktop\pysmell\subjects_for_metrics\thefuck\thefuck\rules\apt_get_search.py,5,1,0,0,0
thefuck,C:\Users\Zhifei Chen\Desktop\pysmell\subjects_for_metrics\thefuck\thefuck\rules\apt_get_search.py,10,1,0,0,0
thefuck,C:\Users\Zhifei Chen\Desktop\pysmell\subjects_for_metrics\thefuck\thefuck\rules\brew_install.py,10,1,0,0,0
thefuck,C:\Users\Zhifei Chen\Desktop\pysmell\subjects_for_metrics\thefuck\thefuck\rules\brew_install.py,23,1,0,0,0
thefuck,C:\Users\Zhifei Chen\Desktop\pysmell\subjects_for_metrics\thefuck\thefuck\rules\brew_install.py,27,1,0,0,0
thefuck,C:\Users\Zhifei Chen\Desktop\pysmell\subjects_for_metrics\thefuck\thefuck\rules\brew_install.py,38,1,0,0,0
thefuck,C:\Users\Zhifei Chen\Desktop\pysmell\subjects_for_metrics\thefuck\thefuck\rules\brew_unknown_command.py,11,1,0,0,0
thefuck,C:\Users\Zhifei Chen\Desktop\pysmell\subjects_for_metrics\thefuck\thefuck\rules\brew_unknown_command.py,19,1,0,0,0
thefuck,C:\Users\Zhifei Chen\Desktop\pysmell\subjects_for_metrics\thefuck\thefuck\rules\brew_unknown_command.py,42,1,0,0,0
thefuck,C:\Users\Zhifei Chen\Desktop\pysmell\subjects_for_metrics\thefuck\thefuck\rules\brew_unknown_command.py,46,1,0,0,0
thefuck,C:\Users\Zhifei Chen\Desktop\pysmell\subjects_for_metrics\thefuck\thefuck\rules\brew_unknown_command.py,51,1,0,0,0
thefuck,C:\Users\Zhifei Chen\Desktop\pysmell\subjects_for_metrics\thefuck\thefuck\rules\brew_unknown_command.py,66,1,0,0,0
thefuck,C:\Users\Zhifei Chen\Desktop\pysmell\subjects_for_metrics\thefuck\thefuck\rules\brew_unknown_command.py,77,1,0,0,0
thefuck,C:\Users\Zhifei Chen\Desktop\pysmell\subjects_for_metrics\thefuck\thefuck\rules\brew_upgrade.py,9,1,0,0,0
thefuck,C:\Users\Zhifei Chen\Desktop\pysmell\subjects_for_metrics\thefuck\thefuck\rules\brew_upgrade.py,13,1,0,0,0
thefuck,C:\Users\Zhifei Chen\Desktop\pysmell\subjects_for_metrics\thefuck\thefuck\rules\cargo.py,1,1,0,0,0
thefuck,C:\Users\Zhifei Chen\Desktop\pysmell\subjects_for_metrics\thefuck\thefuck\rules\cargo.py,5,1,0,0,0
thefuck,C:\Users\Zhifei Chen\Desktop\pysmell\subjects_for_metrics\thefuck\thefuck\rules\cargo_no_command.py,5,1,0,0,0
thefuck,C:\Users\Zhifei Chen\Desktop\pysmell\subjects_for_metrics\thefuck\thefuck\rules\cargo_no_command.py,11,1,0,0,0
thefuck,C:\Users\Zhifei Chen\Desktop\pysmell\subjects_for_metrics\thefuck\thefuck\rules\cd_correction.py,14,1,0,0,0
thefuck,C:\Users\Zhifei Chen\Desktop\pysmell\subjects_for_metrics\thefuck\thefuck\rules\cd_correction.py,19,1,0,0,0
thefuck,C:\Users\Zhifei Chen\Desktop\pysmell\subjects_for_metrics\thefuck\thefuck\rules\cd_correction.py,28,1,0,0,0
thefuck,C:\Users\Zhifei Chen\Desktop\pysmell\subjects_for_metrics\thefuck\thefuck\rules\cd_mkdir.py,7,1,0,0,0
thefuck,C:\Users\Zhifei Chen\Desktop\pysmell\subjects_for_metrics\thefuck\thefuck\rules\cd_mkdir.py,14,1,0,0,0
thefuck,C:\Users\Zhifei Chen\Desktop\pysmell\subjects_for_metrics\thefuck\thefuck\rules\cd_parent.py,11,1,0,0,0
thefuck,C:\Users\Zhifei Chen\Desktop\pysmell\subjects_for_metrics\thefuck\thefuck\rules\cd_parent.py,15,1,0,0,0
thefuck,C:\Users\Zhifei Chen\Desktop\pysmell\subjects_for_metrics\thefuck\thefuck\rules\composer_not_command.py,5,1,0,0,0
thefuck,C:\Users\Zhifei Chen\Desktop\pysmell\subjects_for_metrics\thefuck\thefuck\rules\composer_not_command.py,11,1,0,0,0
thefuck,C:\Users\Zhifei Chen\Desktop\pysmell\subjects_for_metrics\thefuck\thefuck\rules\cpp11.py,4,1,0,0,0
thefuck,C:\Users\Zhifei Chen\Desktop\pysmell\subjects_for_metrics\thefuck\thefuck\rules\cpp11.py,11,1,0,0,0
thefuck,C:\Users\Zhifei Chen\Desktop\pysmell\subjects_for_metrics\thefuck\thefuck\rules\cp_omitting_directory.py,6,1,0,0,0
thefuck,C:\Users\Zhifei Chen\Desktop\pysmell\subjects_for_metrics\thefuck\thefuck\rules\cp_omitting_directory.py,13,1,0,0,0
thefuck,C:\Users\Zhifei Chen\Desktop\pysmell\subjects_for_metrics\thefuck\thefuck\rules\dirty_untar.py,7,1,0,0,0
thefuck,C:\Users\Zhifei Chen\Desktop\pysmell\subjects_for_metrics\thefuck\thefuck\rules\dirty_untar.py,16,1,0,0,0
thefuck,C:\Users\Zhifei Chen\Desktop\pysmell\subjects_for_metrics\thefuck\thefuck\rules\dirty_untar.py,27,1,0,0,0
thefuck,C:\Users\Zhifei Chen\Desktop\pysmell\subjects_for_metrics\thefuck\thefuck\rules\dirty_untar.py,34,1,0,0,0
thefuck,C:\Users\Zhifei Chen\Desktop\pysmell\subjects_for_metrics\thefuck\thefuck\rules\dirty_untar.py,39,2,0,0,0
thefuck,C:\Users\Zhifei Chen\Desktop\pysmell\subjects_for_metrics\thefuck\thefuck\rules\dirty_unzip.py,6,1,0,0,0
thefuck,C:\Users\Zhifei Chen\Desktop\pysmell\subjects_for_metrics\thefuck\thefuck\rules\dirty_unzip.py,11,1,0,0,0
thefuck,C:\Users\Zhifei Chen\Desktop\pysmell\subjects_for_metrics\thefuck\thefuck\rules\dirty_unzip.py,24,1,0,0,0
thefuck,C:\Users\Zhifei Chen\Desktop\pysmell\subjects_for_metrics\thefuck\thefuck\rules\dirty_unzip.py,30,1,0,0,0
thefuck,C:\Users\Zhifei Chen\Desktop\pysmell\subjects_for_metrics\thefuck\thefuck\rules\dirty_unzip.py,34,2,0,0,0
thefuck,C:\Users\Zhifei Chen\Desktop\pysmell\subjects_for_metrics\thefuck\thefuck\rules\django_south_ghost.py,1,1,0,0,0
thefuck,C:\Users\Zhifei Chen\Desktop\pysmell\subjects_for_metrics\thefuck\thefuck\rules\django_south_ghost.py,7,1,0,0,0
thefuck,C:\Users\Zhifei Chen\Desktop\pysmell\subjects_for_metrics\thefuck\thefuck\rules\django_south_merge.py,1,1,0,0,0
thefuck,C:\Users\Zhifei Chen\Desktop\pysmell\subjects_for_metrics\thefuck\thefuck\rules\django_south_merge.py,7,1,0,0,0
thefuck,C:\Users\Zhifei Chen\Desktop\pysmell\subjects_for_metrics\thefuck\thefuck\rules\docker_not_command.py,8,1,0,0,0
thefuck,C:\Users\Zhifei Chen\Desktop\pysmell\subjects_for_metrics\thefuck\thefuck\rules\docker_not_command.py,14,1,0,0,0
thefuck,C:\Users\Zhifei Chen\Desktop\pysmell\subjects_for_metrics\thefuck\thefuck\rules\docker_not_command.py,23,1,0,0,0
thefuck,C:\Users\Zhifei Chen\Desktop\pysmell\subjects_for_metrics\thefuck\thefuck\rules\dry.py,1,1,0,0,0
thefuck,C:\Users\Zhifei Chen\Desktop\pysmell\subjects_for_metrics\thefuck\thefuck\rules\dry.py,7,1,0,0,0
thefuck,C:\Users\Zhifei Chen\Desktop\pysmell\subjects_for_metrics\thefuck\thefuck\rules\fix_alt_space.py,7,1,0,0,0
thefuck,C:\Users\Zhifei Chen\Desktop\pysmell\subjects_for_metrics\thefuck\thefuck\rules\fix_alt_space.py,13,1,0,0,0
thefuck,C:\Users\Zhifei Chen\Desktop\pysmell\subjects_for_metrics\thefuck\thefuck\rules\fix_file.py,38,1,0,0,0
thefuck,C:\Users\Zhifei Chen\Desktop\pysmell\subjects_for_metrics\thefuck\thefuck\rules\fix_file.py,46,1,0,0,0
thefuck,C:\Users\Zhifei Chen\Desktop\pysmell\subjects_for_metrics\thefuck\thefuck\rules\fix_file.py,54,1,0,0,0
thefuck,C:\Users\Zhifei Chen\Desktop\pysmell\subjects_for_metrics\thefuck\thefuck\rules\fix_file.py,61,1,0,0,0
thefuck,C:\Users\Zhifei Chen\Desktop\pysmell\subjects_for_metrics\thefuck\thefuck\rules\git_add.py,6,1,0,0,0
thefuck,C:\Users\Zhifei Chen\Desktop\pysmell\subjects_for_metrics\thefuck\thefuck\rules\git_add.py,12,1,0,0,0
thefuck,C:\Users\Zhifei Chen\Desktop\pysmell\subjects_for_metrics\thefuck\thefuck\rules\git_branch_delete.py,5,1,0,0,0
thefuck,C:\Users\Zhifei Chen\Desktop\pysmell\subjects_for_metrics\thefuck\thefuck\rules\git_branch_delete.py,11,1,0,0,0
thefuck,C:\Users\Zhifei Chen\Desktop\pysmell\subjects_for_metrics\thefuck\thefuck\rules\git_branch_list.py,5,1,0,0,0
thefuck,C:\Users\Zhifei Chen\Desktop\pysmell\subjects_for_metrics\thefuck\thefuck\rules\git_branch_list.py,11,1,0,0,0
thefuck,C:\Users\Zhifei Chen\Desktop\pysmell\subjects_for_metrics\thefuck\thefuck\rules\git_checkout.py,8,1,0,0,0
thefuck,C:\Users\Zhifei Chen\Desktop\pysmell\subjects_for_metrics\thefuck\thefuck\rules\git_checkout.py,14,1,0,0,0
thefuck,C:\Users\Zhifei Chen\Desktop\pysmell\subjects_for_metrics\thefuck\thefuck\rules\git_checkout.py,27,1,0,0,0
thefuck,C:\Users\Zhifei Chen\Desktop\pysmell\subjects_for_metrics\thefuck\thefuck\rules\git_diff_staged.py,5,1,0,0,0
thefuck,C:\Users\Zhifei Chen\Desktop\pysmell\subjects_for_metrics\thefuck\thefuck\rules\git_diff_staged.py,11,1,0,0,0
thefuck,C:\Users\Zhifei Chen\Desktop\pysmell\subjects_for_metrics\thefuck\thefuck\rules\git_fix_stash.py,6,1,0,0,0
thefuck,C:\Users\Zhifei Chen\Desktop\pysmell\subjects_for_metrics\thefuck\thefuck\rules\git_fix_stash.py,27,1,0,0,0
thefuck,C:\Users\Zhifei Chen\Desktop\pysmell\subjects_for_metrics\thefuck\thefuck\rules\git_not_command.py,6,1,0,0,0
thefuck,C:\Users\Zhifei Chen\Desktop\pysmell\subjects_for_metrics\thefuck\thefuck\rules\git_not_command.py,12,1,0,0,0
thefuck,C:\Users\Zhifei Chen\Desktop\pysmell\subjects_for_metrics\thefuck\thefuck\rules\git_pull.py,5,1,0,0,0
thefuck,C:\Users\Zhifei Chen\Desktop\pysmell\subjects_for_metrics\thefuck\thefuck\rules\git_pull.py,11,1,0,0,0
thefuck,C:\Users\Zhifei Chen\Desktop\pysmell\subjects_for_metrics\thefuck\thefuck\rules\git_pull_clone.py,5,1,0,0,0
thefuck,C:\Users\Zhifei Chen\Desktop\pysmell\subjects_for_metrics\thefuck\thefuck\rules\git_pull_clone.py,11,1,0,0,0
thefuck,C:\Users\Zhifei Chen\Desktop\pysmell\subjects_for_metrics\thefuck\thefuck\rules\git_push.py,4,1,0,0,0
thefuck,C:\Users\Zhifei Chen\Desktop\pysmell\subjects_for_metrics\thefuck\thefuck\rules\git_push.py,10,1,0,0,0
thefuck,C:\Users\Zhifei Chen\Desktop\pysmell\subjects_for_metrics\thefuck\thefuck\rules\git_push_force.py,5,1,0,0,0
thefuck,C:\Users\Zhifei Chen\Desktop\pysmell\subjects_for_metrics\thefuck\thefuck\rules\git_push_force.py,13,1,0,0,0
thefuck,C:\Users\Zhifei Chen\Desktop\pysmell\subjects_for_metrics\thefuck\thefuck\rules\git_push_pull.py,6,1,0,0,0
thefuck,C:\Users\Zhifei Chen\Desktop\pysmell\subjects_for_metrics\thefuck\thefuck\rules\git_push_pull.py,14,1,0,0,0
thefuck,C:\Users\Zhifei Chen\Desktop\pysmell\subjects_for_metrics\thefuck\thefuck\rules\git_stash.py,5,1,0,0,0
thefuck,C:\Users\Zhifei Chen\Desktop\pysmell\subjects_for_metrics\thefuck\thefuck\rules\git_stash.py,12,1,0,0,0
thefuck,C:\Users\Zhifei Chen\Desktop\pysmell\subjects_for_metrics\thefuck\thefuck\rules\git_two_dashes.py,5,1,0,0,0
thefuck,C:\Users\Zhifei Chen\Desktop\pysmell\subjects_for_metrics\thefuck\thefuck\rules\git_two_dashes.py,11,1,0,0,0
thefuck,C:\Users\Zhifei Chen\Desktop\pysmell\subjects_for_metrics\thefuck\thefuck\rules\go_run.py,9,1,0,0,0
thefuck,C:\Users\Zhifei Chen\Desktop\pysmell\subjects_for_metrics\thefuck\thefuck\rules\go_run.py,15,1,0,0,0
thefuck,C:\Users\Zhifei Chen\Desktop\pysmell\subjects_for_metrics\thefuck\thefuck\rules\grep_recursive.py,4,1,0,0,0
thefuck,C:\Users\Zhifei Chen\Desktop\pysmell\subjects_for_metrics\thefuck\thefuck\rules\grep_recursive.py,9,1,0,0,0
thefuck,C:\Users\Zhifei Chen\Desktop\pysmell\subjects_for_metrics\thefuck\thefuck\rules\gulp_not_task.py,6,1,0,0,0
thefuck,C:\Users\Zhifei Chen\Desktop\pysmell\subjects_for_metrics\thefuck\thefuck\rules\gulp_not_task.py,11,1,0,0,0
thefuck,C:\Users\Zhifei Chen\Desktop\pysmell\subjects_for_metrics\thefuck\thefuck\rules\gulp_not_task.py,18,1,0,0,0
thefuck,C:\Users\Zhifei Chen\Desktop\pysmell\subjects_for_metrics\thefuck\thefuck\rules\has_exists_script.py,5,1,0,0,0
thefuck,C:\Users\Zhifei Chen\Desktop\pysmell\subjects_for_metrics\thefuck\thefuck\rules\has_exists_script.py,11,1,0,0,0
thefuck,C:\Users\Zhifei Chen\Desktop\pysmell\subjects_for_metrics\thefuck\thefuck\rules\heroku_not_command.py,5,1,0,0,0
thefuck,C:\Users\Zhifei Chen\Desktop\pysmell\subjects_for_metrics\thefuck\thefuck\rules\heroku_not_command.py,11,1,0,0,0
thefuck,C:\Users\Zhifei Chen\Desktop\pysmell\subjects_for_metrics\thefuck\thefuck\rules\heroku_not_command.py,17,1,0,0,0
thefuck,C:\Users\Zhifei Chen\Desktop\pysmell\subjects_for_metrics\thefuck\thefuck\rules\history.py,6,2,0,0,0
thefuck,C:\Users\Zhifei Chen\Desktop\pysmell\subjects_for_metrics\thefuck\thefuck\rules\history.py,17,1,0,0,0
thefuck,C:\Users\Zhifei Chen\Desktop\pysmell\subjects_for_metrics\thefuck\thefuck\rules\history.py,27,1,0,0,0
thefuck,C:\Users\Zhifei Chen\Desktop\pysmell\subjects_for_metrics\thefuck\thefuck\rules\history.py,32,1,0,0,0
thefuck,C:\Users\Zhifei Chen\Desktop\pysmell\subjects_for_metrics\thefuck\thefuck\rules\java.py,11,1,0,0,0
thefuck,C:\Users\Zhifei Chen\Desktop\pysmell\subjects_for_metrics\thefuck\thefuck\rules\java.py,16,1,0,0,0
thefuck,C:\Users\Zhifei Chen\Desktop\pysmell\subjects_for_metrics\thefuck\thefuck\rules\javac.py,12,1,0,0,0
thefuck,C:\Users\Zhifei Chen\Desktop\pysmell\subjects_for_metrics\thefuck\thefuck\rules\javac.py,17,1,0,0,0
thefuck,C:\Users\Zhifei Chen\Desktop\pysmell\subjects_for_metrics\thefuck\thefuck\rules\lein_not_task.py,6,1,0,0,0
thefuck,C:\Users\Zhifei Chen\Desktop\pysmell\subjects_for_metrics\thefuck\thefuck\rules\lein_not_task.py,14,1,0,0,0
thefuck,C:\Users\Zhifei Chen\Desktop\pysmell\subjects_for_metrics\thefuck\thefuck\rules\ls_lah.py,4,1,0,0,0
thefuck,C:\Users\Zhifei Chen\Desktop\pysmell\subjects_for_metrics\thefuck\thefuck\rules\ls_lah.py,9,1,0,0,0
thefuck,C:\Users\Zhifei Chen\Desktop\pysmell\subjects_for_metrics\thefuck\thefuck\rules\man.py,1,1,0,0,0
thefuck,C:\Users\Zhifei Chen\Desktop\pysmell\subjects_for_metrics\thefuck\thefuck\rules\man.py,5,1,0,0,0
thefuck,C:\Users\Zhifei Chen\Desktop\pysmell\subjects_for_metrics\thefuck\thefuck\rules\man_no_space.py,1,1,0,0,0
thefuck,C:\Users\Zhifei Chen\Desktop\pysmell\subjects_for_metrics\thefuck\thefuck\rules\man_no_space.py,6,1,0,0,0
thefuck,C:\Users\Zhifei Chen\Desktop\pysmell\subjects_for_metrics\thefuck\thefuck\rules\mercurial.py,5,1,0,0,0
thefuck,C:\Users\Zhifei Chen\Desktop\pysmell\subjects_for_metrics\thefuck\thefuck\rules\mercurial.py,15,1,0,0,0
thefuck,C:\Users\Zhifei Chen\Desktop\pysmell\subjects_for_metrics\thefuck\thefuck\rules\mercurial.py,23,1,0,0,0
thefuck,C:\Users\Zhifei Chen\Desktop\pysmell\subjects_for_metrics\thefuck\thefuck\rules\mkdir_p.py,5,1,0,0,0
thefuck,C:\Users\Zhifei Chen\Desktop\pysmell\subjects_for_metrics\thefuck\thefuck\rules\mkdir_p.py,11,1,0,0,0
thefuck,C:\Users\Zhifei Chen\Desktop\pysmell\subjects_for_metrics\thefuck\thefuck\rules\mvn_no_command.py,4,1,0,0,0
thefuck,C:\Users\Zhifei Chen\Desktop\pysmell\subjects_for_metrics\thefuck\thefuck\rules\mvn_no_command.py,9,1,0,0,0
thefuck,C:\Users\Zhifei Chen\Desktop\pysmell\subjects_for_metrics\thefuck\thefuck\rules\mvn_unknown_lifecycle_phase.py,6,1,0,0,0
thefuck,C:\Users\Zhifei Chen\Desktop\pysmell\subjects_for_metrics\thefuck\thefuck\rules\mvn_unknown_lifecycle_phase.py,11,1,0,0,0
thefuck,C:\Users\Zhifei Chen\Desktop\pysmell\subjects_for_metrics\thefuck\thefuck\rules\mvn_unknown_lifecycle_phase.py,16,1,0,0,0
thefuck,C:\Users\Zhifei Chen\Desktop\pysmell\subjects_for_metrics\thefuck\thefuck\rules\mvn_unknown_lifecycle_phase.py,23,1,0,0,0
thefuck,C:\Users\Zhifei Chen\Desktop\pysmell\subjects_for_metrics\thefuck\thefuck\rules\no_command.py,6,1,0,0,0
thefuck,C:\Users\Zhifei Chen\Desktop\pysmell\subjects_for_metrics\thefuck\thefuck\rules\no_command.py,13,1,0,0,0
thefuck,C:\Users\Zhifei Chen\Desktop\pysmell\subjects_for_metrics\thefuck\thefuck\rules\no_such_file.py,13,1,0,0,0
thefuck,C:\Users\Zhifei Chen\Desktop\pysmell\subjects_for_metrics\thefuck\thefuck\rules\no_such_file.py,21,1,0,0,0
thefuck,C:\Users\Zhifei Chen\Desktop\pysmell\subjects_for_metrics\thefuck\thefuck\rules\open.py,11,1,0,0,0
thefuck,C:\Users\Zhifei Chen\Desktop\pysmell\subjects_for_metrics\thefuck\thefuck\rules\open.py,25,1,0,0,0
thefuck,C:\Users\Zhifei Chen\Desktop\pysmell\subjects_for_metrics\thefuck\thefuck\rules\pacman.py,5,1,0,0,0
thefuck,C:\Users\Zhifei Chen\Desktop\pysmell\subjects_for_metrics\thefuck\thefuck\rules\pacman.py,9,1,0,0,0
thefuck,C:\Users\Zhifei Chen\Desktop\pysmell\subjects_for_metrics\thefuck\thefuck\rules\pacman_not_found.py,13,1,0,0,0
thefuck,C:\Users\Zhifei Chen\Desktop\pysmell\subjects_for_metrics\thefuck\thefuck\rules\pacman_not_found.py,18,1,0,0,0
thefuck,C:\Users\Zhifei Chen\Desktop\pysmell\subjects_for_metrics\thefuck\thefuck\rules\pip_unknown_command.py,6,1,0,0,0
thefuck,C:\Users\Zhifei Chen\Desktop\pysmell\subjects_for_metrics\thefuck\thefuck\rules\pip_unknown_command.py,14,1,0,0,0
thefuck,C:\Users\Zhifei Chen\Desktop\pysmell\subjects_for_metrics\thefuck\thefuck\rules\python_command.py,7,1,0,0,0
thefuck,C:\Users\Zhifei Chen\Desktop\pysmell\subjects_for_metrics\thefuck\thefuck\rules\python_command.py,16,1,0,0,0
thefuck,C:\Users\Zhifei Chen\Desktop\pysmell\subjects_for_metrics\thefuck\thefuck\rules\python_execute.py,9,1,0,0,0
thefuck,C:\Users\Zhifei Chen\Desktop\pysmell\subjects_for_metrics\thefuck\thefuck\rules\python_execute.py,14,1,0,0,0
thefuck,C:\Users\Zhifei Chen\Desktop\pysmell\subjects_for_metrics\thefuck\thefuck\rules\quotation_marks.py,7,1,0,0,0
thefuck,C:\Users\Zhifei Chen\Desktop\pysmell\subjects_for_metrics\thefuck\thefuck\rules\quotation_marks.py,11,1,0,0,0
thefuck,C:\Users\Zhifei Chen\Desktop\pysmell\subjects_for_metrics\thefuck\thefuck\rules\rm_dir.py,5,1,0,0,0
thefuck,C:\Users\Zhifei Chen\Desktop\pysmell\subjects_for_metrics\thefuck\thefuck\rules\rm_dir.py,11,1,0,0,0
thefuck,C:\Users\Zhifei Chen\Desktop\pysmell\subjects_for_metrics\thefuck\thefuck\rules\rm_root.py,6,1,0,0,0
thefuck,C:\Users\Zhifei Chen\Desktop\pysmell\subjects_for_metrics\thefuck\thefuck\rules\rm_root.py,13,1,0,0,0
thefuck,C:\Users\Zhifei Chen\Desktop\pysmell\subjects_for_metrics\thefuck\thefuck\rules\sed_unterminated_s.py,5,1,0,0,0
thefuck,C:\Users\Zhifei Chen\Desktop\pysmell\subjects_for_metrics\thefuck\thefuck\rules\sed_unterminated_s.py,10,1,0,0,0
thefuck,C:\Users\Zhifei Chen\Desktop\pysmell\subjects_for_metrics\thefuck\thefuck\rules\sl_ls.py,9,1,0,0,0
thefuck,C:\Users\Zhifei Chen\Desktop\pysmell\subjects_for_metrics\thefuck\thefuck\rules\sl_ls.py,13,1,0,0,0
thefuck,C:\Users\Zhifei Chen\Desktop\pysmell\subjects_for_metrics\thefuck\thefuck\rules\ssh_known_hosts.py,7,1,0,0,0
thefuck,C:\Users\Zhifei Chen\Desktop\pysmell\subjects_for_metrics\thefuck\thefuck\rules\ssh_known_hosts.py,23,1,0,0,0
thefuck,C:\Users\Zhifei Chen\Desktop\pysmell\subjects_for_metrics\thefuck\thefuck\rules\ssh_known_hosts.py,27,2,0,0,0
thefuck,C:\Users\Zhifei Chen\Desktop\pysmell\subjects_for_metrics\thefuck\thefuck\rules\sudo.py,22,1,0,0,0
thefuck,C:\Users\Zhifei Chen\Desktop\pysmell\subjects_for_metrics\thefuck\thefuck\rules\sudo.py,30,1,0,0,0
thefuck,C:\Users\Zhifei Chen\Desktop\pysmell\subjects_for_metrics\thefuck\thefuck\rules\switch_lang.py,12,1,0,0,0
thefuck,C:\Users\Zhifei Chen\Desktop\pysmell\subjects_for_metrics\thefuck\thefuck\rules\switch_lang.py,20,2,0,0,0
thefuck,C:\Users\Zhifei Chen\Desktop\pysmell\subjects_for_metrics\thefuck\thefuck\rules\switch_lang.py,27,2,0,0,0
thefuck,C:\Users\Zhifei Chen\Desktop\pysmell\subjects_for_metrics\thefuck\thefuck\rules\switch_lang.py,31,1,0,0,0
thefuck,C:\Users\Zhifei Chen\Desktop\pysmell\subjects_for_metrics\thefuck\thefuck\rules\switch_lang.py,39,1,0,0,0
thefuck,C:\Users\Zhifei Chen\Desktop\pysmell\subjects_for_metrics\thefuck\thefuck\rules\systemctl.py,8,1,0,0,0
thefuck,C:\Users\Zhifei Chen\Desktop\pysmell\subjects_for_metrics\thefuck\thefuck\rules\systemctl.py,18,1,0,0,0
thefuck,C:\Users\Zhifei Chen\Desktop\pysmell\subjects_for_metrics\thefuck\thefuck\rules\test.py.py,1,1,0,0,0
thefuck,C:\Users\Zhifei Chen\Desktop\pysmell\subjects_for_metrics\thefuck\thefuck\rules\test.py.py,5,1,0,0,0
thefuck,C:\Users\Zhifei Chen\Desktop\pysmell\subjects_for_metrics\thefuck\thefuck\rules\tmux.py,5,1,0,0,0
thefuck,C:\Users\Zhifei Chen\Desktop\pysmell\subjects_for_metrics\thefuck\thefuck\rules\tmux.py,11,1,0,0,0
thefuck,C:\Users\Zhifei Chen\Desktop\pysmell\subjects_for_metrics\thefuck\thefuck\rules\touch.py,6,1,0,0,0
thefuck,C:\Users\Zhifei Chen\Desktop\pysmell\subjects_for_metrics\thefuck\thefuck\rules\touch.py,11,1,0,0,0
thefuck,C:\Users\Zhifei Chen\Desktop\pysmell\subjects_for_metrics\thefuck\thefuck\rules\tsuru_login.py,5,1,0,0,0
thefuck,C:\Users\Zhifei Chen\Desktop\pysmell\subjects_for_metrics\thefuck\thefuck\rules\tsuru_login.py,11,1,0,0,0
thefuck,C:\Users\Zhifei Chen\Desktop\pysmell\subjects_for_metrics\thefuck\thefuck\rules\tsuru_not_command.py,5,1,0,0,0
thefuck,C:\Users\Zhifei Chen\Desktop\pysmell\subjects_for_metrics\thefuck\thefuck\rules\tsuru_not_command.py,11,1,0,0,0
thefuck,C:\Users\Zhifei Chen\Desktop\pysmell\subjects_for_metrics\thefuck\thefuck\rules\unknown_command.py,4,1,0,0,0
thefuck,C:\Users\Zhifei Chen\Desktop\pysmell\subjects_for_metrics\thefuck\thefuck\rules\unknown_command.py,9,1,0,0,0
thefuck,C:\Users\Zhifei Chen\Desktop\pysmell\subjects_for_metrics\thefuck\thefuck\rules\vagrant_up.py,5,1,0,0,0
thefuck,C:\Users\Zhifei Chen\Desktop\pysmell\subjects_for_metrics\thefuck\thefuck\rules\vagrant_up.py,10,1,0,0,0
thefuck,C:\Users\Zhifei Chen\Desktop\pysmell\subjects_for_metrics\thefuck\thefuck\rules\whois.py,5,1,0,0,0
thefuck,C:\Users\Zhifei Chen\Desktop\pysmell\subjects_for_metrics\thefuck\thefuck\rules\whois.py,25,1,0,0,0
thefuck,C:\Users\Zhifei Chen\Desktop\pysmell\subjects_for_metrics\thefuck\thefuck\specific\archlinux.py,6,1,0,0,0
thefuck,C:\Users\Zhifei Chen\Desktop\pysmell\subjects_for_metrics\thefuck\thefuck\specific\archlinux.py,31,1,0,0,0
thefuck,C:\Users\Zhifei Chen\Desktop\pysmell\subjects_for_metrics\thefuck\thefuck\specific\brew.py,8,1,0,0,0
thefuck,C:\Users\Zhifei Chen\Desktop\pysmell\subjects_for_metrics\thefuck\thefuck\specific\git.py,8,2,0,0,0
thefuck,C:\Users\Zhifei Chen\Desktop\pysmell\subjects_for_metrics\thefuck\thefuck\specific\sudo.py,6,2,0,0,0
