subject,file,lineno,NOC,NOFF,NOO,experience-based,statistics-based,tuning machine
XX-Net,C:\Users\Zhifei Chen\Desktop\pysmell\subjects_for_metrics\XX-Net\gae_proxy\local\cert_util.py,224,36,2,8,0,0,0
XX-Net,C:\Users\Zhifei Chen\Desktop\pysmell\subjects_for_metrics\XX-Net\gae_proxy\local\cert_util.py,228,30,2,6,0,0,0
XX-Net,C:\Users\Zhifei Chen\Desktop\pysmell\subjects_for_metrics\XX-Net\gae_proxy\local\cert_util.py,245,36,2,8,0,0,0
XX-Net,C:\Users\Zhifei Chen\Desktop\pysmell\subjects_for_metrics\XX-Net\gae_proxy\local\cert_util.py,247,30,2,6,0,0,0
XX-Net,C:\Users\Zhifei Chen\Desktop\pysmell\subjects_for_metrics\XX-Net\gae_proxy\local\cert_util.py,265,45,1,10,0,0,0
XX-Net,C:\Users\Zhifei Chen\Desktop\pysmell\subjects_for_metrics\XX-Net\gae_proxy\local\cert_util.py,375,77,1,16,1,0,0
XX-Net,C:\Users\Zhifei Chen\Desktop\pysmell\subjects_for_metrics\XX-Net\gae_proxy\local\cert_util.py,416,77,1,16,1,0,0
XX-Net,C:\Users\Zhifei Chen\Desktop\pysmell\subjects_for_metrics\XX-Net\gae_proxy\local\cert_util.py,530,106,1,20,1,0,0
XX-Net,C:\Users\Zhifei Chen\Desktop\pysmell\subjects_for_metrics\XX-Net\gae_proxy\local\cert_util.py,549,29,1,6,0,0,0
XX-Net,C:\Users\Zhifei Chen\Desktop\pysmell\subjects_for_metrics\XX-Net\gae_proxy\local\check_ip.py,235,58,2,12,0,0,0
XX-Net,C:\Users\Zhifei Chen\Desktop\pysmell\subjects_for_metrics\XX-Net\gae_proxy\local\direct_handler.py,47,46,1,11,0,0,0
XX-Net,C:\Users\Zhifei Chen\Desktop\pysmell\subjects_for_metrics\XX-Net\gae_proxy\local\gae_handler.py,103,68,2,14,1,0,0
XX-Net,C:\Users\Zhifei Chen\Desktop\pysmell\subjects_for_metrics\XX-Net\gae_proxy\local\gae_handler.py,211,68,2,14,1,0,0
XX-Net,C:\Users\Zhifei Chen\Desktop\pysmell\subjects_for_metrics\XX-Net\gae_proxy\local\gae_handler.py,214,59,2,12,0,0,0
XX-Net,C:\Users\Zhifei Chen\Desktop\pysmell\subjects_for_metrics\XX-Net\gae_proxy\local\gae_handler.py,261,40,1,11,0,0,0
XX-Net,C:\Users\Zhifei Chen\Desktop\pysmell\subjects_for_metrics\XX-Net\gae_proxy\local\gae_handler.py,490,51,1,12,0,0,0
XX-Net,C:\Users\Zhifei Chen\Desktop\pysmell\subjects_for_metrics\XX-Net\gae_proxy\local\gae_handler.py,492,79,1,14,1,0,0
XX-Net,C:\Users\Zhifei Chen\Desktop\pysmell\subjects_for_metrics\XX-Net\gae_proxy\local\gae_handler.py,573,45,1,12,0,0,0
XX-Net,C:\Users\Zhifei Chen\Desktop\pysmell\subjects_for_metrics\XX-Net\gae_proxy\local\pac_server.py,194,28,1,5,0,0,0
XX-Net,C:\Users\Zhifei Chen\Desktop\pysmell\subjects_for_metrics\XX-Net\gae_proxy\local\pac_server.py,233,55,1,7,0,0,0
XX-Net,C:\Users\Zhifei Chen\Desktop\pysmell\subjects_for_metrics\XX-Net\gae_proxy\local\pac_server.py,247,64,1,7,0,0,0
XX-Net,C:\Users\Zhifei Chen\Desktop\pysmell\subjects_for_metrics\XX-Net\gae_proxy\local\pac_server.py,254,62,1,7,0,0,0
XX-Net,C:\Users\Zhifei Chen\Desktop\pysmell\subjects_for_metrics\XX-Net\gae_proxy\local\pac_server.py,260,62,1,7,0,0,0
XX-Net,C:\Users\Zhifei Chen\Desktop\pysmell\subjects_for_metrics\XX-Net\gae_proxy\local\pac_server.py,266,56,1,7,0,0,0
XX-Net,C:\Users\Zhifei Chen\Desktop\pysmell\subjects_for_metrics\XX-Net\gae_proxy\local\proxy.py,107,20,1,3,0,0,0
XX-Net,C:\Users\Zhifei Chen\Desktop\pysmell\subjects_for_metrics\XX-Net\gae_proxy\local\proxy.py,161,33,2,8,0,0,0
XX-Net,C:\Users\Zhifei Chen\Desktop\pysmell\subjects_for_metrics\XX-Net\gae_proxy\local\proxy.py,163,48,1,5,0,0,0
XX-Net,C:\Users\Zhifei Chen\Desktop\pysmell\subjects_for_metrics\XX-Net\gae_proxy\local\proxy.py,164,41,2,8,0,0,0
XX-Net,C:\Users\Zhifei Chen\Desktop\pysmell\subjects_for_metrics\XX-Net\gae_proxy\local\proxy_handler.py,93,45,1,12,0,0,0
XX-Net,C:\Users\Zhifei Chen\Desktop\pysmell\subjects_for_metrics\XX-Net\gae_proxy\local\proxy_handler.py,238,25,1,4,0,0,0
XX-Net,C:\Users\Zhifei Chen\Desktop\pysmell\subjects_for_metrics\XX-Net\gae_proxy\local\proxy_handler.py,242,28,1,4,0,0,0
XX-Net,C:\Users\Zhifei Chen\Desktop\pysmell\subjects_for_metrics\XX-Net\gae_proxy\local\simple_http_server.py,231,38,1,11,0,0,0
XX-Net,C:\Users\Zhifei Chen\Desktop\pysmell\subjects_for_metrics\XX-Net\gae_proxy\server\uploader.py,148,52,1,10,0,0,0
XX-Net,C:\Users\Zhifei Chen\Desktop\pysmell\subjects_for_metrics\XX-Net\gae_proxy\server\gae\gae.py,104,50,1,13,0,0,0
XX-Net,C:\Users\Zhifei Chen\Desktop\pysmell\subjects_for_metrics\XX-Net\gae_proxy\server\gae\gae.py,153,124,2,25,1,0,1
XX-Net,C:\Users\Zhifei Chen\Desktop\pysmell\subjects_for_metrics\XX-Net\gae_proxy\server\gae\gae.py,183,82,1,9,0,0,0
XX-Net,C:\Users\Zhifei Chen\Desktop\pysmell\subjects_for_metrics\XX-Net\gae_proxy\server\gae\wsgi.py,179,90,2,21,1,0,0
XX-Net,C:\Users\Zhifei Chen\Desktop\pysmell\subjects_for_metrics\XX-Net\gae_proxy\server\gae\wsgi.py,204,82,1,9,0,0,0
XX-Net,C:\Users\Zhifei Chen\Desktop\pysmell\subjects_for_metrics\XX-Net\gae_proxy\server\gae\wsgi.py,282,91,2,18,1,0,0
XX-Net,C:\Users\Zhifei Chen\Desktop\pysmell\subjects_for_metrics\XX-Net\gae_proxy\server\lib\fancy_urllib\__init__.py,110,57,2,14,0,0,0
XX-Net,C:\Users\Zhifei Chen\Desktop\pysmell\subjects_for_metrics\XX-Net\gae_proxy\server\lib\fancy_urllib\__init__.py,113,63,2,18,0,0,0
XX-Net,C:\Users\Zhifei Chen\Desktop\pysmell\subjects_for_metrics\XX-Net\gae_proxy\server\lib\google\appengine\api\api_base_pb.py,116,49,1,12,0,0,0
XX-Net,C:\Users\Zhifei Chen\Desktop\pysmell\subjects_for_metrics\XX-Net\gae_proxy\server\lib\google\appengine\api\api_base_pb.py,216,49,1,12,0,0,0
XX-Net,C:\Users\Zhifei Chen\Desktop\pysmell\subjects_for_metrics\XX-Net\gae_proxy\server\lib\google\appengine\api\api_base_pb.py,316,49,1,12,0,0,0
XX-Net,C:\Users\Zhifei Chen\Desktop\pysmell\subjects_for_metrics\XX-Net\gae_proxy\server\lib\google\appengine\api\api_base_pb.py,414,49,1,12,0,0,0
XX-Net,C:\Users\Zhifei Chen\Desktop\pysmell\subjects_for_metrics\XX-Net\gae_proxy\server\lib\google\appengine\api\api_base_pb.py,512,49,1,12,0,0,0
XX-Net,C:\Users\Zhifei Chen\Desktop\pysmell\subjects_for_metrics\XX-Net\gae_proxy\server\lib\google\appengine\api\api_base_pb.py,612,49,1,12,0,0,0
XX-Net,C:\Users\Zhifei Chen\Desktop\pysmell\subjects_for_metrics\XX-Net\gae_proxy\server\lib\google\appengine\api\api_base_pb.py,680,49,1,12,0,0,0
XX-Net,C:\Users\Zhifei Chen\Desktop\pysmell\subjects_for_metrics\XX-Net\gae_proxy\server\lib\google\appengine\api\appinfo.py,633,63,1,10,0,0,0
XX-Net,C:\Users\Zhifei Chen\Desktop\pysmell\subjects_for_metrics\XX-Net\gae_proxy\server\lib\google\appengine\api\appinfo.py,867,40,1,5,0,0,0
XX-Net,C:\Users\Zhifei Chen\Desktop\pysmell\subjects_for_metrics\XX-Net\gae_proxy\server\lib\google\appengine\api\appinfo.py,883,88,2,10,0,0,0
XX-Net,C:\Users\Zhifei Chen\Desktop\pysmell\subjects_for_metrics\XX-Net\gae_proxy\server\lib\google\appengine\api\backendinfo.py,145,50,1,9,0,0,0
XX-Net,C:\Users\Zhifei Chen\Desktop\pysmell\subjects_for_metrics\XX-Net\gae_proxy\server\lib\google\appengine\api\validation.py,137,48,1,6,0,0,0
XX-Net,C:\Users\Zhifei Chen\Desktop\pysmell\subjects_for_metrics\XX-Net\gae_proxy\server\lib\google\appengine\api\validation.py,369,51,1,9,0,0,0
XX-Net,C:\Users\Zhifei Chen\Desktop\pysmell\subjects_for_metrics\XX-Net\gae_proxy\server\lib\google\appengine\api\validation.py,528,46,1,13,0,0,0
XX-Net,C:\Users\Zhifei Chen\Desktop\pysmell\subjects_for_metrics\XX-Net\gae_proxy\server\lib\google\appengine\api\validation.py,988,36,1,5,0,0,0
XX-Net,C:\Users\Zhifei Chen\Desktop\pysmell\subjects_for_metrics\XX-Net\gae_proxy\server\lib\google\appengine\tools\appcfg.py,414,43,1,10,0,0,0
XX-Net,C:\Users\Zhifei Chen\Desktop\pysmell\subjects_for_metrics\XX-Net\gae_proxy\server\lib\google\appengine\tools\appcfg.py,1791,53,1,11,0,0,0
XX-Net,C:\Users\Zhifei Chen\Desktop\pysmell\subjects_for_metrics\XX-Net\gae_proxy\server\lib\google\appengine\tools\appcfg.py,2239,30,1,6,0,0,0
XX-Net,C:\Users\Zhifei Chen\Desktop\pysmell\subjects_for_metrics\XX-Net\gae_proxy\server\lib\google\appengine\tools\appcfg.py,3215,29,1,8,0,0,0
XX-Net,C:\Users\Zhifei Chen\Desktop\pysmell\subjects_for_metrics\XX-Net\gae_proxy\server\lib\google\appengine\tools\appcfg.py,3383,381,1,36,1,1,1
XX-Net,C:\Users\Zhifei Chen\Desktop\pysmell\subjects_for_metrics\XX-Net\gae_proxy\server\lib\google\appengine\tools\appengine_rpc.py,52,33,1,8,0,0,0
XX-Net,C:\Users\Zhifei Chen\Desktop\pysmell\subjects_for_metrics\XX-Net\gae_proxy\server\lib\google\appengine\tools\bulkloader.py,1362,91,2,13,1,0,0
XX-Net,C:\Users\Zhifei Chen\Desktop\pysmell\subjects_for_metrics\XX-Net\gae_proxy\server\lib\google\appengine\tools\bulkloader.py,3113,59,1,6,0,0,0
XX-Net,C:\Users\Zhifei Chen\Desktop\pysmell\subjects_for_metrics\XX-Net\gae_proxy\server\lib\google\appengine\tools\bulkloader.py,3697,57,1,9,0,0,0
XX-Net,C:\Users\Zhifei Chen\Desktop\pysmell\subjects_for_metrics\XX-Net\gae_proxy\server\lib\google\appengine\tools\bulkloader.py,4385,90,2,12,1,0,0
XX-Net,C:\Users\Zhifei Chen\Desktop\pysmell\subjects_for_metrics\XX-Net\gae_proxy\server\lib\google\appengine\tools\bulkload_client.py,293,30,2,6,0,0,0
XX-Net,C:\Users\Zhifei Chen\Desktop\pysmell\subjects_for_metrics\XX-Net\gae_proxy\server\lib\google\appengine\tools\dev_appserver.py,539,46,1,6,0,0,0
XX-Net,C:\Users\Zhifei Chen\Desktop\pysmell\subjects_for_metrics\XX-Net\gae_proxy\server\lib\google\appengine\tools\dev_appserver.py,1464,77,2,9,0,0,0
XX-Net,C:\Users\Zhifei Chen\Desktop\pysmell\subjects_for_metrics\XX-Net\gae_proxy\server\lib\google\appengine\tools\dev_appserver_import_hook.py,250,42,1,12,0,0,0
XX-Net,C:\Users\Zhifei Chen\Desktop\pysmell\subjects_for_metrics\XX-Net\gae_proxy\server\lib\google\appengine\tools\dev_appserver_import_hook.py,261,87,2,13,1,0,0
XX-Net,C:\Users\Zhifei Chen\Desktop\pysmell\subjects_for_metrics\XX-Net\gae_proxy\server\lib\google\appengine\tools\dev_appserver_import_hook.py,296,80,1,16,1,0,0
XX-Net,C:\Users\Zhifei Chen\Desktop\pysmell\subjects_for_metrics\XX-Net\gae_proxy\server\lib\google\appengine\tools\dev_appserver_import_hook.py,302,1762,1,228,1,1,1
XX-Net,C:\Users\Zhifei Chen\Desktop\pysmell\subjects_for_metrics\XX-Net\gae_proxy\server\lib\google\appengine\tools\dev_appserver_import_hook.py,376,50,1,7,0,0,0
XX-Net,C:\Users\Zhifei Chen\Desktop\pysmell\subjects_for_metrics\XX-Net\gae_proxy\server\lib\google\appengine\tools\dev_appserver_import_hook.py,378,49,1,7,0,0,0
XX-Net,C:\Users\Zhifei Chen\Desktop\pysmell\subjects_for_metrics\XX-Net\gae_proxy\server\lib\google\appengine\tools\dev_appserver_import_hook.py,630,32,1,5,0,0,0
XX-Net,C:\Users\Zhifei Chen\Desktop\pysmell\subjects_for_metrics\XX-Net\gae_proxy\server\lib\google\appengine\tools\dev_appserver_import_hook.py,632,57,1,11,0,0,0
XX-Net,C:\Users\Zhifei Chen\Desktop\pysmell\subjects_for_metrics\XX-Net\gae_proxy\server\lib\google\appengine\tools\dev_appserver_import_hook.py,1213,93,2,15,1,0,0
XX-Net,C:\Users\Zhifei Chen\Desktop\pysmell\subjects_for_metrics\XX-Net\gae_proxy\server\lib\google\appengine\tools\dev_appserver_index.py,79,39,1,7,0,0,0
XX-Net,C:\Users\Zhifei Chen\Desktop\pysmell\subjects_for_metrics\XX-Net\gae_proxy\server\lib\google\appengine\tools\dev_appserver_index.py,308,52,1,9,0,0,0
XX-Net,C:\Users\Zhifei Chen\Desktop\pysmell\subjects_for_metrics\XX-Net\gae_proxy\server\lib\google\appengine\tools\dev_appserver_index.py,309,51,1,9,0,0,0
XX-Net,C:\Users\Zhifei Chen\Desktop\pysmell\subjects_for_metrics\XX-Net\gae_proxy\server\lib\google\appengine\tools\dev_appserver_login.py,101,37,1,7,0,0,0
XX-Net,C:\Users\Zhifei Chen\Desktop\pysmell\subjects_for_metrics\XX-Net\gae_proxy\server\lib\google\appengine\tools\gen_protorpc.py,233,49,1,7,0,0,0
XX-Net,C:\Users\Zhifei Chen\Desktop\pysmell\subjects_for_metrics\XX-Net\gae_proxy\server\lib\google\appengine\tools\gen_protorpc.py,252,42,1,6,0,0,0
XX-Net,C:\Users\Zhifei Chen\Desktop\pysmell\subjects_for_metrics\XX-Net\gae_proxy\server\lib\google\appengine\tools\gen_protorpc.py,253,44,1,6,0,0,0
XX-Net,C:\Users\Zhifei Chen\Desktop\pysmell\subjects_for_metrics\XX-Net\gae_proxy\server\lib\yaml\constructor.py,116,60,1,8,0,0,0
XX-Net,C:\Users\Zhifei Chen\Desktop\pysmell\subjects_for_metrics\XX-Net\gae_proxy\server\lib\yaml\constructor.py,243,36,1,8,0,0,0
XX-Net,C:\Users\Zhifei Chen\Desktop\pysmell\subjects_for_metrics\XX-Net\gae_proxy\server\lib\yaml\constructor.py,272,38,1,8,0,0,0
XX-Net,C:\Users\Zhifei Chen\Desktop\pysmell\subjects_for_metrics\XX-Net\gae_proxy\server\lib\yaml\events.py,9,67,2,11,0,0,0
XX-Net,C:\Users\Zhifei Chen\Desktop\pysmell\subjects_for_metrics\XX-Net\gae_proxy\server\lib\yaml\events.py,11,53,1,10,0,0,0
XX-Net,C:\Users\Zhifei Chen\Desktop\pysmell\subjects_for_metrics\XX-Net\gae_proxy\server\lib\yaml\tokens.py,7,54,2,9,0,0,0
XX-Net,C:\Users\Zhifei Chen\Desktop\pysmell\subjects_for_metrics\XX-Net\gae_proxy\server\lib\yaml\tokens.py,10,53,1,10,0,0,0
XX-Net,C:\Users\Zhifei Chen\Desktop\pysmell\subjects_for_metrics\XX-Net\launcher\module_init.py,104,21,1,3,0,0,0
XX-Net,C:\Users\Zhifei Chen\Desktop\pysmell\subjects_for_metrics\XX-Net\php_proxy\local\cert_util.py,221,36,2,8,0,0,0
XX-Net,C:\Users\Zhifei Chen\Desktop\pysmell\subjects_for_metrics\XX-Net\php_proxy\local\cert_util.py,225,30,2,6,0,0,0
XX-Net,C:\Users\Zhifei Chen\Desktop\pysmell\subjects_for_metrics\XX-Net\php_proxy\local\cert_util.py,242,36,2,8,0,0,0
XX-Net,C:\Users\Zhifei Chen\Desktop\pysmell\subjects_for_metrics\XX-Net\php_proxy\local\cert_util.py,244,30,2,6,0,0,0
XX-Net,C:\Users\Zhifei Chen\Desktop\pysmell\subjects_for_metrics\XX-Net\php_proxy\local\cert_util.py,262,45,1,10,0,0,0
XX-Net,C:\Users\Zhifei Chen\Desktop\pysmell\subjects_for_metrics\XX-Net\php_proxy\local\cert_util.py,370,77,1,16,1,0,0
XX-Net,C:\Users\Zhifei Chen\Desktop\pysmell\subjects_for_metrics\XX-Net\php_proxy\local\cert_util.py,411,77,1,16,1,0,0
XX-Net,C:\Users\Zhifei Chen\Desktop\pysmell\subjects_for_metrics\XX-Net\php_proxy\local\cert_util.py,523,106,1,20,1,0,0
XX-Net,C:\Users\Zhifei Chen\Desktop\pysmell\subjects_for_metrics\XX-Net\php_proxy\local\cert_util.py,542,29,1,6,0,0,0
XX-Net,C:\Users\Zhifei Chen\Desktop\pysmell\subjects_for_metrics\XX-Net\php_proxy\local\proxy.py,191,51,1,12,0,0,0
XX-Net,C:\Users\Zhifei Chen\Desktop\pysmell\subjects_for_metrics\XX-Net\php_proxy\local\proxy.py,194,79,1,14,1,0,0
XX-Net,C:\Users\Zhifei Chen\Desktop\pysmell\subjects_for_metrics\XX-Net\php_proxy\local\proxy.py,256,53,1,13,0,0,0
XX-Net,C:\Users\Zhifei Chen\Desktop\pysmell\subjects_for_metrics\XX-Net\php_proxy\local\proxy.py,360,48,1,12,0,0,0
XX-Net,C:\Users\Zhifei Chen\Desktop\pysmell\subjects_for_metrics\XX-Net\php_proxy\local\proxy.py,397,21,1,5,0,0,0
XX-Net,C:\Users\Zhifei Chen\Desktop\pysmell\subjects_for_metrics\XX-Net\php_proxy\local\proxy.py,455,76,2,15,1,0,0
XX-Net,C:\Users\Zhifei Chen\Desktop\pysmell\subjects_for_metrics\XX-Net\php_proxy\local\proxy.py,456,59,2,12,0,0,0
XX-Net,C:\Users\Zhifei Chen\Desktop\pysmell\subjects_for_metrics\XX-Net\php_proxy\local\proxy.py,522,48,1,12,0,0,0
XX-Net,C:\Users\Zhifei Chen\Desktop\pysmell\subjects_for_metrics\XX-Net\php_proxy\local\proxy.py,537,76,2,15,1,0,0
XX-Net,C:\Users\Zhifei Chen\Desktop\pysmell\subjects_for_metrics\XX-Net\php_proxy\local\proxy.py,538,59,2,12,0,0,0
XX-Net,C:\Users\Zhifei Chen\Desktop\pysmell\subjects_for_metrics\XX-Net\php_proxy\local\proxy.py,588,86,2,18,1,0,0
XX-Net,C:\Users\Zhifei Chen\Desktop\pysmell\subjects_for_metrics\XX-Net\php_proxy\local\proxy.py,621,75,2,11,0,0,0
XX-Net,C:\Users\Zhifei Chen\Desktop\pysmell\subjects_for_metrics\XX-Net\php_proxy\local\proxy.py,625,83,2,11,0,0,0
XX-Net,C:\Users\Zhifei Chen\Desktop\pysmell\subjects_for_metrics\XX-Net\php_proxy\local\proxy.py,642,71,2,11,0,0,0
XX-Net,C:\Users\Zhifei Chen\Desktop\pysmell\subjects_for_metrics\XX-Net\php_proxy\local\proxy.py,647,83,2,11,0,0,0
XX-Net,C:\Users\Zhifei Chen\Desktop\pysmell\subjects_for_metrics\XX-Net\php_proxy\local\proxy.py,649,37,1,7,0,0,0
XX-Net,C:\Users\Zhifei Chen\Desktop\pysmell\subjects_for_metrics\XX-Net\php_proxy\local\proxy.py,675,46,2,8,0,0,0
XX-Net,C:\Users\Zhifei Chen\Desktop\pysmell\subjects_for_metrics\XX-Net\php_proxy\local\proxy.py,676,41,2,7,0,0,0
XX-Net,C:\Users\Zhifei Chen\Desktop\pysmell\subjects_for_metrics\XX-Net\php_proxy\local\proxy.py,677,46,2,8,0,0,0
XX-Net,C:\Users\Zhifei Chen\Desktop\pysmell\subjects_for_metrics\XX-Net\php_proxy\local\proxy.py,678,41,2,7,0,0,0
XX-Net,C:\Users\Zhifei Chen\Desktop\pysmell\subjects_for_metrics\XX-Net\php_proxy\local\proxy.py,679,46,2,8,0,0,0
XX-Net,C:\Users\Zhifei Chen\Desktop\pysmell\subjects_for_metrics\XX-Net\php_proxy\local\proxy.py,680,41,2,7,0,0,0
XX-Net,C:\Users\Zhifei Chen\Desktop\pysmell\subjects_for_metrics\XX-Net\php_proxy\local\proxy.py,824,71,2,16,1,0,0
XX-Net,C:\Users\Zhifei Chen\Desktop\pysmell\subjects_for_metrics\XX-Net\php_proxy\local\proxy.py,863,51,2,12,0,0,0
XX-Net,C:\Users\Zhifei Chen\Desktop\pysmell\subjects_for_metrics\XX-Net\php_proxy\local\proxy.py,915,66,2,17,1,0,0
XX-Net,C:\Users\Zhifei Chen\Desktop\pysmell\subjects_for_metrics\XX-Net\php_proxy\local\proxy.py,916,48,2,14,0,0,0
XX-Net,C:\Users\Zhifei Chen\Desktop\pysmell\subjects_for_metrics\XX-Net\php_proxy\local\proxy.py,917,96,2,18,1,0,0
XX-Net,C:\Users\Zhifei Chen\Desktop\pysmell\subjects_for_metrics\XX-Net\php_proxy\local\proxy.py,986,35,2,7,0,0,0
XX-Net,C:\Users\Zhifei Chen\Desktop\pysmell\subjects_for_metrics\XX-Net\php_proxy\local\proxy.py,988,38,2,7,0,0,0
XX-Net,C:\Users\Zhifei Chen\Desktop\pysmell\subjects_for_metrics\XX-Net\php_proxy\local\proxy.py,1048,44,2,8,0,0,0
XX-Net,C:\Users\Zhifei Chen\Desktop\pysmell\subjects_for_metrics\XX-Net\php_proxy\local\proxy.py,1050,77,1,11,0,0,0
XX-Net,C:\Users\Zhifei Chen\Desktop\pysmell\subjects_for_metrics\XX-Net\php_proxy\local\proxy.py,1052,89,2,13,1,0,0
XX-Net,C:\Users\Zhifei Chen\Desktop\pysmell\subjects_for_metrics\XX-Net\php_proxy\local\proxy.py,1053,56,2,6,0,0,0
XX-Net,C:\Users\Zhifei Chen\Desktop\pysmell\subjects_for_metrics\XX-Net\php_proxy\local\proxy.py,1069,53,2,7,0,0,0
XX-Net,C:\Users\Zhifei Chen\Desktop\pysmell\subjects_for_metrics\XX-Net\php_proxy\local\proxy.py,1074,68,2,8,0,0,0
XX-Net,C:\Users\Zhifei Chen\Desktop\pysmell\subjects_for_metrics\XX-Net\php_proxy\local\proxy.py,1094,40,1,8,0,0,0
XX-Net,C:\Users\Zhifei Chen\Desktop\pysmell\subjects_for_metrics\XX-Net\php_proxy\local\proxy.py,1157,87,3,14,1,1,1
XX-Net,C:\Users\Zhifei Chen\Desktop\pysmell\subjects_for_metrics\XX-Net\php_proxy\local\proxy.py,1157,53,2,7,0,0,0
XX-Net,C:\Users\Zhifei Chen\Desktop\pysmell\subjects_for_metrics\XX-Net\php_proxy\local\proxylib.py,77,17,1,5,0,0,0
XX-Net,C:\Users\Zhifei Chen\Desktop\pysmell\subjects_for_metrics\XX-Net\php_proxy\local\proxylib.py,78,39,1,11,0,0,0
XX-Net,C:\Users\Zhifei Chen\Desktop\pysmell\subjects_for_metrics\XX-Net\php_proxy\local\proxylib.py,137,57,1,12,0,0,0
XX-Net,C:\Users\Zhifei Chen\Desktop\pysmell\subjects_for_metrics\XX-Net\php_proxy\local\proxylib.py,359,35,2,7,0,0,0
XX-Net,C:\Users\Zhifei Chen\Desktop\pysmell\subjects_for_metrics\XX-Net\php_proxy\local\proxylib.py,361,32,2,6,0,0,0
XX-Net,C:\Users\Zhifei Chen\Desktop\pysmell\subjects_for_metrics\XX-Net\php_proxy\local\proxylib.py,362,29,2,6,0,0,0
XX-Net,C:\Users\Zhifei Chen\Desktop\pysmell\subjects_for_metrics\XX-Net\php_proxy\local\proxylib.py,420,35,2,7,0,0,0
XX-Net,C:\Users\Zhifei Chen\Desktop\pysmell\subjects_for_metrics\XX-Net\php_proxy\local\proxylib.py,471,93,3,19,1,1,1
XX-Net,C:\Users\Zhifei Chen\Desktop\pysmell\subjects_for_metrics\XX-Net\php_proxy\local\proxylib.py,471,29,1,7,0,0,0
XX-Net,C:\Users\Zhifei Chen\Desktop\pysmell\subjects_for_metrics\XX-Net\php_proxy\local\proxylib.py,483,65,1,20,1,0,0
XX-Net,C:\Users\Zhifei Chen\Desktop\pysmell\subjects_for_metrics\XX-Net\php_proxy\local\proxylib.py,536,91,1,18,1,0,0
XX-Net,C:\Users\Zhifei Chen\Desktop\pysmell\subjects_for_metrics\XX-Net\php_proxy\local\proxylib.py,553,84,1,19,1,0,0
XX-Net,C:\Users\Zhifei Chen\Desktop\pysmell\subjects_for_metrics\XX-Net\php_proxy\local\proxylib.py,689,40,1,11,0,0,0
XX-Net,C:\Users\Zhifei Chen\Desktop\pysmell\subjects_for_metrics\XX-Net\php_proxy\local\proxylib.py,817,48,1,12,0,0,0
XX-Net,C:\Users\Zhifei Chen\Desktop\pysmell\subjects_for_metrics\XX-Net\php_proxy\local\proxylib.py,1100,60,1,10,0,0,0
XX-Net,C:\Users\Zhifei Chen\Desktop\pysmell\subjects_for_metrics\XX-Net\php_proxy\local\proxylib.py,1107,39,1,7,0,0,0
XX-Net,C:\Users\Zhifei Chen\Desktop\pysmell\subjects_for_metrics\XX-Net\php_proxy\local\proxylib.py,1471,45,1,8,0,0,0
XX-Net,C:\Users\Zhifei Chen\Desktop\pysmell\subjects_for_metrics\XX-Net\php_proxy\local\proxylib.py,1481,57,2,7,0,0,0
XX-Net,C:\Users\Zhifei Chen\Desktop\pysmell\subjects_for_metrics\XX-Net\php_proxy\local\proxylib.py,1483,104,2,12,1,0,0
XX-Net,C:\Users\Zhifei Chen\Desktop\pysmell\subjects_for_metrics\XX-Net\php_proxy\local\proxylib.py,1486,56,2,7,0,0,0
XX-Net,C:\Users\Zhifei Chen\Desktop\pysmell\subjects_for_metrics\XX-Net\php_proxy\local\proxylib.py,1723,45,1,8,0,0,0
XX-Net,C:\Users\Zhifei Chen\Desktop\pysmell\subjects_for_metrics\XX-Net\php_proxy\local\proxylib.py,1728,57,2,7,0,0,0
XX-Net,C:\Users\Zhifei Chen\Desktop\pysmell\subjects_for_metrics\XX-Net\php_proxy\local\proxylib.py,1729,56,2,7,0,0,0
XX-Net,C:\Users\Zhifei Chen\Desktop\pysmell\subjects_for_metrics\XX-Net\php_proxy\local\proxylib.py,1730,104,2,12,1,0,0
XX-Net,C:\Users\Zhifei Chen\Desktop\pysmell\subjects_for_metrics\XX-Net\php_proxy\local\proxylib.py,1758,20,1,5,0,0,0
XX-Net,C:\Users\Zhifei Chen\Desktop\pysmell\subjects_for_metrics\XX-Net\php_proxy\local\proxylib.py,1792,40,1,11,0,0,0
XX-Net,C:\Users\Zhifei Chen\Desktop\pysmell\subjects_for_metrics\XX-Net\php_proxy\local\proxylib.py,1802,77,2,15,1,0,0
XX-Net,C:\Users\Zhifei Chen\Desktop\pysmell\subjects_for_metrics\XX-Net\php_proxy\local\proxylib.py,1808,89,2,19,1,0,0
XX-Net,C:\Users\Zhifei Chen\Desktop\pysmell\subjects_for_metrics\XX-Net\php_proxy\server\index.py,79,17,1,5,0,0,0
XX-Net,C:\Users\Zhifei Chen\Desktop\pysmell\subjects_for_metrics\XX-Net\php_proxy\server\index.py,80,39,1,11,0,0,0
XX-Net,C:\Users\Zhifei Chen\Desktop\pysmell\subjects_for_metrics\XX-Net\php_proxy\server\index.py,106,108,2,23,1,0,1
XX-Net,C:\Users\Zhifei Chen\Desktop\pysmell\subjects_for_metrics\XX-Net\python27\1.0\lib\abc.py,89,85,2,12,1,0,0
XX-Net,C:\Users\Zhifei Chen\Desktop\pysmell\subjects_for_metrics\XX-Net\python27\1.0\lib\base64.py,28,26,1,7,0,0,0
XX-Net,C:\Users\Zhifei Chen\Desktop\pysmell\subjects_for_metrics\XX-Net\python27\1.0\lib\base64.py,131,20,1,5,0,0,0
XX-Net,C:\Users\Zhifei Chen\Desktop\pysmell\subjects_for_metrics\XX-Net\python27\1.0\lib\base64.py,132,43,1,11,0,0,0
XX-Net,C:\Users\Zhifei Chen\Desktop\pysmell\subjects_for_metrics\XX-Net\python27\1.0\lib\calendar.py,49,53,1,13,0,0,0
XX-Net,C:\Users\Zhifei Chen\Desktop\pysmell\subjects_for_metrics\XX-Net\python27\1.0\lib\calendar.py,58,27,1,6,0,0,0
XX-Net,C:\Users\Zhifei Chen\Desktop\pysmell\subjects_for_metrics\XX-Net\python27\1.0\lib\calendar.py,69,52,1,13,0,0,0
XX-Net,C:\Users\Zhifei Chen\Desktop\pysmell\subjects_for_metrics\XX-Net\python27\1.0\lib\calendar.py,77,27,1,6,0,0,0
XX-Net,C:\Users\Zhifei Chen\Desktop\pysmell\subjects_for_metrics\XX-Net\python27\1.0\lib\calendar.py,200,43,1,15,0,0,0
XX-Net,C:\Users\Zhifei Chen\Desktop\pysmell\subjects_for_metrics\XX-Net\python27\1.0\lib\calendar.py,210,41,1,15,0,0,0
XX-Net,C:\Users\Zhifei Chen\Desktop\pysmell\subjects_for_metrics\XX-Net\python27\1.0\lib\calendar.py,218,41,1,15,0,0,0
XX-Net,C:\Users\Zhifei Chen\Desktop\pysmell\subjects_for_metrics\XX-Net\python27\1.0\lib\calendar.py,228,66,1,12,1,0,0
XX-Net,C:\Users\Zhifei Chen\Desktop\pysmell\subjects_for_metrics\XX-Net\python27\1.0\lib\calendar.py,231,53,1,15,0,0,0
XX-Net,C:\Users\Zhifei Chen\Desktop\pysmell\subjects_for_metrics\XX-Net\python27\1.0\lib\calendar.py,241,66,1,12,1,0,0
XX-Net,C:\Users\Zhifei Chen\Desktop\pysmell\subjects_for_metrics\XX-Net\python27\1.0\lib\calendar.py,244,53,1,15,0,0,0
XX-Net,C:\Users\Zhifei Chen\Desktop\pysmell\subjects_for_metrics\XX-Net\python27\1.0\lib\calendar.py,253,65,1,12,1,0,0
XX-Net,C:\Users\Zhifei Chen\Desktop\pysmell\subjects_for_metrics\XX-Net\python27\1.0\lib\calendar.py,256,53,1,15,0,0,0
XX-Net,C:\Users\Zhifei Chen\Desktop\pysmell\subjects_for_metrics\XX-Net\python27\1.0\lib\calendar.py,285,46,1,10,0,0,0
XX-Net,C:\Users\Zhifei Chen\Desktop\pysmell\subjects_for_metrics\XX-Net\python27\1.0\lib\calendar.py,301,54,1,9,0,0,0
XX-Net,C:\Users\Zhifei Chen\Desktop\pysmell\subjects_for_metrics\XX-Net\python27\1.0\lib\calendar.py,351,60,1,9,0,0,0
XX-Net,C:\Users\Zhifei Chen\Desktop\pysmell\subjects_for_metrics\XX-Net\python27\1.0\lib\calendar.py,355,20,1,3,0,0,0
XX-Net,C:\Users\Zhifei Chen\Desktop\pysmell\subjects_for_metrics\XX-Net\python27\1.0\lib\calendar.py,359,21,1,5,0,0,0
XX-Net,C:\Users\Zhifei Chen\Desktop\pysmell\subjects_for_metrics\XX-Net\python27\1.0\lib\calendar.py,397,40,1,9,0,0,0
XX-Net,C:\Users\Zhifei Chen\Desktop\pysmell\subjects_for_metrics\XX-Net\python27\1.0\lib\calendar.py,410,48,1,8,0,0,0
XX-Net,C:\Users\Zhifei Chen\Desktop\pysmell\subjects_for_metrics\XX-Net\python27\1.0\lib\calendar.py,603,30,1,6,0,0,0
XX-Net,C:\Users\Zhifei Chen\Desktop\pysmell\subjects_for_metrics\XX-Net\python27\1.0\lib\cgi.py,583,29,1,5,0,0,0
XX-Net,C:\Users\Zhifei Chen\Desktop\pysmell\subjects_for_metrics\XX-Net\python27\1.0\lib\cgi.py,589,36,1,7,0,0,0
XX-Net,C:\Users\Zhifei Chen\Desktop\pysmell\subjects_for_metrics\XX-Net\python27\1.0\lib\cgi.py,595,36,1,7,0,0,0
XX-Net,C:\Users\Zhifei Chen\Desktop\pysmell\subjects_for_metrics\XX-Net\python27\1.0\lib\cmd.py,253,51,2,12,0,0,0
XX-Net,C:\Users\Zhifei Chen\Desktop\pysmell\subjects_for_metrics\XX-Net\python27\1.0\lib\cmd.py,292,62,2,16,0,0,0
XX-Net,C:\Users\Zhifei Chen\Desktop\pysmell\subjects_for_metrics\XX-Net\python27\1.0\lib\cmd.py,359,55,2,14,0,0,0
XX-Net,C:\Users\Zhifei Chen\Desktop\pysmell\subjects_for_metrics\XX-Net\python27\1.0\lib\codeop.py,61,65,1,7,0,0,0
XX-Net,C:\Users\Zhifei Chen\Desktop\pysmell\subjects_for_metrics\XX-Net\python27\1.0\lib\collections.py,106,23,1,5,0,0,0
XX-Net,C:\Users\Zhifei Chen\Desktop\pysmell\subjects_for_metrics\XX-Net\python27\1.0\lib\collections.py,110,29,1,7,0,0,0
XX-Net,C:\Users\Zhifei Chen\Desktop\pysmell\subjects_for_metrics\XX-Net\python27\1.0\lib\collections.py,179,23,1,7,0,0,0
XX-Net,C:\Users\Zhifei Chen\Desktop\pysmell\subjects_for_metrics\XX-Net\python27\1.0\lib\collections.py,320,35,1,9,0,0,0
XX-Net,C:\Users\Zhifei Chen\Desktop\pysmell\subjects_for_metrics\XX-Net\python27\1.0\lib\collections.py,329,35,1,9,0,0,0
XX-Net,C:\Users\Zhifei Chen\Desktop\pysmell\subjects_for_metrics\XX-Net\python27\1.0\lib\collections.py,353,54,1,6,0,0,0
XX-Net,C:\Users\Zhifei Chen\Desktop\pysmell\subjects_for_metrics\XX-Net\python27\1.0\lib\collections.py,355,86,1,11,0,0,0
XX-Net,C:\Users\Zhifei Chen\Desktop\pysmell\subjects_for_metrics\XX-Net\python27\1.0\lib\ConfigParser.py,651,38,1,7,0,0,0
XX-Net,C:\Users\Zhifei Chen\Desktop\pysmell\subjects_for_metrics\XX-Net\python27\1.0\lib\ConfigParser.py,654,74,1,13,1,0,0
XX-Net,C:\Users\Zhifei Chen\Desktop\pysmell\subjects_for_metrics\XX-Net\python27\1.0\lib\difflib.py,749,23,1,5,0,0,0
XX-Net,C:\Users\Zhifei Chen\Desktop\pysmell\subjects_for_metrics\XX-Net\python27\1.0\lib\difflib.py,1301,52,1,12,0,0,0
XX-Net,C:\Users\Zhifei Chen\Desktop\pysmell\subjects_for_metrics\XX-Net\python27\1.0\lib\difflib.py,1310,52,1,12,0,0,0
XX-Net,C:\Users\Zhifei Chen\Desktop\pysmell\subjects_for_metrics\XX-Net\python27\1.0\lib\difflib.py,1475,23,1,5,0,0,0
XX-Net,C:\Users\Zhifei Chen\Desktop\pysmell\subjects_for_metrics\XX-Net\python27\1.0\lib\difflib.py,1754,37,1,5,0,0,0
XX-Net,C:\Users\Zhifei Chen\Desktop\pysmell\subjects_for_metrics\XX-Net\python27\1.0\lib\difflib.py,1755,35,1,5,0,0,0
XX-Net,C:\Users\Zhifei Chen\Desktop\pysmell\subjects_for_metrics\XX-Net\python27\1.0\lib\dis.py,184,34,1,10,0,0,0
XX-Net,C:\Users\Zhifei Chen\Desktop\pysmell\subjects_for_metrics\XX-Net\python27\1.0\lib\dis.py,185,34,1,10,0,0,0
XX-Net,C:\Users\Zhifei Chen\Desktop\pysmell\subjects_for_metrics\XX-Net\python27\1.0\lib\getopt.py,167,36,2,7,0,0,0
XX-Net,C:\Users\Zhifei Chen\Desktop\pysmell\subjects_for_metrics\XX-Net\python27\1.0\lib\gettext.py,331,36,1,7,0,0,0
XX-Net,C:\Users\Zhifei Chen\Desktop\pysmell\subjects_for_metrics\XX-Net\python27\1.0\lib\hmac.py,8,30,1,9,0,0,0
XX-Net,C:\Users\Zhifei Chen\Desktop\pysmell\subjects_for_metrics\XX-Net\python27\1.0\lib\hmac.py,9,30,1,9,0,0,0
XX-Net,C:\Users\Zhifei Chen\Desktop\pysmell\subjects_for_metrics\XX-Net\python27\1.0\lib\httplib.py,953,20,1,5,0,0,0
XX-Net,C:\Users\Zhifei Chen\Desktop\pysmell\subjects_for_metrics\XX-Net\python27\1.0\lib\httplib.py,994,24,1,5,0,0,0
XX-Net,C:\Users\Zhifei Chen\Desktop\pysmell\subjects_for_metrics\XX-Net\python27\1.0\lib\inspect.py,976,35,2,6,0,0,0
XX-Net,C:\Users\Zhifei Chen\Desktop\pysmell\subjects_for_metrics\XX-Net\python27\1.0\lib\locale.py,343,69,2,22,1,0,0
XX-Net,C:\Users\Zhifei Chen\Desktop\pysmell\subjects_for_metrics\XX-Net\python27\1.0\lib\ntpath.py,492,27,2,7,0,0,0
XX-Net,C:\Users\Zhifei Chen\Desktop\pysmell\subjects_for_metrics\XX-Net\python27\1.0\lib\optparse.py,318,65,1,12,1,0,0
XX-Net,C:\Users\Zhifei Chen\Desktop\pysmell\subjects_for_metrics\XX-Net\python27\1.0\lib\optparse.py,346,65,1,9,0,0,0
XX-Net,C:\Users\Zhifei Chen\Desktop\pysmell\subjects_for_metrics\XX-Net\python27\1.0\lib\optparse.py,348,63,1,9,0,0,0
XX-Net,C:\Users\Zhifei Chen\Desktop\pysmell\subjects_for_metrics\XX-Net\python27\1.0\lib\optparse.py,776,36,1,7,0,0,0
XX-Net,C:\Users\Zhifei Chen\Desktop\pysmell\subjects_for_metrics\XX-Net\python27\1.0\lib\optparse.py,994,27,1,5,0,0,0
XX-Net,C:\Users\Zhifei Chen\Desktop\pysmell\subjects_for_metrics\XX-Net\python27\1.0\lib\optparse.py,1686,49,2,9,0,0,0
XX-Net,C:\Users\Zhifei Chen\Desktop\pysmell\subjects_for_metrics\XX-Net\python27\1.0\lib\pickle.py,165,46,2,9,0,0,0
XX-Net,C:\Users\Zhifei Chen\Desktop\pysmell\subjects_for_metrics\XX-Net\python27\1.0\lib\posixpath.py,422,37,2,9,0,0,0
XX-Net,C:\Users\Zhifei Chen\Desktop\pysmell\subjects_for_metrics\XX-Net\python27\1.0\lib\posixpath.py,423,36,2,9,0,0,0
XX-Net,C:\Users\Zhifei Chen\Desktop\pysmell\subjects_for_metrics\XX-Net\python27\1.0\lib\repr.py,48,48,1,9,0,0,0
XX-Net,C:\Users\Zhifei Chen\Desktop\pysmell\subjects_for_metrics\XX-Net\python27\1.0\lib\shutil.py,475,64,1,11,0,0,0
XX-Net,C:\Users\Zhifei Chen\Desktop\pysmell\subjects_for_metrics\XX-Net\python27\1.0\lib\site.py,188,43,2,7,0,0,0
XX-Net,C:\Users\Zhifei Chen\Desktop\pysmell\subjects_for_metrics\XX-Net\python27\1.0\lib\string.py,56,34,1,8,0,0,0
XX-Net,C:\Users\Zhifei Chen\Desktop\pysmell\subjects_for_metrics\XX-Net\python27\1.0\lib\stringprep.py,198,26,1,5,0,0,0
XX-Net,C:\Users\Zhifei Chen\Desktop\pysmell\subjects_for_metrics\XX-Net\python27\1.0\lib\tempfile.py,142,29,1,5,0,0,0
XX-Net,C:\Users\Zhifei Chen\Desktop\pysmell\subjects_for_metrics\XX-Net\python27\1.0\lib\tokenize.py,33,43,2,10,0,0,0
XX-Net,C:\Users\Zhifei Chen\Desktop\pysmell\subjects_for_metrics\XX-Net\python27\1.0\lib\urllib.py,1203,54,2,16,0,0,0
XX-Net,C:\Users\Zhifei Chen\Desktop\pysmell\subjects_for_metrics\XX-Net\python27\1.0\lib\urllib.py,1387,44,1,8,0,0,0
XX-Net,C:\Users\Zhifei Chen\Desktop\pysmell\subjects_for_metrics\XX-Net\python27\1.0\lib\urllib2.py,561,87,2,17,1,0,0
XX-Net,C:\Users\Zhifei Chen\Desktop\pysmell\subjects_for_metrics\XX-Net\python27\1.0\lib\urllib2.py,766,42,1,7,0,0,0
XX-Net,C:\Users\Zhifei Chen\Desktop\pysmell\subjects_for_metrics\XX-Net\python27\1.0\lib\urllib2.py,929,44,1,11,0,0,0
XX-Net,C:\Users\Zhifei Chen\Desktop\pysmell\subjects_for_metrics\XX-Net\python27\1.0\lib\urllib2.py,1157,53,2,13,0,0,0
XX-Net,C:\Users\Zhifei Chen\Desktop\pysmell\subjects_for_metrics\XX-Net\python27\1.0\lib\urllib2.py,1168,50,1,11,0,0,0
XX-Net,C:\Users\Zhifei Chen\Desktop\pysmell\subjects_for_metrics\XX-Net\python27\1.0\lib\urllib2.py,1300,26,1,5,0,0,0
XX-Net,C:\Users\Zhifei Chen\Desktop\pysmell\subjects_for_metrics\XX-Net\python27\1.0\lib\urlparse.py,205,32,1,5,0,0,0
XX-Net,C:\Users\Zhifei Chen\Desktop\pysmell\subjects_for_metrics\XX-Net\python27\1.0\lib\urlparse.py,331,54,2,16,0,0,0
XX-Net,C:\Users\Zhifei Chen\Desktop\pysmell\subjects_for_metrics\XX-Net\python27\1.0\lib\urlparse.py,408,44,2,11,0,0,0
XX-Net,C:\Users\Zhifei Chen\Desktop\pysmell\subjects_for_metrics\XX-Net\python27\1.0\lib\UserDict.py,120,29,1,7,0,0,0
XX-Net,C:\Users\Zhifei Chen\Desktop\pysmell\subjects_for_metrics\XX-Net\python27\1.0\lib\warnings.py,118,22,1,5,0,0,0
XX-Net,C:\Users\Zhifei Chen\Desktop\pysmell\subjects_for_metrics\XX-Net\python27\1.0\lib\webbrowser.py,172,40,1,8,0,0,0
XX-Net,C:\Users\Zhifei Chen\Desktop\pysmell\subjects_for_metrics\XX-Net\python27\1.0\lib\webbrowser.py,189,40,1,8,0,0,0
XX-Net,C:\Users\Zhifei Chen\Desktop\pysmell\subjects_for_metrics\XX-Net\python27\1.0\lib\webbrowser.py,273,73,1,12,1,0,0
XX-Net,C:\Users\Zhifei Chen\Desktop\pysmell\subjects_for_metrics\XX-Net\python27\1.0\lib\webbrowser.py,278,40,1,8,0,0,0
XX-Net,C:\Users\Zhifei Chen\Desktop\pysmell\subjects_for_metrics\XX-Net\python27\1.0\lib\zipextimporter.py,48,55,2,13,0,0,0
XX-Net,C:\Users\Zhifei Chen\Desktop\pysmell\subjects_for_metrics\XX-Net\python27\1.0\lib\zipfile.py,1068,79,2,18,1,0,0
XX-Net,C:\Users\Zhifei Chen\Desktop\pysmell\subjects_for_metrics\XX-Net\python27\1.0\lib\zipfile.py,1074,30,1,8,0,0,0
XX-Net,C:\Users\Zhifei Chen\Desktop\pysmell\subjects_for_metrics\XX-Net\python27\1.0\lib\zipfile.py,1079,47,1,11,0,0,0
XX-Net,C:\Users\Zhifei Chen\Desktop\pysmell\subjects_for_metrics\XX-Net\python27\1.0\lib\zipfile.py,1080,19,2,4,0,0,0
XX-Net,C:\Users\Zhifei Chen\Desktop\pysmell\subjects_for_metrics\XX-Net\python27\1.0\lib\_abcoll.py,195,37,2,6,0,0,0
XX-Net,C:\Users\Zhifei Chen\Desktop\pysmell\subjects_for_metrics\XX-Net\python27\1.0\lib\_abcoll.py,207,28,2,7,0,0,0
XX-Net,C:\Users\Zhifei Chen\Desktop\pysmell\subjects_for_metrics\XX-Net\python27\1.0\lib\_abcoll.py,215,40,2,6,0,0,0
XX-Net,C:\Users\Zhifei Chen\Desktop\pysmell\subjects_for_metrics\XX-Net\python27\1.0\lib\_abcoll.py,395,29,1,7,0,0,0
XX-Net,C:\Users\Zhifei Chen\Desktop\pysmell\subjects_for_metrics\XX-Net\python27\1.0\lib\_abcoll.py,399,23,1,5,0,0,0
XX-Net,C:\Users\Zhifei Chen\Desktop\pysmell\subjects_for_metrics\XX-Net\python27\1.0\lib\_abcoll.py,608,25,2,6,0,0,0
XX-Net,C:\Users\Zhifei Chen\Desktop\pysmell\subjects_for_metrics\XX-Net\python27\1.0\lib\_strptime.py,91,44,1,10,0,0,0
XX-Net,C:\Users\Zhifei Chen\Desktop\pysmell\subjects_for_metrics\XX-Net\python27\1.0\lib\_strptime.py,92,44,1,10,0,0,0
XX-Net,C:\Users\Zhifei Chen\Desktop\pysmell\subjects_for_metrics\XX-Net\python27\1.0\lib\_strptime.py,98,47,1,10,0,0,0
XX-Net,C:\Users\Zhifei Chen\Desktop\pysmell\subjects_for_metrics\XX-Net\python27\1.0\lib\_strptime.py,99,47,1,10,0,0,0
XX-Net,C:\Users\Zhifei Chen\Desktop\pysmell\subjects_for_metrics\XX-Net\python27\1.0\lib\_strptime.py,136,54,2,8,0,0,0
XX-Net,C:\Users\Zhifei Chen\Desktop\pysmell\subjects_for_metrics\XX-Net\python27\1.0\lib\_strptime.py,212,57,2,7,0,0,0
XX-Net,C:\Users\Zhifei Chen\Desktop\pysmell\subjects_for_metrics\XX-Net\python27\1.0\lib\_strptime.py,236,38,1,5,0,0,0
XX-Net,C:\Users\Zhifei Chen\Desktop\pysmell\subjects_for_metrics\XX-Net\python27\1.0\lib\_weakrefset.py,140,25,1,5,0,0,0
XX-Net,C:\Users\Zhifei Chen\Desktop\pysmell\subjects_for_metrics\XX-Net\python27\1.0\lib\_weakrefset.py,144,34,2,6,0,0,0
XX-Net,C:\Users\Zhifei Chen\Desktop\pysmell\subjects_for_metrics\XX-Net\python27\1.0\lib\_weakrefset.py,152,25,1,5,0,0,0
XX-Net,C:\Users\Zhifei Chen\Desktop\pysmell\subjects_for_metrics\XX-Net\python27\1.0\lib\_weakrefset.py,156,25,1,5,0,0,0
XX-Net,C:\Users\Zhifei Chen\Desktop\pysmell\subjects_for_metrics\XX-Net\python27\1.0\lib\_weakrefset.py,160,25,1,5,0,0,0
XX-Net,C:\Users\Zhifei Chen\Desktop\pysmell\subjects_for_metrics\XX-Net\python27\1.0\lib\_weakrefset.py,163,25,1,5,0,0,0
XX-Net,C:\Users\Zhifei Chen\Desktop\pysmell\subjects_for_metrics\XX-Net\python27\1.0\lib\_weakrefset.py,167,25,1,5,0,0,0
XX-Net,C:\Users\Zhifei Chen\Desktop\pysmell\subjects_for_metrics\XX-Net\python27\1.0\lib\_weakrefset.py,172,25,1,5,0,0,0
XX-Net,C:\Users\Zhifei Chen\Desktop\pysmell\subjects_for_metrics\XX-Net\python27\1.0\lib\_weakrefset.py,194,38,1,7,0,0,0
XX-Net,C:\Users\Zhifei Chen\Desktop\pysmell\subjects_for_metrics\XX-Net\python27\1.0\lib\_weakrefset.py,198,28,2,7,0,0,0
XX-Net,C:\Users\Zhifei Chen\Desktop\pysmell\subjects_for_metrics\XX-Net\python27\1.0\lib\crypto\py3AES.py,833,23,1,6,0,0,0
XX-Net,C:\Users\Zhifei Chen\Desktop\pysmell\subjects_for_metrics\XX-Net\python27\1.0\lib\darwin\gevent\hub.py,11,41,1,8,0,0,0
XX-Net,C:\Users\Zhifei Chen\Desktop\pysmell\subjects_for_metrics\XX-Net\python27\1.0\lib\darwin\gevent\hub.py,233,33,1,7,0,0,0
XX-Net,C:\Users\Zhifei Chen\Desktop\pysmell\subjects_for_metrics\XX-Net\python27\1.0\lib\darwin\gevent\monkey.py,205,50,2,9,0,0,0
XX-Net,C:\Users\Zhifei Chen\Desktop\pysmell\subjects_for_metrics\XX-Net\python27\1.0\lib\darwin\gevent\monkey.py,215,30,1,5,0,0,0
XX-Net,C:\Users\Zhifei Chen\Desktop\pysmell\subjects_for_metrics\XX-Net\python27\1.0\lib\darwin\gevent\monkey.py,237,37,1,7,0,0,0
XX-Net,C:\Users\Zhifei Chen\Desktop\pysmell\subjects_for_metrics\XX-Net\python27\1.0\lib\darwin\gevent\pywsgi.py,213,36,1,11,0,0,0
XX-Net,C:\Users\Zhifei Chen\Desktop\pysmell\subjects_for_metrics\XX-Net\python27\1.0\lib\darwin\gevent\pywsgi.py,347,33,1,6,0,0,0
XX-Net,C:\Users\Zhifei Chen\Desktop\pysmell\subjects_for_metrics\XX-Net\python27\1.0\lib\darwin\gevent\resolver_ares.py,136,47,2,10,0,0,0
XX-Net,C:\Users\Zhifei Chen\Desktop\pysmell\subjects_for_metrics\XX-Net\python27\1.0\lib\darwin\gevent\resolver_ares.py,138,43,2,10,0,0,0
XX-Net,C:\Users\Zhifei Chen\Desktop\pysmell\subjects_for_metrics\XX-Net\python27\1.0\lib\darwin\OpenSSL\test\test_crypto.py,1928,50,1,10,0,0,0
XX-Net,C:\Users\Zhifei Chen\Desktop\pysmell\subjects_for_metrics\XX-Net\python27\1.0\lib\linux\gevent\httplib.py,31,54,1,10,0,0,0
XX-Net,C:\Users\Zhifei Chen\Desktop\pysmell\subjects_for_metrics\XX-Net\python27\1.0\lib\linux\gevent\httplib.py,55,38,1,7,0,0,0
XX-Net,C:\Users\Zhifei Chen\Desktop\pysmell\subjects_for_metrics\XX-Net\python27\1.0\lib\linux\gevent\monkey.py,208,91,2,18,1,0,0
XX-Net,C:\Users\Zhifei Chen\Desktop\pysmell\subjects_for_metrics\XX-Net\python27\1.0\lib\linux\gevent\monkey.py,218,30,1,5,0,0,0
XX-Net,C:\Users\Zhifei Chen\Desktop\pysmell\subjects_for_metrics\XX-Net\python27\1.0\lib\linux\gevent\monkey.py,237,37,1,7,0,0,0
XX-Net,C:\Users\Zhifei Chen\Desktop\pysmell\subjects_for_metrics\XX-Net\python27\1.0\lib\linux\gevent\pool.py,166,40,1,7,0,0,0
XX-Net,C:\Users\Zhifei Chen\Desktop\pysmell\subjects_for_metrics\XX-Net\python27\1.0\lib\linux\gevent\pool.py,167,38,1,5,0,0,0
XX-Net,C:\Users\Zhifei Chen\Desktop\pysmell\subjects_for_metrics\XX-Net\python27\1.0\lib\linux\gevent\pool.py,323,24,1,4,0,0,0
XX-Net,C:\Users\Zhifei Chen\Desktop\pysmell\subjects_for_metrics\XX-Net\python27\1.0\lib\linux\gevent\pywsgi.py,206,36,1,11,0,0,0
XX-Net,C:\Users\Zhifei Chen\Desktop\pysmell\subjects_for_metrics\XX-Net\python27\1.0\lib\linux\gevent\pywsgi.py,350,33,1,6,0,0,0
XX-Net,C:\Users\Zhifei Chen\Desktop\pysmell\subjects_for_metrics\XX-Net\python27\1.0\lib\linux\gevent\pywsgi.py,387,79,2,18,1,0,0
XX-Net,C:\Users\Zhifei Chen\Desktop\pysmell\subjects_for_metrics\XX-Net\python27\1.0\lib\linux\gevent\pywsgi.py,387,36,1,8,0,0,0
XX-Net,C:\Users\Zhifei Chen\Desktop\pysmell\subjects_for_metrics\XX-Net\python27\1.0\lib\linux\gevent\pywsgi.py,388,33,1,6,0,0,0
XX-Net,C:\Users\Zhifei Chen\Desktop\pysmell\subjects_for_metrics\XX-Net\python27\1.0\lib\logging\config.py,476,43,2,10,0,0,0
XX-Net,C:\Users\Zhifei Chen\Desktop\pysmell\subjects_for_metrics\XX-Net\python27\1.0\lib\logging\config.py,731,43,2,10,0,0,0
XX-Net,C:\Users\Zhifei Chen\Desktop\pysmell\subjects_for_metrics\XX-Net\python27\1.0\lib\noarch\dnslib\bimap.py,56,38,1,11,0,0,0
XX-Net,C:\Users\Zhifei Chen\Desktop\pysmell\subjects_for_metrics\XX-Net\python27\1.0\lib\noarch\dnslib\bit.py,8,47,1,15,0,0,0
XX-Net,C:\Users\Zhifei Chen\Desktop\pysmell\subjects_for_metrics\XX-Net\python27\1.0\lib\noarch\dnslib\bit.py,31,19,1,5,0,0,0
XX-Net,C:\Users\Zhifei Chen\Desktop\pysmell\subjects_for_metrics\XX-Net\python27\1.0\lib\noarch\dnslib\bit.py,32,19,1,5,0,0,0
XX-Net,C:\Users\Zhifei Chen\Desktop\pysmell\subjects_for_metrics\XX-Net\python27\1.0\lib\noarch\dnslib\bit.py,81,49,1,15,0,0,0
XX-Net,C:\Users\Zhifei Chen\Desktop\pysmell\subjects_for_metrics\XX-Net\python27\1.0\lib\noarch\dnslib\dns.py,382,29,1,6,0,0,0
XX-Net,C:\Users\Zhifei Chen\Desktop\pysmell\subjects_for_metrics\XX-Net\python27\1.0\lib\noarch\dnslib\dns.py,383,24,1,6,0,0,0
XX-Net,C:\Users\Zhifei Chen\Desktop\pysmell\subjects_for_metrics\XX-Net\python27\1.0\lib\noarch\dnslib\dns.py,384,26,1,6,0,0,0
XX-Net,C:\Users\Zhifei Chen\Desktop\pysmell\subjects_for_metrics\XX-Net\python27\1.0\lib\noarch\dnslib\dns.py,385,24,1,6,0,0,0
XX-Net,C:\Users\Zhifei Chen\Desktop\pysmell\subjects_for_metrics\XX-Net\python27\1.0\lib\noarch\dnslib\dns.py,396,54,1,12,0,0,0
XX-Net,C:\Users\Zhifei Chen\Desktop\pysmell\subjects_for_metrics\XX-Net\python27\1.0\lib\noarch\dnslib\dns.py,399,49,1,12,0,0,0
XX-Net,C:\Users\Zhifei Chen\Desktop\pysmell\subjects_for_metrics\XX-Net\python27\1.0\lib\noarch\dnslib\dns.py,402,51,1,12,0,0,0
XX-Net,C:\Users\Zhifei Chen\Desktop\pysmell\subjects_for_metrics\XX-Net\python27\1.0\lib\noarch\dnslib\dns.py,405,49,1,12,0,0,0
XX-Net,C:\Users\Zhifei Chen\Desktop\pysmell\subjects_for_metrics\XX-Net\python27\1.0\lib\noarch\dnslib\dns.py,412,33,1,7,0,0,0
XX-Net,C:\Users\Zhifei Chen\Desktop\pysmell\subjects_for_metrics\XX-Net\python27\1.0\lib\noarch\dnslib\dns.py,438,40,1,10,0,0,0
XX-Net,C:\Users\Zhifei Chen\Desktop\pysmell\subjects_for_metrics\XX-Net\python27\1.0\lib\noarch\dnslib\dns.py,439,41,1,10,0,0,0
XX-Net,C:\Users\Zhifei Chen\Desktop\pysmell\subjects_for_metrics\XX-Net\python27\1.0\lib\noarch\dnslib\dns.py,624,48,1,11,0,0,0
XX-Net,C:\Users\Zhifei Chen\Desktop\pysmell\subjects_for_metrics\XX-Net\python27\1.0\lib\noarch\dnslib\dns.py,682,48,1,11,0,0,0
XX-Net,C:\Users\Zhifei Chen\Desktop\pysmell\subjects_for_metrics\XX-Net\python27\1.0\lib\noarch\dnslib\dns.py,722,48,1,11,0,0,0
XX-Net,C:\Users\Zhifei Chen\Desktop\pysmell\subjects_for_metrics\XX-Net\python27\1.0\lib\noarch\dnslib\dns.py,809,29,1,6,0,0,0
XX-Net,C:\Users\Zhifei Chen\Desktop\pysmell\subjects_for_metrics\XX-Net\python27\1.0\lib\noarch\dnslib\dns.py,824,28,1,6,0,0,0
XX-Net,C:\Users\Zhifei Chen\Desktop\pysmell\subjects_for_metrics\XX-Net\python27\1.0\lib\noarch\dnslib\dns.py,844,48,1,11,0,0,0
XX-Net,C:\Users\Zhifei Chen\Desktop\pysmell\subjects_for_metrics\XX-Net\python27\1.0\lib\noarch\dnslib\dns.py,918,53,1,12,0,0,0
XX-Net,C:\Users\Zhifei Chen\Desktop\pysmell\subjects_for_metrics\XX-Net\python27\1.0\lib\noarch\dnslib\dns.py,1001,44,2,13,0,0,0
XX-Net,C:\Users\Zhifei Chen\Desktop\pysmell\subjects_for_metrics\XX-Net\python27\1.0\lib\noarch\dnslib\dns.py,1002,44,2,13,0,0,0
XX-Net,C:\Users\Zhifei Chen\Desktop\pysmell\subjects_for_metrics\XX-Net\python27\1.0\lib\noarch\dnslib\dns.py,1177,20,1,8,0,0,0
XX-Net,C:\Users\Zhifei Chen\Desktop\pysmell\subjects_for_metrics\XX-Net\python27\1.0\lib\noarch\dnslib\dns.py,1289,25,1,10,0,0,0
XX-Net,C:\Users\Zhifei Chen\Desktop\pysmell\subjects_for_metrics\XX-Net\python27\1.0\lib\noarch\dnslib\intercept.py,50,35,1,7,0,0,0
XX-Net,C:\Users\Zhifei Chen\Desktop\pysmell\subjects_for_metrics\XX-Net\python27\1.0\lib\noarch\dnslib\intercept.py,57,39,1,7,0,0,0
XX-Net,C:\Users\Zhifei Chen\Desktop\pysmell\subjects_for_metrics\XX-Net\python27\1.0\lib\noarch\dnslib\label.py,117,34,1,7,0,0,0
XX-Net,C:\Users\Zhifei Chen\Desktop\pysmell\subjects_for_metrics\XX-Net\python27\1.0\lib\noarch\dnslib\label.py,120,28,1,6,0,0,0
XX-Net,C:\Users\Zhifei Chen\Desktop\pysmell\subjects_for_metrics\XX-Net\python27\1.0\lib\noarch\dnslib\label.py,135,27,1,6,0,0,0
XX-Net,C:\Users\Zhifei Chen\Desktop\pysmell\subjects_for_metrics\XX-Net\python27\1.0\lib\noarch\dnslib\label.py,136,28,1,6,0,0,0
XX-Net,C:\Users\Zhifei Chen\Desktop\pysmell\subjects_for_metrics\XX-Net\python27\1.0\lib\noarch\dnslib\server.py,207,29,2,8,0,0,0
XX-Net,C:\Users\Zhifei Chen\Desktop\pysmell\subjects_for_metrics\XX-Net\python27\1.0\lib\noarch\dnslib\server.py,208,48,2,13,0,0,0
XX-Net,C:\Users\Zhifei Chen\Desktop\pysmell\subjects_for_metrics\XX-Net\python27\1.0\lib\noarch\dnslib\server.py,209,52,2,13,0,0,0
XX-Net,C:\Users\Zhifei Chen\Desktop\pysmell\subjects_for_metrics\XX-Net\python27\1.0\lib\noarch\dnslib\server.py,263,30,1,7,0,0,0
XX-Net,C:\Users\Zhifei Chen\Desktop\pysmell\subjects_for_metrics\XX-Net\python27\1.0\lib\noarch\dnslib\server.py,274,30,1,7,0,0,0
XX-Net,C:\Users\Zhifei Chen\Desktop\pysmell\subjects_for_metrics\XX-Net\python27\1.0\lib\noarch\dnslib\zoneresolver.py,21,55,1,13,0,0,0
XX-Net,C:\Users\Zhifei Chen\Desktop\pysmell\subjects_for_metrics\XX-Net\python27\1.0\lib\noarch\pyasn1\debug.py,49,103,1,28,1,0,1
XX-Net,C:\Users\Zhifei Chen\Desktop\pysmell\subjects_for_metrics\XX-Net\python27\1.0\lib\noarch\pyasn1\codec\ber\decoder.py,571,18,1,5,0,0,0
XX-Net,C:\Users\Zhifei Chen\Desktop\pysmell\subjects_for_metrics\XX-Net\python27\1.0\lib\noarch\pyasn1\codec\ber\encoder.py,123,16,1,5,0,0,0
XX-Net,C:\Users\Zhifei Chen\Desktop\pysmell\subjects_for_metrics\XX-Net\python27\1.0\lib\noarch\pyasn1\compat\octets.py,5,19,1,5,0,0,0
XX-Net,C:\Users\Zhifei Chen\Desktop\pysmell\subjects_for_metrics\XX-Net\python27\1.0\lib\noarch\pyasn1\compat\octets.py,8,19,1,5,0,0,0
XX-Net,C:\Users\Zhifei Chen\Desktop\pysmell\subjects_for_metrics\XX-Net\python27\1.0\lib\noarch\pyasn1\compat\octets.py,17,10,1,3,0,0,0
XX-Net,C:\Users\Zhifei Chen\Desktop\pysmell\subjects_for_metrics\XX-Net\python27\1.0\lib\noarch\pyasn1\type\constraint.py,37,27,1,6,0,0,0
XX-Net,C:\Users\Zhifei Chen\Desktop\pysmell\subjects_for_metrics\XX-Net\python27\1.0\lib\noarch\pyasn1\type\tag.py,69,31,1,6,0,0,0
XX-Net,C:\Users\Zhifei Chen\Desktop\pysmell\subjects_for_metrics\XX-Net\python27\1.0\lib\noarch\pyasn1\type\univ.py,261,19,1,5,0,0,0
XX-Net,C:\Users\Zhifei Chen\Desktop\pysmell\subjects_for_metrics\XX-Net\python27\1.0\lib\noarch\pyasn1\type\univ.py,372,19,1,5,0,0,0
XX-Net,C:\Users\Zhifei Chen\Desktop\pysmell\subjects_for_metrics\XX-Net\python27\1.0\lib\noarch\pyasn1\type\univ.py,375,35,2,10,0,0,0
XX-Net,C:\Users\Zhifei Chen\Desktop\pysmell\subjects_for_metrics\XX-Net\python27\1.0\lib\noarch\pyasn1\type\univ.py,376,25,1,5,0,0,0
XX-Net,C:\Users\Zhifei Chen\Desktop\pysmell\subjects_for_metrics\XX-Net\python27\1.0\lib\noarch\pyasn1\type\univ.py,383,44,2,12,0,0,0
XX-Net,C:\Users\Zhifei Chen\Desktop\pysmell\subjects_for_metrics\XX-Net\python27\1.0\lib\noarch\pyasn1\type\univ.py,384,34,1,7,0,0,0
XX-Net,C:\Users\Zhifei Chen\Desktop\pysmell\subjects_for_metrics\XX-Net\python27\1.0\lib\noarch\pyasn1\type\univ.py,395,25,1,6,0,0,0
XX-Net,C:\Users\Zhifei Chen\Desktop\pysmell\subjects_for_metrics\XX-Net\python27\1.0\lib\noarch\pyasn1\type\univ.py,478,34,2,9,0,0,0
XX-Net,C:\Users\Zhifei Chen\Desktop\pysmell\subjects_for_metrics\XX-Net\python27\1.0\lib\noarch\pyasn1\type\univ.py,504,19,1,5,0,0,0
XX-Net,C:\Users\Zhifei Chen\Desktop\pysmell\subjects_for_metrics\XX-Net\python27\1.0\lib\noarch\sortedcontainers\sorteddict.py,194,24,1,5,0,0,0
XX-Net,C:\Users\Zhifei Chen\Desktop\pysmell\subjects_for_metrics\XX-Net\python27\1.0\lib\noarch\sortedcontainers\sorteddict.py,213,35,1,8,0,0,0
XX-Net,C:\Users\Zhifei Chen\Desktop\pysmell\subjects_for_metrics\XX-Net\python27\1.0\lib\noarch\sortedcontainers\sorteddict.py,247,29,1,6,0,0,0
XX-Net,C:\Users\Zhifei Chen\Desktop\pysmell\subjects_for_metrics\XX-Net\python27\1.0\lib\noarch\sortedcontainers\sorteddict.py,387,63,1,14,0,0,0
XX-Net,C:\Users\Zhifei Chen\Desktop\pysmell\subjects_for_metrics\XX-Net\python27\1.0\lib\noarch\sortedcontainers\sorteddict.py,399,31,1,6,0,0,0
XX-Net,C:\Users\Zhifei Chen\Desktop\pysmell\subjects_for_metrics\XX-Net\python27\1.0\lib\noarch\sortedcontainers\sorteddict.py,497,31,1,6,0,0,0
XX-Net,C:\Users\Zhifei Chen\Desktop\pysmell\subjects_for_metrics\XX-Net\python27\1.0\lib\noarch\sortedcontainers\sorteddict.py,550,30,1,6,0,0,0
XX-Net,C:\Users\Zhifei Chen\Desktop\pysmell\subjects_for_metrics\XX-Net\python27\1.0\lib\noarch\sortedcontainers\sorteddict.py,559,32,1,7,0,0,0
XX-Net,C:\Users\Zhifei Chen\Desktop\pysmell\subjects_for_metrics\XX-Net\python27\1.0\lib\noarch\sortedcontainers\sorteddict.py,571,40,1,8,0,0,0
XX-Net,C:\Users\Zhifei Chen\Desktop\pysmell\subjects_for_metrics\XX-Net\python27\1.0\lib\noarch\sortedcontainers\sorteddict.py,586,48,2,9,0,0,0
XX-Net,C:\Users\Zhifei Chen\Desktop\pysmell\subjects_for_metrics\XX-Net\python27\1.0\lib\noarch\sortedcontainers\sorteddict.py,590,39,2,8,0,0,0
XX-Net,C:\Users\Zhifei Chen\Desktop\pysmell\subjects_for_metrics\XX-Net\python27\1.0\lib\noarch\sortedcontainers\sorteddict.py,657,36,1,8,0,0,0
XX-Net,C:\Users\Zhifei Chen\Desktop\pysmell\subjects_for_metrics\XX-Net\python27\1.0\lib\noarch\sortedcontainers\sorteddict.py,662,38,1,9,0,0,0
XX-Net,C:\Users\Zhifei Chen\Desktop\pysmell\subjects_for_metrics\XX-Net\python27\1.0\lib\noarch\sortedcontainers\sorteddict.py,675,46,1,10,0,0,0
XX-Net,C:\Users\Zhifei Chen\Desktop\pysmell\subjects_for_metrics\XX-Net\python27\1.0\lib\noarch\sortedcontainers\sortedlist.py,147,59,1,15,0,0,0
XX-Net,C:\Users\Zhifei Chen\Desktop\pysmell\subjects_for_metrics\XX-Net\python27\1.0\lib\noarch\sortedcontainers\sortedlist.py,149,33,1,5,0,0,0
XX-Net,C:\Users\Zhifei Chen\Desktop\pysmell\subjects_for_metrics\XX-Net\python27\1.0\lib\noarch\sortedcontainers\sortedlist.py,623,30,1,5,0,0,0
XX-Net,C:\Users\Zhifei Chen\Desktop\pysmell\subjects_for_metrics\XX-Net\python27\1.0\lib\noarch\sortedcontainers\sortedlist.py,733,57,1,16,0,0,0
XX-Net,C:\Users\Zhifei Chen\Desktop\pysmell\subjects_for_metrics\XX-Net\python27\1.0\lib\noarch\sortedcontainers\sortedlist.py,897,59,1,16,0,0,0
XX-Net,C:\Users\Zhifei Chen\Desktop\pysmell\subjects_for_metrics\XX-Net\python27\1.0\lib\noarch\sortedcontainers\sortedlist.py,1107,40,1,10,0,0,0
XX-Net,C:\Users\Zhifei Chen\Desktop\pysmell\subjects_for_metrics\XX-Net\python27\1.0\lib\noarch\sortedcontainers\sortedlist.py,1112,40,1,10,0,0,0
XX-Net,C:\Users\Zhifei Chen\Desktop\pysmell\subjects_for_metrics\XX-Net\python27\1.0\lib\noarch\sortedcontainers\sortedlist.py,1117,39,1,10,0,0,0
XX-Net,C:\Users\Zhifei Chen\Desktop\pysmell\subjects_for_metrics\XX-Net\python27\1.0\lib\noarch\sortedcontainers\sortedlist.py,1122,40,1,10,0,0,0
XX-Net,C:\Users\Zhifei Chen\Desktop\pysmell\subjects_for_metrics\XX-Net\python27\1.0\lib\noarch\sortedcontainers\sortedlist.py,1127,39,1,10,0,0,0
XX-Net,C:\Users\Zhifei Chen\Desktop\pysmell\subjects_for_metrics\XX-Net\python27\1.0\lib\noarch\sortedcontainers\sortedlist.py,1132,40,1,10,0,0,0
XX-Net,C:\Users\Zhifei Chen\Desktop\pysmell\subjects_for_metrics\XX-Net\python27\1.0\lib\noarch\sortedcontainers\sortedlistwithkey.py,137,59,1,15,0,0,0
XX-Net,C:\Users\Zhifei Chen\Desktop\pysmell\subjects_for_metrics\XX-Net\python27\1.0\lib\noarch\sortedcontainers\sortedlistwithkey.py,139,44,1,9,0,0,0
XX-Net,C:\Users\Zhifei Chen\Desktop\pysmell\subjects_for_metrics\XX-Net\python27\1.0\lib\noarch\sortedcontainers\sortedlistwithkey.py,140,32,1,5,0,0,0
XX-Net,C:\Users\Zhifei Chen\Desktop\pysmell\subjects_for_metrics\XX-Net\python27\1.0\lib\noarch\sortedcontainers\sortedlistwithkey.py,670,30,1,5,0,0,0
XX-Net,C:\Users\Zhifei Chen\Desktop\pysmell\subjects_for_metrics\XX-Net\python27\1.0\lib\noarch\sortedcontainers\sortedlistwithkey.py,784,54,1,16,0,0,0
XX-Net,C:\Users\Zhifei Chen\Desktop\pysmell\subjects_for_metrics\XX-Net\python27\1.0\lib\noarch\sortedcontainers\sortedlistwithkey.py,966,53,1,16,0,0,0
XX-Net,C:\Users\Zhifei Chen\Desktop\pysmell\subjects_for_metrics\XX-Net\python27\1.0\lib\noarch\sortedcontainers\sortedlistwithkey.py,1193,40,1,10,0,0,0
XX-Net,C:\Users\Zhifei Chen\Desktop\pysmell\subjects_for_metrics\XX-Net\python27\1.0\lib\noarch\sortedcontainers\sortedlistwithkey.py,1198,40,1,10,0,0,0
XX-Net,C:\Users\Zhifei Chen\Desktop\pysmell\subjects_for_metrics\XX-Net\python27\1.0\lib\noarch\sortedcontainers\sortedlistwithkey.py,1203,39,1,10,0,0,0
XX-Net,C:\Users\Zhifei Chen\Desktop\pysmell\subjects_for_metrics\XX-Net\python27\1.0\lib\noarch\sortedcontainers\sortedlistwithkey.py,1208,40,1,10,0,0,0
XX-Net,C:\Users\Zhifei Chen\Desktop\pysmell\subjects_for_metrics\XX-Net\python27\1.0\lib\noarch\sortedcontainers\sortedlistwithkey.py,1213,39,1,10,0,0,0
XX-Net,C:\Users\Zhifei Chen\Desktop\pysmell\subjects_for_metrics\XX-Net\python27\1.0\lib\noarch\sortedcontainers\sortedlistwithkey.py,1218,40,1,10,0,0,0
XX-Net,C:\Users\Zhifei Chen\Desktop\pysmell\subjects_for_metrics\XX-Net\python27\1.0\lib\noarch\sortedcontainers\sortedset.py,294,31,1,6,0,0,0
XX-Net,C:\Users\Zhifei Chen\Desktop\pysmell\subjects_for_metrics\XX-Net\python27\1.0\lib\noarch\yaml\constructor.py,117,60,1,8,0,0,0
XX-Net,C:\Users\Zhifei Chen\Desktop\pysmell\subjects_for_metrics\XX-Net\python27\1.0\lib\noarch\yaml\constructor.py,244,36,1,8,0,0,0
XX-Net,C:\Users\Zhifei Chen\Desktop\pysmell\subjects_for_metrics\XX-Net\python27\1.0\lib\noarch\yaml\constructor.py,273,38,1,8,0,0,0
XX-Net,C:\Users\Zhifei Chen\Desktop\pysmell\subjects_for_metrics\XX-Net\python27\1.0\lib\noarch\yaml\events.py,9,67,2,11,0,0,0
XX-Net,C:\Users\Zhifei Chen\Desktop\pysmell\subjects_for_metrics\XX-Net\python27\1.0\lib\noarch\yaml\events.py,11,53,1,10,0,0,0
XX-Net,C:\Users\Zhifei Chen\Desktop\pysmell\subjects_for_metrics\XX-Net\python27\1.0\lib\noarch\yaml\tokens.py,7,54,2,9,0,0,0
XX-Net,C:\Users\Zhifei Chen\Desktop\pysmell\subjects_for_metrics\XX-Net\python27\1.0\lib\noarch\yaml\tokens.py,10,53,1,10,0,0,0
XX-Net,C:\Users\Zhifei Chen\Desktop\pysmell\subjects_for_metrics\XX-Net\python27\1.0\lib\win32\win32elevate.py,143,61,1,11,0,0,0
XX-Net,C:\Users\Zhifei Chen\Desktop\pysmell\subjects_for_metrics\XX-Net\python27\1.0\lib\win32\gevent\hub.py,11,41,1,8,0,0,0
XX-Net,C:\Users\Zhifei Chen\Desktop\pysmell\subjects_for_metrics\XX-Net\python27\1.0\lib\win32\gevent\hub.py,233,33,1,7,0,0,0
XX-Net,C:\Users\Zhifei Chen\Desktop\pysmell\subjects_for_metrics\XX-Net\python27\1.0\lib\win32\gevent\monkey.py,205,50,2,9,0,0,0
XX-Net,C:\Users\Zhifei Chen\Desktop\pysmell\subjects_for_metrics\XX-Net\python27\1.0\lib\win32\gevent\monkey.py,215,30,1,5,0,0,0
XX-Net,C:\Users\Zhifei Chen\Desktop\pysmell\subjects_for_metrics\XX-Net\python27\1.0\lib\win32\gevent\monkey.py,237,37,1,7,0,0,0
XX-Net,C:\Users\Zhifei Chen\Desktop\pysmell\subjects_for_metrics\XX-Net\python27\1.0\lib\win32\gevent\pywsgi.py,213,36,1,11,0,0,0
XX-Net,C:\Users\Zhifei Chen\Desktop\pysmell\subjects_for_metrics\XX-Net\python27\1.0\lib\win32\gevent\pywsgi.py,347,33,1,6,0,0,0
XX-Net,C:\Users\Zhifei Chen\Desktop\pysmell\subjects_for_metrics\XX-Net\python27\1.0\lib\win32\gevent\resolver_ares.py,136,47,2,10,0,0,0
XX-Net,C:\Users\Zhifei Chen\Desktop\pysmell\subjects_for_metrics\XX-Net\python27\1.0\lib\win32\gevent\resolver_ares.py,138,43,2,10,0,0,0
