subject,file,lineno,DOC,experience-based,statistics-based,tuning machine
XX-Net,C:\Users\Zhifei Chen\Desktop\pysmell\subjects_for_metrics\XX-Net\gae_proxy\local\cert_util.py,386,2,0,0,0
XX-Net,C:\Users\Zhifei Chen\Desktop\pysmell\subjects_for_metrics\XX-Net\gae_proxy\local\cert_util.py,476,2,0,0,0
XX-Net,C:\Users\Zhifei Chen\Desktop\pysmell\subjects_for_metrics\XX-Net\gae_proxy\local\connect_manager.py,548,2,0,0,0
XX-Net,C:\Users\Zhifei Chen\Desktop\pysmell\subjects_for_metrics\XX-Net\gae_proxy\local\gae_handler.py,63,2,0,0,0
XX-Net,C:\Users\Zhifei Chen\Desktop\pysmell\subjects_for_metrics\XX-Net\gae_proxy\local\proxy.py,90,2,0,0,0
XX-Net,C:\Users\Zhifei Chen\Desktop\pysmell\subjects_for_metrics\XX-Net\gae_proxy\local\proxy_handler.py,87,2,0,0,0
XX-Net,C:\Users\Zhifei Chen\Desktop\pysmell\subjects_for_metrics\XX-Net\gae_proxy\server\lib\google\appengine\api\validation.py,729,2,0,0,0
XX-Net,C:\Users\Zhifei Chen\Desktop\pysmell\subjects_for_metrics\XX-Net\gae_proxy\server\lib\google\appengine\tools\appcfg.py,1729,2,0,0,0
XX-Net,C:\Users\Zhifei Chen\Desktop\pysmell\subjects_for_metrics\XX-Net\gae_proxy\server\lib\google\appengine\tools\appcfg.py,1881,2,0,0,0
XX-Net,C:\Users\Zhifei Chen\Desktop\pysmell\subjects_for_metrics\XX-Net\gae_proxy\server\lib\google\appengine\tools\appcfg.py,2279,2,0,0,0
XX-Net,C:\Users\Zhifei Chen\Desktop\pysmell\subjects_for_metrics\XX-Net\gae_proxy\server\lib\google\appengine\tools\appcfg.py,2565,2,0,0,0
XX-Net,C:\Users\Zhifei Chen\Desktop\pysmell\subjects_for_metrics\XX-Net\gae_proxy\server\lib\google\appengine\tools\bulkloader.py,355,2,0,0,0
XX-Net,C:\Users\Zhifei Chen\Desktop\pysmell\subjects_for_metrics\XX-Net\gae_proxy\server\lib\google\appengine\tools\bulkloader.py,3404,2,0,0,0
XX-Net,C:\Users\Zhifei Chen\Desktop\pysmell\subjects_for_metrics\XX-Net\gae_proxy\server\lib\google\appengine\tools\bulkloader.py,3699,2,0,0,0
XX-Net,C:\Users\Zhifei Chen\Desktop\pysmell\subjects_for_metrics\XX-Net\gae_proxy\server\lib\google\appengine\tools\bulkloader.py,4050,2,0,0,0
XX-Net,C:\Users\Zhifei Chen\Desktop\pysmell\subjects_for_metrics\XX-Net\gae_proxy\server\lib\google\appengine\tools\dev_appserver.py,1610,2,0,0,0
XX-Net,C:\Users\Zhifei Chen\Desktop\pysmell\subjects_for_metrics\XX-Net\gae_proxy\server\lib\google\appengine\tools\dev_appserver_import_hook.py,176,2,0,0,0
XX-Net,C:\Users\Zhifei Chen\Desktop\pysmell\subjects_for_metrics\XX-Net\gae_proxy\server\lib\google\appengine\tools\dev_appserver_import_hook.py,614,2,0,0,0
XX-Net,C:\Users\Zhifei Chen\Desktop\pysmell\subjects_for_metrics\XX-Net\gae_proxy\server\lib\google\appengine\tools\dev_appserver_upload.py,218,2,0,0,0
XX-Net,C:\Users\Zhifei Chen\Desktop\pysmell\subjects_for_metrics\XX-Net\gae_proxy\server\lib\google\appengine\tools\gen_protorpc.py,124,3,1,0,0
XX-Net,C:\Users\Zhifei Chen\Desktop\pysmell\subjects_for_metrics\XX-Net\gae_proxy\server\lib\google\appengine\tools\requeue.py,131,2,0,0,0
XX-Net,C:\Users\Zhifei Chen\Desktop\pysmell\subjects_for_metrics\XX-Net\gae_proxy\server\lib\google\appengine\tools\requeue.py,152,2,0,0,0
XX-Net,C:\Users\Zhifei Chen\Desktop\pysmell\subjects_for_metrics\XX-Net\gae_proxy\server\lib\google\appengine\tools\requeue.py,178,2,0,0,0
XX-Net,C:\Users\Zhifei Chen\Desktop\pysmell\subjects_for_metrics\XX-Net\launcher\setup.py,28,2,0,0,0
XX-Net,C:\Users\Zhifei Chen\Desktop\pysmell\subjects_for_metrics\XX-Net\launcher\setup.py,98,2,0,0,0
XX-Net,C:\Users\Zhifei Chen\Desktop\pysmell\subjects_for_metrics\XX-Net\launcher\setup.py,143,2,0,0,0
XX-Net,C:\Users\Zhifei Chen\Desktop\pysmell\subjects_for_metrics\XX-Net\php_proxy\local\cert_util.py,381,2,0,0,0
XX-Net,C:\Users\Zhifei Chen\Desktop\pysmell\subjects_for_metrics\XX-Net\php_proxy\local\cert_util.py,470,2,0,0,0
XX-Net,C:\Users\Zhifei Chen\Desktop\pysmell\subjects_for_metrics\XX-Net\php_proxy\local\proxy.py,998,2,0,0,0
XX-Net,C:\Users\Zhifei Chen\Desktop\pysmell\subjects_for_metrics\XX-Net\php_proxy\local\proxy.py,1035,2,0,0,0
XX-Net,C:\Users\Zhifei Chen\Desktop\pysmell\subjects_for_metrics\XX-Net\php_proxy\local\proxylib.py,415,2,0,0,0
XX-Net,C:\Users\Zhifei Chen\Desktop\pysmell\subjects_for_metrics\XX-Net\php_proxy\local\proxylib.py,493,2,0,0,0
XX-Net,C:\Users\Zhifei Chen\Desktop\pysmell\subjects_for_metrics\XX-Net\php_proxy\local\proxylib.py,577,2,0,0,0
XX-Net,C:\Users\Zhifei Chen\Desktop\pysmell\subjects_for_metrics\XX-Net\php_proxy\local\proxylib.py,1373,2,0,0,0
XX-Net,C:\Users\Zhifei Chen\Desktop\pysmell\subjects_for_metrics\XX-Net\php_proxy\local\proxylib.py,1507,2,0,0,0
XX-Net,C:\Users\Zhifei Chen\Desktop\pysmell\subjects_for_metrics\XX-Net\python27\1.0\lib\difflib.py,1352,2,0,0,0
XX-Net,C:\Users\Zhifei Chen\Desktop\pysmell\subjects_for_metrics\XX-Net\python27\1.0\lib\difflib.py,1735,2,0,0,0
XX-Net,C:\Users\Zhifei Chen\Desktop\pysmell\subjects_for_metrics\XX-Net\python27\1.0\lib\gettext.py,75,2,0,0,0
XX-Net,C:\Users\Zhifei Chen\Desktop\pysmell\subjects_for_metrics\XX-Net\python27\1.0\lib\inspect.py,871,2,0,0,0
XX-Net,C:\Users\Zhifei Chen\Desktop\pysmell\subjects_for_metrics\XX-Net\python27\1.0\lib\inspect.py,895,2,0,0,0
XX-Net,C:\Users\Zhifei Chen\Desktop\pysmell\subjects_for_metrics\XX-Net\python27\1.0\lib\locale.py,1810,2,0,0,0
XX-Net,C:\Users\Zhifei Chen\Desktop\pysmell\subjects_for_metrics\XX-Net\python27\1.0\lib\mimetypes.py,228,2,0,0,0
XX-Net,C:\Users\Zhifei Chen\Desktop\pysmell\subjects_for_metrics\XX-Net\python27\1.0\lib\pkgutil.py,31,2,0,0,0
XX-Net,C:\Users\Zhifei Chen\Desktop\pysmell\subjects_for_metrics\XX-Net\python27\1.0\lib\pkgutil.py,71,2,0,0,0
XX-Net,C:\Users\Zhifei Chen\Desktop\pysmell\subjects_for_metrics\XX-Net\python27\1.0\lib\quopri.py,42,2,0,0,0
XX-Net,C:\Users\Zhifei Chen\Desktop\pysmell\subjects_for_metrics\XX-Net\python27\1.0\lib\re.py,268,2,0,0,0
XX-Net,C:\Users\Zhifei Chen\Desktop\pysmell\subjects_for_metrics\XX-Net\python27\1.0\lib\shutil.py,133,2,0,0,0
XX-Net,C:\Users\Zhifei Chen\Desktop\pysmell\subjects_for_metrics\XX-Net\python27\1.0\lib\shutil.py,337,2,0,0,0
XX-Net,C:\Users\Zhifei Chen\Desktop\pysmell\subjects_for_metrics\XX-Net\python27\1.0\lib\smtplib.py,540,2,0,0,0
XX-Net,C:\Users\Zhifei Chen\Desktop\pysmell\subjects_for_metrics\XX-Net\python27\1.0\lib\sre_parse.py,703,2,0,0,0
XX-Net,C:\Users\Zhifei Chen\Desktop\pysmell\subjects_for_metrics\XX-Net\python27\1.0\lib\string.py,148,2,0,0,0
XX-Net,C:\Users\Zhifei Chen\Desktop\pysmell\subjects_for_metrics\XX-Net\python27\1.0\lib\string.py,174,2,0,0,0
XX-Net,C:\Users\Zhifei Chen\Desktop\pysmell\subjects_for_metrics\XX-Net\python27\1.0\lib\subprocess.py,903,2,0,0,0
XX-Net,C:\Users\Zhifei Chen\Desktop\pysmell\subjects_for_metrics\XX-Net\python27\1.0\lib\subprocess.py,1186,2,0,0,0
XX-Net,C:\Users\Zhifei Chen\Desktop\pysmell\subjects_for_metrics\XX-Net\python27\1.0\lib\subprocess.py,1424,2,0,0,0
XX-Net,C:\Users\Zhifei Chen\Desktop\pysmell\subjects_for_metrics\XX-Net\python27\1.0\lib\sysconfig.py,170,2,0,0,0
XX-Net,C:\Users\Zhifei Chen\Desktop\pysmell\subjects_for_metrics\XX-Net\python27\1.0\lib\urllib.py,1398,2,0,0,0
XX-Net,C:\Users\Zhifei Chen\Desktop\pysmell\subjects_for_metrics\XX-Net\python27\1.0\lib\urllib2.py,454,2,0,0,0
XX-Net,C:\Users\Zhifei Chen\Desktop\pysmell\subjects_for_metrics\XX-Net\python27\1.0\lib\weakref.py,47,2,0,0,0
XX-Net,C:\Users\Zhifei Chen\Desktop\pysmell\subjects_for_metrics\XX-Net\python27\1.0\lib\weakref.py,243,2,0,0,0
XX-Net,C:\Users\Zhifei Chen\Desktop\pysmell\subjects_for_metrics\XX-Net\python27\1.0\lib\_weakrefset.py,36,2,0,0,0
XX-Net,C:\Users\Zhifei Chen\Desktop\pysmell\subjects_for_metrics\XX-Net\python27\1.0\lib\darwin\OpenSSL\test\test_crypto.py,638,2,0,0,0
XX-Net,C:\Users\Zhifei Chen\Desktop\pysmell\subjects_for_metrics\XX-Net\python27\1.0\lib\darwin\OpenSSL\test\test_crypto.py,746,2,0,0,0
XX-Net,C:\Users\Zhifei Chen\Desktop\pysmell\subjects_for_metrics\XX-Net\python27\1.0\lib\darwin\OpenSSL\test\test_crypto.py,1990,2,0,0,0
XX-Net,C:\Users\Zhifei Chen\Desktop\pysmell\subjects_for_metrics\XX-Net\python27\1.0\lib\darwin\OpenSSL\test\test_crypto.py,2006,2,0,0,0
XX-Net,C:\Users\Zhifei Chen\Desktop\pysmell\subjects_for_metrics\XX-Net\python27\1.0\lib\darwin\OpenSSL\test\test_crypto.py,2021,2,0,0,0
XX-Net,C:\Users\Zhifei Chen\Desktop\pysmell\subjects_for_metrics\XX-Net\python27\1.0\lib\darwin\OpenSSL\test\test_crypto.py,2151,2,0,0,0
XX-Net,C:\Users\Zhifei Chen\Desktop\pysmell\subjects_for_metrics\XX-Net\python27\1.0\lib\darwin\OpenSSL\test\test_ssl.py,441,2,0,0,0
XX-Net,C:\Users\Zhifei Chen\Desktop\pysmell\subjects_for_metrics\XX-Net\python27\1.0\lib\darwin\OpenSSL\test\test_ssl.py,461,2,0,0,0
XX-Net,C:\Users\Zhifei Chen\Desktop\pysmell\subjects_for_metrics\XX-Net\python27\1.0\lib\darwin\OpenSSL\test\test_ssl.py,475,2,0,0,0
XX-Net,C:\Users\Zhifei Chen\Desktop\pysmell\subjects_for_metrics\XX-Net\python27\1.0\lib\darwin\OpenSSL\test\test_ssl.py,489,2,0,0,0
XX-Net,C:\Users\Zhifei Chen\Desktop\pysmell\subjects_for_metrics\XX-Net\python27\1.0\lib\darwin\OpenSSL\test\test_ssl.py,503,2,0,0,0
XX-Net,C:\Users\Zhifei Chen\Desktop\pysmell\subjects_for_metrics\XX-Net\python27\1.0\lib\darwin\OpenSSL\test\test_ssl.py,522,2,0,0,0
XX-Net,C:\Users\Zhifei Chen\Desktop\pysmell\subjects_for_metrics\XX-Net\python27\1.0\lib\darwin\OpenSSL\test\test_ssl.py,893,2,0,0,0
XX-Net,C:\Users\Zhifei Chen\Desktop\pysmell\subjects_for_metrics\XX-Net\python27\1.0\lib\darwin\OpenSSL\test\test_ssl.py,915,2,0,0,0
XX-Net,C:\Users\Zhifei Chen\Desktop\pysmell\subjects_for_metrics\XX-Net\python27\1.0\lib\darwin\OpenSSL\test\test_ssl.py,948,2,0,0,0
XX-Net,C:\Users\Zhifei Chen\Desktop\pysmell\subjects_for_metrics\XX-Net\python27\1.0\lib\darwin\OpenSSL\test\test_ssl.py,1787,2,0,0,0
XX-Net,C:\Users\Zhifei Chen\Desktop\pysmell\subjects_for_metrics\XX-Net\python27\1.0\lib\darwin\OpenSSL\test\test_ssl.py,1800,2,0,0,0
XX-Net,C:\Users\Zhifei Chen\Desktop\pysmell\subjects_for_metrics\XX-Net\python27\1.0\lib\darwin\OpenSSL\test\test_ssl.py,1816,2,0,0,0
XX-Net,C:\Users\Zhifei Chen\Desktop\pysmell\subjects_for_metrics\XX-Net\python27\1.0\lib\darwin\OpenSSL\test\test_ssl.py,1837,2,0,0,0
XX-Net,C:\Users\Zhifei Chen\Desktop\pysmell\subjects_for_metrics\XX-Net\python27\1.0\lib\darwin\OpenSSL\test\test_ssl.py,1858,2,0,0,0
XX-Net,C:\Users\Zhifei Chen\Desktop\pysmell\subjects_for_metrics\XX-Net\python27\1.0\lib\darwin\OpenSSL\test\test_ssl.py,1890,2,0,0,0
XX-Net,C:\Users\Zhifei Chen\Desktop\pysmell\subjects_for_metrics\XX-Net\python27\1.0\lib\darwin\OpenSSL\test\test_ssl.py,1903,2,0,0,0
XX-Net,C:\Users\Zhifei Chen\Desktop\pysmell\subjects_for_metrics\XX-Net\python27\1.0\lib\darwin\OpenSSL\test\test_ssl.py,1921,2,0,0,0
XX-Net,C:\Users\Zhifei Chen\Desktop\pysmell\subjects_for_metrics\XX-Net\python27\1.0\lib\darwin\OpenSSL\test\test_ssl.py,1942,2,0,0,0
XX-Net,C:\Users\Zhifei Chen\Desktop\pysmell\subjects_for_metrics\XX-Net\python27\1.0\lib\json\encoder.py,33,2,0,0,0
XX-Net,C:\Users\Zhifei Chen\Desktop\pysmell\subjects_for_metrics\XX-Net\python27\1.0\lib\json\encoder.py,42,2,0,0,0
XX-Net,C:\Users\Zhifei Chen\Desktop\pysmell\subjects_for_metrics\XX-Net\python27\1.0\lib\json\encoder.py,212,2,0,0,0
XX-Net,C:\Users\Zhifei Chen\Desktop\pysmell\subjects_for_metrics\XX-Net\python27\1.0\lib\json\encoder.py,272,2,0,0,0
XX-Net,C:\Users\Zhifei Chen\Desktop\pysmell\subjects_for_metrics\XX-Net\python27\1.0\lib\json\scanner.py,15,2,0,0,0
XX-Net,C:\Users\Zhifei Chen\Desktop\pysmell\subjects_for_metrics\XX-Net\python27\1.0\lib\noarch\dnslib\ranges.py,40,2,0,0,0
XX-Net,C:\Users\Zhifei Chen\Desktop\pysmell\subjects_for_metrics\XX-Net\python27\1.0\lib\noarch\dnslib\ranges.py,69,2,0,0,0
XX-Net,C:\Users\Zhifei Chen\Desktop\pysmell\subjects_for_metrics\XX-Net\python27\1.0\lib\noarch\dnslib\test_decode.py,205,2,0,0,0
XX-Net,C:\Users\Zhifei Chen\Desktop\pysmell\subjects_for_metrics\XX-Net\python27\1.0\lib\noarch\sortedcontainers\sorteddict.py,18,2,0,0,0
XX-Net,C:\Users\Zhifei Chen\Desktop\pysmell\subjects_for_metrics\XX-Net\python27\1.0\lib\noarch\sortedcontainers\sortedlist.py,29,2,0,0,0
XX-Net,C:\Users\Zhifei Chen\Desktop\pysmell\subjects_for_metrics\XX-Net\python27\1.0\lib\noarch\sortedcontainers\sortedset.py,91,2,0,0,0
