subject,file,lineno,NOC,NOL,experience-based,statistics-based,tuning machine
XX-Net,C:\Users\Zhifei Chen\Desktop\pysmell\subjects_for_metrics\XX-Net\gae_proxy\local\cert_util.py,326,18,1,0,0,0
XX-Net,C:\Users\Zhifei Chen\Desktop\pysmell\subjects_for_metrics\XX-Net\gae_proxy\local\config.py,93,79,1,1,0,0
XX-Net,C:\Users\Zhifei Chen\Desktop\pysmell\subjects_for_metrics\XX-Net\gae_proxy\local\openssl_wrap.py,80,56,1,0,0,0
XX-Net,C:\Users\Zhifei Chen\Desktop\pysmell\subjects_for_metrics\XX-Net\gae_proxy\local\pac_server.py,133,39,1,0,0,0
XX-Net,C:\Users\Zhifei Chen\Desktop\pysmell\subjects_for_metrics\XX-Net\gae_proxy\local\pac_server.py,167,39,1,0,0,0
XX-Net,C:\Users\Zhifei Chen\Desktop\pysmell\subjects_for_metrics\XX-Net\gae_proxy\local\pac_server.py,223,39,1,0,0,0
XX-Net,C:\Users\Zhifei Chen\Desktop\pysmell\subjects_for_metrics\XX-Net\gae_proxy\local\proxy.py,213,48,1,0,0,0
XX-Net,C:\Users\Zhifei Chen\Desktop\pysmell\subjects_for_metrics\XX-Net\gae_proxy\server\gae\wsgi.py,121,55,1,0,0,0
XX-Net,C:\Users\Zhifei Chen\Desktop\pysmell\subjects_for_metrics\XX-Net\gae_proxy\server\gae\wsgi.py,128,48,1,0,0,0
XX-Net,C:\Users\Zhifei Chen\Desktop\pysmell\subjects_for_metrics\XX-Net\launcher\win_tray.py,65,61,1,1,0,0
XX-Net,C:\Users\Zhifei Chen\Desktop\pysmell\subjects_for_metrics\XX-Net\launcher\win_tray.py,66,59,1,1,0,0
XX-Net,C:\Users\Zhifei Chen\Desktop\pysmell\subjects_for_metrics\XX-Net\launcher\win_tray.py,67,62,1,1,0,0
XX-Net,C:\Users\Zhifei Chen\Desktop\pysmell\subjects_for_metrics\XX-Net\php_proxy\local\cert_util.py,158,78,1,1,0,0
XX-Net,C:\Users\Zhifei Chen\Desktop\pysmell\subjects_for_metrics\XX-Net\php_proxy\local\cert_util.py,321,18,1,0,0,0
XX-Net,C:\Users\Zhifei Chen\Desktop\pysmell\subjects_for_metrics\XX-Net\php_proxy\local\proxy.py,459,63,1,1,0,0
XX-Net,C:\Users\Zhifei Chen\Desktop\pysmell\subjects_for_metrics\XX-Net\php_proxy\local\proxy.py,479,34,1,0,0,0
XX-Net,C:\Users\Zhifei Chen\Desktop\pysmell\subjects_for_metrics\XX-Net\php_proxy\local\proxy.py,481,37,1,0,0,0
XX-Net,C:\Users\Zhifei Chen\Desktop\pysmell\subjects_for_metrics\XX-Net\php_proxy\local\proxy.py,542,72,1,1,0,0
XX-Net,C:\Users\Zhifei Chen\Desktop\pysmell\subjects_for_metrics\XX-Net\php_proxy\local\proxy.py,637,67,1,1,0,0
XX-Net,C:\Users\Zhifei Chen\Desktop\pysmell\subjects_for_metrics\XX-Net\php_proxy\local\proxy.py,723,74,1,1,0,0
XX-Net,C:\Users\Zhifei Chen\Desktop\pysmell\subjects_for_metrics\XX-Net\php_proxy\local\proxy.py,805,87,1,1,0,0
XX-Net,C:\Users\Zhifei Chen\Desktop\pysmell\subjects_for_metrics\XX-Net\php_proxy\local\proxy.py,806,87,1,1,0,0
XX-Net,C:\Users\Zhifei Chen\Desktop\pysmell\subjects_for_metrics\XX-Net\php_proxy\local\proxy.py,822,85,1,1,0,0
XX-Net,C:\Users\Zhifei Chen\Desktop\pysmell\subjects_for_metrics\XX-Net\php_proxy\local\proxy.py,826,85,1,1,0,0
XX-Net,C:\Users\Zhifei Chen\Desktop\pysmell\subjects_for_metrics\XX-Net\php_proxy\local\proxy.py,915,21,1,0,0,0
XX-Net,C:\Users\Zhifei Chen\Desktop\pysmell\subjects_for_metrics\XX-Net\php_proxy\local\proxy.py,935,81,1,1,0,0
XX-Net,C:\Users\Zhifei Chen\Desktop\pysmell\subjects_for_metrics\XX-Net\php_proxy\local\proxy.py,936,75,1,1,0,0
XX-Net,C:\Users\Zhifei Chen\Desktop\pysmell\subjects_for_metrics\XX-Net\php_proxy\local\proxy.py,937,83,1,1,0,0
XX-Net,C:\Users\Zhifei Chen\Desktop\pysmell\subjects_for_metrics\XX-Net\php_proxy\local\proxy.py,941,91,1,1,0,0
XX-Net,C:\Users\Zhifei Chen\Desktop\pysmell\subjects_for_metrics\XX-Net\php_proxy\local\proxy.py,977,80,1,1,0,0
XX-Net,C:\Users\Zhifei Chen\Desktop\pysmell\subjects_for_metrics\XX-Net\php_proxy\local\proxy.py,984,103,1,1,1,1
XX-Net,C:\Users\Zhifei Chen\Desktop\pysmell\subjects_for_metrics\XX-Net\php_proxy\local\proxy.py,1012,83,1,1,0,0
XX-Net,C:\Users\Zhifei Chen\Desktop\pysmell\subjects_for_metrics\XX-Net\php_proxy\local\proxy.py,1094,189,1,1,1,1
XX-Net,C:\Users\Zhifei Chen\Desktop\pysmell\subjects_for_metrics\XX-Net\php_proxy\local\proxy.py,1096,81,1,1,0,0
XX-Net,C:\Users\Zhifei Chen\Desktop\pysmell\subjects_for_metrics\XX-Net\php_proxy\local\proxy.py,1097,69,1,1,0,0
XX-Net,C:\Users\Zhifei Chen\Desktop\pysmell\subjects_for_metrics\XX-Net\php_proxy\local\proxy.py,1101,51,1,0,0,0
XX-Net,C:\Users\Zhifei Chen\Desktop\pysmell\subjects_for_metrics\XX-Net\php_proxy\local\proxy.py,1103,63,1,1,0,0
XX-Net,C:\Users\Zhifei Chen\Desktop\pysmell\subjects_for_metrics\XX-Net\php_proxy\local\proxy.py,1104,66,1,1,0,0
XX-Net,C:\Users\Zhifei Chen\Desktop\pysmell\subjects_for_metrics\XX-Net\php_proxy\local\proxy.py,1106,82,1,1,0,0
XX-Net,C:\Users\Zhifei Chen\Desktop\pysmell\subjects_for_metrics\XX-Net\php_proxy\local\proxy.py,1150,80,1,1,0,0
XX-Net,C:\Users\Zhifei Chen\Desktop\pysmell\subjects_for_metrics\XX-Net\php_proxy\local\proxy.py,1211,65,1,1,0,0
XX-Net,C:\Users\Zhifei Chen\Desktop\pysmell\subjects_for_metrics\XX-Net\php_proxy\local\proxylib.py,201,56,1,0,0,0
XX-Net,C:\Users\Zhifei Chen\Desktop\pysmell\subjects_for_metrics\XX-Net\php_proxy\local\proxylib.py,423,53,1,0,0,0
XX-Net,C:\Users\Zhifei Chen\Desktop\pysmell\subjects_for_metrics\XX-Net\php_proxy\local\proxylib.py,426,51,1,0,0,0
XX-Net,C:\Users\Zhifei Chen\Desktop\pysmell\subjects_for_metrics\XX-Net\php_proxy\local\proxylib.py,658,28,1,0,0,0
XX-Net,C:\Users\Zhifei Chen\Desktop\pysmell\subjects_for_metrics\XX-Net\php_proxy\local\proxylib.py,668,68,1,1,0,0
XX-Net,C:\Users\Zhifei Chen\Desktop\pysmell\subjects_for_metrics\XX-Net\php_proxy\local\proxylib.py,1112,18,1,0,0,0
XX-Net,C:\Users\Zhifei Chen\Desktop\pysmell\subjects_for_metrics\XX-Net\php_proxy\local\proxylib.py,1118,18,1,0,0,0
XX-Net,C:\Users\Zhifei Chen\Desktop\pysmell\subjects_for_metrics\XX-Net\php_proxy\local\proxylib.py,1144,36,1,0,0,0
XX-Net,C:\Users\Zhifei Chen\Desktop\pysmell\subjects_for_metrics\XX-Net\php_proxy\local\proxylib.py,1314,33,1,0,0,0
XX-Net,C:\Users\Zhifei Chen\Desktop\pysmell\subjects_for_metrics\XX-Net\php_proxy\local\proxylib.py,1318,92,1,1,0,0
XX-Net,C:\Users\Zhifei Chen\Desktop\pysmell\subjects_for_metrics\XX-Net\php_proxy\local\proxylib.py,1375,51,1,0,0,0
XX-Net,C:\Users\Zhifei Chen\Desktop\pysmell\subjects_for_metrics\XX-Net\php_proxy\local\proxylib.py,1735,55,1,0,0,0
XX-Net,C:\Users\Zhifei Chen\Desktop\pysmell\subjects_for_metrics\XX-Net\php_proxy\local\proxylib.py,1740,99,1,1,0,0
XX-Net,C:\Users\Zhifei Chen\Desktop\pysmell\subjects_for_metrics\XX-Net\php_proxy\local\proxylib.py,1767,28,1,0,0,0
XX-Net,C:\Users\Zhifei Chen\Desktop\pysmell\subjects_for_metrics\XX-Net\php_proxy\server\index.py,139,68,1,1,0,0
XX-Net,C:\Users\Zhifei Chen\Desktop\pysmell\subjects_for_metrics\XX-Net\python27\1.0\lib\bdb.py,24,23,1,0,0,0
XX-Net,C:\Users\Zhifei Chen\Desktop\pysmell\subjects_for_metrics\XX-Net\python27\1.0\lib\collections.py,160,34,1,0,0,0
XX-Net,C:\Users\Zhifei Chen\Desktop\pysmell\subjects_for_metrics\XX-Net\python27\1.0\lib\collections.py,640,41,1,0,0,0
XX-Net,C:\Users\Zhifei Chen\Desktop\pysmell\subjects_for_metrics\XX-Net\python27\1.0\lib\collections.py,660,41,1,0,0,0
XX-Net,C:\Users\Zhifei Chen\Desktop\pysmell\subjects_for_metrics\XX-Net\python27\1.0\lib\difflib.py,1203,47,1,0,0,0
XX-Net,C:\Users\Zhifei Chen\Desktop\pysmell\subjects_for_metrics\XX-Net\python27\1.0\lib\difflib.py,1204,43,1,0,0,0
XX-Net,C:\Users\Zhifei Chen\Desktop\pysmell\subjects_for_metrics\XX-Net\python27\1.0\lib\difflib.py,1290,47,1,0,0,0
XX-Net,C:\Users\Zhifei Chen\Desktop\pysmell\subjects_for_metrics\XX-Net\python27\1.0\lib\difflib.py,1291,43,1,0,0,0
XX-Net,C:\Users\Zhifei Chen\Desktop\pysmell\subjects_for_metrics\XX-Net\python27\1.0\lib\heapq.py,138,41,1,0,0,0
XX-Net,C:\Users\Zhifei Chen\Desktop\pysmell\subjects_for_metrics\XX-Net\python27\1.0\lib\inspect.py,530,30,1,0,0,0
XX-Net,C:\Users\Zhifei Chen\Desktop\pysmell\subjects_for_metrics\XX-Net\python27\1.0\lib\inspect.py,936,28,1,0,0,0
XX-Net,C:\Users\Zhifei Chen\Desktop\pysmell\subjects_for_metrics\XX-Net\python27\1.0\lib\inspect.py,946,31,1,0,0,0
XX-Net,C:\Users\Zhifei Chen\Desktop\pysmell\subjects_for_metrics\XX-Net\python27\1.0\lib\inspect.py,947,39,1,0,0,0
XX-Net,C:\Users\Zhifei Chen\Desktop\pysmell\subjects_for_metrics\XX-Net\python27\1.0\lib\inspect.py,980,32,1,0,0,0
XX-Net,C:\Users\Zhifei Chen\Desktop\pysmell\subjects_for_metrics\XX-Net\python27\1.0\lib\inspect.py,981,43,1,0,0,0
XX-Net,C:\Users\Zhifei Chen\Desktop\pysmell\subjects_for_metrics\XX-Net\python27\1.0\lib\locale.py,343,44,1,0,0,0
XX-Net,C:\Users\Zhifei Chen\Desktop\pysmell\subjects_for_metrics\XX-Net\python27\1.0\lib\ntpath.py,401,52,1,0,0,0
XX-Net,C:\Users\Zhifei Chen\Desktop\pysmell\subjects_for_metrics\XX-Net\python27\1.0\lib\posixpath.py,324,51,1,0,0,0
XX-Net,C:\Users\Zhifei Chen\Desktop\pysmell\subjects_for_metrics\XX-Net\python27\1.0\lib\random.py,372,44,1,0,0,0
XX-Net,C:\Users\Zhifei Chen\Desktop\pysmell\subjects_for_metrics\XX-Net\python27\1.0\lib\site.py,572,52,1,0,0,0
XX-Net,C:\Users\Zhifei Chen\Desktop\pysmell\subjects_for_metrics\XX-Net\python27\1.0\lib\site.py,574,52,1,0,0,0
XX-Net,C:\Users\Zhifei Chen\Desktop\pysmell\subjects_for_metrics\XX-Net\python27\1.0\lib\sysconfig.py,178,45,1,0,0,0
XX-Net,C:\Users\Zhifei Chen\Desktop\pysmell\subjects_for_metrics\XX-Net\python27\1.0\lib\sysconfig.py,183,86,3,1,1,1
XX-Net,C:\Users\Zhifei Chen\Desktop\pysmell\subjects_for_metrics\XX-Net\python27\1.0\lib\sysconfig.py,187,44,1,0,0,0
XX-Net,C:\Users\Zhifei Chen\Desktop\pysmell\subjects_for_metrics\XX-Net\python27\1.0\lib\tokenize.py,373,27,1,0,0,0
XX-Net,C:\Users\Zhifei Chen\Desktop\pysmell\subjects_for_metrics\XX-Net\python27\1.0\lib\urllib.py,1245,54,1,0,0,0
XX-Net,C:\Users\Zhifei Chen\Desktop\pysmell\subjects_for_metrics\XX-Net\python27\1.0\lib\warnings.py,39,56,1,0,0,0
XX-Net,C:\Users\Zhifei Chen\Desktop\pysmell\subjects_for_metrics\XX-Net\python27\1.0\lib\warnings.py,293,35,1,0,0,0
XX-Net,C:\Users\Zhifei Chen\Desktop\pysmell\subjects_for_metrics\XX-Net\python27\1.0\lib\warnings.py,327,49,1,0,0,0
XX-Net,C:\Users\Zhifei Chen\Desktop\pysmell\subjects_for_metrics\XX-Net\python27\1.0\lib\zipfile.py,1266,23,1,0,0,0
XX-Net,C:\Users\Zhifei Chen\Desktop\pysmell\subjects_for_metrics\XX-Net\python27\1.0\lib\_abcoll.py,538,29,1,0,0,0
XX-Net,C:\Users\Zhifei Chen\Desktop\pysmell\subjects_for_metrics\XX-Net\python27\1.0\lib\_strptime.py,438,38,1,0,0,0
XX-Net,C:\Users\Zhifei Chen\Desktop\pysmell\subjects_for_metrics\XX-Net\python27\1.0\lib\crypto\__init__.py,204,30,1,0,0,0
XX-Net,C:\Users\Zhifei Chen\Desktop\pysmell\subjects_for_metrics\XX-Net\python27\1.0\lib\crypto\__init__.py,209,17,1,0,0,0
XX-Net,C:\Users\Zhifei Chen\Desktop\pysmell\subjects_for_metrics\XX-Net\python27\1.0\lib\crypto\__init__.py,212,14,1,0,0,0
XX-Net,C:\Users\Zhifei Chen\Desktop\pysmell\subjects_for_metrics\XX-Net\python27\1.0\lib\crypto\__init__.py,243,15,1,0,0,0
XX-Net,C:\Users\Zhifei Chen\Desktop\pysmell\subjects_for_metrics\XX-Net\python27\1.0\lib\darwin\gevent\pywsgi.py,474,84,1,1,0,0
XX-Net,C:\Users\Zhifei Chen\Desktop\pysmell\subjects_for_metrics\XX-Net\python27\1.0\lib\darwin\gevent\socket.py,570,22,1,0,0,0
XX-Net,C:\Users\Zhifei Chen\Desktop\pysmell\subjects_for_metrics\XX-Net\python27\1.0\lib\darwin\gevent\subprocess.py,305,42,1,0,0,0
XX-Net,C:\Users\Zhifei Chen\Desktop\pysmell\subjects_for_metrics\XX-Net\python27\1.0\lib\darwin\gevent\subprocess.py,306,42,1,0,0,0
XX-Net,C:\Users\Zhifei Chen\Desktop\pysmell\subjects_for_metrics\XX-Net\python27\1.0\lib\darwin\gevent\_threading.py,28,26,1,0,0,0
XX-Net,C:\Users\Zhifei Chen\Desktop\pysmell\subjects_for_metrics\XX-Net\python27\1.0\lib\encodings\utf_16.py,42,28,1,0,0,0
XX-Net,C:\Users\Zhifei Chen\Desktop\pysmell\subjects_for_metrics\XX-Net\python27\1.0\lib\encodings\utf_32.py,37,28,1,0,0,0
XX-Net,C:\Users\Zhifei Chen\Desktop\pysmell\subjects_for_metrics\XX-Net\python27\1.0\lib\encodings\utf_32.py,89,74,3,1,1,1
XX-Net,C:\Users\Zhifei Chen\Desktop\pysmell\subjects_for_metrics\XX-Net\python27\1.0\lib\encodings\utf_32.py,93,74,3,1,1,1
XX-Net,C:\Users\Zhifei Chen\Desktop\pysmell\subjects_for_metrics\XX-Net\python27\1.0\lib\logging\config.py,109,41,1,0,0,0
XX-Net,C:\Users\Zhifei Chen\Desktop\pysmell\subjects_for_metrics\XX-Net\python27\1.0\lib\noarch\socks.py,128,35,1,0,0,0
XX-Net,C:\Users\Zhifei Chen\Desktop\pysmell\subjects_for_metrics\XX-Net\python27\1.0\lib\noarch\socks.py,129,35,1,0,0,0
XX-Net,C:\Users\Zhifei Chen\Desktop\pysmell\subjects_for_metrics\XX-Net\python27\1.0\lib\noarch\socks.py,259,35,1,0,0,0
XX-Net,C:\Users\Zhifei Chen\Desktop\pysmell\subjects_for_metrics\XX-Net\python27\1.0\lib\noarch\socks.py,260,35,1,0,0,0
XX-Net,C:\Users\Zhifei Chen\Desktop\pysmell\subjects_for_metrics\XX-Net\python27\1.0\lib\noarch\socks.py,578,50,1,0,0,0
XX-Net,C:\Users\Zhifei Chen\Desktop\pysmell\subjects_for_metrics\XX-Net\python27\1.0\lib\noarch\dnslib\client.py,63,23,1,0,0,0
XX-Net,C:\Users\Zhifei Chen\Desktop\pysmell\subjects_for_metrics\XX-Net\python27\1.0\lib\noarch\dnslib\dns.py,60,55,2,1,0,0
XX-Net,C:\Users\Zhifei Chen\Desktop\pysmell\subjects_for_metrics\XX-Net\python27\1.0\lib\noarch\dnslib\dns.py,285,50,1,0,0,0
XX-Net,C:\Users\Zhifei Chen\Desktop\pysmell\subjects_for_metrics\XX-Net\python27\1.0\lib\noarch\dnslib\dns.py,290,27,1,0,0,0
XX-Net,C:\Users\Zhifei Chen\Desktop\pysmell\subjects_for_metrics\XX-Net\python27\1.0\lib\noarch\dnslib\dns.py,380,27,1,0,0,0
XX-Net,C:\Users\Zhifei Chen\Desktop\pysmell\subjects_for_metrics\XX-Net\python27\1.0\lib\noarch\dnslib\dns.py,821,24,1,0,0,0
XX-Net,C:\Users\Zhifei Chen\Desktop\pysmell\subjects_for_metrics\XX-Net\python27\1.0\lib\noarch\dnslib\dns.py,956,74,1,1,0,0
XX-Net,C:\Users\Zhifei Chen\Desktop\pysmell\subjects_for_metrics\XX-Net\python27\1.0\lib\noarch\dnslib\dns.py,1182,34,1,0,0,0
XX-Net,C:\Users\Zhifei Chen\Desktop\pysmell\subjects_for_metrics\XX-Net\python27\1.0\lib\noarch\dnslib\dns.py,1501,43,1,0,0,0
XX-Net,C:\Users\Zhifei Chen\Desktop\pysmell\subjects_for_metrics\XX-Net\python27\1.0\lib\noarch\dnslib\dns.py,1502,44,1,0,0,0
XX-Net,C:\Users\Zhifei Chen\Desktop\pysmell\subjects_for_metrics\XX-Net\python27\1.0\lib\noarch\dnslib\fixedresolver.py,73,28,1,0,0,0
XX-Net,C:\Users\Zhifei Chen\Desktop\pysmell\subjects_for_metrics\XX-Net\python27\1.0\lib\noarch\dnslib\intercept.py,117,28,1,0,0,0
XX-Net,C:\Users\Zhifei Chen\Desktop\pysmell\subjects_for_metrics\XX-Net\python27\1.0\lib\noarch\dnslib\lex.py,174,32,1,0,0,0
XX-Net,C:\Users\Zhifei Chen\Desktop\pysmell\subjects_for_metrics\XX-Net\python27\1.0\lib\noarch\dnslib\lex.py,204,41,1,0,0,0
XX-Net,C:\Users\Zhifei Chen\Desktop\pysmell\subjects_for_metrics\XX-Net\python27\1.0\lib\noarch\dnslib\lex.py,219,38,1,0,0,0
XX-Net,C:\Users\Zhifei Chen\Desktop\pysmell\subjects_for_metrics\XX-Net\python27\1.0\lib\noarch\dnslib\proxy.py,124,28,1,0,0,0
XX-Net,C:\Users\Zhifei Chen\Desktop\pysmell\subjects_for_metrics\XX-Net\python27\1.0\lib\noarch\dnslib\proxy.py,127,53,1,0,0,0
XX-Net,C:\Users\Zhifei Chen\Desktop\pysmell\subjects_for_metrics\XX-Net\python27\1.0\lib\noarch\dnslib\server.py,206,25,1,0,0,0
XX-Net,C:\Users\Zhifei Chen\Desktop\pysmell\subjects_for_metrics\XX-Net\python27\1.0\lib\noarch\dnslib\shellresolver.py,91,28,1,0,0,0
XX-Net,C:\Users\Zhifei Chen\Desktop\pysmell\subjects_for_metrics\XX-Net\python27\1.0\lib\noarch\dnslib\test_decode.py,259,20,1,0,0,0
XX-Net,C:\Users\Zhifei Chen\Desktop\pysmell\subjects_for_metrics\XX-Net\python27\1.0\lib\noarch\dnslib\zoneresolver.py,23,29,1,0,0,0
XX-Net,C:\Users\Zhifei Chen\Desktop\pysmell\subjects_for_metrics\XX-Net\python27\1.0\lib\noarch\dnslib\zoneresolver.py,93,28,1,0,0,0
XX-Net,C:\Users\Zhifei Chen\Desktop\pysmell\subjects_for_metrics\XX-Net\python27\1.0\lib\noarch\sortedcontainers\sorteddict.py,463,27,1,0,0,0
XX-Net,C:\Users\Zhifei Chen\Desktop\pysmell\subjects_for_metrics\XX-Net\python27\1.0\lib\noarch\sortedcontainers\sorteddict.py,692,54,1,0,0,0
XX-Net,C:\Users\Zhifei Chen\Desktop\pysmell\subjects_for_metrics\XX-Net\python27\1.0\lib\noarch\sortedcontainers\sortedset.py,43,27,1,0,0,0
XX-Net,C:\Users\Zhifei Chen\Desktop\pysmell\subjects_for_metrics\XX-Net\python27\1.0\lib\noarch\sortedcontainers\sortedset.py,149,26,1,0,0,0
XX-Net,C:\Users\Zhifei Chen\Desktop\pysmell\subjects_for_metrics\XX-Net\python27\1.0\lib\win32\win32elevate.py,142,35,1,0,0,0
XX-Net,C:\Users\Zhifei Chen\Desktop\pysmell\subjects_for_metrics\XX-Net\python27\1.0\lib\win32\gevent\pywsgi.py,474,84,1,1,0,0
XX-Net,C:\Users\Zhifei Chen\Desktop\pysmell\subjects_for_metrics\XX-Net\python27\1.0\lib\win32\gevent\socket.py,570,22,1,0,0,0
XX-Net,C:\Users\Zhifei Chen\Desktop\pysmell\subjects_for_metrics\XX-Net\python27\1.0\lib\win32\gevent\subprocess.py,305,42,1,0,0,0
XX-Net,C:\Users\Zhifei Chen\Desktop\pysmell\subjects_for_metrics\XX-Net\python27\1.0\lib\win32\gevent\subprocess.py,306,42,1,0,0,0
XX-Net,C:\Users\Zhifei Chen\Desktop\pysmell\subjects_for_metrics\XX-Net\python27\1.0\lib\win32\gevent\_threading.py,28,26,1,0,0,0
