subject,file,lineno,NOC,NOL,experience-based,statistics-based,tuning machine
yowsup,C:\Users\Zhifei Chen\Desktop\pysmell\subjects_for_metrics\yowsup\yowsup\common\tools.py,36,49,1,0,0,0
yowsup,C:\Users\Zhifei Chen\Desktop\pysmell\subjects_for_metrics\yowsup\yowsup\common\tools.py,71,59,1,1,0,0
yowsup,C:\Users\Zhifei Chen\Desktop\pysmell\subjects_for_metrics\yowsup\yowsup\common\http\httpproxy.py,51,31,1,0,0,0
yowsup,C:\Users\Zhifei Chen\Desktop\pysmell\subjects_for_metrics\yowsup\yowsup\common\http\httpproxy.py,69,129,1,1,1,1
yowsup,C:\Users\Zhifei Chen\Desktop\pysmell\subjects_for_metrics\yowsup\yowsup\common\http\warequest.py,156,56,1,0,0,0
yowsup,C:\Users\Zhifei Chen\Desktop\pysmell\subjects_for_metrics\yowsup\yowsup\common\http\warequest.py,164,84,1,1,0,0
yowsup,C:\Users\Zhifei Chen\Desktop\pysmell\subjects_for_metrics\yowsup\yowsup\common\http\waresponseparser.py,164,22,1,0,0,0
yowsup,C:\Users\Zhifei Chen\Desktop\pysmell\subjects_for_metrics\yowsup\yowsup\demos\cli\cli.py,50,62,1,1,0,0
yowsup,C:\Users\Zhifei Chen\Desktop\pysmell\subjects_for_metrics\yowsup\yowsup\demos\cli\cli.py,92,34,1,0,0,0
yowsup,C:\Users\Zhifei Chen\Desktop\pysmell\subjects_for_metrics\yowsup\yowsup\demos\cli\cli.py,125,51,1,0,0,0
yowsup,C:\Users\Zhifei Chen\Desktop\pysmell\subjects_for_metrics\yowsup\yowsup\demos\cli\cli.py,127,51,1,0,0,0
yowsup,C:\Users\Zhifei Chen\Desktop\pysmell\subjects_for_metrics\yowsup\yowsup\demos\cli\cli.py,128,50,1,0,0,0
yowsup,C:\Users\Zhifei Chen\Desktop\pysmell\subjects_for_metrics\yowsup\yowsup\demos\cli\cli.py,153,81,1,1,0,0
yowsup,C:\Users\Zhifei Chen\Desktop\pysmell\subjects_for_metrics\yowsup\yowsup\demos\cli\cli.py,164,40,1,0,0,0
yowsup,C:\Users\Zhifei Chen\Desktop\pysmell\subjects_for_metrics\yowsup\yowsup\demos\cli\layer.py,243,57,1,0,0,0
yowsup,C:\Users\Zhifei Chen\Desktop\pysmell\subjects_for_metrics\yowsup\yowsup\demos\cli\layer.py,355,61,1,1,0,0
yowsup,C:\Users\Zhifei Chen\Desktop\pysmell\subjects_for_metrics\yowsup\yowsup\demos\cli\layer.py,485,111,1,1,1,1
yowsup,C:\Users\Zhifei Chen\Desktop\pysmell\subjects_for_metrics\yowsup\yowsup\demos\cli\layer.py,489,78,1,1,0,0
yowsup,C:\Users\Zhifei Chen\Desktop\pysmell\subjects_for_metrics\yowsup\yowsup\layers\__init__.py,23,42,1,0,0,0
yowsup,C:\Users\Zhifei Chen\Desktop\pysmell\subjects_for_metrics\yowsup\yowsup\layers\__init__.py,39,86,1,1,0,0
yowsup,C:\Users\Zhifei Chen\Desktop\pysmell\subjects_for_metrics\yowsup\yowsup\layers\auth\keystream.py,52,43,1,0,0,0
yowsup,C:\Users\Zhifei Chen\Desktop\pysmell\subjects_for_metrics\yowsup\yowsup\layers\auth\keystream.py,54,54,1,0,0,0
yowsup,C:\Users\Zhifei Chen\Desktop\pysmell\subjects_for_metrics\yowsup\yowsup\layers\auth\layer_authentication.py,46,77,1,1,0,0
yowsup,C:\Users\Zhifei Chen\Desktop\pysmell\subjects_for_metrics\yowsup\yowsup\layers\auth\layer_authentication.py,49,21,1,0,0,0
yowsup,C:\Users\Zhifei Chen\Desktop\pysmell\subjects_for_metrics\yowsup\yowsup\layers\auth\protocolentities\auth.py,14,31,1,0,0,0
yowsup,C:\Users\Zhifei Chen\Desktop\pysmell\subjects_for_metrics\yowsup\yowsup\layers\axolotl\layer.py,62,107,2,1,1,1
yowsup,C:\Users\Zhifei Chen\Desktop\pysmell\subjects_for_metrics\yowsup\yowsup\layers\axolotl\layer.py,192,124,1,1,1,1
yowsup,C:\Users\Zhifei Chen\Desktop\pysmell\subjects_for_metrics\yowsup\yowsup\layers\axolotl\layer.py,293,77,1,1,0,0
yowsup,C:\Users\Zhifei Chen\Desktop\pysmell\subjects_for_metrics\yowsup\yowsup\layers\axolotl\layer.py,294,80,1,1,0,0
yowsup,C:\Users\Zhifei Chen\Desktop\pysmell\subjects_for_metrics\yowsup\yowsup\layers\axolotl\layer.py,368,43,1,0,0,0
yowsup,C:\Users\Zhifei Chen\Desktop\pysmell\subjects_for_metrics\yowsup\yowsup\layers\axolotl\layer.py,369,25,1,0,0,0
yowsup,C:\Users\Zhifei Chen\Desktop\pysmell\subjects_for_metrics\yowsup\yowsup\layers\axolotl\protocolentities\iq_keys_get_result.py,64,46,1,0,0,0
yowsup,C:\Users\Zhifei Chen\Desktop\pysmell\subjects_for_metrics\yowsup\yowsup\layers\axolotl\protocolentities\message_encrypted.py,53,73,1,1,0,0
yowsup,C:\Users\Zhifei Chen\Desktop\pysmell\subjects_for_metrics\yowsup\yowsup\layers\axolotl\store\sqlite\liteidentitykeystore.py,39,25,1,0,0,0
yowsup,C:\Users\Zhifei Chen\Desktop\pysmell\subjects_for_metrics\yowsup\yowsup\layers\coder\encoder.py,33,54,1,0,0,0
yowsup,C:\Users\Zhifei Chen\Desktop\pysmell\subjects_for_metrics\yowsup\yowsup\layers\coder\encoder.py,33,31,1,0,0,0
yowsup,C:\Users\Zhifei Chen\Desktop\pysmell\subjects_for_metrics\yowsup\yowsup\layers\coder\encoder.py,33,25,1,0,0,0
yowsup,C:\Users\Zhifei Chen\Desktop\pysmell\subjects_for_metrics\yowsup\yowsup\layers\coder\encoder.py,35,54,1,0,0,0
yowsup,C:\Users\Zhifei Chen\Desktop\pysmell\subjects_for_metrics\yowsup\yowsup\layers\coder\encoder.py,35,31,1,0,0,0
yowsup,C:\Users\Zhifei Chen\Desktop\pysmell\subjects_for_metrics\yowsup\yowsup\layers\coder\encoder.py,35,25,1,0,0,0
yowsup,C:\Users\Zhifei Chen\Desktop\pysmell\subjects_for_metrics\yowsup\yowsup\layers\coder\encoder.py,112,39,1,0,0,0
yowsup,C:\Users\Zhifei Chen\Desktop\pysmell\subjects_for_metrics\yowsup\yowsup\layers\logger\layer.py,7,43,1,0,0,0
yowsup,C:\Users\Zhifei Chen\Desktop\pysmell\subjects_for_metrics\yowsup\yowsup\layers\logger\layer.py,12,43,1,0,0,0
yowsup,C:\Users\Zhifei Chen\Desktop\pysmell\subjects_for_metrics\yowsup\yowsup\layers\protocol_calls\protocolentities\call.py,34,44,1,0,0,0
yowsup,C:\Users\Zhifei Chen\Desktop\pysmell\subjects_for_metrics\yowsup\yowsup\layers\protocol_calls\protocolentities\call.py,55,24,1,0,0,0
yowsup,C:\Users\Zhifei Chen\Desktop\pysmell\subjects_for_metrics\yowsup\yowsup\layers\protocol_contacts\protocolentities\iq_sync.py,23,54,1,0,0,0
yowsup,C:\Users\Zhifei Chen\Desktop\pysmell\subjects_for_metrics\yowsup\yowsup\layers\protocol_contacts\protocolentities\iq_sync.py,40,28,1,0,0,0
yowsup,C:\Users\Zhifei Chen\Desktop\pysmell\subjects_for_metrics\yowsup\yowsup\layers\protocol_contacts\protocolentities\iq_sync_result.py,38,34,1,0,0,0
yowsup,C:\Users\Zhifei Chen\Desktop\pysmell\subjects_for_metrics\yowsup\yowsup\layers\protocol_contacts\protocolentities\iq_sync_result.py,83,39,1,0,0,0
yowsup,C:\Users\Zhifei Chen\Desktop\pysmell\subjects_for_metrics\yowsup\yowsup\layers\protocol_contacts\protocolentities\iq_sync_result.py,84,37,1,0,0,0
yowsup,C:\Users\Zhifei Chen\Desktop\pysmell\subjects_for_metrics\yowsup\yowsup\layers\protocol_contacts\protocolentities\iq_sync_result.py,85,69,1,1,0,0
yowsup,C:\Users\Zhifei Chen\Desktop\pysmell\subjects_for_metrics\yowsup\yowsup\layers\protocol_groups\protocolentities\iq_groups_leave.py,15,49,1,0,0,0
yowsup,C:\Users\Zhifei Chen\Desktop\pysmell\subjects_for_metrics\yowsup\yowsup\layers\protocol_groups\protocolentities\iq_result_groups_info.py,51,54,1,0,0,0
yowsup,C:\Users\Zhifei Chen\Desktop\pysmell\subjects_for_metrics\yowsup\yowsup\layers\protocol_groups\protocolentities\iq_result_groups_info.py,57,64,1,1,0,0
yowsup,C:\Users\Zhifei Chen\Desktop\pysmell\subjects_for_metrics\yowsup\yowsup\layers\protocol_groups\protocolentities\iq_result_groups_info.py,63,30,1,0,0,0
yowsup,C:\Users\Zhifei Chen\Desktop\pysmell\subjects_for_metrics\yowsup\yowsup\layers\protocol_groups\protocolentities\notification_groups.py,21,58,1,1,0,0
yowsup,C:\Users\Zhifei Chen\Desktop\pysmell\subjects_for_metrics\yowsup\yowsup\layers\protocol_groups\protocolentities\notification_groups_create.py,55,54,1,0,0,0
yowsup,C:\Users\Zhifei Chen\Desktop\pysmell\subjects_for_metrics\yowsup\yowsup\layers\protocol_groups\protocolentities\notification_groups_create.py,61,64,1,1,0,0
yowsup,C:\Users\Zhifei Chen\Desktop\pysmell\subjects_for_metrics\yowsup\yowsup\layers\protocol_groups\protocolentities\notification_groups_create.py,69,30,1,0,0,0
yowsup,C:\Users\Zhifei Chen\Desktop\pysmell\subjects_for_metrics\yowsup\yowsup\layers\protocol_groups\protocolentities\notification_groups_subject.py,28,58,1,1,0,0
yowsup,C:\Users\Zhifei Chen\Desktop\pysmell\subjects_for_metrics\yowsup\yowsup\layers\protocol_iq\protocolentities\iq.py,20,42,1,0,0,0
yowsup,C:\Users\Zhifei Chen\Desktop\pysmell\subjects_for_metrics\yowsup\yowsup\layers\protocol_iq\protocolentities\iq.py,36,44,1,0,0,0
yowsup,C:\Users\Zhifei Chen\Desktop\pysmell\subjects_for_metrics\yowsup\yowsup\layers\protocol_iq\protocolentities\iq_error.py,18,26,1,0,0,0
yowsup,C:\Users\Zhifei Chen\Desktop\pysmell\subjects_for_metrics\yowsup\yowsup\layers\protocol_iq\protocolentities\iq_ping.py,15,31,1,0,0,0
yowsup,C:\Users\Zhifei Chen\Desktop\pysmell\subjects_for_metrics\yowsup\yowsup\layers\protocol_messages\protocolentities\message.py,19,38,1,0,0,0
yowsup,C:\Users\Zhifei Chen\Desktop\pysmell\subjects_for_metrics\yowsup\yowsup\layers\protocol_messages\protocolentities\message.py,22,56,1,0,0,0
yowsup,C:\Users\Zhifei Chen\Desktop\pysmell\subjects_for_metrics\yowsup\yowsup\layers\protocol_messages\protocolentities\message.py,24,45,1,0,0,0
yowsup,C:\Users\Zhifei Chen\Desktop\pysmell\subjects_for_metrics\yowsup\yowsup\layers\protocol_messages\protocolentities\message.py,25,25,1,0,0,0
yowsup,C:\Users\Zhifei Chen\Desktop\pysmell\subjects_for_metrics\yowsup\yowsup\layers\protocol_messages\protocolentities\message.py,38,44,1,0,0,0
yowsup,C:\Users\Zhifei Chen\Desktop\pysmell\subjects_for_metrics\yowsup\yowsup\layers\protocol_messages\protocolentities\message.py,44,38,1,0,0,0
yowsup,C:\Users\Zhifei Chen\Desktop\pysmell\subjects_for_metrics\yowsup\yowsup\layers\protocol_messages\protocolentities\message.py,47,56,1,0,0,0
yowsup,C:\Users\Zhifei Chen\Desktop\pysmell\subjects_for_metrics\yowsup\yowsup\layers\protocol_messages\protocolentities\message.py,66,24,1,0,0,0
yowsup,C:\Users\Zhifei Chen\Desktop\pysmell\subjects_for_metrics\yowsup\yowsup\layers\protocol_messages\protocolentities\message.py,81,22,1,0,0,0
yowsup,C:\Users\Zhifei Chen\Desktop\pysmell\subjects_for_metrics\yowsup\yowsup\layers\protocol_messages\protocolentities\message.py,94,66,1,1,0,0
yowsup,C:\Users\Zhifei Chen\Desktop\pysmell\subjects_for_metrics\yowsup\yowsup\layers\protocol_messages\protocolentities\message.py,108,38,1,0,0,0
yowsup,C:\Users\Zhifei Chen\Desktop\pysmell\subjects_for_metrics\yowsup\yowsup\layers\protocol_notifications\protocolentities\notification.py,29,44,1,0,0,0
yowsup,C:\Users\Zhifei Chen\Desktop\pysmell\subjects_for_metrics\yowsup\yowsup\layers\protocol_notifications\protocolentities\notification.py,44,24,1,0,0,0
yowsup,C:\Users\Zhifei Chen\Desktop\pysmell\subjects_for_metrics\yowsup\yowsup\layers\protocol_presence\protocolentities\presence.py,31,44,1,0,0,0
yowsup,C:\Users\Zhifei Chen\Desktop\pysmell\subjects_for_metrics\yowsup\yowsup\layers\protocol_profiles\protocolentities\iq_picture_get.py,21,38,1,0,0,0
yowsup,C:\Users\Zhifei Chen\Desktop\pysmell\subjects_for_metrics\yowsup\yowsup\layers\protocol_profiles\protocolentities\iq_picture_get_result.py,35,38,1,0,0,0
yowsup,C:\Users\Zhifei Chen\Desktop\pysmell\subjects_for_metrics\yowsup\yowsup\layers\protocol_receipts\protocolentities\receipt_incoming.py,53,44,1,0,0,0
yowsup,C:\Users\Zhifei Chen\Desktop\pysmell\subjects_for_metrics\yowsup\yowsup\layers\protocol_receipts\protocolentities\receipt_incoming.py,61,29,1,0,0,0
yowsup,C:\Users\Zhifei Chen\Desktop\pysmell\subjects_for_metrics\yowsup\yowsup\layers\protocol_receipts\protocolentities\receipt_incoming.py,71,24,1,0,0,0
yowsup,C:\Users\Zhifei Chen\Desktop\pysmell\subjects_for_metrics\yowsup\yowsup\layers\protocol_receipts\protocolentities\receipt_incoming.py,93,24,1,0,0,0
yowsup,C:\Users\Zhifei Chen\Desktop\pysmell\subjects_for_metrics\yowsup\yowsup\stacks\yowstack.py,128,52,1,0,0,0
yowsup,C:\Users\Zhifei Chen\Desktop\pysmell\subjects_for_metrics\yowsup\yowsup\stacks\yowstack.py,169,47,1,0,0,0
yowsup,C:\Users\Zhifei Chen\Desktop\pysmell\subjects_for_metrics\yowsup\yowsup\stacks\yowstack.py,219,72,1,1,0,0
yowsup,C:\Users\Zhifei Chen\Desktop\pysmell\subjects_for_metrics\yowsup\yowsup\stacks\yowstack.py,220,43,1,0,0,0
yowsup,C:\Users\Zhifei Chen\Desktop\pysmell\subjects_for_metrics\yowsup\yowsup\structs\protocolentity.py,24,97,1,1,0,0
