subject,file,lineno,LEC,DNC,NCT,experience-based,statistics-based,tuning machine
yowsup,C:\Users\Zhifei Chen\Desktop\pysmell\subjects_for_metrics\yowsup\yowsup\common\constants.py,4,,2,1,0,0,0
yowsup,C:\Users\Zhifei Chen\Desktop\pysmell\subjects_for_metrics\yowsup\yowsup\common\tools.py,17,1,,,0,0,0
yowsup,C:\Users\Zhifei Chen\Desktop\pysmell\subjects_for_metrics\yowsup\yowsup\common\tools.py,86,1,,,0,0,0
yowsup,C:\Users\Zhifei Chen\Desktop\pysmell\subjects_for_metrics\yowsup\yowsup\common\http\httpproxy.py,90,1,,,0,0,0
yowsup,C:\Users\Zhifei Chen\Desktop\pysmell\subjects_for_metrics\yowsup\yowsup\common\http\httpproxy.py,91,1,,,0,0,0
yowsup,C:\Users\Zhifei Chen\Desktop\pysmell\subjects_for_metrics\yowsup\yowsup\common\http\warequest.py,55,2,,,0,0,0
yowsup,C:\Users\Zhifei Chen\Desktop\pysmell\subjects_for_metrics\yowsup\yowsup\common\http\warequest.py,56,1,,,0,0,0
yowsup,C:\Users\Zhifei Chen\Desktop\pysmell\subjects_for_metrics\yowsup\yowsup\common\http\warequest.py,60,1,,,0,0,0
yowsup,C:\Users\Zhifei Chen\Desktop\pysmell\subjects_for_metrics\yowsup\yowsup\common\http\waresponseparser.py,28,1,,,0,0,0
yowsup,C:\Users\Zhifei Chen\Desktop\pysmell\subjects_for_metrics\yowsup\yowsup\common\http\waresponseparser.py,52,1,,,0,0,0
yowsup,C:\Users\Zhifei Chen\Desktop\pysmell\subjects_for_metrics\yowsup\yowsup\common\http\waresponseparser.py,60,1,,,0,0,0
yowsup,C:\Users\Zhifei Chen\Desktop\pysmell\subjects_for_metrics\yowsup\yowsup\common\http\waresponseparser.py,60,1,,,0,0,0
yowsup,C:\Users\Zhifei Chen\Desktop\pysmell\subjects_for_metrics\yowsup\yowsup\common\http\waresponseparser.py,62,1,,,0,0,0
yowsup,C:\Users\Zhifei Chen\Desktop\pysmell\subjects_for_metrics\yowsup\yowsup\common\http\waresponseparser.py,66,1,,,0,0,0
yowsup,C:\Users\Zhifei Chen\Desktop\pysmell\subjects_for_metrics\yowsup\yowsup\common\http\waresponseparser.py,67,1,,,0,0,0
yowsup,C:\Users\Zhifei Chen\Desktop\pysmell\subjects_for_metrics\yowsup\yowsup\common\http\waresponseparser.py,67,2,,,0,0,0
yowsup,C:\Users\Zhifei Chen\Desktop\pysmell\subjects_for_metrics\yowsup\yowsup\common\http\waresponseparser.py,68,1,,,0,0,0
yowsup,C:\Users\Zhifei Chen\Desktop\pysmell\subjects_for_metrics\yowsup\yowsup\common\http\waresponseparser.py,69,1,,,0,0,0
yowsup,C:\Users\Zhifei Chen\Desktop\pysmell\subjects_for_metrics\yowsup\yowsup\common\http\waresponseparser.py,76,,2,1,0,0,0
yowsup,C:\Users\Zhifei Chen\Desktop\pysmell\subjects_for_metrics\yowsup\yowsup\common\http\waresponseparser.py,78,1,,,0,0,0
yowsup,C:\Users\Zhifei Chen\Desktop\pysmell\subjects_for_metrics\yowsup\yowsup\common\http\waresponseparser.py,86,1,,,0,0,0
yowsup,C:\Users\Zhifei Chen\Desktop\pysmell\subjects_for_metrics\yowsup\yowsup\common\http\waresponseparser.py,91,1,,,0,0,0
yowsup,C:\Users\Zhifei Chen\Desktop\pysmell\subjects_for_metrics\yowsup\yowsup\common\http\waresponseparser.py,95,1,,,0,0,0
yowsup,C:\Users\Zhifei Chen\Desktop\pysmell\subjects_for_metrics\yowsup\yowsup\common\http\waresponseparser.py,99,1,,,0,0,0
yowsup,C:\Users\Zhifei Chen\Desktop\pysmell\subjects_for_metrics\yowsup\yowsup\common\http\waresponseparser.py,101,1,,,0,0,0
yowsup,C:\Users\Zhifei Chen\Desktop\pysmell\subjects_for_metrics\yowsup\yowsup\common\http\waresponseparser.py,119,1,,,0,0,0
yowsup,C:\Users\Zhifei Chen\Desktop\pysmell\subjects_for_metrics\yowsup\yowsup\common\http\waresponseparser.py,126,1,,,0,0,0
yowsup,C:\Users\Zhifei Chen\Desktop\pysmell\subjects_for_metrics\yowsup\yowsup\common\http\waresponseparser.py,129,1,,,0,0,0
yowsup,C:\Users\Zhifei Chen\Desktop\pysmell\subjects_for_metrics\yowsup\yowsup\common\http\waresponseparser.py,135,1,,,0,0,0
yowsup,C:\Users\Zhifei Chen\Desktop\pysmell\subjects_for_metrics\yowsup\yowsup\common\http\waresponseparser.py,141,1,,,0,0,0
yowsup,C:\Users\Zhifei Chen\Desktop\pysmell\subjects_for_metrics\yowsup\yowsup\common\http\waresponseparser.py,164,1,,,0,0,0
yowsup,C:\Users\Zhifei Chen\Desktop\pysmell\subjects_for_metrics\yowsup\yowsup\common\http\waresponseparser.py,164,1,,,0,0,0
yowsup,C:\Users\Zhifei Chen\Desktop\pysmell\subjects_for_metrics\yowsup\yowsup\demos\cli\cli.py,35,1,,,0,0,0
yowsup,C:\Users\Zhifei Chen\Desktop\pysmell\subjects_for_metrics\yowsup\yowsup\demos\cli\cli.py,36,1,,,0,0,0
yowsup,C:\Users\Zhifei Chen\Desktop\pysmell\subjects_for_metrics\yowsup\yowsup\demos\cli\cli.py,37,1,,,0,0,0
yowsup,C:\Users\Zhifei Chen\Desktop\pysmell\subjects_for_metrics\yowsup\yowsup\demos\cli\cli.py,46,1,,,0,0,0
yowsup,C:\Users\Zhifei Chen\Desktop\pysmell\subjects_for_metrics\yowsup\yowsup\demos\cli\cli.py,48,2,,,0,0,0
yowsup,C:\Users\Zhifei Chen\Desktop\pysmell\subjects_for_metrics\yowsup\yowsup\demos\cli\cli.py,49,2,,,0,0,0
yowsup,C:\Users\Zhifei Chen\Desktop\pysmell\subjects_for_metrics\yowsup\yowsup\demos\cli\cli.py,50,1,,,0,0,0
yowsup,C:\Users\Zhifei Chen\Desktop\pysmell\subjects_for_metrics\yowsup\yowsup\demos\cli\cli.py,50,1,,,0,0,0
yowsup,C:\Users\Zhifei Chen\Desktop\pysmell\subjects_for_metrics\yowsup\yowsup\demos\cli\cli.py,78,1,,,0,0,0
yowsup,C:\Users\Zhifei Chen\Desktop\pysmell\subjects_for_metrics\yowsup\yowsup\demos\cli\cli.py,80,1,,,0,0,0
yowsup,C:\Users\Zhifei Chen\Desktop\pysmell\subjects_for_metrics\yowsup\yowsup\demos\cli\cli.py,81,1,,,0,0,0
yowsup,C:\Users\Zhifei Chen\Desktop\pysmell\subjects_for_metrics\yowsup\yowsup\demos\cli\cli.py,81,1,,,0,0,0
yowsup,C:\Users\Zhifei Chen\Desktop\pysmell\subjects_for_metrics\yowsup\yowsup\demos\cli\cli.py,82,1,,,0,0,0
yowsup,C:\Users\Zhifei Chen\Desktop\pysmell\subjects_for_metrics\yowsup\yowsup\demos\cli\cli.py,86,1,,,0,0,0
yowsup,C:\Users\Zhifei Chen\Desktop\pysmell\subjects_for_metrics\yowsup\yowsup\demos\cli\cli.py,93,2,,,0,0,0
yowsup,C:\Users\Zhifei Chen\Desktop\pysmell\subjects_for_metrics\yowsup\yowsup\demos\cli\cli.py,93,1,,,0,0,0
yowsup,C:\Users\Zhifei Chen\Desktop\pysmell\subjects_for_metrics\yowsup\yowsup\demos\cli\cli.py,93,1,,,0,0,0
yowsup,C:\Users\Zhifei Chen\Desktop\pysmell\subjects_for_metrics\yowsup\yowsup\demos\cli\cli.py,94,2,,,0,0,0
yowsup,C:\Users\Zhifei Chen\Desktop\pysmell\subjects_for_metrics\yowsup\yowsup\demos\cli\cli.py,94,1,,,0,0,0
yowsup,C:\Users\Zhifei Chen\Desktop\pysmell\subjects_for_metrics\yowsup\yowsup\demos\cli\cli.py,94,1,,,0,0,0
yowsup,C:\Users\Zhifei Chen\Desktop\pysmell\subjects_for_metrics\yowsup\yowsup\demos\cli\cli.py,96,1,,,0,0,0
yowsup,C:\Users\Zhifei Chen\Desktop\pysmell\subjects_for_metrics\yowsup\yowsup\demos\cli\cli.py,97,1,,,0,0,0
yowsup,C:\Users\Zhifei Chen\Desktop\pysmell\subjects_for_metrics\yowsup\yowsup\demos\cli\cli.py,110,1,,,0,0,0
yowsup,C:\Users\Zhifei Chen\Desktop\pysmell\subjects_for_metrics\yowsup\yowsup\demos\cli\cli.py,117,1,,,0,0,0
yowsup,C:\Users\Zhifei Chen\Desktop\pysmell\subjects_for_metrics\yowsup\yowsup\demos\cli\cli.py,122,1,,,0,0,0
yowsup,C:\Users\Zhifei Chen\Desktop\pysmell\subjects_for_metrics\yowsup\yowsup\demos\cli\cli.py,124,1,,,0,0,0
yowsup,C:\Users\Zhifei Chen\Desktop\pysmell\subjects_for_metrics\yowsup\yowsup\demos\cli\cli.py,125,1,,,0,0,0
yowsup,C:\Users\Zhifei Chen\Desktop\pysmell\subjects_for_metrics\yowsup\yowsup\demos\cli\cli.py,127,1,,,0,0,0
yowsup,C:\Users\Zhifei Chen\Desktop\pysmell\subjects_for_metrics\yowsup\yowsup\demos\cli\cli.py,128,1,,,0,0,0
yowsup,C:\Users\Zhifei Chen\Desktop\pysmell\subjects_for_metrics\yowsup\yowsup\demos\cli\cli.py,132,1,,,0,0,0
yowsup,C:\Users\Zhifei Chen\Desktop\pysmell\subjects_for_metrics\yowsup\yowsup\demos\cli\cli.py,134,1,,,0,0,0
yowsup,C:\Users\Zhifei Chen\Desktop\pysmell\subjects_for_metrics\yowsup\yowsup\demos\cli\cli.py,135,1,,,0,0,0
yowsup,C:\Users\Zhifei Chen\Desktop\pysmell\subjects_for_metrics\yowsup\yowsup\demos\cli\cli.py,135,1,,,0,0,0
yowsup,C:\Users\Zhifei Chen\Desktop\pysmell\subjects_for_metrics\yowsup\yowsup\demos\cli\cli.py,135,1,,,0,0,0
yowsup,C:\Users\Zhifei Chen\Desktop\pysmell\subjects_for_metrics\yowsup\yowsup\demos\contacts\stack.py,26,,2,1,0,0,0
yowsup,C:\Users\Zhifei Chen\Desktop\pysmell\subjects_for_metrics\yowsup\yowsup\demos\contacts\stack.py,37,,2,1,0,0,0
yowsup,C:\Users\Zhifei Chen\Desktop\pysmell\subjects_for_metrics\yowsup\yowsup\demos\echoclient\stack.py,23,,2,1,0,0,0
yowsup,C:\Users\Zhifei Chen\Desktop\pysmell\subjects_for_metrics\yowsup\yowsup\demos\echoclient\stack.py,34,,2,1,0,0,0
yowsup,C:\Users\Zhifei Chen\Desktop\pysmell\subjects_for_metrics\yowsup\yowsup\demos\sendclient\stack.py,26,,2,1,0,0,0
yowsup,C:\Users\Zhifei Chen\Desktop\pysmell\subjects_for_metrics\yowsup\yowsup\demos\sendclient\stack.py,37,,2,1,0,0,0
yowsup,C:\Users\Zhifei Chen\Desktop\pysmell\subjects_for_metrics\yowsup\yowsup\env\env_android.py,51,1,,,0,0,0
yowsup,C:\Users\Zhifei Chen\Desktop\pysmell\subjects_for_metrics\yowsup\yowsup\env\env_android.py,52,1,,,0,0,0
yowsup,C:\Users\Zhifei Chen\Desktop\pysmell\subjects_for_metrics\yowsup\yowsup\layers\__init__.py,12,1,,,0,0,0
yowsup,C:\Users\Zhifei Chen\Desktop\pysmell\subjects_for_metrics\yowsup\yowsup\layers\__init__.py,23,1,,,0,0,0
yowsup,C:\Users\Zhifei Chen\Desktop\pysmell\subjects_for_metrics\yowsup\yowsup\layers\__init__.py,103,1,,,0,0,0
yowsup,C:\Users\Zhifei Chen\Desktop\pysmell\subjects_for_metrics\yowsup\yowsup\layers\__init__.py,109,1,,,0,0,0
yowsup,C:\Users\Zhifei Chen\Desktop\pysmell\subjects_for_metrics\yowsup\yowsup\layers\__init__.py,125,1,,,0,0,0
yowsup,C:\Users\Zhifei Chen\Desktop\pysmell\subjects_for_metrics\yowsup\yowsup\layers\__init__.py,130,1,,,0,0,0
yowsup,C:\Users\Zhifei Chen\Desktop\pysmell\subjects_for_metrics\yowsup\yowsup\layers\__init__.py,132,1,,,0,0,0
yowsup,C:\Users\Zhifei Chen\Desktop\pysmell\subjects_for_metrics\yowsup\yowsup\layers\__init__.py,133,1,,,0,0,0
yowsup,C:\Users\Zhifei Chen\Desktop\pysmell\subjects_for_metrics\yowsup\yowsup\layers\__init__.py,135,1,,,0,0,0
yowsup,C:\Users\Zhifei Chen\Desktop\pysmell\subjects_for_metrics\yowsup\yowsup\layers\__init__.py,137,1,,,0,0,0
yowsup,C:\Users\Zhifei Chen\Desktop\pysmell\subjects_for_metrics\yowsup\yowsup\layers\auth\keystream.py,15,1,,,0,0,0
yowsup,C:\Users\Zhifei Chen\Desktop\pysmell\subjects_for_metrics\yowsup\yowsup\layers\auth\keystream.py,18,1,,,0,0,0
yowsup,C:\Users\Zhifei Chen\Desktop\pysmell\subjects_for_metrics\yowsup\yowsup\layers\auth\keystream.py,18,1,,,0,0,0
yowsup,C:\Users\Zhifei Chen\Desktop\pysmell\subjects_for_metrics\yowsup\yowsup\layers\auth\keystream.py,33,1,,,0,0,0
yowsup,C:\Users\Zhifei Chen\Desktop\pysmell\subjects_for_metrics\yowsup\yowsup\layers\auth\keystream.py,40,1,,,0,0,0
yowsup,C:\Users\Zhifei Chen\Desktop\pysmell\subjects_for_metrics\yowsup\yowsup\layers\auth\keystream.py,40,1,,,0,0,0
yowsup,C:\Users\Zhifei Chen\Desktop\pysmell\subjects_for_metrics\yowsup\yowsup\layers\auth\keystream.py,40,1,,,0,0,0
yowsup,C:\Users\Zhifei Chen\Desktop\pysmell\subjects_for_metrics\yowsup\yowsup\layers\auth\keystream.py,40,1,,,0,0,0
yowsup,C:\Users\Zhifei Chen\Desktop\pysmell\subjects_for_metrics\yowsup\yowsup\layers\auth\keystream.py,40,1,,,0,0,0
yowsup,C:\Users\Zhifei Chen\Desktop\pysmell\subjects_for_metrics\yowsup\yowsup\layers\auth\keystream.py,44,1,,,0,0,0
yowsup,C:\Users\Zhifei Chen\Desktop\pysmell\subjects_for_metrics\yowsup\yowsup\layers\auth\keystream.py,45,1,,,0,0,0
yowsup,C:\Users\Zhifei Chen\Desktop\pysmell\subjects_for_metrics\yowsup\yowsup\layers\auth\keystream.py,45,1,,,0,0,0
yowsup,C:\Users\Zhifei Chen\Desktop\pysmell\subjects_for_metrics\yowsup\yowsup\layers\auth\keystream.py,46,1,,,0,0,0
yowsup,C:\Users\Zhifei Chen\Desktop\pysmell\subjects_for_metrics\yowsup\yowsup\layers\auth\keystream.py,59,1,,,0,0,0
yowsup,C:\Users\Zhifei Chen\Desktop\pysmell\subjects_for_metrics\yowsup\yowsup\layers\auth\keystream.py,70,1,,,0,0,0
yowsup,C:\Users\Zhifei Chen\Desktop\pysmell\subjects_for_metrics\yowsup\yowsup\layers\auth\keystream.py,71,1,,,0,0,0
yowsup,C:\Users\Zhifei Chen\Desktop\pysmell\subjects_for_metrics\yowsup\yowsup\layers\auth\keystream.py,76,1,,,0,0,0
yowsup,C:\Users\Zhifei Chen\Desktop\pysmell\subjects_for_metrics\yowsup\yowsup\layers\auth\keystream.py,76,1,,,0,0,0
yowsup,C:\Users\Zhifei Chen\Desktop\pysmell\subjects_for_metrics\yowsup\yowsup\layers\auth\keystream.py,88,1,,,0,0,0
yowsup,C:\Users\Zhifei Chen\Desktop\pysmell\subjects_for_metrics\yowsup\yowsup\layers\auth\keystream.py,88,1,,,0,0,0
yowsup,C:\Users\Zhifei Chen\Desktop\pysmell\subjects_for_metrics\yowsup\yowsup\layers\auth\keystream.py,88,1,,,0,0,0
yowsup,C:\Users\Zhifei Chen\Desktop\pysmell\subjects_for_metrics\yowsup\yowsup\layers\auth\keystream.py,138,1,,,0,0,0
yowsup,C:\Users\Zhifei Chen\Desktop\pysmell\subjects_for_metrics\yowsup\yowsup\layers\auth\layer_authentication.py,18,,2,1,0,0,0
yowsup,C:\Users\Zhifei Chen\Desktop\pysmell\subjects_for_metrics\yowsup\yowsup\layers\auth\layer_authentication.py,46,1,,,0,0,0
yowsup,C:\Users\Zhifei Chen\Desktop\pysmell\subjects_for_metrics\yowsup\yowsup\layers\auth\layer_authentication.py,46,1,,,0,0,0
yowsup,C:\Users\Zhifei Chen\Desktop\pysmell\subjects_for_metrics\yowsup\yowsup\layers\auth\layer_authentication.py,49,1,,,0,0,0
yowsup,C:\Users\Zhifei Chen\Desktop\pysmell\subjects_for_metrics\yowsup\yowsup\layers\auth\layer_authentication.py,67,1,,,0,0,0
yowsup,C:\Users\Zhifei Chen\Desktop\pysmell\subjects_for_metrics\yowsup\yowsup\layers\auth\layer_authentication.py,98,1,,,0,0,0
yowsup,C:\Users\Zhifei Chen\Desktop\pysmell\subjects_for_metrics\yowsup\yowsup\layers\auth\layer_authentication.py,101,1,,,0,0,0
yowsup,C:\Users\Zhifei Chen\Desktop\pysmell\subjects_for_metrics\yowsup\yowsup\layers\auth\layer_authentication.py,106,1,,,0,0,0
yowsup,C:\Users\Zhifei Chen\Desktop\pysmell\subjects_for_metrics\yowsup\yowsup\layers\auth\layer_authentication.py,122,1,,,0,0,0
yowsup,C:\Users\Zhifei Chen\Desktop\pysmell\subjects_for_metrics\yowsup\yowsup\layers\auth\layer_authentication.py,124,1,,,0,0,0
yowsup,C:\Users\Zhifei Chen\Desktop\pysmell\subjects_for_metrics\yowsup\yowsup\layers\auth\layer_authentication.py,124,1,,,0,0,0
yowsup,C:\Users\Zhifei Chen\Desktop\pysmell\subjects_for_metrics\yowsup\yowsup\layers\auth\layer_authentication.py,125,1,,,0,0,0
yowsup,C:\Users\Zhifei Chen\Desktop\pysmell\subjects_for_metrics\yowsup\yowsup\layers\auth\layer_authentication.py,125,1,,,0,0,0
yowsup,C:\Users\Zhifei Chen\Desktop\pysmell\subjects_for_metrics\yowsup\yowsup\layers\auth\layer_authentication.py,135,1,,,0,0,0
yowsup,C:\Users\Zhifei Chen\Desktop\pysmell\subjects_for_metrics\yowsup\yowsup\layers\auth\layer_crypt.py,23,1,,,0,0,0
yowsup,C:\Users\Zhifei Chen\Desktop\pysmell\subjects_for_metrics\yowsup\yowsup\layers\auth\layer_crypt.py,31,1,,,0,0,0
yowsup,C:\Users\Zhifei Chen\Desktop\pysmell\subjects_for_metrics\yowsup\yowsup\layers\auth\layer_crypt.py,32,1,,,0,0,0
yowsup,C:\Users\Zhifei Chen\Desktop\pysmell\subjects_for_metrics\yowsup\yowsup\layers\auth\layer_crypt.py,33,1,,,0,0,0
yowsup,C:\Users\Zhifei Chen\Desktop\pysmell\subjects_for_metrics\yowsup\yowsup\layers\auth\layer_crypt.py,41,1,,,0,0,0
yowsup,C:\Users\Zhifei Chen\Desktop\pysmell\subjects_for_metrics\yowsup\yowsup\layers\auth\layer_crypt.py,42,1,,,0,0,0
yowsup,C:\Users\Zhifei Chen\Desktop\pysmell\subjects_for_metrics\yowsup\yowsup\layers\auth\layer_crypt.py,43,1,,,0,0,0
yowsup,C:\Users\Zhifei Chen\Desktop\pysmell\subjects_for_metrics\yowsup\yowsup\layers\auth\layer_crypt.py,49,1,,,0,0,0
yowsup,C:\Users\Zhifei Chen\Desktop\pysmell\subjects_for_metrics\yowsup\yowsup\layers\auth\layer_crypt.py,50,1,,,0,0,0
yowsup,C:\Users\Zhifei Chen\Desktop\pysmell\subjects_for_metrics\yowsup\yowsup\layers\auth\layer_crypt.py,51,1,,,0,0,0
yowsup,C:\Users\Zhifei Chen\Desktop\pysmell\subjects_for_metrics\yowsup\yowsup\layers\auth\layer_crypt.py,53,1,,,0,0,0
yowsup,C:\Users\Zhifei Chen\Desktop\pysmell\subjects_for_metrics\yowsup\yowsup\layers\auth\layer_crypt.py,55,1,,,0,0,0
yowsup,C:\Users\Zhifei Chen\Desktop\pysmell\subjects_for_metrics\yowsup\yowsup\layers\auth\layer_crypt.py,55,1,,,0,0,0
yowsup,C:\Users\Zhifei Chen\Desktop\pysmell\subjects_for_metrics\yowsup\yowsup\layers\auth\layer_crypt.py,60,1,,,0,0,0
yowsup,C:\Users\Zhifei Chen\Desktop\pysmell\subjects_for_metrics\yowsup\yowsup\layers\auth\test_authenticator.py,27,1,,,0,0,0
yowsup,C:\Users\Zhifei Chen\Desktop\pysmell\subjects_for_metrics\yowsup\yowsup\layers\auth\test_crypt.py,20,1,,,0,0,0
yowsup,C:\Users\Zhifei Chen\Desktop\pysmell\subjects_for_metrics\yowsup\yowsup\layers\auth\test_crypt.py,20,1,,,0,0,0
yowsup,C:\Users\Zhifei Chen\Desktop\pysmell\subjects_for_metrics\yowsup\yowsup\layers\auth\test_crypt.py,21,1,,,0,0,0
yowsup,C:\Users\Zhifei Chen\Desktop\pysmell\subjects_for_metrics\yowsup\yowsup\layers\auth\test_crypt.py,21,1,,,0,0,0
yowsup,C:\Users\Zhifei Chen\Desktop\pysmell\subjects_for_metrics\yowsup\yowsup\layers\auth\test_keystream.py,34,1,,,0,0,0
yowsup,C:\Users\Zhifei Chen\Desktop\pysmell\subjects_for_metrics\yowsup\yowsup\layers\auth\test_keystream.py,34,1,,,0,0,0
yowsup,C:\Users\Zhifei Chen\Desktop\pysmell\subjects_for_metrics\yowsup\yowsup\layers\auth\test_keystream.py,40,1,,,0,0,0
yowsup,C:\Users\Zhifei Chen\Desktop\pysmell\subjects_for_metrics\yowsup\yowsup\layers\auth\test_keystream.py,40,1,,,0,0,0
yowsup,C:\Users\Zhifei Chen\Desktop\pysmell\subjects_for_metrics\yowsup\yowsup\layers\auth\test_keystream.py,46,1,,,0,0,0
yowsup,C:\Users\Zhifei Chen\Desktop\pysmell\subjects_for_metrics\yowsup\yowsup\layers\auth\test_keystream.py,46,1,,,0,0,0
yowsup,C:\Users\Zhifei Chen\Desktop\pysmell\subjects_for_metrics\yowsup\yowsup\layers\auth\test_keystream.py,51,1,,,0,0,0
yowsup,C:\Users\Zhifei Chen\Desktop\pysmell\subjects_for_metrics\yowsup\yowsup\layers\auth\test_keystream.py,51,1,,,0,0,0
yowsup,C:\Users\Zhifei Chen\Desktop\pysmell\subjects_for_metrics\yowsup\yowsup\layers\auth\protocolentities\failure.py,22,1,,,0,0,0
yowsup,C:\Users\Zhifei Chen\Desktop\pysmell\subjects_for_metrics\yowsup\yowsup\layers\axolotl\layer.py,57,1,,,0,0,0
yowsup,C:\Users\Zhifei Chen\Desktop\pysmell\subjects_for_metrics\yowsup\yowsup\layers\axolotl\layer.py,106,1,,,0,0,0
yowsup,C:\Users\Zhifei Chen\Desktop\pysmell\subjects_for_metrics\yowsup\yowsup\layers\axolotl\layer.py,106,1,,,0,0,0
yowsup,C:\Users\Zhifei Chen\Desktop\pysmell\subjects_for_metrics\yowsup\yowsup\layers\axolotl\layer.py,119,1,,,0,0,0
yowsup,C:\Users\Zhifei Chen\Desktop\pysmell\subjects_for_metrics\yowsup\yowsup\layers\axolotl\layer.py,122,1,,,0,0,0
yowsup,C:\Users\Zhifei Chen\Desktop\pysmell\subjects_for_metrics\yowsup\yowsup\layers\axolotl\layer.py,132,1,,,0,0,0
yowsup,C:\Users\Zhifei Chen\Desktop\pysmell\subjects_for_metrics\yowsup\yowsup\layers\axolotl\layer.py,132,1,,,0,0,0
yowsup,C:\Users\Zhifei Chen\Desktop\pysmell\subjects_for_metrics\yowsup\yowsup\layers\axolotl\layer.py,132,1,,,0,0,0
yowsup,C:\Users\Zhifei Chen\Desktop\pysmell\subjects_for_metrics\yowsup\yowsup\layers\axolotl\layer.py,147,1,,,0,0,0
yowsup,C:\Users\Zhifei Chen\Desktop\pysmell\subjects_for_metrics\yowsup\yowsup\layers\axolotl\layer.py,153,1,,,0,0,0
yowsup,C:\Users\Zhifei Chen\Desktop\pysmell\subjects_for_metrics\yowsup\yowsup\layers\axolotl\layer.py,157,1,,,0,0,0
yowsup,C:\Users\Zhifei Chen\Desktop\pysmell\subjects_for_metrics\yowsup\yowsup\layers\axolotl\layer.py,160,1,,,0,0,0
yowsup,C:\Users\Zhifei Chen\Desktop\pysmell\subjects_for_metrics\yowsup\yowsup\layers\axolotl\layer.py,170,1,,,0,0,0
yowsup,C:\Users\Zhifei Chen\Desktop\pysmell\subjects_for_metrics\yowsup\yowsup\layers\axolotl\layer.py,171,1,,,0,0,0
yowsup,C:\Users\Zhifei Chen\Desktop\pysmell\subjects_for_metrics\yowsup\yowsup\layers\axolotl\layer.py,172,1,,,0,0,0
yowsup,C:\Users\Zhifei Chen\Desktop\pysmell\subjects_for_metrics\yowsup\yowsup\layers\axolotl\layer.py,172,1,,,0,0,0
yowsup,C:\Users\Zhifei Chen\Desktop\pysmell\subjects_for_metrics\yowsup\yowsup\layers\axolotl\layer.py,173,1,,,0,0,0
yowsup,C:\Users\Zhifei Chen\Desktop\pysmell\subjects_for_metrics\yowsup\yowsup\layers\axolotl\layer.py,173,1,,,0,0,0
yowsup,C:\Users\Zhifei Chen\Desktop\pysmell\subjects_for_metrics\yowsup\yowsup\layers\axolotl\layer.py,180,1,,,0,0,0
yowsup,C:\Users\Zhifei Chen\Desktop\pysmell\subjects_for_metrics\yowsup\yowsup\layers\axolotl\layer.py,196,1,,,0,0,0
yowsup,C:\Users\Zhifei Chen\Desktop\pysmell\subjects_for_metrics\yowsup\yowsup\layers\axolotl\layer.py,197,1,,,0,0,0
yowsup,C:\Users\Zhifei Chen\Desktop\pysmell\subjects_for_metrics\yowsup\yowsup\layers\axolotl\layer.py,198,1,,,0,0,0
yowsup,C:\Users\Zhifei Chen\Desktop\pysmell\subjects_for_metrics\yowsup\yowsup\layers\axolotl\layer.py,199,1,,,0,0,0
yowsup,C:\Users\Zhifei Chen\Desktop\pysmell\subjects_for_metrics\yowsup\yowsup\layers\axolotl\layer.py,200,1,,,0,0,0
yowsup,C:\Users\Zhifei Chen\Desktop\pysmell\subjects_for_metrics\yowsup\yowsup\layers\axolotl\layer.py,201,1,,,0,0,0
yowsup,C:\Users\Zhifei Chen\Desktop\pysmell\subjects_for_metrics\yowsup\yowsup\layers\axolotl\layer.py,202,1,,,0,0,0
yowsup,C:\Users\Zhifei Chen\Desktop\pysmell\subjects_for_metrics\yowsup\yowsup\layers\axolotl\layer.py,285,1,,,0,0,0
yowsup,C:\Users\Zhifei Chen\Desktop\pysmell\subjects_for_metrics\yowsup\yowsup\layers\axolotl\layer.py,287,1,,,0,0,0
yowsup,C:\Users\Zhifei Chen\Desktop\pysmell\subjects_for_metrics\yowsup\yowsup\layers\axolotl\layer.py,300,1,,,0,0,0
yowsup,C:\Users\Zhifei Chen\Desktop\pysmell\subjects_for_metrics\yowsup\yowsup\layers\axolotl\layer.py,300,1,,,0,0,0
yowsup,C:\Users\Zhifei Chen\Desktop\pysmell\subjects_for_metrics\yowsup\yowsup\layers\axolotl\layer.py,303,1,,,0,0,0
yowsup,C:\Users\Zhifei Chen\Desktop\pysmell\subjects_for_metrics\yowsup\yowsup\layers\axolotl\layer.py,306,1,,,0,0,0
yowsup,C:\Users\Zhifei Chen\Desktop\pysmell\subjects_for_metrics\yowsup\yowsup\layers\axolotl\layer.py,349,1,,,0,0,0
yowsup,C:\Users\Zhifei Chen\Desktop\pysmell\subjects_for_metrics\yowsup\yowsup\layers\axolotl\layer.py,376,1,,,0,0,0
yowsup,C:\Users\Zhifei Chen\Desktop\pysmell\subjects_for_metrics\yowsup\yowsup\layers\axolotl\layer.py,378,1,,,0,0,0
yowsup,C:\Users\Zhifei Chen\Desktop\pysmell\subjects_for_metrics\yowsup\yowsup\layers\axolotl\layer.py,379,1,,,0,0,0
yowsup,C:\Users\Zhifei Chen\Desktop\pysmell\subjects_for_metrics\yowsup\yowsup\layers\axolotl\protocolentities\iq_keys_get_result.py,51,1,,,0,0,0
yowsup,C:\Users\Zhifei Chen\Desktop\pysmell\subjects_for_metrics\yowsup\yowsup\layers\axolotl\protocolentities\iq_keys_get_result.py,55,1,,,0,0,0
yowsup,C:\Users\Zhifei Chen\Desktop\pysmell\subjects_for_metrics\yowsup\yowsup\layers\axolotl\protocolentities\iq_keys_get_result.py,97,1,,,0,0,0
yowsup,C:\Users\Zhifei Chen\Desktop\pysmell\subjects_for_metrics\yowsup\yowsup\layers\axolotl\protocolentities\iq_keys_set.py,28,1,,,0,0,0
yowsup,C:\Users\Zhifei Chen\Desktop\pysmell\subjects_for_metrics\yowsup\yowsup\layers\axolotl\protocolentities\message_encrypted.py,41,1,,,0,0,0
yowsup,C:\Users\Zhifei Chen\Desktop\pysmell\subjects_for_metrics\yowsup\yowsup\layers\axolotl\protocolentities\message_encrypted.py,42,1,,,0,0,0
yowsup,C:\Users\Zhifei Chen\Desktop\pysmell\subjects_for_metrics\yowsup\yowsup\layers\axolotl\protocolentities\message_encrypted.py,52,1,,,0,0,0
yowsup,C:\Users\Zhifei Chen\Desktop\pysmell\subjects_for_metrics\yowsup\yowsup\layers\axolotl\protocolentities\message_encrypted.py,52,1,,,0,0,0
yowsup,C:\Users\Zhifei Chen\Desktop\pysmell\subjects_for_metrics\yowsup\yowsup\layers\axolotl\protocolentities\notification_encrypt.py,30,1,,,0,0,0
yowsup,C:\Users\Zhifei Chen\Desktop\pysmell\subjects_for_metrics\yowsup\yowsup\layers\axolotl\protocolentities\receipt_outgoing_retry.py,52,1,,,0,0,0
yowsup,C:\Users\Zhifei Chen\Desktop\pysmell\subjects_for_metrics\yowsup\yowsup\layers\axolotl\protocolentities\receipt_outgoing_retry.py,52,1,,,0,0,0
yowsup,C:\Users\Zhifei Chen\Desktop\pysmell\subjects_for_metrics\yowsup\yowsup\layers\axolotl\protocolentities\receipt_outgoing_retry.py,52,1,,,0,0,0
yowsup,C:\Users\Zhifei Chen\Desktop\pysmell\subjects_for_metrics\yowsup\yowsup\layers\axolotl\protocolentities\test_iq_keys_get_result.py,41,1,,,0,0,0
yowsup,C:\Users\Zhifei Chen\Desktop\pysmell\subjects_for_metrics\yowsup\yowsup\layers\axolotl\store\sqlite\liteidentitykeystore.py,32,1,,,0,0,0
yowsup,C:\Users\Zhifei Chen\Desktop\pysmell\subjects_for_metrics\yowsup\yowsup\layers\axolotl\store\sqlite\liteidentitykeystore.py,39,1,,,0,0,0
yowsup,C:\Users\Zhifei Chen\Desktop\pysmell\subjects_for_metrics\yowsup\yowsup\layers\axolotl\store\sqlite\liteidentitykeystore.py,68,1,,,0,0,0
yowsup,C:\Users\Zhifei Chen\Desktop\pysmell\subjects_for_metrics\yowsup\yowsup\layers\axolotl\store\sqlite\liteprekeystore.py,22,1,,,0,0,0
yowsup,C:\Users\Zhifei Chen\Desktop\pysmell\subjects_for_metrics\yowsup\yowsup\layers\axolotl\store\sqlite\liteprekeystore.py,30,1,,,0,0,0
yowsup,C:\Users\Zhifei Chen\Desktop\pysmell\subjects_for_metrics\yowsup\yowsup\layers\axolotl\store\sqlite\litesessionstore.py,20,1,,,0,0,0
yowsup,C:\Users\Zhifei Chen\Desktop\pysmell\subjects_for_metrics\yowsup\yowsup\layers\axolotl\store\sqlite\litesessionstore.py,30,1,,,0,0,0
yowsup,C:\Users\Zhifei Chen\Desktop\pysmell\subjects_for_metrics\yowsup\yowsup\layers\axolotl\store\sqlite\litesignedprekeystore.py,24,1,,,0,0,0
yowsup,C:\Users\Zhifei Chen\Desktop\pysmell\subjects_for_metrics\yowsup\yowsup\layers\axolotl\store\sqlite\litesignedprekeystore.py,34,1,,,0,0,0
yowsup,C:\Users\Zhifei Chen\Desktop\pysmell\subjects_for_metrics\yowsup\yowsup\layers\coder\decoder.py,48,1,,,0,0,0
yowsup,C:\Users\Zhifei Chen\Desktop\pysmell\subjects_for_metrics\yowsup\yowsup\layers\coder\decoder.py,104,1,,,0,0,0
yowsup,C:\Users\Zhifei Chen\Desktop\pysmell\subjects_for_metrics\yowsup\yowsup\layers\coder\test_encoder.py,16,,2,1,0,0,0
yowsup,C:\Users\Zhifei Chen\Desktop\pysmell\subjects_for_metrics\yowsup\yowsup\layers\coder\tokendictionary.py,481,1,,,0,0,0
yowsup,C:\Users\Zhifei Chen\Desktop\pysmell\subjects_for_metrics\yowsup\yowsup\layers\interface\interface.py,26,1,,,0,0,0
yowsup,C:\Users\Zhifei Chen\Desktop\pysmell\subjects_for_metrics\yowsup\yowsup\layers\interface\interface.py,27,1,,,0,0,0
yowsup,C:\Users\Zhifei Chen\Desktop\pysmell\subjects_for_metrics\yowsup\yowsup\layers\interface\interface.py,28,1,,,0,0,0
yowsup,C:\Users\Zhifei Chen\Desktop\pysmell\subjects_for_metrics\yowsup\yowsup\layers\interface\interface.py,29,1,,,0,0,0
yowsup,C:\Users\Zhifei Chen\Desktop\pysmell\subjects_for_metrics\yowsup\yowsup\layers\interface\interface.py,33,1,,,0,0,0
yowsup,C:\Users\Zhifei Chen\Desktop\pysmell\subjects_for_metrics\yowsup\yowsup\layers\interface\interface.py,70,1,,,0,0,0
yowsup,C:\Users\Zhifei Chen\Desktop\pysmell\subjects_for_metrics\yowsup\yowsup\layers\interface\interface.py,71,1,,,0,0,0
yowsup,C:\Users\Zhifei Chen\Desktop\pysmell\subjects_for_metrics\yowsup\yowsup\layers\interface\interface.py,98,1,,,0,0,0
yowsup,C:\Users\Zhifei Chen\Desktop\pysmell\subjects_for_metrics\yowsup\yowsup\layers\protocol_acks\layer.py,5,,2,1,0,0,0
yowsup,C:\Users\Zhifei Chen\Desktop\pysmell\subjects_for_metrics\yowsup\yowsup\layers\protocol_calls\layer.py,8,,2,1,0,0,0
yowsup,C:\Users\Zhifei Chen\Desktop\pysmell\subjects_for_metrics\yowsup\yowsup\layers\protocol_calls\layer.py,23,1,,,0,0,0
yowsup,C:\Users\Zhifei Chen\Desktop\pysmell\subjects_for_metrics\yowsup\yowsup\layers\protocol_calls\layer.py,23,1,,,0,0,0
yowsup,C:\Users\Zhifei Chen\Desktop\pysmell\subjects_for_metrics\yowsup\yowsup\layers\protocol_calls\layer.py,26,1,,,0,0,0
yowsup,C:\Users\Zhifei Chen\Desktop\pysmell\subjects_for_metrics\yowsup\yowsup\layers\protocol_calls\layer.py,26,1,,,0,0,0
yowsup,C:\Users\Zhifei Chen\Desktop\pysmell\subjects_for_metrics\yowsup\yowsup\layers\protocol_calls\protocolentities\call.py,34,1,,,0,0,0
yowsup,C:\Users\Zhifei Chen\Desktop\pysmell\subjects_for_metrics\yowsup\yowsup\layers\protocol_calls\protocolentities\call.py,59,1,,,0,0,0
yowsup,C:\Users\Zhifei Chen\Desktop\pysmell\subjects_for_metrics\yowsup\yowsup\layers\protocol_calls\protocolentities\call.py,61,1,,,0,0,0
yowsup,C:\Users\Zhifei Chen\Desktop\pysmell\subjects_for_metrics\yowsup\yowsup\layers\protocol_calls\protocolentities\call.py,63,1,,,0,0,0
yowsup,C:\Users\Zhifei Chen\Desktop\pysmell\subjects_for_metrics\yowsup\yowsup\layers\protocol_calls\protocolentities\call.py,65,1,,,0,0,0
yowsup,C:\Users\Zhifei Chen\Desktop\pysmell\subjects_for_metrics\yowsup\yowsup\layers\protocol_calls\protocolentities\call.py,67,1,,,0,0,0
yowsup,C:\Users\Zhifei Chen\Desktop\pysmell\subjects_for_metrics\yowsup\yowsup\layers\protocol_chatstate\layer.py,5,,2,1,0,0,0
yowsup,C:\Users\Zhifei Chen\Desktop\pysmell\subjects_for_metrics\yowsup\yowsup\layers\protocol_chatstate\protocolentities\chatstate.py,43,1,,,0,0,0
yowsup,C:\Users\Zhifei Chen\Desktop\pysmell\subjects_for_metrics\yowsup\yowsup\layers\protocol_contacts\layer.py,6,,2,1,0,0,0
yowsup,C:\Users\Zhifei Chen\Desktop\pysmell\subjects_for_metrics\yowsup\yowsup\layers\protocol_contacts\layer.py,16,1,,,0,0,0
yowsup,C:\Users\Zhifei Chen\Desktop\pysmell\subjects_for_metrics\yowsup\yowsup\layers\protocol_contacts\layer.py,29,1,,,0,0,0
yowsup,C:\Users\Zhifei Chen\Desktop\pysmell\subjects_for_metrics\yowsup\yowsup\layers\protocol_contacts\protocolentities\iq_sync_result.py,89,1,,,0,0,0
yowsup,C:\Users\Zhifei Chen\Desktop\pysmell\subjects_for_metrics\yowsup\yowsup\layers\protocol_contacts\protocolentities\iq_sync_result.py,93,1,,,0,0,0
yowsup,C:\Users\Zhifei Chen\Desktop\pysmell\subjects_for_metrics\yowsup\yowsup\layers\protocol_contacts\protocolentities\test_iq_sync_result.py,15,1,,,0,0,0
yowsup,C:\Users\Zhifei Chen\Desktop\pysmell\subjects_for_metrics\yowsup\yowsup\layers\protocol_groups\layer.py,23,,2,1,0,0,0
yowsup,C:\Users\Zhifei Chen\Desktop\pysmell\subjects_for_metrics\yowsup\yowsup\layers\protocol_groups\layer.py,118,1,,,0,0,0
yowsup,C:\Users\Zhifei Chen\Desktop\pysmell\subjects_for_metrics\yowsup\yowsup\layers\protocol_groups\protocolentities\iq_groups_create.py,43,1,,,0,0,0
yowsup,C:\Users\Zhifei Chen\Desktop\pysmell\subjects_for_metrics\yowsup\yowsup\layers\protocol_groups\protocolentities\iq_groups_participants_add.py,23,1,,,0,0,0
yowsup,C:\Users\Zhifei Chen\Desktop\pysmell\subjects_for_metrics\yowsup\yowsup\layers\protocol_groups\protocolentities\iq_groups_participants_add_success.py,42,1,,,0,0,0
yowsup,C:\Users\Zhifei Chen\Desktop\pysmell\subjects_for_metrics\yowsup\yowsup\layers\protocol_groups\protocolentities\iq_groups_participants_add_success.py,43,1,,,0,0,0
yowsup,C:\Users\Zhifei Chen\Desktop\pysmell\subjects_for_metrics\yowsup\yowsup\layers\protocol_groups\protocolentities\iq_groups_participants_demote.py,23,1,,,0,0,0
yowsup,C:\Users\Zhifei Chen\Desktop\pysmell\subjects_for_metrics\yowsup\yowsup\layers\protocol_groups\protocolentities\iq_groups_participants_promote.py,23,1,,,0,0,0
yowsup,C:\Users\Zhifei Chen\Desktop\pysmell\subjects_for_metrics\yowsup\yowsup\layers\protocol_groups\protocolentities\iq_groups_participants_remove.py,23,1,,,0,0,0
yowsup,C:\Users\Zhifei Chen\Desktop\pysmell\subjects_for_metrics\yowsup\yowsup\layers\protocol_groups\protocolentities\iq_groups_participants_remove_success.py,42,1,,,0,0,0
yowsup,C:\Users\Zhifei Chen\Desktop\pysmell\subjects_for_metrics\yowsup\yowsup\layers\protocol_groups\protocolentities\iq_groups_participants_remove_success.py,43,1,,,0,0,0
yowsup,C:\Users\Zhifei Chen\Desktop\pysmell\subjects_for_metrics\yowsup\yowsup\layers\protocol_groups\protocolentities\iq_result_groups_info.py,51,1,,,0,0,0
yowsup,C:\Users\Zhifei Chen\Desktop\pysmell\subjects_for_metrics\yowsup\yowsup\layers\protocol_groups\protocolentities\iq_result_groups_info.py,57,1,,,0,0,0
yowsup,C:\Users\Zhifei Chen\Desktop\pysmell\subjects_for_metrics\yowsup\yowsup\layers\protocol_groups\protocolentities\iq_result_groups_info.py,63,1,,,0,0,0
yowsup,C:\Users\Zhifei Chen\Desktop\pysmell\subjects_for_metrics\yowsup\yowsup\layers\protocol_groups\protocolentities\iq_result_groups_info.py,92,1,,,0,0,0
yowsup,C:\Users\Zhifei Chen\Desktop\pysmell\subjects_for_metrics\yowsup\yowsup\layers\protocol_groups\protocolentities\iq_result_groups_info.py,105,1,,,0,0,0
yowsup,C:\Users\Zhifei Chen\Desktop\pysmell\subjects_for_metrics\yowsup\yowsup\layers\protocol_groups\protocolentities\iq_result_groups_info.py,105,1,,,0,0,0
yowsup,C:\Users\Zhifei Chen\Desktop\pysmell\subjects_for_metrics\yowsup\yowsup\layers\protocol_groups\protocolentities\iq_result_groups_info.py,105,1,,,0,0,0
yowsup,C:\Users\Zhifei Chen\Desktop\pysmell\subjects_for_metrics\yowsup\yowsup\layers\protocol_groups\protocolentities\iq_result_groups_info.py,108,1,,,0,0,0
yowsup,C:\Users\Zhifei Chen\Desktop\pysmell\subjects_for_metrics\yowsup\yowsup\layers\protocol_groups\protocolentities\iq_result_groups_info.py,108,1,,,0,0,0
yowsup,C:\Users\Zhifei Chen\Desktop\pysmell\subjects_for_metrics\yowsup\yowsup\layers\protocol_groups\protocolentities\iq_result_groups_info.py,109,1,,,0,0,0
yowsup,C:\Users\Zhifei Chen\Desktop\pysmell\subjects_for_metrics\yowsup\yowsup\layers\protocol_groups\protocolentities\iq_result_groups_info.py,109,1,,,0,0,0
yowsup,C:\Users\Zhifei Chen\Desktop\pysmell\subjects_for_metrics\yowsup\yowsup\layers\protocol_groups\protocolentities\iq_result_groups_info.py,109,1,,,0,0,0
yowsup,C:\Users\Zhifei Chen\Desktop\pysmell\subjects_for_metrics\yowsup\yowsup\layers\protocol_groups\protocolentities\iq_result_groups_info.py,109,1,,,0,0,0
yowsup,C:\Users\Zhifei Chen\Desktop\pysmell\subjects_for_metrics\yowsup\yowsup\layers\protocol_groups\protocolentities\iq_result_groups_info.py,110,1,,,0,0,0
yowsup,C:\Users\Zhifei Chen\Desktop\pysmell\subjects_for_metrics\yowsup\yowsup\layers\protocol_groups\protocolentities\iq_result_groups_info.py,110,1,,,0,0,0
yowsup,C:\Users\Zhifei Chen\Desktop\pysmell\subjects_for_metrics\yowsup\yowsup\layers\protocol_groups\protocolentities\iq_result_groups_list.py,37,1,,,0,0,0
yowsup,C:\Users\Zhifei Chen\Desktop\pysmell\subjects_for_metrics\yowsup\yowsup\layers\protocol_groups\protocolentities\iq_result_groups_list.py,60,1,,,0,0,0
yowsup,C:\Users\Zhifei Chen\Desktop\pysmell\subjects_for_metrics\yowsup\yowsup\layers\protocol_groups\protocolentities\iq_result_groups_list.py,76,1,,,0,0,0
yowsup,C:\Users\Zhifei Chen\Desktop\pysmell\subjects_for_metrics\yowsup\yowsup\layers\protocol_groups\protocolentities\iq_result_groups_list.py,76,1,,,0,0,0
yowsup,C:\Users\Zhifei Chen\Desktop\pysmell\subjects_for_metrics\yowsup\yowsup\layers\protocol_groups\protocolentities\iq_result_groups_list.py,76,1,,,0,0,0
yowsup,C:\Users\Zhifei Chen\Desktop\pysmell\subjects_for_metrics\yowsup\yowsup\layers\protocol_groups\protocolentities\iq_result_groups_list.py,78,1,,,0,0,0
yowsup,C:\Users\Zhifei Chen\Desktop\pysmell\subjects_for_metrics\yowsup\yowsup\layers\protocol_groups\protocolentities\iq_result_groups_list.py,78,1,,,0,0,0
yowsup,C:\Users\Zhifei Chen\Desktop\pysmell\subjects_for_metrics\yowsup\yowsup\layers\protocol_groups\protocolentities\iq_result_groups_list.py,78,1,,,0,0,0
yowsup,C:\Users\Zhifei Chen\Desktop\pysmell\subjects_for_metrics\yowsup\yowsup\layers\protocol_groups\protocolentities\iq_result_groups_list.py,78,1,,,0,0,0
yowsup,C:\Users\Zhifei Chen\Desktop\pysmell\subjects_for_metrics\yowsup\yowsup\layers\protocol_groups\protocolentities\iq_result_groups_list.py,78,1,,,0,0,0
yowsup,C:\Users\Zhifei Chen\Desktop\pysmell\subjects_for_metrics\yowsup\yowsup\layers\protocol_groups\protocolentities\iq_result_groups_list.py,78,1,,,0,0,0
yowsup,C:\Users\Zhifei Chen\Desktop\pysmell\subjects_for_metrics\yowsup\yowsup\layers\protocol_groups\protocolentities\notification_groups.py,21,1,,,0,0,0
yowsup,C:\Users\Zhifei Chen\Desktop\pysmell\subjects_for_metrics\yowsup\yowsup\layers\protocol_groups\protocolentities\notification_groups_add.py,46,1,,,0,0,0
yowsup,C:\Users\Zhifei Chen\Desktop\pysmell\subjects_for_metrics\yowsup\yowsup\layers\protocol_groups\protocolentities\notification_groups_add.py,49,1,,,0,0,0
yowsup,C:\Users\Zhifei Chen\Desktop\pysmell\subjects_for_metrics\yowsup\yowsup\layers\protocol_groups\protocolentities\notification_groups_add.py,49,1,,,0,0,0
yowsup,C:\Users\Zhifei Chen\Desktop\pysmell\subjects_for_metrics\yowsup\yowsup\layers\protocol_groups\protocolentities\notification_groups_add.py,49,1,,,0,0,0
yowsup,C:\Users\Zhifei Chen\Desktop\pysmell\subjects_for_metrics\yowsup\yowsup\layers\protocol_groups\protocolentities\notification_groups_add.py,49,1,,,0,0,0
yowsup,C:\Users\Zhifei Chen\Desktop\pysmell\subjects_for_metrics\yowsup\yowsup\layers\protocol_groups\protocolentities\notification_groups_add.py,49,1,,,0,0,0
yowsup,C:\Users\Zhifei Chen\Desktop\pysmell\subjects_for_metrics\yowsup\yowsup\layers\protocol_groups\protocolentities\notification_groups_add.py,49,1,,,0,0,0
yowsup,C:\Users\Zhifei Chen\Desktop\pysmell\subjects_for_metrics\yowsup\yowsup\layers\protocol_groups\protocolentities\notification_groups_create.py,55,1,,,0,0,0
yowsup,C:\Users\Zhifei Chen\Desktop\pysmell\subjects_for_metrics\yowsup\yowsup\layers\protocol_groups\protocolentities\notification_groups_create.py,61,1,,,0,0,0
yowsup,C:\Users\Zhifei Chen\Desktop\pysmell\subjects_for_metrics\yowsup\yowsup\layers\protocol_groups\protocolentities\notification_groups_create.py,69,1,,,0,0,0
yowsup,C:\Users\Zhifei Chen\Desktop\pysmell\subjects_for_metrics\yowsup\yowsup\layers\protocol_groups\protocolentities\notification_groups_create.py,98,1,,,0,0,0
yowsup,C:\Users\Zhifei Chen\Desktop\pysmell\subjects_for_metrics\yowsup\yowsup\layers\protocol_groups\protocolentities\notification_groups_create.py,113,1,,,0,0,0
yowsup,C:\Users\Zhifei Chen\Desktop\pysmell\subjects_for_metrics\yowsup\yowsup\layers\protocol_groups\protocolentities\notification_groups_create.py,113,1,,,0,0,0
yowsup,C:\Users\Zhifei Chen\Desktop\pysmell\subjects_for_metrics\yowsup\yowsup\layers\protocol_groups\protocolentities\notification_groups_create.py,113,1,,,0,0,0
yowsup,C:\Users\Zhifei Chen\Desktop\pysmell\subjects_for_metrics\yowsup\yowsup\layers\protocol_groups\protocolentities\notification_groups_create.py,116,1,,,0,0,0
yowsup,C:\Users\Zhifei Chen\Desktop\pysmell\subjects_for_metrics\yowsup\yowsup\layers\protocol_groups\protocolentities\notification_groups_create.py,116,1,,,0,0,0
yowsup,C:\Users\Zhifei Chen\Desktop\pysmell\subjects_for_metrics\yowsup\yowsup\layers\protocol_groups\protocolentities\notification_groups_create.py,116,1,,,0,0,0
yowsup,C:\Users\Zhifei Chen\Desktop\pysmell\subjects_for_metrics\yowsup\yowsup\layers\protocol_groups\protocolentities\notification_groups_create.py,116,1,,,0,0,0
yowsup,C:\Users\Zhifei Chen\Desktop\pysmell\subjects_for_metrics\yowsup\yowsup\layers\protocol_groups\protocolentities\notification_groups_create.py,116,1,,,0,0,0
yowsup,C:\Users\Zhifei Chen\Desktop\pysmell\subjects_for_metrics\yowsup\yowsup\layers\protocol_groups\protocolentities\notification_groups_create.py,116,1,,,0,0,0
yowsup,C:\Users\Zhifei Chen\Desktop\pysmell\subjects_for_metrics\yowsup\yowsup\layers\protocol_groups\protocolentities\notification_groups_create.py,117,1,,,0,0,0
yowsup,C:\Users\Zhifei Chen\Desktop\pysmell\subjects_for_metrics\yowsup\yowsup\layers\protocol_groups\protocolentities\notification_groups_create.py,117,1,,,0,0,0
yowsup,C:\Users\Zhifei Chen\Desktop\pysmell\subjects_for_metrics\yowsup\yowsup\layers\protocol_groups\protocolentities\notification_groups_create.py,117,1,,,0,0,0
yowsup,C:\Users\Zhifei Chen\Desktop\pysmell\subjects_for_metrics\yowsup\yowsup\layers\protocol_groups\protocolentities\notification_groups_create.py,117,1,,,0,0,0
yowsup,C:\Users\Zhifei Chen\Desktop\pysmell\subjects_for_metrics\yowsup\yowsup\layers\protocol_groups\protocolentities\notification_groups_create.py,117,1,,,0,0,0
yowsup,C:\Users\Zhifei Chen\Desktop\pysmell\subjects_for_metrics\yowsup\yowsup\layers\protocol_groups\protocolentities\notification_groups_create.py,118,1,,,0,0,0
yowsup,C:\Users\Zhifei Chen\Desktop\pysmell\subjects_for_metrics\yowsup\yowsup\layers\protocol_groups\protocolentities\notification_groups_create.py,118,1,,,0,0,0
yowsup,C:\Users\Zhifei Chen\Desktop\pysmell\subjects_for_metrics\yowsup\yowsup\layers\protocol_groups\protocolentities\notification_groups_remove.py,52,1,,,0,0,0
yowsup,C:\Users\Zhifei Chen\Desktop\pysmell\subjects_for_metrics\yowsup\yowsup\layers\protocol_groups\protocolentities\notification_groups_remove.py,52,1,,,0,0,0
yowsup,C:\Users\Zhifei Chen\Desktop\pysmell\subjects_for_metrics\yowsup\yowsup\layers\protocol_groups\protocolentities\notification_groups_remove.py,52,1,,,0,0,0
yowsup,C:\Users\Zhifei Chen\Desktop\pysmell\subjects_for_metrics\yowsup\yowsup\layers\protocol_groups\protocolentities\notification_groups_remove.py,55,1,,,0,0,0
yowsup,C:\Users\Zhifei Chen\Desktop\pysmell\subjects_for_metrics\yowsup\yowsup\layers\protocol_groups\protocolentities\notification_groups_remove.py,55,1,,,0,0,0
yowsup,C:\Users\Zhifei Chen\Desktop\pysmell\subjects_for_metrics\yowsup\yowsup\layers\protocol_groups\protocolentities\notification_groups_remove.py,55,1,,,0,0,0
yowsup,C:\Users\Zhifei Chen\Desktop\pysmell\subjects_for_metrics\yowsup\yowsup\layers\protocol_groups\protocolentities\notification_groups_remove.py,55,1,,,0,0,0
yowsup,C:\Users\Zhifei Chen\Desktop\pysmell\subjects_for_metrics\yowsup\yowsup\layers\protocol_groups\protocolentities\notification_groups_remove.py,55,1,,,0,0,0
yowsup,C:\Users\Zhifei Chen\Desktop\pysmell\subjects_for_metrics\yowsup\yowsup\layers\protocol_groups\protocolentities\notification_groups_remove.py,55,1,,,0,0,0
yowsup,C:\Users\Zhifei Chen\Desktop\pysmell\subjects_for_metrics\yowsup\yowsup\layers\protocol_groups\protocolentities\notification_groups_remove.py,56,1,,,0,0,0
yowsup,C:\Users\Zhifei Chen\Desktop\pysmell\subjects_for_metrics\yowsup\yowsup\layers\protocol_groups\protocolentities\notification_groups_subject.py,28,1,,,0,0,0
yowsup,C:\Users\Zhifei Chen\Desktop\pysmell\subjects_for_metrics\yowsup\yowsup\layers\protocol_groups\protocolentities\notification_groups_subject.py,54,1,,,0,0,0
yowsup,C:\Users\Zhifei Chen\Desktop\pysmell\subjects_for_metrics\yowsup\yowsup\layers\protocol_groups\protocolentities\notification_groups_subject.py,54,1,,,0,0,0
yowsup,C:\Users\Zhifei Chen\Desktop\pysmell\subjects_for_metrics\yowsup\yowsup\layers\protocol_groups\protocolentities\notification_groups_subject.py,54,1,,,0,0,0
yowsup,C:\Users\Zhifei Chen\Desktop\pysmell\subjects_for_metrics\yowsup\yowsup\layers\protocol_ib\layer.py,6,,2,1,0,0,0
yowsup,C:\Users\Zhifei Chen\Desktop\pysmell\subjects_for_metrics\yowsup\yowsup\layers\protocol_ib\protocolentities\account_ib.py,52,1,,,0,0,0
yowsup,C:\Users\Zhifei Chen\Desktop\pysmell\subjects_for_metrics\yowsup\yowsup\layers\protocol_ib\protocolentities\account_ib.py,53,1,,,0,0,0
yowsup,C:\Users\Zhifei Chen\Desktop\pysmell\subjects_for_metrics\yowsup\yowsup\layers\protocol_ib\protocolentities\account_ib.py,54,1,,,0,0,0
yowsup,C:\Users\Zhifei Chen\Desktop\pysmell\subjects_for_metrics\yowsup\yowsup\layers\protocol_ib\protocolentities\account_ib.py,55,1,,,0,0,0
yowsup,C:\Users\Zhifei Chen\Desktop\pysmell\subjects_for_metrics\yowsup\yowsup\layers\protocol_ib\protocolentities\dirty_ib.py,21,1,,,0,0,0
yowsup,C:\Users\Zhifei Chen\Desktop\pysmell\subjects_for_metrics\yowsup\yowsup\layers\protocol_ib\protocolentities\dirty_ib.py,22,1,,,0,0,0
yowsup,C:\Users\Zhifei Chen\Desktop\pysmell\subjects_for_metrics\yowsup\yowsup\layers\protocol_ib\protocolentities\dirty_ib.py,37,1,,,0,0,0
yowsup,C:\Users\Zhifei Chen\Desktop\pysmell\subjects_for_metrics\yowsup\yowsup\layers\protocol_ib\protocolentities\dirty_ib.py,37,1,,,0,0,0
yowsup,C:\Users\Zhifei Chen\Desktop\pysmell\subjects_for_metrics\yowsup\yowsup\layers\protocol_ib\protocolentities\offline_ib.py,32,1,,,0,0,0
yowsup,C:\Users\Zhifei Chen\Desktop\pysmell\subjects_for_metrics\yowsup\yowsup\layers\protocol_ib\protocolentities\test_dirty_ib.py,9,1,,,0,0,0
yowsup,C:\Users\Zhifei Chen\Desktop\pysmell\subjects_for_metrics\yowsup\yowsup\layers\protocol_ib\protocolentities\test_dirty_ib.py,10,1,,,0,0,0
yowsup,C:\Users\Zhifei Chen\Desktop\pysmell\subjects_for_metrics\yowsup\yowsup\layers\protocol_iq\layer.py,16,,2,1,0,0,0
yowsup,C:\Users\Zhifei Chen\Desktop\pysmell\subjects_for_metrics\yowsup\yowsup\layers\protocol_iq\layer.py,39,1,,,0,0,0
yowsup,C:\Users\Zhifei Chen\Desktop\pysmell\subjects_for_metrics\yowsup\yowsup\layers\protocol_iq\layer.py,40,1,,,0,0,0
yowsup,C:\Users\Zhifei Chen\Desktop\pysmell\subjects_for_metrics\yowsup\yowsup\layers\protocol_iq\layer.py,51,1,,,0,0,0
yowsup,C:\Users\Zhifei Chen\Desktop\pysmell\subjects_for_metrics\yowsup\yowsup\layers\protocol_iq\protocolentities\iq.py,36,1,,,0,0,0
yowsup,C:\Users\Zhifei Chen\Desktop\pysmell\subjects_for_metrics\yowsup\yowsup\layers\protocol_iq\protocolentities\iq.py,48,1,,,0,0,0
yowsup,C:\Users\Zhifei Chen\Desktop\pysmell\subjects_for_metrics\yowsup\yowsup\layers\protocol_iq\protocolentities\iq.py,51,1,,,0,0,0
yowsup,C:\Users\Zhifei Chen\Desktop\pysmell\subjects_for_metrics\yowsup\yowsup\layers\protocol_iq\protocolentities\iq.py,53,1,,,0,0,0
yowsup,C:\Users\Zhifei Chen\Desktop\pysmell\subjects_for_metrics\yowsup\yowsup\layers\protocol_media\layer.py,15,,2,1,0,0,0
yowsup,C:\Users\Zhifei Chen\Desktop\pysmell\subjects_for_metrics\yowsup\yowsup\layers\protocol_media\mediauploader.py,44,1,,,0,0,0
yowsup,C:\Users\Zhifei Chen\Desktop\pysmell\subjects_for_metrics\yowsup\yowsup\layers\protocol_media\protocolentities\iq_requestupload.py,63,1,,,0,0,0
yowsup,C:\Users\Zhifei Chen\Desktop\pysmell\subjects_for_metrics\yowsup\yowsup\layers\protocol_media\protocolentities\iq_requestupload_result.py,39,1,,,0,0,0
yowsup,C:\Users\Zhifei Chen\Desktop\pysmell\subjects_for_metrics\yowsup\yowsup\layers\protocol_media\protocolentities\iq_requestupload_result.py,42,1,,,0,0,0
yowsup,C:\Users\Zhifei Chen\Desktop\pysmell\subjects_for_metrics\yowsup\yowsup\layers\protocol_media\protocolentities\iq_requestupload_result.py,55,1,,,0,0,0
yowsup,C:\Users\Zhifei Chen\Desktop\pysmell\subjects_for_metrics\yowsup\yowsup\layers\protocol_media\protocolentities\iq_requestupload_result.py,55,1,,,0,0,0
yowsup,C:\Users\Zhifei Chen\Desktop\pysmell\subjects_for_metrics\yowsup\yowsup\layers\protocol_media\protocolentities\iq_requestupload_result.py,55,1,,,0,0,0
yowsup,C:\Users\Zhifei Chen\Desktop\pysmell\subjects_for_metrics\yowsup\yowsup\layers\protocol_media\protocolentities\iq_requestupload_result.py,59,1,,,0,0,0
yowsup,C:\Users\Zhifei Chen\Desktop\pysmell\subjects_for_metrics\yowsup\yowsup\layers\protocol_media\protocolentities\iq_requestupload_result.py,59,1,,,0,0,0
yowsup,C:\Users\Zhifei Chen\Desktop\pysmell\subjects_for_metrics\yowsup\yowsup\layers\protocol_media\protocolentities\message_media_downloadable.py,86,1,,,0,0,0
yowsup,C:\Users\Zhifei Chen\Desktop\pysmell\subjects_for_metrics\yowsup\yowsup\layers\protocol_media\protocolentities\message_media_vcard.py,58,1,,,0,0,0
yowsup,C:\Users\Zhifei Chen\Desktop\pysmell\subjects_for_metrics\yowsup\yowsup\layers\protocol_media\protocolentities\message_media_vcard.py,69,1,,,0,0,0
yowsup,C:\Users\Zhifei Chen\Desktop\pysmell\subjects_for_metrics\yowsup\yowsup\layers\protocol_media\protocolentities\test_message_media_location.py,9,1,,,0,0,0
yowsup,C:\Users\Zhifei Chen\Desktop\pysmell\subjects_for_metrics\yowsup\yowsup\layers\protocol_media\protocolentities\test_message_media_location.py,10,1,,,0,0,0
yowsup,C:\Users\Zhifei Chen\Desktop\pysmell\subjects_for_metrics\yowsup\yowsup\layers\protocol_media\protocolentities\test_message_media_location.py,11,1,,,0,0,0
yowsup,C:\Users\Zhifei Chen\Desktop\pysmell\subjects_for_metrics\yowsup\yowsup\layers\protocol_media\protocolentities\test_message_media_location.py,12,1,,,0,0,0
yowsup,C:\Users\Zhifei Chen\Desktop\pysmell\subjects_for_metrics\yowsup\yowsup\layers\protocol_media\protocolentities\test_message_media_vcard.py,10,1,,,0,0,0
yowsup,C:\Users\Zhifei Chen\Desktop\pysmell\subjects_for_metrics\yowsup\yowsup\layers\protocol_messages\layer.py,5,,2,1,0,0,0
yowsup,C:\Users\Zhifei Chen\Desktop\pysmell\subjects_for_metrics\yowsup\yowsup\layers\protocol_messages\protocolentities\message.py,38,1,,,0,0,0
yowsup,C:\Users\Zhifei Chen\Desktop\pysmell\subjects_for_metrics\yowsup\yowsup\layers\protocol_messages\protocolentities\message.py,44,1,,,0,0,0
yowsup,C:\Users\Zhifei Chen\Desktop\pysmell\subjects_for_metrics\yowsup\yowsup\layers\protocol_messages\protocolentities\message.py,47,1,,,0,0,0
yowsup,C:\Users\Zhifei Chen\Desktop\pysmell\subjects_for_metrics\yowsup\yowsup\layers\protocol_messages\protocolentities\message.py,59,1,,,0,0,0
yowsup,C:\Users\Zhifei Chen\Desktop\pysmell\subjects_for_metrics\yowsup\yowsup\layers\protocol_messages\protocolentities\message.py,61,1,,,0,0,0
yowsup,C:\Users\Zhifei Chen\Desktop\pysmell\subjects_for_metrics\yowsup\yowsup\layers\protocol_messages\protocolentities\message.py,63,1,,,0,0,0
yowsup,C:\Users\Zhifei Chen\Desktop\pysmell\subjects_for_metrics\yowsup\yowsup\layers\protocol_messages\protocolentities\message.py,66,1,,,0,0,0
yowsup,C:\Users\Zhifei Chen\Desktop\pysmell\subjects_for_metrics\yowsup\yowsup\layers\protocol_messages\protocolentities\message.py,68,1,,,0,0,0
yowsup,C:\Users\Zhifei Chen\Desktop\pysmell\subjects_for_metrics\yowsup\yowsup\layers\protocol_messages\protocolentities\message.py,70,1,,,0,0,0
yowsup,C:\Users\Zhifei Chen\Desktop\pysmell\subjects_for_metrics\yowsup\yowsup\layers\protocol_messages\protocolentities\message.py,72,1,,,0,0,0
yowsup,C:\Users\Zhifei Chen\Desktop\pysmell\subjects_for_metrics\yowsup\yowsup\layers\protocol_notifications\layer.py,7,,2,1,0,0,0
yowsup,C:\Users\Zhifei Chen\Desktop\pysmell\subjects_for_metrics\yowsup\yowsup\layers\protocol_notifications\layer.py,20,1,,,0,0,0
yowsup,C:\Users\Zhifei Chen\Desktop\pysmell\subjects_for_metrics\yowsup\yowsup\layers\protocol_notifications\layer.py,27,1,,,0,0,0
yowsup,C:\Users\Zhifei Chen\Desktop\pysmell\subjects_for_metrics\yowsup\yowsup\layers\protocol_notifications\layer.py,29,1,,,0,0,0
yowsup,C:\Users\Zhifei Chen\Desktop\pysmell\subjects_for_metrics\yowsup\yowsup\layers\protocol_notifications\layer.py,32,1,,,0,0,0
yowsup,C:\Users\Zhifei Chen\Desktop\pysmell\subjects_for_metrics\yowsup\yowsup\layers\protocol_notifications\layer.py,35,1,,,0,0,0
yowsup,C:\Users\Zhifei Chen\Desktop\pysmell\subjects_for_metrics\yowsup\yowsup\layers\protocol_notifications\layer.py,37,1,,,0,0,0
yowsup,C:\Users\Zhifei Chen\Desktop\pysmell\subjects_for_metrics\yowsup\yowsup\layers\protocol_notifications\layer.py,43,1,,,0,0,0
yowsup,C:\Users\Zhifei Chen\Desktop\pysmell\subjects_for_metrics\yowsup\yowsup\layers\protocol_notifications\layer.py,43,1,,,0,0,0
yowsup,C:\Users\Zhifei Chen\Desktop\pysmell\subjects_for_metrics\yowsup\yowsup\layers\protocol_notifications\layer.py,43,1,,,0,0,0
yowsup,C:\Users\Zhifei Chen\Desktop\pysmell\subjects_for_metrics\yowsup\yowsup\layers\protocol_notifications\protocolentities\notification.py,29,1,,,0,0,0
yowsup,C:\Users\Zhifei Chen\Desktop\pysmell\subjects_for_metrics\yowsup\yowsup\layers\protocol_presence\layer.py,6,,2,1,0,0,0
yowsup,C:\Users\Zhifei Chen\Desktop\pysmell\subjects_for_metrics\yowsup\yowsup\layers\protocol_presence\protocolentities\iq_lastseen.py,10,1,,,0,0,0
yowsup,C:\Users\Zhifei Chen\Desktop\pysmell\subjects_for_metrics\yowsup\yowsup\layers\protocol_presence\protocolentities\iq_lastseen_result.py,26,1,,,0,0,0
yowsup,C:\Users\Zhifei Chen\Desktop\pysmell\subjects_for_metrics\yowsup\yowsup\layers\protocol_presence\protocolentities\iq_lastseen_result.py,26,1,,,0,0,0
yowsup,C:\Users\Zhifei Chen\Desktop\pysmell\subjects_for_metrics\yowsup\yowsup\layers\protocol_presence\protocolentities\iq_lastseen_result.py,26,1,,,0,0,0
yowsup,C:\Users\Zhifei Chen\Desktop\pysmell\subjects_for_metrics\yowsup\yowsup\layers\protocol_presence\protocolentities\presence.py,31,1,,,0,0,0
yowsup,C:\Users\Zhifei Chen\Desktop\pysmell\subjects_for_metrics\yowsup\yowsup\layers\protocol_presence\protocolentities\presence.py,39,1,,,0,0,0
yowsup,C:\Users\Zhifei Chen\Desktop\pysmell\subjects_for_metrics\yowsup\yowsup\layers\protocol_presence\protocolentities\presence.py,41,1,,,0,0,0
yowsup,C:\Users\Zhifei Chen\Desktop\pysmell\subjects_for_metrics\yowsup\yowsup\layers\protocol_presence\protocolentities\presence.py,43,1,,,0,0,0
yowsup,C:\Users\Zhifei Chen\Desktop\pysmell\subjects_for_metrics\yowsup\yowsup\layers\protocol_presence\protocolentities\presence.py,45,1,,,0,0,0
yowsup,C:\Users\Zhifei Chen\Desktop\pysmell\subjects_for_metrics\yowsup\yowsup\layers\protocol_privacy\layer.py,5,,2,1,0,0,0
yowsup,C:\Users\Zhifei Chen\Desktop\pysmell\subjects_for_metrics\yowsup\yowsup\layers\protocol_privacy\protocolentities\privacylist_iq.py,23,1,,,0,0,0
yowsup,C:\Users\Zhifei Chen\Desktop\pysmell\subjects_for_metrics\yowsup\yowsup\layers\protocol_profiles\layer.py,6,,2,1,0,0,0
yowsup,C:\Users\Zhifei Chen\Desktop\pysmell\subjects_for_metrics\yowsup\yowsup\layers\protocol_profiles\protocolentities\iq_unregister.py,22,1,,,0,0,0
yowsup,C:\Users\Zhifei Chen\Desktop\pysmell\subjects_for_metrics\yowsup\yowsup\layers\protocol_profiles\protocolentities\iq_unregister.py,22,1,,,0,0,0
yowsup,C:\Users\Zhifei Chen\Desktop\pysmell\subjects_for_metrics\yowsup\yowsup\layers\protocol_receipts\layer.py,5,,2,1,0,0,0
yowsup,C:\Users\Zhifei Chen\Desktop\pysmell\subjects_for_metrics\yowsup\yowsup\layers\protocol_receipts\protocolentities\receipt_incoming.py,53,1,,,0,0,0
yowsup,C:\Users\Zhifei Chen\Desktop\pysmell\subjects_for_metrics\yowsup\yowsup\layers\protocol_receipts\protocolentities\receipt_incoming.py,112,1,,,0,0,0
yowsup,C:\Users\Zhifei Chen\Desktop\pysmell\subjects_for_metrics\yowsup\yowsup\layers\protocol_receipts\protocolentities\receipt_outgoing.py,31,1,,,0,0,0
yowsup,C:\Users\Zhifei Chen\Desktop\pysmell\subjects_for_metrics\yowsup\yowsup\layers\protocol_receipts\protocolentities\receipt_outgoing.py,81,1,,,0,0,0
yowsup,C:\Users\Zhifei Chen\Desktop\pysmell\subjects_for_metrics\yowsup\yowsup\layers\protocol_receipts\protocolentities\receipt_outgoing.py,83,1,,,0,0,0
yowsup,C:\Users\Zhifei Chen\Desktop\pysmell\subjects_for_metrics\yowsup\yowsup\layers\protocol_receipts\protocolentities\receipt_outgoing.py,87,1,,,0,0,0
yowsup,C:\Users\Zhifei Chen\Desktop\pysmell\subjects_for_metrics\yowsup\yowsup\layers\protocol_receipts\protocolentities\receipt_outgoing.py,88,1,,,0,0,0
yowsup,C:\Users\Zhifei Chen\Desktop\pysmell\subjects_for_metrics\yowsup\yowsup\layers\protocol_receipts\protocolentities\receipt_outgoing.py,89,1,,,0,0,0
yowsup,C:\Users\Zhifei Chen\Desktop\pysmell\subjects_for_metrics\yowsup\yowsup\layers\stanzaregulator\layer.py,34,1,,,0,0,0
yowsup,C:\Users\Zhifei Chen\Desktop\pysmell\subjects_for_metrics\yowsup\yowsup\layers\stanzaregulator\layer.py,35,1,,,0,0,0
yowsup,C:\Users\Zhifei Chen\Desktop\pysmell\subjects_for_metrics\yowsup\yowsup\layers\stanzaregulator\layer.py,37,1,,,0,0,0
yowsup,C:\Users\Zhifei Chen\Desktop\pysmell\subjects_for_metrics\yowsup\yowsup\layers\stanzaregulator\layer.py,39,1,,,0,0,0
yowsup,C:\Users\Zhifei Chen\Desktop\pysmell\subjects_for_metrics\yowsup\yowsup\layers\stanzaregulator\layer.py,39,1,,,0,0,0
yowsup,C:\Users\Zhifei Chen\Desktop\pysmell\subjects_for_metrics\yowsup\yowsup\layers\stanzaregulator\layer.py,45,1,,,0,0,0
yowsup,C:\Users\Zhifei Chen\Desktop\pysmell\subjects_for_metrics\yowsup\yowsup\layers\stanzaregulator\layer.py,46,1,,,0,0,0
yowsup,C:\Users\Zhifei Chen\Desktop\pysmell\subjects_for_metrics\yowsup\yowsup\registration\coderequest.py,40,1,,,0,0,0
yowsup,C:\Users\Zhifei Chen\Desktop\pysmell\subjects_for_metrics\yowsup\yowsup\registration\coderequest.py,47,1,,,0,0,0
yowsup,C:\Users\Zhifei Chen\Desktop\pysmell\subjects_for_metrics\yowsup\yowsup\stacks\yowstack.py,48,1,,,0,0,0
yowsup,C:\Users\Zhifei Chen\Desktop\pysmell\subjects_for_metrics\yowsup\yowsup\stacks\yowstack.py,60,1,,,0,0,0
yowsup,C:\Users\Zhifei Chen\Desktop\pysmell\subjects_for_metrics\yowsup\yowsup\stacks\yowstack.py,98,1,,,0,0,0
yowsup,C:\Users\Zhifei Chen\Desktop\pysmell\subjects_for_metrics\yowsup\yowsup\stacks\yowstack.py,128,1,,,0,0,0
yowsup,C:\Users\Zhifei Chen\Desktop\pysmell\subjects_for_metrics\yowsup\yowsup\stacks\yowstack.py,132,1,,,0,0,0
yowsup,C:\Users\Zhifei Chen\Desktop\pysmell\subjects_for_metrics\yowsup\yowsup\stacks\yowstack.py,149,1,,,0,0,0
yowsup,C:\Users\Zhifei Chen\Desktop\pysmell\subjects_for_metrics\yowsup\yowsup\stacks\yowstack.py,152,1,,,0,0,0
yowsup,C:\Users\Zhifei Chen\Desktop\pysmell\subjects_for_metrics\yowsup\yowsup\stacks\yowstack.py,161,1,,,0,0,0
yowsup,C:\Users\Zhifei Chen\Desktop\pysmell\subjects_for_metrics\yowsup\yowsup\stacks\yowstack.py,161,1,,,0,0,0
yowsup,C:\Users\Zhifei Chen\Desktop\pysmell\subjects_for_metrics\yowsup\yowsup\stacks\yowstack.py,162,1,,,0,0,0
yowsup,C:\Users\Zhifei Chen\Desktop\pysmell\subjects_for_metrics\yowsup\yowsup\stacks\yowstack.py,166,1,,,0,0,0
yowsup,C:\Users\Zhifei Chen\Desktop\pysmell\subjects_for_metrics\yowsup\yowsup\stacks\yowstack.py,169,1,,,0,0,0
yowsup,C:\Users\Zhifei Chen\Desktop\pysmell\subjects_for_metrics\yowsup\yowsup\stacks\yowstack.py,172,1,,,0,0,0
yowsup,C:\Users\Zhifei Chen\Desktop\pysmell\subjects_for_metrics\yowsup\yowsup\stacks\yowstack.py,173,1,,,0,0,0
yowsup,C:\Users\Zhifei Chen\Desktop\pysmell\subjects_for_metrics\yowsup\yowsup\stacks\yowstack.py,176,1,,,0,0,0
yowsup,C:\Users\Zhifei Chen\Desktop\pysmell\subjects_for_metrics\yowsup\yowsup\stacks\yowstack.py,177,1,,,0,0,0
yowsup,C:\Users\Zhifei Chen\Desktop\pysmell\subjects_for_metrics\yowsup\yowsup\stacks\yowstack.py,184,1,,,0,0,0
yowsup,C:\Users\Zhifei Chen\Desktop\pysmell\subjects_for_metrics\yowsup\yowsup\stacks\yowstack.py,185,1,,,0,0,0
yowsup,C:\Users\Zhifei Chen\Desktop\pysmell\subjects_for_metrics\yowsup\yowsup\stacks\yowstack.py,219,1,,,0,0,0
yowsup,C:\Users\Zhifei Chen\Desktop\pysmell\subjects_for_metrics\yowsup\yowsup\stacks\yowstack.py,220,1,,,0,0,0
yowsup,C:\Users\Zhifei Chen\Desktop\pysmell\subjects_for_metrics\yowsup\yowsup\stacks\yowstack.py,221,1,,,0,0,0
yowsup,C:\Users\Zhifei Chen\Desktop\pysmell\subjects_for_metrics\yowsup\yowsup\stacks\yowstack.py,224,1,,,0,0,0
yowsup,C:\Users\Zhifei Chen\Desktop\pysmell\subjects_for_metrics\yowsup\yowsup\structs\protocoltreenode.py,115,1,,,0,0,0
yowsup,C:\Users\Zhifei Chen\Desktop\pysmell\subjects_for_metrics\yowsup\yowsup\structs\protocoltreenode.py,143,1,,,0,0,0
yowsup,C:\Users\Zhifei Chen\Desktop\pysmell\subjects_for_metrics\yowsup\yowsup\structs\protocoltreenode.py,146,1,,,0,0,0
